{"type":"FeatureCollection","metadata":{"source":"NOAA/NCEI StormEvents details CSV","generatedAt":"2026-04-27T22:31:07.075Z","count":609,"year":1954},"features":[{"type":"Feature","geometry":{"type":"Point","coordinates":[-83.87,34.35]},"properties":{"id":"ncei-1954-10000073","year":1954,"month":3,"state":"GA","stateName":"Georgia","scale":1,"scaleLabel":"F1","lengthMiles":0.1,"deaths":0,"injuries":0}},{"type":"Feature","geometry":{"type":"Point","coordinates":[-83.23,34.12]},"properties":{"id":"ncei-1954-10000284","year":1954,"month":3,"state":"GA","stateName":"Georgia","scale":2,"scaleLabel":"F2","lengthMiles":9.8,"deaths":0,"injuries":5}},{"type":"Feature","geometry":{"type":"Point","coordinates":[-83.07,34.15]},"properties":{"id":"ncei-1954-10000285","year":1954,"month":3,"state":"GA","stateName":"Georgia","scale":2,"scaleLabel":"F2","lengthMiles":7.7,"deaths":0,"injuries":20}},{"type":"Feature","geometry":{"type":"Point","coordinates":[-84.2,34.37]},"properties":{"id":"ncei-1954-10000286","year":1954,"month":4,"state":"GA","stateName":"Georgia","scale":1,"scaleLabel":"F1","lengthMiles":4.7,"deaths":0,"injuries":0}},{"type":"Feature","geometry":{"type":"Point","coordinates":[-83.88,32.55]},"properties":{"id":"ncei-1954-10000287","year":1954,"month":4,"state":"GA","stateName":"Georgia","scale":1,"scaleLabel":"F1","lengthMiles":1.5,"deaths":0,"injuries":0}},{"type":"Feature","geometry":{"type":"Point","coordinates":[-83.2,32.2]},"properties":{"id":"ncei-1954-10000288","year":1954,"month":4,"state":"GA","stateName":"Georgia","scale":1,"scaleLabel":"F1","lengthMiles":2,"deaths":0,"injuries":0}},{"type":"Feature","geometry":{"type":"Point","coordinates":[-82.72,33.87]},"properties":{"id":"ncei-1954-10000289","year":1954,"month":6,"state":"GA","stateName":"Georgia","scale":1,"scaleLabel":"F1","lengthMiles":2,"deaths":0,"injuries":2}},{"type":"Feature","geometry":{"type":"Point","coordinates":[-83.12,34.43]},"properties":{"id":"ncei-1954-10000290","year":1954,"month":7,"state":"GA","stateName":"Georgia","scale":1,"scaleLabel":"F1","lengthMiles":0.1,"deaths":0,"injuries":0}},{"type":"Feature","geometry":{"type":"Point","coordinates":[-84.17,31.58]},"properties":{"id":"ncei-1954-10000291","year":1954,"month":7,"state":"GA","stateName":"Georgia","scale":0,"scaleLabel":"F0","lengthMiles":0.3,"deaths":0,"injuries":0}},{"type":"Feature","geometry":{"type":"Point","coordinates":[-84.08,32.87]},"properties":{"id":"ncei-1954-10000292","year":1954,"month":8,"state":"GA","stateName":"Georgia","scale":1,"scaleLabel":"F1","lengthMiles":1,"deaths":0,"injuries":0}},{"type":"Feature","geometry":{"type":"Point","coordinates":[-82,33.47]},"properties":{"id":"ncei-1954-10000293","year":1954,"month":8,"state":"GA","stateName":"Georgia","scale":1,"scaleLabel":"F1","lengthMiles":1,"deaths":0,"injuries":0}},{"type":"Feature","geometry":{"type":"Point","coordinates":[-82.35,31.77]},"properties":{"id":"ncei-1954-10000294","year":1954,"month":8,"state":"GA","stateName":"Georgia","scale":1,"scaleLabel":"F1","lengthMiles":0.5,"deaths":0,"injuries":0}},{"type":"Feature","geometry":{"type":"Point","coordinates":[-85.08,32.67]},"properties":{"id":"ncei-1954-10000295","year":1954,"month":12,"state":"GA","stateName":"Georgia","scale":3,"scaleLabel":"F3","lengthMiles":24.8,"deaths":0,"injuries":1}},{"type":"Feature","geometry":{"type":"Point","coordinates":[-84.72,32.87]},"properties":{"id":"ncei-1954-10000296","year":1954,"month":12,"state":"GA","stateName":"Georgia","scale":3,"scaleLabel":"F3","lengthMiles":6.8,"deaths":0,"injuries":2}},{"type":"Feature","geometry":{"type":"Point","coordinates":[-84.93,31.38]},"properties":{"id":"ncei-1954-10000297","year":1954,"month":12,"state":"GA","stateName":"Georgia","scale":2,"scaleLabel":"F2","lengthMiles":6.4,"deaths":0,"injuries":2}},{"type":"Feature","geometry":{"type":"Point","coordinates":[-85.08,31.93]},"properties":{"id":"ncei-1954-10000298","year":1954,"month":12,"state":"GA","stateName":"Georgia","scale":2,"scaleLabel":"F2","lengthMiles":8.2,"deaths":0,"injuries":0}},{"type":"Feature","geometry":{"type":"Point","coordinates":[-84.65,32.15]},"properties":{"id":"ncei-1954-10000299","year":1954,"month":12,"state":"GA","stateName":"Georgia","scale":2,"scaleLabel":"F2","lengthMiles":6.2,"deaths":0,"injuries":8}},{"type":"Feature","geometry":{"type":"Point","coordinates":[-84.42,32.18]},"properties":{"id":"ncei-1954-10000300","year":1954,"month":12,"state":"GA","stateName":"Georgia","scale":2,"scaleLabel":"F2","lengthMiles":4.9,"deaths":0,"injuries":4}},{"type":"Feature","geometry":{"type":"Point","coordinates":[-84.95,31.97]},"properties":{"id":"ncei-1954-10000301","year":1954,"month":12,"state":"GA","stateName":"Georgia","scale":2,"scaleLabel":"F2","lengthMiles":21.6,"deaths":1,"injuries":20}},{"type":"Feature","geometry":{"type":"Point","coordinates":[-84.75,33.7]},"properties":{"id":"ncei-1954-10000302","year":1954,"month":12,"state":"GA","stateName":"Georgia","scale":1,"scaleLabel":"F1","lengthMiles":0.2,"deaths":0,"injuries":0}},{"type":"Feature","geometry":{"type":"Point","coordinates":[-84.58,32.3]},"properties":{"id":"ncei-1954-10000303","year":1954,"month":12,"state":"GA","stateName":"Georgia","scale":2,"scaleLabel":"F2","lengthMiles":7.4,"deaths":0,"injuries":7}},{"type":"Feature","geometry":{"type":"Point","coordinates":[-85,34.08]},"properties":{"id":"ncei-1954-10000304","year":1954,"month":12,"state":"GA","stateName":"Georgia","scale":2,"scaleLabel":"F2","lengthMiles":7.1,"deaths":0,"injuries":0}},{"type":"Feature","geometry":{"type":"Point","coordinates":[-84.42,32.68]},"properties":{"id":"ncei-1954-10000305","year":1954,"month":12,"state":"GA","stateName":"Georgia","scale":1,"scaleLabel":"F1","lengthMiles":4.1,"deaths":0,"injuries":6}},{"type":"Feature","geometry":{"type":"Point","coordinates":[-84.98,33.6]},"properties":{"id":"ncei-1954-10000306","year":1954,"month":12,"state":"GA","stateName":"Georgia","scale":1,"scaleLabel":"F1","lengthMiles":4.5,"deaths":0,"injuries":0}},{"type":"Feature","geometry":{"type":"Point","coordinates":[-84.55,32.17]},"properties":{"id":"ncei-1954-10000307","year":1954,"month":12,"state":"GA","stateName":"Georgia","scale":2,"scaleLabel":"F2","lengthMiles":7.9,"deaths":0,"injuries":0}},{"type":"Feature","geometry":{"type":"Point","coordinates":[-84.33,32.18]},"properties":{"id":"ncei-1954-10000308","year":1954,"month":12,"state":"GA","stateName":"Georgia","scale":2,"scaleLabel":"F2","lengthMiles":5.2,"deaths":0,"injuries":0}},{"type":"Feature","geometry":{"type":"Point","coordinates":[-84.4,31.83]},"properties":{"id":"ncei-1954-10000309","year":1954,"month":12,"state":"GA","stateName":"Georgia","scale":2,"scaleLabel":"F2","lengthMiles":2.7,"deaths":0,"injuries":0}},{"type":"Feature","geometry":{"type":"Point","coordinates":[-84.93,31.23]},"properties":{"id":"ncei-1954-10000310","year":1954,"month":12,"state":"GA","stateName":"Georgia","scale":2,"scaleLabel":"F2","lengthMiles":2.7,"deaths":0,"injuries":0}},{"type":"Feature","geometry":{"type":"Point","coordinates":[-84.43,33.7]},"properties":{"id":"ncei-1954-10000311","year":1954,"month":12,"state":"GA","stateName":"Georgia","scale":2,"scaleLabel":"F2","lengthMiles":0.5,"deaths":1,"injuries":40}},{"type":"Feature","geometry":{"type":"Point","coordinates":[-85.02,32.35]},"properties":{"id":"ncei-1954-10001462","year":1954,"month":3,"state":"GA","stateName":"Georgia","scale":3,"scaleLabel":"F3","lengthMiles":5.1,"deaths":2,"injuries":20}},{"type":"Feature","geometry":{"type":"Point","coordinates":[-84.37,32.53]},"properties":{"id":"ncei-1954-10001463","year":1954,"month":3,"state":"GA","stateName":"Georgia","scale":3,"scaleLabel":"F3","lengthMiles":18.1,"deaths":0,"injuries":10}},{"type":"Feature","geometry":{"type":"Point","coordinates":[-84.18,32.6]},"properties":{"id":"ncei-1954-10001464","year":1954,"month":3,"state":"GA","stateName":"Georgia","scale":1,"scaleLabel":"F1","lengthMiles":3.3,"deaths":0,"injuries":0}},{"type":"Feature","geometry":{"type":"Point","coordinates":[-84.07,32.57]},"properties":{"id":"ncei-1954-10001465","year":1954,"month":3,"state":"GA","stateName":"Georgia","scale":1,"scaleLabel":"F1","lengthMiles":12.6,"deaths":0,"injuries":0}},{"type":"Feature","geometry":{"type":"Point","coordinates":[-83.87,32.63]},"properties":{"id":"ncei-1954-10001466","year":1954,"month":3,"state":"GA","stateName":"Georgia","scale":1,"scaleLabel":"F1","lengthMiles":18.5,"deaths":1,"injuries":5}},{"type":"Feature","geometry":{"type":"Point","coordinates":[-84.1,32.67]},"properties":{"id":"ncei-1954-10001467","year":1954,"month":3,"state":"GA","stateName":"Georgia","scale":3,"scaleLabel":"F3","lengthMiles":15.9,"deaths":0,"injuries":15}},{"type":"Feature","geometry":{"type":"Point","coordinates":[-83.55,32.65]},"properties":{"id":"ncei-1954-10001468","year":1954,"month":3,"state":"GA","stateName":"Georgia","scale":1,"scaleLabel":"F1","lengthMiles":3.3,"deaths":0,"injuries":0}},{"type":"Feature","geometry":{"type":"Point","coordinates":[-83.87,32.78]},"properties":{"id":"ncei-1954-10001469","year":1954,"month":3,"state":"GA","stateName":"Georgia","scale":3,"scaleLabel":"F3","lengthMiles":15.5,"deaths":5,"injuries":50}},{"type":"Feature","geometry":{"type":"Point","coordinates":[-87.37,39.32]},"properties":{"id":"ncei-1954-10004047","year":1954,"month":3,"state":"IN","stateName":"Indiana","scale":1,"scaleLabel":"F1","lengthMiles":0,"deaths":0,"injuries":0}},{"type":"Feature","geometry":{"type":"Point","coordinates":[-85.13,39.65]},"properties":{"id":"ncei-1954-10004048","year":1954,"month":3,"state":"IN","stateName":"Indiana","scale":2,"scaleLabel":"F2","lengthMiles":0,"deaths":0,"injuries":0}},{"type":"Feature","geometry":{"type":"Point","coordinates":[-86.33,40.2]},"properties":{"id":"ncei-1954-10004049","year":1954,"month":3,"state":"IN","stateName":"Indiana","scale":1,"scaleLabel":"F1","lengthMiles":0,"deaths":0,"injuries":0}},{"type":"Feature","geometry":{"type":"Point","coordinates":[-85.68,40.12]},"properties":{"id":"ncei-1954-10004050","year":1954,"month":3,"state":"IN","stateName":"Indiana","scale":2,"scaleLabel":"F2","lengthMiles":1.5,"deaths":0,"injuries":2}},{"type":"Feature","geometry":{"type":"Point","coordinates":[-87.28,38.67]},"properties":{"id":"ncei-1954-10004051","year":1954,"month":4,"state":"IN","stateName":"Indiana","scale":1,"scaleLabel":"F1","lengthMiles":0,"deaths":0,"injuries":0}},{"type":"Feature","geometry":{"type":"Point","coordinates":[-87.28,38.5]},"properties":{"id":"ncei-1954-10004052","year":1954,"month":4,"state":"IN","stateName":"Indiana","scale":1,"scaleLabel":"F1","lengthMiles":1,"deaths":0,"injuries":0}},{"type":"Feature","geometry":{"type":"Point","coordinates":[-86.85,38.23]},"properties":{"id":"ncei-1954-10004053","year":1954,"month":4,"state":"IN","stateName":"Indiana","scale":2,"scaleLabel":"F2","lengthMiles":3.3,"deaths":0,"injuries":0}},{"type":"Feature","geometry":{"type":"Point","coordinates":[-87.28,38.5]},"properties":{"id":"ncei-1954-10004054","year":1954,"month":4,"state":"IN","stateName":"Indiana","scale":1,"scaleLabel":"F1","lengthMiles":0,"deaths":0,"injuries":0}},{"type":"Feature","geometry":{"type":"Point","coordinates":[-85.28,41.43]},"properties":{"id":"ncei-1954-10004055","year":1954,"month":4,"state":"IN","stateName":"Indiana","scale":1,"scaleLabel":"F1","lengthMiles":0,"deaths":0,"injuries":0}},{"type":"Feature","geometry":{"type":"Point","coordinates":[-85.42,41.38]},"properties":{"id":"ncei-1954-10004056","year":1954,"month":4,"state":"IN","stateName":"Indiana","scale":0,"scaleLabel":"F0","lengthMiles":0.5,"deaths":0,"injuries":0}},{"type":"Feature","geometry":{"type":"Point","coordinates":[-87.4,40.92]},"properties":{"id":"ncei-1954-10004057","year":1954,"month":5,"state":"IN","stateName":"Indiana","scale":1,"scaleLabel":"F1","lengthMiles":0,"deaths":0,"injuries":0}},{"type":"Feature","geometry":{"type":"Point","coordinates":[-87.4,40.92]},"properties":{"id":"ncei-1954-10004058","year":1954,"month":5,"state":"IN","stateName":"Indiana","scale":0,"scaleLabel":"F0","lengthMiles":0,"deaths":0,"injuries":0}},{"type":"Feature","geometry":{"type":"Point","coordinates":[-86.15,39.78]},"properties":{"id":"ncei-1954-10004059","year":1954,"month":5,"state":"IN","stateName":"Indiana","scale":1,"scaleLabel":"F1","lengthMiles":0,"deaths":0,"injuries":0}},{"type":"Feature","geometry":{"type":"Point","coordinates":[-87.45,40.77]},"properties":{"id":"ncei-1954-10004060","year":1954,"month":5,"state":"IN","stateName":"Indiana","scale":1,"scaleLabel":"F1","lengthMiles":0,"deaths":0,"injuries":1}},{"type":"Feature","geometry":{"type":"Point","coordinates":[-86.03,40.87]},"properties":{"id":"ncei-1954-10004061","year":1954,"month":5,"state":"IN","stateName":"Indiana","scale":2,"scaleLabel":"F2","lengthMiles":0,"deaths":0,"injuries":0}},{"type":"Feature","geometry":{"type":"Point","coordinates":[-87.27,40.7]},"properties":{"id":"ncei-1954-10004062","year":1954,"month":6,"state":"IN","stateName":"Indiana","scale":2,"scaleLabel":"F2","lengthMiles":0,"deaths":0,"injuries":0}},{"type":"Feature","geometry":{"type":"Point","coordinates":[-87.48,41.25]},"properties":{"id":"ncei-1954-10004063","year":1954,"month":6,"state":"IN","stateName":"Indiana","scale":2,"scaleLabel":"F2","lengthMiles":0,"deaths":0,"injuries":0}},{"type":"Feature","geometry":{"type":"Point","coordinates":[-86.58,41.05]},"properties":{"id":"ncei-1954-10004064","year":1954,"month":6,"state":"IN","stateName":"Indiana","scale":1,"scaleLabel":"F1","lengthMiles":0,"deaths":0,"injuries":0}},{"type":"Feature","geometry":{"type":"Point","coordinates":[-86.23,41.23]},"properties":{"id":"ncei-1954-10004065","year":1954,"month":6,"state":"IN","stateName":"Indiana","scale":2,"scaleLabel":"F2","lengthMiles":0,"deaths":0,"injuries":0}},{"type":"Feature","geometry":{"type":"Point","coordinates":[-86.88,40.85]},"properties":{"id":"ncei-1954-10004066","year":1954,"month":6,"state":"IN","stateName":"Indiana","scale":1,"scaleLabel":"F1","lengthMiles":0,"deaths":0,"injuries":0}},{"type":"Feature","geometry":{"type":"Point","coordinates":[-85.82,41.6]},"properties":{"id":"ncei-1954-10004067","year":1954,"month":6,"state":"IN","stateName":"Indiana","scale":1,"scaleLabel":"F1","lengthMiles":0,"deaths":0,"injuries":1}},{"type":"Feature","geometry":{"type":"Point","coordinates":[-86.18,41.57]},"properties":{"id":"ncei-1954-10004068","year":1954,"month":6,"state":"IN","stateName":"Indiana","scale":2,"scaleLabel":"F2","lengthMiles":0,"deaths":0,"injuries":0}},{"type":"Feature","geometry":{"type":"Point","coordinates":[-86.13,39.78]},"properties":{"id":"ncei-1954-10004069","year":1954,"month":6,"state":"IN","stateName":"Indiana","scale":1,"scaleLabel":"F1","lengthMiles":0,"deaths":0,"injuries":0}},{"type":"Feature","geometry":{"type":"Point","coordinates":[-87.15,40.85]},"properties":{"id":"ncei-1954-10004070","year":1954,"month":6,"state":"IN","stateName":"Indiana","scale":-1,"scaleLabel":"Unknown","lengthMiles":0,"deaths":0,"injuries":0}},{"type":"Feature","geometry":{"type":"Point","coordinates":[-85.37,40.18]},"properties":{"id":"ncei-1954-10004071","year":1954,"month":6,"state":"IN","stateName":"Indiana","scale":2,"scaleLabel":"F2","lengthMiles":0,"deaths":0,"injuries":0}},{"type":"Feature","geometry":{"type":"Point","coordinates":[-87.15,41.1]},"properties":{"id":"ncei-1954-10004072","year":1954,"month":6,"state":"IN","stateName":"Indiana","scale":0,"scaleLabel":"F0","lengthMiles":0,"deaths":0,"injuries":0}},{"type":"Feature","geometry":{"type":"Point","coordinates":[-85.48,41.17]},"properties":{"id":"ncei-1954-10004073","year":1954,"month":6,"state":"IN","stateName":"Indiana","scale":1,"scaleLabel":"F1","lengthMiles":0,"deaths":0,"injuries":0}},{"type":"Feature","geometry":{"type":"Point","coordinates":[-86.63,39.52]},"properties":{"id":"ncei-1954-10004074","year":1954,"month":6,"state":"IN","stateName":"Indiana","scale":2,"scaleLabel":"F2","lengthMiles":0,"deaths":0,"injuries":0}},{"type":"Feature","geometry":{"type":"Point","coordinates":[-87.35,38.48]},"properties":{"id":"ncei-1954-10004075","year":1954,"month":7,"state":"IN","stateName":"Indiana","scale":1,"scaleLabel":"F1","lengthMiles":0,"deaths":0,"injuries":0}},{"type":"Feature","geometry":{"type":"Point","coordinates":[-86.4,39.72]},"properties":{"id":"ncei-1954-10004076","year":1954,"month":7,"state":"IN","stateName":"Indiana","scale":2,"scaleLabel":"F2","lengthMiles":0,"deaths":0,"injuries":0}},{"type":"Feature","geometry":{"type":"Point","coordinates":[-86.47,38.55]},"properties":{"id":"ncei-1954-10004925","year":1954,"month":8,"state":"IN","stateName":"Indiana","scale":2,"scaleLabel":"F2","lengthMiles":0,"deaths":0,"injuries":0}},{"type":"Feature","geometry":{"type":"Point","coordinates":[-86.12,39.45]},"properties":{"id":"ncei-1954-10004926","year":1954,"month":10,"state":"IN","stateName":"Indiana","scale":3,"scaleLabel":"F3","lengthMiles":4.7,"deaths":2,"injuries":0}},{"type":"Feature","geometry":{"type":"Point","coordinates":[-89.92,39.88]},"properties":{"id":"ncei-1954-10009735","year":1954,"month":3,"state":"IL","stateName":"Illinois","scale":1,"scaleLabel":"F1","lengthMiles":19.7,"deaths":0,"injuries":0}},{"type":"Feature","geometry":{"type":"Point","coordinates":[-89.57,39.98]},"properties":{"id":"ncei-1954-10009736","year":1954,"month":3,"state":"IL","stateName":"Illinois","scale":1,"scaleLabel":"F1","lengthMiles":18.9,"deaths":0,"injuries":3}},{"type":"Feature","geometry":{"type":"Point","coordinates":[-88.42,40.88]},"properties":{"id":"ncei-1954-10009737","year":1954,"month":4,"state":"IL","stateName":"Illinois","scale":3,"scaleLabel":"F3","lengthMiles":13,"deaths":0,"injuries":0}},{"type":"Feature","geometry":{"type":"Point","coordinates":[-88.22,41]},"properties":{"id":"ncei-1954-10010593","year":1954,"month":4,"state":"IL","stateName":"Illinois","scale":3,"scaleLabel":"F3","lengthMiles":29.6,"deaths":1,"injuries":13}},{"type":"Feature","geometry":{"type":"Point","coordinates":[-112.72,43.5]},"properties":{"id":"ncei-1954-10010647","year":1954,"month":4,"state":"ID","stateName":"Idaho","scale":-1,"scaleLabel":"Unknown","lengthMiles":0,"deaths":0,"injuries":0}},{"type":"Feature","geometry":{"type":"Point","coordinates":[-112.73,43.5]},"properties":{"id":"ncei-1954-10010648","year":1954,"month":6,"state":"ID","stateName":"Idaho","scale":-1,"scaleLabel":"Unknown","lengthMiles":0,"deaths":0,"injuries":0}},{"type":"Feature","geometry":{"type":"Point","coordinates":[-111.2,43.87]},"properties":{"id":"ncei-1954-10010649","year":1954,"month":6,"state":"ID","stateName":"Idaho","scale":-1,"scaleLabel":"Unknown","lengthMiles":0.3,"deaths":0,"injuries":0}},{"type":"Feature","geometry":{"type":"Point","coordinates":[-88.33,41.77]},"properties":{"id":"ncei-1954-10010807","year":1954,"month":5,"state":"IL","stateName":"Illinois","scale":2,"scaleLabel":"F2","lengthMiles":7.9,"deaths":0,"injuries":0}},{"type":"Feature","geometry":{"type":"Point","coordinates":[-89.32,40.77]},"properties":{"id":"ncei-1954-10010808","year":1954,"month":5,"state":"IL","stateName":"Illinois","scale":1,"scaleLabel":"F1","lengthMiles":0.1,"deaths":0,"injuries":0}},{"type":"Feature","geometry":{"type":"Point","coordinates":[-88.1,40.67]},"properties":{"id":"ncei-1954-10010809","year":1954,"month":5,"state":"IL","stateName":"Illinois","scale":2,"scaleLabel":"F2","lengthMiles":24.2,"deaths":0,"injuries":2}},{"type":"Feature","geometry":{"type":"Point","coordinates":[-89.22,38.87]},"properties":{"id":"ncei-1954-10010810","year":1954,"month":7,"state":"IL","stateName":"Illinois","scale":2,"scaleLabel":"F2","lengthMiles":26.1,"deaths":0,"injuries":1}},{"type":"Feature","geometry":{"type":"Point","coordinates":[-87.67,41.57]},"properties":{"id":"ncei-1954-10010811","year":1954,"month":10,"state":"IL","stateName":"Illinois","scale":1,"scaleLabel":"F1","lengthMiles":1.5,"deaths":0,"injuries":0}},{"type":"Feature","geometry":{"type":"Point","coordinates":[-91.67,42.17]},"properties":{"id":"ncei-1954-10015654","year":1954,"month":5,"state":"IA","stateName":"Iowa","scale":2,"scaleLabel":"F2","lengthMiles":0,"deaths":0,"injuries":0}},{"type":"Feature","geometry":{"type":"Point","coordinates":[-96.08,42.82]},"properties":{"id":"ncei-1954-10015655","year":1954,"month":5,"state":"IA","stateName":"Iowa","scale":2,"scaleLabel":"F2","lengthMiles":2.3,"deaths":0,"injuries":0}},{"type":"Feature","geometry":{"type":"Point","coordinates":[-94.72,42.28]},"properties":{"id":"ncei-1954-10015656","year":1954,"month":6,"state":"IA","stateName":"Iowa","scale":4,"scaleLabel":"F4","lengthMiles":9.9,"deaths":1,"injuries":0}},{"type":"Feature","geometry":{"type":"Point","coordinates":[-96.3,43.28]},"properties":{"id":"ncei-1954-10015657","year":1954,"month":6,"state":"IA","stateName":"Iowa","scale":2,"scaleLabel":"F2","lengthMiles":2.3,"deaths":0,"injuries":0}},{"type":"Feature","geometry":{"type":"Point","coordinates":[-95.32,43.15]},"properties":{"id":"ncei-1954-10015658","year":1954,"month":8,"state":"IA","stateName":"Iowa","scale":1,"scaleLabel":"F1","lengthMiles":2.5,"deaths":0,"injuries":0}},{"type":"Feature","geometry":{"type":"Point","coordinates":[-94.53,42.03]},"properties":{"id":"ncei-1954-10017056","year":1954,"month":4,"state":"IA","stateName":"Iowa","scale":2,"scaleLabel":"F2","lengthMiles":5.1,"deaths":0,"injuries":1}},{"type":"Feature","geometry":{"type":"Point","coordinates":[-95.32,40.58]},"properties":{"id":"ncei-1954-10017057","year":1954,"month":4,"state":"IA","stateName":"Iowa","scale":4,"scaleLabel":"F4","lengthMiles":3.3,"deaths":0,"injuries":2}},{"type":"Feature","geometry":{"type":"Point","coordinates":[-95.23,40.6]},"properties":{"id":"ncei-1954-10017058","year":1954,"month":4,"state":"IA","stateName":"Iowa","scale":3,"scaleLabel":"F3","lengthMiles":5.2,"deaths":0,"injuries":0}},{"type":"Feature","geometry":{"type":"Point","coordinates":[-94.88,40.67]},"properties":{"id":"ncei-1954-10017059","year":1954,"month":4,"state":"IA","stateName":"Iowa","scale":2,"scaleLabel":"F2","lengthMiles":11.5,"deaths":0,"injuries":0}},{"type":"Feature","geometry":{"type":"Point","coordinates":[-94.73,40.68]},"properties":{"id":"ncei-1954-10017060","year":1954,"month":4,"state":"IA","stateName":"Iowa","scale":1,"scaleLabel":"F1","lengthMiles":0,"deaths":0,"injuries":0}},{"type":"Feature","geometry":{"type":"Point","coordinates":[-95.3,43.05]},"properties":{"id":"ncei-1954-10017061","year":1954,"month":4,"state":"IA","stateName":"Iowa","scale":2,"scaleLabel":"F2","lengthMiles":8.4,"deaths":0,"injuries":0}},{"type":"Feature","geometry":{"type":"Point","coordinates":[-90.88,41.75]},"properties":{"id":"ncei-1954-10017062","year":1954,"month":4,"state":"IA","stateName":"Iowa","scale":1,"scaleLabel":"F1","lengthMiles":0,"deaths":0,"injuries":0}},{"type":"Feature","geometry":{"type":"Point","coordinates":[-91.5,40.67]},"properties":{"id":"ncei-1954-10017063","year":1954,"month":4,"state":"IA","stateName":"Iowa","scale":2,"scaleLabel":"F2","lengthMiles":9.9,"deaths":0,"injuries":1}},{"type":"Feature","geometry":{"type":"Point","coordinates":[-91.42,40.8]},"properties":{"id":"ncei-1954-10017064","year":1954,"month":4,"state":"IA","stateName":"Iowa","scale":2,"scaleLabel":"F2","lengthMiles":75.3,"deaths":0,"injuries":0}},{"type":"Feature","geometry":{"type":"Point","coordinates":[-92,41.67]},"properties":{"id":"ncei-1954-10017065","year":1954,"month":4,"state":"IA","stateName":"Iowa","scale":2,"scaleLabel":"F2","lengthMiles":65.8,"deaths":0,"injuries":0}},{"type":"Feature","geometry":{"type":"Point","coordinates":[-91.75,42.1]},"properties":{"id":"ncei-1954-10017066","year":1954,"month":4,"state":"IA","stateName":"Iowa","scale":4,"scaleLabel":"F4","lengthMiles":80.4,"deaths":0,"injuries":0}},{"type":"Feature","geometry":{"type":"Point","coordinates":[-91.2,42.22]},"properties":{"id":"ncei-1954-10017067","year":1954,"month":4,"state":"IA","stateName":"Iowa","scale":2,"scaleLabel":"F2","lengthMiles":16.6,"deaths":0,"injuries":0}},{"type":"Feature","geometry":{"type":"Point","coordinates":[-91.63,42.63]},"properties":{"id":"ncei-1954-10020175","year":1954,"month":4,"state":"IA","stateName":"Iowa","scale":2,"scaleLabel":"F2","lengthMiles":1,"deaths":0,"injuries":0}},{"type":"Feature","geometry":{"type":"Point","coordinates":[-92.8,43.28]},"properties":{"id":"ncei-1954-10020176","year":1954,"month":5,"state":"IA","stateName":"Iowa","scale":2,"scaleLabel":"F2","lengthMiles":0,"deaths":0,"injuries":0}},{"type":"Feature","geometry":{"type":"Point","coordinates":[-98.68,39.45]},"properties":{"id":"ncei-1954-10026254","year":1954,"month":3,"state":"KS","stateName":"Kansas","scale":2,"scaleLabel":"F2","lengthMiles":0,"deaths":0,"injuries":0}},{"type":"Feature","geometry":{"type":"Point","coordinates":[-95.47,39.58]},"properties":{"id":"ncei-1954-10026255","year":1954,"month":3,"state":"KS","stateName":"Kansas","scale":1,"scaleLabel":"F1","lengthMiles":0,"deaths":0,"injuries":0}},{"type":"Feature","geometry":{"type":"Point","coordinates":[-97.6,37.43]},"properties":{"id":"ncei-1954-10026256","year":1954,"month":3,"state":"KS","stateName":"Kansas","scale":1,"scaleLabel":"F1","lengthMiles":0,"deaths":0,"injuries":0}},{"type":"Feature","geometry":{"type":"Point","coordinates":[-97.3,38.48]},"properties":{"id":"ncei-1954-10026469","year":1954,"month":3,"state":"KS","stateName":"Kansas","scale":0,"scaleLabel":"F0","lengthMiles":0,"deaths":0,"injuries":0}},{"type":"Feature","geometry":{"type":"Point","coordinates":[-96.97,38.8]},"properties":{"id":"ncei-1954-10026470","year":1954,"month":3,"state":"KS","stateName":"Kansas","scale":1,"scaleLabel":"F1","lengthMiles":0,"deaths":0,"injuries":0}},{"type":"Feature","geometry":{"type":"Point","coordinates":[-96.92,39.03]},"properties":{"id":"ncei-1954-10026471","year":1954,"month":3,"state":"KS","stateName":"Kansas","scale":1,"scaleLabel":"F1","lengthMiles":2,"deaths":0,"injuries":0}},{"type":"Feature","geometry":{"type":"Point","coordinates":[-96.55,38.37]},"properties":{"id":"ncei-1954-10026472","year":1954,"month":3,"state":"KS","stateName":"Kansas","scale":1,"scaleLabel":"F1","lengthMiles":0,"deaths":0,"injuries":0}},{"type":"Feature","geometry":{"type":"Point","coordinates":[-96.77,39.38]},"properties":{"id":"ncei-1954-10026473","year":1954,"month":3,"state":"KS","stateName":"Kansas","scale":1,"scaleLabel":"F1","lengthMiles":0.3,"deaths":0,"injuries":0}},{"type":"Feature","geometry":{"type":"Point","coordinates":[-95.52,39.67]},"properties":{"id":"ncei-1954-10026474","year":1954,"month":3,"state":"KS","stateName":"Kansas","scale":2,"scaleLabel":"F2","lengthMiles":0,"deaths":0,"injuries":0}},{"type":"Feature","geometry":{"type":"Point","coordinates":[-96.2,38.62]},"properties":{"id":"ncei-1954-10026475","year":1954,"month":3,"state":"KS","stateName":"Kansas","scale":1,"scaleLabel":"F1","lengthMiles":2,"deaths":0,"injuries":0}},{"type":"Feature","geometry":{"type":"Point","coordinates":[-96.12,38.75]},"properties":{"id":"ncei-1954-10026476","year":1954,"month":3,"state":"KS","stateName":"Kansas","scale":2,"scaleLabel":"F2","lengthMiles":0,"deaths":0,"injuries":0}},{"type":"Feature","geometry":{"type":"Point","coordinates":[-95.97,38.68]},"properties":{"id":"ncei-1954-10026477","year":1954,"month":3,"state":"KS","stateName":"Kansas","scale":1,"scaleLabel":"F1","lengthMiles":0,"deaths":0,"injuries":0}},{"type":"Feature","geometry":{"type":"Point","coordinates":[-95.7,38.9]},"properties":{"id":"ncei-1954-10026478","year":1954,"month":3,"state":"KS","stateName":"Kansas","scale":1,"scaleLabel":"F1","lengthMiles":0,"deaths":0,"injuries":0}},{"type":"Feature","geometry":{"type":"Point","coordinates":[-95.52,39.85]},"properties":{"id":"ncei-1954-10026479","year":1954,"month":3,"state":"KS","stateName":"Kansas","scale":-1,"scaleLabel":"Unknown","lengthMiles":2.5,"deaths":0,"injuries":0}},{"type":"Feature","geometry":{"type":"Point","coordinates":[-95.55,38.78]},"properties":{"id":"ncei-1954-10026480","year":1954,"month":3,"state":"KS","stateName":"Kansas","scale":2,"scaleLabel":"F2","lengthMiles":0,"deaths":0,"injuries":0}},{"type":"Feature","geometry":{"type":"Point","coordinates":[-95.27,39.27]},"properties":{"id":"ncei-1954-10026481","year":1954,"month":3,"state":"KS","stateName":"Kansas","scale":1,"scaleLabel":"F1","lengthMiles":0,"deaths":0,"injuries":0}},{"type":"Feature","geometry":{"type":"Point","coordinates":[-95.05,38.73]},"properties":{"id":"ncei-1954-10026482","year":1954,"month":3,"state":"KS","stateName":"Kansas","scale":2,"scaleLabel":"F2","lengthMiles":0,"deaths":0,"injuries":0}},{"type":"Feature","geometry":{"type":"Point","coordinates":[-95.52,37.72]},"properties":{"id":"ncei-1954-10026483","year":1954,"month":3,"state":"KS","stateName":"Kansas","scale":2,"scaleLabel":"F2","lengthMiles":22.2,"deaths":0,"injuries":0}},{"type":"Feature","geometry":{"type":"Point","coordinates":[-95.62,37.2]},"properties":{"id":"ncei-1954-10026484","year":1954,"month":3,"state":"KS","stateName":"Kansas","scale":1,"scaleLabel":"F1","lengthMiles":2,"deaths":0,"injuries":0}},{"type":"Feature","geometry":{"type":"Point","coordinates":[-94.83,37.17]},"properties":{"id":"ncei-1954-10026485","year":1954,"month":3,"state":"KS","stateName":"Kansas","scale":1,"scaleLabel":"F1","lengthMiles":0,"deaths":0,"injuries":0}},{"type":"Feature","geometry":{"type":"Point","coordinates":[-96.92,39.18]},"properties":{"id":"ncei-1954-10026486","year":1954,"month":4,"state":"KS","stateName":"Kansas","scale":2,"scaleLabel":"F2","lengthMiles":10.4,"deaths":0,"injuries":0}},{"type":"Feature","geometry":{"type":"Point","coordinates":[-95.95,39.37]},"properties":{"id":"ncei-1954-10026487","year":1954,"month":4,"state":"KS","stateName":"Kansas","scale":1,"scaleLabel":"F1","lengthMiles":3.3,"deaths":0,"injuries":0}},{"type":"Feature","geometry":{"type":"Point","coordinates":[-95.52,38.33]},"properties":{"id":"ncei-1954-10026488","year":1954,"month":4,"state":"KS","stateName":"Kansas","scale":2,"scaleLabel":"F2","lengthMiles":0,"deaths":0,"injuries":0}},{"type":"Feature","geometry":{"type":"Point","coordinates":[-98.42,38.62]},"properties":{"id":"ncei-1954-10026489","year":1954,"month":4,"state":"KS","stateName":"Kansas","scale":2,"scaleLabel":"F2","lengthMiles":0,"deaths":0,"injuries":0}},{"type":"Feature","geometry":{"type":"Point","coordinates":[-100.1,39.05]},"properties":{"id":"ncei-1954-10026490","year":1954,"month":4,"state":"KS","stateName":"Kansas","scale":2,"scaleLabel":"F2","lengthMiles":0,"deaths":0,"injuries":0}},{"type":"Feature","geometry":{"type":"Point","coordinates":[-95.98,38.07]},"properties":{"id":"ncei-1954-10026491","year":1954,"month":4,"state":"KS","stateName":"Kansas","scale":2,"scaleLabel":"F2","lengthMiles":1,"deaths":0,"injuries":0}},{"type":"Feature","geometry":{"type":"Point","coordinates":[-97.37,37.83]},"properties":{"id":"ncei-1954-10026492","year":1954,"month":4,"state":"KS","stateName":"Kansas","scale":0,"scaleLabel":"F0","lengthMiles":0,"deaths":0,"injuries":0}},{"type":"Feature","geometry":{"type":"Point","coordinates":[-95.7,37.3]},"properties":{"id":"ncei-1954-10026493","year":1954,"month":4,"state":"KS","stateName":"Kansas","scale":0,"scaleLabel":"F0","lengthMiles":0.8,"deaths":0,"injuries":0}},{"type":"Feature","geometry":{"type":"Point","coordinates":[-98,38.08]},"properties":{"id":"ncei-1954-10026494","year":1954,"month":5,"state":"KS","stateName":"Kansas","scale":2,"scaleLabel":"F2","lengthMiles":0.3,"deaths":0,"injuries":0}},{"type":"Feature","geometry":{"type":"Point","coordinates":[-95.67,37.22]},"properties":{"id":"ncei-1954-10026495","year":1954,"month":5,"state":"KS","stateName":"Kansas","scale":2,"scaleLabel":"F2","lengthMiles":5.6,"deaths":0,"injuries":0}},{"type":"Feature","geometry":{"type":"Point","coordinates":[-95.23,37.13]},"properties":{"id":"ncei-1954-10026496","year":1954,"month":5,"state":"KS","stateName":"Kansas","scale":2,"scaleLabel":"F2","lengthMiles":5.1,"deaths":0,"injuries":0}},{"type":"Feature","geometry":{"type":"Point","coordinates":[-101.77,37.98]},"properties":{"id":"ncei-1954-10026497","year":1954,"month":5,"state":"KS","stateName":"Kansas","scale":2,"scaleLabel":"F2","lengthMiles":0.5,"deaths":0,"injuries":0}},{"type":"Feature","geometry":{"type":"Point","coordinates":[-95.38,38.18]},"properties":{"id":"ncei-1954-10026498","year":1954,"month":5,"state":"KS","stateName":"Kansas","scale":0,"scaleLabel":"F0","lengthMiles":0,"deaths":0,"injuries":0}},{"type":"Feature","geometry":{"type":"Point","coordinates":[-95.52,37.5]},"properties":{"id":"ncei-1954-10026499","year":1954,"month":5,"state":"KS","stateName":"Kansas","scale":2,"scaleLabel":"F2","lengthMiles":48.6,"deaths":0,"injuries":0}},{"type":"Feature","geometry":{"type":"Point","coordinates":[-95.52,37.5]},"properties":{"id":"ncei-1954-10026500","year":1954,"month":5,"state":"KS","stateName":"Kansas","scale":2,"scaleLabel":"F2","lengthMiles":48.6,"deaths":0,"injuries":0}},{"type":"Feature","geometry":{"type":"Point","coordinates":[-94.72,38.88]},"properties":{"id":"ncei-1954-10026501","year":1954,"month":5,"state":"KS","stateName":"Kansas","scale":2,"scaleLabel":"F2","lengthMiles":2,"deaths":0,"injuries":0}},{"type":"Feature","geometry":{"type":"Point","coordinates":[-99.73,37.63]},"properties":{"id":"ncei-1954-10026502","year":1954,"month":6,"state":"KS","stateName":"Kansas","scale":1,"scaleLabel":"F1","lengthMiles":0.5,"deaths":0,"injuries":0}},{"type":"Feature","geometry":{"type":"Point","coordinates":[-100.87,37.48]},"properties":{"id":"ncei-1954-10026503","year":1954,"month":6,"state":"KS","stateName":"Kansas","scale":1,"scaleLabel":"F1","lengthMiles":15.8,"deaths":0,"injuries":0}},{"type":"Feature","geometry":{"type":"Point","coordinates":[-101.27,38.13]},"properties":{"id":"ncei-1954-10026504","year":1954,"month":6,"state":"KS","stateName":"Kansas","scale":2,"scaleLabel":"F2","lengthMiles":0,"deaths":0,"injuries":0}},{"type":"Feature","geometry":{"type":"Point","coordinates":[-100.3,38.1]},"properties":{"id":"ncei-1954-10026505","year":1954,"month":6,"state":"KS","stateName":"Kansas","scale":2,"scaleLabel":"F2","lengthMiles":7,"deaths":0,"injuries":0}},{"type":"Feature","geometry":{"type":"Point","coordinates":[-100.02,39.07]},"properties":{"id":"ncei-1954-10026506","year":1954,"month":6,"state":"KS","stateName":"Kansas","scale":-1,"scaleLabel":"Unknown","lengthMiles":0,"deaths":0,"injuries":0}},{"type":"Feature","geometry":{"type":"Point","coordinates":[-96.32,38.62]},"properties":{"id":"ncei-1954-10026507","year":1954,"month":6,"state":"KS","stateName":"Kansas","scale":-1,"scaleLabel":"Unknown","lengthMiles":0,"deaths":0,"injuries":0}},{"type":"Feature","geometry":{"type":"Point","coordinates":[-99.08,38.22]},"properties":{"id":"ncei-1954-10026508","year":1954,"month":6,"state":"KS","stateName":"Kansas","scale":-1,"scaleLabel":"Unknown","lengthMiles":0,"deaths":0,"injuries":0}},{"type":"Feature","geometry":{"type":"Point","coordinates":[-98.55,37.25]},"properties":{"id":"ncei-1954-10026509","year":1954,"month":6,"state":"KS","stateName":"Kansas","scale":0,"scaleLabel":"F0","lengthMiles":2,"deaths":0,"injuries":0}},{"type":"Feature","geometry":{"type":"Point","coordinates":[-98.58,38.87]},"properties":{"id":"ncei-1954-10026510","year":1954,"month":6,"state":"KS","stateName":"Kansas","scale":0,"scaleLabel":"F0","lengthMiles":5.4,"deaths":0,"injuries":0}},{"type":"Feature","geometry":{"type":"Point","coordinates":[-97.98,37.13]},"properties":{"id":"ncei-1954-10026511","year":1954,"month":6,"state":"KS","stateName":"Kansas","scale":0,"scaleLabel":"F0","lengthMiles":4.5,"deaths":0,"injuries":0}},{"type":"Feature","geometry":{"type":"Point","coordinates":[-98.47,38.57]},"properties":{"id":"ncei-1954-10026512","year":1954,"month":6,"state":"KS","stateName":"Kansas","scale":-1,"scaleLabel":"Unknown","lengthMiles":0,"deaths":0,"injuries":0}},{"type":"Feature","geometry":{"type":"Point","coordinates":[-98.23,38.72]},"properties":{"id":"ncei-1954-10026513","year":1954,"month":6,"state":"KS","stateName":"Kansas","scale":-1,"scaleLabel":"Unknown","lengthMiles":0,"deaths":0,"injuries":0}},{"type":"Feature","geometry":{"type":"Point","coordinates":[-97.75,39.37]},"properties":{"id":"ncei-1954-10026514","year":1954,"month":6,"state":"KS","stateName":"Kansas","scale":1,"scaleLabel":"F1","lengthMiles":3,"deaths":0,"injuries":0}},{"type":"Feature","geometry":{"type":"Point","coordinates":[-94.82,38.87]},"properties":{"id":"ncei-1954-10026515","year":1954,"month":6,"state":"KS","stateName":"Kansas","scale":0,"scaleLabel":"F0","lengthMiles":1,"deaths":0,"injuries":0}},{"type":"Feature","geometry":{"type":"Point","coordinates":[-97.67,38.68]},"properties":{"id":"ncei-1954-10026516","year":1954,"month":7,"state":"KS","stateName":"Kansas","scale":0,"scaleLabel":"F0","lengthMiles":0,"deaths":0,"injuries":0}},{"type":"Feature","geometry":{"type":"Point","coordinates":[-95.53,38.15]},"properties":{"id":"ncei-1954-10026517","year":1954,"month":7,"state":"KS","stateName":"Kansas","scale":-1,"scaleLabel":"Unknown","lengthMiles":0,"deaths":0,"injuries":0}},{"type":"Feature","geometry":{"type":"Point","coordinates":[-97.22,38.35]},"properties":{"id":"ncei-1954-10026518","year":1954,"month":7,"state":"KS","stateName":"Kansas","scale":1,"scaleLabel":"F1","lengthMiles":0,"deaths":0,"injuries":0}},{"type":"Feature","geometry":{"type":"Point","coordinates":[-95.18,37.08]},"properties":{"id":"ncei-1954-10026519","year":1954,"month":7,"state":"KS","stateName":"Kansas","scale":2,"scaleLabel":"F2","lengthMiles":11.2,"deaths":0,"injuries":0}},{"type":"Feature","geometry":{"type":"Point","coordinates":[-97.12,38.17]},"properties":{"id":"ncei-1954-10026520","year":1954,"month":8,"state":"KS","stateName":"Kansas","scale":2,"scaleLabel":"F2","lengthMiles":19.6,"deaths":0,"injuries":0}},{"type":"Feature","geometry":{"type":"Point","coordinates":[-99.32,37.62]},"properties":{"id":"ncei-1954-10026521","year":1954,"month":8,"state":"KS","stateName":"Kansas","scale":-1,"scaleLabel":"Unknown","lengthMiles":73,"deaths":0,"injuries":0}},{"type":"Feature","geometry":{"type":"Point","coordinates":[-97.95,38.05]},"properties":{"id":"ncei-1954-10026522","year":1954,"month":8,"state":"KS","stateName":"Kansas","scale":2,"scaleLabel":"F2","lengthMiles":0,"deaths":0,"injuries":0}},{"type":"Feature","geometry":{"type":"Point","coordinates":[-95.37,38.52]},"properties":{"id":"ncei-1954-10026523","year":1954,"month":8,"state":"KS","stateName":"Kansas","scale":1,"scaleLabel":"F1","lengthMiles":2,"deaths":0,"injuries":0}},{"type":"Feature","geometry":{"type":"Point","coordinates":[-95.27,38.62]},"properties":{"id":"ncei-1954-10026524","year":1954,"month":8,"state":"KS","stateName":"Kansas","scale":1,"scaleLabel":"F1","lengthMiles":1,"deaths":0,"injuries":2}},{"type":"Feature","geometry":{"type":"Point","coordinates":[-95.22,37.22]},"properties":{"id":"ncei-1954-10026525","year":1954,"month":8,"state":"KS","stateName":"Kansas","scale":-1,"scaleLabel":"Unknown","lengthMiles":1.9,"deaths":0,"injuries":0}},{"type":"Feature","geometry":{"type":"Point","coordinates":[-96.97,38.2]},"properties":{"id":"ncei-1954-10026526","year":1954,"month":8,"state":"KS","stateName":"Kansas","scale":-1,"scaleLabel":"Unknown","lengthMiles":10.8,"deaths":0,"injuries":0}},{"type":"Feature","geometry":{"type":"Point","coordinates":[-98.15,39.67]},"properties":{"id":"ncei-1954-10026527","year":1954,"month":8,"state":"KS","stateName":"Kansas","scale":0,"scaleLabel":"F0","lengthMiles":2,"deaths":0,"injuries":0}},{"type":"Feature","geometry":{"type":"Point","coordinates":[-97.75,38.95]},"properties":{"id":"ncei-1954-10026528","year":1954,"month":8,"state":"KS","stateName":"Kansas","scale":1,"scaleLabel":"F1","lengthMiles":0,"deaths":0,"injuries":0}},{"type":"Feature","geometry":{"type":"Point","coordinates":[-97.67,38.37]},"properties":{"id":"ncei-1954-10026529","year":1954,"month":8,"state":"KS","stateName":"Kansas","scale":-1,"scaleLabel":"Unknown","lengthMiles":0,"deaths":0,"injuries":0}},{"type":"Feature","geometry":{"type":"Point","coordinates":[-97.47,37.82]},"properties":{"id":"ncei-1954-10026530","year":1954,"month":9,"state":"KS","stateName":"Kansas","scale":2,"scaleLabel":"F2","lengthMiles":0,"deaths":0,"injuries":0}},{"type":"Feature","geometry":{"type":"Point","coordinates":[-97.33,37.68]},"properties":{"id":"ncei-1954-10026531","year":1954,"month":10,"state":"KS","stateName":"Kansas","scale":2,"scaleLabel":"F2","lengthMiles":0,"deaths":0,"injuries":0}},{"type":"Feature","geometry":{"type":"Point","coordinates":[-99.22,38.93]},"properties":{"id":"ncei-1954-10026532","year":1954,"month":10,"state":"KS","stateName":"Kansas","scale":3,"scaleLabel":"F3","lengthMiles":8.6,"deaths":0,"injuries":0}},{"type":"Feature","geometry":{"type":"Point","coordinates":[-97.32,37.68]},"properties":{"id":"ncei-1954-10027388","year":1954,"month":10,"state":"KS","stateName":"Kansas","scale":-1,"scaleLabel":"Unknown","lengthMiles":0,"deaths":0,"injuries":0}},{"type":"Feature","geometry":{"type":"Point","coordinates":[-91.58,30.9]},"properties":{"id":"ncei-1954-10029329","year":1954,"month":2,"state":"LA","stateName":"Louisiana","scale":2,"scaleLabel":"F2","lengthMiles":0.5,"deaths":1,"injuries":4}},{"type":"Feature","geometry":{"type":"Point","coordinates":[-92.95,30.23]},"properties":{"id":"ncei-1954-10029330","year":1954,"month":4,"state":"LA","stateName":"Louisiana","scale":0,"scaleLabel":"F0","lengthMiles":1,"deaths":0,"injuries":0}},{"type":"Feature","geometry":{"type":"Point","coordinates":[-92.75,30.25]},"properties":{"id":"ncei-1954-10029331","year":1954,"month":4,"state":"LA","stateName":"Louisiana","scale":0,"scaleLabel":"F0","lengthMiles":22.9,"deaths":0,"injuries":0}},{"type":"Feature","geometry":{"type":"Point","coordinates":[-91.5,31.55]},"properties":{"id":"ncei-1954-10029332","year":1954,"month":4,"state":"LA","stateName":"Louisiana","scale":1,"scaleLabel":"F1","lengthMiles":0.5,"deaths":0,"injuries":0}},{"type":"Feature","geometry":{"type":"Point","coordinates":[-93.6,31.5]},"properties":{"id":"ncei-1954-10029333","year":1954,"month":4,"state":"LA","stateName":"Louisiana","scale":2,"scaleLabel":"F2","lengthMiles":16.7,"deaths":1,"injuries":6}},{"type":"Feature","geometry":{"type":"Point","coordinates":[-92.45,32]},"properties":{"id":"ncei-1954-10029334","year":1954,"month":4,"state":"LA","stateName":"Louisiana","scale":1,"scaleLabel":"F1","lengthMiles":0.5,"deaths":0,"injuries":0}},{"type":"Feature","geometry":{"type":"Point","coordinates":[-92.15,32.53]},"properties":{"id":"ncei-1954-10029335","year":1954,"month":4,"state":"LA","stateName":"Louisiana","scale":2,"scaleLabel":"F2","lengthMiles":1,"deaths":0,"injuries":1}},{"type":"Feature","geometry":{"type":"Point","coordinates":[-93.83,32.08]},"properties":{"id":"ncei-1954-10029336","year":1954,"month":8,"state":"LA","stateName":"Louisiana","scale":2,"scaleLabel":"F2","lengthMiles":4.5,"deaths":0,"injuries":0}},{"type":"Feature","geometry":{"type":"Point","coordinates":[-91.4,32.83]},"properties":{"id":"ncei-1954-10029337","year":1954,"month":8,"state":"LA","stateName":"Louisiana","scale":1,"scaleLabel":"F1","lengthMiles":1,"deaths":0,"injuries":0}},{"type":"Feature","geometry":{"type":"Point","coordinates":[-93.08,31.75]},"properties":{"id":"ncei-1954-10029338","year":1954,"month":8,"state":"LA","stateName":"Louisiana","scale":0,"scaleLabel":"F0","lengthMiles":1,"deaths":0,"injuries":0}},{"type":"Feature","geometry":{"type":"Point","coordinates":[-91.17,30.13]},"properties":{"id":"ncei-1954-10029339","year":1954,"month":8,"state":"LA","stateName":"Louisiana","scale":1,"scaleLabel":"F1","lengthMiles":1,"deaths":0,"injuries":0}},{"type":"Feature","geometry":{"type":"Point","coordinates":[-87.08,37.45]},"properties":{"id":"ncei-1954-10035928","year":1954,"month":5,"state":"KY","stateName":"Kentucky","scale":1,"scaleLabel":"F1","lengthMiles":10,"deaths":0,"injuries":0}},{"type":"Feature","geometry":{"type":"Point","coordinates":[-84.12,37.28]},"properties":{"id":"ncei-1954-10035929","year":1954,"month":6,"state":"KY","stateName":"Kentucky","scale":2,"scaleLabel":"F2","lengthMiles":16.4,"deaths":0,"injuries":0}},{"type":"Feature","geometry":{"type":"Point","coordinates":[-85.33,37.45]},"properties":{"id":"ncei-1954-10035930","year":1954,"month":8,"state":"KY","stateName":"Kentucky","scale":2,"scaleLabel":"F2","lengthMiles":15.1,"deaths":0,"injuries":0}},{"type":"Feature","geometry":{"type":"Point","coordinates":[-77.63,39.32]},"properties":{"id":"ncei-1954-10038927","year":1954,"month":5,"state":"MD","stateName":"Maryland","scale":0,"scaleLabel":"F0","lengthMiles":0,"deaths":0,"injuries":0}},{"type":"Feature","geometry":{"type":"Point","coordinates":[-79.47,39.3]},"properties":{"id":"ncei-1954-10038928","year":1954,"month":7,"state":"MD","stateName":"Maryland","scale":1,"scaleLabel":"F1","lengthMiles":12,"deaths":0,"injuries":8}},{"type":"Feature","geometry":{"type":"Point","coordinates":[-72.73,42.67]},"properties":{"id":"ncei-1954-10039204","year":1954,"month":7,"state":"MA","stateName":"Massachusetts","scale":1,"scaleLabel":"F1","lengthMiles":1.3,"deaths":0,"injuries":0}},{"type":"Feature","geometry":{"type":"Point","coordinates":[-72.25,42.27]},"properties":{"id":"ncei-1954-10039205","year":1954,"month":8,"state":"MA","stateName":"Massachusetts","scale":1,"scaleLabel":"F1","lengthMiles":2,"deaths":0,"injuries":0}},{"type":"Feature","geometry":{"type":"Point","coordinates":[-85.37,42.12]},"properties":{"id":"ncei-1954-10039431","year":1954,"month":4,"state":"MI","stateName":"Michigan","scale":1,"scaleLabel":"F1","lengthMiles":0,"deaths":0,"injuries":0}},{"type":"Feature","geometry":{"type":"Point","coordinates":[-83.83,42.95]},"properties":{"id":"ncei-1954-10039432","year":1954,"month":4,"state":"MI","stateName":"Michigan","scale":2,"scaleLabel":"F2","lengthMiles":0,"deaths":0,"injuries":2}},{"type":"Feature","geometry":{"type":"Point","coordinates":[-86.2,42.3]},"properties":{"id":"ncei-1954-10039433","year":1954,"month":5,"state":"MI","stateName":"Michigan","scale":2,"scaleLabel":"F2","lengthMiles":9.3,"deaths":0,"injuries":0}},{"type":"Feature","geometry":{"type":"Point","coordinates":[-85.77,42.53]},"properties":{"id":"ncei-1954-10039434","year":1954,"month":5,"state":"MI","stateName":"Michigan","scale":2,"scaleLabel":"F2","lengthMiles":0.3,"deaths":0,"injuries":0}},{"type":"Feature","geometry":{"type":"Point","coordinates":[-84.98,41.85]},"properties":{"id":"ncei-1954-10039435","year":1954,"month":5,"state":"MI","stateName":"Michigan","scale":1,"scaleLabel":"F1","lengthMiles":0.3,"deaths":0,"injuries":0}},{"type":"Feature","geometry":{"type":"Point","coordinates":[-83.83,42.32]},"properties":{"id":"ncei-1954-10039436","year":1954,"month":5,"state":"MI","stateName":"Michigan","scale":0,"scaleLabel":"F0","lengthMiles":0.1,"deaths":0,"injuries":0}},{"type":"Feature","geometry":{"type":"Point","coordinates":[-82.98,42.4]},"properties":{"id":"ncei-1954-10039437","year":1954,"month":5,"state":"MI","stateName":"Michigan","scale":1,"scaleLabel":"F1","lengthMiles":1.8,"deaths":0,"injuries":0}},{"type":"Feature","geometry":{"type":"Point","coordinates":[-84.27,42.05]},"properties":{"id":"ncei-1954-10039438","year":1954,"month":6,"state":"MI","stateName":"Michigan","scale":0,"scaleLabel":"F0","lengthMiles":0.1,"deaths":0,"injuries":0}},{"type":"Feature","geometry":{"type":"Point","coordinates":[-84.35,42.2]},"properties":{"id":"ncei-1954-10039439","year":1954,"month":6,"state":"MI","stateName":"Michigan","scale":0,"scaleLabel":"F0","lengthMiles":0,"deaths":0,"injuries":0}},{"type":"Feature","geometry":{"type":"Point","coordinates":[-83.33,44.58]},"properties":{"id":"ncei-1954-10039440","year":1954,"month":8,"state":"MI","stateName":"Michigan","scale":1,"scaleLabel":"F1","lengthMiles":0,"deaths":0,"injuries":0}},{"type":"Feature","geometry":{"type":"Point","coordinates":[-83.85,43.1]},"properties":{"id":"ncei-1954-10039441","year":1954,"month":8,"state":"MI","stateName":"Michigan","scale":2,"scaleLabel":"F2","lengthMiles":1.3,"deaths":0,"injuries":0}},{"type":"Feature","geometry":{"type":"Point","coordinates":[-84.47,43.18]},"properties":{"id":"ncei-1954-10039442","year":1954,"month":10,"state":"MI","stateName":"Michigan","scale":2,"scaleLabel":"F2","lengthMiles":2,"deaths":0,"injuries":0}},{"type":"Feature","geometry":{"type":"Point","coordinates":[-67.2,45.28]},"properties":{"id":"ncei-1954-10042625","year":1954,"month":7,"state":"ME","stateName":"Maine","scale":2,"scaleLabel":"F2","lengthMiles":7.6,"deaths":0,"injuries":1}},{"type":"Feature","geometry":{"type":"Point","coordinates":[-68.02,47.02]},"properties":{"id":"ncei-1954-10042626","year":1954,"month":8,"state":"ME","stateName":"Maine","scale":2,"scaleLabel":"F2","lengthMiles":1,"deaths":1,"injuries":1}},{"type":"Feature","geometry":{"type":"Point","coordinates":[-88.83,33.3]},"properties":{"id":"ncei-1954-10047318","year":1954,"month":1,"state":"MS","stateName":"Mississippi","scale":2,"scaleLabel":"F2","lengthMiles":11.9,"deaths":0,"injuries":2}},{"type":"Feature","geometry":{"type":"Point","coordinates":[-88.42,33.38]},"properties":{"id":"ncei-1954-10047319","year":1954,"month":1,"state":"MS","stateName":"Mississippi","scale":1,"scaleLabel":"F1","lengthMiles":5.6,"deaths":0,"injuries":0}},{"type":"Feature","geometry":{"type":"Point","coordinates":[-88.68,33.42]},"properties":{"id":"ncei-1954-10047320","year":1954,"month":1,"state":"MS","stateName":"Mississippi","scale":2,"scaleLabel":"F2","lengthMiles":5.4,"deaths":0,"injuries":0}},{"type":"Feature","geometry":{"type":"Point","coordinates":[-89.65,31.28]},"properties":{"id":"ncei-1954-10047321","year":1954,"month":2,"state":"MS","stateName":"Mississippi","scale":2,"scaleLabel":"F2","lengthMiles":13.1,"deaths":0,"injuries":10}},{"type":"Feature","geometry":{"type":"Point","coordinates":[-89.52,31.43]},"properties":{"id":"ncei-1954-10047322","year":1954,"month":2,"state":"MS","stateName":"Mississippi","scale":2,"scaleLabel":"F2","lengthMiles":24,"deaths":0,"injuries":0}},{"type":"Feature","geometry":{"type":"Point","coordinates":[-89.23,32.43]},"properties":{"id":"ncei-1954-10047323","year":1954,"month":2,"state":"MS","stateName":"Mississippi","scale":2,"scaleLabel":"F2","lengthMiles":15.6,"deaths":0,"injuries":5}},{"type":"Feature","geometry":{"type":"Point","coordinates":[-89.02,32.57]},"properties":{"id":"ncei-1954-10047324","year":1954,"month":2,"state":"MS","stateName":"Mississippi","scale":2,"scaleLabel":"F2","lengthMiles":3.6,"deaths":0,"injuries":5}},{"type":"Feature","geometry":{"type":"Point","coordinates":[-88.58,34.92]},"properties":{"id":"ncei-1954-10047325","year":1954,"month":4,"state":"MS","stateName":"Mississippi","scale":-1,"scaleLabel":"Unknown","lengthMiles":0,"deaths":0,"injuries":0}},{"type":"Feature","geometry":{"type":"Point","coordinates":[-88.58,34.92]},"properties":{"id":"ncei-1954-10047326","year":1954,"month":4,"state":"MS","stateName":"Mississippi","scale":1,"scaleLabel":"F1","lengthMiles":0,"deaths":0,"injuries":0}},{"type":"Feature","geometry":{"type":"Point","coordinates":[-88.33,34.37]},"properties":{"id":"ncei-1954-10047327","year":1954,"month":4,"state":"MS","stateName":"Mississippi","scale":2,"scaleLabel":"F2","lengthMiles":3.3,"deaths":0,"injuries":2}},{"type":"Feature","geometry":{"type":"Point","coordinates":[-89.58,32.27]},"properties":{"id":"ncei-1954-10047328","year":1954,"month":4,"state":"MS","stateName":"Mississippi","scale":-1,"scaleLabel":"Unknown","lengthMiles":6.8,"deaths":0,"injuries":0}},{"type":"Feature","geometry":{"type":"Point","coordinates":[-90.13,32.43]},"properties":{"id":"ncei-1954-10047329","year":1954,"month":5,"state":"MS","stateName":"Mississippi","scale":-1,"scaleLabel":"Unknown","lengthMiles":0,"deaths":0,"injuries":0}},{"type":"Feature","geometry":{"type":"Point","coordinates":[-89.17,32.48]},"properties":{"id":"ncei-1954-10047330","year":1954,"month":6,"state":"MS","stateName":"Mississippi","scale":2,"scaleLabel":"F2","lengthMiles":7.6,"deaths":0,"injuries":3}},{"type":"Feature","geometry":{"type":"Point","coordinates":[-89.17,32.33]},"properties":{"id":"ncei-1954-10047331","year":1954,"month":7,"state":"MS","stateName":"Mississippi","scale":0,"scaleLabel":"F0","lengthMiles":0,"deaths":0,"injuries":0}},{"type":"Feature","geometry":{"type":"Point","coordinates":[-90.48,33.97]},"properties":{"id":"ncei-1954-10047332","year":1954,"month":7,"state":"MS","stateName":"Mississippi","scale":-1,"scaleLabel":"Unknown","lengthMiles":0,"deaths":0,"injuries":0}},{"type":"Feature","geometry":{"type":"Point","coordinates":[-89.52,32.12]},"properties":{"id":"ncei-1954-10047333","year":1954,"month":12,"state":"MS","stateName":"Mississippi","scale":1,"scaleLabel":"F1","lengthMiles":0.1,"deaths":0,"injuries":2}},{"type":"Feature","geometry":{"type":"Point","coordinates":[-89.18,31.63]},"properties":{"id":"ncei-1954-10047334","year":1954,"month":12,"state":"MS","stateName":"Mississippi","scale":3,"scaleLabel":"F3","lengthMiles":11.5,"deaths":0,"injuries":25}},{"type":"Feature","geometry":{"type":"Point","coordinates":[-88.7,32.9]},"properties":{"id":"ncei-1954-10047335","year":1954,"month":12,"state":"MS","stateName":"Mississippi","scale":2,"scaleLabel":"F2","lengthMiles":3,"deaths":0,"injuries":9}},{"type":"Feature","geometry":{"type":"Point","coordinates":[-88.67,32.92]},"properties":{"id":"ncei-1954-10047336","year":1954,"month":12,"state":"MS","stateName":"Mississippi","scale":2,"scaleLabel":"F2","lengthMiles":8.5,"deaths":0,"injuries":0}},{"type":"Feature","geometry":{"type":"Point","coordinates":[-94.22,45.63]},"properties":{"id":"ncei-1954-10052077","year":1954,"month":5,"state":"MN","stateName":"Minnesota","scale":1,"scaleLabel":"F1","lengthMiles":0,"deaths":0,"injuries":0}},{"type":"Feature","geometry":{"type":"Point","coordinates":[-94.95,45.58]},"properties":{"id":"ncei-1954-10052078","year":1954,"month":6,"state":"MN","stateName":"Minnesota","scale":1,"scaleLabel":"F1","lengthMiles":2.3,"deaths":0,"injuries":0}},{"type":"Feature","geometry":{"type":"Point","coordinates":[-92.95,45.68]},"properties":{"id":"ncei-1954-10052079","year":1954,"month":6,"state":"MN","stateName":"Minnesota","scale":1,"scaleLabel":"F1","lengthMiles":3.8,"deaths":0,"injuries":0}},{"type":"Feature","geometry":{"type":"Point","coordinates":[-92.92,44.83]},"properties":{"id":"ncei-1954-10052080","year":1954,"month":6,"state":"MN","stateName":"Minnesota","scale":2,"scaleLabel":"F2","lengthMiles":2.7,"deaths":0,"injuries":0}},{"type":"Feature","geometry":{"type":"Point","coordinates":[-94.03,46.12]},"properties":{"id":"ncei-1954-10052081","year":1954,"month":7,"state":"MN","stateName":"Minnesota","scale":1,"scaleLabel":"F1","lengthMiles":0.1,"deaths":0,"injuries":0}},{"type":"Feature","geometry":{"type":"Point","coordinates":[-95.5,45.42]},"properties":{"id":"ncei-1954-10052936","year":1954,"month":8,"state":"MN","stateName":"Minnesota","scale":2,"scaleLabel":"F2","lengthMiles":7.9,"deaths":0,"injuries":0}},{"type":"Feature","geometry":{"type":"Point","coordinates":[-94.12,45.75]},"properties":{"id":"ncei-1954-10052937","year":1954,"month":8,"state":"MN","stateName":"Minnesota","scale":1,"scaleLabel":"F1","lengthMiles":1,"deaths":0,"injuries":1}},{"type":"Feature","geometry":{"type":"Point","coordinates":[-93.97,36.55]},"properties":{"id":"ncei-1954-10063644","year":1954,"month":3,"state":"MO","stateName":"Missouri","scale":1,"scaleLabel":"F1","lengthMiles":23.9,"deaths":0,"injuries":0}},{"type":"Feature","geometry":{"type":"Point","coordinates":[-94.4,37.45]},"properties":{"id":"ncei-1954-10063645","year":1954,"month":3,"state":"MO","stateName":"Missouri","scale":1,"scaleLabel":"F1","lengthMiles":15.7,"deaths":0,"injuries":0}},{"type":"Feature","geometry":{"type":"Point","coordinates":[-94.53,37.12]},"properties":{"id":"ncei-1954-10063646","year":1954,"month":3,"state":"MO","stateName":"Missouri","scale":1,"scaleLabel":"F1","lengthMiles":0.5,"deaths":0,"injuries":0}},{"type":"Feature","geometry":{"type":"Point","coordinates":[-93.88,36.82]},"properties":{"id":"ncei-1954-10063647","year":1954,"month":3,"state":"MO","stateName":"Missouri","scale":1,"scaleLabel":"F1","lengthMiles":5.4,"deaths":0,"injuries":0}},{"type":"Feature","geometry":{"type":"Point","coordinates":[-94.1,36.82]},"properties":{"id":"ncei-1954-10063648","year":1954,"month":3,"state":"MO","stateName":"Missouri","scale":1,"scaleLabel":"F1","lengthMiles":11.9,"deaths":0,"injuries":0}},{"type":"Feature","geometry":{"type":"Point","coordinates":[-94.52,36.57]},"properties":{"id":"ncei-1954-10063649","year":1954,"month":3,"state":"MO","stateName":"Missouri","scale":2,"scaleLabel":"F2","lengthMiles":19.5,"deaths":0,"injuries":1}},{"type":"Feature","geometry":{"type":"Point","coordinates":[-94.22,36.72]},"properties":{"id":"ncei-1954-10063650","year":1954,"month":3,"state":"MO","stateName":"Missouri","scale":2,"scaleLabel":"F2","lengthMiles":6.6,"deaths":0,"injuries":0}},{"type":"Feature","geometry":{"type":"Point","coordinates":[-93.67,36.72]},"properties":{"id":"ncei-1954-10063651","year":1954,"month":3,"state":"MO","stateName":"Missouri","scale":3,"scaleLabel":"F3","lengthMiles":1,"deaths":0,"injuries":2}},{"type":"Feature","geometry":{"type":"Point","coordinates":[-92.95,37.17]},"properties":{"id":"ncei-1954-10063652","year":1954,"month":3,"state":"MO","stateName":"Missouri","scale":1,"scaleLabel":"F1","lengthMiles":4.7,"deaths":0,"injuries":0}},{"type":"Feature","geometry":{"type":"Point","coordinates":[-92.87,37.18]},"properties":{"id":"ncei-1954-10063653","year":1954,"month":3,"state":"MO","stateName":"Missouri","scale":1,"scaleLabel":"F1","lengthMiles":9.7,"deaths":0,"injuries":0}},{"type":"Feature","geometry":{"type":"Point","coordinates":[-93.23,36.97]},"properties":{"id":"ncei-1954-10063654","year":1954,"month":3,"state":"MO","stateName":"Missouri","scale":1,"scaleLabel":"F1","lengthMiles":3.3,"deaths":0,"injuries":0}},{"type":"Feature","geometry":{"type":"Point","coordinates":[-92.23,37.32]},"properties":{"id":"ncei-1954-10063655","year":1954,"month":3,"state":"MO","stateName":"Missouri","scale":4,"scaleLabel":"F4","lengthMiles":4.9,"deaths":2,"injuries":0}},{"type":"Feature","geometry":{"type":"Point","coordinates":[-92.17,37.37]},"properties":{"id":"ncei-1954-10063656","year":1954,"month":3,"state":"MO","stateName":"Missouri","scale":4,"scaleLabel":"F4","lengthMiles":7.2,"deaths":0,"injuries":0}},{"type":"Feature","geometry":{"type":"Point","coordinates":[-90.77,38.58]},"properties":{"id":"ncei-1954-10063657","year":1954,"month":3,"state":"MO","stateName":"Missouri","scale":1,"scaleLabel":"F1","lengthMiles":0,"deaths":0,"injuries":0}},{"type":"Feature","geometry":{"type":"Point","coordinates":[-90.25,38.87]},"properties":{"id":"ncei-1954-10063658","year":1954,"month":3,"state":"MO","stateName":"Missouri","scale":1,"scaleLabel":"F1","lengthMiles":1,"deaths":0,"injuries":0}},{"type":"Feature","geometry":{"type":"Point","coordinates":[-90.75,38.47]},"properties":{"id":"ncei-1954-10063659","year":1954,"month":3,"state":"MO","stateName":"Missouri","scale":2,"scaleLabel":"F2","lengthMiles":3,"deaths":0,"injuries":0}},{"type":"Feature","geometry":{"type":"Point","coordinates":[-90.8,38.8]},"properties":{"id":"ncei-1954-10063660","year":1954,"month":3,"state":"MO","stateName":"Missouri","scale":3,"scaleLabel":"F3","lengthMiles":21.6,"deaths":0,"injuries":0}},{"type":"Feature","geometry":{"type":"Point","coordinates":[-91.93,39.38]},"properties":{"id":"ncei-1954-10063661","year":1954,"month":4,"state":"MO","stateName":"Missouri","scale":1,"scaleLabel":"F1","lengthMiles":0.2,"deaths":0,"injuries":0}},{"type":"Feature","geometry":{"type":"Point","coordinates":[-91.77,39.1]},"properties":{"id":"ncei-1954-10063662","year":1954,"month":4,"state":"MO","stateName":"Missouri","scale":1,"scaleLabel":"F1","lengthMiles":0.3,"deaths":0,"injuries":0}},{"type":"Feature","geometry":{"type":"Point","coordinates":[-95.38,40.55]},"properties":{"id":"ncei-1954-10063663","year":1954,"month":4,"state":"MO","stateName":"Missouri","scale":4,"scaleLabel":"F4","lengthMiles":3,"deaths":0,"injuries":0}},{"type":"Feature","geometry":{"type":"Point","coordinates":[-90.15,36.12]},"properties":{"id":"ncei-1954-10063664","year":1954,"month":4,"state":"MO","stateName":"Missouri","scale":2,"scaleLabel":"F2","lengthMiles":1,"deaths":0,"injuries":0}},{"type":"Feature","geometry":{"type":"Point","coordinates":[-93.9,36.58]},"properties":{"id":"ncei-1954-10063665","year":1954,"month":4,"state":"MO","stateName":"Missouri","scale":1,"scaleLabel":"F1","lengthMiles":7.3,"deaths":0,"injuries":0}},{"type":"Feature","geometry":{"type":"Point","coordinates":[-92.83,38.43]},"properties":{"id":"ncei-1954-10063666","year":1954,"month":4,"state":"MO","stateName":"Missouri","scale":2,"scaleLabel":"F2","lengthMiles":3.6,"deaths":0,"injuries":0}},{"type":"Feature","geometry":{"type":"Point","coordinates":[-92.33,39.2]},"properties":{"id":"ncei-1954-10063667","year":1954,"month":4,"state":"MO","stateName":"Missouri","scale":2,"scaleLabel":"F2","lengthMiles":34.9,"deaths":0,"injuries":0}},{"type":"Feature","geometry":{"type":"Point","coordinates":[-92.03,39.65]},"properties":{"id":"ncei-1954-10063668","year":1954,"month":4,"state":"MO","stateName":"Missouri","scale":2,"scaleLabel":"F2","lengthMiles":46.4,"deaths":0,"injuries":0}},{"type":"Feature","geometry":{"type":"Point","coordinates":[-91.73,40.28]},"properties":{"id":"ncei-1954-10063669","year":1954,"month":4,"state":"MO","stateName":"Missouri","scale":2,"scaleLabel":"F2","lengthMiles":8.3,"deaths":0,"injuries":0}},{"type":"Feature","geometry":{"type":"Point","coordinates":[-89.52,36.5]},"properties":{"id":"ncei-1954-10063670","year":1954,"month":5,"state":"MO","stateName":"Missouri","scale":1,"scaleLabel":"F1","lengthMiles":0.2,"deaths":0,"injuries":0}},{"type":"Feature","geometry":{"type":"Point","coordinates":[-94.5,40.08]},"properties":{"id":"ncei-1954-10063671","year":1954,"month":5,"state":"MO","stateName":"Missouri","scale":0,"scaleLabel":"F0","lengthMiles":0.1,"deaths":0,"injuries":0}},{"type":"Feature","geometry":{"type":"Point","coordinates":[-93.13,38.25]},"properties":{"id":"ncei-1954-10063672","year":1954,"month":5,"state":"MO","stateName":"Missouri","scale":2,"scaleLabel":"F2","lengthMiles":1,"deaths":0,"injuries":0}},{"type":"Feature","geometry":{"type":"Point","coordinates":[-92.87,38.15]},"properties":{"id":"ncei-1954-10063673","year":1954,"month":5,"state":"MO","stateName":"Missouri","scale":2,"scaleLabel":"F2","lengthMiles":4.5,"deaths":0,"injuries":0}},{"type":"Feature","geometry":{"type":"Point","coordinates":[-92.82,38.2]},"properties":{"id":"ncei-1954-10063674","year":1954,"month":5,"state":"MO","stateName":"Missouri","scale":2,"scaleLabel":"F2","lengthMiles":2.3,"deaths":0,"injuries":2}},{"type":"Feature","geometry":{"type":"Point","coordinates":[-95.15,40.43]},"properties":{"id":"ncei-1954-10063675","year":1954,"month":5,"state":"MO","stateName":"Missouri","scale":2,"scaleLabel":"F2","lengthMiles":6.8,"deaths":0,"injuries":0}},{"type":"Feature","geometry":{"type":"Point","coordinates":[-95.42,40.38]},"properties":{"id":"ncei-1954-10063676","year":1954,"month":5,"state":"MO","stateName":"Missouri","scale":2,"scaleLabel":"F2","lengthMiles":14.2,"deaths":0,"injuries":0}},{"type":"Feature","geometry":{"type":"Point","coordinates":[-94.48,37.83]},"properties":{"id":"ncei-1954-10064530","year":1954,"month":5,"state":"MO","stateName":"Missouri","scale":1,"scaleLabel":"F1","lengthMiles":0.5,"deaths":0,"injuries":0}},{"type":"Feature","geometry":{"type":"Point","coordinates":[-93.5,39.75]},"properties":{"id":"ncei-1954-10064531","year":1954,"month":6,"state":"MO","stateName":"Missouri","scale":1,"scaleLabel":"F1","lengthMiles":9.9,"deaths":0,"injuries":0}},{"type":"Feature","geometry":{"type":"Point","coordinates":[-94.48,40.03]},"properties":{"id":"ncei-1954-10064532","year":1954,"month":6,"state":"MO","stateName":"Missouri","scale":0,"scaleLabel":"F0","lengthMiles":0.2,"deaths":0,"injuries":0}},{"type":"Feature","geometry":{"type":"Point","coordinates":[-95.27,40.05]},"properties":{"id":"ncei-1954-10064533","year":1954,"month":6,"state":"MO","stateName":"Missouri","scale":1,"scaleLabel":"F1","lengthMiles":0.2,"deaths":0,"injuries":0}},{"type":"Feature","geometry":{"type":"Point","coordinates":[-91.28,38.53]},"properties":{"id":"ncei-1954-10064534","year":1954,"month":8,"state":"MO","stateName":"Missouri","scale":0,"scaleLabel":"F0","lengthMiles":1.5,"deaths":0,"injuries":0}},{"type":"Feature","geometry":{"type":"Point","coordinates":[-94.57,38.03]},"properties":{"id":"ncei-1954-10064746","year":1954,"month":9,"state":"MO","stateName":"Missouri","scale":1,"scaleLabel":"F1","lengthMiles":1,"deaths":0,"injuries":0}},{"type":"Feature","geometry":{"type":"Point","coordinates":[-90.05,36.52]},"properties":{"id":"ncei-1954-10064747","year":1954,"month":9,"state":"MO","stateName":"Missouri","scale":1,"scaleLabel":"F1","lengthMiles":0.5,"deaths":0,"injuries":0}},{"type":"Feature","geometry":{"type":"Point","coordinates":[-105.38,45.43]},"properties":{"id":"ncei-1954-10072253","year":1954,"month":5,"state":"MT","stateName":"Montana","scale":2,"scaleLabel":"F2","lengthMiles":0.1,"deaths":0,"injuries":0}},{"type":"Feature","geometry":{"type":"Point","coordinates":[-106.2,48.65]},"properties":{"id":"ncei-1954-10072254","year":1954,"month":7,"state":"MT","stateName":"Montana","scale":-1,"scaleLabel":"Unknown","lengthMiles":2,"deaths":0,"injuries":0}},{"type":"Feature","geometry":{"type":"Point","coordinates":[-104.07,45.85]},"properties":{"id":"ncei-1954-10072255","year":1954,"month":7,"state":"MT","stateName":"Montana","scale":1,"scaleLabel":"F1","lengthMiles":2.7,"deaths":0,"injuries":0}},{"type":"Feature","geometry":{"type":"Point","coordinates":[-100.13,40.58]},"properties":{"id":"ncei-1954-10072721","year":1954,"month":4,"state":"NE","stateName":"Nebraska","scale":3,"scaleLabel":"F3","lengthMiles":5.9,"deaths":0,"injuries":0}},{"type":"Feature","geometry":{"type":"Point","coordinates":[-102.93,42.47]},"properties":{"id":"ncei-1954-10072722","year":1954,"month":5,"state":"NE","stateName":"Nebraska","scale":-1,"scaleLabel":"Unknown","lengthMiles":0,"deaths":0,"injuries":0}},{"type":"Feature","geometry":{"type":"Point","coordinates":[-97.73,41.73]},"properties":{"id":"ncei-1954-10072723","year":1954,"month":5,"state":"NE","stateName":"Nebraska","scale":4,"scaleLabel":"F4","lengthMiles":0,"deaths":0,"injuries":0}},{"type":"Feature","geometry":{"type":"Point","coordinates":[-97.72,41.75]},"properties":{"id":"ncei-1954-10072724","year":1954,"month":5,"state":"NE","stateName":"Nebraska","scale":4,"scaleLabel":"F4","lengthMiles":24,"deaths":6,"injuries":23}},{"type":"Feature","geometry":{"type":"Point","coordinates":[-97.37,41.98]},"properties":{"id":"ncei-1954-10072725","year":1954,"month":5,"state":"NE","stateName":"Nebraska","scale":4,"scaleLabel":"F4","lengthMiles":5.9,"deaths":0,"injuries":0}},{"type":"Feature","geometry":{"type":"Point","coordinates":[-103.65,41.23]},"properties":{"id":"ncei-1954-10072726","year":1954,"month":6,"state":"NE","stateName":"Nebraska","scale":2,"scaleLabel":"F2","lengthMiles":19.9,"deaths":0,"injuries":0}},{"type":"Feature","geometry":{"type":"Point","coordinates":[-101.77,41.98]},"properties":{"id":"ncei-1954-10072727","year":1954,"month":6,"state":"NE","stateName":"Nebraska","scale":1,"scaleLabel":"F1","lengthMiles":5.9,"deaths":0,"injuries":1}},{"type":"Feature","geometry":{"type":"Point","coordinates":[-96.02,40.4]},"properties":{"id":"ncei-1954-10072728","year":1954,"month":6,"state":"NE","stateName":"Nebraska","scale":0,"scaleLabel":"F0","lengthMiles":0,"deaths":0,"injuries":0}},{"type":"Feature","geometry":{"type":"Point","coordinates":[-101.02,40.17]},"properties":{"id":"ncei-1954-10072729","year":1954,"month":6,"state":"NE","stateName":"Nebraska","scale":1,"scaleLabel":"F1","lengthMiles":1,"deaths":0,"injuries":0}},{"type":"Feature","geometry":{"type":"Point","coordinates":[-100.05,40.72]},"properties":{"id":"ncei-1954-10072730","year":1954,"month":6,"state":"NE","stateName":"Nebraska","scale":1,"scaleLabel":"F1","lengthMiles":3,"deaths":0,"injuries":0}},{"type":"Feature","geometry":{"type":"Point","coordinates":[-97.05,42.08]},"properties":{"id":"ncei-1954-10072731","year":1954,"month":6,"state":"NE","stateName":"Nebraska","scale":3,"scaleLabel":"F3","lengthMiles":17.9,"deaths":0,"injuries":0}},{"type":"Feature","geometry":{"type":"Point","coordinates":[-96.7,42.12]},"properties":{"id":"ncei-1954-10072732","year":1954,"month":6,"state":"NE","stateName":"Nebraska","scale":3,"scaleLabel":"F3","lengthMiles":5.7,"deaths":1,"injuries":0}},{"type":"Feature","geometry":{"type":"Point","coordinates":[-97.82,41.97]},"properties":{"id":"ncei-1954-10072733","year":1954,"month":6,"state":"NE","stateName":"Nebraska","scale":1,"scaleLabel":"F1","lengthMiles":1,"deaths":0,"injuries":7}},{"type":"Feature","geometry":{"type":"Point","coordinates":[-98.33,40.93]},"properties":{"id":"ncei-1954-10072734","year":1954,"month":6,"state":"NE","stateName":"Nebraska","scale":1,"scaleLabel":"F1","lengthMiles":1,"deaths":0,"injuries":0}},{"type":"Feature","geometry":{"type":"Point","coordinates":[-96.25,40.3]},"properties":{"id":"ncei-1954-10072735","year":1954,"month":7,"state":"NE","stateName":"Nebraska","scale":1,"scaleLabel":"F1","lengthMiles":1,"deaths":0,"injuries":0}},{"type":"Feature","geometry":{"type":"Point","coordinates":[-99.05,41.28]},"properties":{"id":"ncei-1954-10072736","year":1954,"month":7,"state":"NE","stateName":"Nebraska","scale":1,"scaleLabel":"F1","lengthMiles":6.2,"deaths":0,"injuries":1}},{"type":"Feature","geometry":{"type":"Point","coordinates":[-97.62,40.87]},"properties":{"id":"ncei-1954-10072737","year":1954,"month":7,"state":"NE","stateName":"Nebraska","scale":2,"scaleLabel":"F2","lengthMiles":1.5,"deaths":0,"injuries":0}},{"type":"Feature","geometry":{"type":"Point","coordinates":[-99.77,40.77]},"properties":{"id":"ncei-1954-10072738","year":1954,"month":8,"state":"NE","stateName":"Nebraska","scale":1,"scaleLabel":"F1","lengthMiles":0,"deaths":0,"injuries":0}},{"type":"Feature","geometry":{"type":"Point","coordinates":[-96.67,42.17]},"properties":{"id":"ncei-1954-10072739","year":1954,"month":8,"state":"NE","stateName":"Nebraska","scale":0,"scaleLabel":"F0","lengthMiles":0,"deaths":0,"injuries":0}},{"type":"Feature","geometry":{"type":"Point","coordinates":[-105.6,47.58]},"properties":{"id":"ncei-1954-10073111","year":1954,"month":8,"state":"MT","stateName":"Montana","scale":2,"scaleLabel":"F2","lengthMiles":20.9,"deaths":0,"injuries":0}},{"type":"Feature","geometry":{"type":"Point","coordinates":[-77.08,42.63]},"properties":{"id":"ncei-1954-10075660","year":1954,"month":7,"state":"NY","stateName":"New York","scale":1,"scaleLabel":"F1","lengthMiles":2,"deaths":0,"injuries":0}},{"type":"Feature","geometry":{"type":"Point","coordinates":[-74.72,44.67]},"properties":{"id":"ncei-1954-10075661","year":1954,"month":9,"state":"NY","stateName":"New York","scale":2,"scaleLabel":"F2","lengthMiles":0,"deaths":0,"injuries":0}},{"type":"Feature","geometry":{"type":"Point","coordinates":[-80,35.2]},"properties":{"id":"ncei-1954-10075736","year":1954,"month":2,"state":"NC","stateName":"North Carolina","scale":1,"scaleLabel":"F1","lengthMiles":16.6,"deaths":0,"injuries":0}},{"type":"Feature","geometry":{"type":"Point","coordinates":[-79.8,36.17]},"properties":{"id":"ncei-1954-10075737","year":1954,"month":6,"state":"NC","stateName":"North Carolina","scale":2,"scaleLabel":"F2","lengthMiles":6.1,"deaths":0,"injuries":1}},{"type":"Feature","geometry":{"type":"Point","coordinates":[-77.78,34.22]},"properties":{"id":"ncei-1954-10075738","year":1954,"month":6,"state":"NC","stateName":"North Carolina","scale":1,"scaleLabel":"F1","lengthMiles":2,"deaths":0,"injuries":0}},{"type":"Feature","geometry":{"type":"Point","coordinates":[-77.05,35.57]},"properties":{"id":"ncei-1954-10075739","year":1954,"month":6,"state":"NC","stateName":"North Carolina","scale":1,"scaleLabel":"F1","lengthMiles":1,"deaths":0,"injuries":0}},{"type":"Feature","geometry":{"type":"Point","coordinates":[-79.55,35.78]},"properties":{"id":"ncei-1954-10075740","year":1954,"month":8,"state":"NC","stateName":"North Carolina","scale":2,"scaleLabel":"F2","lengthMiles":2.1,"deaths":0,"injuries":0}},{"type":"Feature","geometry":{"type":"Point","coordinates":[-81.2,35.67]},"properties":{"id":"ncei-1954-10075741","year":1954,"month":8,"state":"NC","stateName":"North Carolina","scale":2,"scaleLabel":"F2","lengthMiles":5.4,"deaths":0,"injuries":0}},{"type":"Feature","geometry":{"type":"Point","coordinates":[-77.9,35.72]},"properties":{"id":"ncei-1954-10075742","year":1954,"month":9,"state":"NC","stateName":"North Carolina","scale":2,"scaleLabel":"F2","lengthMiles":0.5,"deaths":0,"injuries":4}},{"type":"Feature","geometry":{"type":"Point","coordinates":[-77.7,34.37]},"properties":{"id":"ncei-1954-10075743","year":1954,"month":11,"state":"NC","stateName":"North Carolina","scale":2,"scaleLabel":"F2","lengthMiles":0,"deaths":0,"injuries":0}},{"type":"Feature","geometry":{"type":"Point","coordinates":[-80.6,35.4]},"properties":{"id":"ncei-1954-10075744","year":1954,"month":11,"state":"NC","stateName":"North Carolina","scale":1,"scaleLabel":"F1","lengthMiles":2,"deaths":0,"injuries":0}},{"type":"Feature","geometry":{"type":"Point","coordinates":[-103.57,32.97]},"properties":{"id":"ncei-1954-10080567","year":1954,"month":5,"state":"NM","stateName":"New Mexico","scale":1,"scaleLabel":"F1","lengthMiles":0.5,"deaths":0,"injuries":0}},{"type":"Feature","geometry":{"type":"Point","coordinates":[-103.2,32.2]},"properties":{"id":"ncei-1954-10080568","year":1954,"month":5,"state":"NM","stateName":"New Mexico","scale":0,"scaleLabel":"F0","lengthMiles":0,"deaths":0,"injuries":0}},{"type":"Feature","geometry":{"type":"Point","coordinates":[-106.6,33.8]},"properties":{"id":"ncei-1954-10080569","year":1954,"month":5,"state":"NM","stateName":"New Mexico","scale":0,"scaleLabel":"F0","lengthMiles":0,"deaths":0,"injuries":0}},{"type":"Feature","geometry":{"type":"Point","coordinates":[-103.37,32.97]},"properties":{"id":"ncei-1954-10080570","year":1954,"month":5,"state":"NM","stateName":"New Mexico","scale":3,"scaleLabel":"F3","lengthMiles":0,"deaths":0,"injuries":0}},{"type":"Feature","geometry":{"type":"Point","coordinates":[-103.23,32.17]},"properties":{"id":"ncei-1954-10080571","year":1954,"month":5,"state":"NM","stateName":"New Mexico","scale":1,"scaleLabel":"F1","lengthMiles":4.3,"deaths":0,"injuries":0}},{"type":"Feature","geometry":{"type":"Point","coordinates":[-103.2,36.02]},"properties":{"id":"ncei-1954-10080572","year":1954,"month":6,"state":"NM","stateName":"New Mexico","scale":0,"scaleLabel":"F0","lengthMiles":3.8,"deaths":0,"injuries":0}},{"type":"Feature","geometry":{"type":"Point","coordinates":[-106.77,34.57]},"properties":{"id":"ncei-1954-10080573","year":1954,"month":7,"state":"NM","stateName":"New Mexico","scale":0,"scaleLabel":"F0","lengthMiles":3.8,"deaths":0,"injuries":0}},{"type":"Feature","geometry":{"type":"Point","coordinates":[-103.65,33.95]},"properties":{"id":"ncei-1954-10080574","year":1954,"month":8,"state":"NM","stateName":"New Mexico","scale":0,"scaleLabel":"F0","lengthMiles":0,"deaths":0,"injuries":0}},{"type":"Feature","geometry":{"type":"Point","coordinates":[-71.33,42.9]},"properties":{"id":"ncei-1954-10081386","year":1954,"month":7,"state":"NH","stateName":"New Hampshire","scale":1,"scaleLabel":"F1","lengthMiles":3.8,"deaths":0,"injuries":0}},{"type":"Feature","geometry":{"type":"Point","coordinates":[-82.75,39.47]},"properties":{"id":"ncei-1954-10083314","year":1954,"month":3,"state":"OH","stateName":"Ohio","scale":1,"scaleLabel":"F1","lengthMiles":1,"deaths":0,"injuries":0}},{"type":"Feature","geometry":{"type":"Point","coordinates":[-80.88,40.22]},"properties":{"id":"ncei-1954-10083315","year":1954,"month":4,"state":"OH","stateName":"Ohio","scale":2,"scaleLabel":"F2","lengthMiles":1,"deaths":0,"injuries":1}},{"type":"Feature","geometry":{"type":"Point","coordinates":[-84.43,39.2]},"properties":{"id":"ncei-1954-10083316","year":1954,"month":5,"state":"OH","stateName":"Ohio","scale":1,"scaleLabel":"F1","lengthMiles":0,"deaths":0,"injuries":0}},{"type":"Feature","geometry":{"type":"Point","coordinates":[-84.57,41.7]},"properties":{"id":"ncei-1954-10083317","year":1954,"month":5,"state":"OH","stateName":"Ohio","scale":0,"scaleLabel":"F0","lengthMiles":0,"deaths":0,"injuries":0}},{"type":"Feature","geometry":{"type":"Point","coordinates":[-84.13,41.25]},"properties":{"id":"ncei-1954-10083318","year":1954,"month":5,"state":"OH","stateName":"Ohio","scale":0,"scaleLabel":"F0","lengthMiles":0,"deaths":0,"injuries":0}},{"type":"Feature","geometry":{"type":"Point","coordinates":[-83.97,40.93]},"properties":{"id":"ncei-1954-10083319","year":1954,"month":5,"state":"OH","stateName":"Ohio","scale":-1,"scaleLabel":"Unknown","lengthMiles":0,"deaths":0,"injuries":0}},{"type":"Feature","geometry":{"type":"Point","coordinates":[-84.4,41.7]},"properties":{"id":"ncei-1954-10083320","year":1954,"month":5,"state":"OH","stateName":"Ohio","scale":0,"scaleLabel":"F0","lengthMiles":0,"deaths":0,"injuries":0}},{"type":"Feature","geometry":{"type":"Point","coordinates":[-82.98,40.1]},"properties":{"id":"ncei-1954-10083321","year":1954,"month":6,"state":"OH","stateName":"Ohio","scale":0,"scaleLabel":"F0","lengthMiles":0,"deaths":0,"injuries":0}},{"type":"Feature","geometry":{"type":"Point","coordinates":[-81.9,39.95]},"properties":{"id":"ncei-1954-10083322","year":1954,"month":6,"state":"OH","stateName":"Ohio","scale":1,"scaleLabel":"F1","lengthMiles":0,"deaths":0,"injuries":0}},{"type":"Feature","geometry":{"type":"Point","coordinates":[-82.37,41.42]},"properties":{"id":"ncei-1954-10083323","year":1954,"month":8,"state":"OH","stateName":"Ohio","scale":0,"scaleLabel":"F0","lengthMiles":0,"deaths":0,"injuries":0}},{"type":"Feature","geometry":{"type":"Point","coordinates":[-82.38,41.37]},"properties":{"id":"ncei-1954-10083324","year":1954,"month":8,"state":"OH","stateName":"Ohio","scale":1,"scaleLabel":"F1","lengthMiles":0,"deaths":0,"injuries":0}},{"type":"Feature","geometry":{"type":"Point","coordinates":[-81.15,40.75]},"properties":{"id":"ncei-1954-10083325","year":1954,"month":9,"state":"OH","stateName":"Ohio","scale":2,"scaleLabel":"F2","lengthMiles":0,"deaths":1,"injuries":3}},{"type":"Feature","geometry":{"type":"Point","coordinates":[-83.13,39.9]},"properties":{"id":"ncei-1954-10083326","year":1954,"month":10,"state":"OH","stateName":"Ohio","scale":1,"scaleLabel":"F1","lengthMiles":0,"deaths":0,"injuries":0}},{"type":"Feature","geometry":{"type":"Point","coordinates":[-101.67,47.92]},"properties":{"id":"ncei-1954-10089680","year":1954,"month":6,"state":"ND","stateName":"North Dakota","scale":2,"scaleLabel":"F2","lengthMiles":0,"deaths":0,"injuries":0}},{"type":"Feature","geometry":{"type":"Point","coordinates":[-101.83,46.13]},"properties":{"id":"ncei-1954-10089681","year":1954,"month":6,"state":"ND","stateName":"North Dakota","scale":0,"scaleLabel":"F0","lengthMiles":0,"deaths":0,"injuries":0}},{"type":"Feature","geometry":{"type":"Point","coordinates":[-99.87,47.7]},"properties":{"id":"ncei-1954-10089682","year":1954,"month":7,"state":"ND","stateName":"North Dakota","scale":2,"scaleLabel":"F2","lengthMiles":2,"deaths":0,"injuries":0}},{"type":"Feature","geometry":{"type":"Point","coordinates":[-103.5,46.92]},"properties":{"id":"ncei-1954-10089683","year":1954,"month":8,"state":"ND","stateName":"North Dakota","scale":-1,"scaleLabel":"Unknown","lengthMiles":0,"deaths":0,"injuries":0}},{"type":"Feature","geometry":{"type":"Point","coordinates":[-99.42,35.03]},"properties":{"id":"ncei-1954-10098430","year":1954,"month":4,"state":"OK","stateName":"Oklahoma","scale":0,"scaleLabel":"F0","lengthMiles":0,"deaths":0,"injuries":0}},{"type":"Feature","geometry":{"type":"Point","coordinates":[-99.75,35.8]},"properties":{"id":"ncei-1954-10098431","year":1954,"month":4,"state":"OK","stateName":"Oklahoma","scale":2,"scaleLabel":"F2","lengthMiles":33.3,"deaths":0,"injuries":0}},{"type":"Feature","geometry":{"type":"Point","coordinates":[-98.3,36.67]},"properties":{"id":"ncei-1954-10098432","year":1954,"month":4,"state":"OK","stateName":"Oklahoma","scale":1,"scaleLabel":"F1","lengthMiles":0.8,"deaths":0,"injuries":0}},{"type":"Feature","geometry":{"type":"Point","coordinates":[-99.2,36.1]},"properties":{"id":"ncei-1954-10098433","year":1954,"month":4,"state":"OK","stateName":"Oklahoma","scale":1,"scaleLabel":"F1","lengthMiles":0,"deaths":0,"injuries":0}},{"type":"Feature","geometry":{"type":"Point","coordinates":[-98.1,35.93]},"properties":{"id":"ncei-1954-10098646","year":1954,"month":4,"state":"OK","stateName":"Oklahoma","scale":2,"scaleLabel":"F2","lengthMiles":4.6,"deaths":0,"injuries":2}},{"type":"Feature","geometry":{"type":"Point","coordinates":[-97.8,35.5]},"properties":{"id":"ncei-1954-10098647","year":1954,"month":4,"state":"OK","stateName":"Oklahoma","scale":2,"scaleLabel":"F2","lengthMiles":2,"deaths":0,"injuries":0}},{"type":"Feature","geometry":{"type":"Point","coordinates":[-98.3,34.6]},"properties":{"id":"ncei-1954-10098648","year":1954,"month":4,"state":"OK","stateName":"Oklahoma","scale":1,"scaleLabel":"F1","lengthMiles":0,"deaths":0,"injuries":0}},{"type":"Feature","geometry":{"type":"Point","coordinates":[-96.82,34.92]},"properties":{"id":"ncei-1954-10098649","year":1954,"month":4,"state":"OK","stateName":"Oklahoma","scale":1,"scaleLabel":"F1","lengthMiles":0,"deaths":0,"injuries":0}},{"type":"Feature","geometry":{"type":"Point","coordinates":[-95.52,34]},"properties":{"id":"ncei-1954-10098650","year":1954,"month":4,"state":"OK","stateName":"Oklahoma","scale":3,"scaleLabel":"F3","lengthMiles":1,"deaths":0,"injuries":12}},{"type":"Feature","geometry":{"type":"Point","coordinates":[-95.17,35.25]},"properties":{"id":"ncei-1954-10098651","year":1954,"month":4,"state":"OK","stateName":"Oklahoma","scale":1,"scaleLabel":"F1","lengthMiles":0,"deaths":0,"injuries":0}},{"type":"Feature","geometry":{"type":"Point","coordinates":[-99.18,34.2]},"properties":{"id":"ncei-1954-10098652","year":1954,"month":5,"state":"OK","stateName":"Oklahoma","scale":4,"scaleLabel":"F4","lengthMiles":34.6,"deaths":0,"injuries":0}},{"type":"Feature","geometry":{"type":"Point","coordinates":[-99.1,34.25]},"properties":{"id":"ncei-1954-10098653","year":1954,"month":5,"state":"OK","stateName":"Oklahoma","scale":2,"scaleLabel":"F2","lengthMiles":0,"deaths":0,"injuries":0}},{"type":"Feature","geometry":{"type":"Point","coordinates":[-98.62,34.23]},"properties":{"id":"ncei-1954-10098654","year":1954,"month":5,"state":"OK","stateName":"Oklahoma","scale":3,"scaleLabel":"F3","lengthMiles":1.9,"deaths":0,"injuries":0}},{"type":"Feature","geometry":{"type":"Point","coordinates":[-98.6,34.25]},"properties":{"id":"ncei-1954-10098655","year":1954,"month":5,"state":"OK","stateName":"Oklahoma","scale":3,"scaleLabel":"F3","lengthMiles":10.4,"deaths":3,"injuries":3}},{"type":"Feature","geometry":{"type":"Point","coordinates":[-98.48,35]},"properties":{"id":"ncei-1954-10098656","year":1954,"month":5,"state":"OK","stateName":"Oklahoma","scale":2,"scaleLabel":"F2","lengthMiles":11.6,"deaths":0,"injuries":0}},{"type":"Feature","geometry":{"type":"Point","coordinates":[-96.92,36.23]},"properties":{"id":"ncei-1954-10098657","year":1954,"month":5,"state":"OK","stateName":"Oklahoma","scale":2,"scaleLabel":"F2","lengthMiles":1.9,"deaths":0,"injuries":7}},{"type":"Feature","geometry":{"type":"Point","coordinates":[-96.9,36.25]},"properties":{"id":"ncei-1954-10098658","year":1954,"month":5,"state":"OK","stateName":"Oklahoma","scale":2,"scaleLabel":"F2","lengthMiles":5.9,"deaths":0,"injuries":0}},{"type":"Feature","geometry":{"type":"Point","coordinates":[-98,34.62]},"properties":{"id":"ncei-1954-10098659","year":1954,"month":5,"state":"OK","stateName":"Oklahoma","scale":3,"scaleLabel":"F3","lengthMiles":6.2,"deaths":0,"injuries":0}},{"type":"Feature","geometry":{"type":"Point","coordinates":[-98.25,34.17]},"properties":{"id":"ncei-1954-10098660","year":1954,"month":5,"state":"OK","stateName":"Oklahoma","scale":3,"scaleLabel":"F3","lengthMiles":8,"deaths":0,"injuries":0}},{"type":"Feature","geometry":{"type":"Point","coordinates":[-96.18,34.53]},"properties":{"id":"ncei-1954-10098661","year":1954,"month":5,"state":"OK","stateName":"Oklahoma","scale":1,"scaleLabel":"F1","lengthMiles":0.1,"deaths":0,"injuries":0}},{"type":"Feature","geometry":{"type":"Point","coordinates":[-96.58,34.87]},"properties":{"id":"ncei-1954-10098662","year":1954,"month":5,"state":"OK","stateName":"Oklahoma","scale":2,"scaleLabel":"F2","lengthMiles":8.9,"deaths":0,"injuries":0}},{"type":"Feature","geometry":{"type":"Point","coordinates":[-96.48,34.97]},"properties":{"id":"ncei-1954-10098663","year":1954,"month":5,"state":"OK","stateName":"Oklahoma","scale":2,"scaleLabel":"F2","lengthMiles":27.6,"deaths":0,"injuries":6}},{"type":"Feature","geometry":{"type":"Point","coordinates":[-96.18,35.28]},"properties":{"id":"ncei-1954-10098664","year":1954,"month":5,"state":"OK","stateName":"Oklahoma","scale":2,"scaleLabel":"F2","lengthMiles":2.7,"deaths":0,"injuries":0}},{"type":"Feature","geometry":{"type":"Point","coordinates":[-97.37,35.4]},"properties":{"id":"ncei-1954-10098665","year":1954,"month":5,"state":"OK","stateName":"Oklahoma","scale":4,"scaleLabel":"F4","lengthMiles":26.7,"deaths":0,"injuries":0}},{"type":"Feature","geometry":{"type":"Point","coordinates":[-96.9,35.47]},"properties":{"id":"ncei-1954-10098666","year":1954,"month":5,"state":"OK","stateName":"Oklahoma","scale":4,"scaleLabel":"F4","lengthMiles":17.8,"deaths":0,"injuries":65}},{"type":"Feature","geometry":{"type":"Point","coordinates":[-96.77,35.7]},"properties":{"id":"ncei-1954-10098667","year":1954,"month":5,"state":"OK","stateName":"Oklahoma","scale":4,"scaleLabel":"F4","lengthMiles":9,"deaths":0,"injuries":0}},{"type":"Feature","geometry":{"type":"Point","coordinates":[-96.62,35.75]},"properties":{"id":"ncei-1954-10098668","year":1954,"month":5,"state":"OK","stateName":"Oklahoma","scale":4,"scaleLabel":"F4","lengthMiles":5.7,"deaths":0,"injuries":0}},{"type":"Feature","geometry":{"type":"Point","coordinates":[-96.68,35.15]},"properties":{"id":"ncei-1954-10098669","year":1954,"month":5,"state":"OK","stateName":"Oklahoma","scale":2,"scaleLabel":"F2","lengthMiles":19.7,"deaths":0,"injuries":0}},{"type":"Feature","geometry":{"type":"Point","coordinates":[-96.5,35.37]},"properties":{"id":"ncei-1954-10098670","year":1954,"month":5,"state":"OK","stateName":"Oklahoma","scale":2,"scaleLabel":"F2","lengthMiles":5.7,"deaths":0,"injuries":0}},{"type":"Feature","geometry":{"type":"Point","coordinates":[-95.87,34.88]},"properties":{"id":"ncei-1954-10098671","year":1954,"month":5,"state":"OK","stateName":"Oklahoma","scale":2,"scaleLabel":"F2","lengthMiles":32.9,"deaths":0,"injuries":6}},{"type":"Feature","geometry":{"type":"Point","coordinates":[-95.62,35.22]},"properties":{"id":"ncei-1954-10098672","year":1954,"month":5,"state":"OK","stateName":"Oklahoma","scale":2,"scaleLabel":"F2","lengthMiles":4.3,"deaths":0,"injuries":0}},{"type":"Feature","geometry":{"type":"Point","coordinates":[-94.67,33.78]},"properties":{"id":"ncei-1954-10098673","year":1954,"month":5,"state":"OK","stateName":"Oklahoma","scale":1,"scaleLabel":"F1","lengthMiles":2,"deaths":0,"injuries":0}},{"type":"Feature","geometry":{"type":"Point","coordinates":[-99.5,34.8]},"properties":{"id":"ncei-1954-10098674","year":1954,"month":5,"state":"OK","stateName":"Oklahoma","scale":1,"scaleLabel":"F1","lengthMiles":0,"deaths":0,"injuries":0}},{"type":"Feature","geometry":{"type":"Point","coordinates":[-96.7,34.3]},"properties":{"id":"ncei-1954-10098675","year":1954,"month":5,"state":"OK","stateName":"Oklahoma","scale":2,"scaleLabel":"F2","lengthMiles":0,"deaths":0,"injuries":0}},{"type":"Feature","geometry":{"type":"Point","coordinates":[-95.27,35.37]},"properties":{"id":"ncei-1954-10098676","year":1954,"month":5,"state":"OK","stateName":"Oklahoma","scale":2,"scaleLabel":"F2","lengthMiles":0,"deaths":0,"injuries":0}},{"type":"Feature","geometry":{"type":"Point","coordinates":[-98.75,35.73]},"properties":{"id":"ncei-1954-10098677","year":1954,"month":5,"state":"OK","stateName":"Oklahoma","scale":0,"scaleLabel":"F0","lengthMiles":0,"deaths":0,"injuries":0}},{"type":"Feature","geometry":{"type":"Point","coordinates":[-95.53,35.48]},"properties":{"id":"ncei-1954-10098678","year":1954,"month":5,"state":"OK","stateName":"Oklahoma","scale":1,"scaleLabel":"F1","lengthMiles":0.1,"deaths":0,"injuries":0}},{"type":"Feature","geometry":{"type":"Point","coordinates":[-97.1,34.48]},"properties":{"id":"ncei-1954-10098679","year":1954,"month":6,"state":"OK","stateName":"Oklahoma","scale":1,"scaleLabel":"F1","lengthMiles":13,"deaths":0,"injuries":0}},{"type":"Feature","geometry":{"type":"Point","coordinates":[-97.07,36.08]},"properties":{"id":"ncei-1954-10098680","year":1954,"month":6,"state":"OK","stateName":"Oklahoma","scale":1,"scaleLabel":"F1","lengthMiles":0,"deaths":0,"injuries":0}},{"type":"Feature","geometry":{"type":"Point","coordinates":[-98.88,36.75]},"properties":{"id":"ncei-1954-10098681","year":1954,"month":6,"state":"OK","stateName":"Oklahoma","scale":0,"scaleLabel":"F0","lengthMiles":0,"deaths":0,"injuries":0}},{"type":"Feature","geometry":{"type":"Point","coordinates":[-95,35.25]},"properties":{"id":"ncei-1954-10098682","year":1954,"month":6,"state":"OK","stateName":"Oklahoma","scale":1,"scaleLabel":"F1","lengthMiles":0.1,"deaths":0,"injuries":0}},{"type":"Feature","geometry":{"type":"Point","coordinates":[-98.95,35.13]},"properties":{"id":"ncei-1954-10098683","year":1954,"month":7,"state":"OK","stateName":"Oklahoma","scale":0,"scaleLabel":"F0","lengthMiles":0.1,"deaths":0,"injuries":0}},{"type":"Feature","geometry":{"type":"Point","coordinates":[-96.7,35.25]},"properties":{"id":"ncei-1954-10098684","year":1954,"month":7,"state":"OK","stateName":"Oklahoma","scale":1,"scaleLabel":"F1","lengthMiles":0.8,"deaths":0,"injuries":0}},{"type":"Feature","geometry":{"type":"Point","coordinates":[-96.33,34.6]},"properties":{"id":"ncei-1954-10098685","year":1954,"month":7,"state":"OK","stateName":"Oklahoma","scale":2,"scaleLabel":"F2","lengthMiles":0.3,"deaths":0,"injuries":0}},{"type":"Feature","geometry":{"type":"Point","coordinates":[-96.9,36.02]},"properties":{"id":"ncei-1954-10098686","year":1954,"month":7,"state":"OK","stateName":"Oklahoma","scale":2,"scaleLabel":"F2","lengthMiles":0.2,"deaths":0,"injuries":1}},{"type":"Feature","geometry":{"type":"Point","coordinates":[-98.95,34.43]},"properties":{"id":"ncei-1954-10098687","year":1954,"month":8,"state":"OK","stateName":"Oklahoma","scale":1,"scaleLabel":"F1","lengthMiles":0.1,"deaths":0,"injuries":0}},{"type":"Feature","geometry":{"type":"Point","coordinates":[-96.3,35]},"properties":{"id":"ncei-1954-10098688","year":1954,"month":8,"state":"OK","stateName":"Oklahoma","scale":1,"scaleLabel":"F1","lengthMiles":9,"deaths":0,"injuries":0}},{"type":"Feature","geometry":{"type":"Point","coordinates":[-96.58,34.62]},"properties":{"id":"ncei-1954-10098689","year":1954,"month":9,"state":"OK","stateName":"Oklahoma","scale":2,"scaleLabel":"F2","lengthMiles":4.5,"deaths":0,"injuries":0}},{"type":"Feature","geometry":{"type":"Point","coordinates":[-96.38,34]},"properties":{"id":"ncei-1954-10098690","year":1954,"month":9,"state":"OK","stateName":"Oklahoma","scale":2,"scaleLabel":"F2","lengthMiles":4.5,"deaths":0,"injuries":1}},{"type":"Feature","geometry":{"type":"Point","coordinates":[-97.58,35.5]},"properties":{"id":"ncei-1954-10098691","year":1954,"month":9,"state":"OK","stateName":"Oklahoma","scale":2,"scaleLabel":"F2","lengthMiles":0.1,"deaths":0,"injuries":0}},{"type":"Feature","geometry":{"type":"Point","coordinates":[-99.7,36.25]},"properties":{"id":"ncei-1954-10098692","year":1954,"month":10,"state":"OK","stateName":"Oklahoma","scale":0,"scaleLabel":"F0","lengthMiles":7.9,"deaths":0,"injuries":0}},{"type":"Feature","geometry":{"type":"Point","coordinates":[-98.17,36.53]},"properties":{"id":"ncei-1954-10099827","year":1954,"month":3,"state":"OK","stateName":"Oklahoma","scale":1,"scaleLabel":"F1","lengthMiles":0,"deaths":0,"injuries":0}},{"type":"Feature","geometry":{"type":"Point","coordinates":[-98.55,35.18]},"properties":{"id":"ncei-1954-10099828","year":1954,"month":3,"state":"OK","stateName":"Oklahoma","scale":2,"scaleLabel":"F2","lengthMiles":4.3,"deaths":0,"injuries":0}},{"type":"Feature","geometry":{"type":"Point","coordinates":[-97.1,36.93]},"properties":{"id":"ncei-1954-10099829","year":1954,"month":3,"state":"OK","stateName":"Oklahoma","scale":2,"scaleLabel":"F2","lengthMiles":2.7,"deaths":0,"injuries":0}},{"type":"Feature","geometry":{"type":"Point","coordinates":[-96.12,36]},"properties":{"id":"ncei-1954-10099830","year":1954,"month":3,"state":"OK","stateName":"Oklahoma","scale":1,"scaleLabel":"F1","lengthMiles":3.6,"deaths":0,"injuries":0}},{"type":"Feature","geometry":{"type":"Point","coordinates":[-95.68,35.82]},"properties":{"id":"ncei-1954-10099831","year":1954,"month":3,"state":"OK","stateName":"Oklahoma","scale":2,"scaleLabel":"F2","lengthMiles":1,"deaths":0,"injuries":0}},{"type":"Feature","geometry":{"type":"Point","coordinates":[-94.97,36.2]},"properties":{"id":"ncei-1954-10099832","year":1954,"month":3,"state":"OK","stateName":"Oklahoma","scale":1,"scaleLabel":"F1","lengthMiles":23.9,"deaths":0,"injuries":0}},{"type":"Feature","geometry":{"type":"Point","coordinates":[-95.15,36.45]},"properties":{"id":"ncei-1954-10099833","year":1954,"month":3,"state":"OK","stateName":"Oklahoma","scale":2,"scaleLabel":"F2","lengthMiles":5.6,"deaths":0,"injuries":0}},{"type":"Feature","geometry":{"type":"Point","coordinates":[-99,35.47]},"properties":{"id":"ncei-1954-10099834","year":1954,"month":4,"state":"OK","stateName":"Oklahoma","scale":1,"scaleLabel":"F1","lengthMiles":0,"deaths":0,"injuries":0}},{"type":"Feature","geometry":{"type":"Point","coordinates":[-98.55,35.1]},"properties":{"id":"ncei-1954-10099835","year":1954,"month":4,"state":"OK","stateName":"Oklahoma","scale":0,"scaleLabel":"F0","lengthMiles":1,"deaths":0,"injuries":0}},{"type":"Feature","geometry":{"type":"Point","coordinates":[-97.4,34.73]},"properties":{"id":"ncei-1954-10099836","year":1954,"month":4,"state":"OK","stateName":"Oklahoma","scale":1,"scaleLabel":"F1","lengthMiles":0,"deaths":0,"injuries":0}},{"type":"Feature","geometry":{"type":"Point","coordinates":[-77.53,40.73]},"properties":{"id":"ncei-1954-10104950","year":1954,"month":3,"state":"PA","stateName":"Pennsylvania","scale":0,"scaleLabel":"F0","lengthMiles":2,"deaths":0,"injuries":0}},{"type":"Feature","geometry":{"type":"Point","coordinates":[-123.93,45.53]},"properties":{"id":"ncei-1954-10105003","year":1954,"month":10,"state":"OR","stateName":"Oregon","scale":0,"scaleLabel":"F0","lengthMiles":0.5,"deaths":0,"injuries":0}},{"type":"Feature","geometry":{"type":"Point","coordinates":[-75.92,40.35]},"properties":{"id":"ncei-1954-10110310","year":1954,"month":4,"state":"PA","stateName":"Pennsylvania","scale":1,"scaleLabel":"F1","lengthMiles":2,"deaths":0,"injuries":0}},{"type":"Feature","geometry":{"type":"Point","coordinates":[-98.1,43.5]},"properties":{"id":"ncei-1954-10110977","year":1954,"month":5,"state":"SD","stateName":"South Dakota","scale":2,"scaleLabel":"F2","lengthMiles":1,"deaths":0,"injuries":1}},{"type":"Feature","geometry":{"type":"Point","coordinates":[-97.78,43.62]},"properties":{"id":"ncei-1954-10110978","year":1954,"month":5,"state":"SD","stateName":"South Dakota","scale":2,"scaleLabel":"F2","lengthMiles":2.3,"deaths":0,"injuries":1}},{"type":"Feature","geometry":{"type":"Point","coordinates":[-97.55,43.78]},"properties":{"id":"ncei-1954-10110979","year":1954,"month":5,"state":"SD","stateName":"South Dakota","scale":2,"scaleLabel":"F2","lengthMiles":9,"deaths":0,"injuries":0}},{"type":"Feature","geometry":{"type":"Point","coordinates":[-96.67,42.68]},"properties":{"id":"ncei-1954-10110980","year":1954,"month":5,"state":"SD","stateName":"South Dakota","scale":1,"scaleLabel":"F1","lengthMiles":0,"deaths":0,"injuries":0}},{"type":"Feature","geometry":{"type":"Point","coordinates":[-99.18,43.72]},"properties":{"id":"ncei-1954-10110981","year":1954,"month":6,"state":"SD","stateName":"South Dakota","scale":2,"scaleLabel":"F2","lengthMiles":1,"deaths":0,"injuries":0}},{"type":"Feature","geometry":{"type":"Point","coordinates":[-98.1,44.63]},"properties":{"id":"ncei-1954-10110982","year":1954,"month":6,"state":"SD","stateName":"South Dakota","scale":1,"scaleLabel":"F1","lengthMiles":1,"deaths":0,"injuries":0}},{"type":"Feature","geometry":{"type":"Point","coordinates":[-97.97,45.28]},"properties":{"id":"ncei-1954-10110983","year":1954,"month":6,"state":"SD","stateName":"South Dakota","scale":1,"scaleLabel":"F1","lengthMiles":0,"deaths":0,"injuries":0}},{"type":"Feature","geometry":{"type":"Point","coordinates":[-97.88,42.85]},"properties":{"id":"ncei-1954-10110984","year":1954,"month":6,"state":"SD","stateName":"South Dakota","scale":3,"scaleLabel":"F3","lengthMiles":10.6,"deaths":0,"injuries":0}},{"type":"Feature","geometry":{"type":"Point","coordinates":[-97.5,43.03]},"properties":{"id":"ncei-1954-10110985","year":1954,"month":6,"state":"SD","stateName":"South Dakota","scale":3,"scaleLabel":"F3","lengthMiles":0,"deaths":0,"injuries":0}},{"type":"Feature","geometry":{"type":"Point","coordinates":[-98.57,45.25]},"properties":{"id":"ncei-1954-10110986","year":1954,"month":6,"state":"SD","stateName":"South Dakota","scale":1,"scaleLabel":"F1","lengthMiles":0,"deaths":0,"injuries":0}},{"type":"Feature","geometry":{"type":"Point","coordinates":[-97.32,43.05]},"properties":{"id":"ncei-1954-10110987","year":1954,"month":6,"state":"SD","stateName":"South Dakota","scale":3,"scaleLabel":"F3","lengthMiles":12.8,"deaths":0,"injuries":0}},{"type":"Feature","geometry":{"type":"Point","coordinates":[-97.27,43.42]},"properties":{"id":"ncei-1954-10110988","year":1954,"month":6,"state":"SD","stateName":"South Dakota","scale":2,"scaleLabel":"F2","lengthMiles":2.7,"deaths":0,"injuries":0}},{"type":"Feature","geometry":{"type":"Point","coordinates":[-96.72,43.48]},"properties":{"id":"ncei-1954-10110989","year":1954,"month":6,"state":"SD","stateName":"South Dakota","scale":3,"scaleLabel":"F3","lengthMiles":0,"deaths":0,"injuries":0}},{"type":"Feature","geometry":{"type":"Point","coordinates":[-103.73,44.38]},"properties":{"id":"ncei-1954-10110990","year":1954,"month":7,"state":"SD","stateName":"South Dakota","scale":1,"scaleLabel":"F1","lengthMiles":0.3,"deaths":0,"injuries":0}},{"type":"Feature","geometry":{"type":"Point","coordinates":[-98.33,43.05]},"properties":{"id":"ncei-1954-10110991","year":1954,"month":7,"state":"SD","stateName":"South Dakota","scale":2,"scaleLabel":"F2","lengthMiles":4.1,"deaths":0,"injuries":0}},{"type":"Feature","geometry":{"type":"Point","coordinates":[-99.47,43.27]},"properties":{"id":"ncei-1954-10110992","year":1954,"month":8,"state":"SD","stateName":"South Dakota","scale":2,"scaleLabel":"F2","lengthMiles":14.2,"deaths":0,"injuries":2}},{"type":"Feature","geometry":{"type":"Point","coordinates":[-81.65,35.07]},"properties":{"id":"ncei-1954-10117462","year":1954,"month":2,"state":"SC","stateName":"South Carolina","scale":1,"scaleLabel":"F1","lengthMiles":1,"deaths":0,"injuries":0}},{"type":"Feature","geometry":{"type":"Point","coordinates":[-75.65,41.67]},"properties":{"id":"ncei-1954-10117519","year":1954,"month":4,"state":"PA","stateName":"Pennsylvania","scale":2,"scaleLabel":"F2","lengthMiles":2,"deaths":0,"injuries":0}},{"type":"Feature","geometry":{"type":"Point","coordinates":[-79.07,39.77]},"properties":{"id":"ncei-1954-10117520","year":1954,"month":4,"state":"PA","stateName":"Pennsylvania","scale":0,"scaleLabel":"F0","lengthMiles":1,"deaths":0,"injuries":0}},{"type":"Feature","geometry":{"type":"Point","coordinates":[-77.23,39.83]},"properties":{"id":"ncei-1954-10117521","year":1954,"month":4,"state":"PA","stateName":"Pennsylvania","scale":2,"scaleLabel":"F2","lengthMiles":13.3,"deaths":0,"injuries":0}},{"type":"Feature","geometry":{"type":"Point","coordinates":[-78.67,40.75]},"properties":{"id":"ncei-1954-10117522","year":1954,"month":4,"state":"PA","stateName":"Pennsylvania","scale":1,"scaleLabel":"F1","lengthMiles":1,"deaths":0,"injuries":0}},{"type":"Feature","geometry":{"type":"Point","coordinates":[-77.77,41.33]},"properties":{"id":"ncei-1954-10117523","year":1954,"month":5,"state":"PA","stateName":"Pennsylvania","scale":0,"scaleLabel":"F0","lengthMiles":0.8,"deaths":0,"injuries":0}},{"type":"Feature","geometry":{"type":"Point","coordinates":[-80.08,41.3]},"properties":{"id":"ncei-1954-10117524","year":1954,"month":6,"state":"PA","stateName":"Pennsylvania","scale":2,"scaleLabel":"F2","lengthMiles":0,"deaths":0,"injuries":3}},{"type":"Feature","geometry":{"type":"Point","coordinates":[-79.5,39.87]},"properties":{"id":"ncei-1954-10117525","year":1954,"month":6,"state":"PA","stateName":"Pennsylvania","scale":0,"scaleLabel":"F0","lengthMiles":0,"deaths":0,"injuries":0}},{"type":"Feature","geometry":{"type":"Point","coordinates":[-79.8,40.92]},"properties":{"id":"ncei-1954-10117526","year":1954,"month":6,"state":"PA","stateName":"Pennsylvania","scale":2,"scaleLabel":"F2","lengthMiles":3,"deaths":0,"injuries":0}},{"type":"Feature","geometry":{"type":"Point","coordinates":[-79.55,41.23]},"properties":{"id":"ncei-1954-10117527","year":1954,"month":6,"state":"PA","stateName":"Pennsylvania","scale":2,"scaleLabel":"F2","lengthMiles":0,"deaths":0,"injuries":0}},{"type":"Feature","geometry":{"type":"Point","coordinates":[-80.25,40.75]},"properties":{"id":"ncei-1954-10117528","year":1954,"month":6,"state":"PA","stateName":"Pennsylvania","scale":2,"scaleLabel":"F2","lengthMiles":7.3,"deaths":0,"injuries":1}},{"type":"Feature","geometry":{"type":"Point","coordinates":[-80.12,40.28]},"properties":{"id":"ncei-1954-10117529","year":1954,"month":6,"state":"PA","stateName":"Pennsylvania","scale":0,"scaleLabel":"F0","lengthMiles":0,"deaths":0,"injuries":0}},{"type":"Feature","geometry":{"type":"Point","coordinates":[-80.18,40.85]},"properties":{"id":"ncei-1954-10117530","year":1954,"month":6,"state":"PA","stateName":"Pennsylvania","scale":2,"scaleLabel":"F2","lengthMiles":0,"deaths":0,"injuries":2}},{"type":"Feature","geometry":{"type":"Point","coordinates":[-78.18,41.68]},"properties":{"id":"ncei-1954-10117531","year":1954,"month":6,"state":"PA","stateName":"Pennsylvania","scale":2,"scaleLabel":"F2","lengthMiles":0.2,"deaths":0,"injuries":0}},{"type":"Feature","geometry":{"type":"Point","coordinates":[-79.68,40.25]},"properties":{"id":"ncei-1954-10117532","year":1954,"month":6,"state":"PA","stateName":"Pennsylvania","scale":2,"scaleLabel":"F2","lengthMiles":0,"deaths":0,"injuries":4}},{"type":"Feature","geometry":{"type":"Point","coordinates":[-78.92,40.92]},"properties":{"id":"ncei-1954-10117533","year":1954,"month":7,"state":"PA","stateName":"Pennsylvania","scale":1,"scaleLabel":"F1","lengthMiles":0,"deaths":0,"injuries":0}},{"type":"Feature","geometry":{"type":"Point","coordinates":[-80.08,42.12]},"properties":{"id":"ncei-1954-10117534","year":1954,"month":7,"state":"PA","stateName":"Pennsylvania","scale":1,"scaleLabel":"F1","lengthMiles":0,"deaths":0,"injuries":0}},{"type":"Feature","geometry":{"type":"Point","coordinates":[-76.67,41.52]},"properties":{"id":"ncei-1954-10117747","year":1954,"month":9,"state":"PA","stateName":"Pennsylvania","scale":2,"scaleLabel":"F2","lengthMiles":12.8,"deaths":0,"injuries":0}},{"type":"Feature","geometry":{"type":"Point","coordinates":[-76.18,41.83]},"properties":{"id":"ncei-1954-10117748","year":1954,"month":9,"state":"PA","stateName":"Pennsylvania","scale":2,"scaleLabel":"F2","lengthMiles":1,"deaths":0,"injuries":0}},{"type":"Feature","geometry":{"type":"Point","coordinates":[-76.32,40.77]},"properties":{"id":"ncei-1954-10117749","year":1954,"month":9,"state":"PA","stateName":"Pennsylvania","scale":0,"scaleLabel":"F0","lengthMiles":0,"deaths":0,"injuries":0}},{"type":"Feature","geometry":{"type":"Point","coordinates":[-80.47,41.25]},"properties":{"id":"ncei-1954-10117750","year":1954,"month":9,"state":"PA","stateName":"Pennsylvania","scale":2,"scaleLabel":"F2","lengthMiles":0,"deaths":0,"injuries":0}},{"type":"Feature","geometry":{"type":"Point","coordinates":[-96.12,30.92]},"properties":{"id":"ncei-1954-10119359","year":1954,"month":10,"state":"TX","stateName":"Texas","scale":2,"scaleLabel":"F2","lengthMiles":7.1,"deaths":0,"injuries":0}},{"type":"Feature","geometry":{"type":"Point","coordinates":[-96.9,28.65]},"properties":{"id":"ncei-1954-10119360","year":1954,"month":10,"state":"TX","stateName":"Texas","scale":1,"scaleLabel":"F1","lengthMiles":7.1,"deaths":0,"injuries":1}},{"type":"Feature","geometry":{"type":"Point","coordinates":[-97.43,28.15]},"properties":{"id":"ncei-1954-10119361","year":1954,"month":10,"state":"TX","stateName":"Texas","scale":3,"scaleLabel":"F3","lengthMiles":20.5,"deaths":0,"injuries":25}},{"type":"Feature","geometry":{"type":"Point","coordinates":[-98.68,32.22]},"properties":{"id":"ncei-1954-10121828","year":1954,"month":2,"state":"TX","stateName":"Texas","scale":2,"scaleLabel":"F2","lengthMiles":3,"deaths":0,"injuries":2}},{"type":"Feature","geometry":{"type":"Point","coordinates":[-95.28,32.95]},"properties":{"id":"ncei-1954-10121829","year":1954,"month":2,"state":"TX","stateName":"Texas","scale":1,"scaleLabel":"F1","lengthMiles":2.7,"deaths":0,"injuries":0}},{"type":"Feature","geometry":{"type":"Point","coordinates":[-95.45,30.32]},"properties":{"id":"ncei-1954-10121830","year":1954,"month":2,"state":"TX","stateName":"Texas","scale":2,"scaleLabel":"F2","lengthMiles":9.5,"deaths":0,"injuries":7}},{"type":"Feature","geometry":{"type":"Point","coordinates":[-96.82,33.15]},"properties":{"id":"ncei-1954-10121831","year":1954,"month":3,"state":"TX","stateName":"Texas","scale":1,"scaleLabel":"F1","lengthMiles":4.9,"deaths":0,"injuries":4}},{"type":"Feature","geometry":{"type":"Point","coordinates":[-103.73,31.93]},"properties":{"id":"ncei-1954-10121832","year":1954,"month":4,"state":"TX","stateName":"Texas","scale":0,"scaleLabel":"F0","lengthMiles":0,"deaths":0,"injuries":0}},{"type":"Feature","geometry":{"type":"Point","coordinates":[-96.92,29.68]},"properties":{"id":"ncei-1954-10121833","year":1954,"month":4,"state":"TX","stateName":"Texas","scale":1,"scaleLabel":"F1","lengthMiles":2,"deaths":0,"injuries":0}},{"type":"Feature","geometry":{"type":"Point","coordinates":[-93.85,30.67]},"properties":{"id":"ncei-1954-10121834","year":1954,"month":4,"state":"TX","stateName":"Texas","scale":2,"scaleLabel":"F2","lengthMiles":1.3,"deaths":0,"injuries":0}},{"type":"Feature","geometry":{"type":"Point","coordinates":[-95.55,29.85]},"properties":{"id":"ncei-1954-10121835","year":1954,"month":4,"state":"TX","stateName":"Texas","scale":1,"scaleLabel":"F1","lengthMiles":3.3,"deaths":0,"injuries":0}},{"type":"Feature","geometry":{"type":"Point","coordinates":[-98.33,29.25]},"properties":{"id":"ncei-1954-10121836","year":1954,"month":4,"state":"TX","stateName":"Texas","scale":1,"scaleLabel":"F1","lengthMiles":0,"deaths":0,"injuries":0}},{"type":"Feature","geometry":{"type":"Point","coordinates":[-96.08,28.95]},"properties":{"id":"ncei-1954-10121837","year":1954,"month":4,"state":"TX","stateName":"Texas","scale":1,"scaleLabel":"F1","lengthMiles":1,"deaths":0,"injuries":0}},{"type":"Feature","geometry":{"type":"Point","coordinates":[-102.88,31.03]},"properties":{"id":"ncei-1954-10121838","year":1954,"month":4,"state":"TX","stateName":"Texas","scale":2,"scaleLabel":"F2","lengthMiles":1,"deaths":0,"injuries":0}},{"type":"Feature","geometry":{"type":"Point","coordinates":[-101.43,32.77]},"properties":{"id":"ncei-1954-10121839","year":1954,"month":4,"state":"TX","stateName":"Texas","scale":-1,"scaleLabel":"Unknown","lengthMiles":0,"deaths":0,"injuries":0}},{"type":"Feature","geometry":{"type":"Point","coordinates":[-101.97,32.57]},"properties":{"id":"ncei-1954-10121840","year":1954,"month":4,"state":"TX","stateName":"Texas","scale":0,"scaleLabel":"F0","lengthMiles":2,"deaths":0,"injuries":0}},{"type":"Feature","geometry":{"type":"Point","coordinates":[-101.53,33.07]},"properties":{"id":"ncei-1954-10122695","year":1954,"month":4,"state":"TX","stateName":"Texas","scale":0,"scaleLabel":"F0","lengthMiles":1,"deaths":0,"injuries":0}},{"type":"Feature","geometry":{"type":"Point","coordinates":[-101.47,32.42]},"properties":{"id":"ncei-1954-10122696","year":1954,"month":4,"state":"TX","stateName":"Texas","scale":1,"scaleLabel":"F1","lengthMiles":2,"deaths":0,"injuries":0}},{"type":"Feature","geometry":{"type":"Point","coordinates":[-99.95,31.73]},"properties":{"id":"ncei-1954-10122697","year":1954,"month":4,"state":"TX","stateName":"Texas","scale":2,"scaleLabel":"F2","lengthMiles":11.5,"deaths":0,"injuries":0}},{"type":"Feature","geometry":{"type":"Point","coordinates":[-97.47,31.78]},"properties":{"id":"ncei-1954-10122698","year":1954,"month":4,"state":"TX","stateName":"Texas","scale":1,"scaleLabel":"F1","lengthMiles":2,"deaths":0,"injuries":1}},{"type":"Feature","geometry":{"type":"Point","coordinates":[-99.95,31.85]},"properties":{"id":"ncei-1954-10122699","year":1954,"month":4,"state":"TX","stateName":"Texas","scale":1,"scaleLabel":"F1","lengthMiles":0,"deaths":0,"injuries":1}},{"type":"Feature","geometry":{"type":"Point","coordinates":[-99.75,32.62]},"properties":{"id":"ncei-1954-10122700","year":1954,"month":4,"state":"TX","stateName":"Texas","scale":1,"scaleLabel":"F1","lengthMiles":3.6,"deaths":0,"injuries":0}},{"type":"Feature","geometry":{"type":"Point","coordinates":[-97.98,31.85]},"properties":{"id":"ncei-1954-10122701","year":1954,"month":4,"state":"TX","stateName":"Texas","scale":1,"scaleLabel":"F1","lengthMiles":6.1,"deaths":0,"injuries":0}},{"type":"Feature","geometry":{"type":"Point","coordinates":[-97.88,29.98]},"properties":{"id":"ncei-1954-10122702","year":1954,"month":4,"state":"TX","stateName":"Texas","scale":1,"scaleLabel":"F1","lengthMiles":15,"deaths":0,"injuries":0}},{"type":"Feature","geometry":{"type":"Point","coordinates":[-97.45,30.42]},"properties":{"id":"ncei-1954-10122703","year":1954,"month":4,"state":"TX","stateName":"Texas","scale":3,"scaleLabel":"F3","lengthMiles":3,"deaths":0,"injuries":0}},{"type":"Feature","geometry":{"type":"Point","coordinates":[-97.42,30.43]},"properties":{"id":"ncei-1954-10122704","year":1954,"month":4,"state":"TX","stateName":"Texas","scale":3,"scaleLabel":"F3","lengthMiles":18.1,"deaths":0,"injuries":6}},{"type":"Feature","geometry":{"type":"Point","coordinates":[-96.97,30.1]},"properties":{"id":"ncei-1954-10122705","year":1954,"month":4,"state":"TX","stateName":"Texas","scale":2,"scaleLabel":"F2","lengthMiles":3,"deaths":0,"injuries":2}},{"type":"Feature","geometry":{"type":"Point","coordinates":[-97.2,30.62]},"properties":{"id":"ncei-1954-10122706","year":1954,"month":4,"state":"TX","stateName":"Texas","scale":3,"scaleLabel":"F3","lengthMiles":118.8,"deaths":0,"injuries":0}},{"type":"Feature","geometry":{"type":"Point","coordinates":[-96.82,30.13]},"properties":{"id":"ncei-1954-10122707","year":1954,"month":4,"state":"TX","stateName":"Texas","scale":2,"scaleLabel":"F2","lengthMiles":12.8,"deaths":0,"injuries":0}},{"type":"Feature","geometry":{"type":"Point","coordinates":[-96.33,30.63]},"properties":{"id":"ncei-1954-10122708","year":1954,"month":4,"state":"TX","stateName":"Texas","scale":2,"scaleLabel":"F2","lengthMiles":1.9,"deaths":0,"injuries":0}},{"type":"Feature","geometry":{"type":"Point","coordinates":[-95.12,31.07]},"properties":{"id":"ncei-1954-10122709","year":1954,"month":4,"state":"TX","stateName":"Texas","scale":2,"scaleLabel":"F2","lengthMiles":17.8,"deaths":0,"injuries":13}},{"type":"Feature","geometry":{"type":"Point","coordinates":[-94.85,31.18]},"properties":{"id":"ncei-1954-10122710","year":1954,"month":4,"state":"TX","stateName":"Texas","scale":2,"scaleLabel":"F2","lengthMiles":25.9,"deaths":0,"injuries":12}},{"type":"Feature","geometry":{"type":"Point","coordinates":[-94.47,31.37]},"properties":{"id":"ncei-1954-10122923","year":1954,"month":4,"state":"TX","stateName":"Texas","scale":2,"scaleLabel":"F2","lengthMiles":25.1,"deaths":0,"injuries":0}},{"type":"Feature","geometry":{"type":"Point","coordinates":[-94.72,32.92]},"properties":{"id":"ncei-1954-10122924","year":1954,"month":4,"state":"TX","stateName":"Texas","scale":3,"scaleLabel":"F3","lengthMiles":3.3,"deaths":0,"injuries":0}},{"type":"Feature","geometry":{"type":"Point","coordinates":[-94.67,32.93]},"properties":{"id":"ncei-1954-10122925","year":1954,"month":4,"state":"TX","stateName":"Texas","scale":3,"scaleLabel":"F3","lengthMiles":39.2,"deaths":0,"injuries":1}},{"type":"Feature","geometry":{"type":"Point","coordinates":[-94.63,33.4]},"properties":{"id":"ncei-1954-10122926","year":1954,"month":4,"state":"TX","stateName":"Texas","scale":3,"scaleLabel":"F3","lengthMiles":19.2,"deaths":0,"injuries":0}},{"type":"Feature","geometry":{"type":"Point","coordinates":[-99.72,33.98]},"properties":{"id":"ncei-1954-10122927","year":1954,"month":5,"state":"TX","stateName":"Texas","scale":4,"scaleLabel":"F4","lengthMiles":15.4,"deaths":0,"injuries":0}},{"type":"Feature","geometry":{"type":"Point","coordinates":[-99.47,34.07]},"properties":{"id":"ncei-1954-10122928","year":1954,"month":5,"state":"TX","stateName":"Texas","scale":4,"scaleLabel":"F4","lengthMiles":18.6,"deaths":0,"injuries":2}},{"type":"Feature","geometry":{"type":"Point","coordinates":[-98.38,33.43]},"properties":{"id":"ncei-1954-10122929","year":1954,"month":5,"state":"TX","stateName":"Texas","scale":1,"scaleLabel":"F1","lengthMiles":1,"deaths":0,"injuries":4}},{"type":"Feature","geometry":{"type":"Point","coordinates":[-96.18,33.6]},"properties":{"id":"ncei-1954-10122930","year":1954,"month":5,"state":"TX","stateName":"Texas","scale":1,"scaleLabel":"F1","lengthMiles":1,"deaths":0,"injuries":0}},{"type":"Feature","geometry":{"type":"Point","coordinates":[-98.15,33.55]},"properties":{"id":"ncei-1954-10122931","year":1954,"month":5,"state":"TX","stateName":"Texas","scale":2,"scaleLabel":"F2","lengthMiles":1.3,"deaths":0,"injuries":0}},{"type":"Feature","geometry":{"type":"Point","coordinates":[-98.55,32.12]},"properties":{"id":"ncei-1954-10122932","year":1954,"month":5,"state":"TX","stateName":"Texas","scale":1,"scaleLabel":"F1","lengthMiles":0,"deaths":0,"injuries":0}},{"type":"Feature","geometry":{"type":"Point","coordinates":[-94.95,32.53]},"properties":{"id":"ncei-1954-10122933","year":1954,"month":5,"state":"TX","stateName":"Texas","scale":2,"scaleLabel":"F2","lengthMiles":0,"deaths":0,"injuries":0}},{"type":"Feature","geometry":{"type":"Point","coordinates":[-95.67,32.22]},"properties":{"id":"ncei-1954-10122934","year":1954,"month":5,"state":"TX","stateName":"Texas","scale":3,"scaleLabel":"F3","lengthMiles":0,"deaths":0,"injuries":4}},{"type":"Feature","geometry":{"type":"Point","coordinates":[-96.02,33.27]},"properties":{"id":"ncei-1954-10122935","year":1954,"month":5,"state":"TX","stateName":"Texas","scale":1,"scaleLabel":"F1","lengthMiles":0,"deaths":0,"injuries":0}},{"type":"Feature","geometry":{"type":"Point","coordinates":[-99.08,32.2]},"properties":{"id":"ncei-1954-10122936","year":1954,"month":5,"state":"TX","stateName":"Texas","scale":1,"scaleLabel":"F1","lengthMiles":1,"deaths":0,"injuries":0}},{"type":"Feature","geometry":{"type":"Point","coordinates":[-96.13,31.05]},"properties":{"id":"ncei-1954-10122937","year":1954,"month":5,"state":"TX","stateName":"Texas","scale":1,"scaleLabel":"F1","lengthMiles":0,"deaths":0,"injuries":0}},{"type":"Feature","geometry":{"type":"Point","coordinates":[-96.1,30.38]},"properties":{"id":"ncei-1954-10122938","year":1954,"month":5,"state":"TX","stateName":"Texas","scale":1,"scaleLabel":"F1","lengthMiles":0,"deaths":0,"injuries":0}},{"type":"Feature","geometry":{"type":"Point","coordinates":[-96.88,29.28]},"properties":{"id":"ncei-1954-10122939","year":1954,"month":5,"state":"TX","stateName":"Texas","scale":1,"scaleLabel":"F1","lengthMiles":1,"deaths":0,"injuries":0}},{"type":"Feature","geometry":{"type":"Point","coordinates":[-94.62,29.87]},"properties":{"id":"ncei-1954-10122940","year":1954,"month":5,"state":"TX","stateName":"Texas","scale":1,"scaleLabel":"F1","lengthMiles":0,"deaths":0,"injuries":0}},{"type":"Feature","geometry":{"type":"Point","coordinates":[-97.6,31.63]},"properties":{"id":"ncei-1954-10122941","year":1954,"month":5,"state":"TX","stateName":"Texas","scale":1,"scaleLabel":"F1","lengthMiles":0,"deaths":0,"injuries":0}},{"type":"Feature","geometry":{"type":"Point","coordinates":[-97.37,30.35]},"properties":{"id":"ncei-1954-10122942","year":1954,"month":5,"state":"TX","stateName":"Texas","scale":-1,"scaleLabel":"Unknown","lengthMiles":0,"deaths":0,"injuries":0}},{"type":"Feature","geometry":{"type":"Point","coordinates":[-100.12,35.8]},"properties":{"id":"ncei-1954-10122943","year":1954,"month":5,"state":"TX","stateName":"Texas","scale":1,"scaleLabel":"F1","lengthMiles":0,"deaths":0,"injuries":0}},{"type":"Feature","geometry":{"type":"Point","coordinates":[-96.38,33.02]},"properties":{"id":"ncei-1954-10122944","year":1954,"month":5,"state":"TX","stateName":"Texas","scale":0,"scaleLabel":"F0","lengthMiles":0,"deaths":0,"injuries":0}},{"type":"Feature","geometry":{"type":"Point","coordinates":[-99.9,32.75]},"properties":{"id":"ncei-1954-10122945","year":1954,"month":5,"state":"TX","stateName":"Texas","scale":0,"scaleLabel":"F0","lengthMiles":1,"deaths":0,"injuries":0}},{"type":"Feature","geometry":{"type":"Point","coordinates":[-98.53,32.2]},"properties":{"id":"ncei-1954-10122946","year":1954,"month":5,"state":"TX","stateName":"Texas","scale":0,"scaleLabel":"F0","lengthMiles":1.1,"deaths":0,"injuries":0}},{"type":"Feature","geometry":{"type":"Point","coordinates":[-102.6,32.08]},"properties":{"id":"ncei-1954-10122947","year":1954,"month":5,"state":"TX","stateName":"Texas","scale":1,"scaleLabel":"F1","lengthMiles":9.1,"deaths":0,"injuries":9}},{"type":"Feature","geometry":{"type":"Point","coordinates":[-102.6,31.4]},"properties":{"id":"ncei-1954-10122948","year":1954,"month":5,"state":"TX","stateName":"Texas","scale":2,"scaleLabel":"F2","lengthMiles":0,"deaths":0,"injuries":2}},{"type":"Feature","geometry":{"type":"Point","coordinates":[-102.3,30.9]},"properties":{"id":"ncei-1954-10122949","year":1954,"month":6,"state":"TX","stateName":"Texas","scale":2,"scaleLabel":"F2","lengthMiles":8.3,"deaths":0,"injuries":0}},{"type":"Feature","geometry":{"type":"Point","coordinates":[-100.3,34.02]},"properties":{"id":"ncei-1954-10122950","year":1954,"month":6,"state":"TX","stateName":"Texas","scale":3,"scaleLabel":"F3","lengthMiles":13.4,"deaths":1,"injuries":14}},{"type":"Feature","geometry":{"type":"Point","coordinates":[-99.58,33.63]},"properties":{"id":"ncei-1954-10122951","year":1954,"month":6,"state":"TX","stateName":"Texas","scale":2,"scaleLabel":"F2","lengthMiles":1.9,"deaths":0,"injuries":0}},{"type":"Feature","geometry":{"type":"Point","coordinates":[-98.67,33.95]},"properties":{"id":"ncei-1954-10122952","year":1954,"month":6,"state":"TX","stateName":"Texas","scale":3,"scaleLabel":"F3","lengthMiles":5.9,"deaths":1,"injuries":4}},{"type":"Feature","geometry":{"type":"Point","coordinates":[-98.57,34.1]},"properties":{"id":"ncei-1954-10122953","year":1954,"month":6,"state":"TX","stateName":"Texas","scale":3,"scaleLabel":"F3","lengthMiles":0,"deaths":0,"injuries":3}},{"type":"Feature","geometry":{"type":"Point","coordinates":[-95.7,33.4]},"properties":{"id":"ncei-1954-10122954","year":1954,"month":6,"state":"TX","stateName":"Texas","scale":2,"scaleLabel":"F2","lengthMiles":5.9,"deaths":1,"injuries":8}},{"type":"Feature","geometry":{"type":"Point","coordinates":[-95.58,32.75]},"properties":{"id":"ncei-1954-10122955","year":1954,"month":6,"state":"TX","stateName":"Texas","scale":1,"scaleLabel":"F1","lengthMiles":2,"deaths":0,"injuries":0}},{"type":"Feature","geometry":{"type":"Point","coordinates":[-96.9,31.4]},"properties":{"id":"ncei-1954-10122956","year":1954,"month":6,"state":"TX","stateName":"Texas","scale":1,"scaleLabel":"F1","lengthMiles":0,"deaths":0,"injuries":0}},{"type":"Feature","geometry":{"type":"Point","coordinates":[-103.58,29.32]},"properties":{"id":"ncei-1954-10122957","year":1954,"month":6,"state":"TX","stateName":"Texas","scale":0,"scaleLabel":"F0","lengthMiles":4.7,"deaths":0,"injuries":3}},{"type":"Feature","geometry":{"type":"Point","coordinates":[-101.43,35.83]},"properties":{"id":"ncei-1954-10122958","year":1954,"month":6,"state":"TX","stateName":"Texas","scale":0,"scaleLabel":"F0","lengthMiles":0,"deaths":0,"injuries":0}},{"type":"Feature","geometry":{"type":"Point","coordinates":[-103.5,31.5]},"properties":{"id":"ncei-1954-10122959","year":1954,"month":6,"state":"TX","stateName":"Texas","scale":2,"scaleLabel":"F2","lengthMiles":25,"deaths":0,"injuries":1}},{"type":"Feature","geometry":{"type":"Point","coordinates":[-101.47,32.25]},"properties":{"id":"ncei-1954-10122960","year":1954,"month":6,"state":"TX","stateName":"Texas","scale":0,"scaleLabel":"F0","lengthMiles":0,"deaths":0,"injuries":0}},{"type":"Feature","geometry":{"type":"Point","coordinates":[-100.4,32.3]},"properties":{"id":"ncei-1954-10122961","year":1954,"month":6,"state":"TX","stateName":"Texas","scale":0,"scaleLabel":"F0","lengthMiles":1,"deaths":0,"injuries":0}},{"type":"Feature","geometry":{"type":"Point","coordinates":[-99.75,34.3]},"properties":{"id":"ncei-1954-10122962","year":1954,"month":6,"state":"TX","stateName":"Texas","scale":1,"scaleLabel":"F1","lengthMiles":0,"deaths":0,"injuries":0}},{"type":"Feature","geometry":{"type":"Point","coordinates":[-96.9,29.7]},"properties":{"id":"ncei-1954-10122963","year":1954,"month":7,"state":"TX","stateName":"Texas","scale":2,"scaleLabel":"F2","lengthMiles":4.5,"deaths":0,"injuries":0}},{"type":"Feature","geometry":{"type":"Point","coordinates":[-96.15,33.12]},"properties":{"id":"ncei-1954-10122964","year":1954,"month":7,"state":"TX","stateName":"Texas","scale":-1,"scaleLabel":"Unknown","lengthMiles":0,"deaths":0,"injuries":0}},{"type":"Feature","geometry":{"type":"Point","coordinates":[-98.33,29.58]},"properties":{"id":"ncei-1954-10122965","year":1954,"month":7,"state":"TX","stateName":"Texas","scale":2,"scaleLabel":"F2","lengthMiles":1,"deaths":0,"injuries":0}},{"type":"Feature","geometry":{"type":"Point","coordinates":[-94.52,32.32]},"properties":{"id":"ncei-1954-10122966","year":1954,"month":7,"state":"TX","stateName":"Texas","scale":3,"scaleLabel":"F3","lengthMiles":0.8,"deaths":0,"injuries":0}},{"type":"Feature","geometry":{"type":"Point","coordinates":[-96.08,30.38]},"properties":{"id":"ncei-1954-10122967","year":1954,"month":7,"state":"TX","stateName":"Texas","scale":1,"scaleLabel":"F1","lengthMiles":1,"deaths":0,"injuries":0}},{"type":"Feature","geometry":{"type":"Point","coordinates":[-95.6,31.63]},"properties":{"id":"ncei-1954-10122968","year":1954,"month":8,"state":"TX","stateName":"Texas","scale":1,"scaleLabel":"F1","lengthMiles":0.5,"deaths":0,"injuries":0}},{"type":"Feature","geometry":{"type":"Point","coordinates":[-96.93,33.65]},"properties":{"id":"ncei-1954-10122969","year":1954,"month":9,"state":"TX","stateName":"Texas","scale":0,"scaleLabel":"F0","lengthMiles":0.5,"deaths":0,"injuries":0}},{"type":"Feature","geometry":{"type":"Point","coordinates":[-96.93,33.65]},"properties":{"id":"ncei-1954-10122970","year":1954,"month":9,"state":"TX","stateName":"Texas","scale":0,"scaleLabel":"F0","lengthMiles":0.5,"deaths":0,"injuries":0}},{"type":"Feature","geometry":{"type":"Point","coordinates":[-96.93,33.65]},"properties":{"id":"ncei-1954-10122971","year":1954,"month":9,"state":"TX","stateName":"Texas","scale":1,"scaleLabel":"F1","lengthMiles":1,"deaths":0,"injuries":0}},{"type":"Feature","geometry":{"type":"Point","coordinates":[-97.78,33.3]},"properties":{"id":"ncei-1954-10122972","year":1954,"month":9,"state":"TX","stateName":"Texas","scale":1,"scaleLabel":"F1","lengthMiles":2,"deaths":0,"injuries":0}},{"type":"Feature","geometry":{"type":"Point","coordinates":[-104.52,30.58]},"properties":{"id":"ncei-1954-10122973","year":1954,"month":10,"state":"TX","stateName":"Texas","scale":-1,"scaleLabel":"Unknown","lengthMiles":0,"deaths":0,"injuries":0}},{"type":"Feature","geometry":{"type":"Point","coordinates":[-98.08,32.9]},"properties":{"id":"ncei-1954-10122974","year":1954,"month":10,"state":"TX","stateName":"Texas","scale":1,"scaleLabel":"F1","lengthMiles":2,"deaths":0,"injuries":0}},{"type":"Feature","geometry":{"type":"Point","coordinates":[-88.25,35.18]},"properties":{"id":"ncei-1954-10126286","year":1954,"month":4,"state":"TN","stateName":"Tennessee","scale":2,"scaleLabel":"F2","lengthMiles":2,"deaths":0,"injuries":4}},{"type":"Feature","geometry":{"type":"Point","coordinates":[-89.07,36.4]},"properties":{"id":"ncei-1954-10126287","year":1954,"month":5,"state":"TN","stateName":"Tennessee","scale":2,"scaleLabel":"F2","lengthMiles":3.6,"deaths":0,"injuries":0}},{"type":"Feature","geometry":{"type":"Point","coordinates":[-80.03,39.48]},"properties":{"id":"ncei-1954-10147655","year":1954,"month":7,"state":"WV","stateName":"West Virginia","scale":1,"scaleLabel":"F1","lengthMiles":0,"deaths":0,"injuries":0}},{"type":"Feature","geometry":{"type":"Point","coordinates":[-79.68,39.08]},"properties":{"id":"ncei-1954-10147656","year":1954,"month":8,"state":"WV","stateName":"West Virginia","scale":0,"scaleLabel":"F0","lengthMiles":0,"deaths":0,"injuries":0}},{"type":"Feature","geometry":{"type":"Point","coordinates":[-77.88,39.53]},"properties":{"id":"ncei-1954-10147657","year":1954,"month":8,"state":"WV","stateName":"West Virginia","scale":1,"scaleLabel":"F1","lengthMiles":0,"deaths":0,"injuries":0}},{"type":"Feature","geometry":{"type":"Point","coordinates":[-90.38,43.13]},"properties":{"id":"ncei-1954-10147670","year":1954,"month":4,"state":"WI","stateName":"Wisconsin","scale":2,"scaleLabel":"F2","lengthMiles":6.4,"deaths":0,"injuries":4}},{"type":"Feature","geometry":{"type":"Point","coordinates":[-88.53,43.7]},"properties":{"id":"ncei-1954-10147671","year":1954,"month":4,"state":"WI","stateName":"Wisconsin","scale":2,"scaleLabel":"F2","lengthMiles":1.9,"deaths":0,"injuries":0}},{"type":"Feature","geometry":{"type":"Point","coordinates":[-88.52,43.1]},"properties":{"id":"ncei-1954-10147672","year":1954,"month":4,"state":"WI","stateName":"Wisconsin","scale":1,"scaleLabel":"F1","lengthMiles":0,"deaths":0,"injuries":0}},{"type":"Feature","geometry":{"type":"Point","coordinates":[-89.18,43.98]},"properties":{"id":"ncei-1954-10147673","year":1954,"month":4,"state":"WI","stateName":"Wisconsin","scale":2,"scaleLabel":"F2","lengthMiles":5.9,"deaths":0,"injuries":0}},{"type":"Feature","geometry":{"type":"Point","coordinates":[-91.25,44]},"properties":{"id":"ncei-1954-10147674","year":1954,"month":4,"state":"WI","stateName":"Wisconsin","scale":1,"scaleLabel":"F1","lengthMiles":5.6,"deaths":0,"injuries":0}},{"type":"Feature","geometry":{"type":"Point","coordinates":[-90.8,42.83]},"properties":{"id":"ncei-1954-10147675","year":1954,"month":4,"state":"WI","stateName":"Wisconsin","scale":1,"scaleLabel":"F1","lengthMiles":1.3,"deaths":0,"injuries":0}},{"type":"Feature","geometry":{"type":"Point","coordinates":[-91.03,44.38]},"properties":{"id":"ncei-1954-10147676","year":1954,"month":6,"state":"WI","stateName":"Wisconsin","scale":2,"scaleLabel":"F2","lengthMiles":10.2,"deaths":0,"injuries":0}},{"type":"Feature","geometry":{"type":"Point","coordinates":[-89.62,44.88]},"properties":{"id":"ncei-1954-10147677","year":1954,"month":6,"state":"WI","stateName":"Wisconsin","scale":2,"scaleLabel":"F2","lengthMiles":6.1,"deaths":0,"injuries":0}},{"type":"Feature","geometry":{"type":"Point","coordinates":[-88.3,43.95]},"properties":{"id":"ncei-1954-10147678","year":1954,"month":6,"state":"WI","stateName":"Wisconsin","scale":2,"scaleLabel":"F2","lengthMiles":0.5,"deaths":0,"injuries":0}},{"type":"Feature","geometry":{"type":"Point","coordinates":[-92.37,44.62]},"properties":{"id":"ncei-1954-10147679","year":1954,"month":6,"state":"WI","stateName":"Wisconsin","scale":-1,"scaleLabel":"Unknown","lengthMiles":6.2,"deaths":0,"injuries":0}},{"type":"Feature","geometry":{"type":"Point","coordinates":[-89.43,43.32]},"properties":{"id":"ncei-1954-10147680","year":1954,"month":7,"state":"WI","stateName":"Wisconsin","scale":2,"scaleLabel":"F2","lengthMiles":18.1,"deaths":0,"injuries":0}},{"type":"Feature","geometry":{"type":"Point","coordinates":[-89.58,43.32]},"properties":{"id":"ncei-1954-10147681","year":1954,"month":7,"state":"WI","stateName":"Wisconsin","scale":2,"scaleLabel":"F2","lengthMiles":7.1,"deaths":0,"injuries":0}},{"type":"Feature","geometry":{"type":"Point","coordinates":[-92.58,45.12]},"properties":{"id":"ncei-1954-10147893","year":1954,"month":8,"state":"WI","stateName":"Wisconsin","scale":2,"scaleLabel":"F2","lengthMiles":3,"deaths":0,"injuries":0}},{"type":"Feature","geometry":{"type":"Point","coordinates":[-117.38,47.43]},"properties":{"id":"ncei-1954-10149535","year":1954,"month":6,"state":"WA","stateName":"Washington","scale":2,"scaleLabel":"F2","lengthMiles":0.5,"deaths":0,"injuries":0}},{"type":"Feature","geometry":{"type":"Point","coordinates":[-77.78,36.83]},"properties":{"id":"ncei-1954-10153073","year":1954,"month":3,"state":"VA","stateName":"Virginia","scale":0,"scaleLabel":"F0","lengthMiles":0,"deaths":0,"injuries":0}},{"type":"Feature","geometry":{"type":"Point","coordinates":[-77.63,39.28]},"properties":{"id":"ncei-1954-10153074","year":1954,"month":5,"state":"VA","stateName":"Virginia","scale":0,"scaleLabel":"F0","lengthMiles":2.3,"deaths":0,"injuries":0}},{"type":"Feature","geometry":{"type":"Point","coordinates":[-76.87,37.93]},"properties":{"id":"ncei-1954-10153075","year":1954,"month":6,"state":"VA","stateName":"Virginia","scale":-1,"scaleLabel":"Unknown","lengthMiles":0,"deaths":0,"injuries":0}},{"type":"Feature","geometry":{"type":"Point","coordinates":[-79.03,36.62]},"properties":{"id":"ncei-1954-10153076","year":1954,"month":8,"state":"VA","stateName":"Virginia","scale":0,"scaleLabel":"F0","lengthMiles":0,"deaths":0,"injuries":0}},{"type":"Feature","geometry":{"type":"Point","coordinates":[-111.32,41.82]},"properties":{"id":"ncei-1954-10153904","year":1954,"month":5,"state":"UT","stateName":"Utah","scale":1,"scaleLabel":"F1","lengthMiles":0.5,"deaths":0,"injuries":0}},{"type":"Feature","geometry":{"type":"Point","coordinates":[-77.92,38.88]},"properties":{"id":"ncei-1954-10153916","year":1954,"month":9,"state":"VA","stateName":"Virginia","scale":1,"scaleLabel":"F1","lengthMiles":3.8,"deaths":0,"injuries":0}},{"type":"Feature","geometry":{"type":"Point","coordinates":[-104.35,42.45]},"properties":{"id":"ncei-1954-10162824","year":1954,"month":5,"state":"WY","stateName":"Wyoming","scale":1,"scaleLabel":"F1","lengthMiles":0.2,"deaths":0,"injuries":0}},{"type":"Feature","geometry":{"type":"Point","coordinates":[-104.18,42.1]},"properties":{"id":"ncei-1954-10162825","year":1954,"month":7,"state":"WY","stateName":"Wyoming","scale":1,"scaleLabel":"F1","lengthMiles":0.1,"deaths":0,"injuries":0}},{"type":"Feature","geometry":{"type":"Point","coordinates":[-86.82,32.92]},"properties":{"id":"ncei-1954-9979464","year":1954,"month":2,"state":"AL","stateName":"Alabama","scale":1,"scaleLabel":"F1","lengthMiles":12.5,"deaths":0,"injuries":0}},{"type":"Feature","geometry":{"type":"Point","coordinates":[-85.03,32.33]},"properties":{"id":"ncei-1954-9979465","year":1954,"month":3,"state":"AL","stateName":"Alabama","scale":3,"scaleLabel":"F3","lengthMiles":1.9,"deaths":0,"injuries":0}},{"type":"Feature","geometry":{"type":"Point","coordinates":[-85.28,31.37]},"properties":{"id":"ncei-1954-9979466","year":1954,"month":3,"state":"AL","stateName":"Alabama","scale":2,"scaleLabel":"F2","lengthMiles":2.5,"deaths":0,"injuries":0}},{"type":"Feature","geometry":{"type":"Point","coordinates":[-85.82,31.32]},"properties":{"id":"ncei-1954-9979467","year":1954,"month":4,"state":"AL","stateName":"Alabama","scale":2,"scaleLabel":"F2","lengthMiles":1.3,"deaths":0,"injuries":0}},{"type":"Feature","geometry":{"type":"Point","coordinates":[-85.8,31.33]},"properties":{"id":"ncei-1954-9979468","year":1954,"month":4,"state":"AL","stateName":"Alabama","scale":2,"scaleLabel":"F2","lengthMiles":16,"deaths":0,"injuries":1}},{"type":"Feature","geometry":{"type":"Point","coordinates":[-85.42,32.68]},"properties":{"id":"ncei-1954-9979469","year":1954,"month":12,"state":"AL","stateName":"Alabama","scale":3,"scaleLabel":"F3","lengthMiles":19.4,"deaths":0,"injuries":4}},{"type":"Feature","geometry":{"type":"Point","coordinates":[-86,33.78]},"properties":{"id":"ncei-1954-9979470","year":1954,"month":12,"state":"AL","stateName":"Alabama","scale":3,"scaleLabel":"F3","lengthMiles":24.7,"deaths":0,"injuries":26}},{"type":"Feature","geometry":{"type":"Point","coordinates":[-85.38,31.93]},"properties":{"id":"ncei-1954-9979471","year":1954,"month":12,"state":"AL","stateName":"Alabama","scale":2,"scaleLabel":"F2","lengthMiles":17.5,"deaths":0,"injuries":3}},{"type":"Feature","geometry":{"type":"Point","coordinates":[-86.07,31.88]},"properties":{"id":"ncei-1954-9979472","year":1954,"month":12,"state":"AL","stateName":"Alabama","scale":1,"scaleLabel":"F1","lengthMiles":1.5,"deaths":0,"injuries":2}},{"type":"Feature","geometry":{"type":"Point","coordinates":[-85.28,32.45]},"properties":{"id":"ncei-1954-9979473","year":1954,"month":12,"state":"AL","stateName":"Alabama","scale":2,"scaleLabel":"F2","lengthMiles":0,"deaths":0,"injuries":0}},{"type":"Feature","geometry":{"type":"Point","coordinates":[-110.95,31.95]},"properties":{"id":"ncei-1954-9982823","year":1954,"month":3,"state":"AZ","stateName":"Arizona","scale":-1,"scaleLabel":"Unknown","lengthMiles":0,"deaths":0,"injuries":0}},{"type":"Feature","geometry":{"type":"Point","coordinates":[-112.5,34.77]},"properties":{"id":"ncei-1954-9982824","year":1954,"month":8,"state":"AZ","stateName":"Arizona","scale":-1,"scaleLabel":"Unknown","lengthMiles":0,"deaths":0,"injuries":0}},{"type":"Feature","geometry":{"type":"Point","coordinates":[-93.48,35.48]},"properties":{"id":"ncei-1954-9983049","year":1954,"month":2,"state":"AR","stateName":"Arkansas","scale":3,"scaleLabel":"F3","lengthMiles":1,"deaths":0,"injuries":24}},{"type":"Feature","geometry":{"type":"Point","coordinates":[-94.15,34.1]},"properties":{"id":"ncei-1954-9983050","year":1954,"month":2,"state":"AR","stateName":"Arkansas","scale":2,"scaleLabel":"F2","lengthMiles":0,"deaths":0,"injuries":0}},{"type":"Feature","geometry":{"type":"Point","coordinates":[-90.22,35.52]},"properties":{"id":"ncei-1954-9983051","year":1954,"month":2,"state":"AR","stateName":"Arkansas","scale":3,"scaleLabel":"F3","lengthMiles":2,"deaths":1,"injuries":4}},{"type":"Feature","geometry":{"type":"Point","coordinates":[-92.12,34.18]},"properties":{"id":"ncei-1954-9983052","year":1954,"month":2,"state":"AR","stateName":"Arkansas","scale":2,"scaleLabel":"F2","lengthMiles":1.2,"deaths":0,"injuries":1}},{"type":"Feature","geometry":{"type":"Point","coordinates":[-94.25,35.22]},"properties":{"id":"ncei-1954-9983053","year":1954,"month":2,"state":"AR","stateName":"Arkansas","scale":2,"scaleLabel":"F2","lengthMiles":1,"deaths":0,"injuries":0}},{"type":"Feature","geometry":{"type":"Point","coordinates":[-90.68,34.52]},"properties":{"id":"ncei-1954-9983054","year":1954,"month":2,"state":"AR","stateName":"Arkansas","scale":2,"scaleLabel":"F2","lengthMiles":3,"deaths":0,"injuries":0}},{"type":"Feature","geometry":{"type":"Point","coordinates":[-94.28,36.35]},"properties":{"id":"ncei-1954-9983055","year":1954,"month":3,"state":"AR","stateName":"Arkansas","scale":3,"scaleLabel":"F3","lengthMiles":20.6,"deaths":0,"injuries":4}},{"type":"Feature","geometry":{"type":"Point","coordinates":[-94.28,36.35]},"properties":{"id":"ncei-1954-9983056","year":1954,"month":3,"state":"AR","stateName":"Arkansas","scale":1,"scaleLabel":"F1","lengthMiles":0.5,"deaths":0,"injuries":0}},{"type":"Feature","geometry":{"type":"Point","coordinates":[-92.17,33.43]},"properties":{"id":"ncei-1954-9983057","year":1954,"month":4,"state":"AR","stateName":"Arkansas","scale":2,"scaleLabel":"F2","lengthMiles":13.9,"deaths":0,"injuries":0}},{"type":"Feature","geometry":{"type":"Point","coordinates":[-91.98,33.12]},"properties":{"id":"ncei-1954-9983058","year":1954,"month":4,"state":"AR","stateName":"Arkansas","scale":1,"scaleLabel":"F1","lengthMiles":0.5,"deaths":0,"injuries":0}},{"type":"Feature","geometry":{"type":"Point","coordinates":[-91.5,34.92]},"properties":{"id":"ncei-1954-9983059","year":1954,"month":4,"state":"AR","stateName":"Arkansas","scale":1,"scaleLabel":"F1","lengthMiles":0,"deaths":0,"injuries":0}},{"type":"Feature","geometry":{"type":"Point","coordinates":[-94.05,33.17]},"properties":{"id":"ncei-1954-9983060","year":1954,"month":4,"state":"AR","stateName":"Arkansas","scale":3,"scaleLabel":"F3","lengthMiles":43.8,"deaths":0,"injuries":0}},{"type":"Feature","geometry":{"type":"Point","coordinates":[-94.38,33.58]},"properties":{"id":"ncei-1954-9983061","year":1954,"month":4,"state":"AR","stateName":"Arkansas","scale":3,"scaleLabel":"F3","lengthMiles":27.5,"deaths":0,"injuries":0}},{"type":"Feature","geometry":{"type":"Point","coordinates":[-94.42,35.33]},"properties":{"id":"ncei-1954-9983062","year":1954,"month":4,"state":"AR","stateName":"Arkansas","scale":1,"scaleLabel":"F1","lengthMiles":0,"deaths":0,"injuries":0}},{"type":"Feature","geometry":{"type":"Point","coordinates":[-93.98,33.8]},"properties":{"id":"ncei-1954-9983063","year":1954,"month":4,"state":"AR","stateName":"Arkansas","scale":3,"scaleLabel":"F3","lengthMiles":13.3,"deaths":0,"injuries":2}},{"type":"Feature","geometry":{"type":"Point","coordinates":[-94.4,35.63]},"properties":{"id":"ncei-1954-9983064","year":1954,"month":4,"state":"AR","stateName":"Arkansas","scale":3,"scaleLabel":"F3","lengthMiles":9.2,"deaths":0,"injuries":0}},{"type":"Feature","geometry":{"type":"Point","coordinates":[-92.93,35.23]},"properties":{"id":"ncei-1954-9983065","year":1954,"month":4,"state":"AR","stateName":"Arkansas","scale":1,"scaleLabel":"F1","lengthMiles":0.5,"deaths":0,"injuries":0}},{"type":"Feature","geometry":{"type":"Point","coordinates":[-93.82,33.93]},"properties":{"id":"ncei-1954-9984138","year":1954,"month":4,"state":"AR","stateName":"Arkansas","scale":3,"scaleLabel":"F3","lengthMiles":51.6,"deaths":0,"injuries":0}},{"type":"Feature","geometry":{"type":"Point","coordinates":[-94.32,35.75]},"properties":{"id":"ncei-1954-9984139","year":1954,"month":4,"state":"AR","stateName":"Arkansas","scale":3,"scaleLabel":"F3","lengthMiles":19.2,"deaths":0,"injuries":1}},{"type":"Feature","geometry":{"type":"Point","coordinates":[-94.17,36]},"properties":{"id":"ncei-1954-9984140","year":1954,"month":4,"state":"AR","stateName":"Arkansas","scale":3,"scaleLabel":"F3","lengthMiles":6.9,"deaths":0,"injuries":0}},{"type":"Feature","geometry":{"type":"Point","coordinates":[-94.05,36.03]},"properties":{"id":"ncei-1954-9984141","year":1954,"month":4,"state":"AR","stateName":"Arkansas","scale":3,"scaleLabel":"F3","lengthMiles":5.4,"deaths":0,"injuries":0}},{"type":"Feature","geometry":{"type":"Point","coordinates":[-93.58,35.45]},"properties":{"id":"ncei-1954-9984142","year":1954,"month":4,"state":"AR","stateName":"Arkansas","scale":1,"scaleLabel":"F1","lengthMiles":6.9,"deaths":0,"injuries":0}},{"type":"Feature","geometry":{"type":"Point","coordinates":[-91.27,35.97]},"properties":{"id":"ncei-1954-9984143","year":1954,"month":4,"state":"AR","stateName":"Arkansas","scale":2,"scaleLabel":"F2","lengthMiles":38.8,"deaths":0,"injuries":0}},{"type":"Feature","geometry":{"type":"Point","coordinates":[-93.83,33.5]},"properties":{"id":"ncei-1954-9984144","year":1954,"month":5,"state":"AR","stateName":"Arkansas","scale":1,"scaleLabel":"F1","lengthMiles":2.7,"deaths":0,"injuries":0}},{"type":"Feature","geometry":{"type":"Point","coordinates":[-93.33,34]},"properties":{"id":"ncei-1954-9984145","year":1954,"month":5,"state":"AR","stateName":"Arkansas","scale":1,"scaleLabel":"F1","lengthMiles":0.5,"deaths":0,"injuries":0}},{"type":"Feature","geometry":{"type":"Point","coordinates":[-90.03,35.85]},"properties":{"id":"ncei-1954-9984146","year":1954,"month":5,"state":"AR","stateName":"Arkansas","scale":1,"scaleLabel":"F1","lengthMiles":0,"deaths":0,"injuries":0}},{"type":"Feature","geometry":{"type":"Point","coordinates":[-91.55,34.5]},"properties":{"id":"ncei-1954-9984147","year":1954,"month":5,"state":"AR","stateName":"Arkansas","scale":3,"scaleLabel":"F3","lengthMiles":0.4,"deaths":0,"injuries":0}},{"type":"Feature","geometry":{"type":"Point","coordinates":[-89.73,35.85]},"properties":{"id":"ncei-1954-9984148","year":1954,"month":6,"state":"AR","stateName":"Arkansas","scale":1,"scaleLabel":"F1","lengthMiles":0,"deaths":0,"injuries":1}},{"type":"Feature","geometry":{"type":"Point","coordinates":[-90.1,35.68]},"properties":{"id":"ncei-1954-9984149","year":1954,"month":6,"state":"AR","stateName":"Arkansas","scale":3,"scaleLabel":"F3","lengthMiles":2.5,"deaths":0,"injuries":0}},{"type":"Feature","geometry":{"type":"Point","coordinates":[-90.5,36.05]},"properties":{"id":"ncei-1954-9984150","year":1954,"month":6,"state":"AR","stateName":"Arkansas","scale":2,"scaleLabel":"F2","lengthMiles":0,"deaths":0,"injuries":0}},{"type":"Feature","geometry":{"type":"Point","coordinates":[-94.13,34.9]},"properties":{"id":"ncei-1954-9984151","year":1954,"month":7,"state":"AR","stateName":"Arkansas","scale":1,"scaleLabel":"F1","lengthMiles":1,"deaths":0,"injuries":0}},{"type":"Feature","geometry":{"type":"Point","coordinates":[-92.28,33.85]},"properties":{"id":"ncei-1954-9984152","year":1954,"month":7,"state":"AR","stateName":"Arkansas","scale":1,"scaleLabel":"F1","lengthMiles":2,"deaths":0,"injuries":0}},{"type":"Feature","geometry":{"type":"Point","coordinates":[-94.12,33.83]},"properties":{"id":"ncei-1954-9984153","year":1954,"month":8,"state":"AR","stateName":"Arkansas","scale":2,"scaleLabel":"F2","lengthMiles":8.4,"deaths":0,"injuries":1}},{"type":"Feature","geometry":{"type":"Point","coordinates":[-72.47,41.92]},"properties":{"id":"ncei-1954-9986153","year":1954,"month":5,"state":"CT","stateName":"Connecticut","scale":3,"scaleLabel":"F3","lengthMiles":0.3,"deaths":0,"injuries":2}},{"type":"Feature","geometry":{"type":"Point","coordinates":[-72.88,42]},"properties":{"id":"ncei-1954-9986154","year":1954,"month":5,"state":"CT","stateName":"Connecticut","scale":2,"scaleLabel":"F2","lengthMiles":0.8,"deaths":0,"injuries":0}},{"type":"Feature","geometry":{"type":"Point","coordinates":[-75.73,39.45]},"properties":{"id":"ncei-1954-9986230","year":1954,"month":7,"state":"DE","stateName":"Delaware","scale":2,"scaleLabel":"F2","lengthMiles":1,"deaths":0,"injuries":0}},{"type":"Feature","geometry":{"type":"Point","coordinates":[-117.2,34.63]},"properties":{"id":"ncei-1954-9990149","year":1954,"month":6,"state":"CA","stateName":"California","scale":2,"scaleLabel":"F2","lengthMiles":0,"deaths":0,"injuries":0}},{"type":"Feature","geometry":{"type":"Point","coordinates":[-105.47,38.13]},"properties":{"id":"ncei-1954-9991353","year":1954,"month":2,"state":"CO","stateName":"Colorado","scale":1,"scaleLabel":"F1","lengthMiles":0.5,"deaths":0,"injuries":0}},{"type":"Feature","geometry":{"type":"Point","coordinates":[-102.72,40.12]},"properties":{"id":"ncei-1954-9991354","year":1954,"month":3,"state":"CO","stateName":"Colorado","scale":-1,"scaleLabel":"Unknown","lengthMiles":0,"deaths":0,"injuries":0}},{"type":"Feature","geometry":{"type":"Point","coordinates":[-102.97,40.15]},"properties":{"id":"ncei-1954-9991355","year":1954,"month":3,"state":"CO","stateName":"Colorado","scale":-1,"scaleLabel":"Unknown","lengthMiles":0,"deaths":0,"injuries":0}},{"type":"Feature","geometry":{"type":"Point","coordinates":[-104.82,39.98]},"properties":{"id":"ncei-1954-9991356","year":1954,"month":4,"state":"CO","stateName":"Colorado","scale":-1,"scaleLabel":"Unknown","lengthMiles":0.1,"deaths":0,"injuries":0}},{"type":"Feature","geometry":{"type":"Point","coordinates":[-104.1,37.03]},"properties":{"id":"ncei-1954-9991357","year":1954,"month":5,"state":"CO","stateName":"Colorado","scale":-1,"scaleLabel":"Unknown","lengthMiles":0,"deaths":0,"injuries":0}},{"type":"Feature","geometry":{"type":"Point","coordinates":[-104.82,39.52]},"properties":{"id":"ncei-1954-9991358","year":1954,"month":6,"state":"CO","stateName":"Colorado","scale":1,"scaleLabel":"F1","lengthMiles":0.1,"deaths":0,"injuries":0}},{"type":"Feature","geometry":{"type":"Point","coordinates":[-104.4,40.87]},"properties":{"id":"ncei-1954-9991359","year":1954,"month":6,"state":"CO","stateName":"Colorado","scale":-1,"scaleLabel":"Unknown","lengthMiles":0.1,"deaths":0,"injuries":0}},{"type":"Feature","geometry":{"type":"Point","coordinates":[-104.1,39.82]},"properties":{"id":"ncei-1954-9991360","year":1954,"month":7,"state":"CO","stateName":"Colorado","scale":1,"scaleLabel":"F1","lengthMiles":0,"deaths":0,"injuries":0}},{"type":"Feature","geometry":{"type":"Point","coordinates":[-105.75,40.8]},"properties":{"id":"ncei-1954-9991361","year":1954,"month":8,"state":"CO","stateName":"Colorado","scale":-1,"scaleLabel":"Unknown","lengthMiles":2,"deaths":0,"injuries":0}},{"type":"Feature","geometry":{"type":"Point","coordinates":[-87.1,30.9]},"properties":{"id":"ncei-1954-9991477","year":1954,"month":2,"state":"FL","stateName":"Florida","scale":1,"scaleLabel":"F1","lengthMiles":0,"deaths":0,"injuries":0}},{"type":"Feature","geometry":{"type":"Point","coordinates":[-80.2,25.75]},"properties":{"id":"ncei-1954-9991478","year":1954,"month":4,"state":"FL","stateName":"Florida","scale":0,"scaleLabel":"F0","lengthMiles":0,"deaths":0,"injuries":0}},{"type":"Feature","geometry":{"type":"Point","coordinates":[-85.67,30.33]},"properties":{"id":"ncei-1954-9991479","year":1954,"month":4,"state":"FL","stateName":"Florida","scale":2,"scaleLabel":"F2","lengthMiles":2,"deaths":0,"injuries":3}},{"type":"Feature","geometry":{"type":"Point","coordinates":[-85.25,29.82]},"properties":{"id":"ncei-1954-9991480","year":1954,"month":4,"state":"FL","stateName":"Florida","scale":-1,"scaleLabel":"Unknown","lengthMiles":0,"deaths":0,"injuries":0}},{"type":"Feature","geometry":{"type":"Point","coordinates":[-81.85,27.88]},"properties":{"id":"ncei-1954-9991481","year":1954,"month":4,"state":"FL","stateName":"Florida","scale":0,"scaleLabel":"F0","lengthMiles":0,"deaths":0,"injuries":0}},{"type":"Feature","geometry":{"type":"Point","coordinates":[-82.95,30.15]},"properties":{"id":"ncei-1954-9991482","year":1954,"month":6,"state":"FL","stateName":"Florida","scale":2,"scaleLabel":"F2","lengthMiles":2,"deaths":0,"injuries":1}},{"type":"Feature","geometry":{"type":"Point","coordinates":[-80.5,25.92]},"properties":{"id":"ncei-1954-9991483","year":1954,"month":6,"state":"FL","stateName":"Florida","scale":0,"scaleLabel":"F0","lengthMiles":0,"deaths":0,"injuries":0}},{"type":"Feature","geometry":{"type":"Point","coordinates":[-80.4,26.47]},"properties":{"id":"ncei-1954-9991484","year":1954,"month":7,"state":"FL","stateName":"Florida","scale":-1,"scaleLabel":"Unknown","lengthMiles":0,"deaths":0,"injuries":0}},{"type":"Feature","geometry":{"type":"Point","coordinates":[-80.37,27.4]},"properties":{"id":"ncei-1954-9991485","year":1954,"month":8,"state":"FL","stateName":"Florida","scale":0,"scaleLabel":"F0","lengthMiles":0,"deaths":0,"injuries":0}},{"type":"Feature","geometry":{"type":"Point","coordinates":[-82.75,27.75]},"properties":{"id":"ncei-1954-9991486","year":1954,"month":8,"state":"FL","stateName":"Florida","scale":1,"scaleLabel":"F1","lengthMiles":0.4,"deaths":0,"injuries":0}},{"type":"Feature","geometry":{"type":"Point","coordinates":[-80.33,27.42]},"properties":{"id":"ncei-1954-9991487","year":1954,"month":9,"state":"FL","stateName":"Florida","scale":3,"scaleLabel":"F3","lengthMiles":0,"deaths":2,"injuries":2}},{"type":"Feature","geometry":{"type":"Point","coordinates":[-80.68,28.35]},"properties":{"id":"ncei-1954-9991488","year":1954,"month":9,"state":"FL","stateName":"Florida","scale":0,"scaleLabel":"F0","lengthMiles":0,"deaths":0,"injuries":0}},{"type":"Feature","geometry":{"type":"Point","coordinates":[-80.15,26.02]},"properties":{"id":"ncei-1954-9991489","year":1954,"month":9,"state":"FL","stateName":"Florida","scale":2,"scaleLabel":"F2","lengthMiles":0,"deaths":0,"injuries":0}}]}
