{"type":"FeatureCollection","metadata":{"source":"NOAA/NCEI StormEvents details CSV","generatedAt":"2026-04-27T22:31:07.075Z","count":760,"year":1964},"features":[{"type":"Feature","geometry":{"type":"Point","coordinates":[-85.32,40.33]},"properties":{"id":"ncei-1964-10003884","year":1964,"month":4,"state":"IN","stateName":"Indiana","scale":1,"scaleLabel":"F1","lengthMiles":0,"deaths":0,"injuries":0}},{"type":"Feature","geometry":{"type":"Point","coordinates":[-86.2,39.33]},"properties":{"id":"ncei-1964-10003886","year":1964,"month":4,"state":"IN","stateName":"Indiana","scale":-1,"scaleLabel":"Unknown","lengthMiles":0,"deaths":0,"injuries":0}},{"type":"Feature","geometry":{"type":"Point","coordinates":[-85.98,41.43]},"properties":{"id":"ncei-1964-10003887","year":1964,"month":4,"state":"IN","stateName":"Indiana","scale":2,"scaleLabel":"F2","lengthMiles":1.1,"deaths":0,"injuries":0}},{"type":"Feature","geometry":{"type":"Point","coordinates":[-85.98,41.45]},"properties":{"id":"ncei-1964-10003888","year":1964,"month":4,"state":"IN","stateName":"Indiana","scale":2,"scaleLabel":"F2","lengthMiles":3.4,"deaths":0,"injuries":2}},{"type":"Feature","geometry":{"type":"Point","coordinates":[-85.85,40.28]},"properties":{"id":"ncei-1964-10003889","year":1964,"month":4,"state":"IN","stateName":"Indiana","scale":2,"scaleLabel":"F2","lengthMiles":0,"deaths":0,"injuries":0}},{"type":"Feature","geometry":{"type":"Point","coordinates":[-85.82,40.85]},"properties":{"id":"ncei-1964-10003891","year":1964,"month":5,"state":"IN","stateName":"Indiana","scale":1,"scaleLabel":"F1","lengthMiles":0,"deaths":0,"injuries":0}},{"type":"Feature","geometry":{"type":"Point","coordinates":[-85.77,41.38]},"properties":{"id":"ncei-1964-10003907","year":1964,"month":6,"state":"IN","stateName":"Indiana","scale":0,"scaleLabel":"F0","lengthMiles":0,"deaths":0,"injuries":0}},{"type":"Feature","geometry":{"type":"Point","coordinates":[-87.62,38.35]},"properties":{"id":"ncei-1964-10003918","year":1964,"month":7,"state":"IN","stateName":"Indiana","scale":1,"scaleLabel":"F1","lengthMiles":2.3,"deaths":0,"injuries":2}},{"type":"Feature","geometry":{"type":"Point","coordinates":[-87.27,39.97]},"properties":{"id":"ncei-1964-10003926","year":1964,"month":8,"state":"IN","stateName":"Indiana","scale":0,"scaleLabel":"F0","lengthMiles":0,"deaths":0,"injuries":0}},{"type":"Feature","geometry":{"type":"Point","coordinates":[-112.6,42.9]},"properties":{"id":"ncei-1964-10009598","year":1964,"month":5,"state":"ID","stateName":"Idaho","scale":1,"scaleLabel":"F1","lengthMiles":0.5,"deaths":0,"injuries":0}},{"type":"Feature","geometry":{"type":"Point","coordinates":[-90.25,38.4]},"properties":{"id":"ncei-1964-10009915","year":1964,"month":3,"state":"IL","stateName":"Illinois","scale":1,"scaleLabel":"F1","lengthMiles":3.8,"deaths":0,"injuries":0}},{"type":"Feature","geometry":{"type":"Point","coordinates":[-89.63,38.45]},"properties":{"id":"ncei-1964-10009916","year":1964,"month":3,"state":"IL","stateName":"Illinois","scale":2,"scaleLabel":"F2","lengthMiles":13.1,"deaths":0,"injuries":0}},{"type":"Feature","geometry":{"type":"Point","coordinates":[-88.7,38.15]},"properties":{"id":"ncei-1964-10009918","year":1964,"month":3,"state":"IL","stateName":"Illinois","scale":2,"scaleLabel":"F2","lengthMiles":11.5,"deaths":0,"injuries":2}},{"type":"Feature","geometry":{"type":"Point","coordinates":[-88.97,39.75]},"properties":{"id":"ncei-1964-10009922","year":1964,"month":4,"state":"IL","stateName":"Illinois","scale":1,"scaleLabel":"F1","lengthMiles":0.2,"deaths":0,"injuries":0}},{"type":"Feature","geometry":{"type":"Point","coordinates":[-89.53,39.67]},"properties":{"id":"ncei-1964-10009923","year":1964,"month":4,"state":"IL","stateName":"Illinois","scale":2,"scaleLabel":"F2","lengthMiles":4.5,"deaths":0,"injuries":0}},{"type":"Feature","geometry":{"type":"Point","coordinates":[-89.58,39.42]},"properties":{"id":"ncei-1964-10009925","year":1964,"month":4,"state":"IL","stateName":"Illinois","scale":2,"scaleLabel":"F2","lengthMiles":3.6,"deaths":0,"injuries":4}},{"type":"Feature","geometry":{"type":"Point","coordinates":[-89.52,39.43]},"properties":{"id":"ncei-1964-10009926","year":1964,"month":4,"state":"IL","stateName":"Illinois","scale":2,"scaleLabel":"F2","lengthMiles":1.3,"deaths":0,"injuries":0}},{"type":"Feature","geometry":{"type":"Point","coordinates":[-90.73,40.42]},"properties":{"id":"ncei-1964-10009939","year":1964,"month":4,"state":"IL","stateName":"Illinois","scale":3,"scaleLabel":"F3","lengthMiles":14.1,"deaths":0,"injuries":0}},{"type":"Feature","geometry":{"type":"Point","coordinates":[-112.13,44.08]},"properties":{"id":"ncei-1964-10010666","year":1964,"month":6,"state":"ID","stateName":"Idaho","scale":-1,"scaleLabel":"Unknown","lengthMiles":0,"deaths":0,"injuries":0}},{"type":"Feature","geometry":{"type":"Point","coordinates":[-91.88,42.67]},"properties":{"id":"ncei-1964-10011943","year":1964,"month":5,"state":"IA","stateName":"Iowa","scale":2,"scaleLabel":"F2","lengthMiles":2,"deaths":0,"injuries":0}},{"type":"Feature","geometry":{"type":"Point","coordinates":[-93.3,42.3]},"properties":{"id":"ncei-1964-10011944","year":1964,"month":5,"state":"IA","stateName":"Iowa","scale":1,"scaleLabel":"F1","lengthMiles":2,"deaths":0,"injuries":0}},{"type":"Feature","geometry":{"type":"Point","coordinates":[-92.33,42.52]},"properties":{"id":"ncei-1964-10011945","year":1964,"month":5,"state":"IA","stateName":"Iowa","scale":2,"scaleLabel":"F2","lengthMiles":7.1,"deaths":0,"injuries":27}},{"type":"Feature","geometry":{"type":"Point","coordinates":[-94.55,41.83]},"properties":{"id":"ncei-1964-10011947","year":1964,"month":5,"state":"IA","stateName":"Iowa","scale":2,"scaleLabel":"F2","lengthMiles":2,"deaths":0,"injuries":0}},{"type":"Feature","geometry":{"type":"Point","coordinates":[-93.42,42.5]},"properties":{"id":"ncei-1964-10012164","year":1964,"month":5,"state":"IA","stateName":"Iowa","scale":1,"scaleLabel":"F1","lengthMiles":1,"deaths":0,"injuries":0}},{"type":"Feature","geometry":{"type":"Point","coordinates":[-96.17,42.78]},"properties":{"id":"ncei-1964-10012167","year":1964,"month":5,"state":"IA","stateName":"Iowa","scale":3,"scaleLabel":"F3","lengthMiles":9.3,"deaths":0,"injuries":0}},{"type":"Feature","geometry":{"type":"Point","coordinates":[-95.43,43.43]},"properties":{"id":"ncei-1964-10012168","year":1964,"month":5,"state":"IA","stateName":"Iowa","scale":2,"scaleLabel":"F2","lengthMiles":5.1,"deaths":0,"injuries":0}},{"type":"Feature","geometry":{"type":"Point","coordinates":[-93.25,42.75]},"properties":{"id":"ncei-1964-10012175","year":1964,"month":5,"state":"IA","stateName":"Iowa","scale":0,"scaleLabel":"F0","lengthMiles":0,"deaths":0,"injuries":0}},{"type":"Feature","geometry":{"type":"Point","coordinates":[-91.1,41.55]},"properties":{"id":"ncei-1964-10012183","year":1964,"month":6,"state":"IA","stateName":"Iowa","scale":0,"scaleLabel":"F0","lengthMiles":1,"deaths":0,"injuries":0}},{"type":"Feature","geometry":{"type":"Point","coordinates":[-95.2,43.47]},"properties":{"id":"ncei-1964-10012186","year":1964,"month":6,"state":"IA","stateName":"Iowa","scale":1,"scaleLabel":"F1","lengthMiles":2,"deaths":0,"injuries":0}},{"type":"Feature","geometry":{"type":"Point","coordinates":[-95.98,42.8]},"properties":{"id":"ncei-1964-10012187","year":1964,"month":6,"state":"IA","stateName":"Iowa","scale":0,"scaleLabel":"F0","lengthMiles":0.5,"deaths":0,"injuries":0}},{"type":"Feature","geometry":{"type":"Point","coordinates":[-92.67,40.67]},"properties":{"id":"ncei-1964-10012188","year":1964,"month":6,"state":"IA","stateName":"Iowa","scale":2,"scaleLabel":"F2","lengthMiles":11.9,"deaths":0,"injuries":0}},{"type":"Feature","geometry":{"type":"Point","coordinates":[-95.35,40.72]},"properties":{"id":"ncei-1964-10012198","year":1964,"month":6,"state":"IA","stateName":"Iowa","scale":3,"scaleLabel":"F3","lengthMiles":11.5,"deaths":0,"injuries":2}},{"type":"Feature","geometry":{"type":"Point","coordinates":[-95.05,40.73]},"properties":{"id":"ncei-1964-10012200","year":1964,"month":6,"state":"IA","stateName":"Iowa","scale":3,"scaleLabel":"F3","lengthMiles":10.6,"deaths":0,"injuries":1}},{"type":"Feature","geometry":{"type":"Point","coordinates":[-90.17,42.1]},"properties":{"id":"ncei-1964-10012208","year":1964,"month":6,"state":"IA","stateName":"Iowa","scale":1,"scaleLabel":"F1","lengthMiles":0.5,"deaths":0,"injuries":0}},{"type":"Feature","geometry":{"type":"Point","coordinates":[-93.78,41.6]},"properties":{"id":"ncei-1964-10012209","year":1964,"month":6,"state":"IA","stateName":"Iowa","scale":2,"scaleLabel":"F2","lengthMiles":9.7,"deaths":0,"injuries":0}},{"type":"Feature","geometry":{"type":"Point","coordinates":[-93.75,40.73]},"properties":{"id":"ncei-1964-10012211","year":1964,"month":6,"state":"IA","stateName":"Iowa","scale":2,"scaleLabel":"F2","lengthMiles":1,"deaths":0,"injuries":0}},{"type":"Feature","geometry":{"type":"Point","coordinates":[-93.98,40.93]},"properties":{"id":"ncei-1964-10012213","year":1964,"month":6,"state":"IA","stateName":"Iowa","scale":2,"scaleLabel":"F2","lengthMiles":12.8,"deaths":0,"injuries":0}},{"type":"Feature","geometry":{"type":"Point","coordinates":[-95.6,40.75]},"properties":{"id":"ncei-1964-10012214","year":1964,"month":6,"state":"IA","stateName":"Iowa","scale":3,"scaleLabel":"F3","lengthMiles":8,"deaths":0,"injuries":0}},{"type":"Feature","geometry":{"type":"Point","coordinates":[-95.45,40.7]},"properties":{"id":"ncei-1964-10012215","year":1964,"month":6,"state":"IA","stateName":"Iowa","scale":4,"scaleLabel":"F4","lengthMiles":11.9,"deaths":0,"injuries":0}},{"type":"Feature","geometry":{"type":"Point","coordinates":[-92.7,42.2]},"properties":{"id":"ncei-1964-10012216","year":1964,"month":6,"state":"IA","stateName":"Iowa","scale":1,"scaleLabel":"F1","lengthMiles":2,"deaths":0,"injuries":0}},{"type":"Feature","geometry":{"type":"Point","coordinates":[-92.9,41.4]},"properties":{"id":"ncei-1964-10012217","year":1964,"month":6,"state":"IA","stateName":"Iowa","scale":2,"scaleLabel":"F2","lengthMiles":6.4,"deaths":0,"injuries":0}},{"type":"Feature","geometry":{"type":"Point","coordinates":[-92.8,41.05]},"properties":{"id":"ncei-1964-10012220","year":1964,"month":6,"state":"IA","stateName":"Iowa","scale":1,"scaleLabel":"F1","lengthMiles":5.4,"deaths":0,"injuries":0}},{"type":"Feature","geometry":{"type":"Point","coordinates":[-93.75,42.17]},"properties":{"id":"ncei-1964-10012225","year":1964,"month":7,"state":"IA","stateName":"Iowa","scale":2,"scaleLabel":"F2","lengthMiles":2,"deaths":0,"injuries":0}},{"type":"Feature","geometry":{"type":"Point","coordinates":[-98.8,38.7]},"properties":{"id":"ncei-1964-10012520","year":1964,"month":6,"state":"KS","stateName":"Kansas","scale":2,"scaleLabel":"F2","lengthMiles":11.5,"deaths":0,"injuries":0}},{"type":"Feature","geometry":{"type":"Point","coordinates":[-98.43,39.5]},"properties":{"id":"ncei-1964-10012521","year":1964,"month":6,"state":"KS","stateName":"Kansas","scale":2,"scaleLabel":"F2","lengthMiles":4.1,"deaths":0,"injuries":0}},{"type":"Feature","geometry":{"type":"Point","coordinates":[-96.47,38.7]},"properties":{"id":"ncei-1964-10012522","year":1964,"month":6,"state":"KS","stateName":"Kansas","scale":-1,"scaleLabel":"Unknown","lengthMiles":0,"deaths":0,"injuries":0}},{"type":"Feature","geometry":{"type":"Point","coordinates":[-92.22,42.7]},"properties":{"id":"ncei-1964-10013592","year":1964,"month":8,"state":"IA","stateName":"Iowa","scale":0,"scaleLabel":"F0","lengthMiles":1,"deaths":0,"injuries":0}},{"type":"Feature","geometry":{"type":"Point","coordinates":[-93.93,40.67]},"properties":{"id":"ncei-1964-10013593","year":1964,"month":8,"state":"IA","stateName":"Iowa","scale":0,"scaleLabel":"F0","lengthMiles":0.5,"deaths":0,"injuries":0}},{"type":"Feature","geometry":{"type":"Point","coordinates":[-91.8,40.68]},"properties":{"id":"ncei-1964-10013594","year":1964,"month":8,"state":"IA","stateName":"Iowa","scale":2,"scaleLabel":"F2","lengthMiles":0.3,"deaths":0,"injuries":0}},{"type":"Feature","geometry":{"type":"Point","coordinates":[-95.03,41.43]},"properties":{"id":"ncei-1964-10013598","year":1964,"month":8,"state":"IA","stateName":"Iowa","scale":2,"scaleLabel":"F2","lengthMiles":1,"deaths":0,"injuries":0}},{"type":"Feature","geometry":{"type":"Point","coordinates":[-93.93,42.25]},"properties":{"id":"ncei-1964-10013599","year":1964,"month":8,"state":"IA","stateName":"Iowa","scale":0,"scaleLabel":"F0","lengthMiles":1,"deaths":0,"injuries":0}},{"type":"Feature","geometry":{"type":"Point","coordinates":[-92.7,43.1]},"properties":{"id":"ncei-1964-10013600","year":1964,"month":8,"state":"IA","stateName":"Iowa","scale":2,"scaleLabel":"F2","lengthMiles":1,"deaths":0,"injuries":0}},{"type":"Feature","geometry":{"type":"Point","coordinates":[-94.23,42.92]},"properties":{"id":"ncei-1964-10013601","year":1964,"month":8,"state":"IA","stateName":"Iowa","scale":4,"scaleLabel":"F4","lengthMiles":15.8,"deaths":0,"injuries":2}},{"type":"Feature","geometry":{"type":"Point","coordinates":[-94.2,42.55]},"properties":{"id":"ncei-1964-10013602","year":1964,"month":8,"state":"IA","stateName":"Iowa","scale":2,"scaleLabel":"F2","lengthMiles":2,"deaths":0,"injuries":0}},{"type":"Feature","geometry":{"type":"Point","coordinates":[-93.45,43.37]},"properties":{"id":"ncei-1964-10013605","year":1964,"month":8,"state":"IA","stateName":"Iowa","scale":2,"scaleLabel":"F2","lengthMiles":11.2,"deaths":0,"injuries":0}},{"type":"Feature","geometry":{"type":"Point","coordinates":[-93.43,43.3]},"properties":{"id":"ncei-1964-10013606","year":1964,"month":8,"state":"IA","stateName":"Iowa","scale":2,"scaleLabel":"F2","lengthMiles":2,"deaths":0,"injuries":0}},{"type":"Feature","geometry":{"type":"Point","coordinates":[-95.7,42.28]},"properties":{"id":"ncei-1964-10013612","year":1964,"month":9,"state":"IA","stateName":"Iowa","scale":1,"scaleLabel":"F1","lengthMiles":0,"deaths":0,"injuries":0}},{"type":"Feature","geometry":{"type":"Point","coordinates":[-96.25,42.7]},"properties":{"id":"ncei-1964-10013613","year":1964,"month":9,"state":"IA","stateName":"Iowa","scale":2,"scaleLabel":"F2","lengthMiles":2,"deaths":0,"injuries":0}},{"type":"Feature","geometry":{"type":"Point","coordinates":[-95.97,42.78]},"properties":{"id":"ncei-1964-10013614","year":1964,"month":9,"state":"IA","stateName":"Iowa","scale":2,"scaleLabel":"F2","lengthMiles":7.9,"deaths":0,"injuries":0}},{"type":"Feature","geometry":{"type":"Point","coordinates":[-95.23,40.65]},"properties":{"id":"ncei-1964-10013615","year":1964,"month":9,"state":"IA","stateName":"Iowa","scale":2,"scaleLabel":"F2","lengthMiles":11.8,"deaths":0,"injuries":0}},{"type":"Feature","geometry":{"type":"Point","coordinates":[-95.23,40.67]},"properties":{"id":"ncei-1964-10014406","year":1964,"month":4,"state":"IA","stateName":"Iowa","scale":4,"scaleLabel":"F4","lengthMiles":13.1,"deaths":1,"injuries":28}},{"type":"Feature","geometry":{"type":"Point","coordinates":[-95.05,40.9]},"properties":{"id":"ncei-1964-10014407","year":1964,"month":4,"state":"IA","stateName":"Iowa","scale":2,"scaleLabel":"F2","lengthMiles":2,"deaths":0,"injuries":0}},{"type":"Feature","geometry":{"type":"Point","coordinates":[-94.73,41.25]},"properties":{"id":"ncei-1964-10014408","year":1964,"month":4,"state":"IA","stateName":"Iowa","scale":1,"scaleLabel":"F1","lengthMiles":0.2,"deaths":0,"injuries":0}},{"type":"Feature","geometry":{"type":"Point","coordinates":[-94.47,40.92]},"properties":{"id":"ncei-1964-10014409","year":1964,"month":4,"state":"IA","stateName":"Iowa","scale":2,"scaleLabel":"F2","lengthMiles":9.4,"deaths":0,"injuries":0}},{"type":"Feature","geometry":{"type":"Point","coordinates":[-95.47,40.75]},"properties":{"id":"ncei-1964-10014412","year":1964,"month":4,"state":"IA","stateName":"Iowa","scale":2,"scaleLabel":"F2","lengthMiles":2.7,"deaths":0,"injuries":0}},{"type":"Feature","geometry":{"type":"Point","coordinates":[-95.38,40.9]},"properties":{"id":"ncei-1964-10014413","year":1964,"month":4,"state":"IA","stateName":"Iowa","scale":2,"scaleLabel":"F2","lengthMiles":0,"deaths":0,"injuries":1}},{"type":"Feature","geometry":{"type":"Point","coordinates":[-95.05,41.4]},"properties":{"id":"ncei-1964-10014414","year":1964,"month":4,"state":"IA","stateName":"Iowa","scale":3,"scaleLabel":"F3","lengthMiles":6.1,"deaths":0,"injuries":1}},{"type":"Feature","geometry":{"type":"Point","coordinates":[-94.27,40.9]},"properties":{"id":"ncei-1964-10014415","year":1964,"month":4,"state":"IA","stateName":"Iowa","scale":2,"scaleLabel":"F2","lengthMiles":14.8,"deaths":0,"injuries":0}},{"type":"Feature","geometry":{"type":"Point","coordinates":[-91.75,40.6]},"properties":{"id":"ncei-1964-10014416","year":1964,"month":4,"state":"IA","stateName":"Iowa","scale":2,"scaleLabel":"F2","lengthMiles":2,"deaths":0,"injuries":0}},{"type":"Feature","geometry":{"type":"Point","coordinates":[-93.73,42.6]},"properties":{"id":"ncei-1964-10014417","year":1964,"month":4,"state":"IA","stateName":"Iowa","scale":2,"scaleLabel":"F2","lengthMiles":4.7,"deaths":0,"injuries":0}},{"type":"Feature","geometry":{"type":"Point","coordinates":[-91.47,42.12]},"properties":{"id":"ncei-1964-10014420","year":1964,"month":5,"state":"IA","stateName":"Iowa","scale":2,"scaleLabel":"F2","lengthMiles":2.3,"deaths":0,"injuries":1}},{"type":"Feature","geometry":{"type":"Point","coordinates":[-91.2,43.22]},"properties":{"id":"ncei-1964-10014421","year":1964,"month":5,"state":"IA","stateName":"Iowa","scale":2,"scaleLabel":"F2","lengthMiles":9.2,"deaths":0,"injuries":0}},{"type":"Feature","geometry":{"type":"Point","coordinates":[-91.25,42.33]},"properties":{"id":"ncei-1964-10014422","year":1964,"month":5,"state":"IA","stateName":"Iowa","scale":2,"scaleLabel":"F2","lengthMiles":4.7,"deaths":0,"injuries":2}},{"type":"Feature","geometry":{"type":"Point","coordinates":[-96.42,42.52]},"properties":{"id":"ncei-1964-10014424","year":1964,"month":5,"state":"IA","stateName":"Iowa","scale":3,"scaleLabel":"F3","lengthMiles":4.1,"deaths":0,"injuries":7}},{"type":"Feature","geometry":{"type":"Point","coordinates":[-96.35,42.57]},"properties":{"id":"ncei-1964-10014425","year":1964,"month":5,"state":"IA","stateName":"Iowa","scale":3,"scaleLabel":"F3","lengthMiles":62.9,"deaths":0,"injuries":0}},{"type":"Feature","geometry":{"type":"Point","coordinates":[-93.9,42.1]},"properties":{"id":"ncei-1964-10014432","year":1964,"month":5,"state":"IA","stateName":"Iowa","scale":2,"scaleLabel":"F2","lengthMiles":0,"deaths":0,"injuries":0}},{"type":"Feature","geometry":{"type":"Point","coordinates":[-91.9,42.6]},"properties":{"id":"ncei-1964-10014434","year":1964,"month":5,"state":"IA","stateName":"Iowa","scale":3,"scaleLabel":"F3","lengthMiles":2.3,"deaths":0,"injuries":1}},{"type":"Feature","geometry":{"type":"Point","coordinates":[-95.13,38.95]},"properties":{"id":"ncei-1964-10025196","year":1964,"month":4,"state":"KS","stateName":"Kansas","scale":1,"scaleLabel":"F1","lengthMiles":7.1,"deaths":0,"injuries":0}},{"type":"Feature","geometry":{"type":"Point","coordinates":[-97.3,37.55]},"properties":{"id":"ncei-1964-10025197","year":1964,"month":4,"state":"KS","stateName":"Kansas","scale":2,"scaleLabel":"F2","lengthMiles":0,"deaths":0,"injuries":0}},{"type":"Feature","geometry":{"type":"Point","coordinates":[-95.48,38.75]},"properties":{"id":"ncei-1964-10025200","year":1964,"month":4,"state":"KS","stateName":"Kansas","scale":3,"scaleLabel":"F3","lengthMiles":33.8,"deaths":0,"injuries":3}},{"type":"Feature","geometry":{"type":"Point","coordinates":[-95.02,39.23]},"properties":{"id":"ncei-1964-10025204","year":1964,"month":4,"state":"KS","stateName":"Kansas","scale":3,"scaleLabel":"F3","lengthMiles":8.4,"deaths":1,"injuries":22}},{"type":"Feature","geometry":{"type":"Point","coordinates":[-95.3,38.12]},"properties":{"id":"ncei-1964-10025205","year":1964,"month":4,"state":"KS","stateName":"Kansas","scale":4,"scaleLabel":"F4","lengthMiles":19.4,"deaths":3,"injuries":9}},{"type":"Feature","geometry":{"type":"Point","coordinates":[-95.33,37.02]},"properties":{"id":"ncei-1964-10025207","year":1964,"month":4,"state":"KS","stateName":"Kansas","scale":1,"scaleLabel":"F1","lengthMiles":3.6,"deaths":0,"injuries":0}},{"type":"Feature","geometry":{"type":"Point","coordinates":[-94.77,37.9]},"properties":{"id":"ncei-1964-10025210","year":1964,"month":4,"state":"KS","stateName":"Kansas","scale":1,"scaleLabel":"F1","lengthMiles":4.3,"deaths":0,"injuries":0}},{"type":"Feature","geometry":{"type":"Point","coordinates":[-98.13,38.68]},"properties":{"id":"ncei-1964-10025213","year":1964,"month":4,"state":"KS","stateName":"Kansas","scale":-1,"scaleLabel":"Unknown","lengthMiles":0,"deaths":0,"injuries":0}},{"type":"Feature","geometry":{"type":"Point","coordinates":[-96.08,38.87]},"properties":{"id":"ncei-1964-10025214","year":1964,"month":4,"state":"KS","stateName":"Kansas","scale":1,"scaleLabel":"F1","lengthMiles":0,"deaths":0,"injuries":0}},{"type":"Feature","geometry":{"type":"Point","coordinates":[-100.13,38.27]},"properties":{"id":"ncei-1964-10025222","year":1964,"month":4,"state":"KS","stateName":"Kansas","scale":2,"scaleLabel":"F2","lengthMiles":0,"deaths":0,"injuries":0}},{"type":"Feature","geometry":{"type":"Point","coordinates":[-99.17,38.42]},"properties":{"id":"ncei-1964-10025226","year":1964,"month":4,"state":"KS","stateName":"Kansas","scale":0,"scaleLabel":"F0","lengthMiles":0,"deaths":0,"injuries":0}},{"type":"Feature","geometry":{"type":"Point","coordinates":[-97.08,39.45]},"properties":{"id":"ncei-1964-10025232","year":1964,"month":4,"state":"KS","stateName":"Kansas","scale":2,"scaleLabel":"F2","lengthMiles":12.4,"deaths":0,"injuries":0}},{"type":"Feature","geometry":{"type":"Point","coordinates":[-94.78,38.7]},"properties":{"id":"ncei-1964-10025236","year":1964,"month":4,"state":"KS","stateName":"Kansas","scale":2,"scaleLabel":"F2","lengthMiles":0,"deaths":0,"injuries":0}},{"type":"Feature","geometry":{"type":"Point","coordinates":[-95.37,39.52]},"properties":{"id":"ncei-1964-10025237","year":1964,"month":4,"state":"KS","stateName":"Kansas","scale":-1,"scaleLabel":"Unknown","lengthMiles":0,"deaths":0,"injuries":0}},{"type":"Feature","geometry":{"type":"Point","coordinates":[-95.18,39.73]},"properties":{"id":"ncei-1964-10025238","year":1964,"month":4,"state":"KS","stateName":"Kansas","scale":-1,"scaleLabel":"Unknown","lengthMiles":0,"deaths":0,"injuries":0}},{"type":"Feature","geometry":{"type":"Point","coordinates":[-95.3,37.73]},"properties":{"id":"ncei-1964-10025240","year":1964,"month":4,"state":"KS","stateName":"Kansas","scale":2,"scaleLabel":"F2","lengthMiles":5.7,"deaths":0,"injuries":0}},{"type":"Feature","geometry":{"type":"Point","coordinates":[-99.28,39.43]},"properties":{"id":"ncei-1964-10025242","year":1964,"month":4,"state":"KS","stateName":"Kansas","scale":1,"scaleLabel":"F1","lengthMiles":4.9,"deaths":0,"injuries":0}},{"type":"Feature","geometry":{"type":"Point","coordinates":[-98.88,37.95]},"properties":{"id":"ncei-1964-10025244","year":1964,"month":4,"state":"KS","stateName":"Kansas","scale":3,"scaleLabel":"F3","lengthMiles":25.7,"deaths":0,"injuries":2}},{"type":"Feature","geometry":{"type":"Point","coordinates":[-98.63,38.27]},"properties":{"id":"ncei-1964-10025245","year":1964,"month":4,"state":"KS","stateName":"Kansas","scale":3,"scaleLabel":"F3","lengthMiles":34,"deaths":0,"injuries":0}},{"type":"Feature","geometry":{"type":"Point","coordinates":[-97.42,37.92]},"properties":{"id":"ncei-1964-10025249","year":1964,"month":4,"state":"KS","stateName":"Kansas","scale":-1,"scaleLabel":"Unknown","lengthMiles":0,"deaths":0,"injuries":0}},{"type":"Feature","geometry":{"type":"Point","coordinates":[-97.05,38.42]},"properties":{"id":"ncei-1964-10025250","year":1964,"month":4,"state":"KS","stateName":"Kansas","scale":1,"scaleLabel":"F1","lengthMiles":0,"deaths":0,"injuries":2}},{"type":"Feature","geometry":{"type":"Point","coordinates":[-97.48,38.28]},"properties":{"id":"ncei-1964-10025251","year":1964,"month":4,"state":"KS","stateName":"Kansas","scale":2,"scaleLabel":"F2","lengthMiles":0,"deaths":0,"injuries":0}},{"type":"Feature","geometry":{"type":"Point","coordinates":[-96.62,38.38]},"properties":{"id":"ncei-1964-10025252","year":1964,"month":4,"state":"KS","stateName":"Kansas","scale":-1,"scaleLabel":"Unknown","lengthMiles":0,"deaths":0,"injuries":0}},{"type":"Feature","geometry":{"type":"Point","coordinates":[-96.72,38.68]},"properties":{"id":"ncei-1964-10025253","year":1964,"month":4,"state":"KS","stateName":"Kansas","scale":-1,"scaleLabel":"Unknown","lengthMiles":0,"deaths":0,"injuries":0}},{"type":"Feature","geometry":{"type":"Point","coordinates":[-90.68,38.72]},"properties":{"id":"ncei-1964-10025254","year":1964,"month":4,"state":"KS","stateName":"Kansas","scale":-1,"scaleLabel":"Unknown","lengthMiles":0,"deaths":0,"injuries":0}},{"type":"Feature","geometry":{"type":"Point","coordinates":[-96.65,38.75]},"properties":{"id":"ncei-1964-10025255","year":1964,"month":4,"state":"KS","stateName":"Kansas","scale":-1,"scaleLabel":"Unknown","lengthMiles":0,"deaths":0,"injuries":0}},{"type":"Feature","geometry":{"type":"Point","coordinates":[-96.65,38.35]},"properties":{"id":"ncei-1964-10025256","year":1964,"month":4,"state":"KS","stateName":"Kansas","scale":1,"scaleLabel":"F1","lengthMiles":0,"deaths":0,"injuries":0}},{"type":"Feature","geometry":{"type":"Point","coordinates":[-96.72,38.28]},"properties":{"id":"ncei-1964-10025257","year":1964,"month":4,"state":"KS","stateName":"Kansas","scale":2,"scaleLabel":"F2","lengthMiles":0,"deaths":0,"injuries":0}},{"type":"Feature","geometry":{"type":"Point","coordinates":[-96.68,38.32]},"properties":{"id":"ncei-1964-10025258","year":1964,"month":4,"state":"KS","stateName":"Kansas","scale":2,"scaleLabel":"F2","lengthMiles":0,"deaths":0,"injuries":0}},{"type":"Feature","geometry":{"type":"Point","coordinates":[-96.15,38.48]},"properties":{"id":"ncei-1964-10025262","year":1964,"month":4,"state":"KS","stateName":"Kansas","scale":-1,"scaleLabel":"Unknown","lengthMiles":0,"deaths":0,"injuries":0}},{"type":"Feature","geometry":{"type":"Point","coordinates":[-96.12,30.45]},"properties":{"id":"ncei-1964-10025263","year":1964,"month":4,"state":"KS","stateName":"Kansas","scale":-1,"scaleLabel":"Unknown","lengthMiles":0,"deaths":0,"injuries":0}},{"type":"Feature","geometry":{"type":"Point","coordinates":[-96.08,30.53]},"properties":{"id":"ncei-1964-10025264","year":1964,"month":4,"state":"KS","stateName":"Kansas","scale":-1,"scaleLabel":"Unknown","lengthMiles":0,"deaths":0,"injuries":0}},{"type":"Feature","geometry":{"type":"Point","coordinates":[-94.77,38.07]},"properties":{"id":"ncei-1964-10025895","year":1964,"month":3,"state":"KS","stateName":"Kansas","scale":2,"scaleLabel":"F2","lengthMiles":0.5,"deaths":0,"injuries":0}},{"type":"Feature","geometry":{"type":"Point","coordinates":[-96.05,38.48]},"properties":{"id":"ncei-1964-10026116","year":1964,"month":4,"state":"KS","stateName":"Kansas","scale":-1,"scaleLabel":"Unknown","lengthMiles":0,"deaths":0,"injuries":0}},{"type":"Feature","geometry":{"type":"Point","coordinates":[-95.73,38.67]},"properties":{"id":"ncei-1964-10026117","year":1964,"month":4,"state":"KS","stateName":"Kansas","scale":-1,"scaleLabel":"Unknown","lengthMiles":0,"deaths":0,"injuries":0}},{"type":"Feature","geometry":{"type":"Point","coordinates":[-94.85,38.53]},"properties":{"id":"ncei-1964-10026327","year":1964,"month":4,"state":"KS","stateName":"Kansas","scale":-1,"scaleLabel":"Unknown","lengthMiles":0,"deaths":0,"injuries":0}},{"type":"Feature","geometry":{"type":"Point","coordinates":[-95.28,38.55]},"properties":{"id":"ncei-1964-10026328","year":1964,"month":4,"state":"KS","stateName":"Kansas","scale":2,"scaleLabel":"F2","lengthMiles":0,"deaths":0,"injuries":1}},{"type":"Feature","geometry":{"type":"Point","coordinates":[-94.8,38.58]},"properties":{"id":"ncei-1964-10026332","year":1964,"month":4,"state":"KS","stateName":"Kansas","scale":-1,"scaleLabel":"Unknown","lengthMiles":0,"deaths":0,"injuries":0}},{"type":"Feature","geometry":{"type":"Point","coordinates":[-94.85,38.77]},"properties":{"id":"ncei-1964-10026333","year":1964,"month":4,"state":"KS","stateName":"Kansas","scale":1,"scaleLabel":"F1","lengthMiles":0,"deaths":0,"injuries":0}},{"type":"Feature","geometry":{"type":"Point","coordinates":[-97.43,37.92]},"properties":{"id":"ncei-1964-10026337","year":1964,"month":4,"state":"KS","stateName":"Kansas","scale":0,"scaleLabel":"F0","lengthMiles":0,"deaths":0,"injuries":0}},{"type":"Feature","geometry":{"type":"Point","coordinates":[-96.28,38.32]},"properties":{"id":"ncei-1964-10026341","year":1964,"month":4,"state":"KS","stateName":"Kansas","scale":-1,"scaleLabel":"Unknown","lengthMiles":0,"deaths":0,"injuries":0}},{"type":"Feature","geometry":{"type":"Point","coordinates":[-95.45,37.63]},"properties":{"id":"ncei-1964-10026343","year":1964,"month":4,"state":"KS","stateName":"Kansas","scale":-1,"scaleLabel":"Unknown","lengthMiles":0,"deaths":0,"injuries":0}},{"type":"Feature","geometry":{"type":"Point","coordinates":[-94.98,38.33]},"properties":{"id":"ncei-1964-10026344","year":1964,"month":4,"state":"KS","stateName":"Kansas","scale":1,"scaleLabel":"F1","lengthMiles":0,"deaths":0,"injuries":0}},{"type":"Feature","geometry":{"type":"Point","coordinates":[-95.32,38.57]},"properties":{"id":"ncei-1964-10026345","year":1964,"month":4,"state":"KS","stateName":"Kansas","scale":-1,"scaleLabel":"Unknown","lengthMiles":0,"deaths":0,"injuries":0}},{"type":"Feature","geometry":{"type":"Point","coordinates":[-94.95,38.82]},"properties":{"id":"ncei-1964-10026346","year":1964,"month":4,"state":"KS","stateName":"Kansas","scale":-1,"scaleLabel":"Unknown","lengthMiles":0,"deaths":0,"injuries":0}},{"type":"Feature","geometry":{"type":"Point","coordinates":[-94.77,38.85]},"properties":{"id":"ncei-1964-10026347","year":1964,"month":4,"state":"KS","stateName":"Kansas","scale":-1,"scaleLabel":"Unknown","lengthMiles":0,"deaths":0,"injuries":0}},{"type":"Feature","geometry":{"type":"Point","coordinates":[-94.65,38.77]},"properties":{"id":"ncei-1964-10026348","year":1964,"month":4,"state":"KS","stateName":"Kansas","scale":-1,"scaleLabel":"Unknown","lengthMiles":0,"deaths":0,"injuries":0}},{"type":"Feature","geometry":{"type":"Point","coordinates":[-99.28,39.43]},"properties":{"id":"ncei-1964-10026349","year":1964,"month":4,"state":"KS","stateName":"Kansas","scale":-1,"scaleLabel":"Unknown","lengthMiles":1.3,"deaths":0,"injuries":0}},{"type":"Feature","geometry":{"type":"Point","coordinates":[-98.6,38.57]},"properties":{"id":"ncei-1964-10026351","year":1964,"month":5,"state":"KS","stateName":"Kansas","scale":2,"scaleLabel":"F2","lengthMiles":10.6,"deaths":0,"injuries":0}},{"type":"Feature","geometry":{"type":"Point","coordinates":[-98.77,37.68]},"properties":{"id":"ncei-1964-10026353","year":1964,"month":5,"state":"KS","stateName":"Kansas","scale":0,"scaleLabel":"F0","lengthMiles":0,"deaths":0,"injuries":0}},{"type":"Feature","geometry":{"type":"Point","coordinates":[-98.68,37.5]},"properties":{"id":"ncei-1964-10026354","year":1964,"month":5,"state":"KS","stateName":"Kansas","scale":2,"scaleLabel":"F2","lengthMiles":0,"deaths":0,"injuries":0}},{"type":"Feature","geometry":{"type":"Point","coordinates":[-98.8,37.9]},"properties":{"id":"ncei-1964-10026357","year":1964,"month":5,"state":"KS","stateName":"Kansas","scale":3,"scaleLabel":"F3","lengthMiles":20.4,"deaths":0,"injuries":0}},{"type":"Feature","geometry":{"type":"Point","coordinates":[-98.58,37.08]},"properties":{"id":"ncei-1964-10026358","year":1964,"month":5,"state":"KS","stateName":"Kansas","scale":3,"scaleLabel":"F3","lengthMiles":33,"deaths":0,"injuries":0}},{"type":"Feature","geometry":{"type":"Point","coordinates":[-100.5,38.95]},"properties":{"id":"ncei-1964-10026360","year":1964,"month":5,"state":"KS","stateName":"Kansas","scale":1,"scaleLabel":"F1","lengthMiles":0,"deaths":0,"injuries":1}},{"type":"Feature","geometry":{"type":"Point","coordinates":[-100.73,38.55]},"properties":{"id":"ncei-1964-10026361","year":1964,"month":5,"state":"KS","stateName":"Kansas","scale":2,"scaleLabel":"F2","lengthMiles":7.6,"deaths":0,"injuries":0}},{"type":"Feature","geometry":{"type":"Point","coordinates":[-100.9,38.52]},"properties":{"id":"ncei-1964-10026362","year":1964,"month":5,"state":"KS","stateName":"Kansas","scale":-1,"scaleLabel":"Unknown","lengthMiles":0,"deaths":0,"injuries":0}},{"type":"Feature","geometry":{"type":"Point","coordinates":[-101.27,37.93]},"properties":{"id":"ncei-1964-10026364","year":1964,"month":5,"state":"KS","stateName":"Kansas","scale":-1,"scaleLabel":"Unknown","lengthMiles":0,"deaths":0,"injuries":0}},{"type":"Feature","geometry":{"type":"Point","coordinates":[-100.9,38.48]},"properties":{"id":"ncei-1964-10026365","year":1964,"month":5,"state":"KS","stateName":"Kansas","scale":1,"scaleLabel":"F1","lengthMiles":4.1,"deaths":0,"injuries":0}},{"type":"Feature","geometry":{"type":"Point","coordinates":[-97.47,37.92]},"properties":{"id":"ncei-1964-10026367","year":1964,"month":5,"state":"KS","stateName":"Kansas","scale":-1,"scaleLabel":"Unknown","lengthMiles":0,"deaths":0,"injuries":0}},{"type":"Feature","geometry":{"type":"Point","coordinates":[-96.27,38.33]},"properties":{"id":"ncei-1964-10026368","year":1964,"month":5,"state":"KS","stateName":"Kansas","scale":-1,"scaleLabel":"Unknown","lengthMiles":0,"deaths":0,"injuries":0}},{"type":"Feature","geometry":{"type":"Point","coordinates":[-95.73,38.27]},"properties":{"id":"ncei-1964-10026376","year":1964,"month":5,"state":"KS","stateName":"Kansas","scale":2,"scaleLabel":"F2","lengthMiles":0,"deaths":0,"injuries":0}},{"type":"Feature","geometry":{"type":"Point","coordinates":[-99.08,38.47]},"properties":{"id":"ncei-1964-10026386","year":1964,"month":6,"state":"KS","stateName":"Kansas","scale":2,"scaleLabel":"F2","lengthMiles":0,"deaths":0,"injuries":0}},{"type":"Feature","geometry":{"type":"Point","coordinates":[-99.1,38.45]},"properties":{"id":"ncei-1964-10026387","year":1964,"month":6,"state":"KS","stateName":"Kansas","scale":-1,"scaleLabel":"Unknown","lengthMiles":0,"deaths":0,"injuries":0}},{"type":"Feature","geometry":{"type":"Point","coordinates":[-98.35,38.37]},"properties":{"id":"ncei-1964-10026388","year":1964,"month":6,"state":"KS","stateName":"Kansas","scale":-1,"scaleLabel":"Unknown","lengthMiles":0,"deaths":0,"injuries":0}},{"type":"Feature","geometry":{"type":"Point","coordinates":[-98.37,38.35]},"properties":{"id":"ncei-1964-10026389","year":1964,"month":6,"state":"KS","stateName":"Kansas","scale":-1,"scaleLabel":"Unknown","lengthMiles":0,"deaths":0,"injuries":0}},{"type":"Feature","geometry":{"type":"Point","coordinates":[-98.72,38.32]},"properties":{"id":"ncei-1964-10026390","year":1964,"month":6,"state":"KS","stateName":"Kansas","scale":1,"scaleLabel":"F1","lengthMiles":0,"deaths":0,"injuries":0}},{"type":"Feature","geometry":{"type":"Point","coordinates":[-98.88,38.47]},"properties":{"id":"ncei-1964-10026391","year":1964,"month":6,"state":"KS","stateName":"Kansas","scale":1,"scaleLabel":"F1","lengthMiles":0,"deaths":0,"injuries":0}},{"type":"Feature","geometry":{"type":"Point","coordinates":[-98.53,38.52]},"properties":{"id":"ncei-1964-10026392","year":1964,"month":6,"state":"KS","stateName":"Kansas","scale":2,"scaleLabel":"F2","lengthMiles":0.5,"deaths":0,"injuries":0}},{"type":"Feature","geometry":{"type":"Point","coordinates":[-95.6,39.67]},"properties":{"id":"ncei-1964-10026394","year":1964,"month":6,"state":"KS","stateName":"Kansas","scale":0,"scaleLabel":"F0","lengthMiles":0,"deaths":0,"injuries":0}},{"type":"Feature","geometry":{"type":"Point","coordinates":[-98.77,38.52]},"properties":{"id":"ncei-1964-10026396","year":1964,"month":6,"state":"KS","stateName":"Kansas","scale":2,"scaleLabel":"F2","lengthMiles":12.6,"deaths":0,"injuries":1}},{"type":"Feature","geometry":{"type":"Point","coordinates":[-95.62,37.68]},"properties":{"id":"ncei-1964-10026973","year":1964,"month":6,"state":"KS","stateName":"Kansas","scale":-1,"scaleLabel":"Unknown","lengthMiles":0,"deaths":0,"injuries":0}},{"type":"Feature","geometry":{"type":"Point","coordinates":[-95.88,38.88]},"properties":{"id":"ncei-1964-10026974","year":1964,"month":6,"state":"KS","stateName":"Kansas","scale":0,"scaleLabel":"F0","lengthMiles":0,"deaths":0,"injuries":0}},{"type":"Feature","geometry":{"type":"Point","coordinates":[-96.85,37.8]},"properties":{"id":"ncei-1964-10026982","year":1964,"month":6,"state":"KS","stateName":"Kansas","scale":1,"scaleLabel":"F1","lengthMiles":0,"deaths":0,"injuries":0}},{"type":"Feature","geometry":{"type":"Point","coordinates":[-96.82,37.85]},"properties":{"id":"ncei-1964-10026983","year":1964,"month":6,"state":"KS","stateName":"Kansas","scale":1,"scaleLabel":"F1","lengthMiles":0,"deaths":0,"injuries":0}},{"type":"Feature","geometry":{"type":"Point","coordinates":[-97.5,39.9]},"properties":{"id":"ncei-1964-10026985","year":1964,"month":6,"state":"KS","stateName":"Kansas","scale":0,"scaleLabel":"F0","lengthMiles":0,"deaths":0,"injuries":0}},{"type":"Feature","geometry":{"type":"Point","coordinates":[-97.37,38.95]},"properties":{"id":"ncei-1964-10026986","year":1964,"month":6,"state":"KS","stateName":"Kansas","scale":3,"scaleLabel":"F3","lengthMiles":8.9,"deaths":0,"injuries":0}},{"type":"Feature","geometry":{"type":"Point","coordinates":[-97.18,38.95]},"properties":{"id":"ncei-1964-10026987","year":1964,"month":6,"state":"KS","stateName":"Kansas","scale":2,"scaleLabel":"F2","lengthMiles":0,"deaths":0,"injuries":0}},{"type":"Feature","geometry":{"type":"Point","coordinates":[-96.28,39.33]},"properties":{"id":"ncei-1964-10026990","year":1964,"month":6,"state":"KS","stateName":"Kansas","scale":0,"scaleLabel":"F0","lengthMiles":0,"deaths":0,"injuries":0}},{"type":"Feature","geometry":{"type":"Point","coordinates":[-96.63,39.85]},"properties":{"id":"ncei-1964-10026992","year":1964,"month":6,"state":"KS","stateName":"Kansas","scale":-1,"scaleLabel":"Unknown","lengthMiles":0,"deaths":0,"injuries":0}},{"type":"Feature","geometry":{"type":"Point","coordinates":[-95.8,39.63]},"properties":{"id":"ncei-1964-10026993","year":1964,"month":6,"state":"KS","stateName":"Kansas","scale":0,"scaleLabel":"F0","lengthMiles":0,"deaths":0,"injuries":0}},{"type":"Feature","geometry":{"type":"Point","coordinates":[-95.08,37.9]},"properties":{"id":"ncei-1964-10026998","year":1964,"month":6,"state":"KS","stateName":"Kansas","scale":1,"scaleLabel":"F1","lengthMiles":0,"deaths":0,"injuries":0}},{"type":"Feature","geometry":{"type":"Point","coordinates":[-100.33,38.08]},"properties":{"id":"ncei-1964-10026999","year":1964,"month":6,"state":"KS","stateName":"Kansas","scale":-1,"scaleLabel":"Unknown","lengthMiles":0,"deaths":0,"injuries":0}},{"type":"Feature","geometry":{"type":"Point","coordinates":[-100.88,38.3]},"properties":{"id":"ncei-1964-10027001","year":1964,"month":6,"state":"KS","stateName":"Kansas","scale":0,"scaleLabel":"F0","lengthMiles":0,"deaths":0,"injuries":0}},{"type":"Feature","geometry":{"type":"Point","coordinates":[-99.88,39.83]},"properties":{"id":"ncei-1964-10027025","year":1964,"month":7,"state":"KS","stateName":"Kansas","scale":-1,"scaleLabel":"Unknown","lengthMiles":0,"deaths":0,"injuries":0}},{"type":"Feature","geometry":{"type":"Point","coordinates":[-95.53,39.87]},"properties":{"id":"ncei-1964-10028116","year":1964,"month":8,"state":"KS","stateName":"Kansas","scale":1,"scaleLabel":"F1","lengthMiles":3.3,"deaths":0,"injuries":0}},{"type":"Feature","geometry":{"type":"Point","coordinates":[-95.47,39.85]},"properties":{"id":"ncei-1964-10028117","year":1964,"month":8,"state":"KS","stateName":"Kansas","scale":1,"scaleLabel":"F1","lengthMiles":0,"deaths":0,"injuries":0}},{"type":"Feature","geometry":{"type":"Point","coordinates":[-98.45,39.28]},"properties":{"id":"ncei-1964-10028127","year":1964,"month":8,"state":"KS","stateName":"Kansas","scale":1,"scaleLabel":"F1","lengthMiles":23.5,"deaths":0,"injuries":0}},{"type":"Feature","geometry":{"type":"Point","coordinates":[-99.03,38.87]},"properties":{"id":"ncei-1964-10028135","year":1964,"month":8,"state":"KS","stateName":"Kansas","scale":1,"scaleLabel":"F1","lengthMiles":5.4,"deaths":0,"injuries":1}},{"type":"Feature","geometry":{"type":"Point","coordinates":[-99.02,38.92]},"properties":{"id":"ncei-1964-10028137","year":1964,"month":8,"state":"KS","stateName":"Kansas","scale":2,"scaleLabel":"F2","lengthMiles":0,"deaths":0,"injuries":0}},{"type":"Feature","geometry":{"type":"Point","coordinates":[-99.32,38.8]},"properties":{"id":"ncei-1964-10028138","year":1964,"month":8,"state":"KS","stateName":"Kansas","scale":3,"scaleLabel":"F3","lengthMiles":8.3,"deaths":0,"injuries":0}},{"type":"Feature","geometry":{"type":"Point","coordinates":[-98.93,38.83]},"properties":{"id":"ncei-1964-10028139","year":1964,"month":8,"state":"KS","stateName":"Kansas","scale":-1,"scaleLabel":"Unknown","lengthMiles":0,"deaths":0,"injuries":0}},{"type":"Feature","geometry":{"type":"Point","coordinates":[-98.67,37.52]},"properties":{"id":"ncei-1964-10028142","year":1964,"month":11,"state":"KS","stateName":"Kansas","scale":2,"scaleLabel":"F2","lengthMiles":11.3,"deaths":0,"injuries":0}},{"type":"Feature","geometry":{"type":"Point","coordinates":[-96.07,37.65]},"properties":{"id":"ncei-1964-10028143","year":1964,"month":11,"state":"KS","stateName":"Kansas","scale":2,"scaleLabel":"F2","lengthMiles":0.8,"deaths":0,"injuries":0}},{"type":"Feature","geometry":{"type":"Point","coordinates":[-92.78,32.47]},"properties":{"id":"ncei-1964-10029711","year":1964,"month":4,"state":"LA","stateName":"Louisiana","scale":2,"scaleLabel":"F2","lengthMiles":5.4,"deaths":0,"injuries":0}},{"type":"Feature","geometry":{"type":"Point","coordinates":[-94.03,32.43]},"properties":{"id":"ncei-1964-10029718","year":1964,"month":4,"state":"LA","stateName":"Louisiana","scale":3,"scaleLabel":"F3","lengthMiles":18.3,"deaths":0,"injuries":2}},{"type":"Feature","geometry":{"type":"Point","coordinates":[-93.73,32.52]},"properties":{"id":"ncei-1964-10029719","year":1964,"month":4,"state":"LA","stateName":"Louisiana","scale":3,"scaleLabel":"F3","lengthMiles":2.3,"deaths":0,"injuries":0}},{"type":"Feature","geometry":{"type":"Point","coordinates":[-92.25,29.83]},"properties":{"id":"ncei-1964-10030796","year":1964,"month":8,"state":"LA","stateName":"Louisiana","scale":1,"scaleLabel":"F1","lengthMiles":6.2,"deaths":0,"injuries":0}},{"type":"Feature","geometry":{"type":"Point","coordinates":[-90.23,29.37]},"properties":{"id":"ncei-1964-10030798","year":1964,"month":10,"state":"LA","stateName":"Louisiana","scale":1,"scaleLabel":"F1","lengthMiles":0.5,"deaths":0,"injuries":0}},{"type":"Feature","geometry":{"type":"Point","coordinates":[-90.28,29.43]},"properties":{"id":"ncei-1964-10030799","year":1964,"month":10,"state":"LA","stateName":"Louisiana","scale":1,"scaleLabel":"F1","lengthMiles":0.5,"deaths":0,"injuries":0}},{"type":"Feature","geometry":{"type":"Point","coordinates":[-90.37,29.6]},"properties":{"id":"ncei-1964-10030801","year":1964,"month":10,"state":"LA","stateName":"Louisiana","scale":4,"scaleLabel":"F4","lengthMiles":1.5,"deaths":22,"injuries":165}},{"type":"Feature","geometry":{"type":"Point","coordinates":[-90.22,29.93]},"properties":{"id":"ncei-1964-10030802","year":1964,"month":10,"state":"LA","stateName":"Louisiana","scale":2,"scaleLabel":"F2","lengthMiles":6.5,"deaths":0,"injuries":3}},{"type":"Feature","geometry":{"type":"Point","coordinates":[-90.12,29.97]},"properties":{"id":"ncei-1964-10030803","year":1964,"month":10,"state":"LA","stateName":"Louisiana","scale":2,"scaleLabel":"F2","lengthMiles":7.7,"deaths":0,"injuries":2}},{"type":"Feature","geometry":{"type":"Point","coordinates":[-91.1,29.92]},"properties":{"id":"ncei-1964-10030804","year":1964,"month":10,"state":"LA","stateName":"Louisiana","scale":2,"scaleLabel":"F2","lengthMiles":1.5,"deaths":0,"injuries":0}},{"type":"Feature","geometry":{"type":"Point","coordinates":[-90.13,30.38]},"properties":{"id":"ncei-1964-10030805","year":1964,"month":10,"state":"LA","stateName":"Louisiana","scale":2,"scaleLabel":"F2","lengthMiles":1,"deaths":0,"injuries":0}},{"type":"Feature","geometry":{"type":"Point","coordinates":[-92,31.13]},"properties":{"id":"ncei-1964-10030807","year":1964,"month":11,"state":"LA","stateName":"Louisiana","scale":2,"scaleLabel":"F2","lengthMiles":6.9,"deaths":0,"injuries":1}},{"type":"Feature","geometry":{"type":"Point","coordinates":[-91.92,32.73]},"properties":{"id":"ncei-1964-10030808","year":1964,"month":11,"state":"LA","stateName":"Louisiana","scale":1,"scaleLabel":"F1","lengthMiles":1,"deaths":0,"injuries":0}},{"type":"Feature","geometry":{"type":"Point","coordinates":[-92.75,32.25]},"properties":{"id":"ncei-1964-10030810","year":1964,"month":12,"state":"LA","stateName":"Louisiana","scale":1,"scaleLabel":"F1","lengthMiles":8.7,"deaths":0,"injuries":0}},{"type":"Feature","geometry":{"type":"Point","coordinates":[-92.17,30.6]},"properties":{"id":"ncei-1964-10030811","year":1964,"month":12,"state":"LA","stateName":"Louisiana","scale":1,"scaleLabel":"F1","lengthMiles":0.5,"deaths":0,"injuries":0}},{"type":"Feature","geometry":{"type":"Point","coordinates":[-92.15,31.35]},"properties":{"id":"ncei-1964-10030812","year":1964,"month":12,"state":"LA","stateName":"Louisiana","scale":0,"scaleLabel":"F0","lengthMiles":0.5,"deaths":0,"injuries":0}},{"type":"Feature","geometry":{"type":"Point","coordinates":[-88.9,36.53]},"properties":{"id":"ncei-1964-10034860","year":1964,"month":1,"state":"KY","stateName":"Kentucky","scale":1,"scaleLabel":"F1","lengthMiles":0.5,"deaths":0,"injuries":2}},{"type":"Feature","geometry":{"type":"Point","coordinates":[-86.55,37.55]},"properties":{"id":"ncei-1964-10034861","year":1964,"month":1,"state":"KY","stateName":"Kentucky","scale":1,"scaleLabel":"F1","lengthMiles":0,"deaths":0,"injuries":0}},{"type":"Feature","geometry":{"type":"Point","coordinates":[-85.92,37.52]},"properties":{"id":"ncei-1964-10034862","year":1964,"month":1,"state":"KY","stateName":"Kentucky","scale":1,"scaleLabel":"F1","lengthMiles":0,"deaths":0,"injuries":0}},{"type":"Feature","geometry":{"type":"Point","coordinates":[-86,37.9]},"properties":{"id":"ncei-1964-10034863","year":1964,"month":1,"state":"KY","stateName":"Kentucky","scale":1,"scaleLabel":"F1","lengthMiles":0,"deaths":0,"injuries":0}},{"type":"Feature","geometry":{"type":"Point","coordinates":[-88.45,36.7]},"properties":{"id":"ncei-1964-10034867","year":1964,"month":3,"state":"KY","stateName":"Kentucky","scale":4,"scaleLabel":"F4","lengthMiles":4.9,"deaths":0,"injuries":8}},{"type":"Feature","geometry":{"type":"Point","coordinates":[-88.38,36.75]},"properties":{"id":"ncei-1964-10034868","year":1964,"month":3,"state":"KY","stateName":"Kentucky","scale":4,"scaleLabel":"F4","lengthMiles":13.6,"deaths":3,"injuries":16}},{"type":"Feature","geometry":{"type":"Point","coordinates":[-88.9,36.67]},"properties":{"id":"ncei-1964-10034869","year":1964,"month":3,"state":"KY","stateName":"Kentucky","scale":3,"scaleLabel":"F3","lengthMiles":7.2,"deaths":0,"injuries":5}},{"type":"Feature","geometry":{"type":"Point","coordinates":[-83.95,38.53]},"properties":{"id":"ncei-1964-10034870","year":1964,"month":3,"state":"KY","stateName":"Kentucky","scale":1,"scaleLabel":"F1","lengthMiles":0,"deaths":0,"injuries":0}},{"type":"Feature","geometry":{"type":"Point","coordinates":[-85.92,38.2]},"properties":{"id":"ncei-1964-10034871","year":1964,"month":3,"state":"KY","stateName":"Kentucky","scale":1,"scaleLabel":"F1","lengthMiles":0,"deaths":0,"injuries":0}},{"type":"Feature","geometry":{"type":"Point","coordinates":[-85.72,38.18]},"properties":{"id":"ncei-1964-10034872","year":1964,"month":3,"state":"KY","stateName":"Kentucky","scale":2,"scaleLabel":"F2","lengthMiles":10.3,"deaths":0,"injuries":1}},{"type":"Feature","geometry":{"type":"Point","coordinates":[-85.53,38.22]},"properties":{"id":"ncei-1964-10035722","year":1964,"month":3,"state":"KY","stateName":"Kentucky","scale":2,"scaleLabel":"F2","lengthMiles":4.7,"deaths":0,"injuries":0}},{"type":"Feature","geometry":{"type":"Point","coordinates":[-85.45,38.28]},"properties":{"id":"ncei-1964-10035723","year":1964,"month":3,"state":"KY","stateName":"Kentucky","scale":2,"scaleLabel":"F2","lengthMiles":23.4,"deaths":0,"injuries":0}},{"type":"Feature","geometry":{"type":"Point","coordinates":[-84.7,38.2]},"properties":{"id":"ncei-1964-10035946","year":1964,"month":6,"state":"KY","stateName":"Kentucky","scale":1,"scaleLabel":"F1","lengthMiles":4.9,"deaths":0,"injuries":2}},{"type":"Feature","geometry":{"type":"Point","coordinates":[-84.63,38.3]},"properties":{"id":"ncei-1964-10035947","year":1964,"month":6,"state":"KY","stateName":"Kentucky","scale":2,"scaleLabel":"F2","lengthMiles":6.5,"deaths":0,"injuries":0}},{"type":"Feature","geometry":{"type":"Point","coordinates":[-84.52,38.33]},"properties":{"id":"ncei-1964-10035948","year":1964,"month":6,"state":"KY","stateName":"Kentucky","scale":2,"scaleLabel":"F2","lengthMiles":31.9,"deaths":0,"injuries":0}},{"type":"Feature","geometry":{"type":"Point","coordinates":[-83.93,38.4]},"properties":{"id":"ncei-1964-10035949","year":1964,"month":6,"state":"KY","stateName":"Kentucky","scale":2,"scaleLabel":"F2","lengthMiles":10.9,"deaths":0,"injuries":1}},{"type":"Feature","geometry":{"type":"Point","coordinates":[-85.2,37.1]},"properties":{"id":"ncei-1964-10035950","year":1964,"month":6,"state":"KY","stateName":"Kentucky","scale":2,"scaleLabel":"F2","lengthMiles":3.6,"deaths":0,"injuries":0}},{"type":"Feature","geometry":{"type":"Point","coordinates":[-85.8,43.45]},"properties":{"id":"ncei-1964-10040609","year":1964,"month":4,"state":"MI","stateName":"Michigan","scale":1,"scaleLabel":"F1","lengthMiles":0,"deaths":0,"injuries":0}},{"type":"Feature","geometry":{"type":"Point","coordinates":[-87.02,46.38]},"properties":{"id":"ncei-1964-10040611","year":1964,"month":5,"state":"MI","stateName":"Michigan","scale":2,"scaleLabel":"F2","lengthMiles":0,"deaths":0,"injuries":0}},{"type":"Feature","geometry":{"type":"Point","coordinates":[-83.28,42.68]},"properties":{"id":"ncei-1964-10040612","year":1964,"month":5,"state":"MI","stateName":"Michigan","scale":2,"scaleLabel":"F2","lengthMiles":0,"deaths":0,"injuries":1}},{"type":"Feature","geometry":{"type":"Point","coordinates":[-82.83,42.67]},"properties":{"id":"ncei-1964-10040613","year":1964,"month":5,"state":"MI","stateName":"Michigan","scale":4,"scaleLabel":"F4","lengthMiles":3.3,"deaths":11,"injuries":224}},{"type":"Feature","geometry":{"type":"Point","coordinates":[-83.45,41.8]},"properties":{"id":"ncei-1964-10040614","year":1964,"month":5,"state":"MI","stateName":"Michigan","scale":2,"scaleLabel":"F2","lengthMiles":3.3,"deaths":0,"injuries":1}},{"type":"Feature","geometry":{"type":"Point","coordinates":[-85.53,44.9]},"properties":{"id":"ncei-1964-10040615","year":1964,"month":5,"state":"MI","stateName":"Michigan","scale":2,"scaleLabel":"F2","lengthMiles":16.6,"deaths":0,"injuries":0}},{"type":"Feature","geometry":{"type":"Point","coordinates":[-83.88,45.3]},"properties":{"id":"ncei-1964-10040618","year":1964,"month":5,"state":"MI","stateName":"Michigan","scale":2,"scaleLabel":"F2","lengthMiles":17.9,"deaths":0,"injuries":0}},{"type":"Feature","geometry":{"type":"Point","coordinates":[-83.6,44.87]},"properties":{"id":"ncei-1964-10040640","year":1964,"month":7,"state":"MI","stateName":"Michigan","scale":1,"scaleLabel":"F1","lengthMiles":1,"deaths":0,"injuries":0}},{"type":"Feature","geometry":{"type":"Point","coordinates":[-83.8,45.42]},"properties":{"id":"ncei-1964-10040643","year":1964,"month":7,"state":"MI","stateName":"Michigan","scale":1,"scaleLabel":"F1","lengthMiles":0.3,"deaths":0,"injuries":1}},{"type":"Feature","geometry":{"type":"Point","coordinates":[-84.43,41.77]},"properties":{"id":"ncei-1964-10040647","year":1964,"month":8,"state":"MI","stateName":"Michigan","scale":2,"scaleLabel":"F2","lengthMiles":10.3,"deaths":0,"injuries":1}},{"type":"Feature","geometry":{"type":"Point","coordinates":[-84.17,42]},"properties":{"id":"ncei-1964-10040648","year":1964,"month":8,"state":"MI","stateName":"Michigan","scale":3,"scaleLabel":"F3","lengthMiles":0,"deaths":0,"injuries":2}},{"type":"Feature","geometry":{"type":"Point","coordinates":[-83.87,41.98]},"properties":{"id":"ncei-1964-10040649","year":1964,"month":8,"state":"MI","stateName":"Michigan","scale":1,"scaleLabel":"F1","lengthMiles":0,"deaths":0,"injuries":0}},{"type":"Feature","geometry":{"type":"Point","coordinates":[-85.12,42.4]},"properties":{"id":"ncei-1964-10040651","year":1964,"month":8,"state":"MI","stateName":"Michigan","scale":1,"scaleLabel":"F1","lengthMiles":7.8,"deaths":0,"injuries":3}},{"type":"Feature","geometry":{"type":"Point","coordinates":[-85.2,44.32]},"properties":{"id":"ncei-1964-10040655","year":1964,"month":9,"state":"MI","stateName":"Michigan","scale":2,"scaleLabel":"F2","lengthMiles":0,"deaths":0,"injuries":0}},{"type":"Feature","geometry":{"type":"Point","coordinates":[-71.17,42.7]},"properties":{"id":"ncei-1964-10041462","year":1964,"month":5,"state":"MA","stateName":"Massachusetts","scale":0,"scaleLabel":"F0","lengthMiles":0.1,"deaths":0,"injuries":0}},{"type":"Feature","geometry":{"type":"Point","coordinates":[-70.88,42.53]},"properties":{"id":"ncei-1964-10041463","year":1964,"month":5,"state":"MA","stateName":"Massachusetts","scale":1,"scaleLabel":"F1","lengthMiles":2,"deaths":0,"injuries":0}},{"type":"Feature","geometry":{"type":"Point","coordinates":[-70.8,42.08]},"properties":{"id":"ncei-1964-10041470","year":1964,"month":7,"state":"MA","stateName":"Massachusetts","scale":1,"scaleLabel":"F1","lengthMiles":2.3,"deaths":0,"injuries":0}},{"type":"Feature","geometry":{"type":"Point","coordinates":[-72.7,42.6]},"properties":{"id":"ncei-1964-10041475","year":1964,"month":7,"state":"MA","stateName":"Massachusetts","scale":0,"scaleLabel":"F0","lengthMiles":0.1,"deaths":0,"injuries":0}},{"type":"Feature","geometry":{"type":"Point","coordinates":[-72.33,42.6]},"properties":{"id":"ncei-1964-10041476","year":1964,"month":7,"state":"MA","stateName":"Massachusetts","scale":1,"scaleLabel":"F1","lengthMiles":4.3,"deaths":0,"injuries":0}},{"type":"Feature","geometry":{"type":"Point","coordinates":[-90.72,34.1]},"properties":{"id":"ncei-1964-10048241","year":1964,"month":7,"state":"MS","stateName":"Mississippi","scale":1,"scaleLabel":"F1","lengthMiles":1.5,"deaths":0,"injuries":0}},{"type":"Feature","geometry":{"type":"Point","coordinates":[-89.65,30.8]},"properties":{"id":"ncei-1964-10048245","year":1964,"month":10,"state":"MS","stateName":"Mississippi","scale":2,"scaleLabel":"F2","lengthMiles":3.3,"deaths":0,"injuries":0}},{"type":"Feature","geometry":{"type":"Point","coordinates":[-90.75,34.35]},"properties":{"id":"ncei-1964-10048247","year":1964,"month":11,"state":"MS","stateName":"Mississippi","scale":2,"scaleLabel":"F2","lengthMiles":14.9,"deaths":0,"injuries":0}},{"type":"Feature","geometry":{"type":"Point","coordinates":[-90.3,34.2]},"properties":{"id":"ncei-1964-10048248","year":1964,"month":11,"state":"MS","stateName":"Mississippi","scale":2,"scaleLabel":"F2","lengthMiles":17.3,"deaths":0,"injuries":0}},{"type":"Feature","geometry":{"type":"Point","coordinates":[-90.77,33.52]},"properties":{"id":"ncei-1964-10048249","year":1964,"month":11,"state":"MS","stateName":"Mississippi","scale":2,"scaleLabel":"F2","lengthMiles":11.9,"deaths":0,"injuries":0}},{"type":"Feature","geometry":{"type":"Point","coordinates":[-92.47,43.95]},"properties":{"id":"ncei-1964-10054414","year":1964,"month":4,"state":"MN","stateName":"Minnesota","scale":2,"scaleLabel":"F2","lengthMiles":3.4,"deaths":0,"injuries":0}},{"type":"Feature","geometry":{"type":"Point","coordinates":[-96.57,46.13]},"properties":{"id":"ncei-1964-10055278","year":1964,"month":5,"state":"MN","stateName":"Minnesota","scale":3,"scaleLabel":"F3","lengthMiles":0,"deaths":0,"injuries":0}},{"type":"Feature","geometry":{"type":"Point","coordinates":[-95.98,46.6]},"properties":{"id":"ncei-1964-10055491","year":1964,"month":5,"state":"MN","stateName":"Minnesota","scale":2,"scaleLabel":"F2","lengthMiles":0,"deaths":0,"injuries":13}},{"type":"Feature","geometry":{"type":"Point","coordinates":[-94.78,45.58]},"properties":{"id":"ncei-1964-10055493","year":1964,"month":5,"state":"MN","stateName":"Minnesota","scale":3,"scaleLabel":"F3","lengthMiles":4.3,"deaths":0,"injuries":0}},{"type":"Feature","geometry":{"type":"Point","coordinates":[-93.62,44.88]},"properties":{"id":"ncei-1964-10055505","year":1964,"month":5,"state":"MN","stateName":"Minnesota","scale":0,"scaleLabel":"F0","lengthMiles":1,"deaths":0,"injuries":0}},{"type":"Feature","geometry":{"type":"Point","coordinates":[-92.33,43.95]},"properties":{"id":"ncei-1964-10055507","year":1964,"month":5,"state":"MN","stateName":"Minnesota","scale":0,"scaleLabel":"F0","lengthMiles":0.1,"deaths":0,"injuries":0}},{"type":"Feature","geometry":{"type":"Point","coordinates":[-94.1,44.02]},"properties":{"id":"ncei-1964-10055511","year":1964,"month":5,"state":"MN","stateName":"Minnesota","scale":0,"scaleLabel":"F0","lengthMiles":1.5,"deaths":0,"injuries":0}},{"type":"Feature","geometry":{"type":"Point","coordinates":[-93.8,43.82]},"properties":{"id":"ncei-1964-10055516","year":1964,"month":6,"state":"MN","stateName":"Minnesota","scale":0,"scaleLabel":"F0","lengthMiles":0.1,"deaths":0,"injuries":0}},{"type":"Feature","geometry":{"type":"Point","coordinates":[-95.07,46.53]},"properties":{"id":"ncei-1964-10055520","year":1964,"month":6,"state":"MN","stateName":"Minnesota","scale":1,"scaleLabel":"F1","lengthMiles":5.9,"deaths":0,"injuries":0}},{"type":"Feature","geometry":{"type":"Point","coordinates":[-95.47,45.63]},"properties":{"id":"ncei-1964-10055521","year":1964,"month":6,"state":"MN","stateName":"Minnesota","scale":3,"scaleLabel":"F3","lengthMiles":6.2,"deaths":0,"injuries":13}},{"type":"Feature","geometry":{"type":"Point","coordinates":[-94.92,45.1]},"properties":{"id":"ncei-1964-10055522","year":1964,"month":6,"state":"MN","stateName":"Minnesota","scale":1,"scaleLabel":"F1","lengthMiles":7.2,"deaths":0,"injuries":0}},{"type":"Feature","geometry":{"type":"Point","coordinates":[-95.03,45.3]},"properties":{"id":"ncei-1964-10055523","year":1964,"month":6,"state":"MN","stateName":"Minnesota","scale":1,"scaleLabel":"F1","lengthMiles":8.6,"deaths":0,"injuries":2}},{"type":"Feature","geometry":{"type":"Point","coordinates":[-94.92,45.4]},"properties":{"id":"ncei-1964-10055524","year":1964,"month":6,"state":"MN","stateName":"Minnesota","scale":1,"scaleLabel":"F1","lengthMiles":1.1,"deaths":0,"injuries":0}},{"type":"Feature","geometry":{"type":"Point","coordinates":[-92.97,43.53]},"properties":{"id":"ncei-1964-10055532","year":1964,"month":7,"state":"MN","stateName":"Minnesota","scale":0,"scaleLabel":"F0","lengthMiles":0.1,"deaths":0,"injuries":0}},{"type":"Feature","geometry":{"type":"Point","coordinates":[-95.73,43.67]},"properties":{"id":"ncei-1964-10055534","year":1964,"month":8,"state":"MN","stateName":"Minnesota","scale":1,"scaleLabel":"F1","lengthMiles":0,"deaths":0,"injuries":0}},{"type":"Feature","geometry":{"type":"Point","coordinates":[-92.35,44.28]},"properties":{"id":"ncei-1964-10055537","year":1964,"month":8,"state":"MN","stateName":"Minnesota","scale":2,"scaleLabel":"F2","lengthMiles":2.7,"deaths":0,"injuries":0}},{"type":"Feature","geometry":{"type":"Point","coordinates":[-96.07,48.42]},"properties":{"id":"ncei-1964-10055538","year":1964,"month":9,"state":"MN","stateName":"Minnesota","scale":1,"scaleLabel":"F1","lengthMiles":3.6,"deaths":0,"injuries":0}},{"type":"Feature","geometry":{"type":"Point","coordinates":[-96.25,46.88]},"properties":{"id":"ncei-1964-10055539","year":1964,"month":9,"state":"MN","stateName":"Minnesota","scale":1,"scaleLabel":"F1","lengthMiles":6.4,"deaths":0,"injuries":0}},{"type":"Feature","geometry":{"type":"Point","coordinates":[-96.17,46.97]},"properties":{"id":"ncei-1964-10055540","year":1964,"month":9,"state":"MN","stateName":"Minnesota","scale":1,"scaleLabel":"F1","lengthMiles":6.6,"deaths":0,"injuries":1}},{"type":"Feature","geometry":{"type":"Point","coordinates":[-95.22,46.52]},"properties":{"id":"ncei-1964-10055541","year":1964,"month":9,"state":"MN","stateName":"Minnesota","scale":1,"scaleLabel":"F1","lengthMiles":40.3,"deaths":0,"injuries":0}},{"type":"Feature","geometry":{"type":"Point","coordinates":[-94.85,46.7]},"properties":{"id":"ncei-1964-10055542","year":1964,"month":9,"state":"MN","stateName":"Minnesota","scale":1,"scaleLabel":"F1","lengthMiles":0,"deaths":0,"injuries":0}},{"type":"Feature","geometry":{"type":"Point","coordinates":[-94.53,46.93]},"properties":{"id":"ncei-1964-10055543","year":1964,"month":9,"state":"MN","stateName":"Minnesota","scale":1,"scaleLabel":"F1","lengthMiles":0.3,"deaths":0,"injuries":0}},{"type":"Feature","geometry":{"type":"Point","coordinates":[-94.5,48.15]},"properties":{"id":"ncei-1964-10055545","year":1964,"month":9,"state":"MN","stateName":"Minnesota","scale":1,"scaleLabel":"F1","lengthMiles":2,"deaths":0,"injuries":0}},{"type":"Feature","geometry":{"type":"Point","coordinates":[-91.55,36.52]},"properties":{"id":"ncei-1964-10062771","year":1964,"month":6,"state":"MO","stateName":"Missouri","scale":1,"scaleLabel":"F1","lengthMiles":2.3,"deaths":0,"injuries":0}},{"type":"Feature","geometry":{"type":"Point","coordinates":[-92.12,36.55]},"properties":{"id":"ncei-1964-10062772","year":1964,"month":6,"state":"MO","stateName":"Missouri","scale":1,"scaleLabel":"F1","lengthMiles":0.2,"deaths":0,"injuries":0}},{"type":"Feature","geometry":{"type":"Point","coordinates":[-94.85,39.77]},"properties":{"id":"ncei-1964-10062780","year":1964,"month":6,"state":"MO","stateName":"Missouri","scale":1,"scaleLabel":"F1","lengthMiles":1,"deaths":0,"injuries":0}},{"type":"Feature","geometry":{"type":"Point","coordinates":[-91.95,39.03]},"properties":{"id":"ncei-1964-10062792","year":1964,"month":7,"state":"MO","stateName":"Missouri","scale":1,"scaleLabel":"F1","lengthMiles":0.5,"deaths":0,"injuries":1}},{"type":"Feature","geometry":{"type":"Point","coordinates":[-92.27,37.95]},"properties":{"id":"ncei-1964-10062793","year":1964,"month":7,"state":"MO","stateName":"Missouri","scale":0,"scaleLabel":"F0","lengthMiles":0.2,"deaths":0,"injuries":0}},{"type":"Feature","geometry":{"type":"Point","coordinates":[-94.52,37.08]},"properties":{"id":"ncei-1964-10062799","year":1964,"month":7,"state":"MO","stateName":"Missouri","scale":1,"scaleLabel":"F1","lengthMiles":0.2,"deaths":0,"injuries":0}},{"type":"Feature","geometry":{"type":"Point","coordinates":[-94.43,39.9]},"properties":{"id":"ncei-1964-10062803","year":1964,"month":8,"state":"MO","stateName":"Missouri","scale":1,"scaleLabel":"F1","lengthMiles":1.5,"deaths":0,"injuries":0}},{"type":"Feature","geometry":{"type":"Point","coordinates":[-93.07,40.23]},"properties":{"id":"ncei-1964-10062804","year":1964,"month":8,"state":"MO","stateName":"Missouri","scale":1,"scaleLabel":"F1","lengthMiles":0.1,"deaths":0,"injuries":0}},{"type":"Feature","geometry":{"type":"Point","coordinates":[-94.13,40.05]},"properties":{"id":"ncei-1964-10062810","year":1964,"month":9,"state":"MO","stateName":"Missouri","scale":1,"scaleLabel":"F1","lengthMiles":0.2,"deaths":0,"injuries":0}},{"type":"Feature","geometry":{"type":"Point","coordinates":[-93.83,40.05]},"properties":{"id":"ncei-1964-10062811","year":1964,"month":9,"state":"MO","stateName":"Missouri","scale":1,"scaleLabel":"F1","lengthMiles":4,"deaths":0,"injuries":0}},{"type":"Feature","geometry":{"type":"Point","coordinates":[-89.37,36.75]},"properties":{"id":"ncei-1964-10063678","year":1964,"month":3,"state":"MO","stateName":"Missouri","scale":1,"scaleLabel":"F1","lengthMiles":0.2,"deaths":0,"injuries":0}},{"type":"Feature","geometry":{"type":"Point","coordinates":[-90.33,36.03]},"properties":{"id":"ncei-1964-10063679","year":1964,"month":3,"state":"MO","stateName":"Missouri","scale":2,"scaleLabel":"F2","lengthMiles":11.5,"deaths":0,"injuries":2}},{"type":"Feature","geometry":{"type":"Point","coordinates":[-91.02,37.05]},"properties":{"id":"ncei-1964-10063899","year":1964,"month":3,"state":"MO","stateName":"Missouri","scale":3,"scaleLabel":"F3","lengthMiles":13.3,"deaths":0,"injuries":0}},{"type":"Feature","geometry":{"type":"Point","coordinates":[-90.78,37.1]},"properties":{"id":"ncei-1964-10063900","year":1964,"month":3,"state":"MO","stateName":"Missouri","scale":3,"scaleLabel":"F3","lengthMiles":15.3,"deaths":0,"injuries":0}},{"type":"Feature","geometry":{"type":"Point","coordinates":[-90.52,37.17]},"properties":{"id":"ncei-1964-10063901","year":1964,"month":3,"state":"MO","stateName":"Missouri","scale":3,"scaleLabel":"F3","lengthMiles":17.4,"deaths":0,"injuries":26}},{"type":"Feature","geometry":{"type":"Point","coordinates":[-94.88,39.3]},"properties":{"id":"ncei-1964-10063912","year":1964,"month":4,"state":"MO","stateName":"Missouri","scale":3,"scaleLabel":"F3","lengthMiles":5.6,"deaths":0,"injuries":0}},{"type":"Feature","geometry":{"type":"Point","coordinates":[-94.42,39.67]},"properties":{"id":"ncei-1964-10063914","year":1964,"month":4,"state":"MO","stateName":"Missouri","scale":1,"scaleLabel":"F1","lengthMiles":6.2,"deaths":0,"injuries":0}},{"type":"Feature","geometry":{"type":"Point","coordinates":[-94.4,38.7]},"properties":{"id":"ncei-1964-10063915","year":1964,"month":4,"state":"MO","stateName":"Missouri","scale":3,"scaleLabel":"F3","lengthMiles":7.6,"deaths":0,"injuries":0}},{"type":"Feature","geometry":{"type":"Point","coordinates":[-94.28,38.77]},"properties":{"id":"ncei-1964-10063922","year":1964,"month":4,"state":"MO","stateName":"Missouri","scale":3,"scaleLabel":"F3","lengthMiles":5.2,"deaths":1,"injuries":10}},{"type":"Feature","geometry":{"type":"Point","coordinates":[-94.23,38.83]},"properties":{"id":"ncei-1964-10063923","year":1964,"month":4,"state":"MO","stateName":"Missouri","scale":3,"scaleLabel":"F3","lengthMiles":1.3,"deaths":0,"injuries":0}},{"type":"Feature","geometry":{"type":"Point","coordinates":[-94.22,38.87]},"properties":{"id":"ncei-1964-10063924","year":1964,"month":4,"state":"MO","stateName":"Missouri","scale":3,"scaleLabel":"F3","lengthMiles":5.4,"deaths":0,"injuries":0}},{"type":"Feature","geometry":{"type":"Point","coordinates":[-93.77,38.57]},"properties":{"id":"ncei-1964-10063927","year":1964,"month":4,"state":"MO","stateName":"Missouri","scale":2,"scaleLabel":"F2","lengthMiles":10.7,"deaths":1,"injuries":3}},{"type":"Feature","geometry":{"type":"Point","coordinates":[-94.98,40.28]},"properties":{"id":"ncei-1964-10063928","year":1964,"month":4,"state":"MO","stateName":"Missouri","scale":2,"scaleLabel":"F2","lengthMiles":10.8,"deaths":0,"injuries":0}},{"type":"Feature","geometry":{"type":"Point","coordinates":[-94.22,38.23]},"properties":{"id":"ncei-1964-10063945","year":1964,"month":4,"state":"MO","stateName":"Missouri","scale":0,"scaleLabel":"F0","lengthMiles":0.1,"deaths":0,"injuries":0}},{"type":"Feature","geometry":{"type":"Point","coordinates":[-94.12,39.12]},"properties":{"id":"ncei-1964-10063954","year":1964,"month":5,"state":"MO","stateName":"Missouri","scale":1,"scaleLabel":"F1","lengthMiles":1.5,"deaths":0,"injuries":0}},{"type":"Feature","geometry":{"type":"Point","coordinates":[-94.15,39.43]},"properties":{"id":"ncei-1964-10063959","year":1964,"month":6,"state":"MO","stateName":"Missouri","scale":1,"scaleLabel":"F1","lengthMiles":0.5,"deaths":0,"injuries":0}},{"type":"Feature","geometry":{"type":"Point","coordinates":[-96.92,40.4]},"properties":{"id":"ncei-1964-10065461","year":1964,"month":6,"state":"NE","stateName":"Nebraska","scale":2,"scaleLabel":"F2","lengthMiles":12.3,"deaths":0,"injuries":0}},{"type":"Feature","geometry":{"type":"Point","coordinates":[-97.68,40.3]},"properties":{"id":"ncei-1964-10065680","year":1964,"month":6,"state":"NE","stateName":"Nebraska","scale":-1,"scaleLabel":"Unknown","lengthMiles":0,"deaths":0,"injuries":0}},{"type":"Feature","geometry":{"type":"Point","coordinates":[-98.73,40.78]},"properties":{"id":"ncei-1964-10065681","year":1964,"month":6,"state":"NE","stateName":"Nebraska","scale":0,"scaleLabel":"F0","lengthMiles":0,"deaths":0,"injuries":0}},{"type":"Feature","geometry":{"type":"Point","coordinates":[-97.58,40.87]},"properties":{"id":"ncei-1964-10065682","year":1964,"month":6,"state":"NE","stateName":"Nebraska","scale":0,"scaleLabel":"F0","lengthMiles":0,"deaths":0,"injuries":0}},{"type":"Feature","geometry":{"type":"Point","coordinates":[-97.1,40.9]},"properties":{"id":"ncei-1964-10065683","year":1964,"month":6,"state":"NE","stateName":"Nebraska","scale":0,"scaleLabel":"F0","lengthMiles":0,"deaths":0,"injuries":0}},{"type":"Feature","geometry":{"type":"Point","coordinates":[-97.85,40.6]},"properties":{"id":"ncei-1964-10065684","year":1964,"month":6,"state":"NE","stateName":"Nebraska","scale":1,"scaleLabel":"F1","lengthMiles":0,"deaths":0,"injuries":0}},{"type":"Feature","geometry":{"type":"Point","coordinates":[-96.97,40.62]},"properties":{"id":"ncei-1964-10065685","year":1964,"month":6,"state":"NE","stateName":"Nebraska","scale":1,"scaleLabel":"F1","lengthMiles":0,"deaths":0,"injuries":0}},{"type":"Feature","geometry":{"type":"Point","coordinates":[-97.73,40.42]},"properties":{"id":"ncei-1964-10065686","year":1964,"month":6,"state":"NE","stateName":"Nebraska","scale":1,"scaleLabel":"F1","lengthMiles":0,"deaths":0,"injuries":0}},{"type":"Feature","geometry":{"type":"Point","coordinates":[-98.6,40.82]},"properties":{"id":"ncei-1964-10065688","year":1964,"month":6,"state":"NE","stateName":"Nebraska","scale":0,"scaleLabel":"F0","lengthMiles":0,"deaths":0,"injuries":0}},{"type":"Feature","geometry":{"type":"Point","coordinates":[-98.58,41.52]},"properties":{"id":"ncei-1964-10065689","year":1964,"month":6,"state":"NE","stateName":"Nebraska","scale":0,"scaleLabel":"F0","lengthMiles":0,"deaths":0,"injuries":0}},{"type":"Feature","geometry":{"type":"Point","coordinates":[-101.93,40.88]},"properties":{"id":"ncei-1964-10065710","year":1964,"month":6,"state":"NE","stateName":"Nebraska","scale":-1,"scaleLabel":"Unknown","lengthMiles":0,"deaths":0,"injuries":0}},{"type":"Feature","geometry":{"type":"Point","coordinates":[-100.48,40.05]},"properties":{"id":"ncei-1964-10065711","year":1964,"month":6,"state":"NE","stateName":"Nebraska","scale":1,"scaleLabel":"F1","lengthMiles":4.1,"deaths":0,"injuries":0}},{"type":"Feature","geometry":{"type":"Point","coordinates":[-97.97,41.87]},"properties":{"id":"ncei-1964-10065728","year":1964,"month":7,"state":"NE","stateName":"Nebraska","scale":-1,"scaleLabel":"Unknown","lengthMiles":0,"deaths":0,"injuries":0}},{"type":"Feature","geometry":{"type":"Point","coordinates":[-98.67,41.55]},"properties":{"id":"ncei-1964-10065742","year":1964,"month":7,"state":"NE","stateName":"Nebraska","scale":-1,"scaleLabel":"Unknown","lengthMiles":0,"deaths":0,"injuries":0}},{"type":"Feature","geometry":{"type":"Point","coordinates":[-100.52,41.08]},"properties":{"id":"ncei-1964-10065743","year":1964,"month":7,"state":"NE","stateName":"Nebraska","scale":-1,"scaleLabel":"Unknown","lengthMiles":0,"deaths":0,"injuries":0}},{"type":"Feature","geometry":{"type":"Point","coordinates":[-103.67,41.87]},"properties":{"id":"ncei-1964-10065746","year":1964,"month":7,"state":"NE","stateName":"Nebraska","scale":-1,"scaleLabel":"Unknown","lengthMiles":0,"deaths":0,"injuries":0}},{"type":"Feature","geometry":{"type":"Point","coordinates":[-103.13,42.22]},"properties":{"id":"ncei-1964-10065748","year":1964,"month":7,"state":"NE","stateName":"Nebraska","scale":1,"scaleLabel":"F1","lengthMiles":0,"deaths":0,"injuries":0}},{"type":"Feature","geometry":{"type":"Point","coordinates":[-97.12,42.42]},"properties":{"id":"ncei-1964-10066831","year":1964,"month":8,"state":"NE","stateName":"Nebraska","scale":2,"scaleLabel":"F2","lengthMiles":0,"deaths":0,"injuries":0}},{"type":"Feature","geometry":{"type":"Point","coordinates":[-100.52,40.63]},"properties":{"id":"ncei-1964-10066839","year":1964,"month":8,"state":"NE","stateName":"Nebraska","scale":1,"scaleLabel":"F1","lengthMiles":0.5,"deaths":0,"injuries":0}},{"type":"Feature","geometry":{"type":"Point","coordinates":[-100.07,41.57]},"properties":{"id":"ncei-1964-10069499","year":1964,"month":4,"state":"NE","stateName":"Nebraska","scale":0,"scaleLabel":"F0","lengthMiles":0,"deaths":0,"injuries":0}},{"type":"Feature","geometry":{"type":"Point","coordinates":[-99.87,40.82]},"properties":{"id":"ncei-1964-10069500","year":1964,"month":4,"state":"NE","stateName":"Nebraska","scale":0,"scaleLabel":"F0","lengthMiles":0.4,"deaths":0,"injuries":0}},{"type":"Feature","geometry":{"type":"Point","coordinates":[-96.5,40.68]},"properties":{"id":"ncei-1964-10069504","year":1964,"month":4,"state":"NE","stateName":"Nebraska","scale":1,"scaleLabel":"F1","lengthMiles":19.7,"deaths":0,"injuries":0}},{"type":"Feature","geometry":{"type":"Point","coordinates":[-97.02,42.23]},"properties":{"id":"ncei-1964-10069505","year":1964,"month":4,"state":"NE","stateName":"Nebraska","scale":2,"scaleLabel":"F2","lengthMiles":0,"deaths":0,"injuries":0}},{"type":"Feature","geometry":{"type":"Point","coordinates":[-97.92,40.02]},"properties":{"id":"ncei-1964-10069506","year":1964,"month":4,"state":"NE","stateName":"Nebraska","scale":2,"scaleLabel":"F2","lengthMiles":44.2,"deaths":0,"injuries":0}},{"type":"Feature","geometry":{"type":"Point","coordinates":[-98.9,40.93]},"properties":{"id":"ncei-1964-10069508","year":1964,"month":4,"state":"NE","stateName":"Nebraska","scale":2,"scaleLabel":"F2","lengthMiles":9.5,"deaths":0,"injuries":0}},{"type":"Feature","geometry":{"type":"Point","coordinates":[-99.78,41.6]},"properties":{"id":"ncei-1964-10069509","year":1964,"month":4,"state":"NE","stateName":"Nebraska","scale":1,"scaleLabel":"F1","lengthMiles":0,"deaths":0,"injuries":0}},{"type":"Feature","geometry":{"type":"Point","coordinates":[-98.17,41.95]},"properties":{"id":"ncei-1964-10069510","year":1964,"month":4,"state":"NE","stateName":"Nebraska","scale":2,"scaleLabel":"F2","lengthMiles":26.4,"deaths":0,"injuries":0}},{"type":"Feature","geometry":{"type":"Point","coordinates":[-103.83,41.87]},"properties":{"id":"ncei-1964-10069512","year":1964,"month":5,"state":"NE","stateName":"Nebraska","scale":0,"scaleLabel":"F0","lengthMiles":0,"deaths":0,"injuries":0}},{"type":"Feature","geometry":{"type":"Point","coordinates":[-103.5,41.73]},"properties":{"id":"ncei-1964-10069513","year":1964,"month":5,"state":"NE","stateName":"Nebraska","scale":1,"scaleLabel":"F1","lengthMiles":0,"deaths":0,"injuries":0}},{"type":"Feature","geometry":{"type":"Point","coordinates":[-97.83,42.05]},"properties":{"id":"ncei-1964-10069515","year":1964,"month":5,"state":"NE","stateName":"Nebraska","scale":1,"scaleLabel":"F1","lengthMiles":0,"deaths":0,"injuries":0}},{"type":"Feature","geometry":{"type":"Point","coordinates":[-98.38,41.4]},"properties":{"id":"ncei-1964-10069517","year":1964,"month":5,"state":"NE","stateName":"Nebraska","scale":4,"scaleLabel":"F4","lengthMiles":11.3,"deaths":0,"injuries":11}},{"type":"Feature","geometry":{"type":"Point","coordinates":[-98.28,41.55]},"properties":{"id":"ncei-1964-10069519","year":1964,"month":5,"state":"NE","stateName":"Nebraska","scale":4,"scaleLabel":"F4","lengthMiles":39.9,"deaths":0,"injuries":0}},{"type":"Feature","geometry":{"type":"Point","coordinates":[-98.55,41.12]},"properties":{"id":"ncei-1964-10069521","year":1964,"month":5,"state":"NE","stateName":"Nebraska","scale":2,"scaleLabel":"F2","lengthMiles":24,"deaths":0,"injuries":7}},{"type":"Feature","geometry":{"type":"Point","coordinates":[-98.25,41.38]},"properties":{"id":"ncei-1964-10069522","year":1964,"month":5,"state":"NE","stateName":"Nebraska","scale":2,"scaleLabel":"F2","lengthMiles":47.5,"deaths":0,"injuries":0}},{"type":"Feature","geometry":{"type":"Point","coordinates":[-98.37,40.55]},"properties":{"id":"ncei-1964-10069526","year":1964,"month":5,"state":"NE","stateName":"Nebraska","scale":5,"scaleLabel":"F5","lengthMiles":6.1,"deaths":2,"injuries":20}},{"type":"Feature","geometry":{"type":"Point","coordinates":[-98.27,40.6]},"properties":{"id":"ncei-1964-10069528","year":1964,"month":5,"state":"NE","stateName":"Nebraska","scale":5,"scaleLabel":"F5","lengthMiles":28.4,"deaths":0,"injuries":0}},{"type":"Feature","geometry":{"type":"Point","coordinates":[-97.83,40.85]},"properties":{"id":"ncei-1964-10069529","year":1964,"month":5,"state":"NE","stateName":"Nebraska","scale":5,"scaleLabel":"F5","lengthMiles":19.4,"deaths":2,"injuries":30}},{"type":"Feature","geometry":{"type":"Point","coordinates":[-97.57,41.05]},"properties":{"id":"ncei-1964-10069530","year":1964,"month":5,"state":"NE","stateName":"Nebraska","scale":5,"scaleLabel":"F5","lengthMiles":25.8,"deaths":0,"injuries":0}},{"type":"Feature","geometry":{"type":"Point","coordinates":[-96.35,41.78]},"properties":{"id":"ncei-1964-10069533","year":1964,"month":5,"state":"NE","stateName":"Nebraska","scale":1,"scaleLabel":"F1","lengthMiles":0.3,"deaths":0,"injuries":0}},{"type":"Feature","geometry":{"type":"Point","coordinates":[-96.8,41.32]},"properties":{"id":"ncei-1964-10069534","year":1964,"month":5,"state":"NE","stateName":"Nebraska","scale":2,"scaleLabel":"F2","lengthMiles":2.3,"deaths":0,"injuries":0}},{"type":"Feature","geometry":{"type":"Point","coordinates":[-101.88,41.1]},"properties":{"id":"ncei-1964-10069539","year":1964,"month":5,"state":"NE","stateName":"Nebraska","scale":0,"scaleLabel":"F0","lengthMiles":0,"deaths":0,"injuries":0}},{"type":"Feature","geometry":{"type":"Point","coordinates":[-96.7,41.3]},"properties":{"id":"ncei-1964-10069540","year":1964,"month":5,"state":"NE","stateName":"Nebraska","scale":1,"scaleLabel":"F1","lengthMiles":3.6,"deaths":0,"injuries":0}},{"type":"Feature","geometry":{"type":"Point","coordinates":[-98.33,40.92]},"properties":{"id":"ncei-1964-10069542","year":1964,"month":5,"state":"NE","stateName":"Nebraska","scale":1,"scaleLabel":"F1","lengthMiles":1,"deaths":0,"injuries":0}},{"type":"Feature","geometry":{"type":"Point","coordinates":[-97.22,40.83]},"properties":{"id":"ncei-1964-10069544","year":1964,"month":5,"state":"NE","stateName":"Nebraska","scale":2,"scaleLabel":"F2","lengthMiles":7.9,"deaths":0,"injuries":0}},{"type":"Feature","geometry":{"type":"Point","coordinates":[-97.1,41.27]},"properties":{"id":"ncei-1964-10069549","year":1964,"month":5,"state":"NE","stateName":"Nebraska","scale":0,"scaleLabel":"F0","lengthMiles":0,"deaths":0,"injuries":0}},{"type":"Feature","geometry":{"type":"Point","coordinates":[-97.88,40.15]},"properties":{"id":"ncei-1964-10069557","year":1964,"month":6,"state":"NE","stateName":"Nebraska","scale":1,"scaleLabel":"F1","lengthMiles":14.6,"deaths":0,"injuries":0}},{"type":"Feature","geometry":{"type":"Point","coordinates":[-105.5,48.1]},"properties":{"id":"ncei-1964-10069841","year":1964,"month":8,"state":"MT","stateName":"Montana","scale":-1,"scaleLabel":"Unknown","lengthMiles":0,"deaths":0,"injuries":0}},{"type":"Feature","geometry":{"type":"Point","coordinates":[-105.4,45.4]},"properties":{"id":"ncei-1964-10073442","year":1964,"month":4,"state":"MT","stateName":"Montana","scale":2,"scaleLabel":"F2","lengthMiles":6,"deaths":0,"injuries":1}},{"type":"Feature","geometry":{"type":"Point","coordinates":[-108.9,45.8]},"properties":{"id":"ncei-1964-10073445","year":1964,"month":6,"state":"MT","stateName":"Montana","scale":-1,"scaleLabel":"Unknown","lengthMiles":0,"deaths":0,"injuries":0}},{"type":"Feature","geometry":{"type":"Point","coordinates":[-112,47.6]},"properties":{"id":"ncei-1964-10073453","year":1964,"month":7,"state":"MT","stateName":"Montana","scale":-1,"scaleLabel":"Unknown","lengthMiles":27,"deaths":0,"injuries":0}},{"type":"Feature","geometry":{"type":"Point","coordinates":[-105.4,45.5]},"properties":{"id":"ncei-1964-10073462","year":1964,"month":7,"state":"MT","stateName":"Montana","scale":1,"scaleLabel":"F1","lengthMiles":0,"deaths":0,"injuries":0}},{"type":"Feature","geometry":{"type":"Point","coordinates":[-109.8,46.4]},"properties":{"id":"ncei-1964-10073466","year":1964,"month":7,"state":"MT","stateName":"Montana","scale":2,"scaleLabel":"F2","lengthMiles":2,"deaths":0,"injuries":0}},{"type":"Feature","geometry":{"type":"Point","coordinates":[-77,36.15]},"properties":{"id":"ncei-1964-10074637","year":1964,"month":3,"state":"NC","stateName":"North Carolina","scale":1,"scaleLabel":"F1","lengthMiles":0.3,"deaths":0,"injuries":0}},{"type":"Feature","geometry":{"type":"Point","coordinates":[-77.98,35.5]},"properties":{"id":"ncei-1964-10074638","year":1964,"month":3,"state":"NC","stateName":"North Carolina","scale":0,"scaleLabel":"F0","lengthMiles":0,"deaths":0,"injuries":0}},{"type":"Feature","geometry":{"type":"Point","coordinates":[-79.33,36.4]},"properties":{"id":"ncei-1964-10074652","year":1964,"month":7,"state":"NC","stateName":"North Carolina","scale":2,"scaleLabel":"F2","lengthMiles":10,"deaths":0,"injuries":1}},{"type":"Feature","geometry":{"type":"Point","coordinates":[-79.18,36.48]},"properties":{"id":"ncei-1964-10074653","year":1964,"month":7,"state":"NC","stateName":"North Carolina","scale":2,"scaleLabel":"F2","lengthMiles":3.6,"deaths":0,"injuries":0}},{"type":"Feature","geometry":{"type":"Point","coordinates":[-80.65,35.18]},"properties":{"id":"ncei-1964-10074657","year":1964,"month":8,"state":"NC","stateName":"North Carolina","scale":1,"scaleLabel":"F1","lengthMiles":0,"deaths":0,"injuries":0}},{"type":"Feature","geometry":{"type":"Point","coordinates":[-79.43,34.8]},"properties":{"id":"ncei-1964-10074659","year":1964,"month":8,"state":"NC","stateName":"North Carolina","scale":3,"scaleLabel":"F3","lengthMiles":7.3,"deaths":0,"injuries":15}},{"type":"Feature","geometry":{"type":"Point","coordinates":[-79.53,34.87]},"properties":{"id":"ncei-1964-10074660","year":1964,"month":8,"state":"NC","stateName":"North Carolina","scale":3,"scaleLabel":"F3","lengthMiles":14.6,"deaths":0,"injuries":0}},{"type":"Feature","geometry":{"type":"Point","coordinates":[-79.43,34.78]},"properties":{"id":"ncei-1964-10074661","year":1964,"month":8,"state":"NC","stateName":"North Carolina","scale":1,"scaleLabel":"F1","lengthMiles":1,"deaths":0,"injuries":0}},{"type":"Feature","geometry":{"type":"Point","coordinates":[-77.33,35.73]},"properties":{"id":"ncei-1964-10074663","year":1964,"month":8,"state":"NC","stateName":"North Carolina","scale":1,"scaleLabel":"F1","lengthMiles":3.4,"deaths":0,"injuries":2}},{"type":"Feature","geometry":{"type":"Point","coordinates":[-77.33,35.78]},"properties":{"id":"ncei-1964-10074664","year":1964,"month":8,"state":"NC","stateName":"North Carolina","scale":1,"scaleLabel":"F1","lengthMiles":2.3,"deaths":0,"injuries":0}},{"type":"Feature","geometry":{"type":"Point","coordinates":[-78.07,33.95]},"properties":{"id":"ncei-1964-10074666","year":1964,"month":9,"state":"NC","stateName":"North Carolina","scale":0,"scaleLabel":"F0","lengthMiles":2,"deaths":0,"injuries":0}},{"type":"Feature","geometry":{"type":"Point","coordinates":[-76.85,34.8]},"properties":{"id":"ncei-1964-10077778","year":1964,"month":9,"state":"NC","stateName":"North Carolina","scale":1,"scaleLabel":"F1","lengthMiles":0.1,"deaths":0,"injuries":0}},{"type":"Feature","geometry":{"type":"Point","coordinates":[-77.07,35.87]},"properties":{"id":"ncei-1964-10077779","year":1964,"month":10,"state":"NC","stateName":"North Carolina","scale":2,"scaleLabel":"F2","lengthMiles":54.1,"deaths":0,"injuries":0}},{"type":"Feature","geometry":{"type":"Point","coordinates":[-76.7,42.3]},"properties":{"id":"ncei-1964-10077958","year":1964,"month":6,"state":"NY","stateName":"New York","scale":1,"scaleLabel":"F1","lengthMiles":6.9,"deaths":0,"injuries":0}},{"type":"Feature","geometry":{"type":"Point","coordinates":[-78.9,34.3]},"properties":{"id":"ncei-1964-10077994","year":1964,"month":10,"state":"NC","stateName":"North Carolina","scale":2,"scaleLabel":"F2","lengthMiles":54.6,"deaths":0,"injuries":0}},{"type":"Feature","geometry":{"type":"Point","coordinates":[-78.8,35.08]},"properties":{"id":"ncei-1964-10077996","year":1964,"month":12,"state":"NC","stateName":"North Carolina","scale":1,"scaleLabel":"F1","lengthMiles":0,"deaths":0,"injuries":1}},{"type":"Feature","geometry":{"type":"Point","coordinates":[-75.15,39.83]},"properties":{"id":"ncei-1964-10079242","year":1964,"month":3,"state":"NJ","stateName":"New Jersey","scale":1,"scaleLabel":"F1","lengthMiles":5.2,"deaths":0,"injuries":0}},{"type":"Feature","geometry":{"type":"Point","coordinates":[-75.1,39.85]},"properties":{"id":"ncei-1964-10079243","year":1964,"month":3,"state":"NJ","stateName":"New Jersey","scale":1,"scaleLabel":"F1","lengthMiles":8.9,"deaths":0,"injuries":0}},{"type":"Feature","geometry":{"type":"Point","coordinates":[-74.93,39.88]},"properties":{"id":"ncei-1964-10079244","year":1964,"month":3,"state":"NJ","stateName":"New Jersey","scale":1,"scaleLabel":"F1","lengthMiles":24.6,"deaths":0,"injuries":5}},{"type":"Feature","geometry":{"type":"Point","coordinates":[-74.53,40.07]},"properties":{"id":"ncei-1964-10079245","year":1964,"month":3,"state":"NJ","stateName":"New Jersey","scale":1,"scaleLabel":"F1","lengthMiles":16.3,"deaths":0,"injuries":5}},{"type":"Feature","geometry":{"type":"Point","coordinates":[-74.25,40.17]},"properties":{"id":"ncei-1964-10079246","year":1964,"month":3,"state":"NJ","stateName":"New Jersey","scale":1,"scaleLabel":"F1","lengthMiles":4.1,"deaths":0,"injuries":0}},{"type":"Feature","geometry":{"type":"Point","coordinates":[-74.07,40.2]},"properties":{"id":"ncei-1964-10079247","year":1964,"month":3,"state":"NJ","stateName":"New Jersey","scale":0,"scaleLabel":"F0","lengthMiles":0.1,"deaths":0,"injuries":0}},{"type":"Feature","geometry":{"type":"Point","coordinates":[-104.93,34.3]},"properties":{"id":"ncei-1964-10079508","year":1964,"month":5,"state":"NM","stateName":"New Mexico","scale":1,"scaleLabel":"F1","lengthMiles":0,"deaths":0,"injuries":0}},{"type":"Feature","geometry":{"type":"Point","coordinates":[-104.58,36.53]},"properties":{"id":"ncei-1964-10079510","year":1964,"month":5,"state":"NM","stateName":"New Mexico","scale":3,"scaleLabel":"F3","lengthMiles":3,"deaths":1,"injuries":8}},{"type":"Feature","geometry":{"type":"Point","coordinates":[-103.35,34.4]},"properties":{"id":"ncei-1964-10079512","year":1964,"month":6,"state":"NM","stateName":"New Mexico","scale":1,"scaleLabel":"F1","lengthMiles":0.2,"deaths":0,"injuries":1}},{"type":"Feature","geometry":{"type":"Point","coordinates":[-104.9,34.3]},"properties":{"id":"ncei-1964-10079513","year":1964,"month":6,"state":"NM","stateName":"New Mexico","scale":1,"scaleLabel":"F1","lengthMiles":0,"deaths":0,"injuries":0}},{"type":"Feature","geometry":{"type":"Point","coordinates":[-103.35,35.1]},"properties":{"id":"ncei-1964-10079514","year":1964,"month":6,"state":"NM","stateName":"New Mexico","scale":1,"scaleLabel":"F1","lengthMiles":0,"deaths":0,"injuries":0}},{"type":"Feature","geometry":{"type":"Point","coordinates":[-103.05,35.18]},"properties":{"id":"ncei-1964-10079515","year":1964,"month":6,"state":"NM","stateName":"New Mexico","scale":2,"scaleLabel":"F2","lengthMiles":0,"deaths":0,"injuries":0}},{"type":"Feature","geometry":{"type":"Point","coordinates":[-103.13,34.4]},"properties":{"id":"ncei-1964-10079516","year":1964,"month":6,"state":"NM","stateName":"New Mexico","scale":2,"scaleLabel":"F2","lengthMiles":4.9,"deaths":0,"injuries":0}},{"type":"Feature","geometry":{"type":"Point","coordinates":[-103.1,34.6]},"properties":{"id":"ncei-1964-10079517","year":1964,"month":6,"state":"NM","stateName":"New Mexico","scale":1,"scaleLabel":"F1","lengthMiles":12.6,"deaths":0,"injuries":0}},{"type":"Feature","geometry":{"type":"Point","coordinates":[-103.5,34.2]},"properties":{"id":"ncei-1964-10079518","year":1964,"month":6,"state":"NM","stateName":"New Mexico","scale":0,"scaleLabel":"F0","lengthMiles":0,"deaths":0,"injuries":0}},{"type":"Feature","geometry":{"type":"Point","coordinates":[-103.3,34.18]},"properties":{"id":"ncei-1964-10079519","year":1964,"month":6,"state":"NM","stateName":"New Mexico","scale":1,"scaleLabel":"F1","lengthMiles":0,"deaths":0,"injuries":0}},{"type":"Feature","geometry":{"type":"Point","coordinates":[-104.5,33.5]},"properties":{"id":"ncei-1964-10079524","year":1964,"month":9,"state":"NM","stateName":"New Mexico","scale":1,"scaleLabel":"F1","lengthMiles":0,"deaths":0,"injuries":0}},{"type":"Feature","geometry":{"type":"Point","coordinates":[-119.87,39.65]},"properties":{"id":"ncei-1964-10080162","year":1964,"month":4,"state":"NV","stateName":"Nevada","scale":-1,"scaleLabel":"Unknown","lengthMiles":1,"deaths":0,"injuries":0}},{"type":"Feature","geometry":{"type":"Point","coordinates":[-118.7,39.2]},"properties":{"id":"ncei-1964-10080163","year":1964,"month":5,"state":"NV","stateName":"Nevada","scale":-1,"scaleLabel":"Unknown","lengthMiles":0,"deaths":0,"injuries":0}},{"type":"Feature","geometry":{"type":"Point","coordinates":[-119.2,39]},"properties":{"id":"ncei-1964-10080164","year":1964,"month":5,"state":"NV","stateName":"Nevada","scale":-1,"scaleLabel":"Unknown","lengthMiles":2,"deaths":0,"injuries":1}},{"type":"Feature","geometry":{"type":"Point","coordinates":[-115.7,36.3]},"properties":{"id":"ncei-1964-10080166","year":1964,"month":6,"state":"NV","stateName":"Nevada","scale":-1,"scaleLabel":"Unknown","lengthMiles":0,"deaths":0,"injuries":0}},{"type":"Feature","geometry":{"type":"Point","coordinates":[-72,44.17]},"properties":{"id":"ncei-1964-10082497","year":1964,"month":6,"state":"NH","stateName":"New Hampshire","scale":0,"scaleLabel":"F0","lengthMiles":0.5,"deaths":0,"injuries":0}},{"type":"Feature","geometry":{"type":"Point","coordinates":[-83.63,41.05]},"properties":{"id":"ncei-1964-10083962","year":1964,"month":8,"state":"OH","stateName":"Ohio","scale":-1,"scaleLabel":"Unknown","lengthMiles":0,"deaths":0,"injuries":0}},{"type":"Feature","geometry":{"type":"Point","coordinates":[-81.1,41.4]},"properties":{"id":"ncei-1964-10083963","year":1964,"month":8,"state":"OH","stateName":"Ohio","scale":-1,"scaleLabel":"Unknown","lengthMiles":0,"deaths":0,"injuries":0}},{"type":"Feature","geometry":{"type":"Point","coordinates":[-84.6,41.7]},"properties":{"id":"ncei-1964-10083964","year":1964,"month":8,"state":"OH","stateName":"Ohio","scale":2,"scaleLabel":"F2","lengthMiles":0,"deaths":0,"injuries":0}},{"type":"Feature","geometry":{"type":"Point","coordinates":[-83.3,40.17]},"properties":{"id":"ncei-1964-10084287","year":1964,"month":3,"state":"OH","stateName":"Ohio","scale":-1,"scaleLabel":"Unknown","lengthMiles":0,"deaths":0,"injuries":0}},{"type":"Feature","geometry":{"type":"Point","coordinates":[-83.4,41.2]},"properties":{"id":"ncei-1964-10084294","year":1964,"month":5,"state":"OH","stateName":"Ohio","scale":1,"scaleLabel":"F1","lengthMiles":0,"deaths":0,"injuries":0}},{"type":"Feature","geometry":{"type":"Point","coordinates":[-84.17,40.98]},"properties":{"id":"ncei-1964-10084300","year":1964,"month":6,"state":"OH","stateName":"Ohio","scale":2,"scaleLabel":"F2","lengthMiles":8.9,"deaths":0,"injuries":0}},{"type":"Feature","geometry":{"type":"Point","coordinates":[-83.47,40.87]},"properties":{"id":"ncei-1964-10084301","year":1964,"month":6,"state":"OH","stateName":"Ohio","scale":2,"scaleLabel":"F2","lengthMiles":2,"deaths":0,"injuries":0}},{"type":"Feature","geometry":{"type":"Point","coordinates":[-83.37,40.93]},"properties":{"id":"ncei-1964-10084302","year":1964,"month":6,"state":"OH","stateName":"Ohio","scale":2,"scaleLabel":"F2","lengthMiles":0,"deaths":0,"injuries":7}},{"type":"Feature","geometry":{"type":"Point","coordinates":[-83.9,39.7]},"properties":{"id":"ncei-1964-10085451","year":1964,"month":6,"state":"OH","stateName":"Ohio","scale":1,"scaleLabel":"F1","lengthMiles":0.3,"deaths":0,"injuries":0}},{"type":"Feature","geometry":{"type":"Point","coordinates":[-96.6,46.05]},"properties":{"id":"ncei-1964-10085896","year":1964,"month":5,"state":"ND","stateName":"North Dakota","scale":3,"scaleLabel":"F3","lengthMiles":5.2,"deaths":0,"injuries":11}},{"type":"Feature","geometry":{"type":"Point","coordinates":[-100.03,46.02]},"properties":{"id":"ncei-1964-10085897","year":1964,"month":5,"state":"ND","stateName":"North Dakota","scale":2,"scaleLabel":"F2","lengthMiles":47.5,"deaths":0,"injuries":0}},{"type":"Feature","geometry":{"type":"Point","coordinates":[-97.13,46.27]},"properties":{"id":"ncei-1964-10085898","year":1964,"month":6,"state":"ND","stateName":"North Dakota","scale":2,"scaleLabel":"F2","lengthMiles":26.9,"deaths":0,"injuries":0}},{"type":"Feature","geometry":{"type":"Point","coordinates":[-98.23,46.95]},"properties":{"id":"ncei-1964-10085899","year":1964,"month":6,"state":"ND","stateName":"North Dakota","scale":0,"scaleLabel":"F0","lengthMiles":2,"deaths":0,"injuries":0}},{"type":"Feature","geometry":{"type":"Point","coordinates":[-98.07,46.87]},"properties":{"id":"ncei-1964-10085901","year":1964,"month":6,"state":"ND","stateName":"North Dakota","scale":1,"scaleLabel":"F1","lengthMiles":10.7,"deaths":0,"injuries":0}},{"type":"Feature","geometry":{"type":"Point","coordinates":[-101.4,46.4]},"properties":{"id":"ncei-1964-10085910","year":1964,"month":7,"state":"ND","stateName":"North Dakota","scale":1,"scaleLabel":"F1","lengthMiles":0.1,"deaths":0,"injuries":0}},{"type":"Feature","geometry":{"type":"Point","coordinates":[-99.5,48]},"properties":{"id":"ncei-1964-10085911","year":1964,"month":7,"state":"ND","stateName":"North Dakota","scale":-1,"scaleLabel":"Unknown","lengthMiles":0.1,"deaths":0,"injuries":0}},{"type":"Feature","geometry":{"type":"Point","coordinates":[-97.9,47.5]},"properties":{"id":"ncei-1964-10085912","year":1964,"month":7,"state":"ND","stateName":"North Dakota","scale":-1,"scaleLabel":"Unknown","lengthMiles":0.1,"deaths":0,"injuries":0}},{"type":"Feature","geometry":{"type":"Point","coordinates":[-98.2,46.7]},"properties":{"id":"ncei-1964-10085917","year":1964,"month":8,"state":"ND","stateName":"North Dakota","scale":1,"scaleLabel":"F1","lengthMiles":0,"deaths":0,"injuries":0}},{"type":"Feature","geometry":{"type":"Point","coordinates":[-102.33,46.42]},"properties":{"id":"ncei-1964-10085924","year":1964,"month":8,"state":"ND","stateName":"North Dakota","scale":0,"scaleLabel":"F0","lengthMiles":0,"deaths":0,"injuries":0}},{"type":"Feature","geometry":{"type":"Point","coordinates":[-102.2,46.4]},"properties":{"id":"ncei-1964-10085925","year":1964,"month":8,"state":"ND","stateName":"North Dakota","scale":2,"scaleLabel":"F2","lengthMiles":0,"deaths":0,"injuries":0}},{"type":"Feature","geometry":{"type":"Point","coordinates":[-99.02,36.85]},"properties":{"id":"ncei-1964-10091922","year":1964,"month":8,"state":"OK","stateName":"Oklahoma","scale":2,"scaleLabel":"F2","lengthMiles":0,"deaths":0,"injuries":0}},{"type":"Feature","geometry":{"type":"Point","coordinates":[-100,36.42]},"properties":{"id":"ncei-1964-10091924","year":1964,"month":8,"state":"OK","stateName":"Oklahoma","scale":0,"scaleLabel":"F0","lengthMiles":0,"deaths":0,"injuries":0}},{"type":"Feature","geometry":{"type":"Point","coordinates":[-97.35,34.82]},"properties":{"id":"ncei-1964-10091930","year":1964,"month":8,"state":"OK","stateName":"Oklahoma","scale":2,"scaleLabel":"F2","lengthMiles":0.1,"deaths":0,"injuries":0}},{"type":"Feature","geometry":{"type":"Point","coordinates":[-97.37,36.13]},"properties":{"id":"ncei-1964-10091933","year":1964,"month":8,"state":"OK","stateName":"Oklahoma","scale":0,"scaleLabel":"F0","lengthMiles":5.4,"deaths":0,"injuries":0}},{"type":"Feature","geometry":{"type":"Point","coordinates":[-96.9,35.7]},"properties":{"id":"ncei-1964-10091937","year":1964,"month":9,"state":"OK","stateName":"Oklahoma","scale":1,"scaleLabel":"F1","lengthMiles":0.5,"deaths":0,"injuries":0}},{"type":"Feature","geometry":{"type":"Point","coordinates":[-99.15,35.17]},"properties":{"id":"ncei-1964-10091940","year":1964,"month":11,"state":"OK","stateName":"Oklahoma","scale":0,"scaleLabel":"F0","lengthMiles":0,"deaths":0,"injuries":0}},{"type":"Feature","geometry":{"type":"Point","coordinates":[-98.97,36.82]},"properties":{"id":"ncei-1964-10091941","year":1964,"month":11,"state":"OK","stateName":"Oklahoma","scale":1,"scaleLabel":"F1","lengthMiles":2,"deaths":0,"injuries":0}},{"type":"Feature","geometry":{"type":"Point","coordinates":[-96.68,33.95]},"properties":{"id":"ncei-1964-10092753","year":1964,"month":4,"state":"OK","stateName":"Oklahoma","scale":3,"scaleLabel":"F3","lengthMiles":4.9,"deaths":0,"injuries":0}},{"type":"Feature","geometry":{"type":"Point","coordinates":[-96.62,33.98]},"properties":{"id":"ncei-1964-10092754","year":1964,"month":4,"state":"OK","stateName":"Oklahoma","scale":3,"scaleLabel":"F3","lengthMiles":11.8,"deaths":0,"injuries":1}},{"type":"Feature","geometry":{"type":"Point","coordinates":[-94.85,34.88]},"properties":{"id":"ncei-1964-10092755","year":1964,"month":4,"state":"OK","stateName":"Oklahoma","scale":2,"scaleLabel":"F2","lengthMiles":0,"deaths":0,"injuries":0}},{"type":"Feature","geometry":{"type":"Point","coordinates":[-96.8,34.05]},"properties":{"id":"ncei-1964-10092767","year":1964,"month":4,"state":"OK","stateName":"Oklahoma","scale":2,"scaleLabel":"F2","lengthMiles":0.5,"deaths":0,"injuries":0}},{"type":"Feature","geometry":{"type":"Point","coordinates":[-96.65,34.1]},"properties":{"id":"ncei-1964-10092769","year":1964,"month":4,"state":"OK","stateName":"Oklahoma","scale":2,"scaleLabel":"F2","lengthMiles":0,"deaths":0,"injuries":0}},{"type":"Feature","geometry":{"type":"Point","coordinates":[-97.53,35.2]},"properties":{"id":"ncei-1964-10092773","year":1964,"month":4,"state":"OK","stateName":"Oklahoma","scale":-1,"scaleLabel":"Unknown","lengthMiles":0,"deaths":0,"injuries":0}},{"type":"Feature","geometry":{"type":"Point","coordinates":[-97.5,35.22]},"properties":{"id":"ncei-1964-10092775","year":1964,"month":4,"state":"OK","stateName":"Oklahoma","scale":-1,"scaleLabel":"Unknown","lengthMiles":0,"deaths":0,"injuries":0}},{"type":"Feature","geometry":{"type":"Point","coordinates":[-95.52,34.08]},"properties":{"id":"ncei-1964-10093637","year":1964,"month":4,"state":"OK","stateName":"Oklahoma","scale":1,"scaleLabel":"F1","lengthMiles":1.5,"deaths":0,"injuries":0}},{"type":"Feature","geometry":{"type":"Point","coordinates":[-97.5,36.8]},"properties":{"id":"ncei-1964-10093860","year":1964,"month":4,"state":"OK","stateName":"Oklahoma","scale":-1,"scaleLabel":"Unknown","lengthMiles":0,"deaths":0,"injuries":0}},{"type":"Feature","geometry":{"type":"Point","coordinates":[-96.05,36.07]},"properties":{"id":"ncei-1964-10093864","year":1964,"month":4,"state":"OK","stateName":"Oklahoma","scale":2,"scaleLabel":"F2","lengthMiles":0.2,"deaths":0,"injuries":0}},{"type":"Feature","geometry":{"type":"Point","coordinates":[-98.75,36.8]},"properties":{"id":"ncei-1964-10093866","year":1964,"month":4,"state":"OK","stateName":"Oklahoma","scale":0,"scaleLabel":"F0","lengthMiles":0,"deaths":0,"injuries":0}},{"type":"Feature","geometry":{"type":"Point","coordinates":[-95.38,36.2]},"properties":{"id":"ncei-1964-10093870","year":1964,"month":4,"state":"OK","stateName":"Oklahoma","scale":0,"scaleLabel":"F0","lengthMiles":0,"deaths":0,"injuries":0}},{"type":"Feature","geometry":{"type":"Point","coordinates":[-97.82,36.32]},"properties":{"id":"ncei-1964-10093877","year":1964,"month":4,"state":"OK","stateName":"Oklahoma","scale":2,"scaleLabel":"F2","lengthMiles":15.3,"deaths":0,"injuries":1}},{"type":"Feature","geometry":{"type":"Point","coordinates":[-97.58,36.43]},"properties":{"id":"ncei-1964-10093878","year":1964,"month":4,"state":"OK","stateName":"Oklahoma","scale":2,"scaleLabel":"F2","lengthMiles":5.1,"deaths":0,"injuries":0}},{"type":"Feature","geometry":{"type":"Point","coordinates":[-97.52,36.48]},"properties":{"id":"ncei-1964-10093879","year":1964,"month":4,"state":"OK","stateName":"Oklahoma","scale":2,"scaleLabel":"F2","lengthMiles":4.3,"deaths":0,"injuries":0}},{"type":"Feature","geometry":{"type":"Point","coordinates":[-97.52,36.47]},"properties":{"id":"ncei-1964-10093880","year":1964,"month":4,"state":"OK","stateName":"Oklahoma","scale":1,"scaleLabel":"F1","lengthMiles":28.1,"deaths":0,"injuries":0}},{"type":"Feature","geometry":{"type":"Point","coordinates":[-97.45,36.52]},"properties":{"id":"ncei-1964-10093881","year":1964,"month":4,"state":"OK","stateName":"Oklahoma","scale":2,"scaleLabel":"F2","lengthMiles":18.4,"deaths":0,"injuries":0}},{"type":"Feature","geometry":{"type":"Point","coordinates":[-97.5,36.5]},"properties":{"id":"ncei-1964-10093882","year":1964,"month":4,"state":"OK","stateName":"Oklahoma","scale":1,"scaleLabel":"F1","lengthMiles":0,"deaths":0,"injuries":0}},{"type":"Feature","geometry":{"type":"Point","coordinates":[-97.13,36.6]},"properties":{"id":"ncei-1964-10093883","year":1964,"month":4,"state":"OK","stateName":"Oklahoma","scale":2,"scaleLabel":"F2","lengthMiles":10.9,"deaths":0,"injuries":0}},{"type":"Feature","geometry":{"type":"Point","coordinates":[-98.33,34.6]},"properties":{"id":"ncei-1964-10093887","year":1964,"month":4,"state":"OK","stateName":"Oklahoma","scale":0,"scaleLabel":"F0","lengthMiles":0,"deaths":0,"injuries":0}},{"type":"Feature","geometry":{"type":"Point","coordinates":[-95.55,34.83]},"properties":{"id":"ncei-1964-10093902","year":1964,"month":4,"state":"OK","stateName":"Oklahoma","scale":0,"scaleLabel":"F0","lengthMiles":0,"deaths":0,"injuries":0}},{"type":"Feature","geometry":{"type":"Point","coordinates":[-95.57,34.83]},"properties":{"id":"ncei-1964-10093903","year":1964,"month":4,"state":"OK","stateName":"Oklahoma","scale":1,"scaleLabel":"F1","lengthMiles":0,"deaths":0,"injuries":0}},{"type":"Feature","geometry":{"type":"Point","coordinates":[-99,36.03]},"properties":{"id":"ncei-1964-10093916","year":1964,"month":5,"state":"OK","stateName":"Oklahoma","scale":0,"scaleLabel":"F0","lengthMiles":0,"deaths":0,"injuries":0}},{"type":"Feature","geometry":{"type":"Point","coordinates":[-97.35,36.75]},"properties":{"id":"ncei-1964-10093917","year":1964,"month":5,"state":"OK","stateName":"Oklahoma","scale":1,"scaleLabel":"F1","lengthMiles":0,"deaths":0,"injuries":0}},{"type":"Feature","geometry":{"type":"Point","coordinates":[-97.8,35.5]},"properties":{"id":"ncei-1964-10093921","year":1964,"month":5,"state":"OK","stateName":"Oklahoma","scale":1,"scaleLabel":"F1","lengthMiles":0,"deaths":0,"injuries":0}},{"type":"Feature","geometry":{"type":"Point","coordinates":[-99,36.8]},"properties":{"id":"ncei-1964-10094795","year":1964,"month":5,"state":"OK","stateName":"Oklahoma","scale":0,"scaleLabel":"F0","lengthMiles":0,"deaths":0,"injuries":0}},{"type":"Feature","geometry":{"type":"Point","coordinates":[-98.8,36.8]},"properties":{"id":"ncei-1964-10094797","year":1964,"month":5,"state":"OK","stateName":"Oklahoma","scale":0,"scaleLabel":"F0","lengthMiles":0,"deaths":0,"injuries":0}},{"type":"Feature","geometry":{"type":"Point","coordinates":[-98.6,36.75]},"properties":{"id":"ncei-1964-10095018","year":1964,"month":5,"state":"OK","stateName":"Oklahoma","scale":1,"scaleLabel":"F1","lengthMiles":0,"deaths":0,"injuries":0}},{"type":"Feature","geometry":{"type":"Point","coordinates":[-99.8,35.5]},"properties":{"id":"ncei-1964-10095019","year":1964,"month":5,"state":"OK","stateName":"Oklahoma","scale":2,"scaleLabel":"F2","lengthMiles":3.6,"deaths":0,"injuries":0}},{"type":"Feature","geometry":{"type":"Point","coordinates":[-99.55,35.7]},"properties":{"id":"ncei-1964-10095020","year":1964,"month":5,"state":"OK","stateName":"Oklahoma","scale":2,"scaleLabel":"F2","lengthMiles":11.6,"deaths":0,"injuries":0}},{"type":"Feature","geometry":{"type":"Point","coordinates":[-98.93,36.15]},"properties":{"id":"ncei-1964-10095021","year":1964,"month":5,"state":"OK","stateName":"Oklahoma","scale":1,"scaleLabel":"F1","lengthMiles":1,"deaths":0,"injuries":0}},{"type":"Feature","geometry":{"type":"Point","coordinates":[-97.78,36.72]},"properties":{"id":"ncei-1964-10095022","year":1964,"month":5,"state":"OK","stateName":"Oklahoma","scale":1,"scaleLabel":"F1","lengthMiles":3.3,"deaths":0,"injuries":0}},{"type":"Feature","geometry":{"type":"Point","coordinates":[-98.02,36.75]},"properties":{"id":"ncei-1964-10095026","year":1964,"month":5,"state":"OK","stateName":"Oklahoma","scale":2,"scaleLabel":"F2","lengthMiles":0,"deaths":0,"injuries":0}},{"type":"Feature","geometry":{"type":"Point","coordinates":[-98.45,35.1]},"properties":{"id":"ncei-1964-10095027","year":1964,"month":5,"state":"OK","stateName":"Oklahoma","scale":0,"scaleLabel":"F0","lengthMiles":8.3,"deaths":0,"injuries":0}},{"type":"Feature","geometry":{"type":"Point","coordinates":[-102.2,36.8]},"properties":{"id":"ncei-1964-10095040","year":1964,"month":5,"state":"OK","stateName":"Oklahoma","scale":0,"scaleLabel":"F0","lengthMiles":0,"deaths":0,"injuries":0}},{"type":"Feature","geometry":{"type":"Point","coordinates":[-98.5,35.2]},"properties":{"id":"ncei-1964-10095045","year":1964,"month":5,"state":"OK","stateName":"Oklahoma","scale":2,"scaleLabel":"F2","lengthMiles":11.7,"deaths":0,"injuries":1}},{"type":"Feature","geometry":{"type":"Point","coordinates":[-96.77,34.27]},"properties":{"id":"ncei-1964-10095047","year":1964,"month":5,"state":"OK","stateName":"Oklahoma","scale":0,"scaleLabel":"F0","lengthMiles":6.9,"deaths":0,"injuries":0}},{"type":"Feature","geometry":{"type":"Point","coordinates":[-99.83,36.25]},"properties":{"id":"ncei-1964-10095052","year":1964,"month":5,"state":"OK","stateName":"Oklahoma","scale":0,"scaleLabel":"F0","lengthMiles":0,"deaths":0,"injuries":0}},{"type":"Feature","geometry":{"type":"Point","coordinates":[-95.95,35.73]},"properties":{"id":"ncei-1964-10095056","year":1964,"month":5,"state":"OK","stateName":"Oklahoma","scale":2,"scaleLabel":"F2","lengthMiles":0,"deaths":0,"injuries":0}},{"type":"Feature","geometry":{"type":"Point","coordinates":[-94.95,35.87]},"properties":{"id":"ncei-1964-10095057","year":1964,"month":5,"state":"OK","stateName":"Oklahoma","scale":3,"scaleLabel":"F3","lengthMiles":2,"deaths":0,"injuries":0}},{"type":"Feature","geometry":{"type":"Point","coordinates":[-96.3,35.42]},"properties":{"id":"ncei-1964-10095058","year":1964,"month":5,"state":"OK","stateName":"Oklahoma","scale":0,"scaleLabel":"F0","lengthMiles":0,"deaths":0,"injuries":0}},{"type":"Feature","geometry":{"type":"Point","coordinates":[-95.6,36.4]},"properties":{"id":"ncei-1964-10095059","year":1964,"month":5,"state":"OK","stateName":"Oklahoma","scale":0,"scaleLabel":"F0","lengthMiles":0,"deaths":0,"injuries":0}},{"type":"Feature","geometry":{"type":"Point","coordinates":[-97.8,36.38]},"properties":{"id":"ncei-1964-10095061","year":1964,"month":5,"state":"OK","stateName":"Oklahoma","scale":1,"scaleLabel":"F1","lengthMiles":1,"deaths":0,"injuries":0}},{"type":"Feature","geometry":{"type":"Point","coordinates":[-96.05,34.77]},"properties":{"id":"ncei-1964-10095062","year":1964,"month":5,"state":"OK","stateName":"Oklahoma","scale":0,"scaleLabel":"F0","lengthMiles":11.3,"deaths":0,"injuries":0}},{"type":"Feature","geometry":{"type":"Point","coordinates":[-99.77,35.15]},"properties":{"id":"ncei-1964-10095064","year":1964,"month":6,"state":"OK","stateName":"Oklahoma","scale":0,"scaleLabel":"F0","lengthMiles":0,"deaths":0,"injuries":0}},{"type":"Feature","geometry":{"type":"Point","coordinates":[-96.1,36.2]},"properties":{"id":"ncei-1964-10095070","year":1964,"month":6,"state":"OK","stateName":"Oklahoma","scale":1,"scaleLabel":"F1","lengthMiles":0.3,"deaths":0,"injuries":0}},{"type":"Feature","geometry":{"type":"Point","coordinates":[-99.35,34.85]},"properties":{"id":"ncei-1964-10095071","year":1964,"month":6,"state":"OK","stateName":"Oklahoma","scale":2,"scaleLabel":"F2","lengthMiles":0,"deaths":0,"injuries":1}},{"type":"Feature","geometry":{"type":"Point","coordinates":[-96.05,36.35]},"properties":{"id":"ncei-1964-10095081","year":1964,"month":7,"state":"OK","stateName":"Oklahoma","scale":2,"scaleLabel":"F2","lengthMiles":0,"deaths":0,"injuries":0}},{"type":"Feature","geometry":{"type":"Point","coordinates":[-99.1,36.1]},"properties":{"id":"ncei-1964-10095083","year":1964,"month":7,"state":"OK","stateName":"Oklahoma","scale":0,"scaleLabel":"F0","lengthMiles":0,"deaths":0,"injuries":0}},{"type":"Feature","geometry":{"type":"Point","coordinates":[-97.57,35.45]},"properties":{"id":"ncei-1964-10095957","year":1964,"month":7,"state":"OK","stateName":"Oklahoma","scale":2,"scaleLabel":"F2","lengthMiles":0.3,"deaths":0,"injuries":0}},{"type":"Feature","geometry":{"type":"Point","coordinates":[-96.1,35.1]},"properties":{"id":"ncei-1964-10095960","year":1964,"month":7,"state":"OK","stateName":"Oklahoma","scale":2,"scaleLabel":"F2","lengthMiles":0.5,"deaths":0,"injuries":0}},{"type":"Feature","geometry":{"type":"Point","coordinates":[-101.6,44.05]},"properties":{"id":"ncei-1964-10110027","year":1964,"month":7,"state":"SD","stateName":"South Dakota","scale":2,"scaleLabel":"F2","lengthMiles":0,"deaths":0,"injuries":0}},{"type":"Feature","geometry":{"type":"Point","coordinates":[-102.47,45.52]},"properties":{"id":"ncei-1964-10110031","year":1964,"month":8,"state":"SD","stateName":"South Dakota","scale":2,"scaleLabel":"F2","lengthMiles":0.8,"deaths":0,"injuries":0}},{"type":"Feature","geometry":{"type":"Point","coordinates":[-81.88,33.82]},"properties":{"id":"ncei-1964-10110319","year":1964,"month":4,"state":"SC","stateName":"South Carolina","scale":1,"scaleLabel":"F1","lengthMiles":0.2,"deaths":0,"injuries":0}},{"type":"Feature","geometry":{"type":"Point","coordinates":[-81.38,33.38]},"properties":{"id":"ncei-1964-10110320","year":1964,"month":4,"state":"SC","stateName":"South Carolina","scale":0,"scaleLabel":"F0","lengthMiles":0,"deaths":0,"injuries":0}},{"type":"Feature","geometry":{"type":"Point","coordinates":[-81.12,32.87]},"properties":{"id":"ncei-1964-10110321","year":1964,"month":4,"state":"SC","stateName":"South Carolina","scale":1,"scaleLabel":"F1","lengthMiles":0.5,"deaths":0,"injuries":0}},{"type":"Feature","geometry":{"type":"Point","coordinates":[-80.35,33.38]},"properties":{"id":"ncei-1964-10110322","year":1964,"month":4,"state":"SC","stateName":"South Carolina","scale":0,"scaleLabel":"F0","lengthMiles":0,"deaths":0,"injuries":0}},{"type":"Feature","geometry":{"type":"Point","coordinates":[-82,34.88]},"properties":{"id":"ncei-1964-10110324","year":1964,"month":4,"state":"SC","stateName":"South Carolina","scale":0,"scaleLabel":"F0","lengthMiles":0,"deaths":0,"injuries":0}},{"type":"Feature","geometry":{"type":"Point","coordinates":[-82.1,35.05]},"properties":{"id":"ncei-1964-10110325","year":1964,"month":4,"state":"SC","stateName":"South Carolina","scale":-1,"scaleLabel":"Unknown","lengthMiles":0,"deaths":0,"injuries":0}},{"type":"Feature","geometry":{"type":"Point","coordinates":[-80.28,33.72]},"properties":{"id":"ncei-1964-10110545","year":1964,"month":6,"state":"SC","stateName":"South Carolina","scale":1,"scaleLabel":"F1","lengthMiles":2,"deaths":0,"injuries":0}},{"type":"Feature","geometry":{"type":"Point","coordinates":[-82.25,34.73]},"properties":{"id":"ncei-1964-10110546","year":1964,"month":6,"state":"SC","stateName":"South Carolina","scale":1,"scaleLabel":"F1","lengthMiles":0.6,"deaths":0,"injuries":0}},{"type":"Feature","geometry":{"type":"Point","coordinates":[-81.23,35]},"properties":{"id":"ncei-1964-10110547","year":1964,"month":6,"state":"SC","stateName":"South Carolina","scale":1,"scaleLabel":"F1","lengthMiles":1.5,"deaths":0,"injuries":0}},{"type":"Feature","geometry":{"type":"Point","coordinates":[-79.77,34.05]},"properties":{"id":"ncei-1964-10110548","year":1964,"month":7,"state":"SC","stateName":"South Carolina","scale":2,"scaleLabel":"F2","lengthMiles":2.5,"deaths":0,"injuries":0}},{"type":"Feature","geometry":{"type":"Point","coordinates":[-81.57,35.15]},"properties":{"id":"ncei-1964-10110549","year":1964,"month":7,"state":"SC","stateName":"South Carolina","scale":0,"scaleLabel":"F0","lengthMiles":1,"deaths":0,"injuries":0}},{"type":"Feature","geometry":{"type":"Point","coordinates":[-79.77,34.02]},"properties":{"id":"ncei-1964-10110550","year":1964,"month":8,"state":"SC","stateName":"South Carolina","scale":1,"scaleLabel":"F1","lengthMiles":0,"deaths":0,"injuries":0}},{"type":"Feature","geometry":{"type":"Point","coordinates":[-79.9,32.8]},"properties":{"id":"ncei-1964-10110551","year":1964,"month":8,"state":"SC","stateName":"South Carolina","scale":2,"scaleLabel":"F2","lengthMiles":1,"deaths":0,"injuries":2}},{"type":"Feature","geometry":{"type":"Point","coordinates":[-79.78,33.2]},"properties":{"id":"ncei-1964-10110552","year":1964,"month":8,"state":"SC","stateName":"South Carolina","scale":1,"scaleLabel":"F1","lengthMiles":0.5,"deaths":0,"injuries":0}},{"type":"Feature","geometry":{"type":"Point","coordinates":[-81.2,34.13]},"properties":{"id":"ncei-1964-10110553","year":1964,"month":8,"state":"SC","stateName":"South Carolina","scale":2,"scaleLabel":"F2","lengthMiles":1,"deaths":0,"injuries":0}},{"type":"Feature","geometry":{"type":"Point","coordinates":[-80.45,34.37]},"properties":{"id":"ncei-1964-10110554","year":1964,"month":8,"state":"SC","stateName":"South Carolina","scale":1,"scaleLabel":"F1","lengthMiles":0.1,"deaths":0,"injuries":0}},{"type":"Feature","geometry":{"type":"Point","coordinates":[-79.87,34.3]},"properties":{"id":"ncei-1964-10110555","year":1964,"month":8,"state":"SC","stateName":"South Carolina","scale":2,"scaleLabel":"F2","lengthMiles":0.1,"deaths":0,"injuries":1}},{"type":"Feature","geometry":{"type":"Point","coordinates":[-79.93,34.12]},"properties":{"id":"ncei-1964-10110556","year":1964,"month":8,"state":"SC","stateName":"South Carolina","scale":1,"scaleLabel":"F1","lengthMiles":0.2,"deaths":0,"injuries":0}},{"type":"Feature","geometry":{"type":"Point","coordinates":[-78.88,33.68]},"properties":{"id":"ncei-1964-10110557","year":1964,"month":9,"state":"SC","stateName":"South Carolina","scale":1,"scaleLabel":"F1","lengthMiles":0.1,"deaths":0,"injuries":0}},{"type":"Feature","geometry":{"type":"Point","coordinates":[-79.78,34.03]},"properties":{"id":"ncei-1964-10110559","year":1964,"month":12,"state":"SC","stateName":"South Carolina","scale":1,"scaleLabel":"F1","lengthMiles":0.2,"deaths":0,"injuries":0}},{"type":"Feature","geometry":{"type":"Point","coordinates":[-82.23,34.93]},"properties":{"id":"ncei-1964-10110560","year":1964,"month":12,"state":"SC","stateName":"South Carolina","scale":0,"scaleLabel":"F0","lengthMiles":0.2,"deaths":0,"injuries":0}},{"type":"Feature","geometry":{"type":"Point","coordinates":[-101.7,43.82]},"properties":{"id":"ncei-1964-10113442","year":1964,"month":5,"state":"SD","stateName":"South Dakota","scale":2,"scaleLabel":"F2","lengthMiles":14.8,"deaths":0,"injuries":0}},{"type":"Feature","geometry":{"type":"Point","coordinates":[-101.1,44.4]},"properties":{"id":"ncei-1964-10113443","year":1964,"month":5,"state":"SD","stateName":"South Dakota","scale":0,"scaleLabel":"F0","lengthMiles":0,"deaths":0,"injuries":0}},{"type":"Feature","geometry":{"type":"Point","coordinates":[-97.3,45.5]},"properties":{"id":"ncei-1964-10113663","year":1964,"month":5,"state":"SD","stateName":"South Dakota","scale":0,"scaleLabel":"F0","lengthMiles":0,"deaths":0,"injuries":0}},{"type":"Feature","geometry":{"type":"Point","coordinates":[-97.3,43.05]},"properties":{"id":"ncei-1964-10113667","year":1964,"month":5,"state":"SD","stateName":"South Dakota","scale":1,"scaleLabel":"F1","lengthMiles":0,"deaths":0,"injuries":0}},{"type":"Feature","geometry":{"type":"Point","coordinates":[-97.57,45.28]},"properties":{"id":"ncei-1964-10113668","year":1964,"month":5,"state":"SD","stateName":"South Dakota","scale":1,"scaleLabel":"F1","lengthMiles":0,"deaths":0,"injuries":0}},{"type":"Feature","geometry":{"type":"Point","coordinates":[-96.87,45.8]},"properties":{"id":"ncei-1964-10113669","year":1964,"month":5,"state":"SD","stateName":"South Dakota","scale":2,"scaleLabel":"F2","lengthMiles":4.5,"deaths":0,"injuries":0}},{"type":"Feature","geometry":{"type":"Point","coordinates":[-97.27,42.92]},"properties":{"id":"ncei-1964-10113670","year":1964,"month":5,"state":"SD","stateName":"South Dakota","scale":0,"scaleLabel":"F0","lengthMiles":0,"deaths":0,"injuries":0}},{"type":"Feature","geometry":{"type":"Point","coordinates":[-100.1,45.92]},"properties":{"id":"ncei-1964-10113672","year":1964,"month":5,"state":"SD","stateName":"South Dakota","scale":2,"scaleLabel":"F2","lengthMiles":16,"deaths":0,"injuries":0}},{"type":"Feature","geometry":{"type":"Point","coordinates":[-97.57,43.23]},"properties":{"id":"ncei-1964-10113674","year":1964,"month":5,"state":"SD","stateName":"South Dakota","scale":1,"scaleLabel":"F1","lengthMiles":1.5,"deaths":0,"injuries":0}},{"type":"Feature","geometry":{"type":"Point","coordinates":[-97.6,43.2]},"properties":{"id":"ncei-1964-10113675","year":1964,"month":5,"state":"SD","stateName":"South Dakota","scale":1,"scaleLabel":"F1","lengthMiles":21.5,"deaths":0,"injuries":0}},{"type":"Feature","geometry":{"type":"Point","coordinates":[-97.78,42.8]},"properties":{"id":"ncei-1964-10113676","year":1964,"month":5,"state":"SD","stateName":"South Dakota","scale":1,"scaleLabel":"F1","lengthMiles":0,"deaths":0,"injuries":0}},{"type":"Feature","geometry":{"type":"Point","coordinates":[-104,45.5]},"properties":{"id":"ncei-1964-10113677","year":1964,"month":5,"state":"SD","stateName":"South Dakota","scale":-1,"scaleLabel":"Unknown","lengthMiles":0,"deaths":0,"injuries":0}},{"type":"Feature","geometry":{"type":"Point","coordinates":[-100.8,43.9]},"properties":{"id":"ncei-1964-10113680","year":1964,"month":6,"state":"SD","stateName":"South Dakota","scale":-1,"scaleLabel":"Unknown","lengthMiles":0,"deaths":0,"injuries":0}},{"type":"Feature","geometry":{"type":"Point","coordinates":[-100.8,44.3]},"properties":{"id":"ncei-1964-10113681","year":1964,"month":6,"state":"SD","stateName":"South Dakota","scale":-1,"scaleLabel":"Unknown","lengthMiles":0,"deaths":0,"injuries":0}},{"type":"Feature","geometry":{"type":"Point","coordinates":[-100.8,45.1]},"properties":{"id":"ncei-1964-10113682","year":1964,"month":6,"state":"SD","stateName":"South Dakota","scale":0,"scaleLabel":"F0","lengthMiles":0,"deaths":0,"injuries":0}},{"type":"Feature","geometry":{"type":"Point","coordinates":[-100.7,45.08]},"properties":{"id":"ncei-1964-10113683","year":1964,"month":6,"state":"SD","stateName":"South Dakota","scale":0,"scaleLabel":"F0","lengthMiles":0,"deaths":0,"injuries":0}},{"type":"Feature","geometry":{"type":"Point","coordinates":[-100.7,45.08]},"properties":{"id":"ncei-1964-10113684","year":1964,"month":6,"state":"SD","stateName":"South Dakota","scale":2,"scaleLabel":"F2","lengthMiles":3.8,"deaths":0,"injuries":1}},{"type":"Feature","geometry":{"type":"Point","coordinates":[-97.55,44.97]},"properties":{"id":"ncei-1964-10113685","year":1964,"month":6,"state":"SD","stateName":"South Dakota","scale":2,"scaleLabel":"F2","lengthMiles":0,"deaths":0,"injuries":0}},{"type":"Feature","geometry":{"type":"Point","coordinates":[-97.53,44.78]},"properties":{"id":"ncei-1964-10113686","year":1964,"month":6,"state":"SD","stateName":"South Dakota","scale":2,"scaleLabel":"F2","lengthMiles":0,"deaths":0,"injuries":0}},{"type":"Feature","geometry":{"type":"Point","coordinates":[-97.67,45.08]},"properties":{"id":"ncei-1964-10113687","year":1964,"month":6,"state":"SD","stateName":"South Dakota","scale":2,"scaleLabel":"F2","lengthMiles":0.5,"deaths":0,"injuries":0}},{"type":"Feature","geometry":{"type":"Point","coordinates":[-100,45.8]},"properties":{"id":"ncei-1964-10113688","year":1964,"month":6,"state":"SD","stateName":"South Dakota","scale":-1,"scaleLabel":"Unknown","lengthMiles":0,"deaths":0,"injuries":0}},{"type":"Feature","geometry":{"type":"Point","coordinates":[-99.82,45.2]},"properties":{"id":"ncei-1964-10113689","year":1964,"month":6,"state":"SD","stateName":"South Dakota","scale":2,"scaleLabel":"F2","lengthMiles":2.7,"deaths":0,"injuries":0}},{"type":"Feature","geometry":{"type":"Point","coordinates":[-99.78,45.25]},"properties":{"id":"ncei-1964-10113690","year":1964,"month":6,"state":"SD","stateName":"South Dakota","scale":2,"scaleLabel":"F2","lengthMiles":21.9,"deaths":0,"injuries":2}},{"type":"Feature","geometry":{"type":"Point","coordinates":[-98.93,44.82]},"properties":{"id":"ncei-1964-10113691","year":1964,"month":6,"state":"SD","stateName":"South Dakota","scale":1,"scaleLabel":"F1","lengthMiles":11.1,"deaths":0,"injuries":10}},{"type":"Feature","geometry":{"type":"Point","coordinates":[-96.88,43.12]},"properties":{"id":"ncei-1964-10113694","year":1964,"month":6,"state":"SD","stateName":"South Dakota","scale":2,"scaleLabel":"F2","lengthMiles":16.1,"deaths":0,"injuries":0}},{"type":"Feature","geometry":{"type":"Point","coordinates":[-96.83,43.48]},"properties":{"id":"ncei-1964-10113696","year":1964,"month":6,"state":"SD","stateName":"South Dakota","scale":2,"scaleLabel":"F2","lengthMiles":10,"deaths":0,"injuries":0}},{"type":"Feature","geometry":{"type":"Point","coordinates":[-98.53,43.32]},"properties":{"id":"ncei-1964-10113697","year":1964,"month":6,"state":"SD","stateName":"South Dakota","scale":1,"scaleLabel":"F1","lengthMiles":0,"deaths":0,"injuries":0}},{"type":"Feature","geometry":{"type":"Point","coordinates":[-97.75,45.8]},"properties":{"id":"ncei-1964-10113707","year":1964,"month":7,"state":"SD","stateName":"South Dakota","scale":1,"scaleLabel":"F1","lengthMiles":0,"deaths":0,"injuries":0}},{"type":"Feature","geometry":{"type":"Point","coordinates":[-97.25,44.63]},"properties":{"id":"ncei-1964-10113708","year":1964,"month":7,"state":"SD","stateName":"South Dakota","scale":-1,"scaleLabel":"Unknown","lengthMiles":0,"deaths":0,"injuries":0}},{"type":"Feature","geometry":{"type":"Point","coordinates":[-97.25,44.67]},"properties":{"id":"ncei-1964-10113709","year":1964,"month":7,"state":"SD","stateName":"South Dakota","scale":0,"scaleLabel":"F0","lengthMiles":0,"deaths":0,"injuries":0}},{"type":"Feature","geometry":{"type":"Point","coordinates":[-98.22,44.85]},"properties":{"id":"ncei-1964-10113714","year":1964,"month":7,"state":"SD","stateName":"South Dakota","scale":2,"scaleLabel":"F2","lengthMiles":6.8,"deaths":0,"injuries":0}},{"type":"Feature","geometry":{"type":"Point","coordinates":[-76.25,41.07]},"properties":{"id":"ncei-1964-10114709","year":1964,"month":3,"state":"PA","stateName":"Pennsylvania","scale":1,"scaleLabel":"F1","lengthMiles":0.1,"deaths":0,"injuries":0}},{"type":"Feature","geometry":{"type":"Point","coordinates":[-77.4,40.2]},"properties":{"id":"ncei-1964-10114712","year":1964,"month":6,"state":"PA","stateName":"Pennsylvania","scale":1,"scaleLabel":"F1","lengthMiles":0,"deaths":0,"injuries":0}},{"type":"Feature","geometry":{"type":"Point","coordinates":[-76.48,40.42]},"properties":{"id":"ncei-1964-10114715","year":1964,"month":6,"state":"PA","stateName":"Pennsylvania","scale":1,"scaleLabel":"F1","lengthMiles":2,"deaths":0,"injuries":2}},{"type":"Feature","geometry":{"type":"Point","coordinates":[-80.23,41.23]},"properties":{"id":"ncei-1964-10114716","year":1964,"month":6,"state":"PA","stateName":"Pennsylvania","scale":2,"scaleLabel":"F2","lengthMiles":0,"deaths":0,"injuries":4}},{"type":"Feature","geometry":{"type":"Point","coordinates":[-79.55,40.3]},"properties":{"id":"ncei-1964-10114719","year":1964,"month":6,"state":"PA","stateName":"Pennsylvania","scale":2,"scaleLabel":"F2","lengthMiles":2,"deaths":0,"injuries":4}},{"type":"Feature","geometry":{"type":"Point","coordinates":[-76.62,41.7]},"properties":{"id":"ncei-1964-10114721","year":1964,"month":7,"state":"PA","stateName":"Pennsylvania","scale":1,"scaleLabel":"F1","lengthMiles":2,"deaths":0,"injuries":0}},{"type":"Feature","geometry":{"type":"Point","coordinates":[-98.28,31.7]},"properties":{"id":"ncei-1964-10120285","year":1964,"month":4,"state":"TX","stateName":"Texas","scale":1,"scaleLabel":"F1","lengthMiles":0.5,"deaths":0,"injuries":3}},{"type":"Feature","geometry":{"type":"Point","coordinates":[-99.27,33.87]},"properties":{"id":"ncei-1964-10120288","year":1964,"month":4,"state":"TX","stateName":"Texas","scale":1,"scaleLabel":"F1","lengthMiles":1,"deaths":0,"injuries":0}},{"type":"Feature","geometry":{"type":"Point","coordinates":[-98.6,32]},"properties":{"id":"ncei-1964-10120291","year":1964,"month":4,"state":"TX","stateName":"Texas","scale":1,"scaleLabel":"F1","lengthMiles":1,"deaths":0,"injuries":1}},{"type":"Feature","geometry":{"type":"Point","coordinates":[-94.38,32.82]},"properties":{"id":"ncei-1964-10120301","year":1964,"month":4,"state":"TX","stateName":"Texas","scale":0,"scaleLabel":"F0","lengthMiles":1,"deaths":0,"injuries":0}},{"type":"Feature","geometry":{"type":"Point","coordinates":[-97.7,30.55]},"properties":{"id":"ncei-1964-10120518","year":1964,"month":4,"state":"TX","stateName":"Texas","scale":2,"scaleLabel":"F2","lengthMiles":1,"deaths":0,"injuries":0}},{"type":"Feature","geometry":{"type":"Point","coordinates":[-94.02,31.62]},"properties":{"id":"ncei-1964-10120519","year":1964,"month":4,"state":"TX","stateName":"Texas","scale":0,"scaleLabel":"F0","lengthMiles":1,"deaths":0,"injuries":0}},{"type":"Feature","geometry":{"type":"Point","coordinates":[-94.22,31.83]},"properties":{"id":"ncei-1964-10120520","year":1964,"month":4,"state":"TX","stateName":"Texas","scale":0,"scaleLabel":"F0","lengthMiles":0.2,"deaths":0,"injuries":0}},{"type":"Feature","geometry":{"type":"Point","coordinates":[-94.17,31.8]},"properties":{"id":"ncei-1964-10120521","year":1964,"month":4,"state":"TX","stateName":"Texas","scale":2,"scaleLabel":"F2","lengthMiles":1.9,"deaths":0,"injuries":0}},{"type":"Feature","geometry":{"type":"Point","coordinates":[-96.2,30.3]},"properties":{"id":"ncei-1964-10120535","year":1964,"month":5,"state":"TX","stateName":"Texas","scale":2,"scaleLabel":"F2","lengthMiles":5.6,"deaths":0,"injuries":0}},{"type":"Feature","geometry":{"type":"Point","coordinates":[-100.48,32.85]},"properties":{"id":"ncei-1964-10120541","year":1964,"month":5,"state":"TX","stateName":"Texas","scale":1,"scaleLabel":"F1","lengthMiles":2,"deaths":0,"injuries":0}},{"type":"Feature","geometry":{"type":"Point","coordinates":[-101.45,32.25]},"properties":{"id":"ncei-1964-10120543","year":1964,"month":5,"state":"TX","stateName":"Texas","scale":1,"scaleLabel":"F1","lengthMiles":0.7,"deaths":0,"injuries":0}},{"type":"Feature","geometry":{"type":"Point","coordinates":[-100.83,32.4]},"properties":{"id":"ncei-1964-10120545","year":1964,"month":5,"state":"TX","stateName":"Texas","scale":1,"scaleLabel":"F1","lengthMiles":8.2,"deaths":0,"injuries":0}},{"type":"Feature","geometry":{"type":"Point","coordinates":[-100.4,32.73]},"properties":{"id":"ncei-1964-10120546","year":1964,"month":5,"state":"TX","stateName":"Texas","scale":0,"scaleLabel":"F0","lengthMiles":1,"deaths":0,"injuries":0}},{"type":"Feature","geometry":{"type":"Point","coordinates":[-100.95,30.92]},"properties":{"id":"ncei-1964-10120549","year":1964,"month":5,"state":"TX","stateName":"Texas","scale":0,"scaleLabel":"F0","lengthMiles":1,"deaths":0,"injuries":0}},{"type":"Feature","geometry":{"type":"Point","coordinates":[-102.32,33.92]},"properties":{"id":"ncei-1964-10120555","year":1964,"month":5,"state":"TX","stateName":"Texas","scale":0,"scaleLabel":"F0","lengthMiles":0.2,"deaths":0,"injuries":0}},{"type":"Feature","geometry":{"type":"Point","coordinates":[-98.05,33.1]},"properties":{"id":"ncei-1964-10120557","year":1964,"month":5,"state":"TX","stateName":"Texas","scale":0,"scaleLabel":"F0","lengthMiles":0.2,"deaths":0,"injuries":0}},{"type":"Feature","geometry":{"type":"Point","coordinates":[-100.8,32.6]},"properties":{"id":"ncei-1964-10120563","year":1964,"month":5,"state":"TX","stateName":"Texas","scale":0,"scaleLabel":"F0","lengthMiles":1.5,"deaths":0,"injuries":0}},{"type":"Feature","geometry":{"type":"Point","coordinates":[-100.8,32.6]},"properties":{"id":"ncei-1964-10120564","year":1964,"month":5,"state":"TX","stateName":"Texas","scale":0,"scaleLabel":"F0","lengthMiles":1.5,"deaths":0,"injuries":0}},{"type":"Feature","geometry":{"type":"Point","coordinates":[-99,31.7]},"properties":{"id":"ncei-1964-10121416","year":1964,"month":4,"state":"TX","stateName":"Texas","scale":1,"scaleLabel":"F1","lengthMiles":2,"deaths":0,"injuries":0}},{"type":"Feature","geometry":{"type":"Point","coordinates":[-97.67,27.78]},"properties":{"id":"ncei-1964-10121417","year":1964,"month":7,"state":"TX","stateName":"Texas","scale":0,"scaleLabel":"F0","lengthMiles":1,"deaths":0,"injuries":0}},{"type":"Feature","geometry":{"type":"Point","coordinates":[-95.93,28.83]},"properties":{"id":"ncei-1964-10121418","year":1964,"month":7,"state":"TX","stateName":"Texas","scale":0,"scaleLabel":"F0","lengthMiles":0.2,"deaths":0,"injuries":0}},{"type":"Feature","geometry":{"type":"Point","coordinates":[-100.83,32.38]},"properties":{"id":"ncei-1964-10121420","year":1964,"month":7,"state":"TX","stateName":"Texas","scale":1,"scaleLabel":"F1","lengthMiles":2,"deaths":0,"injuries":0}},{"type":"Feature","geometry":{"type":"Point","coordinates":[-95.37,30.93]},"properties":{"id":"ncei-1964-10121422","year":1964,"month":7,"state":"TX","stateName":"Texas","scale":1,"scaleLabel":"F1","lengthMiles":0.2,"deaths":0,"injuries":0}},{"type":"Feature","geometry":{"type":"Point","coordinates":[-97.27,33.5]},"properties":{"id":"ncei-1964-10121424","year":1964,"month":7,"state":"TX","stateName":"Texas","scale":-1,"scaleLabel":"Unknown","lengthMiles":0,"deaths":0,"injuries":0}},{"type":"Feature","geometry":{"type":"Point","coordinates":[-100.8,31.27]},"properties":{"id":"ncei-1964-10121425","year":1964,"month":7,"state":"TX","stateName":"Texas","scale":2,"scaleLabel":"F2","lengthMiles":1,"deaths":0,"injuries":1}},{"type":"Feature","geometry":{"type":"Point","coordinates":[-97.23,33.63]},"properties":{"id":"ncei-1964-10121427","year":1964,"month":7,"state":"TX","stateName":"Texas","scale":1,"scaleLabel":"F1","lengthMiles":0,"deaths":0,"injuries":0}},{"type":"Feature","geometry":{"type":"Point","coordinates":[-93.87,29.7]},"properties":{"id":"ncei-1964-10121432","year":1964,"month":8,"state":"TX","stateName":"Texas","scale":2,"scaleLabel":"F2","lengthMiles":0.2,"deaths":0,"injuries":6}},{"type":"Feature","geometry":{"type":"Point","coordinates":[-94.72,32.9]},"properties":{"id":"ncei-1964-10121654","year":1964,"month":8,"state":"TX","stateName":"Texas","scale":0,"scaleLabel":"F0","lengthMiles":0.2,"deaths":0,"injuries":0}},{"type":"Feature","geometry":{"type":"Point","coordinates":[-101.97,35.68]},"properties":{"id":"ncei-1964-10121656","year":1964,"month":8,"state":"TX","stateName":"Texas","scale":2,"scaleLabel":"F2","lengthMiles":0.5,"deaths":0,"injuries":0}},{"type":"Feature","geometry":{"type":"Point","coordinates":[-95.63,31.72]},"properties":{"id":"ncei-1964-10121661","year":1964,"month":8,"state":"TX","stateName":"Texas","scale":1,"scaleLabel":"F1","lengthMiles":3.6,"deaths":0,"injuries":0}},{"type":"Feature","geometry":{"type":"Point","coordinates":[-102.88,30.72]},"properties":{"id":"ncei-1964-10121662","year":1964,"month":8,"state":"TX","stateName":"Texas","scale":1,"scaleLabel":"F1","lengthMiles":7.6,"deaths":0,"injuries":0}},{"type":"Feature","geometry":{"type":"Point","coordinates":[-97.72,33.78]},"properties":{"id":"ncei-1964-10121664","year":1964,"month":8,"state":"TX","stateName":"Texas","scale":2,"scaleLabel":"F2","lengthMiles":0.1,"deaths":0,"injuries":0}},{"type":"Feature","geometry":{"type":"Point","coordinates":[-98.68,32.22]},"properties":{"id":"ncei-1964-10121666","year":1964,"month":8,"state":"TX","stateName":"Texas","scale":0,"scaleLabel":"F0","lengthMiles":0.1,"deaths":0,"injuries":0}},{"type":"Feature","geometry":{"type":"Point","coordinates":[-98.08,27.65]},"properties":{"id":"ncei-1964-10121670","year":1964,"month":9,"state":"TX","stateName":"Texas","scale":1,"scaleLabel":"F1","lengthMiles":0.2,"deaths":0,"injuries":0}},{"type":"Feature","geometry":{"type":"Point","coordinates":[-97.45,32.8]},"properties":{"id":"ncei-1964-10121671","year":1964,"month":9,"state":"TX","stateName":"Texas","scale":0,"scaleLabel":"F0","lengthMiles":0.1,"deaths":0,"injuries":0}},{"type":"Feature","geometry":{"type":"Point","coordinates":[-102.1,34]},"properties":{"id":"ncei-1964-10121673","year":1964,"month":9,"state":"TX","stateName":"Texas","scale":1,"scaleLabel":"F1","lengthMiles":4.7,"deaths":0,"injuries":0}},{"type":"Feature","geometry":{"type":"Point","coordinates":[-98.6,29.37]},"properties":{"id":"ncei-1964-10121675","year":1964,"month":10,"state":"TX","stateName":"Texas","scale":1,"scaleLabel":"F1","lengthMiles":0.1,"deaths":0,"injuries":0}},{"type":"Feature","geometry":{"type":"Point","coordinates":[-97.5,32.33]},"properties":{"id":"ncei-1964-10121677","year":1964,"month":11,"state":"TX","stateName":"Texas","scale":0,"scaleLabel":"F0","lengthMiles":1,"deaths":0,"injuries":0}},{"type":"Feature","geometry":{"type":"Point","coordinates":[-94.73,31.22]},"properties":{"id":"ncei-1964-10121678","year":1964,"month":11,"state":"TX","stateName":"Texas","scale":1,"scaleLabel":"F1","lengthMiles":0.2,"deaths":0,"injuries":0}},{"type":"Feature","geometry":{"type":"Point","coordinates":[-96.1,31.03]},"properties":{"id":"ncei-1964-10121679","year":1964,"month":11,"state":"TX","stateName":"Texas","scale":1,"scaleLabel":"F1","lengthMiles":0.3,"deaths":0,"injuries":0}},{"type":"Feature","geometry":{"type":"Point","coordinates":[-96.33,29.6]},"properties":{"id":"ncei-1964-10122207","year":1964,"month":2,"state":"TX","stateName":"Texas","scale":2,"scaleLabel":"F2","lengthMiles":3.8,"deaths":0,"injuries":1}},{"type":"Feature","geometry":{"type":"Point","coordinates":[-99.6,28.95]},"properties":{"id":"ncei-1964-10122426","year":1964,"month":3,"state":"TX","stateName":"Texas","scale":1,"scaleLabel":"F1","lengthMiles":0.5,"deaths":0,"injuries":1}},{"type":"Feature","geometry":{"type":"Point","coordinates":[-102.08,31.98]},"properties":{"id":"ncei-1964-10122428","year":1964,"month":3,"state":"TX","stateName":"Texas","scale":1,"scaleLabel":"F1","lengthMiles":0.1,"deaths":0,"injuries":0}},{"type":"Feature","geometry":{"type":"Point","coordinates":[-95.35,29.8]},"properties":{"id":"ncei-1964-10122429","year":1964,"month":3,"state":"TX","stateName":"Texas","scale":1,"scaleLabel":"F1","lengthMiles":5.1,"deaths":0,"injuries":0}},{"type":"Feature","geometry":{"type":"Point","coordinates":[-95,29.75]},"properties":{"id":"ncei-1964-10122430","year":1964,"month":3,"state":"TX","stateName":"Texas","scale":2,"scaleLabel":"F2","lengthMiles":2.5,"deaths":0,"injuries":0}},{"type":"Feature","geometry":{"type":"Point","coordinates":[-94.4,30.13]},"properties":{"id":"ncei-1964-10122431","year":1964,"month":3,"state":"TX","stateName":"Texas","scale":2,"scaleLabel":"F2","lengthMiles":0.2,"deaths":0,"injuries":0}},{"type":"Feature","geometry":{"type":"Point","coordinates":[-97.75,28.4]},"properties":{"id":"ncei-1964-10122434","year":1964,"month":3,"state":"TX","stateName":"Texas","scale":1,"scaleLabel":"F1","lengthMiles":2,"deaths":0,"injuries":0}},{"type":"Feature","geometry":{"type":"Point","coordinates":[-98.5,33.9]},"properties":{"id":"ncei-1964-10122436","year":1964,"month":4,"state":"TX","stateName":"Texas","scale":5,"scaleLabel":"F5","lengthMiles":4.7,"deaths":7,"injuries":111}},{"type":"Feature","geometry":{"type":"Point","coordinates":[-98.2,34.07]},"properties":{"id":"ncei-1964-10122440","year":1964,"month":4,"state":"TX","stateName":"Texas","scale":1,"scaleLabel":"F1","lengthMiles":1.5,"deaths":0,"injuries":0}},{"type":"Feature","geometry":{"type":"Point","coordinates":[-95.48,32.67]},"properties":{"id":"ncei-1964-10122444","year":1964,"month":4,"state":"TX","stateName":"Texas","scale":2,"scaleLabel":"F2","lengthMiles":2.7,"deaths":0,"injuries":0}},{"type":"Feature","geometry":{"type":"Point","coordinates":[-97.72,30.22]},"properties":{"id":"ncei-1964-10122446","year":1964,"month":4,"state":"TX","stateName":"Texas","scale":0,"scaleLabel":"F0","lengthMiles":0,"deaths":0,"injuries":0}},{"type":"Feature","geometry":{"type":"Point","coordinates":[-100.95,29.52]},"properties":{"id":"ncei-1964-10122447","year":1964,"month":4,"state":"TX","stateName":"Texas","scale":2,"scaleLabel":"F2","lengthMiles":2,"deaths":0,"injuries":0}},{"type":"Feature","geometry":{"type":"Point","coordinates":[-95.38,29.92]},"properties":{"id":"ncei-1964-10122449","year":1964,"month":4,"state":"TX","stateName":"Texas","scale":2,"scaleLabel":"F2","lengthMiles":21.9,"deaths":1,"injuries":2}},{"type":"Feature","geometry":{"type":"Point","coordinates":[-95.85,33.43]},"properties":{"id":"ncei-1964-10122462","year":1964,"month":4,"state":"TX","stateName":"Texas","scale":3,"scaleLabel":"F3","lengthMiles":5.9,"deaths":0,"injuries":2}},{"type":"Feature","geometry":{"type":"Point","coordinates":[-95.62,33.65]},"properties":{"id":"ncei-1964-10122463","year":1964,"month":4,"state":"TX","stateName":"Texas","scale":2,"scaleLabel":"F2","lengthMiles":6.6,"deaths":0,"injuries":0}},{"type":"Feature","geometry":{"type":"Point","coordinates":[-95.62,33.65]},"properties":{"id":"ncei-1964-10122464","year":1964,"month":4,"state":"TX","stateName":"Texas","scale":2,"scaleLabel":"F2","lengthMiles":2,"deaths":0,"injuries":0}},{"type":"Feature","geometry":{"type":"Point","coordinates":[-99.38,31.78]},"properties":{"id":"ncei-1964-10122468","year":1964,"month":4,"state":"TX","stateName":"Texas","scale":0,"scaleLabel":"F0","lengthMiles":2,"deaths":0,"injuries":0}},{"type":"Feature","geometry":{"type":"Point","coordinates":[-99.02,33.72]},"properties":{"id":"ncei-1964-10122471","year":1964,"month":4,"state":"TX","stateName":"Texas","scale":1,"scaleLabel":"F1","lengthMiles":1,"deaths":0,"injuries":0}},{"type":"Feature","geometry":{"type":"Point","coordinates":[-99.55,31.75]},"properties":{"id":"ncei-1964-10122473","year":1964,"month":4,"state":"TX","stateName":"Texas","scale":1,"scaleLabel":"F1","lengthMiles":1,"deaths":0,"injuries":0}},{"type":"Feature","geometry":{"type":"Point","coordinates":[-94.35,32.82]},"properties":{"id":"ncei-1964-10122476","year":1964,"month":4,"state":"TX","stateName":"Texas","scale":1,"scaleLabel":"F1","lengthMiles":7.4,"deaths":0,"injuries":0}},{"type":"Feature","geometry":{"type":"Point","coordinates":[-100.38,29.37]},"properties":{"id":"ncei-1964-10122627","year":1964,"month":5,"state":"TX","stateName":"Texas","scale":0,"scaleLabel":"F0","lengthMiles":2.5,"deaths":0,"injuries":0}},{"type":"Feature","geometry":{"type":"Point","coordinates":[-100.88,29.62]},"properties":{"id":"ncei-1964-10122628","year":1964,"month":5,"state":"TX","stateName":"Texas","scale":0,"scaleLabel":"F0","lengthMiles":0.1,"deaths":0,"injuries":0}},{"type":"Feature","geometry":{"type":"Point","coordinates":[-100.88,29.62]},"properties":{"id":"ncei-1964-10122629","year":1964,"month":5,"state":"TX","stateName":"Texas","scale":0,"scaleLabel":"F0","lengthMiles":0.1,"deaths":0,"injuries":0}},{"type":"Feature","geometry":{"type":"Point","coordinates":[-101.17,29.7]},"properties":{"id":"ncei-1964-10122633","year":1964,"month":5,"state":"TX","stateName":"Texas","scale":0,"scaleLabel":"F0","lengthMiles":0.1,"deaths":0,"injuries":0}},{"type":"Feature","geometry":{"type":"Point","coordinates":[-100.83,30.8]},"properties":{"id":"ncei-1964-10122855","year":1964,"month":5,"state":"TX","stateName":"Texas","scale":0,"scaleLabel":"F0","lengthMiles":0.2,"deaths":0,"injuries":0}},{"type":"Feature","geometry":{"type":"Point","coordinates":[-100.42,31.45]},"properties":{"id":"ncei-1964-10122866","year":1964,"month":6,"state":"TX","stateName":"Texas","scale":0,"scaleLabel":"F0","lengthMiles":0.5,"deaths":0,"injuries":0}},{"type":"Feature","geometry":{"type":"Point","coordinates":[-103.05,34.38]},"properties":{"id":"ncei-1964-10122873","year":1964,"month":6,"state":"TX","stateName":"Texas","scale":2,"scaleLabel":"F2","lengthMiles":18.3,"deaths":0,"injuries":0}},{"type":"Feature","geometry":{"type":"Point","coordinates":[-101.97,34.42]},"properties":{"id":"ncei-1964-10122874","year":1964,"month":6,"state":"TX","stateName":"Texas","scale":2,"scaleLabel":"F2","lengthMiles":1,"deaths":0,"injuries":4}},{"type":"Feature","geometry":{"type":"Point","coordinates":[-102.18,34.9]},"properties":{"id":"ncei-1964-10122878","year":1964,"month":6,"state":"TX","stateName":"Texas","scale":0,"scaleLabel":"F0","lengthMiles":0.5,"deaths":0,"injuries":0}},{"type":"Feature","geometry":{"type":"Point","coordinates":[-103.03,34.38]},"properties":{"id":"ncei-1964-10122879","year":1964,"month":6,"state":"TX","stateName":"Texas","scale":2,"scaleLabel":"F2","lengthMiles":2,"deaths":0,"injuries":0}},{"type":"Feature","geometry":{"type":"Point","coordinates":[-103.03,34.38]},"properties":{"id":"ncei-1964-10122880","year":1964,"month":6,"state":"TX","stateName":"Texas","scale":2,"scaleLabel":"F2","lengthMiles":8.8,"deaths":0,"injuries":0}},{"type":"Feature","geometry":{"type":"Point","coordinates":[-102.6,34.37]},"properties":{"id":"ncei-1964-10122883","year":1964,"month":6,"state":"TX","stateName":"Texas","scale":1,"scaleLabel":"F1","lengthMiles":1.5,"deaths":0,"injuries":0}},{"type":"Feature","geometry":{"type":"Point","coordinates":[-96.1,29.3]},"properties":{"id":"ncei-1964-10122886","year":1964,"month":6,"state":"TX","stateName":"Texas","scale":2,"scaleLabel":"F2","lengthMiles":1.5,"deaths":0,"injuries":0}},{"type":"Feature","geometry":{"type":"Point","coordinates":[-102.1,33]},"properties":{"id":"ncei-1964-10122889","year":1964,"month":6,"state":"TX","stateName":"Texas","scale":1,"scaleLabel":"F1","lengthMiles":0.2,"deaths":0,"injuries":0}},{"type":"Feature","geometry":{"type":"Point","coordinates":[-101.67,32.25]},"properties":{"id":"ncei-1964-10122892","year":1964,"month":6,"state":"TX","stateName":"Texas","scale":2,"scaleLabel":"F2","lengthMiles":0.8,"deaths":0,"injuries":0}},{"type":"Feature","geometry":{"type":"Point","coordinates":[-100.43,35.83]},"properties":{"id":"ncei-1964-10122897","year":1964,"month":6,"state":"TX","stateName":"Texas","scale":0,"scaleLabel":"F0","lengthMiles":1,"deaths":0,"injuries":0}},{"type":"Feature","geometry":{"type":"Point","coordinates":[-98.1,28.33]},"properties":{"id":"ncei-1964-10122899","year":1964,"month":7,"state":"TX","stateName":"Texas","scale":-1,"scaleLabel":"Unknown","lengthMiles":6.5,"deaths":0,"injuries":0}},{"type":"Feature","geometry":{"type":"Point","coordinates":[-103.62,31.42]},"properties":{"id":"ncei-1964-10122904","year":1964,"month":7,"state":"TX","stateName":"Texas","scale":-1,"scaleLabel":"Unknown","lengthMiles":0,"deaths":0,"injuries":0}},{"type":"Feature","geometry":{"type":"Point","coordinates":[-89.7,35.3]},"properties":{"id":"ncei-1964-10127476","year":1964,"month":3,"state":"TN","stateName":"Tennessee","scale":2,"scaleLabel":"F2","lengthMiles":7.6,"deaths":0,"injuries":3}},{"type":"Feature","geometry":{"type":"Point","coordinates":[-89.67,35.47]},"properties":{"id":"ncei-1964-10127477","year":1964,"month":3,"state":"TN","stateName":"Tennessee","scale":2,"scaleLabel":"F2","lengthMiles":6.8,"deaths":0,"injuries":3}},{"type":"Feature","geometry":{"type":"Point","coordinates":[-88.27,35.05]},"properties":{"id":"ncei-1964-10127478","year":1964,"month":3,"state":"TN","stateName":"Tennessee","scale":3,"scaleLabel":"F3","lengthMiles":13.8,"deaths":0,"injuries":3}},{"type":"Feature","geometry":{"type":"Point","coordinates":[-88.13,35.22]},"properties":{"id":"ncei-1964-10127479","year":1964,"month":3,"state":"TN","stateName":"Tennessee","scale":3,"scaleLabel":"F3","lengthMiles":13.8,"deaths":0,"injuries":4}},{"type":"Feature","geometry":{"type":"Point","coordinates":[-89.9,35]},"properties":{"id":"ncei-1964-10127496","year":1964,"month":7,"state":"TN","stateName":"Tennessee","scale":1,"scaleLabel":"F1","lengthMiles":0.3,"deaths":0,"injuries":0}},{"type":"Feature","geometry":{"type":"Point","coordinates":[-85.4,35.37]},"properties":{"id":"ncei-1964-10127504","year":1964,"month":8,"state":"TN","stateName":"Tennessee","scale":2,"scaleLabel":"F2","lengthMiles":0.8,"deaths":0,"injuries":6}},{"type":"Feature","geometry":{"type":"Point","coordinates":[-86.77,36.07]},"properties":{"id":"ncei-1964-10127511","year":1964,"month":12,"state":"TN","stateName":"Tennessee","scale":1,"scaleLabel":"F1","lengthMiles":5.7,"deaths":0,"injuries":0}},{"type":"Feature","geometry":{"type":"Point","coordinates":[-88.45,43.77]},"properties":{"id":"ncei-1964-10145785","year":1964,"month":8,"state":"WI","stateName":"Wisconsin","scale":2,"scaleLabel":"F2","lengthMiles":1,"deaths":0,"injuries":0}},{"type":"Feature","geometry":{"type":"Point","coordinates":[-87.92,43.38]},"properties":{"id":"ncei-1964-10145787","year":1964,"month":8,"state":"WI","stateName":"Wisconsin","scale":4,"scaleLabel":"F4","lengthMiles":2.2,"deaths":0,"injuries":30}},{"type":"Feature","geometry":{"type":"Point","coordinates":[-87.93,42.87]},"properties":{"id":"ncei-1964-10145788","year":1964,"month":8,"state":"WI","stateName":"Wisconsin","scale":1,"scaleLabel":"F1","lengthMiles":2,"deaths":0,"injuries":0}},{"type":"Feature","geometry":{"type":"Point","coordinates":[-92.1,45.6]},"properties":{"id":"ncei-1964-10145789","year":1964,"month":8,"state":"WI","stateName":"Wisconsin","scale":1,"scaleLabel":"F1","lengthMiles":5.9,"deaths":0,"injuries":0}},{"type":"Feature","geometry":{"type":"Point","coordinates":[-90.63,43.2]},"properties":{"id":"ncei-1964-10145792","year":1964,"month":9,"state":"WI","stateName":"Wisconsin","scale":3,"scaleLabel":"F3","lengthMiles":17.1,"deaths":0,"injuries":4}},{"type":"Feature","geometry":{"type":"Point","coordinates":[-88.47,43.38]},"properties":{"id":"ncei-1964-10145793","year":1964,"month":9,"state":"WI","stateName":"Wisconsin","scale":1,"scaleLabel":"F1","lengthMiles":3.3,"deaths":0,"injuries":0}},{"type":"Feature","geometry":{"type":"Point","coordinates":[-88.03,43.12]},"properties":{"id":"ncei-1964-10145794","year":1964,"month":9,"state":"WI","stateName":"Wisconsin","scale":2,"scaleLabel":"F2","lengthMiles":0.1,"deaths":0,"injuries":0}},{"type":"Feature","geometry":{"type":"Point","coordinates":[-90.95,44.12]},"properties":{"id":"ncei-1964-10147742","year":1964,"month":5,"state":"WI","stateName":"Wisconsin","scale":2,"scaleLabel":"F2","lengthMiles":9.7,"deaths":0,"injuries":2}},{"type":"Feature","geometry":{"type":"Point","coordinates":[-89.52,45.92]},"properties":{"id":"ncei-1964-10147744","year":1964,"month":5,"state":"WI","stateName":"Wisconsin","scale":1,"scaleLabel":"F1","lengthMiles":2.2,"deaths":0,"injuries":0}},{"type":"Feature","geometry":{"type":"Point","coordinates":[-91.07,43.25]},"properties":{"id":"ncei-1964-10147745","year":1964,"month":5,"state":"WI","stateName":"Wisconsin","scale":2,"scaleLabel":"F2","lengthMiles":12.6,"deaths":0,"injuries":2}},{"type":"Feature","geometry":{"type":"Point","coordinates":[-90.28,43.85]},"properties":{"id":"ncei-1964-10147749","year":1964,"month":5,"state":"WI","stateName":"Wisconsin","scale":2,"scaleLabel":"F2","lengthMiles":7.7,"deaths":0,"injuries":0}},{"type":"Feature","geometry":{"type":"Point","coordinates":[-90.15,44.03]},"properties":{"id":"ncei-1964-10147750","year":1964,"month":5,"state":"WI","stateName":"Wisconsin","scale":1,"scaleLabel":"F1","lengthMiles":1,"deaths":0,"injuries":0}},{"type":"Feature","geometry":{"type":"Point","coordinates":[-92.13,45.57]},"properties":{"id":"ncei-1964-10147752","year":1964,"month":5,"state":"WI","stateName":"Wisconsin","scale":1,"scaleLabel":"F1","lengthMiles":0.3,"deaths":0,"injuries":0}},{"type":"Feature","geometry":{"type":"Point","coordinates":[-90.22,44.23]},"properties":{"id":"ncei-1964-10147968","year":1964,"month":5,"state":"WI","stateName":"Wisconsin","scale":2,"scaleLabel":"F2","lengthMiles":3.3,"deaths":0,"injuries":1}},{"type":"Feature","geometry":{"type":"Point","coordinates":[-89.83,44.4]},"properties":{"id":"ncei-1964-10147973","year":1964,"month":5,"state":"WI","stateName":"Wisconsin","scale":2,"scaleLabel":"F2","lengthMiles":0.5,"deaths":0,"injuries":14}},{"type":"Feature","geometry":{"type":"Point","coordinates":[-89.58,44.7]},"properties":{"id":"ncei-1964-10147976","year":1964,"month":5,"state":"WI","stateName":"Wisconsin","scale":2,"scaleLabel":"F2","lengthMiles":12.3,"deaths":0,"injuries":0}},{"type":"Feature","geometry":{"type":"Point","coordinates":[-88.85,44.58]},"properties":{"id":"ncei-1964-10147977","year":1964,"month":5,"state":"WI","stateName":"Wisconsin","scale":2,"scaleLabel":"F2","lengthMiles":3.3,"deaths":0,"injuries":1}},{"type":"Feature","geometry":{"type":"Point","coordinates":[-89.97,43.75]},"properties":{"id":"ncei-1964-10147979","year":1964,"month":5,"state":"WI","stateName":"Wisconsin","scale":2,"scaleLabel":"F2","lengthMiles":23.5,"deaths":0,"injuries":0}},{"type":"Feature","geometry":{"type":"Point","coordinates":[-90.72,43.43]},"properties":{"id":"ncei-1964-10147980","year":1964,"month":5,"state":"WI","stateName":"Wisconsin","scale":2,"scaleLabel":"F2","lengthMiles":4.5,"deaths":0,"injuries":0}},{"type":"Feature","geometry":{"type":"Point","coordinates":[-90.67,43.5]},"properties":{"id":"ncei-1964-10147981","year":1964,"month":5,"state":"WI","stateName":"Wisconsin","scale":2,"scaleLabel":"F2","lengthMiles":9.3,"deaths":0,"injuries":2}},{"type":"Feature","geometry":{"type":"Point","coordinates":[-90.48,43.55]},"properties":{"id":"ncei-1964-10147982","year":1964,"month":5,"state":"WI","stateName":"Wisconsin","scale":2,"scaleLabel":"F2","lengthMiles":6.5,"deaths":0,"injuries":0}},{"type":"Feature","geometry":{"type":"Point","coordinates":[-88.72,44.12]},"properties":{"id":"ncei-1964-10147984","year":1964,"month":5,"state":"WI","stateName":"Wisconsin","scale":2,"scaleLabel":"F2","lengthMiles":16.6,"deaths":0,"injuries":5}},{"type":"Feature","geometry":{"type":"Point","coordinates":[-88.42,44.23]},"properties":{"id":"ncei-1964-10147985","year":1964,"month":5,"state":"WI","stateName":"Wisconsin","scale":2,"scaleLabel":"F2","lengthMiles":14,"deaths":0,"injuries":0}},{"type":"Feature","geometry":{"type":"Point","coordinates":[-91.68,44.47]},"properties":{"id":"ncei-1964-10147988","year":1964,"month":5,"state":"WI","stateName":"Wisconsin","scale":1,"scaleLabel":"F1","lengthMiles":0.5,"deaths":0,"injuries":0}},{"type":"Feature","geometry":{"type":"Point","coordinates":[-91.33,44.45]},"properties":{"id":"ncei-1964-10147989","year":1964,"month":5,"state":"WI","stateName":"Wisconsin","scale":2,"scaleLabel":"F2","lengthMiles":21.9,"deaths":0,"injuries":0}},{"type":"Feature","geometry":{"type":"Point","coordinates":[-87.92,44.47]},"properties":{"id":"ncei-1964-10147994","year":1964,"month":5,"state":"WI","stateName":"Wisconsin","scale":0,"scaleLabel":"F0","lengthMiles":1,"deaths":0,"injuries":0}},{"type":"Feature","geometry":{"type":"Point","coordinates":[-88.62,44.77]},"properties":{"id":"ncei-1964-10147997","year":1964,"month":6,"state":"WI","stateName":"Wisconsin","scale":1,"scaleLabel":"F1","lengthMiles":0,"deaths":0,"injuries":0}},{"type":"Feature","geometry":{"type":"Point","coordinates":[-88.05,45.1]},"properties":{"id":"ncei-1964-10147998","year":1964,"month":6,"state":"WI","stateName":"Wisconsin","scale":2,"scaleLabel":"F2","lengthMiles":3,"deaths":0,"injuries":0}},{"type":"Feature","geometry":{"type":"Point","coordinates":[-91.75,45.43]},"properties":{"id":"ncei-1964-10147999","year":1964,"month":6,"state":"WI","stateName":"Wisconsin","scale":2,"scaleLabel":"F2","lengthMiles":4.1,"deaths":0,"injuries":0}},{"type":"Feature","geometry":{"type":"Point","coordinates":[-91.65,45.42]},"properties":{"id":"ncei-1964-10148000","year":1964,"month":6,"state":"WI","stateName":"Wisconsin","scale":2,"scaleLabel":"F2","lengthMiles":0,"deaths":0,"injuries":2}},{"type":"Feature","geometry":{"type":"Point","coordinates":[-91.67,44.6]},"properties":{"id":"ncei-1964-10148005","year":1964,"month":6,"state":"WI","stateName":"Wisconsin","scale":1,"scaleLabel":"F1","lengthMiles":1,"deaths":0,"injuries":0}},{"type":"Feature","geometry":{"type":"Point","coordinates":[-90.43,45.22]},"properties":{"id":"ncei-1964-10148010","year":1964,"month":7,"state":"WI","stateName":"Wisconsin","scale":2,"scaleLabel":"F2","lengthMiles":3.3,"deaths":0,"injuries":2}},{"type":"Feature","geometry":{"type":"Point","coordinates":[-88.2,43.33]},"properties":{"id":"ncei-1964-10148011","year":1964,"month":7,"state":"WI","stateName":"Wisconsin","scale":1,"scaleLabel":"F1","lengthMiles":0.3,"deaths":0,"injuries":0}},{"type":"Feature","geometry":{"type":"Point","coordinates":[-79.65,39.65]},"properties":{"id":"ncei-1964-10148778","year":1964,"month":12,"state":"WV","stateName":"West Virginia","scale":0,"scaleLabel":"F0","lengthMiles":0,"deaths":0,"injuries":0}},{"type":"Feature","geometry":{"type":"Point","coordinates":[-92.78,45.08]},"properties":{"id":"ncei-1964-10148875","year":1964,"month":7,"state":"WI","stateName":"Wisconsin","scale":1,"scaleLabel":"F1","lengthMiles":0.5,"deaths":0,"injuries":0}},{"type":"Feature","geometry":{"type":"Point","coordinates":[-88.87,43.33]},"properties":{"id":"ncei-1964-10148878","year":1964,"month":8,"state":"WI","stateName":"Wisconsin","scale":1,"scaleLabel":"F1","lengthMiles":1,"deaths":0,"injuries":0}},{"type":"Feature","geometry":{"type":"Point","coordinates":[-88.4,43.8]},"properties":{"id":"ncei-1964-10148879","year":1964,"month":8,"state":"WI","stateName":"Wisconsin","scale":2,"scaleLabel":"F2","lengthMiles":2,"deaths":0,"injuries":2}},{"type":"Feature","geometry":{"type":"Point","coordinates":[-89.6,44.3]},"properties":{"id":"ncei-1964-10148880","year":1964,"month":8,"state":"WI","stateName":"Wisconsin","scale":2,"scaleLabel":"F2","lengthMiles":6.4,"deaths":0,"injuries":0}},{"type":"Feature","geometry":{"type":"Point","coordinates":[-118.6,45.9]},"properties":{"id":"ncei-1964-10149563","year":1964,"month":5,"state":"WA","stateName":"Washington","scale":0,"scaleLabel":"F0","lengthMiles":10.7,"deaths":0,"injuries":0}},{"type":"Feature","geometry":{"type":"Point","coordinates":[-117.4,47.5]},"properties":{"id":"ncei-1964-10149564","year":1964,"month":5,"state":"WA","stateName":"Washington","scale":0,"scaleLabel":"F0","lengthMiles":1,"deaths":0,"injuries":0}},{"type":"Feature","geometry":{"type":"Point","coordinates":[-122.1,47.5]},"properties":{"id":"ncei-1964-10149565","year":1964,"month":8,"state":"WA","stateName":"Washington","scale":0,"scaleLabel":"F0","lengthMiles":5.2,"deaths":0,"injuries":0}},{"type":"Feature","geometry":{"type":"Point","coordinates":[-111.83,39.15]},"properties":{"id":"ncei-1964-10150584","year":1964,"month":8,"state":"UT","stateName":"Utah","scale":1,"scaleLabel":"F1","lengthMiles":0,"deaths":0,"injuries":0}},{"type":"Feature","geometry":{"type":"Point","coordinates":[-79.47,36.98]},"properties":{"id":"ncei-1964-10152878","year":1964,"month":7,"state":"VA","stateName":"Virginia","scale":2,"scaleLabel":"F2","lengthMiles":4.9,"deaths":0,"injuries":0}},{"type":"Feature","geometry":{"type":"Point","coordinates":[-79.88,36.7]},"properties":{"id":"ncei-1964-10152879","year":1964,"month":7,"state":"VA","stateName":"Virginia","scale":2,"scaleLabel":"F2","lengthMiles":2,"deaths":0,"injuries":3}},{"type":"Feature","geometry":{"type":"Point","coordinates":[-108.7,43.2]},"properties":{"id":"ncei-1964-10160604","year":1964,"month":4,"state":"WY","stateName":"Wyoming","scale":1,"scaleLabel":"F1","lengthMiles":0.5,"deaths":0,"injuries":0}},{"type":"Feature","geometry":{"type":"Point","coordinates":[-104.08,41.65]},"properties":{"id":"ncei-1964-10160605","year":1964,"month":5,"state":"WY","stateName":"Wyoming","scale":-1,"scaleLabel":"Unknown","lengthMiles":0,"deaths":0,"injuries":0}},{"type":"Feature","geometry":{"type":"Point","coordinates":[-107.2,42]},"properties":{"id":"ncei-1964-10160607","year":1964,"month":5,"state":"WY","stateName":"Wyoming","scale":1,"scaleLabel":"F1","lengthMiles":0.5,"deaths":0,"injuries":0}},{"type":"Feature","geometry":{"type":"Point","coordinates":[-107.2,44.17]},"properties":{"id":"ncei-1964-10160609","year":1964,"month":6,"state":"WY","stateName":"Wyoming","scale":-1,"scaleLabel":"Unknown","lengthMiles":2,"deaths":0,"injuries":0}},{"type":"Feature","geometry":{"type":"Point","coordinates":[-104.7,42.25]},"properties":{"id":"ncei-1964-10160612","year":1964,"month":6,"state":"WY","stateName":"Wyoming","scale":1,"scaleLabel":"F1","lengthMiles":0,"deaths":0,"injuries":0}},{"type":"Feature","geometry":{"type":"Point","coordinates":[-108.75,44.75]},"properties":{"id":"ncei-1964-10160613","year":1964,"month":6,"state":"WY","stateName":"Wyoming","scale":2,"scaleLabel":"F2","lengthMiles":1,"deaths":0,"injuries":0}},{"type":"Feature","geometry":{"type":"Point","coordinates":[-104.6,43.8]},"properties":{"id":"ncei-1964-10160615","year":1964,"month":7,"state":"WY","stateName":"Wyoming","scale":2,"scaleLabel":"F2","lengthMiles":0.1,"deaths":0,"injuries":0}},{"type":"Feature","geometry":{"type":"Point","coordinates":[-86.43,33.32]},"properties":{"id":"ncei-1964-9978062","year":1964,"month":1,"state":"AL","stateName":"Alabama","scale":4,"scaleLabel":"F4","lengthMiles":3.3,"deaths":10,"injuries":6}},{"type":"Feature","geometry":{"type":"Point","coordinates":[-86.02,34.25]},"properties":{"id":"ncei-1964-9978063","year":1964,"month":1,"state":"AL","stateName":"Alabama","scale":2,"scaleLabel":"F2","lengthMiles":0,"deaths":0,"injuries":0}},{"type":"Feature","geometry":{"type":"Point","coordinates":[-87.67,34.5]},"properties":{"id":"ncei-1964-9978065","year":1964,"month":3,"state":"AL","stateName":"Alabama","scale":3,"scaleLabel":"F3","lengthMiles":10.4,"deaths":0,"injuries":1}},{"type":"Feature","geometry":{"type":"Point","coordinates":[-87.38,34.85]},"properties":{"id":"ncei-1964-9978066","year":1964,"month":3,"state":"AL","stateName":"Alabama","scale":3,"scaleLabel":"F3","lengthMiles":5.2,"deaths":2,"injuries":2}},{"type":"Feature","geometry":{"type":"Point","coordinates":[-87.27,34.17]},"properties":{"id":"ncei-1964-9978070","year":1964,"month":3,"state":"AL","stateName":"Alabama","scale":3,"scaleLabel":"F3","lengthMiles":5.4,"deaths":0,"injuries":7}},{"type":"Feature","geometry":{"type":"Point","coordinates":[-88.1,32.22]},"properties":{"id":"ncei-1964-9978071","year":1964,"month":4,"state":"AL","stateName":"Alabama","scale":1,"scaleLabel":"F1","lengthMiles":0,"deaths":0,"injuries":0}},{"type":"Feature","geometry":{"type":"Point","coordinates":[-86.75,34.25]},"properties":{"id":"ncei-1964-9978072","year":1964,"month":4,"state":"AL","stateName":"Alabama","scale":2,"scaleLabel":"F2","lengthMiles":5.1,"deaths":0,"injuries":0}},{"type":"Feature","geometry":{"type":"Point","coordinates":[-86.08,34.32]},"properties":{"id":"ncei-1964-9978073","year":1964,"month":4,"state":"AL","stateName":"Alabama","scale":2,"scaleLabel":"F2","lengthMiles":3.3,"deaths":0,"injuries":1}},{"type":"Feature","geometry":{"type":"Point","coordinates":[-86.03,34.27]},"properties":{"id":"ncei-1964-9978074","year":1964,"month":4,"state":"AL","stateName":"Alabama","scale":1,"scaleLabel":"F1","lengthMiles":0,"deaths":0,"injuries":0}},{"type":"Feature","geometry":{"type":"Point","coordinates":[-86.48,34.32]},"properties":{"id":"ncei-1964-9978075","year":1964,"month":4,"state":"AL","stateName":"Alabama","scale":1,"scaleLabel":"F1","lengthMiles":0,"deaths":0,"injuries":0}},{"type":"Feature","geometry":{"type":"Point","coordinates":[-86.6,34.35]},"properties":{"id":"ncei-1964-9978076","year":1964,"month":4,"state":"AL","stateName":"Alabama","scale":1,"scaleLabel":"F1","lengthMiles":5.4,"deaths":0,"injuries":0}},{"type":"Feature","geometry":{"type":"Point","coordinates":[-86.2,33.8]},"properties":{"id":"ncei-1964-9978086","year":1964,"month":4,"state":"AL","stateName":"Alabama","scale":1,"scaleLabel":"F1","lengthMiles":0,"deaths":0,"injuries":0}},{"type":"Feature","geometry":{"type":"Point","coordinates":[-85.92,33.77]},"properties":{"id":"ncei-1964-9978088","year":1964,"month":4,"state":"AL","stateName":"Alabama","scale":2,"scaleLabel":"F2","lengthMiles":4.3,"deaths":0,"injuries":0}},{"type":"Feature","geometry":{"type":"Point","coordinates":[-86.12,33.6]},"properties":{"id":"ncei-1964-9978089","year":1964,"month":4,"state":"AL","stateName":"Alabama","scale":3,"scaleLabel":"F3","lengthMiles":0,"deaths":0,"injuries":1}},{"type":"Feature","geometry":{"type":"Point","coordinates":[-85.42,33.73]},"properties":{"id":"ncei-1964-9978092","year":1964,"month":4,"state":"AL","stateName":"Alabama","scale":3,"scaleLabel":"F3","lengthMiles":5.1,"deaths":0,"injuries":8}},{"type":"Feature","geometry":{"type":"Point","coordinates":[-85.97,32.83]},"properties":{"id":"ncei-1964-9978093","year":1964,"month":4,"state":"AL","stateName":"Alabama","scale":1,"scaleLabel":"F1","lengthMiles":13,"deaths":0,"injuries":0}},{"type":"Feature","geometry":{"type":"Point","coordinates":[-86.48,32.05]},"properties":{"id":"ncei-1964-9978094","year":1964,"month":4,"state":"AL","stateName":"Alabama","scale":2,"scaleLabel":"F2","lengthMiles":6.8,"deaths":0,"injuries":0}},{"type":"Feature","geometry":{"type":"Point","coordinates":[-86.12,33.6]},"properties":{"id":"ncei-1964-9978102","year":1964,"month":7,"state":"AL","stateName":"Alabama","scale":2,"scaleLabel":"F2","lengthMiles":0,"deaths":0,"injuries":0}},{"type":"Feature","geometry":{"type":"Point","coordinates":[-86.83,31.5]},"properties":{"id":"ncei-1964-9978107","year":1964,"month":10,"state":"AL","stateName":"Alabama","scale":1,"scaleLabel":"F1","lengthMiles":0,"deaths":0,"injuries":0}},{"type":"Feature","geometry":{"type":"Point","coordinates":[-86.77,31.63]},"properties":{"id":"ncei-1964-9978108","year":1964,"month":10,"state":"AL","stateName":"Alabama","scale":1,"scaleLabel":"F1","lengthMiles":3.3,"deaths":0,"injuries":0}},{"type":"Feature","geometry":{"type":"Point","coordinates":[-85.2,31.8]},"properties":{"id":"ncei-1964-9978109","year":1964,"month":10,"state":"AL","stateName":"Alabama","scale":2,"scaleLabel":"F2","lengthMiles":0,"deaths":0,"injuries":2}},{"type":"Feature","geometry":{"type":"Point","coordinates":[-86.88,31.8]},"properties":{"id":"ncei-1964-9978113","year":1964,"month":12,"state":"AL","stateName":"Alabama","scale":2,"scaleLabel":"F2","lengthMiles":4.9,"deaths":0,"injuries":0}},{"type":"Feature","geometry":{"type":"Point","coordinates":[-87.8,30.5]},"properties":{"id":"ncei-1964-9978116","year":1964,"month":12,"state":"AL","stateName":"Alabama","scale":2,"scaleLabel":"F2","lengthMiles":2,"deaths":0,"injuries":3}},{"type":"Feature","geometry":{"type":"Point","coordinates":[-86.53,31.1]},"properties":{"id":"ncei-1964-9978117","year":1964,"month":12,"state":"AL","stateName":"Alabama","scale":0,"scaleLabel":"F0","lengthMiles":21,"deaths":0,"injuries":0}},{"type":"Feature","geometry":{"type":"Point","coordinates":[-86.6,31.7]},"properties":{"id":"ncei-1964-9978118","year":1964,"month":12,"state":"AL","stateName":"Alabama","scale":1,"scaleLabel":"F1","lengthMiles":0,"deaths":0,"injuries":0}},{"type":"Feature","geometry":{"type":"Point","coordinates":[-85.18,32.45]},"properties":{"id":"ncei-1964-9978119","year":1964,"month":12,"state":"AL","stateName":"Alabama","scale":2,"scaleLabel":"F2","lengthMiles":0,"deaths":0,"injuries":0}},{"type":"Feature","geometry":{"type":"Point","coordinates":[-111.02,32.2]},"properties":{"id":"ncei-1964-9980571","year":1964,"month":8,"state":"AZ","stateName":"Arizona","scale":2,"scaleLabel":"F2","lengthMiles":0,"deaths":2,"injuries":9}},{"type":"Feature","geometry":{"type":"Point","coordinates":[-111.2,35]},"properties":{"id":"ncei-1964-9980575","year":1964,"month":9,"state":"AZ","stateName":"Arizona","scale":0,"scaleLabel":"F0","lengthMiles":0,"deaths":0,"injuries":0}},{"type":"Feature","geometry":{"type":"Point","coordinates":[-90.38,36.18]},"properties":{"id":"ncei-1964-9982567","year":1964,"month":1,"state":"AR","stateName":"Arkansas","scale":2,"scaleLabel":"F2","lengthMiles":5.1,"deaths":0,"injuries":2}},{"type":"Feature","geometry":{"type":"Point","coordinates":[-90.2,35.93]},"properties":{"id":"ncei-1964-9982568","year":1964,"month":1,"state":"AR","stateName":"Arkansas","scale":-1,"scaleLabel":"Unknown","lengthMiles":0,"deaths":0,"injuries":0}},{"type":"Feature","geometry":{"type":"Point","coordinates":[-90.32,36.23]},"properties":{"id":"ncei-1964-9982569","year":1964,"month":1,"state":"AR","stateName":"Arkansas","scale":2,"scaleLabel":"F2","lengthMiles":3,"deaths":0,"injuries":0}},{"type":"Feature","geometry":{"type":"Point","coordinates":[-92.6,36.27]},"properties":{"id":"ncei-1964-9982570","year":1964,"month":1,"state":"AR","stateName":"Arkansas","scale":0,"scaleLabel":"F0","lengthMiles":0,"deaths":0,"injuries":0}},{"type":"Feature","geometry":{"type":"Point","coordinates":[-93.4,33.35]},"properties":{"id":"ncei-1964-9982572","year":1964,"month":3,"state":"AR","stateName":"Arkansas","scale":3,"scaleLabel":"F3","lengthMiles":9.1,"deaths":1,"injuries":0}},{"type":"Feature","geometry":{"type":"Point","coordinates":[-93.53,34.67]},"properties":{"id":"ncei-1964-9982926","year":1964,"month":3,"state":"AR","stateName":"Arkansas","scale":1,"scaleLabel":"F1","lengthMiles":2.5,"deaths":0,"injuries":0}},{"type":"Feature","geometry":{"type":"Point","coordinates":[-92.87,34.98]},"properties":{"id":"ncei-1964-9983137","year":1964,"month":3,"state":"AR","stateName":"Arkansas","scale":1,"scaleLabel":"F1","lengthMiles":3.8,"deaths":0,"injuries":0}},{"type":"Feature","geometry":{"type":"Point","coordinates":[-93.93,35.55]},"properties":{"id":"ncei-1964-9983139","year":1964,"month":4,"state":"AR","stateName":"Arkansas","scale":1,"scaleLabel":"F1","lengthMiles":0,"deaths":0,"injuries":2}},{"type":"Feature","geometry":{"type":"Point","coordinates":[-91.83,35.92]},"properties":{"id":"ncei-1964-9983144","year":1964,"month":4,"state":"AR","stateName":"Arkansas","scale":0,"scaleLabel":"F0","lengthMiles":1.5,"deaths":0,"injuries":0}},{"type":"Feature","geometry":{"type":"Point","coordinates":[-90.02,35.57]},"properties":{"id":"ncei-1964-9983145","year":1964,"month":4,"state":"AR","stateName":"Arkansas","scale":1,"scaleLabel":"F1","lengthMiles":0,"deaths":0,"injuries":0}},{"type":"Feature","geometry":{"type":"Point","coordinates":[-94.27,35.43]},"properties":{"id":"ncei-1964-9983147","year":1964,"month":4,"state":"AR","stateName":"Arkansas","scale":1,"scaleLabel":"F1","lengthMiles":0,"deaths":0,"injuries":0}},{"type":"Feature","geometry":{"type":"Point","coordinates":[-93.08,34.1]},"properties":{"id":"ncei-1964-9983149","year":1964,"month":4,"state":"AR","stateName":"Arkansas","scale":1,"scaleLabel":"F1","lengthMiles":0.5,"deaths":0,"injuries":0}},{"type":"Feature","geometry":{"type":"Point","coordinates":[-93.08,34.1]},"properties":{"id":"ncei-1964-9983150","year":1964,"month":4,"state":"AR","stateName":"Arkansas","scale":1,"scaleLabel":"F1","lengthMiles":0.5,"deaths":0,"injuries":0}},{"type":"Feature","geometry":{"type":"Point","coordinates":[-91.05,35.45]},"properties":{"id":"ncei-1964-9983152","year":1964,"month":4,"state":"AR","stateName":"Arkansas","scale":1,"scaleLabel":"F1","lengthMiles":0,"deaths":0,"injuries":0}},{"type":"Feature","geometry":{"type":"Point","coordinates":[-94.05,34.28]},"properties":{"id":"ncei-1964-9983154","year":1964,"month":4,"state":"AR","stateName":"Arkansas","scale":-1,"scaleLabel":"Unknown","lengthMiles":0,"deaths":0,"injuries":0}},{"type":"Feature","geometry":{"type":"Point","coordinates":[-94.27,35.2]},"properties":{"id":"ncei-1964-9983155","year":1964,"month":5,"state":"AR","stateName":"Arkansas","scale":1,"scaleLabel":"F1","lengthMiles":0,"deaths":0,"injuries":0}},{"type":"Feature","geometry":{"type":"Point","coordinates":[-94.47,36.22]},"properties":{"id":"ncei-1964-9983159","year":1964,"month":6,"state":"AR","stateName":"Arkansas","scale":1,"scaleLabel":"F1","lengthMiles":0,"deaths":0,"injuries":0}},{"type":"Feature","geometry":{"type":"Point","coordinates":[-93.9,36.27]},"properties":{"id":"ncei-1964-9983160","year":1964,"month":6,"state":"AR","stateName":"Arkansas","scale":1,"scaleLabel":"F1","lengthMiles":0,"deaths":0,"injuries":0}},{"type":"Feature","geometry":{"type":"Point","coordinates":[-92.53,36.4]},"properties":{"id":"ncei-1964-9983161","year":1964,"month":6,"state":"AR","stateName":"Arkansas","scale":1,"scaleLabel":"F1","lengthMiles":14.6,"deaths":0,"injuries":3}},{"type":"Feature","geometry":{"type":"Point","coordinates":[-92.48,34.73]},"properties":{"id":"ncei-1964-9983166","year":1964,"month":7,"state":"AR","stateName":"Arkansas","scale":1,"scaleLabel":"F1","lengthMiles":1,"deaths":0,"injuries":0}},{"type":"Feature","geometry":{"type":"Point","coordinates":[-92.3,34.9]},"properties":{"id":"ncei-1964-9983167","year":1964,"month":7,"state":"AR","stateName":"Arkansas","scale":1,"scaleLabel":"F1","lengthMiles":0,"deaths":0,"injuries":0}},{"type":"Feature","geometry":{"type":"Point","coordinates":[-93.83,35.13]},"properties":{"id":"ncei-1964-9983173","year":1964,"month":7,"state":"AR","stateName":"Arkansas","scale":-1,"scaleLabel":"Unknown","lengthMiles":0,"deaths":0,"injuries":0}},{"type":"Feature","geometry":{"type":"Point","coordinates":[-93.95,35.3]},"properties":{"id":"ncei-1964-9983174","year":1964,"month":7,"state":"AR","stateName":"Arkansas","scale":1,"scaleLabel":"F1","lengthMiles":0.3,"deaths":0,"injuries":0}},{"type":"Feature","geometry":{"type":"Point","coordinates":[-94.33,35.23]},"properties":{"id":"ncei-1964-9983175","year":1964,"month":7,"state":"AR","stateName":"Arkansas","scale":1,"scaleLabel":"F1","lengthMiles":0,"deaths":0,"injuries":0}},{"type":"Feature","geometry":{"type":"Point","coordinates":[-91.55,34.52]},"properties":{"id":"ncei-1964-9983183","year":1964,"month":8,"state":"AR","stateName":"Arkansas","scale":2,"scaleLabel":"F2","lengthMiles":20.3,"deaths":0,"injuries":0}},{"type":"Feature","geometry":{"type":"Point","coordinates":[-91.55,34.52]},"properties":{"id":"ncei-1964-9983185","year":1964,"month":8,"state":"AR","stateName":"Arkansas","scale":2,"scaleLabel":"F2","lengthMiles":20.3,"deaths":0,"injuries":0}},{"type":"Feature","geometry":{"type":"Point","coordinates":[-94.12,33.72]},"properties":{"id":"ncei-1964-9983187","year":1964,"month":8,"state":"AR","stateName":"Arkansas","scale":1,"scaleLabel":"F1","lengthMiles":4.1,"deaths":0,"injuries":0}},{"type":"Feature","geometry":{"type":"Point","coordinates":[-90.85,34.3]},"properties":{"id":"ncei-1964-9983189","year":1964,"month":11,"state":"AR","stateName":"Arkansas","scale":2,"scaleLabel":"F2","lengthMiles":6.6,"deaths":0,"injuries":0}},{"type":"Feature","geometry":{"type":"Point","coordinates":[-90.97,35.23]},"properties":{"id":"ncei-1964-9983191","year":1964,"month":11,"state":"AR","stateName":"Arkansas","scale":1,"scaleLabel":"F1","lengthMiles":0,"deaths":0,"injuries":0}},{"type":"Feature","geometry":{"type":"Point","coordinates":[-75.4,39.05]},"properties":{"id":"ncei-1964-9986251","year":1964,"month":3,"state":"DE","stateName":"Delaware","scale":1,"scaleLabel":"F1","lengthMiles":0.3,"deaths":0,"injuries":0}},{"type":"Feature","geometry":{"type":"Point","coordinates":[-81.9,28.03]},"properties":{"id":"ncei-1964-9986443","year":1964,"month":1,"state":"FL","stateName":"Florida","scale":1,"scaleLabel":"F1","lengthMiles":4.7,"deaths":0,"injuries":0}},{"type":"Feature","geometry":{"type":"Point","coordinates":[-82.2,29.18]},"properties":{"id":"ncei-1964-9986444","year":1964,"month":1,"state":"FL","stateName":"Florida","scale":2,"scaleLabel":"F2","lengthMiles":0,"deaths":0,"injuries":0}},{"type":"Feature","geometry":{"type":"Point","coordinates":[-81.7,30.5]},"properties":{"id":"ncei-1964-9986445","year":1964,"month":1,"state":"FL","stateName":"Florida","scale":1,"scaleLabel":"F1","lengthMiles":0,"deaths":0,"injuries":0}},{"type":"Feature","geometry":{"type":"Point","coordinates":[-81,29.2]},"properties":{"id":"ncei-1964-9986446","year":1964,"month":1,"state":"FL","stateName":"Florida","scale":0,"scaleLabel":"F0","lengthMiles":1,"deaths":0,"injuries":0}},{"type":"Feature","geometry":{"type":"Point","coordinates":[-81.2,27.3]},"properties":{"id":"ncei-1964-9986450","year":1964,"month":2,"state":"FL","stateName":"Florida","scale":-1,"scaleLabel":"Unknown","lengthMiles":0,"deaths":0,"injuries":0}},{"type":"Feature","geometry":{"type":"Point","coordinates":[-81.35,24.68]},"properties":{"id":"ncei-1964-9986451","year":1964,"month":3,"state":"FL","stateName":"Florida","scale":1,"scaleLabel":"F1","lengthMiles":0,"deaths":0,"injuries":0}},{"type":"Feature","geometry":{"type":"Point","coordinates":[-82.77,27.75]},"properties":{"id":"ncei-1964-9986452","year":1964,"month":3,"state":"FL","stateName":"Florida","scale":1,"scaleLabel":"F1","lengthMiles":4.1,"deaths":0,"injuries":1}},{"type":"Feature","geometry":{"type":"Point","coordinates":[-84.38,30.03]},"properties":{"id":"ncei-1964-9986453","year":1964,"month":4,"state":"FL","stateName":"Florida","scale":2,"scaleLabel":"F2","lengthMiles":0.5,"deaths":0,"injuries":2}},{"type":"Feature","geometry":{"type":"Point","coordinates":[-87.33,30.72]},"properties":{"id":"ncei-1964-9986454","year":1964,"month":4,"state":"FL","stateName":"Florida","scale":2,"scaleLabel":"F2","lengthMiles":0,"deaths":0,"injuries":0}},{"type":"Feature","geometry":{"type":"Point","coordinates":[-81.62,28.73]},"properties":{"id":"ncei-1964-9986458","year":1964,"month":4,"state":"FL","stateName":"Florida","scale":2,"scaleLabel":"F2","lengthMiles":0.1,"deaths":0,"injuries":0}},{"type":"Feature","geometry":{"type":"Point","coordinates":[-81.65,30.43]},"properties":{"id":"ncei-1964-9986464","year":1964,"month":5,"state":"FL","stateName":"Florida","scale":1,"scaleLabel":"F1","lengthMiles":0,"deaths":0,"injuries":0}},{"type":"Feature","geometry":{"type":"Point","coordinates":[-83.57,30.12]},"properties":{"id":"ncei-1964-9986472","year":1964,"month":6,"state":"FL","stateName":"Florida","scale":1,"scaleLabel":"F1","lengthMiles":4.7,"deaths":0,"injuries":0}},{"type":"Feature","geometry":{"type":"Point","coordinates":[-81.7,30.4]},"properties":{"id":"ncei-1964-9986473","year":1964,"month":6,"state":"FL","stateName":"Florida","scale":2,"scaleLabel":"F2","lengthMiles":3.6,"deaths":0,"injuries":0}},{"type":"Feature","geometry":{"type":"Point","coordinates":[-81.55,28.1]},"properties":{"id":"ncei-1964-9986474","year":1964,"month":6,"state":"FL","stateName":"Florida","scale":2,"scaleLabel":"F2","lengthMiles":0,"deaths":0,"injuries":0}},{"type":"Feature","geometry":{"type":"Point","coordinates":[-82.47,28.15]},"properties":{"id":"ncei-1964-9986481","year":1964,"month":6,"state":"FL","stateName":"Florida","scale":0,"scaleLabel":"F0","lengthMiles":0,"deaths":0,"injuries":0}},{"type":"Feature","geometry":{"type":"Point","coordinates":[-81.97,26.62]},"properties":{"id":"ncei-1964-9988548","year":1964,"month":6,"state":"FL","stateName":"Florida","scale":2,"scaleLabel":"F2","lengthMiles":0,"deaths":0,"injuries":1}},{"type":"Feature","geometry":{"type":"Point","coordinates":[-82.3,28.3]},"properties":{"id":"ncei-1964-9988766","year":1964,"month":6,"state":"FL","stateName":"Florida","scale":1,"scaleLabel":"F1","lengthMiles":0,"deaths":0,"injuries":0}},{"type":"Feature","geometry":{"type":"Point","coordinates":[-82.6,27.5]},"properties":{"id":"ncei-1964-9988767","year":1964,"month":6,"state":"FL","stateName":"Florida","scale":1,"scaleLabel":"F1","lengthMiles":0,"deaths":0,"injuries":0}},{"type":"Feature","geometry":{"type":"Point","coordinates":[-82.12,28.03]},"properties":{"id":"ncei-1964-9988768","year":1964,"month":7,"state":"FL","stateName":"Florida","scale":2,"scaleLabel":"F2","lengthMiles":0,"deaths":0,"injuries":6}},{"type":"Feature","geometry":{"type":"Point","coordinates":[-80.75,25.9]},"properties":{"id":"ncei-1964-9988771","year":1964,"month":7,"state":"FL","stateName":"Florida","scale":-1,"scaleLabel":"Unknown","lengthMiles":0,"deaths":0,"injuries":0}},{"type":"Feature","geometry":{"type":"Point","coordinates":[-80.25,25.9]},"properties":{"id":"ncei-1964-9988774","year":1964,"month":8,"state":"FL","stateName":"Florida","scale":-1,"scaleLabel":"Unknown","lengthMiles":0,"deaths":0,"injuries":0}},{"type":"Feature","geometry":{"type":"Point","coordinates":[-82.3,29.7]},"properties":{"id":"ncei-1964-9988775","year":1964,"month":8,"state":"FL","stateName":"Florida","scale":-1,"scaleLabel":"Unknown","lengthMiles":0,"deaths":0,"injuries":0}},{"type":"Feature","geometry":{"type":"Point","coordinates":[-82.75,27.8]},"properties":{"id":"ncei-1964-9988776","year":1964,"month":8,"state":"FL","stateName":"Florida","scale":1,"scaleLabel":"F1","lengthMiles":0,"deaths":0,"injuries":2}},{"type":"Feature","geometry":{"type":"Point","coordinates":[-80.8,28.62]},"properties":{"id":"ncei-1964-9988777","year":1964,"month":8,"state":"FL","stateName":"Florida","scale":-1,"scaleLabel":"Unknown","lengthMiles":0,"deaths":0,"injuries":1}},{"type":"Feature","geometry":{"type":"Point","coordinates":[-80.93,29.03]},"properties":{"id":"ncei-1964-9988778","year":1964,"month":8,"state":"FL","stateName":"Florida","scale":-1,"scaleLabel":"Unknown","lengthMiles":0,"deaths":0,"injuries":0}},{"type":"Feature","geometry":{"type":"Point","coordinates":[-80.23,26.07]},"properties":{"id":"ncei-1964-9988779","year":1964,"month":8,"state":"FL","stateName":"Florida","scale":-1,"scaleLabel":"Unknown","lengthMiles":0,"deaths":0,"injuries":0}},{"type":"Feature","geometry":{"type":"Point","coordinates":[-80.25,25.75]},"properties":{"id":"ncei-1964-9988785","year":1964,"month":10,"state":"FL","stateName":"Florida","scale":1,"scaleLabel":"F1","lengthMiles":0,"deaths":0,"injuries":0}},{"type":"Feature","geometry":{"type":"Point","coordinates":[-81.5,25.9]},"properties":{"id":"ncei-1964-9988786","year":1964,"month":10,"state":"FL","stateName":"Florida","scale":-1,"scaleLabel":"Unknown","lengthMiles":0,"deaths":0,"injuries":0}},{"type":"Feature","geometry":{"type":"Point","coordinates":[-80.08,26.35]},"properties":{"id":"ncei-1964-9988787","year":1964,"month":10,"state":"FL","stateName":"Florida","scale":1,"scaleLabel":"F1","lengthMiles":0,"deaths":0,"injuries":3}},{"type":"Feature","geometry":{"type":"Point","coordinates":[-80.07,26.53]},"properties":{"id":"ncei-1964-9988788","year":1964,"month":10,"state":"FL","stateName":"Florida","scale":1,"scaleLabel":"F1","lengthMiles":0,"deaths":0,"injuries":3}},{"type":"Feature","geometry":{"type":"Point","coordinates":[-80.12,27.05]},"properties":{"id":"ncei-1964-9988789","year":1964,"month":10,"state":"FL","stateName":"Florida","scale":2,"scaleLabel":"F2","lengthMiles":0,"deaths":0,"injuries":0}},{"type":"Feature","geometry":{"type":"Point","coordinates":[-80.07,26.47]},"properties":{"id":"ncei-1964-9988790","year":1964,"month":10,"state":"FL","stateName":"Florida","scale":2,"scaleLabel":"F2","lengthMiles":0,"deaths":0,"injuries":22}},{"type":"Feature","geometry":{"type":"Point","coordinates":[-80.07,26.72]},"properties":{"id":"ncei-1964-9988791","year":1964,"month":10,"state":"FL","stateName":"Florida","scale":1,"scaleLabel":"F1","lengthMiles":0,"deaths":0,"injuries":3}},{"type":"Feature","geometry":{"type":"Point","coordinates":[-80.63,28.13]},"properties":{"id":"ncei-1964-9988792","year":1964,"month":10,"state":"FL","stateName":"Florida","scale":2,"scaleLabel":"F2","lengthMiles":0,"deaths":0,"injuries":17}},{"type":"Feature","geometry":{"type":"Point","coordinates":[-80.2,26.07]},"properties":{"id":"ncei-1964-9988793","year":1964,"month":10,"state":"FL","stateName":"Florida","scale":2,"scaleLabel":"F2","lengthMiles":0,"deaths":0,"injuries":0}},{"type":"Feature","geometry":{"type":"Point","coordinates":[-87.3,30.4]},"properties":{"id":"ncei-1964-9988794","year":1964,"month":11,"state":"FL","stateName":"Florida","scale":1,"scaleLabel":"F1","lengthMiles":0.3,"deaths":0,"injuries":0}},{"type":"Feature","geometry":{"type":"Point","coordinates":[-86.58,30.4]},"properties":{"id":"ncei-1964-9988795","year":1964,"month":12,"state":"FL","stateName":"Florida","scale":3,"scaleLabel":"F3","lengthMiles":12.8,"deaths":0,"injuries":4}},{"type":"Feature","geometry":{"type":"Point","coordinates":[-102.7,39.55]},"properties":{"id":"ncei-1964-9989127","year":1964,"month":6,"state":"CO","stateName":"Colorado","scale":0,"scaleLabel":"F0","lengthMiles":0,"deaths":0,"injuries":0}},{"type":"Feature","geometry":{"type":"Point","coordinates":[-104.25,39.72]},"properties":{"id":"ncei-1964-9989132","year":1964,"month":7,"state":"CO","stateName":"Colorado","scale":1,"scaleLabel":"F1","lengthMiles":0,"deaths":0,"injuries":0}},{"type":"Feature","geometry":{"type":"Point","coordinates":[-119.7,36.82]},"properties":{"id":"ncei-1964-9989518","year":1964,"month":1,"state":"CA","stateName":"California","scale":0,"scaleLabel":"F0","lengthMiles":0.2,"deaths":0,"injuries":0}},{"type":"Feature","geometry":{"type":"Point","coordinates":[-119.52,35.88]},"properties":{"id":"ncei-1964-9989521","year":1964,"month":11,"state":"CA","stateName":"California","scale":-1,"scaleLabel":"Unknown","lengthMiles":1,"deaths":0,"injuries":0}},{"type":"Feature","geometry":{"type":"Point","coordinates":[-118.42,33.93]},"properties":{"id":"ncei-1964-9989522","year":1964,"month":11,"state":"CA","stateName":"California","scale":1,"scaleLabel":"F1","lengthMiles":1,"deaths":0,"injuries":0}},{"type":"Feature","geometry":{"type":"Point","coordinates":[-122.8,38.53]},"properties":{"id":"ncei-1964-9989523","year":1964,"month":11,"state":"CA","stateName":"California","scale":-1,"scaleLabel":"Unknown","lengthMiles":1,"deaths":0,"injuries":0}},{"type":"Feature","geometry":{"type":"Point","coordinates":[-83.75,33.75]},"properties":{"id":"ncei-1964-9995773","year":1964,"month":4,"state":"GA","stateName":"Georgia","scale":0,"scaleLabel":"F0","lengthMiles":0.5,"deaths":0,"injuries":0}},{"type":"Feature","geometry":{"type":"Point","coordinates":[-82.92,31.37]},"properties":{"id":"ncei-1964-9995774","year":1964,"month":4,"state":"GA","stateName":"Georgia","scale":2,"scaleLabel":"F2","lengthMiles":5,"deaths":0,"injuries":0}},{"type":"Feature","geometry":{"type":"Point","coordinates":[-84.5,31.77]},"properties":{"id":"ncei-1964-9995776","year":1964,"month":4,"state":"GA","stateName":"Georgia","scale":0,"scaleLabel":"F0","lengthMiles":1.5,"deaths":0,"injuries":0}},{"type":"Feature","geometry":{"type":"Point","coordinates":[-83.92,31.25]},"properties":{"id":"ncei-1964-9995777","year":1964,"month":4,"state":"GA","stateName":"Georgia","scale":1,"scaleLabel":"F1","lengthMiles":1,"deaths":0,"injuries":0}},{"type":"Feature","geometry":{"type":"Point","coordinates":[-83.48,32.28]},"properties":{"id":"ncei-1964-9995778","year":1964,"month":4,"state":"GA","stateName":"Georgia","scale":1,"scaleLabel":"F1","lengthMiles":0.5,"deaths":0,"injuries":0}},{"type":"Feature","geometry":{"type":"Point","coordinates":[-85.33,33.73]},"properties":{"id":"ncei-1964-9995781","year":1964,"month":4,"state":"GA","stateName":"Georgia","scale":3,"scaleLabel":"F3","lengthMiles":10.6,"deaths":0,"injuries":2}},{"type":"Feature","geometry":{"type":"Point","coordinates":[-84.77,34.77]},"properties":{"id":"ncei-1964-9995792","year":1964,"month":7,"state":"GA","stateName":"Georgia","scale":1,"scaleLabel":"F1","lengthMiles":0.8,"deaths":0,"injuries":0}},{"type":"Feature","geometry":{"type":"Point","coordinates":[-84.92,33.5]},"properties":{"id":"ncei-1964-9995803","year":1964,"month":12,"state":"GA","stateName":"Georgia","scale":3,"scaleLabel":"F3","lengthMiles":33.6,"deaths":0,"injuries":0}},{"type":"Feature","geometry":{"type":"Point","coordinates":[-84.42,33.25]},"properties":{"id":"ncei-1964-9995804","year":1964,"month":12,"state":"GA","stateName":"Georgia","scale":3,"scaleLabel":"F3","lengthMiles":8.4,"deaths":0,"injuries":0}},{"type":"Feature","geometry":{"type":"Point","coordinates":[-84.33,33.35]},"properties":{"id":"ncei-1964-9995805","year":1964,"month":12,"state":"GA","stateName":"Georgia","scale":3,"scaleLabel":"F3","lengthMiles":6.2,"deaths":0,"injuries":0}},{"type":"Feature","geometry":{"type":"Point","coordinates":[-84.27,33.42]},"properties":{"id":"ncei-1964-9995806","year":1964,"month":12,"state":"GA","stateName":"Georgia","scale":3,"scaleLabel":"F3","lengthMiles":10.4,"deaths":0,"injuries":1}},{"type":"Feature","geometry":{"type":"Point","coordinates":[-84.12,33.5]},"properties":{"id":"ncei-1964-9995807","year":1964,"month":12,"state":"GA","stateName":"Georgia","scale":3,"scaleLabel":"F3","lengthMiles":4.1,"deaths":0,"injuries":0}},{"type":"Feature","geometry":{"type":"Point","coordinates":[-84.05,33.52]},"properties":{"id":"ncei-1964-9995808","year":1964,"month":12,"state":"GA","stateName":"Georgia","scale":3,"scaleLabel":"F3","lengthMiles":12.7,"deaths":0,"injuries":0}},{"type":"Feature","geometry":{"type":"Point","coordinates":[-83.73,31.52]},"properties":{"id":"ncei-1964-9995809","year":1964,"month":12,"state":"GA","stateName":"Georgia","scale":2,"scaleLabel":"F2","lengthMiles":5.4,"deaths":0,"injuries":3}},{"type":"Feature","geometry":{"type":"Point","coordinates":[-83.65,31.53]},"properties":{"id":"ncei-1964-9995810","year":1964,"month":12,"state":"GA","stateName":"Georgia","scale":2,"scaleLabel":"F2","lengthMiles":15.8,"deaths":0,"injuries":0}},{"type":"Feature","geometry":{"type":"Point","coordinates":[-83.8,31.63]},"properties":{"id":"ncei-1964-9995811","year":1964,"month":12,"state":"GA","stateName":"Georgia","scale":2,"scaleLabel":"F2","lengthMiles":2,"deaths":0,"injuries":0}},{"type":"Feature","geometry":{"type":"Point","coordinates":[-83.38,33.03]},"properties":{"id":"ncei-1964-9995812","year":1964,"month":12,"state":"GA","stateName":"Georgia","scale":3,"scaleLabel":"F3","lengthMiles":17.8,"deaths":0,"injuries":0}},{"type":"Feature","geometry":{"type":"Point","coordinates":[-84,32.72]},"properties":{"id":"ncei-1964-9995813","year":1964,"month":12,"state":"GA","stateName":"Georgia","scale":3,"scaleLabel":"F3","lengthMiles":23.1,"deaths":0,"injuries":0}},{"type":"Feature","geometry":{"type":"Point","coordinates":[-83.67,32.9]},"properties":{"id":"ncei-1964-9995815","year":1964,"month":12,"state":"GA","stateName":"Georgia","scale":3,"scaleLabel":"F3","lengthMiles":18.9,"deaths":2,"injuries":16}}]}
