{"type":"FeatureCollection","metadata":{"source":"NOAA/NCEI StormEvents details CSV","generatedAt":"2026-04-27T22:31:07.075Z","count":990,"year":1965},"features":[{"type":"Feature","geometry":{"type":"Point","coordinates":[-82.93,32.4]},"properties":{"id":"ncei-1965-10000422","year":1965,"month":6,"state":"GA","stateName":"Georgia","scale":0,"scaleLabel":"F0","lengthMiles":0.9,"deaths":0,"injuries":0}},{"type":"Feature","geometry":{"type":"Point","coordinates":[-86.45,39.82]},"properties":{"id":"ncei-1965-10003928","year":1965,"month":1,"state":"IN","stateName":"Indiana","scale":2,"scaleLabel":"F2","lengthMiles":0,"deaths":0,"injuries":0}},{"type":"Feature","geometry":{"type":"Point","coordinates":[-86.92,39.95]},"properties":{"id":"ncei-1965-10003929","year":1965,"month":1,"state":"IN","stateName":"Indiana","scale":1,"scaleLabel":"F1","lengthMiles":0,"deaths":0,"injuries":2}},{"type":"Feature","geometry":{"type":"Point","coordinates":[-86.27,39.37]},"properties":{"id":"ncei-1965-10003930","year":1965,"month":2,"state":"IN","stateName":"Indiana","scale":1,"scaleLabel":"F1","lengthMiles":0,"deaths":0,"injuries":0}},{"type":"Feature","geometry":{"type":"Point","coordinates":[-85.52,39.8]},"properties":{"id":"ncei-1965-10003935","year":1965,"month":4,"state":"IN","stateName":"Indiana","scale":2,"scaleLabel":"F2","lengthMiles":0,"deaths":0,"injuries":0}},{"type":"Feature","geometry":{"type":"Point","coordinates":[-85.13,39.45]},"properties":{"id":"ncei-1965-10004997","year":1965,"month":4,"state":"IN","stateName":"Indiana","scale":1,"scaleLabel":"F1","lengthMiles":0,"deaths":0,"injuries":1}},{"type":"Feature","geometry":{"type":"Point","coordinates":[-85.9,39.4]},"properties":{"id":"ncei-1965-10005001","year":1965,"month":4,"state":"IN","stateName":"Indiana","scale":1,"scaleLabel":"F1","lengthMiles":0,"deaths":0,"injuries":0}},{"type":"Feature","geometry":{"type":"Point","coordinates":[-86.58,41.35]},"properties":{"id":"ncei-1965-10005002","year":1965,"month":4,"state":"IN","stateName":"Indiana","scale":3,"scaleLabel":"F3","lengthMiles":6.4,"deaths":4,"injuries":27}},{"type":"Feature","geometry":{"type":"Point","coordinates":[-86.47,41.4]},"properties":{"id":"ncei-1965-10005003","year":1965,"month":4,"state":"IN","stateName":"Indiana","scale":3,"scaleLabel":"F3","lengthMiles":10.7,"deaths":3,"injuries":28}},{"type":"Feature","geometry":{"type":"Point","coordinates":[-86.28,41.48]},"properties":{"id":"ncei-1965-10005004","year":1965,"month":4,"state":"IN","stateName":"Indiana","scale":3,"scaleLabel":"F3","lengthMiles":12.9,"deaths":3,"injuries":27}},{"type":"Feature","geometry":{"type":"Point","coordinates":[-87.2,41.35]},"properties":{"id":"ncei-1965-10005005","year":1965,"month":4,"state":"IN","stateName":"Indiana","scale":3,"scaleLabel":"F3","lengthMiles":14.8,"deaths":0,"injuries":0}},{"type":"Feature","geometry":{"type":"Point","coordinates":[-86.07,41.52]},"properties":{"id":"ncei-1965-10005006","year":1965,"month":4,"state":"IN","stateName":"Indiana","scale":4,"scaleLabel":"F4","lengthMiles":21.2,"deaths":31,"injuries":252}},{"type":"Feature","geometry":{"type":"Point","coordinates":[-86.07,41.58]},"properties":{"id":"ncei-1965-10005007","year":1965,"month":4,"state":"IN","stateName":"Indiana","scale":3,"scaleLabel":"F3","lengthMiles":5.6,"deaths":0,"injuries":0}},{"type":"Feature","geometry":{"type":"Point","coordinates":[-86.92,41.4]},"properties":{"id":"ncei-1965-10005008","year":1965,"month":4,"state":"IN","stateName":"Indiana","scale":3,"scaleLabel":"F3","lengthMiles":18.3,"deaths":0,"injuries":0}},{"type":"Feature","geometry":{"type":"Point","coordinates":[-85.7,41.62]},"properties":{"id":"ncei-1965-10005009","year":1965,"month":4,"state":"IN","stateName":"Indiana","scale":4,"scaleLabel":"F4","lengthMiles":0,"deaths":0,"injuries":0}},{"type":"Feature","geometry":{"type":"Point","coordinates":[-85.67,41.63]},"properties":{"id":"ncei-1965-10005010","year":1965,"month":4,"state":"IN","stateName":"Indiana","scale":4,"scaleLabel":"F4","lengthMiles":21.6,"deaths":5,"injuries":41}},{"type":"Feature","geometry":{"type":"Point","coordinates":[-85.17,41.73]},"properties":{"id":"ncei-1965-10005011","year":1965,"month":4,"state":"IN","stateName":"Indiana","scale":4,"scaleLabel":"F4","lengthMiles":3.8,"deaths":0,"injuries":0}},{"type":"Feature","geometry":{"type":"Point","coordinates":[-86.83,40.33]},"properties":{"id":"ncei-1965-10005014","year":1965,"month":4,"state":"IN","stateName":"Indiana","scale":4,"scaleLabel":"F4","lengthMiles":6.9,"deaths":0,"injuries":10}},{"type":"Feature","geometry":{"type":"Point","coordinates":[-86.2,41.58]},"properties":{"id":"ncei-1965-10005015","year":1965,"month":4,"state":"IN","stateName":"Indiana","scale":4,"scaleLabel":"F4","lengthMiles":6.9,"deaths":0,"injuries":27}},{"type":"Feature","geometry":{"type":"Point","coordinates":[-86.7,40.37]},"properties":{"id":"ncei-1965-10005016","year":1965,"month":4,"state":"IN","stateName":"Indiana","scale":4,"scaleLabel":"F4","lengthMiles":15.9,"deaths":0,"injuries":34}},{"type":"Feature","geometry":{"type":"Point","coordinates":[-86.07,41.62]},"properties":{"id":"ncei-1965-10005017","year":1965,"month":4,"state":"IN","stateName":"Indiana","scale":4,"scaleLabel":"F4","lengthMiles":21.6,"deaths":31,"injuries":252}},{"type":"Feature","geometry":{"type":"Point","coordinates":[-86.38,40.4]},"properties":{"id":"ncei-1965-10005018","year":1965,"month":4,"state":"IN","stateName":"Indiana","scale":4,"scaleLabel":"F4","lengthMiles":3.8,"deaths":0,"injuries":0}},{"type":"Feature","geometry":{"type":"Point","coordinates":[-86.3,40.42]},"properties":{"id":"ncei-1965-10005019","year":1965,"month":4,"state":"IN","stateName":"Indiana","scale":4,"scaleLabel":"F4","lengthMiles":23.3,"deaths":17,"injuries":560}},{"type":"Feature","geometry":{"type":"Point","coordinates":[-85.67,41.72]},"properties":{"id":"ncei-1965-10005020","year":1965,"month":4,"state":"IN","stateName":"Indiana","scale":4,"scaleLabel":"F4","lengthMiles":8.5,"deaths":5,"injuries":42}},{"type":"Feature","geometry":{"type":"Point","coordinates":[-85.87,40.5]},"properties":{"id":"ncei-1965-10005021","year":1965,"month":4,"state":"IN","stateName":"Indiana","scale":4,"scaleLabel":"F4","lengthMiles":20.9,"deaths":8,"injuries":275}},{"type":"Feature","geometry":{"type":"Point","coordinates":[-86.87,40.02]},"properties":{"id":"ncei-1965-10005022","year":1965,"month":4,"state":"IN","stateName":"Indiana","scale":4,"scaleLabel":"F4","lengthMiles":8.9,"deaths":2,"injuries":13}},{"type":"Feature","geometry":{"type":"Point","coordinates":[-86.7,40.05]},"properties":{"id":"ncei-1965-10005023","year":1965,"month":4,"state":"IN","stateName":"Indiana","scale":4,"scaleLabel":"F4","lengthMiles":24.7,"deaths":20,"injuries":80}},{"type":"Feature","geometry":{"type":"Point","coordinates":[-85.38,40.55]},"properties":{"id":"ncei-1965-10005024","year":1965,"month":4,"state":"IN","stateName":"Indiana","scale":4,"scaleLabel":"F4","lengthMiles":1.9,"deaths":0,"injuries":22}},{"type":"Feature","geometry":{"type":"Point","coordinates":[-85.33,40.57]},"properties":{"id":"ncei-1965-10005025","year":1965,"month":4,"state":"IN","stateName":"Indiana","scale":4,"scaleLabel":"F4","lengthMiles":15.3,"deaths":1,"injuries":38}},{"type":"Feature","geometry":{"type":"Point","coordinates":[-86.25,40.15]},"properties":{"id":"ncei-1965-10005026","year":1965,"month":4,"state":"IN","stateName":"Indiana","scale":4,"scaleLabel":"F4","lengthMiles":12.1,"deaths":6,"injuries":30}},{"type":"Feature","geometry":{"type":"Point","coordinates":[-85.05,40.63]},"properties":{"id":"ncei-1965-10005027","year":1965,"month":4,"state":"IN","stateName":"Indiana","scale":4,"scaleLabel":"F4","lengthMiles":13.7,"deaths":1,"injuries":37}},{"type":"Feature","geometry":{"type":"Point","coordinates":[-85.85,40.55]},"properties":{"id":"ncei-1965-10005030","year":1965,"month":4,"state":"IN","stateName":"Indiana","scale":2,"scaleLabel":"F2","lengthMiles":18.2,"deaths":0,"injuries":0}},{"type":"Feature","geometry":{"type":"Point","coordinates":[-87.05,41.67]},"properties":{"id":"ncei-1965-10005032","year":1965,"month":4,"state":"IN","stateName":"Indiana","scale":-1,"scaleLabel":"Unknown","lengthMiles":0,"deaths":0,"injuries":0}},{"type":"Feature","geometry":{"type":"Point","coordinates":[-86.72,41.6]},"properties":{"id":"ncei-1965-10005033","year":1965,"month":4,"state":"IN","stateName":"Indiana","scale":1,"scaleLabel":"F1","lengthMiles":0,"deaths":0,"injuries":0}},{"type":"Feature","geometry":{"type":"Point","coordinates":[-86.27,39.37]},"properties":{"id":"ncei-1965-10005035","year":1965,"month":5,"state":"IN","stateName":"Indiana","scale":-1,"scaleLabel":"Unknown","lengthMiles":0,"deaths":0,"injuries":0}},{"type":"Feature","geometry":{"type":"Point","coordinates":[-85.37,39.92]},"properties":{"id":"ncei-1965-10005036","year":1965,"month":5,"state":"IN","stateName":"Indiana","scale":-1,"scaleLabel":"Unknown","lengthMiles":0,"deaths":0,"injuries":0}},{"type":"Feature","geometry":{"type":"Point","coordinates":[-86,41.53]},"properties":{"id":"ncei-1965-10005037","year":1965,"month":5,"state":"IN","stateName":"Indiana","scale":-1,"scaleLabel":"Unknown","lengthMiles":0,"deaths":0,"injuries":0}},{"type":"Feature","geometry":{"type":"Point","coordinates":[-84.92,40.63]},"properties":{"id":"ncei-1965-10005039","year":1965,"month":5,"state":"IN","stateName":"Indiana","scale":0,"scaleLabel":"F0","lengthMiles":0,"deaths":0,"injuries":0}},{"type":"Feature","geometry":{"type":"Point","coordinates":[-86.03,41.67]},"properties":{"id":"ncei-1965-10005041","year":1965,"month":6,"state":"IN","stateName":"Indiana","scale":-1,"scaleLabel":"Unknown","lengthMiles":0,"deaths":0,"injuries":0}},{"type":"Feature","geometry":{"type":"Point","coordinates":[-85.33,40.97]},"properties":{"id":"ncei-1965-10005042","year":1965,"month":6,"state":"IN","stateName":"Indiana","scale":1,"scaleLabel":"F1","lengthMiles":0,"deaths":0,"injuries":0}},{"type":"Feature","geometry":{"type":"Point","coordinates":[-86.03,40.28]},"properties":{"id":"ncei-1965-10005045","year":1965,"month":6,"state":"IN","stateName":"Indiana","scale":2,"scaleLabel":"F2","lengthMiles":0,"deaths":0,"injuries":0}},{"type":"Feature","geometry":{"type":"Point","coordinates":[-85.92,41.22]},"properties":{"id":"ncei-1965-10005048","year":1965,"month":6,"state":"IN","stateName":"Indiana","scale":1,"scaleLabel":"F1","lengthMiles":0,"deaths":0,"injuries":0}},{"type":"Feature","geometry":{"type":"Point","coordinates":[-85.42,41.15]},"properties":{"id":"ncei-1965-10005053","year":1965,"month":7,"state":"IN","stateName":"Indiana","scale":2,"scaleLabel":"F2","lengthMiles":2.7,"deaths":0,"injuries":0}},{"type":"Feature","geometry":{"type":"Point","coordinates":[-86.02,41.67]},"properties":{"id":"ncei-1965-10005057","year":1965,"month":8,"state":"IN","stateName":"Indiana","scale":-1,"scaleLabel":"Unknown","lengthMiles":0,"deaths":0,"injuries":0}},{"type":"Feature","geometry":{"type":"Point","coordinates":[-85.42,41.15]},"properties":{"id":"ncei-1965-10005059","year":1965,"month":8,"state":"IN","stateName":"Indiana","scale":-1,"scaleLabel":"Unknown","lengthMiles":2,"deaths":0,"injuries":0}},{"type":"Feature","geometry":{"type":"Point","coordinates":[-84.93,41.53]},"properties":{"id":"ncei-1965-10005061","year":1965,"month":8,"state":"IN","stateName":"Indiana","scale":1,"scaleLabel":"F1","lengthMiles":0,"deaths":0,"injuries":0}},{"type":"Feature","geometry":{"type":"Point","coordinates":[-86.47,40.05]},"properties":{"id":"ncei-1965-10005062","year":1965,"month":8,"state":"IN","stateName":"Indiana","scale":2,"scaleLabel":"F2","lengthMiles":0.8,"deaths":0,"injuries":0}},{"type":"Feature","geometry":{"type":"Point","coordinates":[-86.55,40.62]},"properties":{"id":"ncei-1965-10005909","year":1965,"month":9,"state":"IN","stateName":"Indiana","scale":2,"scaleLabel":"F2","lengthMiles":0,"deaths":0,"injuries":0}},{"type":"Feature","geometry":{"type":"Point","coordinates":[-86.58,41.38]},"properties":{"id":"ncei-1965-10006121","year":1965,"month":9,"state":"IN","stateName":"Indiana","scale":2,"scaleLabel":"F2","lengthMiles":0,"deaths":0,"injuries":0}},{"type":"Feature","geometry":{"type":"Point","coordinates":[-86.95,40.35]},"properties":{"id":"ncei-1965-10006122","year":1965,"month":9,"state":"IN","stateName":"Indiana","scale":2,"scaleLabel":"F2","lengthMiles":1.3,"deaths":0,"injuries":0}},{"type":"Feature","geometry":{"type":"Point","coordinates":[-85.92,41.22]},"properties":{"id":"ncei-1965-10006126","year":1965,"month":9,"state":"IN","stateName":"Indiana","scale":1,"scaleLabel":"F1","lengthMiles":0,"deaths":0,"injuries":0}},{"type":"Feature","geometry":{"type":"Point","coordinates":[-85.52,38.73]},"properties":{"id":"ncei-1965-10006128","year":1965,"month":10,"state":"IN","stateName":"Indiana","scale":2,"scaleLabel":"F2","lengthMiles":2,"deaths":0,"injuries":0}},{"type":"Feature","geometry":{"type":"Point","coordinates":[-87.48,41.55]},"properties":{"id":"ncei-1965-10006130","year":1965,"month":11,"state":"IN","stateName":"Indiana","scale":3,"scaleLabel":"F3","lengthMiles":4.1,"deaths":0,"injuries":14}},{"type":"Feature","geometry":{"type":"Point","coordinates":[-86.4,40.1]},"properties":{"id":"ncei-1965-10006133","year":1965,"month":11,"state":"IN","stateName":"Indiana","scale":2,"scaleLabel":"F2","lengthMiles":4.7,"deaths":0,"injuries":0}},{"type":"Feature","geometry":{"type":"Point","coordinates":[-86.33,39.98]},"properties":{"id":"ncei-1965-10006134","year":1965,"month":11,"state":"IN","stateName":"Indiana","scale":3,"scaleLabel":"F3","lengthMiles":5.1,"deaths":0,"injuries":0}},{"type":"Feature","geometry":{"type":"Point","coordinates":[-86.25,40.03]},"properties":{"id":"ncei-1965-10006135","year":1965,"month":11,"state":"IN","stateName":"Indiana","scale":3,"scaleLabel":"F3","lengthMiles":9.6,"deaths":0,"injuries":5}},{"type":"Feature","geometry":{"type":"Point","coordinates":[-86.5,41.7]},"properties":{"id":"ncei-1965-10006138","year":1965,"month":11,"state":"IN","stateName":"Indiana","scale":3,"scaleLabel":"F3","lengthMiles":1,"deaths":0,"injuries":0}},{"type":"Feature","geometry":{"type":"Point","coordinates":[-85.83,39.9]},"properties":{"id":"ncei-1965-10006139","year":1965,"month":11,"state":"IN","stateName":"Indiana","scale":3,"scaleLabel":"F3","lengthMiles":1,"deaths":0,"injuries":3}},{"type":"Feature","geometry":{"type":"Point","coordinates":[-85.38,40.1]},"properties":{"id":"ncei-1965-10006140","year":1965,"month":11,"state":"IN","stateName":"Indiana","scale":3,"scaleLabel":"F3","lengthMiles":0.5,"deaths":0,"injuries":0}},{"type":"Feature","geometry":{"type":"Point","coordinates":[-85.52,39.88]},"properties":{"id":"ncei-1965-10006141","year":1965,"month":11,"state":"IN","stateName":"Indiana","scale":3,"scaleLabel":"F3","lengthMiles":1.9,"deaths":0,"injuries":0}},{"type":"Feature","geometry":{"type":"Point","coordinates":[-88,41.9]},"properties":{"id":"ncei-1965-10007686","year":1965,"month":6,"state":"IL","stateName":"Illinois","scale":1,"scaleLabel":"F1","lengthMiles":0,"deaths":0,"injuries":0}},{"type":"Feature","geometry":{"type":"Point","coordinates":[-87.68,41.52]},"properties":{"id":"ncei-1965-10007710","year":1965,"month":8,"state":"IL","stateName":"Illinois","scale":1,"scaleLabel":"F1","lengthMiles":2,"deaths":0,"injuries":0}},{"type":"Feature","geometry":{"type":"Point","coordinates":[-87.97,40.6]},"properties":{"id":"ncei-1965-10007719","year":1965,"month":8,"state":"IL","stateName":"Illinois","scale":0,"scaleLabel":"F0","lengthMiles":0.4,"deaths":0,"injuries":0}},{"type":"Feature","geometry":{"type":"Point","coordinates":[-90.25,38.17]},"properties":{"id":"ncei-1965-10007724","year":1965,"month":9,"state":"IL","stateName":"Illinois","scale":1,"scaleLabel":"F1","lengthMiles":1.5,"deaths":0,"injuries":0}},{"type":"Feature","geometry":{"type":"Point","coordinates":[-89.72,40.75]},"properties":{"id":"ncei-1965-10007726","year":1965,"month":9,"state":"IL","stateName":"Illinois","scale":3,"scaleLabel":"F3","lengthMiles":6.6,"deaths":0,"injuries":30}},{"type":"Feature","geometry":{"type":"Point","coordinates":[-88.57,40.47]},"properties":{"id":"ncei-1965-10007727","year":1965,"month":9,"state":"IL","stateName":"Illinois","scale":2,"scaleLabel":"F2","lengthMiles":4.9,"deaths":0,"injuries":0}},{"type":"Feature","geometry":{"type":"Point","coordinates":[-88.47,40.47]},"properties":{"id":"ncei-1965-10007728","year":1965,"month":9,"state":"IL","stateName":"Illinois","scale":2,"scaleLabel":"F2","lengthMiles":6.6,"deaths":0,"injuries":2}},{"type":"Feature","geometry":{"type":"Point","coordinates":[-88,40.82]},"properties":{"id":"ncei-1965-10007729","year":1965,"month":9,"state":"IL","stateName":"Illinois","scale":2,"scaleLabel":"F2","lengthMiles":1,"deaths":0,"injuries":2}},{"type":"Feature","geometry":{"type":"Point","coordinates":[-89,41.05]},"properties":{"id":"ncei-1965-10007736","year":1965,"month":11,"state":"IL","stateName":"Illinois","scale":2,"scaleLabel":"F2","lengthMiles":32.1,"deaths":0,"injuries":0}},{"type":"Feature","geometry":{"type":"Point","coordinates":[-88.47,41.4]},"properties":{"id":"ncei-1965-10007738","year":1965,"month":11,"state":"IL","stateName":"Illinois","scale":2,"scaleLabel":"F2","lengthMiles":11.4,"deaths":0,"injuries":0}},{"type":"Feature","geometry":{"type":"Point","coordinates":[-88.1,41.8]},"properties":{"id":"ncei-1965-10007740","year":1965,"month":11,"state":"IL","stateName":"Illinois","scale":2,"scaleLabel":"F2","lengthMiles":1,"deaths":0,"injuries":0}},{"type":"Feature","geometry":{"type":"Point","coordinates":[-88.25,41.45]},"properties":{"id":"ncei-1965-10007741","year":1965,"month":11,"state":"IL","stateName":"Illinois","scale":2,"scaleLabel":"F2","lengthMiles":24.5,"deaths":2,"injuries":90}},{"type":"Feature","geometry":{"type":"Point","coordinates":[-87.8,41.57]},"properties":{"id":"ncei-1965-10007742","year":1965,"month":11,"state":"IL","stateName":"Illinois","scale":2,"scaleLabel":"F2","lengthMiles":0,"deaths":0,"injuries":0}},{"type":"Feature","geometry":{"type":"Point","coordinates":[-89.3,41.2]},"properties":{"id":"ncei-1965-10007743","year":1965,"month":11,"state":"IL","stateName":"Illinois","scale":2,"scaleLabel":"F2","lengthMiles":8.7,"deaths":0,"injuries":0}},{"type":"Feature","geometry":{"type":"Point","coordinates":[-87.7,40.1]},"properties":{"id":"ncei-1965-10007744","year":1965,"month":11,"state":"IL","stateName":"Illinois","scale":0,"scaleLabel":"F0","lengthMiles":0.2,"deaths":0,"injuries":0}},{"type":"Feature","geometry":{"type":"Point","coordinates":[-88.9,40.3]},"properties":{"id":"ncei-1965-10007745","year":1965,"month":11,"state":"IL","stateName":"Illinois","scale":2,"scaleLabel":"F2","lengthMiles":0.3,"deaths":0,"injuries":0}},{"type":"Feature","geometry":{"type":"Point","coordinates":[-88.1,40.45]},"properties":{"id":"ncei-1965-10007750","year":1965,"month":11,"state":"IL","stateName":"Illinois","scale":1,"scaleLabel":"F1","lengthMiles":0.3,"deaths":0,"injuries":0}},{"type":"Feature","geometry":{"type":"Point","coordinates":[-88.08,38.72]},"properties":{"id":"ncei-1965-10008606","year":1965,"month":11,"state":"IL","stateName":"Illinois","scale":2,"scaleLabel":"F2","lengthMiles":0.5,"deaths":0,"injuries":5}},{"type":"Feature","geometry":{"type":"Point","coordinates":[-157.77,21.43]},"properties":{"id":"ncei-1965-10010625","year":1965,"month":9,"state":"HI","stateName":"Hawaii","scale":-1,"scaleLabel":"Unknown","lengthMiles":0,"deaths":0,"injuries":0}},{"type":"Feature","geometry":{"type":"Point","coordinates":[-88.23,38.1]},"properties":{"id":"ncei-1965-10011045","year":1965,"month":2,"state":"IL","stateName":"Illinois","scale":2,"scaleLabel":"F2","lengthMiles":3.3,"deaths":0,"injuries":0}},{"type":"Feature","geometry":{"type":"Point","coordinates":[-88.38,42.22]},"properties":{"id":"ncei-1965-10011055","year":1965,"month":4,"state":"IL","stateName":"Illinois","scale":4,"scaleLabel":"F4","lengthMiles":9.1,"deaths":6,"injuries":75}},{"type":"Feature","geometry":{"type":"Point","coordinates":[-88.22,42.28]},"properties":{"id":"ncei-1965-10011056","year":1965,"month":4,"state":"IL","stateName":"Illinois","scale":4,"scaleLabel":"F4","lengthMiles":0,"deaths":0,"injuries":0}},{"type":"Feature","geometry":{"type":"Point","coordinates":[-88.02,42.38]},"properties":{"id":"ncei-1965-10011057","year":1965,"month":4,"state":"IL","stateName":"Illinois","scale":2,"scaleLabel":"F2","lengthMiles":4.5,"deaths":0,"injuries":0}},{"type":"Feature","geometry":{"type":"Point","coordinates":[-88.3,41.88]},"properties":{"id":"ncei-1965-10011058","year":1965,"month":4,"state":"IL","stateName":"Illinois","scale":1,"scaleLabel":"F1","lengthMiles":0.3,"deaths":0,"injuries":0}},{"type":"Feature","geometry":{"type":"Point","coordinates":[-87.83,42.43]},"properties":{"id":"ncei-1965-10011059","year":1965,"month":4,"state":"IL","stateName":"Illinois","scale":1,"scaleLabel":"F1","lengthMiles":0.5,"deaths":0,"injuries":0}},{"type":"Feature","geometry":{"type":"Point","coordinates":[-90.75,41.2]},"properties":{"id":"ncei-1965-10011063","year":1965,"month":4,"state":"IL","stateName":"Illinois","scale":1,"scaleLabel":"F1","lengthMiles":16.2,"deaths":0,"injuries":1}},{"type":"Feature","geometry":{"type":"Point","coordinates":[-90.33,41.35]},"properties":{"id":"ncei-1965-10011064","year":1965,"month":4,"state":"IL","stateName":"Illinois","scale":2,"scaleLabel":"F2","lengthMiles":0.2,"deaths":0,"injuries":0}},{"type":"Feature","geometry":{"type":"Point","coordinates":[-90.5,41.32]},"properties":{"id":"ncei-1965-10011065","year":1965,"month":4,"state":"IL","stateName":"Illinois","scale":1,"scaleLabel":"F1","lengthMiles":6.6,"deaths":0,"injuries":0}},{"type":"Feature","geometry":{"type":"Point","coordinates":[-90.43,41.18]},"properties":{"id":"ncei-1965-10011066","year":1965,"month":4,"state":"IL","stateName":"Illinois","scale":1,"scaleLabel":"F1","lengthMiles":9.2,"deaths":0,"injuries":0}},{"type":"Feature","geometry":{"type":"Point","coordinates":[-89.62,41.15]},"properties":{"id":"ncei-1965-10011067","year":1965,"month":4,"state":"IL","stateName":"Illinois","scale":3,"scaleLabel":"F3","lengthMiles":6.5,"deaths":0,"injuries":1}},{"type":"Feature","geometry":{"type":"Point","coordinates":[-88.37,40.9]},"properties":{"id":"ncei-1965-10011072","year":1965,"month":4,"state":"IL","stateName":"Illinois","scale":1,"scaleLabel":"F1","lengthMiles":0.3,"deaths":0,"injuries":0}},{"type":"Feature","geometry":{"type":"Point","coordinates":[-88.17,41.9]},"properties":{"id":"ncei-1965-10011082","year":1965,"month":5,"state":"IL","stateName":"Illinois","scale":2,"scaleLabel":"F2","lengthMiles":13.8,"deaths":0,"injuries":11}},{"type":"Feature","geometry":{"type":"Point","coordinates":[-87.92,41.98]},"properties":{"id":"ncei-1965-10011085","year":1965,"month":5,"state":"IL","stateName":"Illinois","scale":2,"scaleLabel":"F2","lengthMiles":0,"deaths":0,"injuries":0}},{"type":"Feature","geometry":{"type":"Point","coordinates":[-87.7,41.5]},"properties":{"id":"ncei-1965-10011086","year":1965,"month":5,"state":"IL","stateName":"Illinois","scale":2,"scaleLabel":"F2","lengthMiles":1,"deaths":0,"injuries":0}},{"type":"Feature","geometry":{"type":"Point","coordinates":[-90.3,38.4]},"properties":{"id":"ncei-1965-10011087","year":1965,"month":5,"state":"IL","stateName":"Illinois","scale":1,"scaleLabel":"F1","lengthMiles":0.5,"deaths":0,"injuries":0}},{"type":"Feature","geometry":{"type":"Point","coordinates":[-90.93,41.85]},"properties":{"id":"ncei-1965-10013619","year":1965,"month":4,"state":"IA","stateName":"Iowa","scale":4,"scaleLabel":"F4","lengthMiles":70.2,"deaths":1,"injuries":0}},{"type":"Feature","geometry":{"type":"Point","coordinates":[-90.58,42.87]},"properties":{"id":"ncei-1965-10013620","year":1965,"month":4,"state":"IA","stateName":"Iowa","scale":4,"scaleLabel":"F4","lengthMiles":21.3,"deaths":0,"injuries":3}},{"type":"Feature","geometry":{"type":"Point","coordinates":[-92.2,42.93]},"properties":{"id":"ncei-1965-10013621","year":1965,"month":4,"state":"IA","stateName":"Iowa","scale":1,"scaleLabel":"F1","lengthMiles":49.9,"deaths":0,"injuries":0}},{"type":"Feature","geometry":{"type":"Point","coordinates":[-92.42,41.53]},"properties":{"id":"ncei-1965-10013632","year":1965,"month":4,"state":"IA","stateName":"Iowa","scale":-1,"scaleLabel":"Unknown","lengthMiles":6.8,"deaths":0,"injuries":0}},{"type":"Feature","geometry":{"type":"Point","coordinates":[-92.33,41.45]},"properties":{"id":"ncei-1965-10013633","year":1965,"month":4,"state":"IA","stateName":"Iowa","scale":-1,"scaleLabel":"Unknown","lengthMiles":17.1,"deaths":0,"injuries":0}},{"type":"Feature","geometry":{"type":"Point","coordinates":[-92,41.42]},"properties":{"id":"ncei-1965-10013634","year":1965,"month":4,"state":"IA","stateName":"Iowa","scale":-1,"scaleLabel":"Unknown","lengthMiles":0,"deaths":0,"injuries":0}},{"type":"Feature","geometry":{"type":"Point","coordinates":[-91.97,41.43]},"properties":{"id":"ncei-1965-10013635","year":1965,"month":4,"state":"IA","stateName":"Iowa","scale":-1,"scaleLabel":"Unknown","lengthMiles":23.5,"deaths":0,"injuries":1}},{"type":"Feature","geometry":{"type":"Point","coordinates":[-92.47,41.72]},"properties":{"id":"ncei-1965-10013638","year":1965,"month":4,"state":"IA","stateName":"Iowa","scale":1,"scaleLabel":"F1","lengthMiles":0,"deaths":0,"injuries":0}},{"type":"Feature","geometry":{"type":"Point","coordinates":[-95.48,43.17]},"properties":{"id":"ncei-1965-10013639","year":1965,"month":5,"state":"IA","stateName":"Iowa","scale":2,"scaleLabel":"F2","lengthMiles":21.8,"deaths":0,"injuries":0}},{"type":"Feature","geometry":{"type":"Point","coordinates":[-94.47,42.3]},"properties":{"id":"ncei-1965-10013640","year":1965,"month":5,"state":"IA","stateName":"Iowa","scale":4,"scaleLabel":"F4","lengthMiles":9.9,"deaths":0,"injuries":0}},{"type":"Feature","geometry":{"type":"Point","coordinates":[-92.82,43.28]},"properties":{"id":"ncei-1965-10013643","year":1965,"month":5,"state":"IA","stateName":"Iowa","scale":4,"scaleLabel":"F4","lengthMiles":8.2,"deaths":0,"injuries":6}},{"type":"Feature","geometry":{"type":"Point","coordinates":[-92.72,43.38]},"properties":{"id":"ncei-1965-10013644","year":1965,"month":5,"state":"IA","stateName":"Iowa","scale":4,"scaleLabel":"F4","lengthMiles":7.9,"deaths":0,"injuries":0}},{"type":"Feature","geometry":{"type":"Point","coordinates":[-92.55,43.38]},"properties":{"id":"ncei-1965-10013645","year":1965,"month":5,"state":"IA","stateName":"Iowa","scale":4,"scaleLabel":"F4","lengthMiles":19.9,"deaths":0,"injuries":5}},{"type":"Feature","geometry":{"type":"Point","coordinates":[-92.15,43.38]},"properties":{"id":"ncei-1965-10013646","year":1965,"month":5,"state":"IA","stateName":"Iowa","scale":4,"scaleLabel":"F4","lengthMiles":3.3,"deaths":0,"injuries":0}},{"type":"Feature","geometry":{"type":"Point","coordinates":[-92.08,43.42]},"properties":{"id":"ncei-1965-10013647","year":1965,"month":5,"state":"IA","stateName":"Iowa","scale":4,"scaleLabel":"F4","lengthMiles":2.3,"deaths":0,"injuries":0}},{"type":"Feature","geometry":{"type":"Point","coordinates":[-91.9,42.67]},"properties":{"id":"ncei-1965-10013649","year":1965,"month":5,"state":"IA","stateName":"Iowa","scale":-1,"scaleLabel":"Unknown","lengthMiles":0,"deaths":0,"injuries":0}},{"type":"Feature","geometry":{"type":"Point","coordinates":[-91.95,41]},"properties":{"id":"ncei-1965-10013650","year":1965,"month":5,"state":"IA","stateName":"Iowa","scale":-1,"scaleLabel":"Unknown","lengthMiles":0,"deaths":0,"injuries":0}},{"type":"Feature","geometry":{"type":"Point","coordinates":[-95.97,42.8]},"properties":{"id":"ncei-1965-10013654","year":1965,"month":5,"state":"IA","stateName":"Iowa","scale":-1,"scaleLabel":"Unknown","lengthMiles":0,"deaths":0,"injuries":0}},{"type":"Feature","geometry":{"type":"Point","coordinates":[-94.62,42.38]},"properties":{"id":"ncei-1965-10013655","year":1965,"month":5,"state":"IA","stateName":"Iowa","scale":2,"scaleLabel":"F2","lengthMiles":0.5,"deaths":0,"injuries":0}},{"type":"Feature","geometry":{"type":"Point","coordinates":[-95,42.4]},"properties":{"id":"ncei-1965-10013656","year":1965,"month":5,"state":"IA","stateName":"Iowa","scale":2,"scaleLabel":"F2","lengthMiles":0.5,"deaths":0,"injuries":0}},{"type":"Feature","geometry":{"type":"Point","coordinates":[-90.97,42.53]},"properties":{"id":"ncei-1965-10015085","year":1965,"month":8,"state":"IA","stateName":"Iowa","scale":2,"scaleLabel":"F2","lengthMiles":0.5,"deaths":0,"injuries":0}},{"type":"Feature","geometry":{"type":"Point","coordinates":[-93.3,41.9]},"properties":{"id":"ncei-1965-10015296","year":1965,"month":8,"state":"IA","stateName":"Iowa","scale":2,"scaleLabel":"F2","lengthMiles":1.9,"deaths":0,"injuries":2}},{"type":"Feature","geometry":{"type":"Point","coordinates":[-93.25,41.87]},"properties":{"id":"ncei-1965-10015298","year":1965,"month":8,"state":"IA","stateName":"Iowa","scale":2,"scaleLabel":"F2","lengthMiles":3,"deaths":0,"injuries":0}},{"type":"Feature","geometry":{"type":"Point","coordinates":[-92.2,42.3]},"properties":{"id":"ncei-1965-10015299","year":1965,"month":8,"state":"IA","stateName":"Iowa","scale":4,"scaleLabel":"F4","lengthMiles":0,"deaths":0,"injuries":0}},{"type":"Feature","geometry":{"type":"Point","coordinates":[-92.18,42.3]},"properties":{"id":"ncei-1965-10015301","year":1965,"month":8,"state":"IA","stateName":"Iowa","scale":4,"scaleLabel":"F4","lengthMiles":4.7,"deaths":1,"injuries":17}},{"type":"Feature","geometry":{"type":"Point","coordinates":[-95.17,42.03]},"properties":{"id":"ncei-1965-10015308","year":1965,"month":9,"state":"IA","stateName":"Iowa","scale":2,"scaleLabel":"F2","lengthMiles":1,"deaths":0,"injuries":0}},{"type":"Feature","geometry":{"type":"Point","coordinates":[-95.97,42.03]},"properties":{"id":"ncei-1965-10015309","year":1965,"month":9,"state":"IA","stateName":"Iowa","scale":1,"scaleLabel":"F1","lengthMiles":1,"deaths":0,"injuries":0}},{"type":"Feature","geometry":{"type":"Point","coordinates":[-95.9,42.05]},"properties":{"id":"ncei-1965-10015310","year":1965,"month":9,"state":"IA","stateName":"Iowa","scale":2,"scaleLabel":"F2","lengthMiles":10.2,"deaths":0,"injuries":0}},{"type":"Feature","geometry":{"type":"Point","coordinates":[-92.07,43.38]},"properties":{"id":"ncei-1965-10015311","year":1965,"month":9,"state":"IA","stateName":"Iowa","scale":2,"scaleLabel":"F2","lengthMiles":1,"deaths":0,"injuries":0}},{"type":"Feature","geometry":{"type":"Point","coordinates":[-93.6,42.12]},"properties":{"id":"ncei-1965-10015319","year":1965,"month":9,"state":"IA","stateName":"Iowa","scale":2,"scaleLabel":"F2","lengthMiles":0.5,"deaths":0,"injuries":0}},{"type":"Feature","geometry":{"type":"Point","coordinates":[-93.77,41.05]},"properties":{"id":"ncei-1965-10015322","year":1965,"month":9,"state":"IA","stateName":"Iowa","scale":2,"scaleLabel":"F2","lengthMiles":3.3,"deaths":0,"injuries":0}},{"type":"Feature","geometry":{"type":"Point","coordinates":[-92.2,41.33]},"properties":{"id":"ncei-1965-10015324","year":1965,"month":9,"state":"IA","stateName":"Iowa","scale":3,"scaleLabel":"F3","lengthMiles":1,"deaths":0,"injuries":4}},{"type":"Feature","geometry":{"type":"Point","coordinates":[-92.6,40.72]},"properties":{"id":"ncei-1965-10015325","year":1965,"month":9,"state":"IA","stateName":"Iowa","scale":2,"scaleLabel":"F2","lengthMiles":10.3,"deaths":0,"injuries":0}},{"type":"Feature","geometry":{"type":"Point","coordinates":[-91.9,41.87]},"properties":{"id":"ncei-1965-10016032","year":1965,"month":5,"state":"IA","stateName":"Iowa","scale":2,"scaleLabel":"F2","lengthMiles":19.8,"deaths":0,"injuries":14}},{"type":"Feature","geometry":{"type":"Point","coordinates":[-90.5,42.1]},"properties":{"id":"ncei-1965-10016036","year":1965,"month":5,"state":"IA","stateName":"Iowa","scale":-1,"scaleLabel":"Unknown","lengthMiles":0,"deaths":0,"injuries":1}},{"type":"Feature","geometry":{"type":"Point","coordinates":[-94.7,42.83]},"properties":{"id":"ncei-1965-10016038","year":1965,"month":6,"state":"IA","stateName":"Iowa","scale":-1,"scaleLabel":"Unknown","lengthMiles":0,"deaths":0,"injuries":0}},{"type":"Feature","geometry":{"type":"Point","coordinates":[-96.3,42.87]},"properties":{"id":"ncei-1965-10016040","year":1965,"month":6,"state":"IA","stateName":"Iowa","scale":3,"scaleLabel":"F3","lengthMiles":11.5,"deaths":0,"injuries":0}},{"type":"Feature","geometry":{"type":"Point","coordinates":[-92.58,42.05]},"properties":{"id":"ncei-1965-10016048","year":1965,"month":6,"state":"IA","stateName":"Iowa","scale":2,"scaleLabel":"F2","lengthMiles":0,"deaths":0,"injuries":0}},{"type":"Feature","geometry":{"type":"Point","coordinates":[-92.07,41.98]},"properties":{"id":"ncei-1965-10016049","year":1965,"month":6,"state":"IA","stateName":"Iowa","scale":1,"scaleLabel":"F1","lengthMiles":0,"deaths":0,"injuries":0}},{"type":"Feature","geometry":{"type":"Point","coordinates":[-91.28,42.12]},"properties":{"id":"ncei-1965-10016052","year":1965,"month":6,"state":"IA","stateName":"Iowa","scale":1,"scaleLabel":"F1","lengthMiles":0,"deaths":0,"injuries":0}},{"type":"Feature","geometry":{"type":"Point","coordinates":[-90.83,42.62]},"properties":{"id":"ncei-1965-10016053","year":1965,"month":6,"state":"IA","stateName":"Iowa","scale":1,"scaleLabel":"F1","lengthMiles":0,"deaths":0,"injuries":0}},{"type":"Feature","geometry":{"type":"Point","coordinates":[-93.37,42.05]},"properties":{"id":"ncei-1965-10016054","year":1965,"month":7,"state":"IA","stateName":"Iowa","scale":-1,"scaleLabel":"Unknown","lengthMiles":0,"deaths":0,"injuries":0}},{"type":"Feature","geometry":{"type":"Point","coordinates":[-95.7,40.53]},"properties":{"id":"ncei-1965-10016059","year":1965,"month":7,"state":"IA","stateName":"Iowa","scale":2,"scaleLabel":"F2","lengthMiles":0,"deaths":0,"injuries":0}},{"type":"Feature","geometry":{"type":"Point","coordinates":[-92.2,42.3]},"properties":{"id":"ncei-1965-10016065","year":1965,"month":7,"state":"IA","stateName":"Iowa","scale":2,"scaleLabel":"F2","lengthMiles":0.5,"deaths":0,"injuries":0}},{"type":"Feature","geometry":{"type":"Point","coordinates":[-93.42,43.3]},"properties":{"id":"ncei-1965-10016070","year":1965,"month":8,"state":"IA","stateName":"Iowa","scale":1,"scaleLabel":"F1","lengthMiles":0,"deaths":0,"injuries":0}},{"type":"Feature","geometry":{"type":"Point","coordinates":[-92.28,43.43]},"properties":{"id":"ncei-1965-10016073","year":1965,"month":8,"state":"IA","stateName":"Iowa","scale":1,"scaleLabel":"F1","lengthMiles":4.9,"deaths":0,"injuries":0}},{"type":"Feature","geometry":{"type":"Point","coordinates":[-91.3,40.87]},"properties":{"id":"ncei-1965-10016074","year":1965,"month":8,"state":"IA","stateName":"Iowa","scale":3,"scaleLabel":"F3","lengthMiles":3,"deaths":0,"injuries":1}},{"type":"Feature","geometry":{"type":"Point","coordinates":[-91.98,43.32]},"properties":{"id":"ncei-1965-10016077","year":1965,"month":8,"state":"IA","stateName":"Iowa","scale":2,"scaleLabel":"F2","lengthMiles":14.7,"deaths":0,"injuries":1}},{"type":"Feature","geometry":{"type":"Point","coordinates":[-91.38,43.07]},"properties":{"id":"ncei-1965-10016078","year":1965,"month":8,"state":"IA","stateName":"Iowa","scale":2,"scaleLabel":"F2","lengthMiles":4.7,"deaths":0,"injuries":0}},{"type":"Feature","geometry":{"type":"Point","coordinates":[-92.3,43.1]},"properties":{"id":"ncei-1965-10018268","year":1965,"month":5,"state":"IA","stateName":"Iowa","scale":1,"scaleLabel":"F1","lengthMiles":0,"deaths":0,"injuries":0}},{"type":"Feature","geometry":{"type":"Point","coordinates":[-94.17,42.78]},"properties":{"id":"ncei-1965-10018269","year":1965,"month":5,"state":"IA","stateName":"Iowa","scale":2,"scaleLabel":"F2","lengthMiles":0.5,"deaths":0,"injuries":0}},{"type":"Feature","geometry":{"type":"Point","coordinates":[-97.48,37.92]},"properties":{"id":"ncei-1965-10024769","year":1965,"month":5,"state":"KS","stateName":"Kansas","scale":3,"scaleLabel":"F3","lengthMiles":7.2,"deaths":0,"injuries":0}},{"type":"Feature","geometry":{"type":"Point","coordinates":[-97.27,38.13]},"properties":{"id":"ncei-1965-10024770","year":1965,"month":5,"state":"KS","stateName":"Kansas","scale":-1,"scaleLabel":"Unknown","lengthMiles":0,"deaths":0,"injuries":0}},{"type":"Feature","geometry":{"type":"Point","coordinates":[-94.83,37.05]},"properties":{"id":"ncei-1965-10024772","year":1965,"month":5,"state":"KS","stateName":"Kansas","scale":0,"scaleLabel":"F0","lengthMiles":0,"deaths":0,"injuries":0}},{"type":"Feature","geometry":{"type":"Point","coordinates":[-101.7,39.45]},"properties":{"id":"ncei-1965-10024781","year":1965,"month":5,"state":"KS","stateName":"Kansas","scale":-1,"scaleLabel":"Unknown","lengthMiles":0,"deaths":0,"injuries":0}},{"type":"Feature","geometry":{"type":"Point","coordinates":[-101.7,39.43]},"properties":{"id":"ncei-1965-10024782","year":1965,"month":5,"state":"KS","stateName":"Kansas","scale":-1,"scaleLabel":"Unknown","lengthMiles":0,"deaths":0,"injuries":0}},{"type":"Feature","geometry":{"type":"Point","coordinates":[-101.7,39.42]},"properties":{"id":"ncei-1965-10024783","year":1965,"month":5,"state":"KS","stateName":"Kansas","scale":-1,"scaleLabel":"Unknown","lengthMiles":0,"deaths":0,"injuries":0}},{"type":"Feature","geometry":{"type":"Point","coordinates":[-101.7,39.4]},"properties":{"id":"ncei-1965-10024784","year":1965,"month":5,"state":"KS","stateName":"Kansas","scale":2,"scaleLabel":"F2","lengthMiles":0,"deaths":0,"injuries":0}},{"type":"Feature","geometry":{"type":"Point","coordinates":[-101.73,39.35]},"properties":{"id":"ncei-1965-10024786","year":1965,"month":5,"state":"KS","stateName":"Kansas","scale":-1,"scaleLabel":"Unknown","lengthMiles":0,"deaths":0,"injuries":0}},{"type":"Feature","geometry":{"type":"Point","coordinates":[-97.8,38.8]},"properties":{"id":"ncei-1965-10024787","year":1965,"month":5,"state":"KS","stateName":"Kansas","scale":0,"scaleLabel":"F0","lengthMiles":0.5,"deaths":0,"injuries":0}},{"type":"Feature","geometry":{"type":"Point","coordinates":[-98.48,39.82]},"properties":{"id":"ncei-1965-10024788","year":1965,"month":5,"state":"KS","stateName":"Kansas","scale":-1,"scaleLabel":"Unknown","lengthMiles":13.5,"deaths":0,"injuries":0}},{"type":"Feature","geometry":{"type":"Point","coordinates":[-100.88,38.45]},"properties":{"id":"ncei-1965-10024789","year":1965,"month":5,"state":"KS","stateName":"Kansas","scale":-1,"scaleLabel":"Unknown","lengthMiles":0,"deaths":0,"injuries":0}},{"type":"Feature","geometry":{"type":"Point","coordinates":[-100.38,38.4]},"properties":{"id":"ncei-1965-10024792","year":1965,"month":5,"state":"KS","stateName":"Kansas","scale":0,"scaleLabel":"F0","lengthMiles":0,"deaths":0,"injuries":0}},{"type":"Feature","geometry":{"type":"Point","coordinates":[-99.87,39.82]},"properties":{"id":"ncei-1965-10024794","year":1965,"month":5,"state":"KS","stateName":"Kansas","scale":1,"scaleLabel":"F1","lengthMiles":19.9,"deaths":0,"injuries":0}},{"type":"Feature","geometry":{"type":"Point","coordinates":[-99.42,38.12]},"properties":{"id":"ncei-1965-10024795","year":1965,"month":5,"state":"KS","stateName":"Kansas","scale":1,"scaleLabel":"F1","lengthMiles":23.9,"deaths":0,"injuries":0}},{"type":"Feature","geometry":{"type":"Point","coordinates":[-100.05,37.43]},"properties":{"id":"ncei-1965-10024797","year":1965,"month":5,"state":"KS","stateName":"Kansas","scale":-1,"scaleLabel":"Unknown","lengthMiles":0.5,"deaths":0,"injuries":0}},{"type":"Feature","geometry":{"type":"Point","coordinates":[-100,37.9]},"properties":{"id":"ncei-1965-10024798","year":1965,"month":5,"state":"KS","stateName":"Kansas","scale":-1,"scaleLabel":"Unknown","lengthMiles":0,"deaths":0,"injuries":0}},{"type":"Feature","geometry":{"type":"Point","coordinates":[-100.47,37.55]},"properties":{"id":"ncei-1965-10024799","year":1965,"month":5,"state":"KS","stateName":"Kansas","scale":0,"scaleLabel":"F0","lengthMiles":0,"deaths":0,"injuries":0}},{"type":"Feature","geometry":{"type":"Point","coordinates":[-99.3,39.63]},"properties":{"id":"ncei-1965-10024800","year":1965,"month":5,"state":"KS","stateName":"Kansas","scale":-1,"scaleLabel":"Unknown","lengthMiles":0,"deaths":0,"injuries":0}},{"type":"Feature","geometry":{"type":"Point","coordinates":[-98.83,39.75]},"properties":{"id":"ncei-1965-10024801","year":1965,"month":5,"state":"KS","stateName":"Kansas","scale":0,"scaleLabel":"F0","lengthMiles":0,"deaths":0,"injuries":0}},{"type":"Feature","geometry":{"type":"Point","coordinates":[-98.95,39.75]},"properties":{"id":"ncei-1965-10024802","year":1965,"month":5,"state":"KS","stateName":"Kansas","scale":2,"scaleLabel":"F2","lengthMiles":0,"deaths":0,"injuries":1}},{"type":"Feature","geometry":{"type":"Point","coordinates":[-99.5,38.2]},"properties":{"id":"ncei-1965-10024803","year":1965,"month":5,"state":"KS","stateName":"Kansas","scale":1,"scaleLabel":"F1","lengthMiles":0,"deaths":0,"injuries":0}},{"type":"Feature","geometry":{"type":"Point","coordinates":[-98.78,37.7]},"properties":{"id":"ncei-1965-10024804","year":1965,"month":5,"state":"KS","stateName":"Kansas","scale":3,"scaleLabel":"F3","lengthMiles":11.5,"deaths":0,"injuries":7}},{"type":"Feature","geometry":{"type":"Point","coordinates":[-98.63,37.82]},"properties":{"id":"ncei-1965-10024805","year":1965,"month":5,"state":"KS","stateName":"Kansas","scale":3,"scaleLabel":"F3","lengthMiles":13.8,"deaths":0,"injuries":1}},{"type":"Feature","geometry":{"type":"Point","coordinates":[-97.13,39.45]},"properties":{"id":"ncei-1965-10024806","year":1965,"month":5,"state":"KS","stateName":"Kansas","scale":-1,"scaleLabel":"Unknown","lengthMiles":0,"deaths":0,"injuries":0}},{"type":"Feature","geometry":{"type":"Point","coordinates":[-98.25,38.75]},"properties":{"id":"ncei-1965-10024807","year":1965,"month":5,"state":"KS","stateName":"Kansas","scale":-1,"scaleLabel":"Unknown","lengthMiles":0.8,"deaths":0,"injuries":0}},{"type":"Feature","geometry":{"type":"Point","coordinates":[-101.67,39.8]},"properties":{"id":"ncei-1965-10024808","year":1965,"month":5,"state":"KS","stateName":"Kansas","scale":-1,"scaleLabel":"Unknown","lengthMiles":0,"deaths":0,"injuries":0}},{"type":"Feature","geometry":{"type":"Point","coordinates":[-99.45,38.23]},"properties":{"id":"ncei-1965-10024811","year":1965,"month":5,"state":"KS","stateName":"Kansas","scale":-1,"scaleLabel":"Unknown","lengthMiles":0,"deaths":0,"injuries":0}},{"type":"Feature","geometry":{"type":"Point","coordinates":[-96.3,37.37]},"properties":{"id":"ncei-1965-10024822","year":1965,"month":6,"state":"KS","stateName":"Kansas","scale":2,"scaleLabel":"F2","lengthMiles":22.4,"deaths":0,"injuries":0}},{"type":"Feature","geometry":{"type":"Point","coordinates":[-101.17,37.97]},"properties":{"id":"ncei-1965-10024824","year":1965,"month":6,"state":"KS","stateName":"Kansas","scale":0,"scaleLabel":"F0","lengthMiles":0,"deaths":0,"injuries":0}},{"type":"Feature","geometry":{"type":"Point","coordinates":[-100.8,39.7]},"properties":{"id":"ncei-1965-10024826","year":1965,"month":6,"state":"KS","stateName":"Kansas","scale":-1,"scaleLabel":"Unknown","lengthMiles":0,"deaths":0,"injuries":0}},{"type":"Feature","geometry":{"type":"Point","coordinates":[-101.17,37.97]},"properties":{"id":"ncei-1965-10024827","year":1965,"month":6,"state":"KS","stateName":"Kansas","scale":1,"scaleLabel":"F1","lengthMiles":0,"deaths":0,"injuries":0}},{"type":"Feature","geometry":{"type":"Point","coordinates":[-101.17,37.97]},"properties":{"id":"ncei-1965-10024828","year":1965,"month":6,"state":"KS","stateName":"Kansas","scale":1,"scaleLabel":"F1","lengthMiles":0,"deaths":0,"injuries":0}},{"type":"Feature","geometry":{"type":"Point","coordinates":[-101.17,37.97]},"properties":{"id":"ncei-1965-10024829","year":1965,"month":6,"state":"KS","stateName":"Kansas","scale":1,"scaleLabel":"F1","lengthMiles":0,"deaths":0,"injuries":0}},{"type":"Feature","geometry":{"type":"Point","coordinates":[-101.17,37.97]},"properties":{"id":"ncei-1965-10024830","year":1965,"month":6,"state":"KS","stateName":"Kansas","scale":1,"scaleLabel":"F1","lengthMiles":0,"deaths":0,"injuries":0}},{"type":"Feature","geometry":{"type":"Point","coordinates":[-97.83,37.83]},"properties":{"id":"ncei-1965-10024834","year":1965,"month":6,"state":"KS","stateName":"Kansas","scale":3,"scaleLabel":"F3","lengthMiles":6.9,"deaths":0,"injuries":2}},{"type":"Feature","geometry":{"type":"Point","coordinates":[-95.7,38.52]},"properties":{"id":"ncei-1965-10025683","year":1965,"month":6,"state":"KS","stateName":"Kansas","scale":1,"scaleLabel":"F1","lengthMiles":26.8,"deaths":0,"injuries":0}},{"type":"Feature","geometry":{"type":"Point","coordinates":[-101.85,38.95]},"properties":{"id":"ncei-1965-10025904","year":1965,"month":6,"state":"KS","stateName":"Kansas","scale":-1,"scaleLabel":"Unknown","lengthMiles":0,"deaths":0,"injuries":0}},{"type":"Feature","geometry":{"type":"Point","coordinates":[-100.35,39.63]},"properties":{"id":"ncei-1965-10025909","year":1965,"month":6,"state":"KS","stateName":"Kansas","scale":-1,"scaleLabel":"Unknown","lengthMiles":0,"deaths":0,"injuries":0}},{"type":"Feature","geometry":{"type":"Point","coordinates":[-101.35,37.12]},"properties":{"id":"ncei-1965-10025921","year":1965,"month":6,"state":"KS","stateName":"Kansas","scale":-1,"scaleLabel":"Unknown","lengthMiles":0,"deaths":0,"injuries":0}},{"type":"Feature","geometry":{"type":"Point","coordinates":[-96.55,39.27]},"properties":{"id":"ncei-1965-10025925","year":1965,"month":6,"state":"KS","stateName":"Kansas","scale":2,"scaleLabel":"F2","lengthMiles":0,"deaths":0,"injuries":0}},{"type":"Feature","geometry":{"type":"Point","coordinates":[-96.5,39.23]},"properties":{"id":"ncei-1965-10025935","year":1965,"month":6,"state":"KS","stateName":"Kansas","scale":1,"scaleLabel":"F1","lengthMiles":0,"deaths":0,"injuries":0}},{"type":"Feature","geometry":{"type":"Point","coordinates":[-101.52,39.3]},"properties":{"id":"ncei-1965-10025947","year":1965,"month":7,"state":"KS","stateName":"Kansas","scale":-1,"scaleLabel":"Unknown","lengthMiles":0,"deaths":0,"injuries":0}},{"type":"Feature","geometry":{"type":"Point","coordinates":[-101.67,38.87]},"properties":{"id":"ncei-1965-10025949","year":1965,"month":7,"state":"KS","stateName":"Kansas","scale":-1,"scaleLabel":"Unknown","lengthMiles":0,"deaths":0,"injuries":0}},{"type":"Feature","geometry":{"type":"Point","coordinates":[-94.83,38.87]},"properties":{"id":"ncei-1965-10025959","year":1965,"month":7,"state":"KS","stateName":"Kansas","scale":1,"scaleLabel":"F1","lengthMiles":0,"deaths":0,"injuries":0}},{"type":"Feature","geometry":{"type":"Point","coordinates":[-100.52,39.82]},"properties":{"id":"ncei-1965-10025962","year":1965,"month":7,"state":"KS","stateName":"Kansas","scale":-1,"scaleLabel":"Unknown","lengthMiles":0,"deaths":0,"injuries":0}},{"type":"Feature","geometry":{"type":"Point","coordinates":[-99.37,38.8]},"properties":{"id":"ncei-1965-10025964","year":1965,"month":7,"state":"KS","stateName":"Kansas","scale":-1,"scaleLabel":"Unknown","lengthMiles":0.8,"deaths":0,"injuries":0}},{"type":"Feature","geometry":{"type":"Point","coordinates":[-101.95,39.5]},"properties":{"id":"ncei-1965-10025966","year":1965,"month":7,"state":"KS","stateName":"Kansas","scale":-1,"scaleLabel":"Unknown","lengthMiles":0,"deaths":0,"injuries":0}},{"type":"Feature","geometry":{"type":"Point","coordinates":[-101.13,39.35]},"properties":{"id":"ncei-1965-10027040","year":1965,"month":8,"state":"KS","stateName":"Kansas","scale":0,"scaleLabel":"F0","lengthMiles":0,"deaths":0,"injuries":0}},{"type":"Feature","geometry":{"type":"Point","coordinates":[-94.75,39.1]},"properties":{"id":"ncei-1965-10027047","year":1965,"month":8,"state":"KS","stateName":"Kansas","scale":0,"scaleLabel":"F0","lengthMiles":0,"deaths":0,"injuries":0}},{"type":"Feature","geometry":{"type":"Point","coordinates":[-97.3,37.65]},"properties":{"id":"ncei-1965-10027050","year":1965,"month":9,"state":"KS","stateName":"Kansas","scale":3,"scaleLabel":"F3","lengthMiles":0,"deaths":0,"injuries":27}},{"type":"Feature","geometry":{"type":"Point","coordinates":[-98.03,37.02]},"properties":{"id":"ncei-1965-10027055","year":1965,"month":9,"state":"KS","stateName":"Kansas","scale":-1,"scaleLabel":"Unknown","lengthMiles":0,"deaths":0,"injuries":0}},{"type":"Feature","geometry":{"type":"Point","coordinates":[-95.15,39.58]},"properties":{"id":"ncei-1965-10027057","year":1965,"month":9,"state":"KS","stateName":"Kansas","scale":1,"scaleLabel":"F1","lengthMiles":0,"deaths":0,"injuries":0}},{"type":"Feature","geometry":{"type":"Point","coordinates":[-95.17,39.8]},"properties":{"id":"ncei-1965-10027060","year":1965,"month":9,"state":"KS","stateName":"Kansas","scale":-1,"scaleLabel":"Unknown","lengthMiles":0,"deaths":0,"injuries":0}},{"type":"Feature","geometry":{"type":"Point","coordinates":[-97.5,37.1]},"properties":{"id":"ncei-1965-10027062","year":1965,"month":9,"state":"KS","stateName":"Kansas","scale":0,"scaleLabel":"F0","lengthMiles":9.6,"deaths":0,"injuries":0}},{"type":"Feature","geometry":{"type":"Point","coordinates":[-97.27,37.62]},"properties":{"id":"ncei-1965-10027063","year":1965,"month":9,"state":"KS","stateName":"Kansas","scale":2,"scaleLabel":"F2","lengthMiles":43.8,"deaths":0,"injuries":0}},{"type":"Feature","geometry":{"type":"Point","coordinates":[-97.3,37.6]},"properties":{"id":"ncei-1965-10027064","year":1965,"month":9,"state":"KS","stateName":"Kansas","scale":0,"scaleLabel":"F0","lengthMiles":0.5,"deaths":0,"injuries":0}},{"type":"Feature","geometry":{"type":"Point","coordinates":[-95.1,38.72]},"properties":{"id":"ncei-1965-10027065","year":1965,"month":9,"state":"KS","stateName":"Kansas","scale":-1,"scaleLabel":"Unknown","lengthMiles":0,"deaths":0,"injuries":0}},{"type":"Feature","geometry":{"type":"Point","coordinates":[-100.92,37.95]},"properties":{"id":"ncei-1965-10028145","year":1965,"month":3,"state":"KS","stateName":"Kansas","scale":1,"scaleLabel":"F1","lengthMiles":0.1,"deaths":0,"injuries":0}},{"type":"Feature","geometry":{"type":"Point","coordinates":[-97.32,37]},"properties":{"id":"ncei-1965-10028146","year":1965,"month":3,"state":"KS","stateName":"Kansas","scale":4,"scaleLabel":"F4","lengthMiles":11.5,"deaths":0,"injuries":2}},{"type":"Feature","geometry":{"type":"Point","coordinates":[-97.17,37.12]},"properties":{"id":"ncei-1965-10028147","year":1965,"month":3,"state":"KS","stateName":"Kansas","scale":4,"scaleLabel":"F4","lengthMiles":19.7,"deaths":0,"injuries":3}},{"type":"Feature","geometry":{"type":"Point","coordinates":[-96.6,37.38]},"properties":{"id":"ncei-1965-10028151","year":1965,"month":3,"state":"KS","stateName":"Kansas","scale":0,"scaleLabel":"F0","lengthMiles":0,"deaths":0,"injuries":0}},{"type":"Feature","geometry":{"type":"Point","coordinates":[-95.12,39.42]},"properties":{"id":"ncei-1965-10028160","year":1965,"month":4,"state":"KS","stateName":"Kansas","scale":3,"scaleLabel":"F3","lengthMiles":4.7,"deaths":0,"injuries":0}},{"type":"Feature","geometry":{"type":"Point","coordinates":[-100.67,39.52]},"properties":{"id":"ncei-1965-10028164","year":1965,"month":5,"state":"KS","stateName":"Kansas","scale":-1,"scaleLabel":"Unknown","lengthMiles":5.2,"deaths":0,"injuries":0}},{"type":"Feature","geometry":{"type":"Point","coordinates":[-100.9,37.8]},"properties":{"id":"ncei-1965-10028168","year":1965,"month":5,"state":"KS","stateName":"Kansas","scale":0,"scaleLabel":"F0","lengthMiles":0,"deaths":0,"injuries":0}},{"type":"Feature","geometry":{"type":"Point","coordinates":[-100.4,38.1]},"properties":{"id":"ncei-1965-10028169","year":1965,"month":5,"state":"KS","stateName":"Kansas","scale":2,"scaleLabel":"F2","lengthMiles":0,"deaths":0,"injuries":1}},{"type":"Feature","geometry":{"type":"Point","coordinates":[-100.67,37.95]},"properties":{"id":"ncei-1965-10028170","year":1965,"month":5,"state":"KS","stateName":"Kansas","scale":2,"scaleLabel":"F2","lengthMiles":0,"deaths":0,"injuries":1}},{"type":"Feature","geometry":{"type":"Point","coordinates":[-95.77,37.17]},"properties":{"id":"ncei-1965-10028172","year":1965,"month":5,"state":"KS","stateName":"Kansas","scale":-1,"scaleLabel":"Unknown","lengthMiles":1.5,"deaths":0,"injuries":0}},{"type":"Feature","geometry":{"type":"Point","coordinates":[-94.83,37.53]},"properties":{"id":"ncei-1965-10028173","year":1965,"month":5,"state":"KS","stateName":"Kansas","scale":-1,"scaleLabel":"Unknown","lengthMiles":0,"deaths":0,"injuries":0}},{"type":"Feature","geometry":{"type":"Point","coordinates":[-98.88,37.53]},"properties":{"id":"ncei-1965-10029023","year":1965,"month":5,"state":"KS","stateName":"Kansas","scale":-1,"scaleLabel":"Unknown","lengthMiles":0,"deaths":0,"injuries":0}},{"type":"Feature","geometry":{"type":"Point","coordinates":[-99,37.6]},"properties":{"id":"ncei-1965-10029024","year":1965,"month":5,"state":"KS","stateName":"Kansas","scale":-1,"scaleLabel":"Unknown","lengthMiles":0,"deaths":0,"injuries":0}},{"type":"Feature","geometry":{"type":"Point","coordinates":[-99.25,37.5]},"properties":{"id":"ncei-1965-10029025","year":1965,"month":5,"state":"KS","stateName":"Kansas","scale":-1,"scaleLabel":"Unknown","lengthMiles":0,"deaths":0,"injuries":0}},{"type":"Feature","geometry":{"type":"Point","coordinates":[-97.3,37.13]},"properties":{"id":"ncei-1965-10029026","year":1965,"month":5,"state":"KS","stateName":"Kansas","scale":3,"scaleLabel":"F3","lengthMiles":18.4,"deaths":0,"injuries":0}},{"type":"Feature","geometry":{"type":"Point","coordinates":[-97.3,37.4]},"properties":{"id":"ncei-1965-10029027","year":1965,"month":5,"state":"KS","stateName":"Kansas","scale":3,"scaleLabel":"F3","lengthMiles":5.9,"deaths":0,"injuries":0}},{"type":"Feature","geometry":{"type":"Point","coordinates":[-97.33,37.48]},"properties":{"id":"ncei-1965-10029028","year":1965,"month":5,"state":"KS","stateName":"Kansas","scale":3,"scaleLabel":"F3","lengthMiles":31,"deaths":0,"injuries":10}},{"type":"Feature","geometry":{"type":"Point","coordinates":[-92.05,30.3]},"properties":{"id":"ncei-1965-10030813","year":1965,"month":1,"state":"LA","stateName":"Louisiana","scale":2,"scaleLabel":"F2","lengthMiles":1,"deaths":0,"injuries":0}},{"type":"Feature","geometry":{"type":"Point","coordinates":[-93.9,32.45]},"properties":{"id":"ncei-1965-10030814","year":1965,"month":1,"state":"LA","stateName":"Louisiana","scale":1,"scaleLabel":"F1","lengthMiles":12.8,"deaths":0,"injuries":0}},{"type":"Feature","geometry":{"type":"Point","coordinates":[-93.2,30.37]},"properties":{"id":"ncei-1965-10030817","year":1965,"month":1,"state":"LA","stateName":"Louisiana","scale":2,"scaleLabel":"F2","lengthMiles":0.5,"deaths":0,"injuries":0}},{"type":"Feature","geometry":{"type":"Point","coordinates":[-92.75,30.25]},"properties":{"id":"ncei-1965-10030819","year":1965,"month":1,"state":"LA","stateName":"Louisiana","scale":1,"scaleLabel":"F1","lengthMiles":1,"deaths":0,"injuries":0}},{"type":"Feature","geometry":{"type":"Point","coordinates":[-92.58,30.95]},"properties":{"id":"ncei-1965-10030820","year":1965,"month":1,"state":"LA","stateName":"Louisiana","scale":1,"scaleLabel":"F1","lengthMiles":0.5,"deaths":0,"injuries":0}},{"type":"Feature","geometry":{"type":"Point","coordinates":[-92.17,31.23]},"properties":{"id":"ncei-1965-10030823","year":1965,"month":1,"state":"LA","stateName":"Louisiana","scale":2,"scaleLabel":"F2","lengthMiles":2.3,"deaths":0,"injuries":2}},{"type":"Feature","geometry":{"type":"Point","coordinates":[-91,30.1]},"properties":{"id":"ncei-1965-10030828","year":1965,"month":1,"state":"LA","stateName":"Louisiana","scale":2,"scaleLabel":"F2","lengthMiles":1,"deaths":0,"injuries":0}},{"type":"Feature","geometry":{"type":"Point","coordinates":[-90.9,30.13]},"properties":{"id":"ncei-1965-10030829","year":1965,"month":1,"state":"LA","stateName":"Louisiana","scale":1,"scaleLabel":"F1","lengthMiles":0.5,"deaths":0,"injuries":0}},{"type":"Feature","geometry":{"type":"Point","coordinates":[-90.6,30.5]},"properties":{"id":"ncei-1965-10030830","year":1965,"month":1,"state":"LA","stateName":"Louisiana","scale":0,"scaleLabel":"F0","lengthMiles":0.3,"deaths":0,"injuries":0}},{"type":"Feature","geometry":{"type":"Point","coordinates":[-91.9,30.1]},"properties":{"id":"ncei-1965-10030831","year":1965,"month":1,"state":"LA","stateName":"Louisiana","scale":1,"scaleLabel":"F1","lengthMiles":0.2,"deaths":0,"injuries":0}},{"type":"Feature","geometry":{"type":"Point","coordinates":[-90.53,30.5]},"properties":{"id":"ncei-1965-10030832","year":1965,"month":1,"state":"LA","stateName":"Louisiana","scale":1,"scaleLabel":"F1","lengthMiles":0.3,"deaths":0,"injuries":0}},{"type":"Feature","geometry":{"type":"Point","coordinates":[-94.03,32.28]},"properties":{"id":"ncei-1965-10030833","year":1965,"month":2,"state":"LA","stateName":"Louisiana","scale":0,"scaleLabel":"F0","lengthMiles":11.9,"deaths":0,"injuries":0}},{"type":"Feature","geometry":{"type":"Point","coordinates":[-93.75,32.1]},"properties":{"id":"ncei-1965-10030834","year":1965,"month":2,"state":"LA","stateName":"Louisiana","scale":1,"scaleLabel":"F1","lengthMiles":27.1,"deaths":0,"injuries":0}},{"type":"Feature","geometry":{"type":"Point","coordinates":[-94.03,32.18]},"properties":{"id":"ncei-1965-10030835","year":1965,"month":2,"state":"LA","stateName":"Louisiana","scale":3,"scaleLabel":"F3","lengthMiles":1.9,"deaths":0,"injuries":0}},{"type":"Feature","geometry":{"type":"Point","coordinates":[-94.02,32.2]},"properties":{"id":"ncei-1965-10030836","year":1965,"month":2,"state":"LA","stateName":"Louisiana","scale":3,"scaleLabel":"F3","lengthMiles":14.2,"deaths":0,"injuries":3}},{"type":"Feature","geometry":{"type":"Point","coordinates":[-94.12,32.12]},"properties":{"id":"ncei-1965-10030838","year":1965,"month":2,"state":"LA","stateName":"Louisiana","scale":1,"scaleLabel":"F1","lengthMiles":22.5,"deaths":0,"injuries":0}},{"type":"Feature","geometry":{"type":"Point","coordinates":[-93.83,32.33]},"properties":{"id":"ncei-1965-10030840","year":1965,"month":2,"state":"LA","stateName":"Louisiana","scale":3,"scaleLabel":"F3","lengthMiles":13.6,"deaths":0,"injuries":0}},{"type":"Feature","geometry":{"type":"Point","coordinates":[-93.68,32.48]},"properties":{"id":"ncei-1965-10030841","year":1965,"month":2,"state":"LA","stateName":"Louisiana","scale":3,"scaleLabel":"F3","lengthMiles":3.3,"deaths":0,"injuries":0}},{"type":"Feature","geometry":{"type":"Point","coordinates":[-92.67,32.55]},"properties":{"id":"ncei-1965-10030847","year":1965,"month":2,"state":"LA","stateName":"Louisiana","scale":2,"scaleLabel":"F2","lengthMiles":9,"deaths":0,"injuries":0}},{"type":"Feature","geometry":{"type":"Point","coordinates":[-89.53,29.35]},"properties":{"id":"ncei-1965-10030850","year":1965,"month":3,"state":"LA","stateName":"Louisiana","scale":2,"scaleLabel":"F2","lengthMiles":0.5,"deaths":0,"injuries":1}},{"type":"Feature","geometry":{"type":"Point","coordinates":[-91.15,30.35]},"properties":{"id":"ncei-1965-10031938","year":1965,"month":6,"state":"LA","stateName":"Louisiana","scale":2,"scaleLabel":"F2","lengthMiles":0.5,"deaths":0,"injuries":0}},{"type":"Feature","geometry":{"type":"Point","coordinates":[-92.05,32.52]},"properties":{"id":"ncei-1965-10031942","year":1965,"month":7,"state":"LA","stateName":"Louisiana","scale":1,"scaleLabel":"F1","lengthMiles":4.1,"deaths":0,"injuries":0}},{"type":"Feature","geometry":{"type":"Point","coordinates":[-92,31.05]},"properties":{"id":"ncei-1965-10031943","year":1965,"month":7,"state":"LA","stateName":"Louisiana","scale":0,"scaleLabel":"F0","lengthMiles":0.5,"deaths":0,"injuries":0}},{"type":"Feature","geometry":{"type":"Point","coordinates":[-92.83,32.52]},"properties":{"id":"ncei-1965-10031944","year":1965,"month":7,"state":"LA","stateName":"Louisiana","scale":2,"scaleLabel":"F2","lengthMiles":0.5,"deaths":0,"injuries":1}},{"type":"Feature","geometry":{"type":"Point","coordinates":[-92.7,30.33]},"properties":{"id":"ncei-1965-10031945","year":1965,"month":7,"state":"LA","stateName":"Louisiana","scale":0,"scaleLabel":"F0","lengthMiles":0.5,"deaths":0,"injuries":0}},{"type":"Feature","geometry":{"type":"Point","coordinates":[-92.1,32.5]},"properties":{"id":"ncei-1965-10031948","year":1965,"month":7,"state":"LA","stateName":"Louisiana","scale":1,"scaleLabel":"F1","lengthMiles":0.1,"deaths":0,"injuries":0}},{"type":"Feature","geometry":{"type":"Point","coordinates":[-93.47,32.57]},"properties":{"id":"ncei-1965-10031956","year":1965,"month":12,"state":"LA","stateName":"Louisiana","scale":1,"scaleLabel":"F1","lengthMiles":0.3,"deaths":0,"injuries":4}},{"type":"Feature","geometry":{"type":"Point","coordinates":[-93.9,32.35]},"properties":{"id":"ncei-1965-10031957","year":1965,"month":12,"state":"LA","stateName":"Louisiana","scale":2,"scaleLabel":"F2","lengthMiles":0.1,"deaths":0,"injuries":0}},{"type":"Feature","geometry":{"type":"Point","coordinates":[-94,32.1]},"properties":{"id":"ncei-1965-10031958","year":1965,"month":12,"state":"LA","stateName":"Louisiana","scale":1,"scaleLabel":"F1","lengthMiles":1,"deaths":0,"injuries":0}},{"type":"Feature","geometry":{"type":"Point","coordinates":[-82.65,38.37]},"properties":{"id":"ncei-1965-10035961","year":1965,"month":4,"state":"KY","stateName":"Kentucky","scale":3,"scaleLabel":"F3","lengthMiles":3.3,"deaths":0,"injuries":0}},{"type":"Feature","geometry":{"type":"Point","coordinates":[-84.65,37.2]},"properties":{"id":"ncei-1965-10035969","year":1965,"month":4,"state":"KY","stateName":"Kentucky","scale":2,"scaleLabel":"F2","lengthMiles":4.6,"deaths":0,"injuries":0}},{"type":"Feature","geometry":{"type":"Point","coordinates":[-86.6,36.7]},"properties":{"id":"ncei-1965-10035972","year":1965,"month":5,"state":"KY","stateName":"Kentucky","scale":2,"scaleLabel":"F2","lengthMiles":0,"deaths":0,"injuries":0}},{"type":"Feature","geometry":{"type":"Point","coordinates":[-84.53,38.97]},"properties":{"id":"ncei-1965-10035977","year":1965,"month":7,"state":"KY","stateName":"Kentucky","scale":1,"scaleLabel":"F1","lengthMiles":0,"deaths":0,"injuries":0}},{"type":"Feature","geometry":{"type":"Point","coordinates":[-85.75,37.12]},"properties":{"id":"ncei-1965-10035987","year":1965,"month":11,"state":"KY","stateName":"Kentucky","scale":2,"scaleLabel":"F2","lengthMiles":5.4,"deaths":1,"injuries":1}},{"type":"Feature","geometry":{"type":"Point","coordinates":[-84.92,38.03]},"properties":{"id":"ncei-1965-10035988","year":1965,"month":11,"state":"KY","stateName":"Kentucky","scale":2,"scaleLabel":"F2","lengthMiles":2.7,"deaths":0,"injuries":8}},{"type":"Feature","geometry":{"type":"Point","coordinates":[-83.58,38.57]},"properties":{"id":"ncei-1965-10035989","year":1965,"month":11,"state":"KY","stateName":"Kentucky","scale":1,"scaleLabel":"F1","lengthMiles":9.6,"deaths":0,"injuries":2}},{"type":"Feature","geometry":{"type":"Point","coordinates":[-84.37,42.9]},"properties":{"id":"ncei-1965-10038418","year":1965,"month":4,"state":"MI","stateName":"Michigan","scale":4,"scaleLabel":"F4","lengthMiles":6.5,"deaths":0,"injuries":0}},{"type":"Feature","geometry":{"type":"Point","coordinates":[-83.87,43.55]},"properties":{"id":"ncei-1965-10038419","year":1965,"month":4,"state":"MI","stateName":"Michigan","scale":2,"scaleLabel":"F2","lengthMiles":9.9,"deaths":0,"injuries":2}},{"type":"Feature","geometry":{"type":"Point","coordinates":[-83.63,43.57]},"properties":{"id":"ncei-1965-10038421","year":1965,"month":4,"state":"MI","stateName":"Michigan","scale":2,"scaleLabel":"F2","lengthMiles":9,"deaths":0,"injuries":0}},{"type":"Feature","geometry":{"type":"Point","coordinates":[-83.92,42]},"properties":{"id":"ncei-1965-10038422","year":1965,"month":4,"state":"MI","stateName":"Michigan","scale":4,"scaleLabel":"F4","lengthMiles":23.6,"deaths":5,"injuries":5}},{"type":"Feature","geometry":{"type":"Point","coordinates":[-83.5,41.72]},"properties":{"id":"ncei-1965-10038423","year":1965,"month":4,"state":"MI","stateName":"Michigan","scale":4,"scaleLabel":"F4","lengthMiles":0,"deaths":2,"injuries":29}},{"type":"Feature","geometry":{"type":"Point","coordinates":[-86.1,43.02]},"properties":{"id":"ncei-1965-10038464","year":1965,"month":9,"state":"MI","stateName":"Michigan","scale":2,"scaleLabel":"F2","lengthMiles":4.1,"deaths":0,"injuries":0}},{"type":"Feature","geometry":{"type":"Point","coordinates":[-86.03,43.18]},"properties":{"id":"ncei-1965-10038465","year":1965,"month":9,"state":"MI","stateName":"Michigan","scale":2,"scaleLabel":"F2","lengthMiles":0,"deaths":0,"injuries":0}},{"type":"Feature","geometry":{"type":"Point","coordinates":[-84.75,43.78]},"properties":{"id":"ncei-1965-10038474","year":1965,"month":10,"state":"MI","stateName":"Michigan","scale":2,"scaleLabel":"F2","lengthMiles":2,"deaths":0,"injuries":0}},{"type":"Feature","geometry":{"type":"Point","coordinates":[-76.05,39.05]},"properties":{"id":"ncei-1965-10040097","year":1965,"month":8,"state":"MD","stateName":"Maryland","scale":1,"scaleLabel":"F1","lengthMiles":1.3,"deaths":0,"injuries":0}},{"type":"Feature","geometry":{"type":"Point","coordinates":[-75.38,38.33]},"properties":{"id":"ncei-1965-10040108","year":1965,"month":10,"state":"MD","stateName":"Maryland","scale":1,"scaleLabel":"F1","lengthMiles":0,"deaths":0,"injuries":0}},{"type":"Feature","geometry":{"type":"Point","coordinates":[-85.92,43.02]},"properties":{"id":"ncei-1965-10040656","year":1965,"month":4,"state":"MI","stateName":"Michigan","scale":4,"scaleLabel":"F4","lengthMiles":6.2,"deaths":0,"injuries":0}},{"type":"Feature","geometry":{"type":"Point","coordinates":[-85.78,43.03]},"properties":{"id":"ncei-1965-10040657","year":1965,"month":4,"state":"MI","stateName":"Michigan","scale":4,"scaleLabel":"F4","lengthMiles":6.2,"deaths":5,"injuries":142}},{"type":"Feature","geometry":{"type":"Point","coordinates":[-85.65,43.05]},"properties":{"id":"ncei-1965-10040658","year":1965,"month":4,"state":"MI","stateName":"Michigan","scale":4,"scaleLabel":"F4","lengthMiles":14.2,"deaths":0,"injuries":0}},{"type":"Feature","geometry":{"type":"Point","coordinates":[-85.08,41.75]},"properties":{"id":"ncei-1965-10040659","year":1965,"month":4,"state":"MI","stateName":"Michigan","scale":4,"scaleLabel":"F4","lengthMiles":15.5,"deaths":9,"injuries":200}},{"type":"Feature","geometry":{"type":"Point","coordinates":[-85.83,42.72]},"properties":{"id":"ncei-1965-10040660","year":1965,"month":4,"state":"MI","stateName":"Michigan","scale":1,"scaleLabel":"F1","lengthMiles":15.9,"deaths":1,"injuries":9}},{"type":"Feature","geometry":{"type":"Point","coordinates":[-84.83,41.88]},"properties":{"id":"ncei-1965-10040661","year":1965,"month":4,"state":"MI","stateName":"Michigan","scale":4,"scaleLabel":"F4","lengthMiles":24.2,"deaths":3,"injuries":47}},{"type":"Feature","geometry":{"type":"Point","coordinates":[-85.6,42.37]},"properties":{"id":"ncei-1965-10040662","year":1965,"month":4,"state":"MI","stateName":"Michigan","scale":3,"scaleLabel":"F3","lengthMiles":14.2,"deaths":0,"injuries":17}},{"type":"Feature","geometry":{"type":"Point","coordinates":[-85.52,42.72]},"properties":{"id":"ncei-1965-10040663","year":1965,"month":4,"state":"MI","stateName":"Michigan","scale":1,"scaleLabel":"F1","lengthMiles":3.6,"deaths":0,"injuries":0}},{"type":"Feature","geometry":{"type":"Point","coordinates":[-85.3,42.65]},"properties":{"id":"ncei-1965-10040664","year":1965,"month":4,"state":"MI","stateName":"Michigan","scale":3,"scaleLabel":"F3","lengthMiles":14.1,"deaths":0,"injuries":5}},{"type":"Feature","geometry":{"type":"Point","coordinates":[-85,41.8]},"properties":{"id":"ncei-1965-10040665","year":1965,"month":4,"state":"MI","stateName":"Michigan","scale":4,"scaleLabel":"F4","lengthMiles":9.2,"deaths":9,"injuries":200}},{"type":"Feature","geometry":{"type":"Point","coordinates":[-84.37,41.95]},"properties":{"id":"ncei-1965-10040666","year":1965,"month":4,"state":"MI","stateName":"Michigan","scale":4,"scaleLabel":"F4","lengthMiles":23.2,"deaths":5,"injuries":42}},{"type":"Feature","geometry":{"type":"Point","coordinates":[-84.83,41.87]},"properties":{"id":"ncei-1965-10040667","year":1965,"month":4,"state":"MI","stateName":"Michigan","scale":4,"scaleLabel":"F4","lengthMiles":24.5,"deaths":3,"injuries":47}},{"type":"Feature","geometry":{"type":"Point","coordinates":[-83.92,42]},"properties":{"id":"ncei-1965-10040668","year":1965,"month":4,"state":"MI","stateName":"Michigan","scale":4,"scaleLabel":"F4","lengthMiles":23.6,"deaths":6,"injuries":5}},{"type":"Feature","geometry":{"type":"Point","coordinates":[-84.65,42.85]},"properties":{"id":"ncei-1965-10040669","year":1965,"month":4,"state":"MI","stateName":"Michigan","scale":4,"scaleLabel":"F4","lengthMiles":14.5,"deaths":1,"injuries":8}},{"type":"Feature","geometry":{"type":"Point","coordinates":[-84.93,43.25]},"properties":{"id":"ncei-1965-10040672","year":1965,"month":4,"state":"MI","stateName":"Michigan","scale":2,"scaleLabel":"F2","lengthMiles":5.4,"deaths":0,"injuries":0}},{"type":"Feature","geometry":{"type":"Point","coordinates":[-84.62,43.38]},"properties":{"id":"ncei-1965-10040673","year":1965,"month":4,"state":"MI","stateName":"Michigan","scale":2,"scaleLabel":"F2","lengthMiles":0.1,"deaths":0,"injuries":0}},{"type":"Feature","geometry":{"type":"Point","coordinates":[-72.7,42.3]},"properties":{"id":"ncei-1965-10041477","year":1965,"month":5,"state":"MA","stateName":"Massachusetts","scale":1,"scaleLabel":"F1","lengthMiles":1.3,"deaths":0,"injuries":0}},{"type":"Feature","geometry":{"type":"Point","coordinates":[-70.8,41.7]},"properties":{"id":"ncei-1965-10041480","year":1965,"month":6,"state":"MA","stateName":"Massachusetts","scale":0,"scaleLabel":"F0","lengthMiles":0.1,"deaths":0,"injuries":0}},{"type":"Feature","geometry":{"type":"Point","coordinates":[-70.8,42.7]},"properties":{"id":"ncei-1965-10041483","year":1965,"month":8,"state":"MA","stateName":"Massachusetts","scale":1,"scaleLabel":"F1","lengthMiles":3.6,"deaths":0,"injuries":0}},{"type":"Feature","geometry":{"type":"Point","coordinates":[-71.33,42.7]},"properties":{"id":"ncei-1965-10041485","year":1965,"month":8,"state":"MA","stateName":"Massachusetts","scale":2,"scaleLabel":"F2","lengthMiles":2,"deaths":0,"injuries":0}},{"type":"Feature","geometry":{"type":"Point","coordinates":[-84.62,43.38]},"properties":{"id":"ncei-1965-10041521","year":1965,"month":4,"state":"MI","stateName":"Michigan","scale":2,"scaleLabel":"F2","lengthMiles":0.5,"deaths":0,"injuries":0}},{"type":"Feature","geometry":{"type":"Point","coordinates":[-84.6,43.37]},"properties":{"id":"ncei-1965-10041522","year":1965,"month":4,"state":"MI","stateName":"Michigan","scale":2,"scaleLabel":"F2","lengthMiles":1,"deaths":0,"injuries":0}},{"type":"Feature","geometry":{"type":"Point","coordinates":[-84.37,41.95]},"properties":{"id":"ncei-1965-10041523","year":1965,"month":4,"state":"MI","stateName":"Michigan","scale":4,"scaleLabel":"F4","lengthMiles":23.2,"deaths":4,"injuries":41}},{"type":"Feature","geometry":{"type":"Point","coordinates":[-84.83,43.3]},"properties":{"id":"ncei-1965-10041524","year":1965,"month":4,"state":"MI","stateName":"Michigan","scale":2,"scaleLabel":"F2","lengthMiles":9.7,"deaths":0,"injuries":1}},{"type":"Feature","geometry":{"type":"Point","coordinates":[-68.02,44.75]},"properties":{"id":"ncei-1965-10043751","year":1965,"month":6,"state":"ME","stateName":"Maine","scale":1,"scaleLabel":"F1","lengthMiles":1,"deaths":0,"injuries":3}},{"type":"Feature","geometry":{"type":"Point","coordinates":[-70.4,44.5]},"properties":{"id":"ncei-1965-10043752","year":1965,"month":6,"state":"ME","stateName":"Maine","scale":-1,"scaleLabel":"Unknown","lengthMiles":1.5,"deaths":0,"injuries":0}},{"type":"Feature","geometry":{"type":"Point","coordinates":[-67.82,46.92]},"properties":{"id":"ncei-1965-10043756","year":1965,"month":9,"state":"ME","stateName":"Maine","scale":1,"scaleLabel":"F1","lengthMiles":0.1,"deaths":0,"injuries":0}},{"type":"Feature","geometry":{"type":"Point","coordinates":[-90.33,32.33]},"properties":{"id":"ncei-1965-10048253","year":1965,"month":1,"state":"MS","stateName":"Mississippi","scale":1,"scaleLabel":"F1","lengthMiles":0,"deaths":0,"injuries":5}},{"type":"Feature","geometry":{"type":"Point","coordinates":[-89.32,33.85]},"properties":{"id":"ncei-1965-10048258","year":1965,"month":1,"state":"MS","stateName":"Mississippi","scale":2,"scaleLabel":"F2","lengthMiles":0.5,"deaths":0,"injuries":0}},{"type":"Feature","geometry":{"type":"Point","coordinates":[-91,33.33]},"properties":{"id":"ncei-1965-10048260","year":1965,"month":2,"state":"MS","stateName":"Mississippi","scale":1,"scaleLabel":"F1","lengthMiles":0,"deaths":0,"injuries":0}},{"type":"Feature","geometry":{"type":"Point","coordinates":[-90.27,34.92]},"properties":{"id":"ncei-1965-10048263","year":1965,"month":2,"state":"MS","stateName":"Mississippi","scale":2,"scaleLabel":"F2","lengthMiles":13.7,"deaths":0,"injuries":1}},{"type":"Feature","geometry":{"type":"Point","coordinates":[-89.12,32.57]},"properties":{"id":"ncei-1965-10049328","year":1965,"month":2,"state":"MS","stateName":"Mississippi","scale":2,"scaleLabel":"F2","lengthMiles":11.9,"deaths":0,"injuries":0}},{"type":"Feature","geometry":{"type":"Point","coordinates":[-90.22,31.3]},"properties":{"id":"ncei-1965-10049334","year":1965,"month":3,"state":"MS","stateName":"Mississippi","scale":2,"scaleLabel":"F2","lengthMiles":7.2,"deaths":0,"injuries":0}},{"type":"Feature","geometry":{"type":"Point","coordinates":[-88.78,34.5]},"properties":{"id":"ncei-1965-10049335","year":1965,"month":3,"state":"MS","stateName":"Mississippi","scale":3,"scaleLabel":"F3","lengthMiles":3,"deaths":0,"injuries":3}},{"type":"Feature","geometry":{"type":"Point","coordinates":[-88.73,34.52]},"properties":{"id":"ncei-1965-10049336","year":1965,"month":3,"state":"MS","stateName":"Mississippi","scale":3,"scaleLabel":"F3","lengthMiles":11.7,"deaths":0,"injuries":7}},{"type":"Feature","geometry":{"type":"Point","coordinates":[-88.13,34.87]},"properties":{"id":"ncei-1965-10049337","year":1965,"month":3,"state":"MS","stateName":"Mississippi","scale":2,"scaleLabel":"F2","lengthMiles":0.5,"deaths":0,"injuries":0}},{"type":"Feature","geometry":{"type":"Point","coordinates":[-88.43,33.47]},"properties":{"id":"ncei-1965-10049339","year":1965,"month":3,"state":"MS","stateName":"Mississippi","scale":3,"scaleLabel":"F3","lengthMiles":8.5,"deaths":0,"injuries":1}},{"type":"Feature","geometry":{"type":"Point","coordinates":[-89.18,32.63]},"properties":{"id":"ncei-1965-10049341","year":1965,"month":3,"state":"MS","stateName":"Mississippi","scale":1,"scaleLabel":"F1","lengthMiles":54.1,"deaths":0,"injuries":0}},{"type":"Feature","geometry":{"type":"Point","coordinates":[-90.28,34.23]},"properties":{"id":"ncei-1965-10049359","year":1965,"month":5,"state":"MS","stateName":"Mississippi","scale":1,"scaleLabel":"F1","lengthMiles":0.5,"deaths":0,"injuries":0}},{"type":"Feature","geometry":{"type":"Point","coordinates":[-90.13,31.12]},"properties":{"id":"ncei-1965-10049360","year":1965,"month":6,"state":"MS","stateName":"Mississippi","scale":2,"scaleLabel":"F2","lengthMiles":0,"deaths":0,"injuries":0}},{"type":"Feature","geometry":{"type":"Point","coordinates":[-89.35,32.35]},"properties":{"id":"ncei-1965-10049363","year":1965,"month":6,"state":"MS","stateName":"Mississippi","scale":2,"scaleLabel":"F2","lengthMiles":1,"deaths":0,"injuries":0}},{"type":"Feature","geometry":{"type":"Point","coordinates":[-89.83,31.35]},"properties":{"id":"ncei-1965-10049366","year":1965,"month":7,"state":"MS","stateName":"Mississippi","scale":2,"scaleLabel":"F2","lengthMiles":0,"deaths":0,"injuries":0}},{"type":"Feature","geometry":{"type":"Point","coordinates":[-90.08,31.97]},"properties":{"id":"ncei-1965-10049368","year":1965,"month":7,"state":"MS","stateName":"Mississippi","scale":1,"scaleLabel":"F1","lengthMiles":0.3,"deaths":0,"injuries":0}},{"type":"Feature","geometry":{"type":"Point","coordinates":[-89.58,33.28]},"properties":{"id":"ncei-1965-10049372","year":1965,"month":7,"state":"MS","stateName":"Mississippi","scale":1,"scaleLabel":"F1","lengthMiles":0,"deaths":0,"injuries":0}},{"type":"Feature","geometry":{"type":"Point","coordinates":[-89.45,31]},"properties":{"id":"ncei-1965-10049374","year":1965,"month":8,"state":"MS","stateName":"Mississippi","scale":1,"scaleLabel":"F1","lengthMiles":0.5,"deaths":0,"injuries":0}},{"type":"Feature","geometry":{"type":"Point","coordinates":[-89.73,31.87]},"properties":{"id":"ncei-1965-10049378","year":1965,"month":9,"state":"MS","stateName":"Mississippi","scale":1,"scaleLabel":"F1","lengthMiles":0,"deaths":0,"injuries":0}},{"type":"Feature","geometry":{"type":"Point","coordinates":[-89.02,34.85]},"properties":{"id":"ncei-1965-10049379","year":1965,"month":9,"state":"MS","stateName":"Mississippi","scale":1,"scaleLabel":"F1","lengthMiles":0,"deaths":0,"injuries":0}},{"type":"Feature","geometry":{"type":"Point","coordinates":[-90.17,32.4]},"properties":{"id":"ncei-1965-10049381","year":1965,"month":11,"state":"MS","stateName":"Mississippi","scale":1,"scaleLabel":"F1","lengthMiles":0,"deaths":0,"injuries":0}},{"type":"Feature","geometry":{"type":"Point","coordinates":[-89.43,31.43]},"properties":{"id":"ncei-1965-10049382","year":1965,"month":12,"state":"MS","stateName":"Mississippi","scale":1,"scaleLabel":"F1","lengthMiles":0.1,"deaths":0,"injuries":0}},{"type":"Feature","geometry":{"type":"Point","coordinates":[-91.9,43.85]},"properties":{"id":"ncei-1965-10054210","year":1965,"month":5,"state":"MN","stateName":"Minnesota","scale":0,"scaleLabel":"F0","lengthMiles":0.2,"deaths":0,"injuries":0}},{"type":"Feature","geometry":{"type":"Point","coordinates":[-92.6,43.5]},"properties":{"id":"ncei-1965-10054211","year":1965,"month":5,"state":"MN","stateName":"Minnesota","scale":2,"scaleLabel":"F2","lengthMiles":23.6,"deaths":0,"injuries":0}},{"type":"Feature","geometry":{"type":"Point","coordinates":[-93.75,44.78]},"properties":{"id":"ncei-1965-10054426","year":1965,"month":5,"state":"MN","stateName":"Minnesota","scale":4,"scaleLabel":"F4","lengthMiles":7.7,"deaths":3,"injuries":87}},{"type":"Feature","geometry":{"type":"Point","coordinates":[-93.73,44.9]},"properties":{"id":"ncei-1965-10054427","year":1965,"month":5,"state":"MN","stateName":"Minnesota","scale":4,"scaleLabel":"F4","lengthMiles":4.6,"deaths":0,"injuries":88}},{"type":"Feature","geometry":{"type":"Point","coordinates":[-93.53,44.85]},"properties":{"id":"ncei-1965-10054428","year":1965,"month":5,"state":"MN","stateName":"Minnesota","scale":4,"scaleLabel":"F4","lengthMiles":6.9,"deaths":0,"injuries":0}},{"type":"Feature","geometry":{"type":"Point","coordinates":[-94.17,44.68]},"properties":{"id":"ncei-1965-10054430","year":1965,"month":5,"state":"MN","stateName":"Minnesota","scale":3,"scaleLabel":"F3","lengthMiles":15.5,"deaths":0,"injuries":0}},{"type":"Feature","geometry":{"type":"Point","coordinates":[-93.98,44.67]},"properties":{"id":"ncei-1965-10054431","year":1965,"month":5,"state":"MN","stateName":"Minnesota","scale":2,"scaleLabel":"F2","lengthMiles":3,"deaths":1,"injuries":75}},{"type":"Feature","geometry":{"type":"Point","coordinates":[-93.93,44.72]},"properties":{"id":"ncei-1965-10054432","year":1965,"month":5,"state":"MN","stateName":"Minnesota","scale":2,"scaleLabel":"F2","lengthMiles":8.2,"deaths":0,"injuries":100}},{"type":"Feature","geometry":{"type":"Point","coordinates":[-93.28,45.03]},"properties":{"id":"ncei-1965-10054433","year":1965,"month":5,"state":"MN","stateName":"Minnesota","scale":4,"scaleLabel":"F4","lengthMiles":6.8,"deaths":3,"injuries":175}},{"type":"Feature","geometry":{"type":"Point","coordinates":[-93.38,44.98]},"properties":{"id":"ncei-1965-10054436","year":1965,"month":5,"state":"MN","stateName":"Minnesota","scale":4,"scaleLabel":"F4","lengthMiles":5.9,"deaths":6,"injuries":50}},{"type":"Feature","geometry":{"type":"Point","coordinates":[-93.28,45.05]},"properties":{"id":"ncei-1965-10054437","year":1965,"month":5,"state":"MN","stateName":"Minnesota","scale":4,"scaleLabel":"F4","lengthMiles":7.6,"deaths":0,"injuries":108}},{"type":"Feature","geometry":{"type":"Point","coordinates":[-93.17,45.13]},"properties":{"id":"ncei-1965-10054438","year":1965,"month":5,"state":"MN","stateName":"Minnesota","scale":4,"scaleLabel":"F4","lengthMiles":3.8,"deaths":0,"injuries":0}},{"type":"Feature","geometry":{"type":"Point","coordinates":[-93.08,44.22]},"properties":{"id":"ncei-1965-10054445","year":1965,"month":5,"state":"MN","stateName":"Minnesota","scale":0,"scaleLabel":"F0","lengthMiles":0.5,"deaths":0,"injuries":0}},{"type":"Feature","geometry":{"type":"Point","coordinates":[-96.27,44.72]},"properties":{"id":"ncei-1965-10054447","year":1965,"month":5,"state":"MN","stateName":"Minnesota","scale":1,"scaleLabel":"F1","lengthMiles":0.5,"deaths":0,"injuries":0}},{"type":"Feature","geometry":{"type":"Point","coordinates":[-93.42,44.37]},"properties":{"id":"ncei-1965-10054448","year":1965,"month":5,"state":"MN","stateName":"Minnesota","scale":0,"scaleLabel":"F0","lengthMiles":0.5,"deaths":0,"injuries":0}},{"type":"Feature","geometry":{"type":"Point","coordinates":[-93.22,44.65]},"properties":{"id":"ncei-1965-10054451","year":1965,"month":6,"state":"MN","stateName":"Minnesota","scale":1,"scaleLabel":"F1","lengthMiles":0,"deaths":0,"injuries":0}},{"type":"Feature","geometry":{"type":"Point","coordinates":[-94.9,44.12]},"properties":{"id":"ncei-1965-10054452","year":1965,"month":6,"state":"MN","stateName":"Minnesota","scale":1,"scaleLabel":"F1","lengthMiles":1,"deaths":0,"injuries":0}},{"type":"Feature","geometry":{"type":"Point","coordinates":[-94.8,46.02]},"properties":{"id":"ncei-1965-10054456","year":1965,"month":6,"state":"MN","stateName":"Minnesota","scale":0,"scaleLabel":"F0","lengthMiles":0,"deaths":0,"injuries":0}},{"type":"Feature","geometry":{"type":"Point","coordinates":[-93.77,45.3]},"properties":{"id":"ncei-1965-10054461","year":1965,"month":7,"state":"MN","stateName":"Minnesota","scale":0,"scaleLabel":"F0","lengthMiles":0,"deaths":0,"injuries":0}},{"type":"Feature","geometry":{"type":"Point","coordinates":[-94.52,44.32]},"properties":{"id":"ncei-1965-10054467","year":1965,"month":7,"state":"MN","stateName":"Minnesota","scale":0,"scaleLabel":"F0","lengthMiles":0,"deaths":0,"injuries":0}},{"type":"Feature","geometry":{"type":"Point","coordinates":[-95.82,45.65]},"properties":{"id":"ncei-1965-10054468","year":1965,"month":7,"state":"MN","stateName":"Minnesota","scale":0,"scaleLabel":"F0","lengthMiles":0,"deaths":0,"injuries":0}},{"type":"Feature","geometry":{"type":"Point","coordinates":[-94.5,44.32]},"properties":{"id":"ncei-1965-10054469","year":1965,"month":7,"state":"MN","stateName":"Minnesota","scale":0,"scaleLabel":"F0","lengthMiles":0,"deaths":0,"injuries":0}},{"type":"Feature","geometry":{"type":"Point","coordinates":[-95.2,44.95]},"properties":{"id":"ncei-1965-10054475","year":1965,"month":7,"state":"MN","stateName":"Minnesota","scale":0,"scaleLabel":"F0","lengthMiles":0.3,"deaths":0,"injuries":0}},{"type":"Feature","geometry":{"type":"Point","coordinates":[-92.98,45.28]},"properties":{"id":"ncei-1965-10054477","year":1965,"month":7,"state":"MN","stateName":"Minnesota","scale":2,"scaleLabel":"F2","lengthMiles":0.3,"deaths":0,"injuries":0}},{"type":"Feature","geometry":{"type":"Point","coordinates":[-94.1,45.98]},"properties":{"id":"ncei-1965-10054494","year":1965,"month":7,"state":"MN","stateName":"Minnesota","scale":1,"scaleLabel":"F1","lengthMiles":0,"deaths":0,"injuries":0}},{"type":"Feature","geometry":{"type":"Point","coordinates":[-94.92,45.72]},"properties":{"id":"ncei-1965-10055550","year":1965,"month":5,"state":"MN","stateName":"Minnesota","scale":1,"scaleLabel":"F1","lengthMiles":0.5,"deaths":0,"injuries":0}},{"type":"Feature","geometry":{"type":"Point","coordinates":[-95.42,45.9]},"properties":{"id":"ncei-1965-10055551","year":1965,"month":5,"state":"MN","stateName":"Minnesota","scale":2,"scaleLabel":"F2","lengthMiles":20.7,"deaths":0,"injuries":0}},{"type":"Feature","geometry":{"type":"Point","coordinates":[-94.2,44.5]},"properties":{"id":"ncei-1965-10055553","year":1965,"month":5,"state":"MN","stateName":"Minnesota","scale":1,"scaleLabel":"F1","lengthMiles":11.2,"deaths":0,"injuries":0}},{"type":"Feature","geometry":{"type":"Point","coordinates":[-95.42,46.47]},"properties":{"id":"ncei-1965-10055554","year":1965,"month":5,"state":"MN","stateName":"Minnesota","scale":2,"scaleLabel":"F2","lengthMiles":3.6,"deaths":0,"injuries":0}},{"type":"Feature","geometry":{"type":"Point","coordinates":[-95.5,46.85]},"properties":{"id":"ncei-1965-10055555","year":1965,"month":5,"state":"MN","stateName":"Minnesota","scale":2,"scaleLabel":"F2","lengthMiles":0,"deaths":0,"injuries":0}},{"type":"Feature","geometry":{"type":"Point","coordinates":[-92.02,43.5]},"properties":{"id":"ncei-1965-10055556","year":1965,"month":5,"state":"MN","stateName":"Minnesota","scale":3,"scaleLabel":"F3","lengthMiles":18.8,"deaths":0,"injuries":6}},{"type":"Feature","geometry":{"type":"Point","coordinates":[-91.73,43.68]},"properties":{"id":"ncei-1965-10055557","year":1965,"month":5,"state":"MN","stateName":"Minnesota","scale":3,"scaleLabel":"F3","lengthMiles":18,"deaths":0,"injuries":0}},{"type":"Feature","geometry":{"type":"Point","coordinates":[-91.45,43.85]},"properties":{"id":"ncei-1965-10055558","year":1965,"month":5,"state":"MN","stateName":"Minnesota","scale":3,"scaleLabel":"F3","lengthMiles":6.2,"deaths":0,"injuries":0}},{"type":"Feature","geometry":{"type":"Point","coordinates":[-92.22,44.12]},"properties":{"id":"ncei-1965-10055559","year":1965,"month":5,"state":"MN","stateName":"Minnesota","scale":0,"scaleLabel":"F0","lengthMiles":0.3,"deaths":0,"injuries":0}},{"type":"Feature","geometry":{"type":"Point","coordinates":[-93.97,43.9]},"properties":{"id":"ncei-1965-10055567","year":1965,"month":8,"state":"MN","stateName":"Minnesota","scale":1,"scaleLabel":"F1","lengthMiles":0,"deaths":0,"injuries":0}},{"type":"Feature","geometry":{"type":"Point","coordinates":[-94.1,45.9]},"properties":{"id":"ncei-1965-10055568","year":1965,"month":8,"state":"MN","stateName":"Minnesota","scale":0,"scaleLabel":"F0","lengthMiles":0,"deaths":0,"injuries":0}},{"type":"Feature","geometry":{"type":"Point","coordinates":[-91.5,43.62]},"properties":{"id":"ncei-1965-10055574","year":1965,"month":8,"state":"MN","stateName":"Minnesota","scale":1,"scaleLabel":"F1","lengthMiles":0,"deaths":0,"injuries":0}},{"type":"Feature","geometry":{"type":"Point","coordinates":[-93.35,45.37]},"properties":{"id":"ncei-1965-10055575","year":1965,"month":9,"state":"MN","stateName":"Minnesota","scale":1,"scaleLabel":"F1","lengthMiles":3.3,"deaths":0,"injuries":0}},{"type":"Feature","geometry":{"type":"Point","coordinates":[-91.63,39.12]},"properties":{"id":"ncei-1965-10056710","year":1965,"month":7,"state":"MO","stateName":"Missouri","scale":1,"scaleLabel":"F1","lengthMiles":1,"deaths":0,"injuries":0}},{"type":"Feature","geometry":{"type":"Point","coordinates":[-90.97,38.37]},"properties":{"id":"ncei-1965-10056720","year":1965,"month":8,"state":"MO","stateName":"Missouri","scale":1,"scaleLabel":"F1","lengthMiles":0.3,"deaths":0,"injuries":0}},{"type":"Feature","geometry":{"type":"Point","coordinates":[-90.38,38.18]},"properties":{"id":"ncei-1965-10056728","year":1965,"month":9,"state":"MO","stateName":"Missouri","scale":1,"scaleLabel":"F1","lengthMiles":3.6,"deaths":0,"injuries":0}},{"type":"Feature","geometry":{"type":"Point","coordinates":[-94.02,40.27]},"properties":{"id":"ncei-1965-10056743","year":1965,"month":9,"state":"MO","stateName":"Missouri","scale":0,"scaleLabel":"F0","lengthMiles":1,"deaths":0,"injuries":0}},{"type":"Feature","geometry":{"type":"Point","coordinates":[-94.07,40.25]},"properties":{"id":"ncei-1965-10056746","year":1965,"month":9,"state":"MO","stateName":"Missouri","scale":1,"scaleLabel":"F1","lengthMiles":0.2,"deaths":0,"injuries":0}},{"type":"Feature","geometry":{"type":"Point","coordinates":[-93.57,39.05]},"properties":{"id":"ncei-1965-10056747","year":1965,"month":9,"state":"MO","stateName":"Missouri","scale":2,"scaleLabel":"F2","lengthMiles":13,"deaths":0,"injuries":0}},{"type":"Feature","geometry":{"type":"Point","coordinates":[-93.03,39.52]},"properties":{"id":"ncei-1965-10056748","year":1965,"month":9,"state":"MO","stateName":"Missouri","scale":1,"scaleLabel":"F1","lengthMiles":1.3,"deaths":0,"injuries":0}},{"type":"Feature","geometry":{"type":"Point","coordinates":[-94.38,38.9]},"properties":{"id":"ncei-1965-10056749","year":1965,"month":9,"state":"MO","stateName":"Missouri","scale":2,"scaleLabel":"F2","lengthMiles":1.5,"deaths":0,"injuries":0}},{"type":"Feature","geometry":{"type":"Point","coordinates":[-93.5,39.55]},"properties":{"id":"ncei-1965-10056750","year":1965,"month":9,"state":"MO","stateName":"Missouri","scale":1,"scaleLabel":"F1","lengthMiles":2,"deaths":0,"injuries":0}},{"type":"Feature","geometry":{"type":"Point","coordinates":[-92.58,40.2]},"properties":{"id":"ncei-1965-10056751","year":1965,"month":9,"state":"MO","stateName":"Missouri","scale":0,"scaleLabel":"F0","lengthMiles":0.1,"deaths":0,"injuries":0}},{"type":"Feature","geometry":{"type":"Point","coordinates":[-89.92,36.9]},"properties":{"id":"ncei-1965-10056752","year":1965,"month":9,"state":"MO","stateName":"Missouri","scale":1,"scaleLabel":"F1","lengthMiles":0.5,"deaths":0,"injuries":0}},{"type":"Feature","geometry":{"type":"Point","coordinates":[-92.95,36.78]},"properties":{"id":"ncei-1965-10060503","year":1965,"month":4,"state":"MO","stateName":"Missouri","scale":1,"scaleLabel":"F1","lengthMiles":4.3,"deaths":0,"injuries":0}},{"type":"Feature","geometry":{"type":"Point","coordinates":[-93.37,37.05]},"properties":{"id":"ncei-1965-10060504","year":1965,"month":4,"state":"MO","stateName":"Missouri","scale":1,"scaleLabel":"F1","lengthMiles":1,"deaths":0,"injuries":0}},{"type":"Feature","geometry":{"type":"Point","coordinates":[-94.3,37.32]},"properties":{"id":"ncei-1965-10060506","year":1965,"month":4,"state":"MO","stateName":"Missouri","scale":1,"scaleLabel":"F1","lengthMiles":1.5,"deaths":0,"injuries":0}},{"type":"Feature","geometry":{"type":"Point","coordinates":[-93.12,36.7]},"properties":{"id":"ncei-1965-10060512","year":1965,"month":4,"state":"MO","stateName":"Missouri","scale":1,"scaleLabel":"F1","lengthMiles":1.5,"deaths":0,"injuries":0}},{"type":"Feature","geometry":{"type":"Point","coordinates":[-95.03,39.48]},"properties":{"id":"ncei-1965-10060514","year":1965,"month":4,"state":"MO","stateName":"Missouri","scale":0,"scaleLabel":"F0","lengthMiles":2,"deaths":0,"injuries":0}},{"type":"Feature","geometry":{"type":"Point","coordinates":[-95,39.48]},"properties":{"id":"ncei-1965-10060515","year":1965,"month":4,"state":"MO","stateName":"Missouri","scale":3,"scaleLabel":"F3","lengthMiles":4.5,"deaths":0,"injuries":9}},{"type":"Feature","geometry":{"type":"Point","coordinates":[-94.95,39.53]},"properties":{"id":"ncei-1965-10060516","year":1965,"month":4,"state":"MO","stateName":"Missouri","scale":3,"scaleLabel":"F3","lengthMiles":14,"deaths":0,"injuries":2}},{"type":"Feature","geometry":{"type":"Point","coordinates":[-94.42,39.78]},"properties":{"id":"ncei-1965-10060517","year":1965,"month":4,"state":"MO","stateName":"Missouri","scale":2,"scaleLabel":"F2","lengthMiles":9.6,"deaths":0,"injuries":7}},{"type":"Feature","geometry":{"type":"Point","coordinates":[-93.7,40.08]},"properties":{"id":"ncei-1965-10060518","year":1965,"month":4,"state":"MO","stateName":"Missouri","scale":2,"scaleLabel":"F2","lengthMiles":10.3,"deaths":0,"injuries":1}},{"type":"Feature","geometry":{"type":"Point","coordinates":[-93.78,39.95]},"properties":{"id":"ncei-1965-10060520","year":1965,"month":4,"state":"MO","stateName":"Missouri","scale":2,"scaleLabel":"F2","lengthMiles":0,"deaths":0,"injuries":0}},{"type":"Feature","geometry":{"type":"Point","coordinates":[-93.77,39.95]},"properties":{"id":"ncei-1965-10060521","year":1965,"month":4,"state":"MO","stateName":"Missouri","scale":2,"scaleLabel":"F2","lengthMiles":11.1,"deaths":0,"injuries":1}},{"type":"Feature","geometry":{"type":"Point","coordinates":[-94.12,38.65]},"properties":{"id":"ncei-1965-10060522","year":1965,"month":4,"state":"MO","stateName":"Missouri","scale":1,"scaleLabel":"F1","lengthMiles":0.2,"deaths":0,"injuries":0}},{"type":"Feature","geometry":{"type":"Point","coordinates":[-91.65,37.62]},"properties":{"id":"ncei-1965-10060536","year":1965,"month":5,"state":"MO","stateName":"Missouri","scale":1,"scaleLabel":"F1","lengthMiles":7.4,"deaths":0,"injuries":0}},{"type":"Feature","geometry":{"type":"Point","coordinates":[-94.33,38.77]},"properties":{"id":"ncei-1965-10060538","year":1965,"month":5,"state":"MO","stateName":"Missouri","scale":1,"scaleLabel":"F1","lengthMiles":10.4,"deaths":0,"injuries":0}},{"type":"Feature","geometry":{"type":"Point","coordinates":[-94.35,38.97]},"properties":{"id":"ncei-1965-10060539","year":1965,"month":5,"state":"MO","stateName":"Missouri","scale":2,"scaleLabel":"F2","lengthMiles":4.9,"deaths":0,"injuries":4}},{"type":"Feature","geometry":{"type":"Point","coordinates":[-93.53,39.33]},"properties":{"id":"ncei-1965-10060542","year":1965,"month":5,"state":"MO","stateName":"Missouri","scale":0,"scaleLabel":"F0","lengthMiles":0.1,"deaths":0,"injuries":0}},{"type":"Feature","geometry":{"type":"Point","coordinates":[-94.35,38.6]},"properties":{"id":"ncei-1965-10060555","year":1965,"month":6,"state":"MO","stateName":"Missouri","scale":0,"scaleLabel":"F0","lengthMiles":0.1,"deaths":0,"injuries":0}},{"type":"Feature","geometry":{"type":"Point","coordinates":[-92.27,38.78]},"properties":{"id":"ncei-1965-10062822","year":1965,"month":1,"state":"MO","stateName":"Missouri","scale":0,"scaleLabel":"F0","lengthMiles":0.1,"deaths":0,"injuries":0}},{"type":"Feature","geometry":{"type":"Point","coordinates":[-93.88,37.32]},"properties":{"id":"ncei-1965-10064742","year":1965,"month":4,"state":"MO","stateName":"Missouri","scale":0,"scaleLabel":"F0","lengthMiles":0.1,"deaths":0,"injuries":0}},{"type":"Feature","geometry":{"type":"Point","coordinates":[-96.85,42.65]},"properties":{"id":"ncei-1965-10066859","year":1965,"month":5,"state":"NE","stateName":"Nebraska","scale":0,"scaleLabel":"F0","lengthMiles":0,"deaths":0,"injuries":0}},{"type":"Feature","geometry":{"type":"Point","coordinates":[-98.75,41.05]},"properties":{"id":"ncei-1965-10066863","year":1965,"month":5,"state":"NE","stateName":"Nebraska","scale":3,"scaleLabel":"F3","lengthMiles":10.2,"deaths":0,"injuries":0}},{"type":"Feature","geometry":{"type":"Point","coordinates":[-98.67,41.23]},"properties":{"id":"ncei-1965-10066864","year":1965,"month":5,"state":"NE","stateName":"Nebraska","scale":4,"scaleLabel":"F4","lengthMiles":78.9,"deaths":0,"injuries":0}},{"type":"Feature","geometry":{"type":"Point","coordinates":[-99.48,42.35]},"properties":{"id":"ncei-1965-10066865","year":1965,"month":5,"state":"NE","stateName":"Nebraska","scale":2,"scaleLabel":"F2","lengthMiles":44.9,"deaths":0,"injuries":0}},{"type":"Feature","geometry":{"type":"Point","coordinates":[-97.57,40.17]},"properties":{"id":"ncei-1965-10066866","year":1965,"month":5,"state":"NE","stateName":"Nebraska","scale":3,"scaleLabel":"F3","lengthMiles":40.1,"deaths":0,"injuries":0}},{"type":"Feature","geometry":{"type":"Point","coordinates":[-100.5,41.48]},"properties":{"id":"ncei-1965-10066867","year":1965,"month":5,"state":"NE","stateName":"Nebraska","scale":1,"scaleLabel":"F1","lengthMiles":89.8,"deaths":0,"injuries":0}},{"type":"Feature","geometry":{"type":"Point","coordinates":[-96.43,40.82]},"properties":{"id":"ncei-1965-10066868","year":1965,"month":5,"state":"NE","stateName":"Nebraska","scale":1,"scaleLabel":"F1","lengthMiles":0,"deaths":0,"injuries":0}},{"type":"Feature","geometry":{"type":"Point","coordinates":[-99.1,42.1]},"properties":{"id":"ncei-1965-10066869","year":1965,"month":5,"state":"NE","stateName":"Nebraska","scale":3,"scaleLabel":"F3","lengthMiles":44.8,"deaths":0,"injuries":0}},{"type":"Feature","geometry":{"type":"Point","coordinates":[-97.93,40.88]},"properties":{"id":"ncei-1965-10066871","year":1965,"month":5,"state":"NE","stateName":"Nebraska","scale":1,"scaleLabel":"F1","lengthMiles":0,"deaths":0,"injuries":0}},{"type":"Feature","geometry":{"type":"Point","coordinates":[-99.83,42.55]},"properties":{"id":"ncei-1965-10066872","year":1965,"month":5,"state":"NE","stateName":"Nebraska","scale":2,"scaleLabel":"F2","lengthMiles":4.1,"deaths":0,"injuries":0}},{"type":"Feature","geometry":{"type":"Point","coordinates":[-100.03,42.57]},"properties":{"id":"ncei-1965-10066873","year":1965,"month":5,"state":"NE","stateName":"Nebraska","scale":2,"scaleLabel":"F2","lengthMiles":9,"deaths":0,"injuries":0}},{"type":"Feature","geometry":{"type":"Point","coordinates":[-98.6,40.87]},"properties":{"id":"ncei-1965-10066874","year":1965,"month":5,"state":"NE","stateName":"Nebraska","scale":4,"scaleLabel":"F4","lengthMiles":49.9,"deaths":0,"injuries":0}},{"type":"Feature","geometry":{"type":"Point","coordinates":[-98.22,40.93]},"properties":{"id":"ncei-1965-10066877","year":1965,"month":5,"state":"NE","stateName":"Nebraska","scale":1,"scaleLabel":"F1","lengthMiles":7.2,"deaths":0,"injuries":0}},{"type":"Feature","geometry":{"type":"Point","coordinates":[-98.77,42.88]},"properties":{"id":"ncei-1965-10066879","year":1965,"month":5,"state":"NE","stateName":"Nebraska","scale":0,"scaleLabel":"F0","lengthMiles":0,"deaths":0,"injuries":0}},{"type":"Feature","geometry":{"type":"Point","coordinates":[-97.35,41.42]},"properties":{"id":"ncei-1965-10066880","year":1965,"month":5,"state":"NE","stateName":"Nebraska","scale":2,"scaleLabel":"F2","lengthMiles":24,"deaths":0,"injuries":0}},{"type":"Feature","geometry":{"type":"Point","coordinates":[-97.15,42.18]},"properties":{"id":"ncei-1965-10066881","year":1965,"month":5,"state":"NE","stateName":"Nebraska","scale":1,"scaleLabel":"F1","lengthMiles":41.5,"deaths":0,"injuries":0}},{"type":"Feature","geometry":{"type":"Point","coordinates":[-98.28,41.55]},"properties":{"id":"ncei-1965-10066882","year":1965,"month":5,"state":"NE","stateName":"Nebraska","scale":4,"scaleLabel":"F4","lengthMiles":27.2,"deaths":4,"injuries":53}},{"type":"Feature","geometry":{"type":"Point","coordinates":[-98.08,41.92]},"properties":{"id":"ncei-1965-10066883","year":1965,"month":5,"state":"NE","stateName":"Nebraska","scale":4,"scaleLabel":"F4","lengthMiles":48.6,"deaths":0,"injuries":0}},{"type":"Feature","geometry":{"type":"Point","coordinates":[-98.2,40.9]},"properties":{"id":"ncei-1965-10066886","year":1965,"month":5,"state":"NE","stateName":"Nebraska","scale":1,"scaleLabel":"F1","lengthMiles":0,"deaths":0,"injuries":0}},{"type":"Feature","geometry":{"type":"Point","coordinates":[-97.53,41.32]},"properties":{"id":"ncei-1965-10066887","year":1965,"month":5,"state":"NE","stateName":"Nebraska","scale":0,"scaleLabel":"F0","lengthMiles":0,"deaths":0,"injuries":0}},{"type":"Feature","geometry":{"type":"Point","coordinates":[-96.97,41.33]},"properties":{"id":"ncei-1965-10066888","year":1965,"month":5,"state":"NE","stateName":"Nebraska","scale":0,"scaleLabel":"F0","lengthMiles":0.3,"deaths":0,"injuries":0}},{"type":"Feature","geometry":{"type":"Point","coordinates":[-102.88,41.02]},"properties":{"id":"ncei-1965-10066895","year":1965,"month":5,"state":"NE","stateName":"Nebraska","scale":1,"scaleLabel":"F1","lengthMiles":3,"deaths":0,"injuries":0}},{"type":"Feature","geometry":{"type":"Point","coordinates":[-99.25,40.72]},"properties":{"id":"ncei-1965-10066897","year":1965,"month":5,"state":"NE","stateName":"Nebraska","scale":1,"scaleLabel":"F1","lengthMiles":150,"deaths":0,"injuries":0}},{"type":"Feature","geometry":{"type":"Point","coordinates":[-103.92,41.97]},"properties":{"id":"ncei-1965-10066898","year":1965,"month":5,"state":"NE","stateName":"Nebraska","scale":1,"scaleLabel":"F1","lengthMiles":0,"deaths":0,"injuries":0}},{"type":"Feature","geometry":{"type":"Point","coordinates":[-103.23,41.03]},"properties":{"id":"ncei-1965-10067760","year":1965,"month":5,"state":"NE","stateName":"Nebraska","scale":1,"scaleLabel":"F1","lengthMiles":0,"deaths":0,"injuries":0}},{"type":"Feature","geometry":{"type":"Point","coordinates":[-103.02,42.83]},"properties":{"id":"ncei-1965-10067761","year":1965,"month":5,"state":"NE","stateName":"Nebraska","scale":1,"scaleLabel":"F1","lengthMiles":0,"deaths":0,"injuries":0}},{"type":"Feature","geometry":{"type":"Point","coordinates":[-100.5,41.48]},"properties":{"id":"ncei-1965-10067979","year":1965,"month":5,"state":"NE","stateName":"Nebraska","scale":2,"scaleLabel":"F2","lengthMiles":34.6,"deaths":0,"injuries":0}},{"type":"Feature","geometry":{"type":"Point","coordinates":[-97.67,40.88]},"properties":{"id":"ncei-1965-10067980","year":1965,"month":5,"state":"NE","stateName":"Nebraska","scale":0,"scaleLabel":"F0","lengthMiles":0.2,"deaths":0,"injuries":0}},{"type":"Feature","geometry":{"type":"Point","coordinates":[-99.35,40.1]},"properties":{"id":"ncei-1965-10067981","year":1965,"month":5,"state":"NE","stateName":"Nebraska","scale":1,"scaleLabel":"F1","lengthMiles":35.2,"deaths":0,"injuries":0}},{"type":"Feature","geometry":{"type":"Point","coordinates":[-98.7,40.03]},"properties":{"id":"ncei-1965-10067983","year":1965,"month":5,"state":"NE","stateName":"Nebraska","scale":2,"scaleLabel":"F2","lengthMiles":39.3,"deaths":0,"injuries":0}},{"type":"Feature","geometry":{"type":"Point","coordinates":[-97.17,40.12]},"properties":{"id":"ncei-1965-10067984","year":1965,"month":5,"state":"NE","stateName":"Nebraska","scale":-1,"scaleLabel":"Unknown","lengthMiles":0,"deaths":0,"injuries":0}},{"type":"Feature","geometry":{"type":"Point","coordinates":[-98.62,40.83]},"properties":{"id":"ncei-1965-10067985","year":1965,"month":5,"state":"NE","stateName":"Nebraska","scale":-1,"scaleLabel":"Unknown","lengthMiles":0,"deaths":0,"injuries":0}},{"type":"Feature","geometry":{"type":"Point","coordinates":[-98.35,40.83]},"properties":{"id":"ncei-1965-10067987","year":1965,"month":5,"state":"NE","stateName":"Nebraska","scale":-1,"scaleLabel":"Unknown","lengthMiles":0,"deaths":0,"injuries":0}},{"type":"Feature","geometry":{"type":"Point","coordinates":[-97.88,41.07]},"properties":{"id":"ncei-1965-10067988","year":1965,"month":5,"state":"NE","stateName":"Nebraska","scale":-1,"scaleLabel":"Unknown","lengthMiles":0,"deaths":0,"injuries":0}},{"type":"Feature","geometry":{"type":"Point","coordinates":[-99.03,40.33]},"properties":{"id":"ncei-1965-10067992","year":1965,"month":6,"state":"NE","stateName":"Nebraska","scale":-1,"scaleLabel":"Unknown","lengthMiles":0,"deaths":0,"injuries":0}},{"type":"Feature","geometry":{"type":"Point","coordinates":[-103.45,41.37]},"properties":{"id":"ncei-1965-10067995","year":1965,"month":6,"state":"NE","stateName":"Nebraska","scale":-1,"scaleLabel":"Unknown","lengthMiles":0,"deaths":0,"injuries":0}},{"type":"Feature","geometry":{"type":"Point","coordinates":[-102.78,41.6]},"properties":{"id":"ncei-1965-10067996","year":1965,"month":6,"state":"NE","stateName":"Nebraska","scale":2,"scaleLabel":"F2","lengthMiles":8.7,"deaths":0,"injuries":0}},{"type":"Feature","geometry":{"type":"Point","coordinates":[-102.67,41.5]},"properties":{"id":"ncei-1965-10067999","year":1965,"month":6,"state":"NE","stateName":"Nebraska","scale":0,"scaleLabel":"F0","lengthMiles":0,"deaths":0,"injuries":0}},{"type":"Feature","geometry":{"type":"Point","coordinates":[-103.67,41.08]},"properties":{"id":"ncei-1965-10068003","year":1965,"month":6,"state":"NE","stateName":"Nebraska","scale":0,"scaleLabel":"F0","lengthMiles":0.2,"deaths":0,"injuries":0}},{"type":"Feature","geometry":{"type":"Point","coordinates":[-103.98,41.87]},"properties":{"id":"ncei-1965-10068004","year":1965,"month":6,"state":"NE","stateName":"Nebraska","scale":-1,"scaleLabel":"Unknown","lengthMiles":0,"deaths":0,"injuries":0}},{"type":"Feature","geometry":{"type":"Point","coordinates":[-98.18,40.18]},"properties":{"id":"ncei-1965-10068005","year":1965,"month":6,"state":"NE","stateName":"Nebraska","scale":-1,"scaleLabel":"Unknown","lengthMiles":0,"deaths":0,"injuries":0}},{"type":"Feature","geometry":{"type":"Point","coordinates":[-99.1,41.9]},"properties":{"id":"ncei-1965-10068006","year":1965,"month":6,"state":"NE","stateName":"Nebraska","scale":1,"scaleLabel":"F1","lengthMiles":44.6,"deaths":0,"injuries":0}},{"type":"Feature","geometry":{"type":"Point","coordinates":[-96.42,40.72]},"properties":{"id":"ncei-1965-10068024","year":1965,"month":7,"state":"NE","stateName":"Nebraska","scale":3,"scaleLabel":"F3","lengthMiles":12.8,"deaths":0,"injuries":1}},{"type":"Feature","geometry":{"type":"Point","coordinates":[-96.42,40.77]},"properties":{"id":"ncei-1965-10068025","year":1965,"month":7,"state":"NE","stateName":"Nebraska","scale":1,"scaleLabel":"F1","lengthMiles":2.5,"deaths":0,"injuries":0}},{"type":"Feature","geometry":{"type":"Point","coordinates":[-95.85,40.67]},"properties":{"id":"ncei-1965-10068026","year":1965,"month":7,"state":"NE","stateName":"Nebraska","scale":1,"scaleLabel":"F1","lengthMiles":13.5,"deaths":0,"injuries":0}},{"type":"Feature","geometry":{"type":"Point","coordinates":[-103.78,41.62]},"properties":{"id":"ncei-1965-10068031","year":1965,"month":7,"state":"NE","stateName":"Nebraska","scale":-1,"scaleLabel":"Unknown","lengthMiles":0,"deaths":0,"injuries":0}},{"type":"Feature","geometry":{"type":"Point","coordinates":[-100.98,41.15]},"properties":{"id":"ncei-1965-10068033","year":1965,"month":7,"state":"NE","stateName":"Nebraska","scale":-1,"scaleLabel":"Unknown","lengthMiles":0,"deaths":0,"injuries":0}},{"type":"Feature","geometry":{"type":"Point","coordinates":[-102.65,41.17]},"properties":{"id":"ncei-1965-10068045","year":1965,"month":7,"state":"NE","stateName":"Nebraska","scale":0,"scaleLabel":"F0","lengthMiles":0,"deaths":0,"injuries":0}},{"type":"Feature","geometry":{"type":"Point","coordinates":[-112.9,45.6]},"properties":{"id":"ncei-1965-10070057","year":1965,"month":5,"state":"MT","stateName":"Montana","scale":-1,"scaleLabel":"Unknown","lengthMiles":0,"deaths":0,"injuries":0}},{"type":"Feature","geometry":{"type":"Point","coordinates":[-108.5,45.8]},"properties":{"id":"ncei-1965-10070060","year":1965,"month":6,"state":"MT","stateName":"Montana","scale":-1,"scaleLabel":"Unknown","lengthMiles":20.6,"deaths":0,"injuries":0}},{"type":"Feature","geometry":{"type":"Point","coordinates":[-110.4,46.8]},"properties":{"id":"ncei-1965-10070072","year":1965,"month":7,"state":"MT","stateName":"Montana","scale":2,"scaleLabel":"F2","lengthMiles":2,"deaths":0,"injuries":1}},{"type":"Feature","geometry":{"type":"Point","coordinates":[-110.8,47.8]},"properties":{"id":"ncei-1965-10070073","year":1965,"month":7,"state":"MT","stateName":"Montana","scale":-1,"scaleLabel":"Unknown","lengthMiles":0.2,"deaths":0,"injuries":5}},{"type":"Feature","geometry":{"type":"Point","coordinates":[-104.8,46.6]},"properties":{"id":"ncei-1965-10070078","year":1965,"month":7,"state":"MT","stateName":"Montana","scale":2,"scaleLabel":"F2","lengthMiles":5.4,"deaths":0,"injuries":0}},{"type":"Feature","geometry":{"type":"Point","coordinates":[-107.6,45.5]},"properties":{"id":"ncei-1965-10070081","year":1965,"month":7,"state":"MT","stateName":"Montana","scale":-1,"scaleLabel":"Unknown","lengthMiles":0,"deaths":0,"injuries":0}},{"type":"Feature","geometry":{"type":"Point","coordinates":[-104.7,45.6]},"properties":{"id":"ncei-1965-10070083","year":1965,"month":7,"state":"MT","stateName":"Montana","scale":-1,"scaleLabel":"Unknown","lengthMiles":0.1,"deaths":0,"injuries":0}},{"type":"Feature","geometry":{"type":"Point","coordinates":[-105.4,48.9]},"properties":{"id":"ncei-1965-10070090","year":1965,"month":8,"state":"MT","stateName":"Montana","scale":-1,"scaleLabel":"Unknown","lengthMiles":0,"deaths":0,"injuries":0}},{"type":"Feature","geometry":{"type":"Point","coordinates":[-110,45.8]},"properties":{"id":"ncei-1965-10070094","year":1965,"month":8,"state":"MT","stateName":"Montana","scale":1,"scaleLabel":"F1","lengthMiles":1.5,"deaths":0,"injuries":0}},{"type":"Feature","geometry":{"type":"Point","coordinates":[-78.5,42.42]},"properties":{"id":"ncei-1965-10074883","year":1965,"month":8,"state":"NY","stateName":"New York","scale":0,"scaleLabel":"F0","lengthMiles":0.1,"deaths":0,"injuries":0}},{"type":"Feature","geometry":{"type":"Point","coordinates":[-79.47,42.27]},"properties":{"id":"ncei-1965-10074890","year":1965,"month":9,"state":"NY","stateName":"New York","scale":-1,"scaleLabel":"Unknown","lengthMiles":0.3,"deaths":0,"injuries":0}},{"type":"Feature","geometry":{"type":"Point","coordinates":[-79.5,42.1]},"properties":{"id":"ncei-1965-10077977","year":1965,"month":5,"state":"NY","stateName":"New York","scale":2,"scaleLabel":"F2","lengthMiles":0,"deaths":0,"injuries":3}},{"type":"Feature","geometry":{"type":"Point","coordinates":[-78.45,42.65]},"properties":{"id":"ncei-1965-10077988","year":1965,"month":7,"state":"NY","stateName":"New York","scale":1,"scaleLabel":"F1","lengthMiles":1,"deaths":0,"injuries":0}},{"type":"Feature","geometry":{"type":"Point","coordinates":[-75.2,43.45]},"properties":{"id":"ncei-1965-10077991","year":1965,"month":8,"state":"NY","stateName":"New York","scale":0,"scaleLabel":"F0","lengthMiles":0.1,"deaths":0,"injuries":0}},{"type":"Feature","geometry":{"type":"Point","coordinates":[-83.7,35.07]},"properties":{"id":"ncei-1965-10077998","year":1965,"month":1,"state":"NC","stateName":"North Carolina","scale":1,"scaleLabel":"F1","lengthMiles":0,"deaths":0,"injuries":0}},{"type":"Feature","geometry":{"type":"Point","coordinates":[-77.22,35]},"properties":{"id":"ncei-1965-10078009","year":1965,"month":3,"state":"NC","stateName":"North Carolina","scale":3,"scaleLabel":"F3","lengthMiles":8.2,"deaths":1,"injuries":5}},{"type":"Feature","geometry":{"type":"Point","coordinates":[-77.1,35.07]},"properties":{"id":"ncei-1965-10078010","year":1965,"month":3,"state":"NC","stateName":"North Carolina","scale":3,"scaleLabel":"F3","lengthMiles":9.1,"deaths":0,"injuries":40}},{"type":"Feature","geometry":{"type":"Point","coordinates":[-76.95,35.12]},"properties":{"id":"ncei-1965-10078012","year":1965,"month":3,"state":"NC","stateName":"North Carolina","scale":3,"scaleLabel":"F3","lengthMiles":24,"deaths":1,"injuries":40}},{"type":"Feature","geometry":{"type":"Point","coordinates":[-81.93,36.18]},"properties":{"id":"ncei-1965-10078013","year":1965,"month":4,"state":"NC","stateName":"North Carolina","scale":2,"scaleLabel":"F2","lengthMiles":0.5,"deaths":0,"injuries":1}},{"type":"Feature","geometry":{"type":"Point","coordinates":[-80.5,35.65]},"properties":{"id":"ncei-1965-10078017","year":1965,"month":4,"state":"NC","stateName":"North Carolina","scale":1,"scaleLabel":"F1","lengthMiles":5.1,"deaths":0,"injuries":0}},{"type":"Feature","geometry":{"type":"Point","coordinates":[-78,34.7]},"properties":{"id":"ncei-1965-10078025","year":1965,"month":7,"state":"NC","stateName":"North Carolina","scale":2,"scaleLabel":"F2","lengthMiles":0,"deaths":0,"injuries":0}},{"type":"Feature","geometry":{"type":"Point","coordinates":[-80.5,35.4]},"properties":{"id":"ncei-1965-10078030","year":1965,"month":7,"state":"NC","stateName":"North Carolina","scale":1,"scaleLabel":"F1","lengthMiles":0,"deaths":0,"injuries":0}},{"type":"Feature","geometry":{"type":"Point","coordinates":[-80.8,35.3]},"properties":{"id":"ncei-1965-10078034","year":1965,"month":9,"state":"NC","stateName":"North Carolina","scale":2,"scaleLabel":"F2","lengthMiles":0.3,"deaths":0,"injuries":0}},{"type":"Feature","geometry":{"type":"Point","coordinates":[-79.83,35.65]},"properties":{"id":"ncei-1965-10078036","year":1965,"month":10,"state":"NC","stateName":"North Carolina","scale":3,"scaleLabel":"F3","lengthMiles":1,"deaths":1,"injuries":4}},{"type":"Feature","geometry":{"type":"Point","coordinates":[-79.4,35.65]},"properties":{"id":"ncei-1965-10078037","year":1965,"month":10,"state":"NC","stateName":"North Carolina","scale":2,"scaleLabel":"F2","lengthMiles":6.1,"deaths":0,"injuries":0}},{"type":"Feature","geometry":{"type":"Point","coordinates":[-104.4,32.9]},"properties":{"id":"ncei-1965-10079527","year":1965,"month":4,"state":"NM","stateName":"New Mexico","scale":1,"scaleLabel":"F1","lengthMiles":0.3,"deaths":0,"injuries":0}},{"type":"Feature","geometry":{"type":"Point","coordinates":[-106,35]},"properties":{"id":"ncei-1965-10079535","year":1965,"month":5,"state":"NM","stateName":"New Mexico","scale":0,"scaleLabel":"F0","lengthMiles":0,"deaths":0,"injuries":0}},{"type":"Feature","geometry":{"type":"Point","coordinates":[-106.58,35.18]},"properties":{"id":"ncei-1965-10079540","year":1965,"month":5,"state":"NM","stateName":"New Mexico","scale":1,"scaleLabel":"F1","lengthMiles":0,"deaths":0,"injuries":0}},{"type":"Feature","geometry":{"type":"Point","coordinates":[-103.2,36.13]},"properties":{"id":"ncei-1965-10079541","year":1965,"month":6,"state":"NM","stateName":"New Mexico","scale":0,"scaleLabel":"F0","lengthMiles":0,"deaths":0,"injuries":0}},{"type":"Feature","geometry":{"type":"Point","coordinates":[-104.5,33.4]},"properties":{"id":"ncei-1965-10079544","year":1965,"month":6,"state":"NM","stateName":"New Mexico","scale":1,"scaleLabel":"F1","lengthMiles":0.3,"deaths":0,"injuries":3}},{"type":"Feature","geometry":{"type":"Point","coordinates":[-104.5,33.3]},"properties":{"id":"ncei-1965-10079545","year":1965,"month":6,"state":"NM","stateName":"New Mexico","scale":1,"scaleLabel":"F1","lengthMiles":0.1,"deaths":0,"injuries":0}},{"type":"Feature","geometry":{"type":"Point","coordinates":[-103.5,34.8]},"properties":{"id":"ncei-1965-10079547","year":1965,"month":6,"state":"NM","stateName":"New Mexico","scale":1,"scaleLabel":"F1","lengthMiles":4.3,"deaths":0,"injuries":0}},{"type":"Feature","geometry":{"type":"Point","coordinates":[-103.2,33.9]},"properties":{"id":"ncei-1965-10079548","year":1965,"month":6,"state":"NM","stateName":"New Mexico","scale":1,"scaleLabel":"F1","lengthMiles":0.5,"deaths":0,"injuries":0}},{"type":"Feature","geometry":{"type":"Point","coordinates":[-105.3,35.9]},"properties":{"id":"ncei-1965-10079552","year":1965,"month":6,"state":"NM","stateName":"New Mexico","scale":0,"scaleLabel":"F0","lengthMiles":0.1,"deaths":0,"injuries":0}},{"type":"Feature","geometry":{"type":"Point","coordinates":[-104.5,33.48]},"properties":{"id":"ncei-1965-10080620","year":1965,"month":6,"state":"NM","stateName":"New Mexico","scale":0,"scaleLabel":"F0","lengthMiles":0,"deaths":0,"injuries":0}},{"type":"Feature","geometry":{"type":"Point","coordinates":[-103.65,35.22]},"properties":{"id":"ncei-1965-10080621","year":1965,"month":6,"state":"NM","stateName":"New Mexico","scale":0,"scaleLabel":"F0","lengthMiles":0,"deaths":0,"injuries":0}},{"type":"Feature","geometry":{"type":"Point","coordinates":[-103.23,33.98]},"properties":{"id":"ncei-1965-10080622","year":1965,"month":6,"state":"NM","stateName":"New Mexico","scale":2,"scaleLabel":"F2","lengthMiles":10.5,"deaths":0,"injuries":0}},{"type":"Feature","geometry":{"type":"Point","coordinates":[-107.4,34]},"properties":{"id":"ncei-1965-10080629","year":1965,"month":8,"state":"NM","stateName":"New Mexico","scale":0,"scaleLabel":"F0","lengthMiles":0,"deaths":0,"injuries":0}},{"type":"Feature","geometry":{"type":"Point","coordinates":[-103.03,36.4]},"properties":{"id":"ncei-1965-10080638","year":1965,"month":9,"state":"NM","stateName":"New Mexico","scale":2,"scaleLabel":"F2","lengthMiles":5.1,"deaths":0,"injuries":0}},{"type":"Feature","geometry":{"type":"Point","coordinates":[-71.13,43.97]},"properties":{"id":"ncei-1965-10082501","year":1965,"month":6,"state":"NH","stateName":"New Hampshire","scale":0,"scaleLabel":"F0","lengthMiles":0.1,"deaths":0,"injuries":0}},{"type":"Feature","geometry":{"type":"Point","coordinates":[-72.5,42.8]},"properties":{"id":"ncei-1965-10082502","year":1965,"month":7,"state":"NH","stateName":"New Hampshire","scale":0,"scaleLabel":"F0","lengthMiles":0,"deaths":0,"injuries":0}},{"type":"Feature","geometry":{"type":"Point","coordinates":[-71.4,42.8]},"properties":{"id":"ncei-1965-10082507","year":1965,"month":8,"state":"NH","stateName":"New Hampshire","scale":1,"scaleLabel":"F1","lengthMiles":0.3,"deaths":0,"injuries":0}},{"type":"Feature","geometry":{"type":"Point","coordinates":[-99.9,46.5]},"properties":{"id":"ncei-1965-10083447","year":1965,"month":6,"state":"ND","stateName":"North Dakota","scale":-1,"scaleLabel":"Unknown","lengthMiles":0,"deaths":0,"injuries":0}},{"type":"Feature","geometry":{"type":"Point","coordinates":[-98.4,46.9]},"properties":{"id":"ncei-1965-10083448","year":1965,"month":6,"state":"ND","stateName":"North Dakota","scale":0,"scaleLabel":"F0","lengthMiles":0,"deaths":0,"injuries":0}},{"type":"Feature","geometry":{"type":"Point","coordinates":[-97,47.5]},"properties":{"id":"ncei-1965-10083449","year":1965,"month":6,"state":"ND","stateName":"North Dakota","scale":2,"scaleLabel":"F2","lengthMiles":2,"deaths":0,"injuries":0}},{"type":"Feature","geometry":{"type":"Point","coordinates":[-98.1,47.3]},"properties":{"id":"ncei-1965-10083667","year":1965,"month":6,"state":"ND","stateName":"North Dakota","scale":-1,"scaleLabel":"Unknown","lengthMiles":0,"deaths":0,"injuries":0}},{"type":"Feature","geometry":{"type":"Point","coordinates":[-97.67,47.93]},"properties":{"id":"ncei-1965-10083668","year":1965,"month":6,"state":"ND","stateName":"North Dakota","scale":-1,"scaleLabel":"Unknown","lengthMiles":0,"deaths":0,"injuries":0}},{"type":"Feature","geometry":{"type":"Point","coordinates":[-98,47]},"properties":{"id":"ncei-1965-10083670","year":1965,"month":6,"state":"ND","stateName":"North Dakota","scale":2,"scaleLabel":"F2","lengthMiles":0,"deaths":0,"injuries":1}},{"type":"Feature","geometry":{"type":"Point","coordinates":[-97.2,47]},"properties":{"id":"ncei-1965-10083671","year":1965,"month":6,"state":"ND","stateName":"North Dakota","scale":1,"scaleLabel":"F1","lengthMiles":0,"deaths":0,"injuries":0}},{"type":"Feature","geometry":{"type":"Point","coordinates":[-102.9,48.3]},"properties":{"id":"ncei-1965-10083672","year":1965,"month":7,"state":"ND","stateName":"North Dakota","scale":-1,"scaleLabel":"Unknown","lengthMiles":2.5,"deaths":0,"injuries":0}},{"type":"Feature","geometry":{"type":"Point","coordinates":[-102.9,46.7]},"properties":{"id":"ncei-1965-10083673","year":1965,"month":7,"state":"ND","stateName":"North Dakota","scale":0,"scaleLabel":"F0","lengthMiles":0,"deaths":0,"injuries":0}},{"type":"Feature","geometry":{"type":"Point","coordinates":[-102.7,46.9]},"properties":{"id":"ncei-1965-10083674","year":1965,"month":7,"state":"ND","stateName":"North Dakota","scale":0,"scaleLabel":"F0","lengthMiles":0,"deaths":0,"injuries":0}},{"type":"Feature","geometry":{"type":"Point","coordinates":[-97.4,48.22]},"properties":{"id":"ncei-1965-10083675","year":1965,"month":7,"state":"ND","stateName":"North Dakota","scale":-1,"scaleLabel":"Unknown","lengthMiles":0,"deaths":0,"injuries":0}},{"type":"Feature","geometry":{"type":"Point","coordinates":[-98.9,48.5]},"properties":{"id":"ncei-1965-10083681","year":1965,"month":7,"state":"ND","stateName":"North Dakota","scale":-1,"scaleLabel":"Unknown","lengthMiles":0,"deaths":0,"injuries":0}},{"type":"Feature","geometry":{"type":"Point","coordinates":[-99.42,46.9]},"properties":{"id":"ncei-1965-10083682","year":1965,"month":7,"state":"ND","stateName":"North Dakota","scale":0,"scaleLabel":"F0","lengthMiles":0,"deaths":0,"injuries":0}},{"type":"Feature","geometry":{"type":"Point","coordinates":[-99.1,47.1]},"properties":{"id":"ncei-1965-10083683","year":1965,"month":7,"state":"ND","stateName":"North Dakota","scale":-1,"scaleLabel":"Unknown","lengthMiles":0,"deaths":0,"injuries":0}},{"type":"Feature","geometry":{"type":"Point","coordinates":[-97.7,47.5]},"properties":{"id":"ncei-1965-10083685","year":1965,"month":7,"state":"ND","stateName":"North Dakota","scale":-1,"scaleLabel":"Unknown","lengthMiles":0,"deaths":0,"injuries":0}},{"type":"Feature","geometry":{"type":"Point","coordinates":[-97.6,47.5]},"properties":{"id":"ncei-1965-10083686","year":1965,"month":7,"state":"ND","stateName":"North Dakota","scale":-1,"scaleLabel":"Unknown","lengthMiles":0,"deaths":0,"injuries":0}},{"type":"Feature","geometry":{"type":"Point","coordinates":[-96.8,46.6]},"properties":{"id":"ncei-1965-10083688","year":1965,"month":7,"state":"ND","stateName":"North Dakota","scale":-1,"scaleLabel":"Unknown","lengthMiles":0,"deaths":0,"injuries":0}},{"type":"Feature","geometry":{"type":"Point","coordinates":[-99.2,48.6]},"properties":{"id":"ncei-1965-10083689","year":1965,"month":7,"state":"ND","stateName":"North Dakota","scale":0,"scaleLabel":"F0","lengthMiles":0,"deaths":0,"injuries":0}},{"type":"Feature","geometry":{"type":"Point","coordinates":[-102.67,47.23]},"properties":{"id":"ncei-1965-10083691","year":1965,"month":7,"state":"ND","stateName":"North Dakota","scale":-1,"scaleLabel":"Unknown","lengthMiles":0,"deaths":0,"injuries":0}},{"type":"Feature","geometry":{"type":"Point","coordinates":[-99.63,47.87]},"properties":{"id":"ncei-1965-10083693","year":1965,"month":7,"state":"ND","stateName":"North Dakota","scale":1,"scaleLabel":"F1","lengthMiles":0,"deaths":0,"injuries":0}},{"type":"Feature","geometry":{"type":"Point","coordinates":[-103.2,48.3]},"properties":{"id":"ncei-1965-10083697","year":1965,"month":7,"state":"ND","stateName":"North Dakota","scale":0,"scaleLabel":"F0","lengthMiles":0,"deaths":0,"injuries":0}},{"type":"Feature","geometry":{"type":"Point","coordinates":[-99.2,47.9]},"properties":{"id":"ncei-1965-10083700","year":1965,"month":7,"state":"ND","stateName":"North Dakota","scale":0,"scaleLabel":"F0","lengthMiles":0,"deaths":0,"injuries":0}},{"type":"Feature","geometry":{"type":"Point","coordinates":[-99.17,48.3]},"properties":{"id":"ncei-1965-10083701","year":1965,"month":7,"state":"ND","stateName":"North Dakota","scale":0,"scaleLabel":"F0","lengthMiles":0,"deaths":0,"injuries":0}},{"type":"Feature","geometry":{"type":"Point","coordinates":[-98.7,46.6]},"properties":{"id":"ncei-1965-10083703","year":1965,"month":7,"state":"ND","stateName":"North Dakota","scale":-1,"scaleLabel":"Unknown","lengthMiles":0,"deaths":0,"injuries":0}},{"type":"Feature","geometry":{"type":"Point","coordinates":[-102.1,48.17]},"properties":{"id":"ncei-1965-10083709","year":1965,"month":8,"state":"ND","stateName":"North Dakota","scale":-1,"scaleLabel":"Unknown","lengthMiles":0,"deaths":0,"injuries":0}},{"type":"Feature","geometry":{"type":"Point","coordinates":[-97.6,46.6]},"properties":{"id":"ncei-1965-10083710","year":1965,"month":8,"state":"ND","stateName":"North Dakota","scale":0,"scaleLabel":"F0","lengthMiles":5.9,"deaths":0,"injuries":0}},{"type":"Feature","geometry":{"type":"Point","coordinates":[-98,47.17]},"properties":{"id":"ncei-1965-10083713","year":1965,"month":9,"state":"ND","stateName":"North Dakota","scale":2,"scaleLabel":"F2","lengthMiles":0.5,"deaths":0,"injuries":0}},{"type":"Feature","geometry":{"type":"Point","coordinates":[-83.78,39.9]},"properties":{"id":"ncei-1965-10083969","year":1965,"month":3,"state":"OH","stateName":"Ohio","scale":1,"scaleLabel":"F1","lengthMiles":5.2,"deaths":0,"injuries":0}},{"type":"Feature","geometry":{"type":"Point","coordinates":[-83,39.13]},"properties":{"id":"ncei-1965-10083972","year":1965,"month":4,"state":"OH","stateName":"Ohio","scale":2,"scaleLabel":"F2","lengthMiles":1,"deaths":0,"injuries":9}},{"type":"Feature","geometry":{"type":"Point","coordinates":[-83.77,39.18]},"properties":{"id":"ncei-1965-10083975","year":1965,"month":4,"state":"OH","stateName":"Ohio","scale":2,"scaleLabel":"F2","lengthMiles":10.5,"deaths":0,"injuries":0}},{"type":"Feature","geometry":{"type":"Point","coordinates":[-82.98,38.87]},"properties":{"id":"ncei-1965-10083976","year":1965,"month":4,"state":"OH","stateName":"Ohio","scale":3,"scaleLabel":"F3","lengthMiles":2,"deaths":0,"injuries":0}},{"type":"Feature","geometry":{"type":"Point","coordinates":[-84.8,40.7]},"properties":{"id":"ncei-1965-10083977","year":1965,"month":4,"state":"OH","stateName":"Ohio","scale":4,"scaleLabel":"F4","lengthMiles":5.1,"deaths":2,"injuries":24}},{"type":"Feature","geometry":{"type":"Point","coordinates":[-84.7,40.73]},"properties":{"id":"ncei-1965-10083978","year":1965,"month":4,"state":"OH","stateName":"Ohio","scale":4,"scaleLabel":"F4","lengthMiles":16.5,"deaths":0,"injuries":4}},{"type":"Feature","geometry":{"type":"Point","coordinates":[-84.2,40.8]},"properties":{"id":"ncei-1965-10083979","year":1965,"month":4,"state":"OH","stateName":"Ohio","scale":4,"scaleLabel":"F4","lengthMiles":17.8,"deaths":11,"injuries":100}},{"type":"Feature","geometry":{"type":"Point","coordinates":[-83.6,41.67]},"properties":{"id":"ncei-1965-10083980","year":1965,"month":4,"state":"OH","stateName":"Ohio","scale":4,"scaleLabel":"F4","lengthMiles":5.6,"deaths":16,"injuries":207}},{"type":"Feature","geometry":{"type":"Point","coordinates":[-83.87,40.87]},"properties":{"id":"ncei-1965-10083981","year":1965,"month":4,"state":"OH","stateName":"Ohio","scale":4,"scaleLabel":"F4","lengthMiles":14.7,"deaths":2,"injuries":4}},{"type":"Feature","geometry":{"type":"Point","coordinates":[-84.38,40.35]},"properties":{"id":"ncei-1965-10083983","year":1965,"month":4,"state":"OH","stateName":"Ohio","scale":4,"scaleLabel":"F4","lengthMiles":18.4,"deaths":3,"injuries":50}},{"type":"Feature","geometry":{"type":"Point","coordinates":[-83.13,41.07]},"properties":{"id":"ncei-1965-10083984","year":1965,"month":4,"state":"OH","stateName":"Ohio","scale":3,"scaleLabel":"F3","lengthMiles":15,"deaths":4,"injuries":30}},{"type":"Feature","geometry":{"type":"Point","coordinates":[-82.25,41.23]},"properties":{"id":"ncei-1965-10083986","year":1965,"month":4,"state":"OH","stateName":"Ohio","scale":4,"scaleLabel":"F4","lengthMiles":13.4,"deaths":17,"injuries":100}},{"type":"Feature","geometry":{"type":"Point","coordinates":[-84.63,39.73]},"properties":{"id":"ncei-1965-10083987","year":1965,"month":4,"state":"OH","stateName":"Ohio","scale":1,"scaleLabel":"F1","lengthMiles":0,"deaths":0,"injuries":0}},{"type":"Feature","geometry":{"type":"Point","coordinates":[-82,41.3]},"properties":{"id":"ncei-1965-10083988","year":1965,"month":4,"state":"OH","stateName":"Ohio","scale":4,"scaleLabel":"F4","lengthMiles":8.6,"deaths":1,"injuries":100}},{"type":"Feature","geometry":{"type":"Point","coordinates":[-81.87,41.23]},"properties":{"id":"ncei-1965-10083989","year":1965,"month":4,"state":"OH","stateName":"Ohio","scale":1,"scaleLabel":"F1","lengthMiles":8.2,"deaths":0,"injuries":6}},{"type":"Feature","geometry":{"type":"Point","coordinates":[-83.27,40.37]},"properties":{"id":"ncei-1965-10083990","year":1965,"month":4,"state":"OH","stateName":"Ohio","scale":2,"scaleLabel":"F2","lengthMiles":0,"deaths":0,"injuries":5}},{"type":"Feature","geometry":{"type":"Point","coordinates":[-83.25,40.38]},"properties":{"id":"ncei-1965-10083991","year":1965,"month":4,"state":"OH","stateName":"Ohio","scale":2,"scaleLabel":"F2","lengthMiles":12.3,"deaths":4,"injuries":35}},{"type":"Feature","geometry":{"type":"Point","coordinates":[-83.8,39.73]},"properties":{"id":"ncei-1965-10083992","year":1965,"month":4,"state":"OH","stateName":"Ohio","scale":1,"scaleLabel":"F1","lengthMiles":0,"deaths":0,"injuries":0}},{"type":"Feature","geometry":{"type":"Point","coordinates":[-83.02,40.42]},"properties":{"id":"ncei-1965-10083993","year":1965,"month":4,"state":"OH","stateName":"Ohio","scale":2,"scaleLabel":"F2","lengthMiles":9.9,"deaths":0,"injuries":22}},{"type":"Feature","geometry":{"type":"Point","coordinates":[-83.03,39.73]},"properties":{"id":"ncei-1965-10083995","year":1965,"month":4,"state":"OH","stateName":"Ohio","scale":1,"scaleLabel":"F1","lengthMiles":12.3,"deaths":0,"injuries":9}},{"type":"Feature","geometry":{"type":"Point","coordinates":[-82.8,39.75]},"properties":{"id":"ncei-1965-10083996","year":1965,"month":4,"state":"OH","stateName":"Ohio","scale":1,"scaleLabel":"F1","lengthMiles":23.1,"deaths":0,"injuries":2}},{"type":"Feature","geometry":{"type":"Point","coordinates":[-81,40.27]},"properties":{"id":"ncei-1965-10083997","year":1965,"month":4,"state":"OH","stateName":"Ohio","scale":1,"scaleLabel":"F1","lengthMiles":0,"deaths":0,"injuries":1}},{"type":"Feature","geometry":{"type":"Point","coordinates":[-82.37,39.8]},"properties":{"id":"ncei-1965-10083998","year":1965,"month":4,"state":"OH","stateName":"Ohio","scale":1,"scaleLabel":"F1","lengthMiles":3,"deaths":0,"injuries":2}},{"type":"Feature","geometry":{"type":"Point","coordinates":[-82.45,40.23]},"properties":{"id":"ncei-1965-10084004","year":1965,"month":5,"state":"OH","stateName":"Ohio","scale":0,"scaleLabel":"F0","lengthMiles":0,"deaths":0,"injuries":0}},{"type":"Feature","geometry":{"type":"Point","coordinates":[-84.5,40.2]},"properties":{"id":"ncei-1965-10084008","year":1965,"month":5,"state":"OH","stateName":"Ohio","scale":1,"scaleLabel":"F1","lengthMiles":1,"deaths":0,"injuries":2}},{"type":"Feature","geometry":{"type":"Point","coordinates":[-82.45,39.92]},"properties":{"id":"ncei-1965-10084010","year":1965,"month":5,"state":"OH","stateName":"Ohio","scale":1,"scaleLabel":"F1","lengthMiles":3.6,"deaths":0,"injuries":5}},{"type":"Feature","geometry":{"type":"Point","coordinates":[-84.15,40.7]},"properties":{"id":"ncei-1965-10084011","year":1965,"month":5,"state":"OH","stateName":"Ohio","scale":1,"scaleLabel":"F1","lengthMiles":0,"deaths":0,"injuries":0}},{"type":"Feature","geometry":{"type":"Point","coordinates":[-84.1,41]},"properties":{"id":"ncei-1965-10084015","year":1965,"month":7,"state":"OH","stateName":"Ohio","scale":0,"scaleLabel":"F0","lengthMiles":0,"deaths":0,"injuries":0}},{"type":"Feature","geometry":{"type":"Point","coordinates":[-98.4,47.1]},"properties":{"id":"ncei-1965-10085936","year":1965,"month":5,"state":"ND","stateName":"North Dakota","scale":-1,"scaleLabel":"Unknown","lengthMiles":0,"deaths":0,"injuries":0}},{"type":"Feature","geometry":{"type":"Point","coordinates":[-97.2,46.7]},"properties":{"id":"ncei-1965-10085937","year":1965,"month":5,"state":"ND","stateName":"North Dakota","scale":2,"scaleLabel":"F2","lengthMiles":5.7,"deaths":0,"injuries":0}},{"type":"Feature","geometry":{"type":"Point","coordinates":[-97.2,46.78]},"properties":{"id":"ncei-1965-10085938","year":1965,"month":5,"state":"ND","stateName":"North Dakota","scale":2,"scaleLabel":"F2","lengthMiles":8.5,"deaths":0,"injuries":0}},{"type":"Feature","geometry":{"type":"Point","coordinates":[-97.32,46.88]},"properties":{"id":"ncei-1965-10085939","year":1965,"month":5,"state":"ND","stateName":"North Dakota","scale":2,"scaleLabel":"F2","lengthMiles":19.6,"deaths":0,"injuries":0}},{"type":"Feature","geometry":{"type":"Point","coordinates":[-98,46]},"properties":{"id":"ncei-1965-10085940","year":1965,"month":5,"state":"ND","stateName":"North Dakota","scale":0,"scaleLabel":"F0","lengthMiles":0,"deaths":0,"injuries":0}},{"type":"Feature","geometry":{"type":"Point","coordinates":[-100.1,47.63]},"properties":{"id":"ncei-1965-10085941","year":1965,"month":5,"state":"ND","stateName":"North Dakota","scale":2,"scaleLabel":"F2","lengthMiles":0,"deaths":0,"injuries":0}},{"type":"Feature","geometry":{"type":"Point","coordinates":[-99.6,48.9]},"properties":{"id":"ncei-1965-10085942","year":1965,"month":5,"state":"ND","stateName":"North Dakota","scale":2,"scaleLabel":"F2","lengthMiles":4.3,"deaths":0,"injuries":0}},{"type":"Feature","geometry":{"type":"Point","coordinates":[-100,47.5]},"properties":{"id":"ncei-1965-10085943","year":1965,"month":5,"state":"ND","stateName":"North Dakota","scale":0,"scaleLabel":"F0","lengthMiles":20,"deaths":0,"injuries":0}},{"type":"Feature","geometry":{"type":"Point","coordinates":[-102.9,46.5]},"properties":{"id":"ncei-1965-10085944","year":1965,"month":5,"state":"ND","stateName":"North Dakota","scale":-1,"scaleLabel":"Unknown","lengthMiles":0,"deaths":0,"injuries":0}},{"type":"Feature","geometry":{"type":"Point","coordinates":[-99.2,48.7]},"properties":{"id":"ncei-1965-10085946","year":1965,"month":6,"state":"ND","stateName":"North Dakota","scale":-1,"scaleLabel":"Unknown","lengthMiles":0,"deaths":0,"injuries":0}},{"type":"Feature","geometry":{"type":"Point","coordinates":[-101.97,46.37]},"properties":{"id":"ncei-1965-10085947","year":1965,"month":6,"state":"ND","stateName":"North Dakota","scale":-1,"scaleLabel":"Unknown","lengthMiles":0,"deaths":0,"injuries":0}},{"type":"Feature","geometry":{"type":"Point","coordinates":[-101.3,47.9]},"properties":{"id":"ncei-1965-10085949","year":1965,"month":6,"state":"ND","stateName":"North Dakota","scale":0,"scaleLabel":"F0","lengthMiles":0,"deaths":0,"injuries":0}},{"type":"Feature","geometry":{"type":"Point","coordinates":[-101.3,47.9]},"properties":{"id":"ncei-1965-10085950","year":1965,"month":6,"state":"ND","stateName":"North Dakota","scale":0,"scaleLabel":"F0","lengthMiles":0,"deaths":0,"injuries":0}},{"type":"Feature","geometry":{"type":"Point","coordinates":[-100.8,46.8]},"properties":{"id":"ncei-1965-10085952","year":1965,"month":6,"state":"ND","stateName":"North Dakota","scale":-1,"scaleLabel":"Unknown","lengthMiles":0,"deaths":0,"injuries":0}},{"type":"Feature","geometry":{"type":"Point","coordinates":[-100.9,48.1]},"properties":{"id":"ncei-1965-10085953","year":1965,"month":6,"state":"ND","stateName":"North Dakota","scale":0,"scaleLabel":"F0","lengthMiles":0,"deaths":0,"injuries":0}},{"type":"Feature","geometry":{"type":"Point","coordinates":[-100.6,46.7]},"properties":{"id":"ncei-1965-10085955","year":1965,"month":6,"state":"ND","stateName":"North Dakota","scale":0,"scaleLabel":"F0","lengthMiles":0,"deaths":0,"injuries":0}},{"type":"Feature","geometry":{"type":"Point","coordinates":[-81.2,40.5]},"properties":{"id":"ncei-1965-10089724","year":1965,"month":7,"state":"OH","stateName":"Ohio","scale":1,"scaleLabel":"F1","lengthMiles":0,"deaths":0,"injuries":0}},{"type":"Feature","geometry":{"type":"Point","coordinates":[-84.4,41.5]},"properties":{"id":"ncei-1965-10089731","year":1965,"month":8,"state":"OH","stateName":"Ohio","scale":2,"scaleLabel":"F2","lengthMiles":9.4,"deaths":0,"injuries":1}},{"type":"Feature","geometry":{"type":"Point","coordinates":[-82.4,40.7]},"properties":{"id":"ncei-1965-10089732","year":1965,"month":8,"state":"OH","stateName":"Ohio","scale":2,"scaleLabel":"F2","lengthMiles":2,"deaths":0,"injuries":0}},{"type":"Feature","geometry":{"type":"Point","coordinates":[-82.97,41]},"properties":{"id":"ncei-1965-10089737","year":1965,"month":11,"state":"OH","stateName":"Ohio","scale":2,"scaleLabel":"F2","lengthMiles":5.9,"deaths":0,"injuries":0}},{"type":"Feature","geometry":{"type":"Point","coordinates":[-83.6,40.2]},"properties":{"id":"ncei-1965-10089738","year":1965,"month":11,"state":"OH","stateName":"Ohio","scale":2,"scaleLabel":"F2","lengthMiles":0.2,"deaths":0,"injuries":4}},{"type":"Feature","geometry":{"type":"Point","coordinates":[-83.3,39.77]},"properties":{"id":"ncei-1965-10089739","year":1965,"month":11,"state":"OH","stateName":"Ohio","scale":1,"scaleLabel":"F1","lengthMiles":0,"deaths":0,"injuries":0}},{"type":"Feature","geometry":{"type":"Point","coordinates":[-83.48,39.5]},"properties":{"id":"ncei-1965-10089741","year":1965,"month":11,"state":"OH","stateName":"Ohio","scale":3,"scaleLabel":"F3","lengthMiles":3.8,"deaths":0,"injuries":4}},{"type":"Feature","geometry":{"type":"Point","coordinates":[-81.25,40.8]},"properties":{"id":"ncei-1965-10089742","year":1965,"month":11,"state":"OH","stateName":"Ohio","scale":2,"scaleLabel":"F2","lengthMiles":5.9,"deaths":2,"injuries":9}},{"type":"Feature","geometry":{"type":"Point","coordinates":[-81.77,40]},"properties":{"id":"ncei-1965-10089743","year":1965,"month":11,"state":"OH","stateName":"Ohio","scale":2,"scaleLabel":"F2","lengthMiles":4.1,"deaths":0,"injuries":5}},{"type":"Feature","geometry":{"type":"Point","coordinates":[-84.75,40.5]},"properties":{"id":"ncei-1965-10089748","year":1965,"month":11,"state":"OH","stateName":"Ohio","scale":1,"scaleLabel":"F1","lengthMiles":4.3,"deaths":0,"injuries":1}},{"type":"Feature","geometry":{"type":"Point","coordinates":[-82.45,40.03]},"properties":{"id":"ncei-1965-10089751","year":1965,"month":11,"state":"OH","stateName":"Ohio","scale":2,"scaleLabel":"F2","lengthMiles":5.9,"deaths":0,"injuries":1}},{"type":"Feature","geometry":{"type":"Point","coordinates":[-98.1,36.6]},"properties":{"id":"ncei-1965-10091946","year":1965,"month":3,"state":"OK","stateName":"Oklahoma","scale":4,"scaleLabel":"F4","lengthMiles":7.1,"deaths":0,"injuries":2}},{"type":"Feature","geometry":{"type":"Point","coordinates":[-98,36.67]},"properties":{"id":"ncei-1965-10091949","year":1965,"month":3,"state":"OK","stateName":"Oklahoma","scale":4,"scaleLabel":"F4","lengthMiles":21.9,"deaths":0,"injuries":0}},{"type":"Feature","geometry":{"type":"Point","coordinates":[-97.65,36.82]},"properties":{"id":"ncei-1965-10091951","year":1965,"month":3,"state":"OK","stateName":"Oklahoma","scale":4,"scaleLabel":"F4","lengthMiles":12.3,"deaths":0,"injuries":0}},{"type":"Feature","geometry":{"type":"Point","coordinates":[-97.47,36.92]},"properties":{"id":"ncei-1965-10091953","year":1965,"month":3,"state":"OK","stateName":"Oklahoma","scale":4,"scaleLabel":"F4","lengthMiles":10.2,"deaths":0,"injuries":0}},{"type":"Feature","geometry":{"type":"Point","coordinates":[-97.27,36.2]},"properties":{"id":"ncei-1965-10091955","year":1965,"month":3,"state":"OK","stateName":"Oklahoma","scale":1,"scaleLabel":"F1","lengthMiles":16.9,"deaths":0,"injuries":0}},{"type":"Feature","geometry":{"type":"Point","coordinates":[-96.4,36.67]},"properties":{"id":"ncei-1965-10091958","year":1965,"month":3,"state":"OK","stateName":"Oklahoma","scale":2,"scaleLabel":"F2","lengthMiles":2,"deaths":0,"injuries":0}},{"type":"Feature","geometry":{"type":"Point","coordinates":[-99.12,35.28]},"properties":{"id":"ncei-1965-10091964","year":1965,"month":4,"state":"OK","stateName":"Oklahoma","scale":2,"scaleLabel":"F2","lengthMiles":3.6,"deaths":0,"injuries":0}},{"type":"Feature","geometry":{"type":"Point","coordinates":[-97.75,36.3]},"properties":{"id":"ncei-1965-10091966","year":1965,"month":4,"state":"OK","stateName":"Oklahoma","scale":0,"scaleLabel":"F0","lengthMiles":0.3,"deaths":0,"injuries":0}},{"type":"Feature","geometry":{"type":"Point","coordinates":[-97.62,36.68]},"properties":{"id":"ncei-1965-10091970","year":1965,"month":4,"state":"OK","stateName":"Oklahoma","scale":0,"scaleLabel":"F0","lengthMiles":0.4,"deaths":0,"injuries":0}},{"type":"Feature","geometry":{"type":"Point","coordinates":[-97.33,36.63]},"properties":{"id":"ncei-1965-10091972","year":1965,"month":4,"state":"OK","stateName":"Oklahoma","scale":0,"scaleLabel":"F0","lengthMiles":0,"deaths":0,"injuries":0}},{"type":"Feature","geometry":{"type":"Point","coordinates":[-98.32,35.1]},"properties":{"id":"ncei-1965-10091974","year":1965,"month":4,"state":"OK","stateName":"Oklahoma","scale":1,"scaleLabel":"F1","lengthMiles":0,"deaths":0,"injuries":0}},{"type":"Feature","geometry":{"type":"Point","coordinates":[-97.37,35]},"properties":{"id":"ncei-1965-10091975","year":1965,"month":4,"state":"OK","stateName":"Oklahoma","scale":1,"scaleLabel":"F1","lengthMiles":0,"deaths":0,"injuries":0}},{"type":"Feature","geometry":{"type":"Point","coordinates":[-96,36.73]},"properties":{"id":"ncei-1965-10091976","year":1965,"month":4,"state":"OK","stateName":"Oklahoma","scale":2,"scaleLabel":"F2","lengthMiles":1.5,"deaths":0,"injuries":0}},{"type":"Feature","geometry":{"type":"Point","coordinates":[-99.4,34.9]},"properties":{"id":"ncei-1965-10091981","year":1965,"month":4,"state":"OK","stateName":"Oklahoma","scale":2,"scaleLabel":"F2","lengthMiles":0,"deaths":0,"injuries":0}},{"type":"Feature","geometry":{"type":"Point","coordinates":[-99,34.4]},"properties":{"id":"ncei-1965-10091982","year":1965,"month":4,"state":"OK","stateName":"Oklahoma","scale":1,"scaleLabel":"F1","lengthMiles":6.8,"deaths":0,"injuries":0}},{"type":"Feature","geometry":{"type":"Point","coordinates":[-98.25,35.08]},"properties":{"id":"ncei-1965-10091983","year":1965,"month":4,"state":"OK","stateName":"Oklahoma","scale":2,"scaleLabel":"F2","lengthMiles":8.5,"deaths":0,"injuries":0}},{"type":"Feature","geometry":{"type":"Point","coordinates":[-98.1,35.08]},"properties":{"id":"ncei-1965-10091984","year":1965,"month":4,"state":"OK","stateName":"Oklahoma","scale":2,"scaleLabel":"F2","lengthMiles":1.3,"deaths":0,"injuries":2}},{"type":"Feature","geometry":{"type":"Point","coordinates":[-98.08,35.08]},"properties":{"id":"ncei-1965-10091985","year":1965,"month":4,"state":"OK","stateName":"Oklahoma","scale":2,"scaleLabel":"F2","lengthMiles":4.9,"deaths":0,"injuries":0}},{"type":"Feature","geometry":{"type":"Point","coordinates":[-98.07,35.15]},"properties":{"id":"ncei-1965-10092848","year":1965,"month":4,"state":"OK","stateName":"Oklahoma","scale":2,"scaleLabel":"F2","lengthMiles":7.7,"deaths":0,"injuries":0}},{"type":"Feature","geometry":{"type":"Point","coordinates":[-97.8,35.23]},"properties":{"id":"ncei-1965-10092849","year":1965,"month":4,"state":"OK","stateName":"Oklahoma","scale":2,"scaleLabel":"F2","lengthMiles":1,"deaths":0,"injuries":0}},{"type":"Feature","geometry":{"type":"Point","coordinates":[-97.82,35.25]},"properties":{"id":"ncei-1965-10092850","year":1965,"month":4,"state":"OK","stateName":"Oklahoma","scale":2,"scaleLabel":"F2","lengthMiles":1,"deaths":0,"injuries":0}},{"type":"Feature","geometry":{"type":"Point","coordinates":[-97.8,35.25]},"properties":{"id":"ncei-1965-10092852","year":1965,"month":4,"state":"OK","stateName":"Oklahoma","scale":1,"scaleLabel":"F1","lengthMiles":0.3,"deaths":0,"injuries":0}},{"type":"Feature","geometry":{"type":"Point","coordinates":[-95.35,35.77]},"properties":{"id":"ncei-1965-10092854","year":1965,"month":4,"state":"OK","stateName":"Oklahoma","scale":2,"scaleLabel":"F2","lengthMiles":0.3,"deaths":0,"injuries":0}},{"type":"Feature","geometry":{"type":"Point","coordinates":[-99,35.75]},"properties":{"id":"ncei-1965-10093072","year":1965,"month":4,"state":"OK","stateName":"Oklahoma","scale":0,"scaleLabel":"F0","lengthMiles":0,"deaths":0,"injuries":0}},{"type":"Feature","geometry":{"type":"Point","coordinates":[-95.35,35.58]},"properties":{"id":"ncei-1965-10093076","year":1965,"month":4,"state":"OK","stateName":"Oklahoma","scale":2,"scaleLabel":"F2","lengthMiles":0,"deaths":0,"injuries":0}},{"type":"Feature","geometry":{"type":"Point","coordinates":[-98,34.2]},"properties":{"id":"ncei-1965-10093077","year":1965,"month":4,"state":"OK","stateName":"Oklahoma","scale":1,"scaleLabel":"F1","lengthMiles":0,"deaths":0,"injuries":0}},{"type":"Feature","geometry":{"type":"Point","coordinates":[-97.58,35.08]},"properties":{"id":"ncei-1965-10093078","year":1965,"month":4,"state":"OK","stateName":"Oklahoma","scale":0,"scaleLabel":"F0","lengthMiles":0,"deaths":0,"injuries":0}},{"type":"Feature","geometry":{"type":"Point","coordinates":[-97.6,34.85]},"properties":{"id":"ncei-1965-10093079","year":1965,"month":4,"state":"OK","stateName":"Oklahoma","scale":1,"scaleLabel":"F1","lengthMiles":0.1,"deaths":0,"injuries":0}},{"type":"Feature","geometry":{"type":"Point","coordinates":[-97.08,35.27]},"properties":{"id":"ncei-1965-10093080","year":1965,"month":4,"state":"OK","stateName":"Oklahoma","scale":0,"scaleLabel":"F0","lengthMiles":0,"deaths":0,"injuries":0}},{"type":"Feature","geometry":{"type":"Point","coordinates":[-96.97,35.3]},"properties":{"id":"ncei-1965-10093081","year":1965,"month":4,"state":"OK","stateName":"Oklahoma","scale":2,"scaleLabel":"F2","lengthMiles":0.1,"deaths":0,"injuries":0}},{"type":"Feature","geometry":{"type":"Point","coordinates":[-98.17,36.07]},"properties":{"id":"ncei-1965-10093086","year":1965,"month":5,"state":"OK","stateName":"Oklahoma","scale":2,"scaleLabel":"F2","lengthMiles":0,"deaths":0,"injuries":2}},{"type":"Feature","geometry":{"type":"Point","coordinates":[-99.72,34.88]},"properties":{"id":"ncei-1965-10093087","year":1965,"month":5,"state":"OK","stateName":"Oklahoma","scale":2,"scaleLabel":"F2","lengthMiles":14.4,"deaths":0,"injuries":0}},{"type":"Feature","geometry":{"type":"Point","coordinates":[-99.97,34.75]},"properties":{"id":"ncei-1965-10093088","year":1965,"month":5,"state":"OK","stateName":"Oklahoma","scale":2,"scaleLabel":"F2","lengthMiles":16.9,"deaths":0,"injuries":2}},{"type":"Feature","geometry":{"type":"Point","coordinates":[-98.7,35.93]},"properties":{"id":"ncei-1965-10093089","year":1965,"month":5,"state":"OK","stateName":"Oklahoma","scale":0,"scaleLabel":"F0","lengthMiles":0,"deaths":0,"injuries":1}},{"type":"Feature","geometry":{"type":"Point","coordinates":[-98.5,36.02]},"properties":{"id":"ncei-1965-10093090","year":1965,"month":5,"state":"OK","stateName":"Oklahoma","scale":1,"scaleLabel":"F1","lengthMiles":0,"deaths":0,"injuries":0}},{"type":"Feature","geometry":{"type":"Point","coordinates":[-95.93,36.8]},"properties":{"id":"ncei-1965-10093091","year":1965,"month":5,"state":"OK","stateName":"Oklahoma","scale":1,"scaleLabel":"F1","lengthMiles":0,"deaths":0,"injuries":0}},{"type":"Feature","geometry":{"type":"Point","coordinates":[-99.78,36.13]},"properties":{"id":"ncei-1965-10093094","year":1965,"month":5,"state":"OK","stateName":"Oklahoma","scale":0,"scaleLabel":"F0","lengthMiles":0,"deaths":0,"injuries":0}},{"type":"Feature","geometry":{"type":"Point","coordinates":[-98.43,34.13]},"properties":{"id":"ncei-1965-10093097","year":1965,"month":5,"state":"OK","stateName":"Oklahoma","scale":0,"scaleLabel":"F0","lengthMiles":0,"deaths":0,"injuries":0}},{"type":"Feature","geometry":{"type":"Point","coordinates":[-96.2,36.5]},"properties":{"id":"ncei-1965-10093098","year":1965,"month":5,"state":"OK","stateName":"Oklahoma","scale":1,"scaleLabel":"F1","lengthMiles":0,"deaths":0,"injuries":0}},{"type":"Feature","geometry":{"type":"Point","coordinates":[-95.7,35.4]},"properties":{"id":"ncei-1965-10093100","year":1965,"month":5,"state":"OK","stateName":"Oklahoma","scale":1,"scaleLabel":"F1","lengthMiles":0,"deaths":0,"injuries":0}},{"type":"Feature","geometry":{"type":"Point","coordinates":[-97.1,33.9]},"properties":{"id":"ncei-1965-10093101","year":1965,"month":5,"state":"OK","stateName":"Oklahoma","scale":0,"scaleLabel":"F0","lengthMiles":0,"deaths":0,"injuries":0}},{"type":"Feature","geometry":{"type":"Point","coordinates":[-99.55,34.65]},"properties":{"id":"ncei-1965-10093102","year":1965,"month":5,"state":"OK","stateName":"Oklahoma","scale":0,"scaleLabel":"F0","lengthMiles":0,"deaths":0,"injuries":0}},{"type":"Feature","geometry":{"type":"Point","coordinates":[-97,35.27]},"properties":{"id":"ncei-1965-10093103","year":1965,"month":5,"state":"OK","stateName":"Oklahoma","scale":2,"scaleLabel":"F2","lengthMiles":0.1,"deaths":0,"injuries":3}},{"type":"Feature","geometry":{"type":"Point","coordinates":[-98.5,36.13]},"properties":{"id":"ncei-1965-10093105","year":1965,"month":5,"state":"OK","stateName":"Oklahoma","scale":1,"scaleLabel":"F1","lengthMiles":0,"deaths":0,"injuries":0}},{"type":"Feature","geometry":{"type":"Point","coordinates":[-98.47,36.27]},"properties":{"id":"ncei-1965-10093106","year":1965,"month":5,"state":"OK","stateName":"Oklahoma","scale":0,"scaleLabel":"F0","lengthMiles":0,"deaths":0,"injuries":0}},{"type":"Feature","geometry":{"type":"Point","coordinates":[-99.67,36.4]},"properties":{"id":"ncei-1965-10093107","year":1965,"month":5,"state":"OK","stateName":"Oklahoma","scale":2,"scaleLabel":"F2","lengthMiles":0,"deaths":0,"injuries":0}},{"type":"Feature","geometry":{"type":"Point","coordinates":[-97.9,36.9]},"properties":{"id":"ncei-1965-10093108","year":1965,"month":5,"state":"OK","stateName":"Oklahoma","scale":2,"scaleLabel":"F2","lengthMiles":0,"deaths":0,"injuries":0}},{"type":"Feature","geometry":{"type":"Point","coordinates":[-95.08,36.8]},"properties":{"id":"ncei-1965-10093110","year":1965,"month":5,"state":"OK","stateName":"Oklahoma","scale":0,"scaleLabel":"F0","lengthMiles":0,"deaths":0,"injuries":0}},{"type":"Feature","geometry":{"type":"Point","coordinates":[-94.87,36.87]},"properties":{"id":"ncei-1965-10093111","year":1965,"month":5,"state":"OK","stateName":"Oklahoma","scale":2,"scaleLabel":"F2","lengthMiles":0,"deaths":0,"injuries":0}},{"type":"Feature","geometry":{"type":"Point","coordinates":[-98.22,35.32]},"properties":{"id":"ncei-1965-10093112","year":1965,"month":5,"state":"OK","stateName":"Oklahoma","scale":0,"scaleLabel":"F0","lengthMiles":0,"deaths":0,"injuries":0}},{"type":"Feature","geometry":{"type":"Point","coordinates":[-97.52,36.45]},"properties":{"id":"ncei-1965-10093114","year":1965,"month":5,"state":"OK","stateName":"Oklahoma","scale":0,"scaleLabel":"F0","lengthMiles":0,"deaths":0,"injuries":0}},{"type":"Feature","geometry":{"type":"Point","coordinates":[-95.22,36.32]},"properties":{"id":"ncei-1965-10093115","year":1965,"month":5,"state":"OK","stateName":"Oklahoma","scale":0,"scaleLabel":"F0","lengthMiles":0,"deaths":0,"injuries":0}},{"type":"Feature","geometry":{"type":"Point","coordinates":[-99.92,35.7]},"properties":{"id":"ncei-1965-10093116","year":1965,"month":5,"state":"OK","stateName":"Oklahoma","scale":0,"scaleLabel":"F0","lengthMiles":0,"deaths":0,"injuries":0}},{"type":"Feature","geometry":{"type":"Point","coordinates":[-99.6,36.8]},"properties":{"id":"ncei-1965-10093117","year":1965,"month":5,"state":"OK","stateName":"Oklahoma","scale":0,"scaleLabel":"F0","lengthMiles":0,"deaths":0,"injuries":0}},{"type":"Feature","geometry":{"type":"Point","coordinates":[-99.6,36.8]},"properties":{"id":"ncei-1965-10093118","year":1965,"month":5,"state":"OK","stateName":"Oklahoma","scale":0,"scaleLabel":"F0","lengthMiles":0,"deaths":0,"injuries":0}},{"type":"Feature","geometry":{"type":"Point","coordinates":[-99.87,36.47]},"properties":{"id":"ncei-1965-10093119","year":1965,"month":5,"state":"OK","stateName":"Oklahoma","scale":0,"scaleLabel":"F0","lengthMiles":0,"deaths":0,"injuries":0}},{"type":"Feature","geometry":{"type":"Point","coordinates":[-99.75,36.6]},"properties":{"id":"ncei-1965-10093120","year":1965,"month":5,"state":"OK","stateName":"Oklahoma","scale":1,"scaleLabel":"F1","lengthMiles":0,"deaths":0,"injuries":0}},{"type":"Feature","geometry":{"type":"Point","coordinates":[-99.52,36.57]},"properties":{"id":"ncei-1965-10093121","year":1965,"month":5,"state":"OK","stateName":"Oklahoma","scale":0,"scaleLabel":"F0","lengthMiles":0,"deaths":0,"injuries":0}},{"type":"Feature","geometry":{"type":"Point","coordinates":[-98.4,36.4]},"properties":{"id":"ncei-1965-10093123","year":1965,"month":5,"state":"OK","stateName":"Oklahoma","scale":2,"scaleLabel":"F2","lengthMiles":0,"deaths":0,"injuries":0}},{"type":"Feature","geometry":{"type":"Point","coordinates":[-97.97,35.32]},"properties":{"id":"ncei-1965-10093131","year":1965,"month":5,"state":"OK","stateName":"Oklahoma","scale":1,"scaleLabel":"F1","lengthMiles":0,"deaths":0,"injuries":0}},{"type":"Feature","geometry":{"type":"Point","coordinates":[-97.57,35.42]},"properties":{"id":"ncei-1965-10093132","year":1965,"month":5,"state":"OK","stateName":"Oklahoma","scale":2,"scaleLabel":"F2","lengthMiles":1.5,"deaths":0,"injuries":0}},{"type":"Feature","geometry":{"type":"Point","coordinates":[-96.5,35.15]},"properties":{"id":"ncei-1965-10093995","year":1965,"month":5,"state":"OK","stateName":"Oklahoma","scale":2,"scaleLabel":"F2","lengthMiles":0,"deaths":0,"injuries":0}},{"type":"Feature","geometry":{"type":"Point","coordinates":[-96.92,35]},"properties":{"id":"ncei-1965-10093996","year":1965,"month":5,"state":"OK","stateName":"Oklahoma","scale":0,"scaleLabel":"F0","lengthMiles":0,"deaths":0,"injuries":0}},{"type":"Feature","geometry":{"type":"Point","coordinates":[-99.83,35.2]},"properties":{"id":"ncei-1965-10093997","year":1965,"month":6,"state":"OK","stateName":"Oklahoma","scale":0,"scaleLabel":"F0","lengthMiles":0,"deaths":0,"injuries":0}},{"type":"Feature","geometry":{"type":"Point","coordinates":[-99.15,35.6]},"properties":{"id":"ncei-1965-10093999","year":1965,"month":6,"state":"OK","stateName":"Oklahoma","scale":0,"scaleLabel":"F0","lengthMiles":0,"deaths":0,"injuries":0}},{"type":"Feature","geometry":{"type":"Point","coordinates":[-98.45,35.15]},"properties":{"id":"ncei-1965-10094220","year":1965,"month":6,"state":"OK","stateName":"Oklahoma","scale":0,"scaleLabel":"F0","lengthMiles":0,"deaths":0,"injuries":0}},{"type":"Feature","geometry":{"type":"Point","coordinates":[-98.9,36.6]},"properties":{"id":"ncei-1965-10094229","year":1965,"month":6,"state":"OK","stateName":"Oklahoma","scale":2,"scaleLabel":"F2","lengthMiles":1.5,"deaths":0,"injuries":0}},{"type":"Feature","geometry":{"type":"Point","coordinates":[-97.37,36.83]},"properties":{"id":"ncei-1965-10094237","year":1965,"month":6,"state":"OK","stateName":"Oklahoma","scale":0,"scaleLabel":"F0","lengthMiles":0,"deaths":0,"injuries":0}},{"type":"Feature","geometry":{"type":"Point","coordinates":[-97.37,36.83]},"properties":{"id":"ncei-1965-10094238","year":1965,"month":6,"state":"OK","stateName":"Oklahoma","scale":0,"scaleLabel":"F0","lengthMiles":0,"deaths":0,"injuries":0}},{"type":"Feature","geometry":{"type":"Point","coordinates":[-94.8,35.47]},"properties":{"id":"ncei-1965-10094245","year":1965,"month":6,"state":"OK","stateName":"Oklahoma","scale":2,"scaleLabel":"F2","lengthMiles":1,"deaths":0,"injuries":0}},{"type":"Feature","geometry":{"type":"Point","coordinates":[-98.75,36.83]},"properties":{"id":"ncei-1965-10094246","year":1965,"month":6,"state":"OK","stateName":"Oklahoma","scale":0,"scaleLabel":"F0","lengthMiles":0,"deaths":0,"injuries":0}},{"type":"Feature","geometry":{"type":"Point","coordinates":[-98.22,34.6]},"properties":{"id":"ncei-1965-10094264","year":1965,"month":8,"state":"OK","stateName":"Oklahoma","scale":2,"scaleLabel":"F2","lengthMiles":0.7,"deaths":0,"injuries":0}},{"type":"Feature","geometry":{"type":"Point","coordinates":[-98.17,35.83]},"properties":{"id":"ncei-1965-10094279","year":1965,"month":8,"state":"OK","stateName":"Oklahoma","scale":0,"scaleLabel":"F0","lengthMiles":0.4,"deaths":0,"injuries":0}},{"type":"Feature","geometry":{"type":"Point","coordinates":[-97.6,35.55]},"properties":{"id":"ncei-1965-10095156","year":1965,"month":8,"state":"OK","stateName":"Oklahoma","scale":0,"scaleLabel":"F0","lengthMiles":1,"deaths":0,"injuries":0}},{"type":"Feature","geometry":{"type":"Point","coordinates":[-97.6,35.45]},"properties":{"id":"ncei-1965-10095158","year":1965,"month":8,"state":"OK","stateName":"Oklahoma","scale":0,"scaleLabel":"F0","lengthMiles":11.6,"deaths":0,"injuries":0}},{"type":"Feature","geometry":{"type":"Point","coordinates":[-97.5,35.5]},"properties":{"id":"ncei-1965-10095159","year":1965,"month":8,"state":"OK","stateName":"Oklahoma","scale":0,"scaleLabel":"F0","lengthMiles":0,"deaths":0,"injuries":0}},{"type":"Feature","geometry":{"type":"Point","coordinates":[-97.55,35.5]},"properties":{"id":"ncei-1965-10095387","year":1965,"month":9,"state":"OK","stateName":"Oklahoma","scale":0,"scaleLabel":"F0","lengthMiles":1.3,"deaths":0,"injuries":0}},{"type":"Feature","geometry":{"type":"Point","coordinates":[-97.4,35.45]},"properties":{"id":"ncei-1965-10095388","year":1965,"month":9,"state":"OK","stateName":"Oklahoma","scale":0,"scaleLabel":"F0","lengthMiles":0.6,"deaths":0,"injuries":0}},{"type":"Feature","geometry":{"type":"Point","coordinates":[-99.63,35.67]},"properties":{"id":"ncei-1965-10095389","year":1965,"month":9,"state":"OK","stateName":"Oklahoma","scale":0,"scaleLabel":"F0","lengthMiles":5.1,"deaths":0,"injuries":0}},{"type":"Feature","geometry":{"type":"Point","coordinates":[-99.2,35.83]},"properties":{"id":"ncei-1965-10095390","year":1965,"month":9,"state":"OK","stateName":"Oklahoma","scale":0,"scaleLabel":"F0","lengthMiles":0,"deaths":0,"injuries":0}},{"type":"Feature","geometry":{"type":"Point","coordinates":[-99,36]},"properties":{"id":"ncei-1965-10095391","year":1965,"month":9,"state":"OK","stateName":"Oklahoma","scale":0,"scaleLabel":"F0","lengthMiles":0.5,"deaths":0,"injuries":0}},{"type":"Feature","geometry":{"type":"Point","coordinates":[-122.93,46.08]},"properties":{"id":"ncei-1965-10103765","year":1965,"month":11,"state":"OR","stateName":"Oregon","scale":0,"scaleLabel":"F0","lengthMiles":0,"deaths":0,"injuries":0}},{"type":"Feature","geometry":{"type":"Point","coordinates":[-96.47,44.47]},"properties":{"id":"ncei-1965-10110042","year":1965,"month":5,"state":"SD","stateName":"South Dakota","scale":1,"scaleLabel":"F1","lengthMiles":34.7,"deaths":0,"injuries":0}},{"type":"Feature","geometry":{"type":"Point","coordinates":[-98.5,43.2]},"properties":{"id":"ncei-1965-10110259","year":1965,"month":5,"state":"SD","stateName":"South Dakota","scale":-1,"scaleLabel":"Unknown","lengthMiles":0,"deaths":0,"injuries":0}},{"type":"Feature","geometry":{"type":"Point","coordinates":[-99.43,44.17]},"properties":{"id":"ncei-1965-10110260","year":1965,"month":5,"state":"SD","stateName":"South Dakota","scale":-1,"scaleLabel":"Unknown","lengthMiles":0,"deaths":0,"injuries":2}},{"type":"Feature","geometry":{"type":"Point","coordinates":[-99.72,43]},"properties":{"id":"ncei-1965-10110261","year":1965,"month":5,"state":"SD","stateName":"South Dakota","scale":5,"scaleLabel":"F5","lengthMiles":30.1,"deaths":0,"injuries":1}},{"type":"Feature","geometry":{"type":"Point","coordinates":[-99.83,43.18]},"properties":{"id":"ncei-1965-10110262","year":1965,"month":5,"state":"SD","stateName":"South Dakota","scale":2,"scaleLabel":"F2","lengthMiles":0,"deaths":0,"injuries":0}},{"type":"Feature","geometry":{"type":"Point","coordinates":[-99.33,43.17]},"properties":{"id":"ncei-1965-10110263","year":1965,"month":5,"state":"SD","stateName":"South Dakota","scale":3,"scaleLabel":"F3","lengthMiles":1.5,"deaths":0,"injuries":0}},{"type":"Feature","geometry":{"type":"Point","coordinates":[-100.03,44.68]},"properties":{"id":"ncei-1965-10110265","year":1965,"month":5,"state":"SD","stateName":"South Dakota","scale":1,"scaleLabel":"F1","lengthMiles":0,"deaths":0,"injuries":0}},{"type":"Feature","geometry":{"type":"Point","coordinates":[-97.5,43.95]},"properties":{"id":"ncei-1965-10110266","year":1965,"month":5,"state":"SD","stateName":"South Dakota","scale":2,"scaleLabel":"F2","lengthMiles":3.3,"deaths":0,"injuries":0}},{"type":"Feature","geometry":{"type":"Point","coordinates":[-100.1,45.1]},"properties":{"id":"ncei-1965-10110267","year":1965,"month":5,"state":"SD","stateName":"South Dakota","scale":0,"scaleLabel":"F0","lengthMiles":0,"deaths":0,"injuries":0}},{"type":"Feature","geometry":{"type":"Point","coordinates":[-96.82,43.77]},"properties":{"id":"ncei-1965-10110268","year":1965,"month":5,"state":"SD","stateName":"South Dakota","scale":2,"scaleLabel":"F2","lengthMiles":4.5,"deaths":0,"injuries":0}},{"type":"Feature","geometry":{"type":"Point","coordinates":[-99.23,43.67]},"properties":{"id":"ncei-1965-10110269","year":1965,"month":5,"state":"SD","stateName":"South Dakota","scale":2,"scaleLabel":"F2","lengthMiles":4.3,"deaths":0,"injuries":0}},{"type":"Feature","geometry":{"type":"Point","coordinates":[-100.5,44.5]},"properties":{"id":"ncei-1965-10110271","year":1965,"month":5,"state":"SD","stateName":"South Dakota","scale":-1,"scaleLabel":"Unknown","lengthMiles":0,"deaths":0,"injuries":0}},{"type":"Feature","geometry":{"type":"Point","coordinates":[-100.3,45.2]},"properties":{"id":"ncei-1965-10110273","year":1965,"month":5,"state":"SD","stateName":"South Dakota","scale":0,"scaleLabel":"F0","lengthMiles":0,"deaths":0,"injuries":0}},{"type":"Feature","geometry":{"type":"Point","coordinates":[-100.7,45.3]},"properties":{"id":"ncei-1965-10110274","year":1965,"month":5,"state":"SD","stateName":"South Dakota","scale":-1,"scaleLabel":"Unknown","lengthMiles":0,"deaths":0,"injuries":0}},{"type":"Feature","geometry":{"type":"Point","coordinates":[-100.5,45.5]},"properties":{"id":"ncei-1965-10110275","year":1965,"month":5,"state":"SD","stateName":"South Dakota","scale":-1,"scaleLabel":"Unknown","lengthMiles":0,"deaths":0,"injuries":0}},{"type":"Feature","geometry":{"type":"Point","coordinates":[-99.6,44.7]},"properties":{"id":"ncei-1965-10110278","year":1965,"month":5,"state":"SD","stateName":"South Dakota","scale":-1,"scaleLabel":"Unknown","lengthMiles":0,"deaths":0,"injuries":0}},{"type":"Feature","geometry":{"type":"Point","coordinates":[-99.6,44.5]},"properties":{"id":"ncei-1965-10110279","year":1965,"month":5,"state":"SD","stateName":"South Dakota","scale":-1,"scaleLabel":"Unknown","lengthMiles":0,"deaths":0,"injuries":0}},{"type":"Feature","geometry":{"type":"Point","coordinates":[-99,44.6]},"properties":{"id":"ncei-1965-10110280","year":1965,"month":5,"state":"SD","stateName":"South Dakota","scale":-1,"scaleLabel":"Unknown","lengthMiles":0,"deaths":0,"injuries":0}},{"type":"Feature","geometry":{"type":"Point","coordinates":[-97.35,44.88]},"properties":{"id":"ncei-1965-10110281","year":1965,"month":5,"state":"SD","stateName":"South Dakota","scale":1,"scaleLabel":"F1","lengthMiles":0,"deaths":0,"injuries":0}},{"type":"Feature","geometry":{"type":"Point","coordinates":[-98.48,45.92]},"properties":{"id":"ncei-1965-10110282","year":1965,"month":5,"state":"SD","stateName":"South Dakota","scale":3,"scaleLabel":"F3","lengthMiles":3.8,"deaths":0,"injuries":0}},{"type":"Feature","geometry":{"type":"Point","coordinates":[-98.8,45.1]},"properties":{"id":"ncei-1965-10110284","year":1965,"month":5,"state":"SD","stateName":"South Dakota","scale":-1,"scaleLabel":"Unknown","lengthMiles":0,"deaths":0,"injuries":0}},{"type":"Feature","geometry":{"type":"Point","coordinates":[-97.9,44.45]},"properties":{"id":"ncei-1965-10110285","year":1965,"month":5,"state":"SD","stateName":"South Dakota","scale":2,"scaleLabel":"F2","lengthMiles":10.4,"deaths":0,"injuries":0}},{"type":"Feature","geometry":{"type":"Point","coordinates":[-103.2,44.4]},"properties":{"id":"ncei-1965-10110286","year":1965,"month":5,"state":"SD","stateName":"South Dakota","scale":0,"scaleLabel":"F0","lengthMiles":0,"deaths":0,"injuries":0}},{"type":"Feature","geometry":{"type":"Point","coordinates":[-102.03,45.02]},"properties":{"id":"ncei-1965-10110287","year":1965,"month":5,"state":"SD","stateName":"South Dakota","scale":1,"scaleLabel":"F1","lengthMiles":0.8,"deaths":0,"injuries":0}},{"type":"Feature","geometry":{"type":"Point","coordinates":[-103.1,44.1]},"properties":{"id":"ncei-1965-10110288","year":1965,"month":5,"state":"SD","stateName":"South Dakota","scale":-1,"scaleLabel":"Unknown","lengthMiles":0,"deaths":0,"injuries":0}},{"type":"Feature","geometry":{"type":"Point","coordinates":[-97.55,42.87]},"properties":{"id":"ncei-1965-10110289","year":1965,"month":5,"state":"SD","stateName":"South Dakota","scale":0,"scaleLabel":"F0","lengthMiles":0,"deaths":0,"injuries":0}},{"type":"Feature","geometry":{"type":"Point","coordinates":[-97.17,43.62]},"properties":{"id":"ncei-1965-10110290","year":1965,"month":5,"state":"SD","stateName":"South Dakota","scale":1,"scaleLabel":"F1","lengthMiles":0,"deaths":0,"injuries":0}},{"type":"Feature","geometry":{"type":"Point","coordinates":[-97.4,42.9]},"properties":{"id":"ncei-1965-10110291","year":1965,"month":5,"state":"SD","stateName":"South Dakota","scale":2,"scaleLabel":"F2","lengthMiles":0,"deaths":0,"injuries":0}},{"type":"Feature","geometry":{"type":"Point","coordinates":[-97.62,43]},"properties":{"id":"ncei-1965-10110292","year":1965,"month":5,"state":"SD","stateName":"South Dakota","scale":1,"scaleLabel":"F1","lengthMiles":15.2,"deaths":0,"injuries":0}},{"type":"Feature","geometry":{"type":"Point","coordinates":[-97.38,43.58]},"properties":{"id":"ncei-1965-10110293","year":1965,"month":5,"state":"SD","stateName":"South Dakota","scale":1,"scaleLabel":"F1","lengthMiles":7.2,"deaths":0,"injuries":0}},{"type":"Feature","geometry":{"type":"Point","coordinates":[-97.5,43.5]},"properties":{"id":"ncei-1965-10110294","year":1965,"month":5,"state":"SD","stateName":"South Dakota","scale":3,"scaleLabel":"F3","lengthMiles":9,"deaths":0,"injuries":0}},{"type":"Feature","geometry":{"type":"Point","coordinates":[-97.2,43.62]},"properties":{"id":"ncei-1965-10110295","year":1965,"month":5,"state":"SD","stateName":"South Dakota","scale":1,"scaleLabel":"F1","lengthMiles":4.3,"deaths":0,"injuries":0}},{"type":"Feature","geometry":{"type":"Point","coordinates":[-96.68,43.62]},"properties":{"id":"ncei-1965-10110296","year":1965,"month":5,"state":"SD","stateName":"South Dakota","scale":0,"scaleLabel":"F0","lengthMiles":0,"deaths":0,"injuries":0}},{"type":"Feature","geometry":{"type":"Point","coordinates":[-96.7,43.65]},"properties":{"id":"ncei-1965-10110297","year":1965,"month":5,"state":"SD","stateName":"South Dakota","scale":1,"scaleLabel":"F1","lengthMiles":0,"deaths":0,"injuries":0}},{"type":"Feature","geometry":{"type":"Point","coordinates":[-97.18,44]},"properties":{"id":"ncei-1965-10110298","year":1965,"month":5,"state":"SD","stateName":"South Dakota","scale":2,"scaleLabel":"F2","lengthMiles":0,"deaths":0,"injuries":0}},{"type":"Feature","geometry":{"type":"Point","coordinates":[-97.17,44]},"properties":{"id":"ncei-1965-10110299","year":1965,"month":5,"state":"SD","stateName":"South Dakota","scale":2,"scaleLabel":"F2","lengthMiles":7.9,"deaths":0,"injuries":0}},{"type":"Feature","geometry":{"type":"Point","coordinates":[-97.12,44.12]},"properties":{"id":"ncei-1965-10110300","year":1965,"month":5,"state":"SD","stateName":"South Dakota","scale":1,"scaleLabel":"F1","lengthMiles":0,"deaths":0,"injuries":0}},{"type":"Feature","geometry":{"type":"Point","coordinates":[-97.12,44.23]},"properties":{"id":"ncei-1965-10110301","year":1965,"month":5,"state":"SD","stateName":"South Dakota","scale":1,"scaleLabel":"F1","lengthMiles":9.4,"deaths":0,"injuries":0}},{"type":"Feature","geometry":{"type":"Point","coordinates":[-97.1,43.7]},"properties":{"id":"ncei-1965-10110302","year":1965,"month":5,"state":"SD","stateName":"South Dakota","scale":1,"scaleLabel":"F1","lengthMiles":0,"deaths":0,"injuries":0}},{"type":"Feature","geometry":{"type":"Point","coordinates":[-96.8,43.2]},"properties":{"id":"ncei-1965-10110303","year":1965,"month":5,"state":"SD","stateName":"South Dakota","scale":-1,"scaleLabel":"Unknown","lengthMiles":0,"deaths":0,"injuries":0}},{"type":"Feature","geometry":{"type":"Point","coordinates":[-97.3,43.8]},"properties":{"id":"ncei-1965-10110304","year":1965,"month":5,"state":"SD","stateName":"South Dakota","scale":-1,"scaleLabel":"Unknown","lengthMiles":0,"deaths":0,"injuries":0}},{"type":"Feature","geometry":{"type":"Point","coordinates":[-98.1,43.1]},"properties":{"id":"ncei-1965-10110305","year":1965,"month":5,"state":"SD","stateName":"South Dakota","scale":-1,"scaleLabel":"Unknown","lengthMiles":0,"deaths":0,"injuries":0}},{"type":"Feature","geometry":{"type":"Point","coordinates":[-98.4,43.1]},"properties":{"id":"ncei-1965-10110306","year":1965,"month":6,"state":"SD","stateName":"South Dakota","scale":0,"scaleLabel":"F0","lengthMiles":0.3,"deaths":0,"injuries":0}},{"type":"Feature","geometry":{"type":"Point","coordinates":[-98.4,43.1]},"properties":{"id":"ncei-1965-10110307","year":1965,"month":6,"state":"SD","stateName":"South Dakota","scale":0,"scaleLabel":"F0","lengthMiles":0.3,"deaths":0,"injuries":0}},{"type":"Feature","geometry":{"type":"Point","coordinates":[-79.43,34.33]},"properties":{"id":"ncei-1965-10110566","year":1965,"month":3,"state":"SC","stateName":"South Carolina","scale":0,"scaleLabel":"F0","lengthMiles":1,"deaths":0,"injuries":0}},{"type":"Feature","geometry":{"type":"Point","coordinates":[-80.97,34.18]},"properties":{"id":"ncei-1965-10110570","year":1965,"month":3,"state":"SC","stateName":"South Carolina","scale":0,"scaleLabel":"F0","lengthMiles":0.1,"deaths":0,"injuries":0}},{"type":"Feature","geometry":{"type":"Point","coordinates":[-79.77,34.05]},"properties":{"id":"ncei-1965-10110571","year":1965,"month":3,"state":"SC","stateName":"South Carolina","scale":1,"scaleLabel":"F1","lengthMiles":0.5,"deaths":0,"injuries":0}},{"type":"Feature","geometry":{"type":"Point","coordinates":[-81.3,33]},"properties":{"id":"ncei-1965-10110574","year":1965,"month":4,"state":"SC","stateName":"South Carolina","scale":1,"scaleLabel":"F1","lengthMiles":0,"deaths":0,"injuries":0}},{"type":"Feature","geometry":{"type":"Point","coordinates":[-79.82,33.67]},"properties":{"id":"ncei-1965-10110575","year":1965,"month":5,"state":"SC","stateName":"South Carolina","scale":-1,"scaleLabel":"Unknown","lengthMiles":0.8,"deaths":0,"injuries":0}},{"type":"Feature","geometry":{"type":"Point","coordinates":[-79.05,33.83]},"properties":{"id":"ncei-1965-10110577","year":1965,"month":5,"state":"SC","stateName":"South Carolina","scale":2,"scaleLabel":"F2","lengthMiles":15,"deaths":0,"injuries":0}},{"type":"Feature","geometry":{"type":"Point","coordinates":[-80.98,32.47]},"properties":{"id":"ncei-1965-10110578","year":1965,"month":5,"state":"SC","stateName":"South Carolina","scale":1,"scaleLabel":"F1","lengthMiles":0.8,"deaths":0,"injuries":0}},{"type":"Feature","geometry":{"type":"Point","coordinates":[-79.03,34.15]},"properties":{"id":"ncei-1965-10110579","year":1965,"month":5,"state":"SC","stateName":"South Carolina","scale":-1,"scaleLabel":"Unknown","lengthMiles":0.5,"deaths":0,"injuries":0}},{"type":"Feature","geometry":{"type":"Point","coordinates":[-81.1,33.62]},"properties":{"id":"ncei-1965-10110581","year":1965,"month":5,"state":"SC","stateName":"South Carolina","scale":0,"scaleLabel":"F0","lengthMiles":0,"deaths":0,"injuries":0}},{"type":"Feature","geometry":{"type":"Point","coordinates":[-80.17,33.3]},"properties":{"id":"ncei-1965-10110583","year":1965,"month":6,"state":"SC","stateName":"South Carolina","scale":0,"scaleLabel":"F0","lengthMiles":0,"deaths":0,"injuries":0}},{"type":"Feature","geometry":{"type":"Point","coordinates":[-80,32.9]},"properties":{"id":"ncei-1965-10110586","year":1965,"month":7,"state":"SC","stateName":"South Carolina","scale":1,"scaleLabel":"F1","lengthMiles":0.4,"deaths":0,"injuries":0}},{"type":"Feature","geometry":{"type":"Point","coordinates":[-80.35,33.38]},"properties":{"id":"ncei-1965-10110591","year":1965,"month":7,"state":"SC","stateName":"South Carolina","scale":1,"scaleLabel":"F1","lengthMiles":0.5,"deaths":0,"injuries":0}},{"type":"Feature","geometry":{"type":"Point","coordinates":[-80.7,34.4]},"properties":{"id":"ncei-1965-10110593","year":1965,"month":8,"state":"SC","stateName":"South Carolina","scale":-1,"scaleLabel":"Unknown","lengthMiles":0.3,"deaths":0,"injuries":0}},{"type":"Feature","geometry":{"type":"Point","coordinates":[-97.33,43.13]},"properties":{"id":"ncei-1965-10111159","year":1965,"month":6,"state":"SD","stateName":"South Dakota","scale":2,"scaleLabel":"F2","lengthMiles":3.6,"deaths":0,"injuries":0}},{"type":"Feature","geometry":{"type":"Point","coordinates":[-97.33,43.42]},"properties":{"id":"ncei-1965-10111160","year":1965,"month":6,"state":"SD","stateName":"South Dakota","scale":2,"scaleLabel":"F2","lengthMiles":0,"deaths":0,"injuries":0}},{"type":"Feature","geometry":{"type":"Point","coordinates":[-96.7,43.2]},"properties":{"id":"ncei-1965-10111161","year":1965,"month":6,"state":"SD","stateName":"South Dakota","scale":-1,"scaleLabel":"Unknown","lengthMiles":0,"deaths":1,"injuries":0}},{"type":"Feature","geometry":{"type":"Point","coordinates":[-97.4,43.4]},"properties":{"id":"ncei-1965-10111162","year":1965,"month":6,"state":"SD","stateName":"South Dakota","scale":-1,"scaleLabel":"Unknown","lengthMiles":0,"deaths":0,"injuries":0}},{"type":"Feature","geometry":{"type":"Point","coordinates":[-97.43,43.35]},"properties":{"id":"ncei-1965-10111163","year":1965,"month":6,"state":"SD","stateName":"South Dakota","scale":1,"scaleLabel":"F1","lengthMiles":0.8,"deaths":0,"injuries":0}},{"type":"Feature","geometry":{"type":"Point","coordinates":[-97.05,42.9]},"properties":{"id":"ncei-1965-10111164","year":1965,"month":6,"state":"SD","stateName":"South Dakota","scale":2,"scaleLabel":"F2","lengthMiles":0,"deaths":0,"injuries":0}},{"type":"Feature","geometry":{"type":"Point","coordinates":[-96.8,42.92]},"properties":{"id":"ncei-1965-10111165","year":1965,"month":6,"state":"SD","stateName":"South Dakota","scale":3,"scaleLabel":"F3","lengthMiles":0,"deaths":0,"injuries":0}},{"type":"Feature","geometry":{"type":"Point","coordinates":[-97.23,43.17]},"properties":{"id":"ncei-1965-10111166","year":1965,"month":6,"state":"SD","stateName":"South Dakota","scale":4,"scaleLabel":"F4","lengthMiles":0,"deaths":0,"injuries":0}},{"type":"Feature","geometry":{"type":"Point","coordinates":[-97.22,43.18]},"properties":{"id":"ncei-1965-10111167","year":1965,"month":6,"state":"SD","stateName":"South Dakota","scale":4,"scaleLabel":"F4","lengthMiles":7.8,"deaths":1,"injuries":0}},{"type":"Feature","geometry":{"type":"Point","coordinates":[-97.03,43.07]},"properties":{"id":"ncei-1965-10111168","year":1965,"month":6,"state":"SD","stateName":"South Dakota","scale":2,"scaleLabel":"F2","lengthMiles":8.6,"deaths":0,"injuries":0}},{"type":"Feature","geometry":{"type":"Point","coordinates":[-103.53,43.82]},"properties":{"id":"ncei-1965-10111169","year":1965,"month":6,"state":"SD","stateName":"South Dakota","scale":2,"scaleLabel":"F2","lengthMiles":0,"deaths":0,"injuries":0}},{"type":"Feature","geometry":{"type":"Point","coordinates":[-100.15,45.88]},"properties":{"id":"ncei-1965-10111170","year":1965,"month":6,"state":"SD","stateName":"South Dakota","scale":2,"scaleLabel":"F2","lengthMiles":4.1,"deaths":0,"injuries":0}},{"type":"Feature","geometry":{"type":"Point","coordinates":[-97.78,42.95]},"properties":{"id":"ncei-1965-10111171","year":1965,"month":6,"state":"SD","stateName":"South Dakota","scale":-1,"scaleLabel":"Unknown","lengthMiles":15.4,"deaths":0,"injuries":0}},{"type":"Feature","geometry":{"type":"Point","coordinates":[-97.82,42.97]},"properties":{"id":"ncei-1965-10111176","year":1965,"month":6,"state":"SD","stateName":"South Dakota","scale":3,"scaleLabel":"F3","lengthMiles":35.6,"deaths":0,"injuries":0}},{"type":"Feature","geometry":{"type":"Point","coordinates":[-98.2,44.28]},"properties":{"id":"ncei-1965-10111395","year":1965,"month":6,"state":"SD","stateName":"South Dakota","scale":1,"scaleLabel":"F1","lengthMiles":12.1,"deaths":0,"injuries":0}},{"type":"Feature","geometry":{"type":"Point","coordinates":[-97.8,43.22]},"properties":{"id":"ncei-1965-10111396","year":1965,"month":6,"state":"SD","stateName":"South Dakota","scale":2,"scaleLabel":"F2","lengthMiles":2.3,"deaths":0,"injuries":0}},{"type":"Feature","geometry":{"type":"Point","coordinates":[-104.05,44.25]},"properties":{"id":"ncei-1965-10111403","year":1965,"month":7,"state":"SD","stateName":"South Dakota","scale":3,"scaleLabel":"F3","lengthMiles":11.4,"deaths":0,"injuries":0}},{"type":"Feature","geometry":{"type":"Point","coordinates":[-103.27,44.13]},"properties":{"id":"ncei-1965-10111404","year":1965,"month":7,"state":"SD","stateName":"South Dakota","scale":1,"scaleLabel":"F1","lengthMiles":0,"deaths":0,"injuries":0}},{"type":"Feature","geometry":{"type":"Point","coordinates":[-103.55,44.6]},"properties":{"id":"ncei-1965-10111410","year":1965,"month":7,"state":"SD","stateName":"South Dakota","scale":3,"scaleLabel":"F3","lengthMiles":0,"deaths":0,"injuries":0}},{"type":"Feature","geometry":{"type":"Point","coordinates":[-100.25,45]},"properties":{"id":"ncei-1965-10111413","year":1965,"month":7,"state":"SD","stateName":"South Dakota","scale":1,"scaleLabel":"F1","lengthMiles":0,"deaths":0,"injuries":0}},{"type":"Feature","geometry":{"type":"Point","coordinates":[-78.67,33.83]},"properties":{"id":"ncei-1965-10111447","year":1965,"month":8,"state":"SC","stateName":"South Carolina","scale":3,"scaleLabel":"F3","lengthMiles":0.3,"deaths":0,"injuries":46}},{"type":"Feature","geometry":{"type":"Point","coordinates":[-81.68,33.53]},"properties":{"id":"ncei-1965-10111449","year":1965,"month":8,"state":"SC","stateName":"South Carolina","scale":-1,"scaleLabel":"Unknown","lengthMiles":0,"deaths":0,"injuries":0}},{"type":"Feature","geometry":{"type":"Point","coordinates":[-80.75,32.13]},"properties":{"id":"ncei-1965-10111451","year":1965,"month":10,"state":"SC","stateName":"South Carolina","scale":1,"scaleLabel":"F1","lengthMiles":0.2,"deaths":0,"injuries":0}},{"type":"Feature","geometry":{"type":"Point","coordinates":[-80.68,33.43]},"properties":{"id":"ncei-1965-10111452","year":1965,"month":10,"state":"SC","stateName":"South Carolina","scale":1,"scaleLabel":"F1","lengthMiles":0.5,"deaths":0,"injuries":0}},{"type":"Feature","geometry":{"type":"Point","coordinates":[-80.53,32.92]},"properties":{"id":"ncei-1965-10111453","year":1965,"month":10,"state":"SC","stateName":"South Carolina","scale":1,"scaleLabel":"F1","lengthMiles":1.2,"deaths":0,"injuries":0}},{"type":"Feature","geometry":{"type":"Point","coordinates":[-79.2,34]},"properties":{"id":"ncei-1965-10111454","year":1965,"month":10,"state":"SC","stateName":"South Carolina","scale":2,"scaleLabel":"F2","lengthMiles":3.3,"deaths":0,"injuries":0}},{"type":"Feature","geometry":{"type":"Point","coordinates":[-80,42.12]},"properties":{"id":"ncei-1965-10114942","year":1965,"month":5,"state":"PA","stateName":"Pennsylvania","scale":1,"scaleLabel":"F1","lengthMiles":0,"deaths":0,"injuries":1}},{"type":"Feature","geometry":{"type":"Point","coordinates":[-76.85,40]},"properties":{"id":"ncei-1965-10114956","year":1965,"month":8,"state":"PA","stateName":"Pennsylvania","scale":1,"scaleLabel":"F1","lengthMiles":0,"deaths":0,"injuries":0}},{"type":"Feature","geometry":{"type":"Point","coordinates":[-79.62,40.08]},"properties":{"id":"ncei-1965-10114964","year":1965,"month":11,"state":"PA","stateName":"Pennsylvania","scale":2,"scaleLabel":"F2","lengthMiles":0,"deaths":0,"injuries":3}},{"type":"Feature","geometry":{"type":"Point","coordinates":[-79.6,40.1]},"properties":{"id":"ncei-1965-10114965","year":1965,"month":11,"state":"PA","stateName":"Pennsylvania","scale":2,"scaleLabel":"F2","lengthMiles":0,"deaths":0,"injuries":3}},{"type":"Feature","geometry":{"type":"Point","coordinates":[-97.85,27.72]},"properties":{"id":"ncei-1965-10119148","year":1965,"month":3,"state":"TX","stateName":"Texas","scale":1,"scaleLabel":"F1","lengthMiles":7.1,"deaths":0,"injuries":0}},{"type":"Feature","geometry":{"type":"Point","coordinates":[-94.87,31.23]},"properties":{"id":"ncei-1965-10119149","year":1965,"month":3,"state":"TX","stateName":"Texas","scale":1,"scaleLabel":"F1","lengthMiles":2,"deaths":0,"injuries":0}},{"type":"Feature","geometry":{"type":"Point","coordinates":[-100.42,32.8]},"properties":{"id":"ncei-1965-10119164","year":1965,"month":4,"state":"TX","stateName":"Texas","scale":0,"scaleLabel":"F0","lengthMiles":0.5,"deaths":0,"injuries":0}},{"type":"Feature","geometry":{"type":"Point","coordinates":[-100.28,33.77]},"properties":{"id":"ncei-1965-10119377","year":1965,"month":4,"state":"TX","stateName":"Texas","scale":1,"scaleLabel":"F1","lengthMiles":0.5,"deaths":0,"injuries":0}},{"type":"Feature","geometry":{"type":"Point","coordinates":[-97.67,33.87]},"properties":{"id":"ncei-1965-10119378","year":1965,"month":4,"state":"TX","stateName":"Texas","scale":3,"scaleLabel":"F3","lengthMiles":1,"deaths":0,"injuries":0}},{"type":"Feature","geometry":{"type":"Point","coordinates":[-98.07,33.05]},"properties":{"id":"ncei-1965-10119382","year":1965,"month":4,"state":"TX","stateName":"Texas","scale":2,"scaleLabel":"F2","lengthMiles":2,"deaths":0,"injuries":0}},{"type":"Feature","geometry":{"type":"Point","coordinates":[-97.52,29.85]},"properties":{"id":"ncei-1965-10119385","year":1965,"month":4,"state":"TX","stateName":"Texas","scale":2,"scaleLabel":"F2","lengthMiles":6.9,"deaths":0,"injuries":0}},{"type":"Feature","geometry":{"type":"Point","coordinates":[-96,29.45]},"properties":{"id":"ncei-1965-10119392","year":1965,"month":4,"state":"TX","stateName":"Texas","scale":3,"scaleLabel":"F3","lengthMiles":0.2,"deaths":1,"injuries":3}},{"type":"Feature","geometry":{"type":"Point","coordinates":[-98.33,26.7]},"properties":{"id":"ncei-1965-10119402","year":1965,"month":4,"state":"TX","stateName":"Texas","scale":3,"scaleLabel":"F3","lengthMiles":1.5,"deaths":0,"injuries":0}},{"type":"Feature","geometry":{"type":"Point","coordinates":[-101.97,35.2]},"properties":{"id":"ncei-1965-10119430","year":1965,"month":5,"state":"TX","stateName":"Texas","scale":2,"scaleLabel":"F2","lengthMiles":1,"deaths":0,"injuries":0}},{"type":"Feature","geometry":{"type":"Point","coordinates":[-96.88,29.62]},"properties":{"id":"ncei-1965-10121682","year":1965,"month":1,"state":"TX","stateName":"Texas","scale":2,"scaleLabel":"F2","lengthMiles":0.8,"deaths":0,"injuries":0}},{"type":"Feature","geometry":{"type":"Point","coordinates":[-94.32,29.58]},"properties":{"id":"ncei-1965-10121683","year":1965,"month":1,"state":"TX","stateName":"Texas","scale":2,"scaleLabel":"F2","lengthMiles":0.1,"deaths":0,"injuries":0}},{"type":"Feature","geometry":{"type":"Point","coordinates":[-95.17,29.53]},"properties":{"id":"ncei-1965-10121684","year":1965,"month":2,"state":"TX","stateName":"Texas","scale":0,"scaleLabel":"F0","lengthMiles":0.1,"deaths":0,"injuries":0}},{"type":"Feature","geometry":{"type":"Point","coordinates":[-94.68,31.62]},"properties":{"id":"ncei-1965-10121686","year":1965,"month":2,"state":"TX","stateName":"Texas","scale":3,"scaleLabel":"F3","lengthMiles":42.7,"deaths":0,"injuries":0}},{"type":"Feature","geometry":{"type":"Point","coordinates":[-95.05,31.5]},"properties":{"id":"ncei-1965-10121687","year":1965,"month":2,"state":"TX","stateName":"Texas","scale":2,"scaleLabel":"F2","lengthMiles":3,"deaths":0,"injuries":1}},{"type":"Feature","geometry":{"type":"Point","coordinates":[-94.53,31.83]},"properties":{"id":"ncei-1965-10121688","year":1965,"month":2,"state":"TX","stateName":"Texas","scale":2,"scaleLabel":"F2","lengthMiles":31.3,"deaths":0,"injuries":0}},{"type":"Feature","geometry":{"type":"Point","coordinates":[-94.43,32.07]},"properties":{"id":"ncei-1965-10121689","year":1965,"month":2,"state":"TX","stateName":"Texas","scale":2,"scaleLabel":"F2","lengthMiles":27.8,"deaths":0,"injuries":0}},{"type":"Feature","geometry":{"type":"Point","coordinates":[-96.9,32]},"properties":{"id":"ncei-1965-10121695","year":1965,"month":3,"state":"TX","stateName":"Texas","scale":3,"scaleLabel":"F3","lengthMiles":2.7,"deaths":0,"injuries":0}},{"type":"Feature","geometry":{"type":"Point","coordinates":[-96.87,32.02]},"properties":{"id":"ncei-1965-10121696","year":1965,"month":3,"state":"TX","stateName":"Texas","scale":3,"scaleLabel":"F3","lengthMiles":8.4,"deaths":0,"injuries":1}},{"type":"Feature","geometry":{"type":"Point","coordinates":[-102.22,36.08]},"properties":{"id":"ncei-1965-10122551","year":1965,"month":5,"state":"TX","stateName":"Texas","scale":0,"scaleLabel":"F0","lengthMiles":4.6,"deaths":0,"injuries":0}},{"type":"Feature","geometry":{"type":"Point","coordinates":[-101.42,35.67]},"properties":{"id":"ncei-1965-10122552","year":1965,"month":5,"state":"TX","stateName":"Texas","scale":2,"scaleLabel":"F2","lengthMiles":0.5,"deaths":0,"injuries":0}},{"type":"Feature","geometry":{"type":"Point","coordinates":[-100.55,29.15]},"properties":{"id":"ncei-1965-10122553","year":1965,"month":5,"state":"TX","stateName":"Texas","scale":0,"scaleLabel":"F0","lengthMiles":0,"deaths":0,"injuries":0}},{"type":"Feature","geometry":{"type":"Point","coordinates":[-100.1,32.05]},"properties":{"id":"ncei-1965-10122556","year":1965,"month":5,"state":"TX","stateName":"Texas","scale":1,"scaleLabel":"F1","lengthMiles":0,"deaths":0,"injuries":0}},{"type":"Feature","geometry":{"type":"Point","coordinates":[-100.25,35.37]},"properties":{"id":"ncei-1965-10122559","year":1965,"month":5,"state":"TX","stateName":"Texas","scale":0,"scaleLabel":"F0","lengthMiles":0.8,"deaths":0,"injuries":0}},{"type":"Feature","geometry":{"type":"Point","coordinates":[-97.33,31.93]},"properties":{"id":"ncei-1965-10122566","year":1965,"month":5,"state":"TX","stateName":"Texas","scale":2,"scaleLabel":"F2","lengthMiles":0.1,"deaths":0,"injuries":0}},{"type":"Feature","geometry":{"type":"Point","coordinates":[-95.52,32.58]},"properties":{"id":"ncei-1965-10122568","year":1965,"month":5,"state":"TX","stateName":"Texas","scale":2,"scaleLabel":"F2","lengthMiles":0.3,"deaths":0,"injuries":0}},{"type":"Feature","geometry":{"type":"Point","coordinates":[-95.83,32.38]},"properties":{"id":"ncei-1965-10122781","year":1965,"month":5,"state":"TX","stateName":"Texas","scale":2,"scaleLabel":"F2","lengthMiles":2.5,"deaths":0,"injuries":0}},{"type":"Feature","geometry":{"type":"Point","coordinates":[-96.47,32.1]},"properties":{"id":"ncei-1965-10122789","year":1965,"month":5,"state":"TX","stateName":"Texas","scale":2,"scaleLabel":"F2","lengthMiles":8,"deaths":0,"injuries":0}},{"type":"Feature","geometry":{"type":"Point","coordinates":[-97.78,33.3]},"properties":{"id":"ncei-1965-10122791","year":1965,"month":5,"state":"TX","stateName":"Texas","scale":2,"scaleLabel":"F2","lengthMiles":0.1,"deaths":0,"injuries":0}},{"type":"Feature","geometry":{"type":"Point","coordinates":[-104.32,30.32]},"properties":{"id":"ncei-1965-10122792","year":1965,"month":5,"state":"TX","stateName":"Texas","scale":0,"scaleLabel":"F0","lengthMiles":0,"deaths":0,"injuries":0}},{"type":"Feature","geometry":{"type":"Point","coordinates":[-99.95,32]},"properties":{"id":"ncei-1965-10122793","year":1965,"month":5,"state":"TX","stateName":"Texas","scale":2,"scaleLabel":"F2","lengthMiles":4.1,"deaths":0,"injuries":1}},{"type":"Feature","geometry":{"type":"Point","coordinates":[-102.38,31.4]},"properties":{"id":"ncei-1965-10122795","year":1965,"month":5,"state":"TX","stateName":"Texas","scale":0,"scaleLabel":"F0","lengthMiles":1,"deaths":0,"injuries":0}},{"type":"Feature","geometry":{"type":"Point","coordinates":[-102.83,32.28]},"properties":{"id":"ncei-1965-10122796","year":1965,"month":5,"state":"TX","stateName":"Texas","scale":1,"scaleLabel":"F1","lengthMiles":15.8,"deaths":0,"injuries":0}},{"type":"Feature","geometry":{"type":"Point","coordinates":[-101.77,34.48]},"properties":{"id":"ncei-1965-10122797","year":1965,"month":5,"state":"TX","stateName":"Texas","scale":0,"scaleLabel":"F0","lengthMiles":0.2,"deaths":0,"injuries":0}},{"type":"Feature","geometry":{"type":"Point","coordinates":[-102.63,32.58]},"properties":{"id":"ncei-1965-10122798","year":1965,"month":5,"state":"TX","stateName":"Texas","scale":0,"scaleLabel":"F0","lengthMiles":0.1,"deaths":0,"injuries":0}},{"type":"Feature","geometry":{"type":"Point","coordinates":[-101.83,33.42]},"properties":{"id":"ncei-1965-10122799","year":1965,"month":5,"state":"TX","stateName":"Texas","scale":2,"scaleLabel":"F2","lengthMiles":0.5,"deaths":0,"injuries":0}},{"type":"Feature","geometry":{"type":"Point","coordinates":[-101.12,32.58]},"properties":{"id":"ncei-1965-10122801","year":1965,"month":5,"state":"TX","stateName":"Texas","scale":0,"scaleLabel":"F0","lengthMiles":0.2,"deaths":0,"injuries":0}},{"type":"Feature","geometry":{"type":"Point","coordinates":[-100.67,32.33]},"properties":{"id":"ncei-1965-10122808","year":1965,"month":5,"state":"TX","stateName":"Texas","scale":1,"scaleLabel":"F1","lengthMiles":1,"deaths":0,"injuries":0}},{"type":"Feature","geometry":{"type":"Point","coordinates":[-100.43,32.25]},"properties":{"id":"ncei-1965-10122810","year":1965,"month":5,"state":"TX","stateName":"Texas","scale":1,"scaleLabel":"F1","lengthMiles":0,"deaths":0,"injuries":0}},{"type":"Feature","geometry":{"type":"Point","coordinates":[-99.73,32.45]},"properties":{"id":"ncei-1965-10122811","year":1965,"month":5,"state":"TX","stateName":"Texas","scale":3,"scaleLabel":"F3","lengthMiles":9.3,"deaths":0,"injuries":2}},{"type":"Feature","geometry":{"type":"Point","coordinates":[-97.23,27.83]},"properties":{"id":"ncei-1965-10122812","year":1965,"month":5,"state":"TX","stateName":"Texas","scale":2,"scaleLabel":"F2","lengthMiles":0.1,"deaths":0,"injuries":0}},{"type":"Feature","geometry":{"type":"Point","coordinates":[-99.35,31.77]},"properties":{"id":"ncei-1965-10122822","year":1965,"month":5,"state":"TX","stateName":"Texas","scale":2,"scaleLabel":"F2","lengthMiles":0,"deaths":0,"injuries":0}},{"type":"Feature","geometry":{"type":"Point","coordinates":[-99.35,31.77]},"properties":{"id":"ncei-1965-10122823","year":1965,"month":5,"state":"TX","stateName":"Texas","scale":2,"scaleLabel":"F2","lengthMiles":0,"deaths":0,"injuries":0}},{"type":"Feature","geometry":{"type":"Point","coordinates":[-102.1,31.97]},"properties":{"id":"ncei-1965-10122825","year":1965,"month":5,"state":"TX","stateName":"Texas","scale":3,"scaleLabel":"F3","lengthMiles":1,"deaths":0,"injuries":0}},{"type":"Feature","geometry":{"type":"Point","coordinates":[-99,30.5]},"properties":{"id":"ncei-1965-10122826","year":1965,"month":5,"state":"TX","stateName":"Texas","scale":2,"scaleLabel":"F2","lengthMiles":0.2,"deaths":0,"injuries":0}},{"type":"Feature","geometry":{"type":"Point","coordinates":[-97.75,30.3]},"properties":{"id":"ncei-1965-10122833","year":1965,"month":5,"state":"TX","stateName":"Texas","scale":1,"scaleLabel":"F1","lengthMiles":0.1,"deaths":0,"injuries":0}},{"type":"Feature","geometry":{"type":"Point","coordinates":[-96.3,30.55]},"properties":{"id":"ncei-1965-10122834","year":1965,"month":5,"state":"TX","stateName":"Texas","scale":0,"scaleLabel":"F0","lengthMiles":0.1,"deaths":0,"injuries":0}},{"type":"Feature","geometry":{"type":"Point","coordinates":[-87.33,35.23]},"properties":{"id":"ncei-1965-10126167","year":1965,"month":3,"state":"TN","stateName":"Tennessee","scale":2,"scaleLabel":"F2","lengthMiles":2,"deaths":0,"injuries":0}},{"type":"Feature","geometry":{"type":"Point","coordinates":[-86.42,36.12]},"properties":{"id":"ncei-1965-10126169","year":1965,"month":3,"state":"TN","stateName":"Tennessee","scale":1,"scaleLabel":"F1","lengthMiles":0.1,"deaths":0,"injuries":0}},{"type":"Feature","geometry":{"type":"Point","coordinates":[-85.53,35.83]},"properties":{"id":"ncei-1965-10126170","year":1965,"month":3,"state":"TN","stateName":"Tennessee","scale":1,"scaleLabel":"F1","lengthMiles":2,"deaths":0,"injuries":2}},{"type":"Feature","geometry":{"type":"Point","coordinates":[-84.6,36.1]},"properties":{"id":"ncei-1965-10126172","year":1965,"month":3,"state":"TN","stateName":"Tennessee","scale":1,"scaleLabel":"F1","lengthMiles":0.1,"deaths":0,"injuries":0}},{"type":"Feature","geometry":{"type":"Point","coordinates":[-84.25,35.63]},"properties":{"id":"ncei-1965-10126174","year":1965,"month":3,"state":"TN","stateName":"Tennessee","scale":1,"scaleLabel":"F1","lengthMiles":0.1,"deaths":0,"injuries":0}},{"type":"Feature","geometry":{"type":"Point","coordinates":[-84.92,36.35]},"properties":{"id":"ncei-1965-10126182","year":1965,"month":4,"state":"TN","stateName":"Tennessee","scale":2,"scaleLabel":"F2","lengthMiles":5.9,"deaths":0,"injuries":0}},{"type":"Feature","geometry":{"type":"Point","coordinates":[-85.08,35.87]},"properties":{"id":"ncei-1965-10126185","year":1965,"month":4,"state":"TN","stateName":"Tennessee","scale":3,"scaleLabel":"F3","lengthMiles":6.5,"deaths":1,"injuries":0}},{"type":"Feature","geometry":{"type":"Point","coordinates":[-84.87,35.18]},"properties":{"id":"ncei-1965-10126397","year":1965,"month":4,"state":"TN","stateName":"Tennessee","scale":3,"scaleLabel":"F3","lengthMiles":10.4,"deaths":0,"injuries":50}},{"type":"Feature","geometry":{"type":"Point","coordinates":[-84.08,35.87]},"properties":{"id":"ncei-1965-10126398","year":1965,"month":4,"state":"TN","stateName":"Tennessee","scale":2,"scaleLabel":"F2","lengthMiles":7.4,"deaths":0,"injuries":6}},{"type":"Feature","geometry":{"type":"Point","coordinates":[-89.53,35.08]},"properties":{"id":"ncei-1965-10127512","year":1965,"month":2,"state":"TN","stateName":"Tennessee","scale":2,"scaleLabel":"F2","lengthMiles":0.1,"deaths":0,"injuries":0}},{"type":"Feature","geometry":{"type":"Point","coordinates":[-87.02,35.33]},"properties":{"id":"ncei-1965-10127515","year":1965,"month":3,"state":"TN","stateName":"Tennessee","scale":1,"scaleLabel":"F1","lengthMiles":0.1,"deaths":0,"injuries":0}},{"type":"Feature","geometry":{"type":"Point","coordinates":[-85.8,35.7]},"properties":{"id":"ncei-1965-10127516","year":1965,"month":3,"state":"TN","stateName":"Tennessee","scale":1,"scaleLabel":"F1","lengthMiles":1,"deaths":0,"injuries":1}},{"type":"Feature","geometry":{"type":"Point","coordinates":[-102.17,32.9]},"properties":{"id":"ncei-1965-10132048","year":1965,"month":6,"state":"TX","stateName":"Texas","scale":2,"scaleLabel":"F2","lengthMiles":19.4,"deaths":0,"injuries":8}},{"type":"Feature","geometry":{"type":"Point","coordinates":[-100.78,36.37]},"properties":{"id":"ncei-1965-10132052","year":1965,"month":6,"state":"TX","stateName":"Texas","scale":0,"scaleLabel":"F0","lengthMiles":0.5,"deaths":0,"injuries":0}},{"type":"Feature","geometry":{"type":"Point","coordinates":[-102.8,33.87]},"properties":{"id":"ncei-1965-10132053","year":1965,"month":6,"state":"TX","stateName":"Texas","scale":2,"scaleLabel":"F2","lengthMiles":20.8,"deaths":0,"injuries":0}},{"type":"Feature","geometry":{"type":"Point","coordinates":[-102.6,34.38]},"properties":{"id":"ncei-1965-10132055","year":1965,"month":6,"state":"TX","stateName":"Texas","scale":1,"scaleLabel":"F1","lengthMiles":1.5,"deaths":0,"injuries":0}},{"type":"Feature","geometry":{"type":"Point","coordinates":[-102.77,33.72]},"properties":{"id":"ncei-1965-10132056","year":1965,"month":6,"state":"TX","stateName":"Texas","scale":2,"scaleLabel":"F2","lengthMiles":10.4,"deaths":0,"injuries":0}},{"type":"Feature","geometry":{"type":"Point","coordinates":[-101.67,35.87]},"properties":{"id":"ncei-1965-10132203","year":1965,"month":6,"state":"TX","stateName":"Texas","scale":2,"scaleLabel":"F2","lengthMiles":0.2,"deaths":0,"injuries":0}},{"type":"Feature","geometry":{"type":"Point","coordinates":[-102.98,31.88]},"properties":{"id":"ncei-1965-10132204","year":1965,"month":6,"state":"TX","stateName":"Texas","scale":0,"scaleLabel":"F0","lengthMiles":0.1,"deaths":0,"injuries":0}},{"type":"Feature","geometry":{"type":"Point","coordinates":[-101.92,34.43]},"properties":{"id":"ncei-1965-10132205","year":1965,"month":6,"state":"TX","stateName":"Texas","scale":0,"scaleLabel":"F0","lengthMiles":0.1,"deaths":0,"injuries":0}},{"type":"Feature","geometry":{"type":"Point","coordinates":[-101.9,34.32]},"properties":{"id":"ncei-1965-10132206","year":1965,"month":6,"state":"TX","stateName":"Texas","scale":0,"scaleLabel":"F0","lengthMiles":0.5,"deaths":0,"injuries":0}},{"type":"Feature","geometry":{"type":"Point","coordinates":[-101.77,34.18]},"properties":{"id":"ncei-1965-10132207","year":1965,"month":6,"state":"TX","stateName":"Texas","scale":2,"scaleLabel":"F2","lengthMiles":0.5,"deaths":0,"injuries":0}},{"type":"Feature","geometry":{"type":"Point","coordinates":[-101.7,35.87]},"properties":{"id":"ncei-1965-10132211","year":1965,"month":6,"state":"TX","stateName":"Texas","scale":2,"scaleLabel":"F2","lengthMiles":0,"deaths":0,"injuries":0}},{"type":"Feature","geometry":{"type":"Point","coordinates":[-98.45,29.35]},"properties":{"id":"ncei-1965-10132215","year":1965,"month":6,"state":"TX","stateName":"Texas","scale":1,"scaleLabel":"F1","lengthMiles":0.3,"deaths":0,"injuries":0}},{"type":"Feature","geometry":{"type":"Point","coordinates":[-97.53,32.62]},"properties":{"id":"ncei-1965-10132216","year":1965,"month":6,"state":"TX","stateName":"Texas","scale":2,"scaleLabel":"F2","lengthMiles":0.1,"deaths":0,"injuries":0}},{"type":"Feature","geometry":{"type":"Point","coordinates":[-101.47,35.83]},"properties":{"id":"ncei-1965-10132219","year":1965,"month":6,"state":"TX","stateName":"Texas","scale":0,"scaleLabel":"F0","lengthMiles":0.1,"deaths":0,"injuries":0}},{"type":"Feature","geometry":{"type":"Point","coordinates":[-102.27,33.42]},"properties":{"id":"ncei-1965-10132220","year":1965,"month":6,"state":"TX","stateName":"Texas","scale":1,"scaleLabel":"F1","lengthMiles":3.8,"deaths":0,"injuries":0}},{"type":"Feature","geometry":{"type":"Point","coordinates":[-102.05,34.53]},"properties":{"id":"ncei-1965-10132221","year":1965,"month":6,"state":"TX","stateName":"Texas","scale":1,"scaleLabel":"F1","lengthMiles":13.9,"deaths":0,"injuries":0}},{"type":"Feature","geometry":{"type":"Point","coordinates":[-93.92,29.9]},"properties":{"id":"ncei-1965-10132223","year":1965,"month":7,"state":"TX","stateName":"Texas","scale":1,"scaleLabel":"F1","lengthMiles":1,"deaths":0,"injuries":0}},{"type":"Feature","geometry":{"type":"Point","coordinates":[-102.57,34.07]},"properties":{"id":"ncei-1965-10132232","year":1965,"month":7,"state":"TX","stateName":"Texas","scale":0,"scaleLabel":"F0","lengthMiles":1.5,"deaths":0,"injuries":0}},{"type":"Feature","geometry":{"type":"Point","coordinates":[-96.68,33.77]},"properties":{"id":"ncei-1965-10132234","year":1965,"month":8,"state":"TX","stateName":"Texas","scale":2,"scaleLabel":"F2","lengthMiles":0.5,"deaths":0,"injuries":0}},{"type":"Feature","geometry":{"type":"Point","coordinates":[-101.72,33.87]},"properties":{"id":"ncei-1965-10132240","year":1965,"month":8,"state":"TX","stateName":"Texas","scale":0,"scaleLabel":"F0","lengthMiles":0.1,"deaths":0,"injuries":0}},{"type":"Feature","geometry":{"type":"Point","coordinates":[-97.42,31.1]},"properties":{"id":"ncei-1965-10132242","year":1965,"month":8,"state":"TX","stateName":"Texas","scale":2,"scaleLabel":"F2","lengthMiles":0.5,"deaths":0,"injuries":0}},{"type":"Feature","geometry":{"type":"Point","coordinates":[-98.03,28.32]},"properties":{"id":"ncei-1965-10132243","year":1965,"month":8,"state":"TX","stateName":"Texas","scale":0,"scaleLabel":"F0","lengthMiles":1,"deaths":0,"injuries":0}},{"type":"Feature","geometry":{"type":"Point","coordinates":[-102.4,30.13]},"properties":{"id":"ncei-1965-10132244","year":1965,"month":8,"state":"TX","stateName":"Texas","scale":2,"scaleLabel":"F2","lengthMiles":0.5,"deaths":0,"injuries":0}},{"type":"Feature","geometry":{"type":"Point","coordinates":[-102.42,34]},"properties":{"id":"ncei-1965-10132252","year":1965,"month":8,"state":"TX","stateName":"Texas","scale":-1,"scaleLabel":"Unknown","lengthMiles":0,"deaths":0,"injuries":0}},{"type":"Feature","geometry":{"type":"Point","coordinates":[-93.75,30.27]},"properties":{"id":"ncei-1965-10133190","year":1965,"month":8,"state":"TX","stateName":"Texas","scale":0,"scaleLabel":"F0","lengthMiles":0,"deaths":0,"injuries":0}},{"type":"Feature","geometry":{"type":"Point","coordinates":[-97.62,29.85]},"properties":{"id":"ncei-1965-10133192","year":1965,"month":8,"state":"TX","stateName":"Texas","scale":2,"scaleLabel":"F2","lengthMiles":0.5,"deaths":0,"injuries":0}},{"type":"Feature","geometry":{"type":"Point","coordinates":[-100.37,32.75]},"properties":{"id":"ncei-1965-10133193","year":1965,"month":8,"state":"TX","stateName":"Texas","scale":2,"scaleLabel":"F2","lengthMiles":2,"deaths":0,"injuries":0}},{"type":"Feature","geometry":{"type":"Point","coordinates":[-98.18,28.65]},"properties":{"id":"ncei-1965-10133196","year":1965,"month":9,"state":"TX","stateName":"Texas","scale":2,"scaleLabel":"F2","lengthMiles":1.5,"deaths":0,"injuries":0}},{"type":"Feature","geometry":{"type":"Point","coordinates":[-101.8,30.3]},"properties":{"id":"ncei-1965-10133200","year":1965,"month":9,"state":"TX","stateName":"Texas","scale":3,"scaleLabel":"F3","lengthMiles":10,"deaths":0,"injuries":0}},{"type":"Feature","geometry":{"type":"Point","coordinates":[-94.75,32.6]},"properties":{"id":"ncei-1965-10133201","year":1965,"month":9,"state":"TX","stateName":"Texas","scale":3,"scaleLabel":"F3","lengthMiles":0,"deaths":0,"injuries":0}},{"type":"Feature","geometry":{"type":"Point","coordinates":[-95.73,30.22]},"properties":{"id":"ncei-1965-10133418","year":1965,"month":9,"state":"TX","stateName":"Texas","scale":3,"scaleLabel":"F3","lengthMiles":0.8,"deaths":0,"injuries":0}},{"type":"Feature","geometry":{"type":"Point","coordinates":[-102.15,33.82]},"properties":{"id":"ncei-1965-10133422","year":1965,"month":10,"state":"TX","stateName":"Texas","scale":1,"scaleLabel":"F1","lengthMiles":0.1,"deaths":0,"injuries":0}},{"type":"Feature","geometry":{"type":"Point","coordinates":[-102.17,33.6]},"properties":{"id":"ncei-1965-10133423","year":1965,"month":10,"state":"TX","stateName":"Texas","scale":2,"scaleLabel":"F2","lengthMiles":0.2,"deaths":0,"injuries":0}},{"type":"Feature","geometry":{"type":"Point","coordinates":[-102.43,33.92]},"properties":{"id":"ncei-1965-10133424","year":1965,"month":10,"state":"TX","stateName":"Texas","scale":3,"scaleLabel":"F3","lengthMiles":0.2,"deaths":0,"injuries":0}},{"type":"Feature","geometry":{"type":"Point","coordinates":[-97.9,28.9]},"properties":{"id":"ncei-1965-10133426","year":1965,"month":10,"state":"TX","stateName":"Texas","scale":1,"scaleLabel":"F1","lengthMiles":0.2,"deaths":0,"injuries":0}},{"type":"Feature","geometry":{"type":"Point","coordinates":[-97.9,28.9]},"properties":{"id":"ncei-1965-10133427","year":1965,"month":10,"state":"TX","stateName":"Texas","scale":1,"scaleLabel":"F1","lengthMiles":0.2,"deaths":0,"injuries":0}},{"type":"Feature","geometry":{"type":"Point","coordinates":[-98.45,26.22]},"properties":{"id":"ncei-1965-10133428","year":1965,"month":10,"state":"TX","stateName":"Texas","scale":1,"scaleLabel":"F1","lengthMiles":2.3,"deaths":0,"injuries":0}},{"type":"Feature","geometry":{"type":"Point","coordinates":[-94.2,33.03]},"properties":{"id":"ncei-1965-10133429","year":1965,"month":12,"state":"TX","stateName":"Texas","scale":1,"scaleLabel":"F1","lengthMiles":0.2,"deaths":0,"injuries":0}},{"type":"Feature","geometry":{"type":"Point","coordinates":[-94.35,32.45]},"properties":{"id":"ncei-1965-10133430","year":1965,"month":12,"state":"TX","stateName":"Texas","scale":2,"scaleLabel":"F2","lengthMiles":3.4,"deaths":0,"injuries":2}},{"type":"Feature","geometry":{"type":"Point","coordinates":[-101.63,33.18]},"properties":{"id":"ncei-1965-10133431","year":1965,"month":12,"state":"TX","stateName":"Texas","scale":0,"scaleLabel":"F0","lengthMiles":0.5,"deaths":0,"injuries":0}},{"type":"Feature","geometry":{"type":"Point","coordinates":[-104.28,30.12]},"properties":{"id":"ncei-1965-10135409","year":1965,"month":5,"state":"TX","stateName":"Texas","scale":0,"scaleLabel":"F0","lengthMiles":0,"deaths":0,"injuries":0}},{"type":"Feature","geometry":{"type":"Point","coordinates":[-104.28,30.45]},"properties":{"id":"ncei-1965-10135410","year":1965,"month":5,"state":"TX","stateName":"Texas","scale":0,"scaleLabel":"F0","lengthMiles":0,"deaths":0,"injuries":0}},{"type":"Feature","geometry":{"type":"Point","coordinates":[-97.27,28.3]},"properties":{"id":"ncei-1965-10135412","year":1965,"month":5,"state":"TX","stateName":"Texas","scale":2,"scaleLabel":"F2","lengthMiles":11.2,"deaths":0,"injuries":0}},{"type":"Feature","geometry":{"type":"Point","coordinates":[-97.17,30]},"properties":{"id":"ncei-1965-10135414","year":1965,"month":5,"state":"TX","stateName":"Texas","scale":2,"scaleLabel":"F2","lengthMiles":1,"deaths":0,"injuries":0}},{"type":"Feature","geometry":{"type":"Point","coordinates":[-97.57,30.42]},"properties":{"id":"ncei-1965-10135415","year":1965,"month":5,"state":"TX","stateName":"Texas","scale":0,"scaleLabel":"F0","lengthMiles":1,"deaths":0,"injuries":0}},{"type":"Feature","geometry":{"type":"Point","coordinates":[-97.72,28.82]},"properties":{"id":"ncei-1965-10135416","year":1965,"month":5,"state":"TX","stateName":"Texas","scale":0,"scaleLabel":"F0","lengthMiles":1.5,"deaths":0,"injuries":0}},{"type":"Feature","geometry":{"type":"Point","coordinates":[-97.77,29.27]},"properties":{"id":"ncei-1965-10135417","year":1965,"month":5,"state":"TX","stateName":"Texas","scale":0,"scaleLabel":"F0","lengthMiles":0,"deaths":0,"injuries":0}},{"type":"Feature","geometry":{"type":"Point","coordinates":[-97.77,29.27]},"properties":{"id":"ncei-1965-10135418","year":1965,"month":5,"state":"TX","stateName":"Texas","scale":2,"scaleLabel":"F2","lengthMiles":0.5,"deaths":0,"injuries":0}},{"type":"Feature","geometry":{"type":"Point","coordinates":[-98.33,29.12]},"properties":{"id":"ncei-1965-10135419","year":1965,"month":5,"state":"TX","stateName":"Texas","scale":2,"scaleLabel":"F2","lengthMiles":0,"deaths":0,"injuries":0}},{"type":"Feature","geometry":{"type":"Point","coordinates":[-98.25,27.93]},"properties":{"id":"ncei-1965-10135420","year":1965,"month":5,"state":"TX","stateName":"Texas","scale":2,"scaleLabel":"F2","lengthMiles":0.3,"deaths":0,"injuries":0}},{"type":"Feature","geometry":{"type":"Point","coordinates":[-99.2,34.15]},"properties":{"id":"ncei-1965-10135637","year":1965,"month":5,"state":"TX","stateName":"Texas","scale":0,"scaleLabel":"F0","lengthMiles":0.8,"deaths":0,"injuries":0}},{"type":"Feature","geometry":{"type":"Point","coordinates":[-100.93,33.9]},"properties":{"id":"ncei-1965-10135641","year":1965,"month":5,"state":"TX","stateName":"Texas","scale":0,"scaleLabel":"F0","lengthMiles":8.7,"deaths":0,"injuries":0}},{"type":"Feature","geometry":{"type":"Point","coordinates":[-100.68,32.15]},"properties":{"id":"ncei-1965-10135644","year":1965,"month":5,"state":"TX","stateName":"Texas","scale":2,"scaleLabel":"F2","lengthMiles":2,"deaths":0,"injuries":1}},{"type":"Feature","geometry":{"type":"Point","coordinates":[-100.42,36.05]},"properties":{"id":"ncei-1965-10135645","year":1965,"month":5,"state":"TX","stateName":"Texas","scale":0,"scaleLabel":"F0","lengthMiles":0,"deaths":0,"injuries":0}},{"type":"Feature","geometry":{"type":"Point","coordinates":[-102.15,33.9]},"properties":{"id":"ncei-1965-10135671","year":1965,"month":6,"state":"TX","stateName":"Texas","scale":4,"scaleLabel":"F4","lengthMiles":4.7,"deaths":0,"injuries":0}},{"type":"Feature","geometry":{"type":"Point","coordinates":[-102.08,33.93]},"properties":{"id":"ncei-1965-10135672","year":1965,"month":6,"state":"TX","stateName":"Texas","scale":4,"scaleLabel":"F4","lengthMiles":34.6,"deaths":4,"injuries":76}},{"type":"Feature","geometry":{"type":"Point","coordinates":[-101.45,35.82]},"properties":{"id":"ncei-1965-10135676","year":1965,"month":6,"state":"TX","stateName":"Texas","scale":0,"scaleLabel":"F0","lengthMiles":0.2,"deaths":0,"injuries":0}},{"type":"Feature","geometry":{"type":"Point","coordinates":[-100.2,34.85]},"properties":{"id":"ncei-1965-10135677","year":1965,"month":6,"state":"TX","stateName":"Texas","scale":3,"scaleLabel":"F3","lengthMiles":8.8,"deaths":0,"injuries":0}},{"type":"Feature","geometry":{"type":"Point","coordinates":[-101.43,34.47]},"properties":{"id":"ncei-1965-10135680","year":1965,"month":6,"state":"TX","stateName":"Texas","scale":0,"scaleLabel":"F0","lengthMiles":2,"deaths":0,"injuries":0}},{"type":"Feature","geometry":{"type":"Point","coordinates":[-100.63,32.7]},"properties":{"id":"ncei-1965-10135682","year":1965,"month":6,"state":"TX","stateName":"Texas","scale":0,"scaleLabel":"F0","lengthMiles":1.5,"deaths":0,"injuries":0}},{"type":"Feature","geometry":{"type":"Point","coordinates":[-100.15,35.32]},"properties":{"id":"ncei-1965-10135683","year":1965,"month":6,"state":"TX","stateName":"Texas","scale":3,"scaleLabel":"F3","lengthMiles":6.8,"deaths":1,"injuries":1}},{"type":"Feature","geometry":{"type":"Point","coordinates":[-97.73,27.23]},"properties":{"id":"ncei-1965-10135687","year":1965,"month":6,"state":"TX","stateName":"Texas","scale":3,"scaleLabel":"F3","lengthMiles":1,"deaths":0,"injuries":0}},{"type":"Feature","geometry":{"type":"Point","coordinates":[-99.3,30.58]},"properties":{"id":"ncei-1965-10135690","year":1965,"month":6,"state":"TX","stateName":"Texas","scale":2,"scaleLabel":"F2","lengthMiles":1,"deaths":0,"injuries":0}},{"type":"Feature","geometry":{"type":"Point","coordinates":[-89.8,42.5]},"properties":{"id":"ncei-1965-10145797","year":1965,"month":4,"state":"WI","stateName":"Wisconsin","scale":1,"scaleLabel":"F1","lengthMiles":27.1,"deaths":0,"injuries":40}},{"type":"Feature","geometry":{"type":"Point","coordinates":[-88.88,43.03]},"properties":{"id":"ncei-1965-10145798","year":1965,"month":4,"state":"WI","stateName":"Wisconsin","scale":2,"scaleLabel":"F2","lengthMiles":14.5,"deaths":3,"injuries":28}},{"type":"Feature","geometry":{"type":"Point","coordinates":[-90.9,43.3]},"properties":{"id":"ncei-1965-10145800","year":1965,"month":4,"state":"WI","stateName":"Wisconsin","scale":1,"scaleLabel":"F1","lengthMiles":13.3,"deaths":0,"injuries":0}},{"type":"Feature","geometry":{"type":"Point","coordinates":[-89.37,42.73]},"properties":{"id":"ncei-1965-10145801","year":1965,"month":4,"state":"WI","stateName":"Wisconsin","scale":1,"scaleLabel":"F1","lengthMiles":18.8,"deaths":0,"injuries":0}},{"type":"Feature","geometry":{"type":"Point","coordinates":[-88.55,42.57]},"properties":{"id":"ncei-1965-10145805","year":1965,"month":4,"state":"WI","stateName":"Wisconsin","scale":1,"scaleLabel":"F1","lengthMiles":1.9,"deaths":0,"injuries":0}},{"type":"Feature","geometry":{"type":"Point","coordinates":[-88.7,42.72]},"properties":{"id":"ncei-1965-10145806","year":1965,"month":4,"state":"WI","stateName":"Wisconsin","scale":1,"scaleLabel":"F1","lengthMiles":1,"deaths":0,"injuries":0}},{"type":"Feature","geometry":{"type":"Point","coordinates":[-90.58,43.97]},"properties":{"id":"ncei-1965-10145807","year":1965,"month":4,"state":"WI","stateName":"Wisconsin","scale":1,"scaleLabel":"F1","lengthMiles":2,"deaths":0,"injuries":0}},{"type":"Feature","geometry":{"type":"Point","coordinates":[-92.77,45.77]},"properties":{"id":"ncei-1965-10145809","year":1965,"month":5,"state":"WI","stateName":"Wisconsin","scale":2,"scaleLabel":"F2","lengthMiles":14.3,"deaths":0,"injuries":0}},{"type":"Feature","geometry":{"type":"Point","coordinates":[-91.35,43.92]},"properties":{"id":"ncei-1965-10145810","year":1965,"month":5,"state":"WI","stateName":"Wisconsin","scale":3,"scaleLabel":"F3","lengthMiles":22.2,"deaths":0,"injuries":1}},{"type":"Feature","geometry":{"type":"Point","coordinates":[-92.08,45.58]},"properties":{"id":"ncei-1965-10145812","year":1965,"month":5,"state":"WI","stateName":"Wisconsin","scale":2,"scaleLabel":"F2","lengthMiles":4.5,"deaths":0,"injuries":0}},{"type":"Feature","geometry":{"type":"Point","coordinates":[-91.93,45.73]},"properties":{"id":"ncei-1965-10145814","year":1965,"month":5,"state":"WI","stateName":"Wisconsin","scale":2,"scaleLabel":"F2","lengthMiles":1,"deaths":0,"injuries":0}},{"type":"Feature","geometry":{"type":"Point","coordinates":[-88.23,43.03]},"properties":{"id":"ncei-1965-10145816","year":1965,"month":5,"state":"WI","stateName":"Wisconsin","scale":1,"scaleLabel":"F1","lengthMiles":2,"deaths":0,"injuries":0}},{"type":"Feature","geometry":{"type":"Point","coordinates":[-90.07,42.92]},"properties":{"id":"ncei-1965-10145821","year":1965,"month":5,"state":"WI","stateName":"Wisconsin","scale":2,"scaleLabel":"F2","lengthMiles":1,"deaths":0,"injuries":1}},{"type":"Feature","geometry":{"type":"Point","coordinates":[-88.22,43.87]},"properties":{"id":"ncei-1965-10145823","year":1965,"month":5,"state":"WI","stateName":"Wisconsin","scale":1,"scaleLabel":"F1","lengthMiles":0.8,"deaths":0,"injuries":0}},{"type":"Feature","geometry":{"type":"Point","coordinates":[-91.45,44.85]},"properties":{"id":"ncei-1965-10145824","year":1965,"month":5,"state":"WI","stateName":"Wisconsin","scale":1,"scaleLabel":"F1","lengthMiles":0.2,"deaths":0,"injuries":0}},{"type":"Feature","geometry":{"type":"Point","coordinates":[-90,43.53]},"properties":{"id":"ncei-1965-10145826","year":1965,"month":5,"state":"WI","stateName":"Wisconsin","scale":2,"scaleLabel":"F2","lengthMiles":0.3,"deaths":0,"injuries":8}},{"type":"Feature","geometry":{"type":"Point","coordinates":[-89.4,43.88]},"properties":{"id":"ncei-1965-10145832","year":1965,"month":6,"state":"WI","stateName":"Wisconsin","scale":1,"scaleLabel":"F1","lengthMiles":0.1,"deaths":0,"injuries":0}},{"type":"Feature","geometry":{"type":"Point","coordinates":[-88.37,43.1]},"properties":{"id":"ncei-1965-10145840","year":1965,"month":6,"state":"WI","stateName":"Wisconsin","scale":1,"scaleLabel":"F1","lengthMiles":0.5,"deaths":0,"injuries":0}},{"type":"Feature","geometry":{"type":"Point","coordinates":[-88.3,44.17]},"properties":{"id":"ncei-1965-10145841","year":1965,"month":7,"state":"WI","stateName":"Wisconsin","scale":2,"scaleLabel":"F2","lengthMiles":0,"deaths":0,"injuries":0}},{"type":"Feature","geometry":{"type":"Point","coordinates":[-92.52,44.82]},"properties":{"id":"ncei-1965-10147533","year":1965,"month":7,"state":"WI","stateName":"Wisconsin","scale":1,"scaleLabel":"F1","lengthMiles":1,"deaths":0,"injuries":0}},{"type":"Feature","geometry":{"type":"Point","coordinates":[-90.77,44.07]},"properties":{"id":"ncei-1965-10147535","year":1965,"month":7,"state":"WI","stateName":"Wisconsin","scale":1,"scaleLabel":"F1","lengthMiles":1,"deaths":0,"injuries":0}},{"type":"Feature","geometry":{"type":"Point","coordinates":[-90.6,44.4]},"properties":{"id":"ncei-1965-10148320","year":1965,"month":7,"state":"WI","stateName":"Wisconsin","scale":1,"scaleLabel":"F1","lengthMiles":0.5,"deaths":0,"injuries":0}},{"type":"Feature","geometry":{"type":"Point","coordinates":[-88.95,42.58]},"properties":{"id":"ncei-1965-10148328","year":1965,"month":9,"state":"WI","stateName":"Wisconsin","scale":1,"scaleLabel":"F1","lengthMiles":1,"deaths":0,"injuries":0}},{"type":"Feature","geometry":{"type":"Point","coordinates":[-82.58,38.35]},"properties":{"id":"ncei-1965-10148780","year":1965,"month":4,"state":"WV","stateName":"West Virginia","scale":3,"scaleLabel":"F3","lengthMiles":3.6,"deaths":0,"injuries":3}},{"type":"Feature","geometry":{"type":"Point","coordinates":[-80.82,37.5]},"properties":{"id":"ncei-1965-10148781","year":1965,"month":4,"state":"WV","stateName":"West Virginia","scale":2,"scaleLabel":"F2","lengthMiles":0.5,"deaths":0,"injuries":0}},{"type":"Feature","geometry":{"type":"Point","coordinates":[-81.1,37.4]},"properties":{"id":"ncei-1965-10148784","year":1965,"month":4,"state":"WV","stateName":"West Virginia","scale":2,"scaleLabel":"F2","lengthMiles":0,"deaths":0,"injuries":0}},{"type":"Feature","geometry":{"type":"Point","coordinates":[-77.83,39.2]},"properties":{"id":"ncei-1965-10148793","year":1965,"month":8,"state":"WV","stateName":"West Virginia","scale":-1,"scaleLabel":"Unknown","lengthMiles":0,"deaths":0,"injuries":0}},{"type":"Feature","geometry":{"type":"Point","coordinates":[-122.9,46.7]},"properties":{"id":"ncei-1965-10149566","year":1965,"month":11,"state":"WA","stateName":"Washington","scale":2,"scaleLabel":"F2","lengthMiles":1.5,"deaths":0,"injuries":0}},{"type":"Feature","geometry":{"type":"Point","coordinates":[-122.93,46.08]},"properties":{"id":"ncei-1965-10149567","year":1965,"month":11,"state":"WA","stateName":"Washington","scale":0,"scaleLabel":"F0","lengthMiles":0,"deaths":0,"injuries":0}},{"type":"Feature","geometry":{"type":"Point","coordinates":[-112.1,40.72]},"properties":{"id":"ncei-1965-10150585","year":1965,"month":2,"state":"UT","stateName":"Utah","scale":2,"scaleLabel":"F2","lengthMiles":0.1,"deaths":0,"injuries":0}},{"type":"Feature","geometry":{"type":"Point","coordinates":[-111.15,41.5]},"properties":{"id":"ncei-1965-10150588","year":1965,"month":6,"state":"UT","stateName":"Utah","scale":1,"scaleLabel":"F1","lengthMiles":0.6,"deaths":0,"injuries":0}},{"type":"Feature","geometry":{"type":"Point","coordinates":[-112.5,40.75]},"properties":{"id":"ncei-1965-10150589","year":1965,"month":6,"state":"UT","stateName":"Utah","scale":-1,"scaleLabel":"Unknown","lengthMiles":0,"deaths":0,"injuries":0}},{"type":"Feature","geometry":{"type":"Point","coordinates":[-111.57,40.37]},"properties":{"id":"ncei-1965-10150592","year":1965,"month":7,"state":"UT","stateName":"Utah","scale":1,"scaleLabel":"F1","lengthMiles":0.4,"deaths":0,"injuries":0}},{"type":"Feature","geometry":{"type":"Point","coordinates":[-113.75,40.75]},"properties":{"id":"ncei-1965-10150595","year":1965,"month":8,"state":"UT","stateName":"Utah","scale":-1,"scaleLabel":"Unknown","lengthMiles":0,"deaths":0,"injuries":0}},{"type":"Feature","geometry":{"type":"Point","coordinates":[-73.2,44.1]},"properties":{"id":"ncei-1965-10151871","year":1965,"month":6,"state":"VT","stateName":"Vermont","scale":1,"scaleLabel":"F1","lengthMiles":1,"deaths":0,"injuries":1}},{"type":"Feature","geometry":{"type":"Point","coordinates":[-80.52,36.63]},"properties":{"id":"ncei-1965-10153101","year":1965,"month":8,"state":"VA","stateName":"Virginia","scale":1,"scaleLabel":"F1","lengthMiles":1,"deaths":0,"injuries":5}},{"type":"Feature","geometry":{"type":"Point","coordinates":[-78.1,38.25]},"properties":{"id":"ncei-1965-10153104","year":1965,"month":8,"state":"VA","stateName":"Virginia","scale":2,"scaleLabel":"F2","lengthMiles":0,"deaths":0,"injuries":0}},{"type":"Feature","geometry":{"type":"Point","coordinates":[-76.45,37.02]},"properties":{"id":"ncei-1965-10153108","year":1965,"month":10,"state":"VA","stateName":"Virginia","scale":0,"scaleLabel":"F0","lengthMiles":0,"deaths":0,"injuries":0}},{"type":"Feature","geometry":{"type":"Point","coordinates":[-104.2,42.08]},"properties":{"id":"ncei-1965-10160624","year":1965,"month":5,"state":"WY","stateName":"Wyoming","scale":1,"scaleLabel":"F1","lengthMiles":0.3,"deaths":0,"injuries":0}},{"type":"Feature","geometry":{"type":"Point","coordinates":[-105.2,42.67]},"properties":{"id":"ncei-1965-10160626","year":1965,"month":6,"state":"WY","stateName":"Wyoming","scale":1,"scaleLabel":"F1","lengthMiles":0.2,"deaths":0,"injuries":1}},{"type":"Feature","geometry":{"type":"Point","coordinates":[-105.33,41.1]},"properties":{"id":"ncei-1965-10160628","year":1965,"month":6,"state":"WY","stateName":"Wyoming","scale":-1,"scaleLabel":"Unknown","lengthMiles":0.5,"deaths":0,"injuries":0}},{"type":"Feature","geometry":{"type":"Point","coordinates":[-104.25,44.25]},"properties":{"id":"ncei-1965-10160636","year":1965,"month":7,"state":"WY","stateName":"Wyoming","scale":3,"scaleLabel":"F3","lengthMiles":9.4,"deaths":0,"injuries":0}},{"type":"Feature","geometry":{"type":"Point","coordinates":[-104.3,41.3]},"properties":{"id":"ncei-1965-10160637","year":1965,"month":7,"state":"WY","stateName":"Wyoming","scale":-1,"scaleLabel":"Unknown","lengthMiles":0.1,"deaths":0,"injuries":0}},{"type":"Feature","geometry":{"type":"Point","coordinates":[-104.1,41.1]},"properties":{"id":"ncei-1965-10160638","year":1965,"month":7,"state":"WY","stateName":"Wyoming","scale":-1,"scaleLabel":"Unknown","lengthMiles":0,"deaths":0,"injuries":0}},{"type":"Feature","geometry":{"type":"Point","coordinates":[-104.1,41.1]},"properties":{"id":"ncei-1965-10160639","year":1965,"month":7,"state":"WY","stateName":"Wyoming","scale":-1,"scaleLabel":"Unknown","lengthMiles":0,"deaths":0,"injuries":0}},{"type":"Feature","geometry":{"type":"Point","coordinates":[-67.2,18.2]},"properties":{"id":"ncei-1965-10161496","year":1965,"month":9,"state":"WY","stateName":"Wyoming","scale":-1,"scaleLabel":"Unknown","lengthMiles":1,"deaths":0,"injuries":0}},{"type":"Feature","geometry":{"type":"Point","coordinates":[-87.65,34.83]},"properties":{"id":"ncei-1965-9978120","year":1965,"month":2,"state":"AL","stateName":"Alabama","scale":2,"scaleLabel":"F2","lengthMiles":0,"deaths":0,"injuries":0}},{"type":"Feature","geometry":{"type":"Point","coordinates":[-88.2,33.2]},"properties":{"id":"ncei-1965-9978122","year":1965,"month":2,"state":"AL","stateName":"Alabama","scale":3,"scaleLabel":"F3","lengthMiles":1.5,"deaths":0,"injuries":18}},{"type":"Feature","geometry":{"type":"Point","coordinates":[-87.67,34.75]},"properties":{"id":"ncei-1965-9978124","year":1965,"month":3,"state":"AL","stateName":"Alabama","scale":3,"scaleLabel":"F3","lengthMiles":11,"deaths":0,"injuries":22}},{"type":"Feature","geometry":{"type":"Point","coordinates":[-87.5,34.83]},"properties":{"id":"ncei-1965-9978125","year":1965,"month":3,"state":"AL","stateName":"Alabama","scale":3,"scaleLabel":"F3","lengthMiles":18.8,"deaths":0,"injuries":0}},{"type":"Feature","geometry":{"type":"Point","coordinates":[-85.75,34.7]},"properties":{"id":"ncei-1965-9979210","year":1965,"month":4,"state":"AL","stateName":"Alabama","scale":3,"scaleLabel":"F3","lengthMiles":3,"deaths":0,"injuries":2}},{"type":"Feature","geometry":{"type":"Point","coordinates":[-85.7,34.7]},"properties":{"id":"ncei-1965-9979211","year":1965,"month":4,"state":"AL","stateName":"Alabama","scale":3,"scaleLabel":"F3","lengthMiles":6.6,"deaths":0,"injuries":0}},{"type":"Feature","geometry":{"type":"Point","coordinates":[-87.17,33.22]},"properties":{"id":"ncei-1965-9979229","year":1965,"month":7,"state":"AL","stateName":"Alabama","scale":1,"scaleLabel":"F1","lengthMiles":0,"deaths":0,"injuries":0}},{"type":"Feature","geometry":{"type":"Point","coordinates":[-88.13,30.53]},"properties":{"id":"ncei-1965-9979231","year":1965,"month":9,"state":"AL","stateName":"Alabama","scale":0,"scaleLabel":"F0","lengthMiles":0,"deaths":0,"injuries":0}},{"type":"Feature","geometry":{"type":"Point","coordinates":[-86.83,34.18]},"properties":{"id":"ncei-1965-9979232","year":1965,"month":9,"state":"AL","stateName":"Alabama","scale":1,"scaleLabel":"F1","lengthMiles":4.3,"deaths":0,"injuries":0}},{"type":"Feature","geometry":{"type":"Point","coordinates":[-86.22,31.7]},"properties":{"id":"ncei-1965-9979233","year":1965,"month":9,"state":"AL","stateName":"Alabama","scale":2,"scaleLabel":"F2","lengthMiles":0,"deaths":0,"injuries":2}},{"type":"Feature","geometry":{"type":"Point","coordinates":[-86.5,33.6]},"properties":{"id":"ncei-1965-9979237","year":1965,"month":11,"state":"AL","stateName":"Alabama","scale":2,"scaleLabel":"F2","lengthMiles":14.5,"deaths":0,"injuries":0}},{"type":"Feature","geometry":{"type":"Point","coordinates":[-90.42,36.4]},"properties":{"id":"ncei-1965-9983192","year":1965,"month":1,"state":"AR","stateName":"Arkansas","scale":-1,"scaleLabel":"Unknown","lengthMiles":8.7,"deaths":0,"injuries":0}},{"type":"Feature","geometry":{"type":"Point","coordinates":[-93.7,34.07]},"properties":{"id":"ncei-1965-9983193","year":1965,"month":1,"state":"AR","stateName":"Arkansas","scale":2,"scaleLabel":"F2","lengthMiles":0,"deaths":0,"injuries":0}},{"type":"Feature","geometry":{"type":"Point","coordinates":[-94.03,33.95]},"properties":{"id":"ncei-1965-9983194","year":1965,"month":2,"state":"AR","stateName":"Arkansas","scale":1,"scaleLabel":"F1","lengthMiles":14,"deaths":0,"injuries":0}},{"type":"Feature","geometry":{"type":"Point","coordinates":[-93.08,34.07]},"properties":{"id":"ncei-1965-9983195","year":1965,"month":2,"state":"AR","stateName":"Arkansas","scale":1,"scaleLabel":"F1","lengthMiles":1,"deaths":0,"injuries":0}},{"type":"Feature","geometry":{"type":"Point","coordinates":[-93.3,33.1]},"properties":{"id":"ncei-1965-9983196","year":1965,"month":2,"state":"AR","stateName":"Arkansas","scale":1,"scaleLabel":"F1","lengthMiles":0,"deaths":0,"injuries":0}},{"type":"Feature","geometry":{"type":"Point","coordinates":[-93.6,33.67]},"properties":{"id":"ncei-1965-9983197","year":1965,"month":2,"state":"AR","stateName":"Arkansas","scale":1,"scaleLabel":"F1","lengthMiles":0,"deaths":0,"injuries":0}},{"type":"Feature","geometry":{"type":"Point","coordinates":[-93.35,33.42]},"properties":{"id":"ncei-1965-9983198","year":1965,"month":2,"state":"AR","stateName":"Arkansas","scale":1,"scaleLabel":"F1","lengthMiles":0,"deaths":0,"injuries":0}},{"type":"Feature","geometry":{"type":"Point","coordinates":[-92.1,33.5]},"properties":{"id":"ncei-1965-9983199","year":1965,"month":2,"state":"AR","stateName":"Arkansas","scale":3,"scaleLabel":"F3","lengthMiles":1.5,"deaths":0,"injuries":1}},{"type":"Feature","geometry":{"type":"Point","coordinates":[-91.52,34.23]},"properties":{"id":"ncei-1965-9983200","year":1965,"month":2,"state":"AR","stateName":"Arkansas","scale":3,"scaleLabel":"F3","lengthMiles":10.5,"deaths":0,"injuries":4}},{"type":"Feature","geometry":{"type":"Point","coordinates":[-91.22,34.6]},"properties":{"id":"ncei-1965-9983201","year":1965,"month":2,"state":"AR","stateName":"Arkansas","scale":3,"scaleLabel":"F3","lengthMiles":2,"deaths":0,"injuries":5}},{"type":"Feature","geometry":{"type":"Point","coordinates":[-90.37,34.9]},"properties":{"id":"ncei-1965-9983203","year":1965,"month":2,"state":"AR","stateName":"Arkansas","scale":2,"scaleLabel":"F2","lengthMiles":5.9,"deaths":0,"injuries":3}},{"type":"Feature","geometry":{"type":"Point","coordinates":[-91.03,34.57]},"properties":{"id":"ncei-1965-9983204","year":1965,"month":2,"state":"AR","stateName":"Arkansas","scale":2,"scaleLabel":"F2","lengthMiles":14.4,"deaths":0,"injuries":0}},{"type":"Feature","geometry":{"type":"Point","coordinates":[-93.58,35.45]},"properties":{"id":"ncei-1965-9984065","year":1965,"month":3,"state":"AR","stateName":"Arkansas","scale":2,"scaleLabel":"F2","lengthMiles":0,"deaths":0,"injuries":0}},{"type":"Feature","geometry":{"type":"Point","coordinates":[-92.82,34.42]},"properties":{"id":"ncei-1965-9984066","year":1965,"month":3,"state":"AR","stateName":"Arkansas","scale":2,"scaleLabel":"F2","lengthMiles":1,"deaths":0,"injuries":0}},{"type":"Feature","geometry":{"type":"Point","coordinates":[-93.78,35.83]},"properties":{"id":"ncei-1965-9984283","year":1965,"month":4,"state":"AR","stateName":"Arkansas","scale":1,"scaleLabel":"F1","lengthMiles":0.5,"deaths":0,"injuries":0}},{"type":"Feature","geometry":{"type":"Point","coordinates":[-94.28,36.35]},"properties":{"id":"ncei-1965-9984287","year":1965,"month":4,"state":"AR","stateName":"Arkansas","scale":1,"scaleLabel":"F1","lengthMiles":0.3,"deaths":0,"injuries":0}},{"type":"Feature","geometry":{"type":"Point","coordinates":[-92.45,35.05]},"properties":{"id":"ncei-1965-9984289","year":1965,"month":4,"state":"AR","stateName":"Arkansas","scale":4,"scaleLabel":"F4","lengthMiles":4.7,"deaths":6,"injuries":200}},{"type":"Feature","geometry":{"type":"Point","coordinates":[-89.95,35.92]},"properties":{"id":"ncei-1965-9984298","year":1965,"month":4,"state":"AR","stateName":"Arkansas","scale":2,"scaleLabel":"F2","lengthMiles":0,"deaths":0,"injuries":4}},{"type":"Feature","geometry":{"type":"Point","coordinates":[-94.42,35.35]},"properties":{"id":"ncei-1965-9984300","year":1965,"month":5,"state":"AR","stateName":"Arkansas","scale":2,"scaleLabel":"F2","lengthMiles":5.1,"deaths":0,"injuries":8}},{"type":"Feature","geometry":{"type":"Point","coordinates":[-90.15,35.88]},"properties":{"id":"ncei-1965-9984306","year":1965,"month":5,"state":"AR","stateName":"Arkansas","scale":2,"scaleLabel":"F2","lengthMiles":12,"deaths":0,"injuries":0}},{"type":"Feature","geometry":{"type":"Point","coordinates":[-92.55,33.33]},"properties":{"id":"ncei-1965-9984318","year":1965,"month":9,"state":"AR","stateName":"Arkansas","scale":2,"scaleLabel":"F2","lengthMiles":0,"deaths":0,"injuries":0}},{"type":"Feature","geometry":{"type":"Point","coordinates":[-91.65,35.78]},"properties":{"id":"ncei-1965-9984319","year":1965,"month":9,"state":"AR","stateName":"Arkansas","scale":1,"scaleLabel":"F1","lengthMiles":1,"deaths":0,"injuries":0}},{"type":"Feature","geometry":{"type":"Point","coordinates":[-90.5,36.05]},"properties":{"id":"ncei-1965-9984321","year":1965,"month":11,"state":"AR","stateName":"Arkansas","scale":3,"scaleLabel":"F3","lengthMiles":3.6,"deaths":0,"injuries":0}},{"type":"Feature","geometry":{"type":"Point","coordinates":[-90.08,36.3]},"properties":{"id":"ncei-1965-9984323","year":1965,"month":11,"state":"AR","stateName":"Arkansas","scale":1,"scaleLabel":"F1","lengthMiles":0,"deaths":0,"injuries":0}},{"type":"Feature","geometry":{"type":"Point","coordinates":[-103.43,40.03]},"properties":{"id":"ncei-1965-9985134","year":1965,"month":6,"state":"CO","stateName":"Colorado","scale":0,"scaleLabel":"F0","lengthMiles":0,"deaths":0,"injuries":0}},{"type":"Feature","geometry":{"type":"Point","coordinates":[-104.47,39.72]},"properties":{"id":"ncei-1965-9985356","year":1965,"month":7,"state":"CO","stateName":"Colorado","scale":0,"scaleLabel":"F0","lengthMiles":0,"deaths":0,"injuries":0}},{"type":"Feature","geometry":{"type":"Point","coordinates":[-105.48,38.1]},"properties":{"id":"ncei-1965-9985359","year":1965,"month":7,"state":"CO","stateName":"Colorado","scale":0,"scaleLabel":"F0","lengthMiles":0,"deaths":0,"injuries":0}},{"type":"Feature","geometry":{"type":"Point","coordinates":[-104.83,39.42]},"properties":{"id":"ncei-1965-9985364","year":1965,"month":7,"state":"CO","stateName":"Colorado","scale":0,"scaleLabel":"F0","lengthMiles":0,"deaths":0,"injuries":0}},{"type":"Feature","geometry":{"type":"Point","coordinates":[-104.75,39.32]},"properties":{"id":"ncei-1965-9985366","year":1965,"month":8,"state":"CO","stateName":"Colorado","scale":0,"scaleLabel":"F0","lengthMiles":0,"deaths":0,"injuries":0}},{"type":"Feature","geometry":{"type":"Point","coordinates":[-103,38.43]},"properties":{"id":"ncei-1965-9985372","year":1965,"month":9,"state":"CO","stateName":"Colorado","scale":0,"scaleLabel":"F0","lengthMiles":0,"deaths":0,"injuries":0}},{"type":"Feature","geometry":{"type":"Point","coordinates":[-72.47,41.97]},"properties":{"id":"ncei-1965-9987288","year":1965,"month":8,"state":"CT","stateName":"Connecticut","scale":2,"scaleLabel":"F2","lengthMiles":6.6,"deaths":0,"injuries":0}},{"type":"Feature","geometry":{"type":"Point","coordinates":[-81.8,26.13]},"properties":{"id":"ncei-1965-9987563","year":1965,"month":8,"state":"FL","stateName":"Florida","scale":-1,"scaleLabel":"Unknown","lengthMiles":0,"deaths":0,"injuries":0}},{"type":"Feature","geometry":{"type":"Point","coordinates":[-81.1,24.72]},"properties":{"id":"ncei-1965-9987565","year":1965,"month":9,"state":"FL","stateName":"Florida","scale":1,"scaleLabel":"F1","lengthMiles":0,"deaths":0,"injuries":0}},{"type":"Feature","geometry":{"type":"Point","coordinates":[-81.37,24.7]},"properties":{"id":"ncei-1965-9987566","year":1965,"month":9,"state":"FL","stateName":"Florida","scale":-1,"scaleLabel":"Unknown","lengthMiles":0,"deaths":0,"injuries":0}},{"type":"Feature","geometry":{"type":"Point","coordinates":[-80.2,26.25]},"properties":{"id":"ncei-1965-9988797","year":1965,"month":2,"state":"FL","stateName":"Florida","scale":1,"scaleLabel":"F1","lengthMiles":14.1,"deaths":0,"injuries":0}},{"type":"Feature","geometry":{"type":"Point","coordinates":[-80.17,26.1]},"properties":{"id":"ncei-1965-9988798","year":1965,"month":2,"state":"FL","stateName":"Florida","scale":3,"scaleLabel":"F3","lengthMiles":5.7,"deaths":0,"injuries":6}},{"type":"Feature","geometry":{"type":"Point","coordinates":[-81.75,26.5]},"properties":{"id":"ncei-1965-9988799","year":1965,"month":2,"state":"FL","stateName":"Florida","scale":1,"scaleLabel":"F1","lengthMiles":0,"deaths":0,"injuries":2}},{"type":"Feature","geometry":{"type":"Point","coordinates":[-81.87,26.62]},"properties":{"id":"ncei-1965-9988800","year":1965,"month":2,"state":"FL","stateName":"Florida","scale":2,"scaleLabel":"F2","lengthMiles":0.5,"deaths":0,"injuries":0}},{"type":"Feature","geometry":{"type":"Point","coordinates":[-80.1,26.55]},"properties":{"id":"ncei-1965-9988805","year":1965,"month":3,"state":"FL","stateName":"Florida","scale":2,"scaleLabel":"F2","lengthMiles":0,"deaths":0,"injuries":0}},{"type":"Feature","geometry":{"type":"Point","coordinates":[-86.67,30.4]},"properties":{"id":"ncei-1965-9988815","year":1965,"month":6,"state":"FL","stateName":"Florida","scale":2,"scaleLabel":"F2","lengthMiles":0,"deaths":0,"injuries":0}},{"type":"Feature","geometry":{"type":"Point","coordinates":[-84.3,30.42]},"properties":{"id":"ncei-1965-9988816","year":1965,"month":6,"state":"FL","stateName":"Florida","scale":0,"scaleLabel":"F0","lengthMiles":0,"deaths":0,"injuries":0}},{"type":"Feature","geometry":{"type":"Point","coordinates":[-83,30.4]},"properties":{"id":"ncei-1965-9988819","year":1965,"month":6,"state":"FL","stateName":"Florida","scale":2,"scaleLabel":"F2","lengthMiles":0,"deaths":0,"injuries":0}},{"type":"Feature","geometry":{"type":"Point","coordinates":[-83.17,30.05]},"properties":{"id":"ncei-1965-9988820","year":1965,"month":6,"state":"FL","stateName":"Florida","scale":1,"scaleLabel":"F1","lengthMiles":0.5,"deaths":0,"injuries":0}},{"type":"Feature","geometry":{"type":"Point","coordinates":[-102.68,38.02]},"properties":{"id":"ncei-1965-9989137","year":1965,"month":3,"state":"CO","stateName":"Colorado","scale":0,"scaleLabel":"F0","lengthMiles":0,"deaths":0,"injuries":0}},{"type":"Feature","geometry":{"type":"Point","coordinates":[-102.68,38.02]},"properties":{"id":"ncei-1965-9989138","year":1965,"month":3,"state":"CO","stateName":"Colorado","scale":0,"scaleLabel":"F0","lengthMiles":0,"deaths":0,"injuries":0}},{"type":"Feature","geometry":{"type":"Point","coordinates":[-104.77,40.77]},"properties":{"id":"ncei-1965-9989141","year":1965,"month":5,"state":"CO","stateName":"Colorado","scale":2,"scaleLabel":"F2","lengthMiles":1,"deaths":0,"injuries":0}},{"type":"Feature","geometry":{"type":"Point","coordinates":[-104.75,40.3]},"properties":{"id":"ncei-1965-9989144","year":1965,"month":5,"state":"CO","stateName":"Colorado","scale":1,"scaleLabel":"F1","lengthMiles":0,"deaths":0,"injuries":0}},{"type":"Feature","geometry":{"type":"Point","coordinates":[-103.67,38.57]},"properties":{"id":"ncei-1965-9989147","year":1965,"month":5,"state":"CO","stateName":"Colorado","scale":2,"scaleLabel":"F2","lengthMiles":4.6,"deaths":0,"injuries":0}},{"type":"Feature","geometry":{"type":"Point","coordinates":[-103.68,38.35]},"properties":{"id":"ncei-1965-9989149","year":1965,"month":5,"state":"CO","stateName":"Colorado","scale":2,"scaleLabel":"F2","lengthMiles":5.6,"deaths":0,"injuries":0}},{"type":"Feature","geometry":{"type":"Point","coordinates":[-102.5,39.53]},"properties":{"id":"ncei-1965-9989150","year":1965,"month":5,"state":"CO","stateName":"Colorado","scale":1,"scaleLabel":"F1","lengthMiles":0,"deaths":0,"injuries":0}},{"type":"Feature","geometry":{"type":"Point","coordinates":[-103.33,37.3]},"properties":{"id":"ncei-1965-9989151","year":1965,"month":5,"state":"CO","stateName":"Colorado","scale":1,"scaleLabel":"F1","lengthMiles":0,"deaths":0,"injuries":0}},{"type":"Feature","geometry":{"type":"Point","coordinates":[-102.75,39.5]},"properties":{"id":"ncei-1965-9989152","year":1965,"month":5,"state":"CO","stateName":"Colorado","scale":1,"scaleLabel":"F1","lengthMiles":0,"deaths":0,"injuries":0}},{"type":"Feature","geometry":{"type":"Point","coordinates":[-102.3,40.5]},"properties":{"id":"ncei-1965-9989153","year":1965,"month":5,"state":"CO","stateName":"Colorado","scale":2,"scaleLabel":"F2","lengthMiles":0,"deaths":0,"injuries":0}},{"type":"Feature","geometry":{"type":"Point","coordinates":[-104.67,39.35]},"properties":{"id":"ncei-1965-9989155","year":1965,"month":5,"state":"CO","stateName":"Colorado","scale":0,"scaleLabel":"F0","lengthMiles":0,"deaths":0,"injuries":0}},{"type":"Feature","geometry":{"type":"Point","coordinates":[-102.88,39.35]},"properties":{"id":"ncei-1965-9989156","year":1965,"month":6,"state":"CO","stateName":"Colorado","scale":0,"scaleLabel":"F0","lengthMiles":0,"deaths":0,"injuries":0}},{"type":"Feature","geometry":{"type":"Point","coordinates":[-105.17,39.65]},"properties":{"id":"ncei-1965-9989157","year":1965,"month":6,"state":"CO","stateName":"Colorado","scale":0,"scaleLabel":"F0","lengthMiles":0,"deaths":0,"injuries":0}},{"type":"Feature","geometry":{"type":"Point","coordinates":[-104.7,38.8]},"properties":{"id":"ncei-1965-9989159","year":1965,"month":6,"state":"CO","stateName":"Colorado","scale":1,"scaleLabel":"F1","lengthMiles":0,"deaths":0,"injuries":1}},{"type":"Feature","geometry":{"type":"Point","coordinates":[-104.85,39.5]},"properties":{"id":"ncei-1965-9989162","year":1965,"month":6,"state":"CO","stateName":"Colorado","scale":1,"scaleLabel":"F1","lengthMiles":1,"deaths":0,"injuries":4}},{"type":"Feature","geometry":{"type":"Point","coordinates":[-104.5,37.08]},"properties":{"id":"ncei-1965-9989166","year":1965,"month":6,"state":"CO","stateName":"Colorado","scale":1,"scaleLabel":"F1","lengthMiles":0,"deaths":0,"injuries":0}},{"type":"Feature","geometry":{"type":"Point","coordinates":[-104.67,38.63]},"properties":{"id":"ncei-1965-9989168","year":1965,"month":6,"state":"CO","stateName":"Colorado","scale":1,"scaleLabel":"F1","lengthMiles":0,"deaths":0,"injuries":0}},{"type":"Feature","geometry":{"type":"Point","coordinates":[-104.67,38.6]},"properties":{"id":"ncei-1965-9989171","year":1965,"month":6,"state":"CO","stateName":"Colorado","scale":1,"scaleLabel":"F1","lengthMiles":0,"deaths":0,"injuries":0}},{"type":"Feature","geometry":{"type":"Point","coordinates":[-104.55,39.73]},"properties":{"id":"ncei-1965-9989176","year":1965,"month":6,"state":"CO","stateName":"Colorado","scale":0,"scaleLabel":"F0","lengthMiles":0,"deaths":0,"injuries":0}},{"type":"Feature","geometry":{"type":"Point","coordinates":[-103.93,40.87]},"properties":{"id":"ncei-1965-9989177","year":1965,"month":6,"state":"CO","stateName":"Colorado","scale":1,"scaleLabel":"F1","lengthMiles":0,"deaths":0,"injuries":0}},{"type":"Feature","geometry":{"type":"Point","coordinates":[-105.02,40.63]},"properties":{"id":"ncei-1965-9989178","year":1965,"month":6,"state":"CO","stateName":"Colorado","scale":0,"scaleLabel":"F0","lengthMiles":0,"deaths":0,"injuries":0}},{"type":"Feature","geometry":{"type":"Point","coordinates":[-103.8,39.15]},"properties":{"id":"ncei-1965-9989179","year":1965,"month":6,"state":"CO","stateName":"Colorado","scale":1,"scaleLabel":"F1","lengthMiles":0,"deaths":0,"injuries":0}},{"type":"Feature","geometry":{"type":"Point","coordinates":[-104.43,40.52]},"properties":{"id":"ncei-1965-9989182","year":1965,"month":6,"state":"CO","stateName":"Colorado","scale":1,"scaleLabel":"F1","lengthMiles":0,"deaths":0,"injuries":0}},{"type":"Feature","geometry":{"type":"Point","coordinates":[-105.05,39.58]},"properties":{"id":"ncei-1965-9989184","year":1965,"month":6,"state":"CO","stateName":"Colorado","scale":0,"scaleLabel":"F0","lengthMiles":0,"deaths":0,"injuries":0}},{"type":"Feature","geometry":{"type":"Point","coordinates":[-104.98,39.62]},"properties":{"id":"ncei-1965-9989185","year":1965,"month":6,"state":"CO","stateName":"Colorado","scale":1,"scaleLabel":"F1","lengthMiles":0,"deaths":0,"injuries":0}},{"type":"Feature","geometry":{"type":"Point","coordinates":[-105,39.88]},"properties":{"id":"ncei-1965-9989187","year":1965,"month":6,"state":"CO","stateName":"Colorado","scale":0,"scaleLabel":"F0","lengthMiles":0,"deaths":0,"injuries":0}},{"type":"Feature","geometry":{"type":"Point","coordinates":[-121.8,36.98]},"properties":{"id":"ncei-1965-9989525","year":1965,"month":4,"state":"CA","stateName":"California","scale":1,"scaleLabel":"F1","lengthMiles":0.1,"deaths":0,"injuries":0}},{"type":"Feature","geometry":{"type":"Point","coordinates":[-117.9,33.65]},"properties":{"id":"ncei-1965-9989527","year":1965,"month":4,"state":"CA","stateName":"California","scale":-1,"scaleLabel":"Unknown","lengthMiles":0.1,"deaths":0,"injuries":0}},{"type":"Feature","geometry":{"type":"Point","coordinates":[-114.63,32.73]},"properties":{"id":"ncei-1965-9989528","year":1965,"month":7,"state":"CA","stateName":"California","scale":1,"scaleLabel":"F1","lengthMiles":2,"deaths":0,"injuries":0}},{"type":"Feature","geometry":{"type":"Point","coordinates":[-114.83,32.8]},"properties":{"id":"ncei-1965-9989529","year":1965,"month":7,"state":"CA","stateName":"California","scale":-1,"scaleLabel":"Unknown","lengthMiles":0,"deaths":0,"injuries":0}},{"type":"Feature","geometry":{"type":"Point","coordinates":[-117.77,34.12]},"properties":{"id":"ncei-1965-9989530","year":1965,"month":11,"state":"CA","stateName":"California","scale":1,"scaleLabel":"F1","lengthMiles":2,"deaths":0,"injuries":0}},{"type":"Feature","geometry":{"type":"Point","coordinates":[-81.5,31.15]},"properties":{"id":"ncei-1965-9995825","year":1965,"month":3,"state":"GA","stateName":"Georgia","scale":0,"scaleLabel":"F0","lengthMiles":0.3,"deaths":0,"injuries":0}},{"type":"Feature","geometry":{"type":"Point","coordinates":[-83.03,33.47]},"properties":{"id":"ncei-1965-9995828","year":1965,"month":3,"state":"GA","stateName":"Georgia","scale":2,"scaleLabel":"F2","lengthMiles":5.2,"deaths":0,"injuries":0}},{"type":"Feature","geometry":{"type":"Point","coordinates":[-84.95,34.2]},"properties":{"id":"ncei-1965-9995829","year":1965,"month":4,"state":"GA","stateName":"Georgia","scale":1,"scaleLabel":"F1","lengthMiles":8,"deaths":0,"injuries":0}},{"type":"Feature","geometry":{"type":"Point","coordinates":[-84.8,34.27]},"properties":{"id":"ncei-1965-9995830","year":1965,"month":4,"state":"GA","stateName":"Georgia","scale":1,"scaleLabel":"F1","lengthMiles":2,"deaths":0,"injuries":0}},{"type":"Feature","geometry":{"type":"Point","coordinates":[-84.12,34.38]},"properties":{"id":"ncei-1965-9995834","year":1965,"month":4,"state":"GA","stateName":"Georgia","scale":2,"scaleLabel":"F2","lengthMiles":11.5,"deaths":0,"injuries":0}},{"type":"Feature","geometry":{"type":"Point","coordinates":[-84.33,34.25]},"properties":{"id":"ncei-1965-9995836","year":1965,"month":4,"state":"GA","stateName":"Georgia","scale":2,"scaleLabel":"F2","lengthMiles":0.5,"deaths":0,"injuries":0}},{"type":"Feature","geometry":{"type":"Point","coordinates":[-84.47,33.7]},"properties":{"id":"ncei-1965-9995837","year":1965,"month":5,"state":"GA","stateName":"Georgia","scale":0,"scaleLabel":"F0","lengthMiles":0.2,"deaths":0,"injuries":3}},{"type":"Feature","geometry":{"type":"Point","coordinates":[-85.25,33.55]},"properties":{"id":"ncei-1965-9998178","year":1965,"month":6,"state":"GA","stateName":"Georgia","scale":1,"scaleLabel":"F1","lengthMiles":0.5,"deaths":0,"injuries":0}},{"type":"Feature","geometry":{"type":"Point","coordinates":[-84.23,32.07]},"properties":{"id":"ncei-1965-9998182","year":1965,"month":7,"state":"GA","stateName":"Georgia","scale":2,"scaleLabel":"F2","lengthMiles":1,"deaths":0,"injuries":0}},{"type":"Feature","geometry":{"type":"Point","coordinates":[-83.58,33.5]},"properties":{"id":"ncei-1965-9998183","year":1965,"month":7,"state":"GA","stateName":"Georgia","scale":2,"scaleLabel":"F2","lengthMiles":7.4,"deaths":0,"injuries":0}},{"type":"Feature","geometry":{"type":"Point","coordinates":[-83.6,32.4]},"properties":{"id":"ncei-1965-9998185","year":1965,"month":8,"state":"GA","stateName":"Georgia","scale":1,"scaleLabel":"F1","lengthMiles":0.5,"deaths":0,"injuries":0}},{"type":"Feature","geometry":{"type":"Point","coordinates":[-84.17,31.58]},"properties":{"id":"ncei-1965-9998186","year":1965,"month":8,"state":"GA","stateName":"Georgia","scale":2,"scaleLabel":"F2","lengthMiles":0.3,"deaths":0,"injuries":0}},{"type":"Feature","geometry":{"type":"Point","coordinates":[-84.73,33.63]},"properties":{"id":"ncei-1965-9998187","year":1965,"month":9,"state":"GA","stateName":"Georgia","scale":0,"scaleLabel":"F0","lengthMiles":0.1,"deaths":0,"injuries":0}}]}
