{"type":"FeatureCollection","metadata":{"source":"NOAA/NCEI StormEvents details CSV","generatedAt":"2026-04-27T22:31:07.075Z","count":778,"year":1972},"features":[{"type":"Feature","geometry":{"type":"Point","coordinates":[-82.83,27.92]},"properties":{"id":"ncei-1972-10001555","year":1972,"month":1,"state":"FL","stateName":"Florida","scale":0,"scaleLabel":"F0","lengthMiles":0.5,"deaths":0,"injuries":0}},{"type":"Feature","geometry":{"type":"Point","coordinates":[-87.03,30.7]},"properties":{"id":"ncei-1972-10001556","year":1972,"month":1,"state":"FL","stateName":"Florida","scale":2,"scaleLabel":"F2","lengthMiles":0.5,"deaths":0,"injuries":1}},{"type":"Feature","geometry":{"type":"Point","coordinates":[-81.67,29.83]},"properties":{"id":"ncei-1972-10001558","year":1972,"month":1,"state":"FL","stateName":"Florida","scale":2,"scaleLabel":"F2","lengthMiles":0.3,"deaths":0,"injuries":4}},{"type":"Feature","geometry":{"type":"Point","coordinates":[-82.17,27.42]},"properties":{"id":"ncei-1972-10001559","year":1972,"month":2,"state":"FL","stateName":"Florida","scale":2,"scaleLabel":"F2","lengthMiles":0.5,"deaths":0,"injuries":0}},{"type":"Feature","geometry":{"type":"Point","coordinates":[-82.58,27.42]},"properties":{"id":"ncei-1972-10001560","year":1972,"month":2,"state":"FL","stateName":"Florida","scale":2,"scaleLabel":"F2","lengthMiles":3.3,"deaths":0,"injuries":3}},{"type":"Feature","geometry":{"type":"Point","coordinates":[-81.42,28.5]},"properties":{"id":"ncei-1972-10001561","year":1972,"month":2,"state":"FL","stateName":"Florida","scale":1,"scaleLabel":"F1","lengthMiles":0.2,"deaths":0,"injuries":0}},{"type":"Feature","geometry":{"type":"Point","coordinates":[-81.17,28.75]},"properties":{"id":"ncei-1972-10001563","year":1972,"month":2,"state":"FL","stateName":"Florida","scale":1,"scaleLabel":"F1","lengthMiles":0.2,"deaths":0,"injuries":0}},{"type":"Feature","geometry":{"type":"Point","coordinates":[-82.25,27.75]},"properties":{"id":"ncei-1972-10001565","year":1972,"month":2,"state":"FL","stateName":"Florida","scale":1,"scaleLabel":"F1","lengthMiles":0.5,"deaths":0,"injuries":0}},{"type":"Feature","geometry":{"type":"Point","coordinates":[-87.25,30.42]},"properties":{"id":"ncei-1972-10001568","year":1972,"month":3,"state":"FL","stateName":"Florida","scale":1,"scaleLabel":"F1","lengthMiles":0.5,"deaths":0,"injuries":0}},{"type":"Feature","geometry":{"type":"Point","coordinates":[-87.08,30.67]},"properties":{"id":"ncei-1972-10001569","year":1972,"month":3,"state":"FL","stateName":"Florida","scale":2,"scaleLabel":"F2","lengthMiles":2,"deaths":0,"injuries":0}},{"type":"Feature","geometry":{"type":"Point","coordinates":[-85.17,29.92]},"properties":{"id":"ncei-1972-10001570","year":1972,"month":3,"state":"FL","stateName":"Florida","scale":1,"scaleLabel":"F1","lengthMiles":1,"deaths":0,"injuries":0}},{"type":"Feature","geometry":{"type":"Point","coordinates":[-80.17,26.12]},"properties":{"id":"ncei-1972-10001572","year":1972,"month":3,"state":"FL","stateName":"Florida","scale":2,"scaleLabel":"F2","lengthMiles":2,"deaths":0,"injuries":6}},{"type":"Feature","geometry":{"type":"Point","coordinates":[-86.67,30.83]},"properties":{"id":"ncei-1972-10001573","year":1972,"month":3,"state":"FL","stateName":"Florida","scale":1,"scaleLabel":"F1","lengthMiles":0.2,"deaths":0,"injuries":3}},{"type":"Feature","geometry":{"type":"Point","coordinates":[-85.17,30.83]},"properties":{"id":"ncei-1972-10001574","year":1972,"month":3,"state":"FL","stateName":"Florida","scale":1,"scaleLabel":"F1","lengthMiles":7.7,"deaths":0,"injuries":0}},{"type":"Feature","geometry":{"type":"Point","coordinates":[-85.17,30.58]},"properties":{"id":"ncei-1972-10001581","year":1972,"month":3,"state":"FL","stateName":"Florida","scale":1,"scaleLabel":"F1","lengthMiles":1,"deaths":0,"injuries":0}},{"type":"Feature","geometry":{"type":"Point","coordinates":[-85.98,30.28]},"properties":{"id":"ncei-1972-10001582","year":1972,"month":3,"state":"FL","stateName":"Florida","scale":0,"scaleLabel":"F0","lengthMiles":0.5,"deaths":0,"injuries":0}},{"type":"Feature","geometry":{"type":"Point","coordinates":[-87.03,30.62]},"properties":{"id":"ncei-1972-10001583","year":1972,"month":3,"state":"FL","stateName":"Florida","scale":1,"scaleLabel":"F1","lengthMiles":0.5,"deaths":0,"injuries":1}},{"type":"Feature","geometry":{"type":"Point","coordinates":[-84.33,30.4]},"properties":{"id":"ncei-1972-10001586","year":1972,"month":3,"state":"FL","stateName":"Florida","scale":2,"scaleLabel":"F2","lengthMiles":0.2,"deaths":0,"injuries":0}},{"type":"Feature","geometry":{"type":"Point","coordinates":[-84.42,30.4]},"properties":{"id":"ncei-1972-10001587","year":1972,"month":3,"state":"FL","stateName":"Florida","scale":2,"scaleLabel":"F2","lengthMiles":0.2,"deaths":0,"injuries":0}},{"type":"Feature","geometry":{"type":"Point","coordinates":[-81.55,29.83]},"properties":{"id":"ncei-1972-10001589","year":1972,"month":3,"state":"FL","stateName":"Florida","scale":0,"scaleLabel":"F0","lengthMiles":0.5,"deaths":0,"injuries":0}},{"type":"Feature","geometry":{"type":"Point","coordinates":[-82.05,29.77]},"properties":{"id":"ncei-1972-10001590","year":1972,"month":3,"state":"FL","stateName":"Florida","scale":1,"scaleLabel":"F1","lengthMiles":3.6,"deaths":0,"injuries":0}},{"type":"Feature","geometry":{"type":"Point","coordinates":[-82.08,29.87]},"properties":{"id":"ncei-1972-10001591","year":1972,"month":3,"state":"FL","stateName":"Florida","scale":1,"scaleLabel":"F1","lengthMiles":6.8,"deaths":0,"injuries":0}},{"type":"Feature","geometry":{"type":"Point","coordinates":[-87.3,30.58]},"properties":{"id":"ncei-1972-10001593","year":1972,"month":3,"state":"FL","stateName":"Florida","scale":0,"scaleLabel":"F0","lengthMiles":0.2,"deaths":0,"injuries":0}},{"type":"Feature","geometry":{"type":"Point","coordinates":[-82.97,29.97]},"properties":{"id":"ncei-1972-10001596","year":1972,"month":3,"state":"FL","stateName":"Florida","scale":0,"scaleLabel":"F0","lengthMiles":0.5,"deaths":0,"injuries":0}},{"type":"Feature","geometry":{"type":"Point","coordinates":[-82.42,28.57]},"properties":{"id":"ncei-1972-10001597","year":1972,"month":3,"state":"FL","stateName":"Florida","scale":0,"scaleLabel":"F0","lengthMiles":0.2,"deaths":0,"injuries":0}},{"type":"Feature","geometry":{"type":"Point","coordinates":[-81.5,28.67]},"properties":{"id":"ncei-1972-10001598","year":1972,"month":3,"state":"FL","stateName":"Florida","scale":1,"scaleLabel":"F1","lengthMiles":0.2,"deaths":0,"injuries":0}},{"type":"Feature","geometry":{"type":"Point","coordinates":[-81.33,28.7]},"properties":{"id":"ncei-1972-10001599","year":1972,"month":3,"state":"FL","stateName":"Florida","scale":1,"scaleLabel":"F1","lengthMiles":0.2,"deaths":0,"injuries":0}},{"type":"Feature","geometry":{"type":"Point","coordinates":[-81.32,28.7]},"properties":{"id":"ncei-1972-10001601","year":1972,"month":3,"state":"FL","stateName":"Florida","scale":0,"scaleLabel":"F0","lengthMiles":0.2,"deaths":0,"injuries":0}},{"type":"Feature","geometry":{"type":"Point","coordinates":[-82.5,27.83]},"properties":{"id":"ncei-1972-10001603","year":1972,"month":3,"state":"FL","stateName":"Florida","scale":2,"scaleLabel":"F2","lengthMiles":0.2,"deaths":0,"injuries":4}},{"type":"Feature","geometry":{"type":"Point","coordinates":[-80.75,28.73]},"properties":{"id":"ncei-1972-10001604","year":1972,"month":3,"state":"FL","stateName":"Florida","scale":2,"scaleLabel":"F2","lengthMiles":1,"deaths":0,"injuries":1}},{"type":"Feature","geometry":{"type":"Point","coordinates":[-80.7,28.52]},"properties":{"id":"ncei-1972-10001605","year":1972,"month":3,"state":"FL","stateName":"Florida","scale":2,"scaleLabel":"F2","lengthMiles":2,"deaths":0,"injuries":0}},{"type":"Feature","geometry":{"type":"Point","coordinates":[-82.25,27.9]},"properties":{"id":"ncei-1972-10001606","year":1972,"month":3,"state":"FL","stateName":"Florida","scale":2,"scaleLabel":"F2","lengthMiles":1,"deaths":0,"injuries":0}},{"type":"Feature","geometry":{"type":"Point","coordinates":[-90.75,41.17]},"properties":{"id":"ncei-1972-10006761","year":1972,"month":6,"state":"IL","stateName":"Illinois","scale":0,"scaleLabel":"F0","lengthMiles":0.1,"deaths":0,"injuries":0}},{"type":"Feature","geometry":{"type":"Point","coordinates":[-88.17,39.48]},"properties":{"id":"ncei-1972-10006763","year":1972,"month":6,"state":"IL","stateName":"Illinois","scale":1,"scaleLabel":"F1","lengthMiles":0.1,"deaths":0,"injuries":0}},{"type":"Feature","geometry":{"type":"Point","coordinates":[-87.9,42.08]},"properties":{"id":"ncei-1972-10006767","year":1972,"month":6,"state":"IL","stateName":"Illinois","scale":1,"scaleLabel":"F1","lengthMiles":0.1,"deaths":0,"injuries":2}},{"type":"Feature","geometry":{"type":"Point","coordinates":[-89.48,39.97]},"properties":{"id":"ncei-1972-10006771","year":1972,"month":6,"state":"IL","stateName":"Illinois","scale":1,"scaleLabel":"F1","lengthMiles":0.1,"deaths":0,"injuries":1}},{"type":"Feature","geometry":{"type":"Point","coordinates":[-89.8,40.45]},"properties":{"id":"ncei-1972-10006773","year":1972,"month":7,"state":"IL","stateName":"Illinois","scale":1,"scaleLabel":"F1","lengthMiles":0.5,"deaths":0,"injuries":0}},{"type":"Feature","geometry":{"type":"Point","coordinates":[-88.82,41.37]},"properties":{"id":"ncei-1972-10006775","year":1972,"month":7,"state":"IL","stateName":"Illinois","scale":0,"scaleLabel":"F0","lengthMiles":0,"deaths":0,"injuries":1}},{"type":"Feature","geometry":{"type":"Point","coordinates":[-88.08,42]},"properties":{"id":"ncei-1972-10006776","year":1972,"month":7,"state":"IL","stateName":"Illinois","scale":1,"scaleLabel":"F1","lengthMiles":21.9,"deaths":0,"injuries":0}},{"type":"Feature","geometry":{"type":"Point","coordinates":[-89.63,41.07]},"properties":{"id":"ncei-1972-10006779","year":1972,"month":7,"state":"IL","stateName":"Illinois","scale":3,"scaleLabel":"F3","lengthMiles":15.2,"deaths":0,"injuries":0}},{"type":"Feature","geometry":{"type":"Point","coordinates":[-89.35,41.13]},"properties":{"id":"ncei-1972-10006781","year":1972,"month":7,"state":"IL","stateName":"Illinois","scale":3,"scaleLabel":"F3","lengthMiles":66.3,"deaths":0,"injuries":0}},{"type":"Feature","geometry":{"type":"Point","coordinates":[-89.9,41.1]},"properties":{"id":"ncei-1972-10006782","year":1972,"month":7,"state":"IL","stateName":"Illinois","scale":1,"scaleLabel":"F1","lengthMiles":29.6,"deaths":0,"injuries":0}},{"type":"Feature","geometry":{"type":"Point","coordinates":[-90.5,40.67]},"properties":{"id":"ncei-1972-10006783","year":1972,"month":7,"state":"IL","stateName":"Illinois","scale":1,"scaleLabel":"F1","lengthMiles":27.2,"deaths":0,"injuries":0}},{"type":"Feature","geometry":{"type":"Point","coordinates":[-88.13,41.87]},"properties":{"id":"ncei-1972-10006784","year":1972,"month":7,"state":"IL","stateName":"Illinois","scale":2,"scaleLabel":"F2","lengthMiles":0,"deaths":0,"injuries":0}},{"type":"Feature","geometry":{"type":"Point","coordinates":[-88.8,41.3]},"properties":{"id":"ncei-1972-10006793","year":1972,"month":8,"state":"IL","stateName":"Illinois","scale":1,"scaleLabel":"F1","lengthMiles":0,"deaths":0,"injuries":0}},{"type":"Feature","geometry":{"type":"Point","coordinates":[-87.85,42.03]},"properties":{"id":"ncei-1972-10006794","year":1972,"month":8,"state":"IL","stateName":"Illinois","scale":2,"scaleLabel":"F2","lengthMiles":1.8,"deaths":0,"injuries":1}},{"type":"Feature","geometry":{"type":"Point","coordinates":[-87.87,42.28]},"properties":{"id":"ncei-1972-10006809","year":1972,"month":9,"state":"IL","stateName":"Illinois","scale":4,"scaleLabel":"F4","lengthMiles":5.2,"deaths":0,"injuries":20}},{"type":"Feature","geometry":{"type":"Point","coordinates":[-113.7,42.72]},"properties":{"id":"ncei-1972-10007374","year":1972,"month":6,"state":"ID","stateName":"Idaho","scale":1,"scaleLabel":"F1","lengthMiles":0.5,"deaths":0,"injuries":0}},{"type":"Feature","geometry":{"type":"Point","coordinates":[-112.63,43.63]},"properties":{"id":"ncei-1972-10007375","year":1972,"month":7,"state":"ID","stateName":"Idaho","scale":1,"scaleLabel":"F1","lengthMiles":1,"deaths":0,"injuries":0}},{"type":"Feature","geometry":{"type":"Point","coordinates":[-89.6,42.05]},"properties":{"id":"ncei-1972-10010123","year":1972,"month":4,"state":"IL","stateName":"Illinois","scale":2,"scaleLabel":"F2","lengthMiles":10.9,"deaths":1,"injuries":3}},{"type":"Feature","geometry":{"type":"Point","coordinates":[-89.52,41.9]},"properties":{"id":"ncei-1972-10010127","year":1972,"month":4,"state":"IL","stateName":"Illinois","scale":2,"scaleLabel":"F2","lengthMiles":16.6,"deaths":0,"injuries":6}},{"type":"Feature","geometry":{"type":"Point","coordinates":[-88.2,41.53]},"properties":{"id":"ncei-1972-10010128","year":1972,"month":4,"state":"IL","stateName":"Illinois","scale":2,"scaleLabel":"F2","lengthMiles":6.8,"deaths":1,"injuries":22}},{"type":"Feature","geometry":{"type":"Point","coordinates":[-88.33,41.62]},"properties":{"id":"ncei-1972-10010130","year":1972,"month":4,"state":"IL","stateName":"Illinois","scale":1,"scaleLabel":"F1","lengthMiles":10.7,"deaths":0,"injuries":0}},{"type":"Feature","geometry":{"type":"Point","coordinates":[-88.13,41.55]},"properties":{"id":"ncei-1972-10010131","year":1972,"month":4,"state":"IL","stateName":"Illinois","scale":1,"scaleLabel":"F1","lengthMiles":3.6,"deaths":0,"injuries":0}},{"type":"Feature","geometry":{"type":"Point","coordinates":[-88.18,41.52]},"properties":{"id":"ncei-1972-10010132","year":1972,"month":4,"state":"IL","stateName":"Illinois","scale":2,"scaleLabel":"F2","lengthMiles":5.1,"deaths":0,"injuries":0}},{"type":"Feature","geometry":{"type":"Point","coordinates":[-87.65,40.92]},"properties":{"id":"ncei-1972-10010135","year":1972,"month":4,"state":"IL","stateName":"Illinois","scale":0,"scaleLabel":"F0","lengthMiles":0,"deaths":0,"injuries":0}},{"type":"Feature","geometry":{"type":"Point","coordinates":[-88.57,38.35]},"properties":{"id":"ncei-1972-10010145","year":1972,"month":4,"state":"IL","stateName":"Illinois","scale":1,"scaleLabel":"F1","lengthMiles":0,"deaths":0,"injuries":0}},{"type":"Feature","geometry":{"type":"Point","coordinates":[-88,38.27]},"properties":{"id":"ncei-1972-10010146","year":1972,"month":4,"state":"IL","stateName":"Illinois","scale":1,"scaleLabel":"F1","lengthMiles":4.9,"deaths":0,"injuries":0}},{"type":"Feature","geometry":{"type":"Point","coordinates":[-89.32,37.57]},"properties":{"id":"ncei-1972-10010148","year":1972,"month":4,"state":"IL","stateName":"Illinois","scale":2,"scaleLabel":"F2","lengthMiles":3.3,"deaths":0,"injuries":4}},{"type":"Feature","geometry":{"type":"Point","coordinates":[-89.27,37.53]},"properties":{"id":"ncei-1972-10010149","year":1972,"month":4,"state":"IL","stateName":"Illinois","scale":2,"scaleLabel":"F2","lengthMiles":11.8,"deaths":0,"injuries":0}},{"type":"Feature","geometry":{"type":"Point","coordinates":[-89.05,37.52]},"properties":{"id":"ncei-1972-10010150","year":1972,"month":4,"state":"IL","stateName":"Illinois","scale":2,"scaleLabel":"F2","lengthMiles":4.9,"deaths":0,"injuries":5}},{"type":"Feature","geometry":{"type":"Point","coordinates":[-88.97,37.55]},"properties":{"id":"ncei-1972-10010151","year":1972,"month":4,"state":"IL","stateName":"Illinois","scale":2,"scaleLabel":"F2","lengthMiles":10.9,"deaths":0,"injuries":0}},{"type":"Feature","geometry":{"type":"Point","coordinates":[-89.28,37.22]},"properties":{"id":"ncei-1972-10010157","year":1972,"month":4,"state":"IL","stateName":"Illinois","scale":2,"scaleLabel":"F2","lengthMiles":1.3,"deaths":0,"injuries":1}},{"type":"Feature","geometry":{"type":"Point","coordinates":[-89.25,37.23]},"properties":{"id":"ncei-1972-10010158","year":1972,"month":4,"state":"IL","stateName":"Illinois","scale":2,"scaleLabel":"F2","lengthMiles":5.6,"deaths":0,"injuries":2}},{"type":"Feature","geometry":{"type":"Point","coordinates":[-88.53,37.55]},"properties":{"id":"ncei-1972-10010159","year":1972,"month":4,"state":"IL","stateName":"Illinois","scale":3,"scaleLabel":"F3","lengthMiles":0.3,"deaths":3,"injuries":0}},{"type":"Feature","geometry":{"type":"Point","coordinates":[-88.55,37.25]},"properties":{"id":"ncei-1972-10010160","year":1972,"month":4,"state":"IL","stateName":"Illinois","scale":1,"scaleLabel":"F1","lengthMiles":0,"deaths":0,"injuries":2}},{"type":"Feature","geometry":{"type":"Point","coordinates":[-88.3,37.67]},"properties":{"id":"ncei-1972-10010161","year":1972,"month":4,"state":"IL","stateName":"Illinois","scale":1,"scaleLabel":"F1","lengthMiles":0,"deaths":0,"injuries":0}},{"type":"Feature","geometry":{"type":"Point","coordinates":[-87.73,39]},"properties":{"id":"ncei-1972-10010162","year":1972,"month":4,"state":"IL","stateName":"Illinois","scale":1,"scaleLabel":"F1","lengthMiles":1,"deaths":0,"injuries":0}},{"type":"Feature","geometry":{"type":"Point","coordinates":[-88.75,41.8]},"properties":{"id":"ncei-1972-10010163","year":1972,"month":5,"state":"IL","stateName":"Illinois","scale":0,"scaleLabel":"F0","lengthMiles":0.1,"deaths":0,"injuries":0}},{"type":"Feature","geometry":{"type":"Point","coordinates":[-89.1,41.75]},"properties":{"id":"ncei-1972-10010164","year":1972,"month":5,"state":"IL","stateName":"Illinois","scale":0,"scaleLabel":"F0","lengthMiles":0.1,"deaths":0,"injuries":0}},{"type":"Feature","geometry":{"type":"Point","coordinates":[-87.42,40.8]},"properties":{"id":"ncei-1972-10011873","year":1972,"month":4,"state":"IN","stateName":"Indiana","scale":1,"scaleLabel":"F1","lengthMiles":11.2,"deaths":0,"injuries":0}},{"type":"Feature","geometry":{"type":"Point","coordinates":[-94.03,43.17]},"properties":{"id":"ncei-1972-10014436","year":1972,"month":5,"state":"IA","stateName":"Iowa","scale":1,"scaleLabel":"F1","lengthMiles":0,"deaths":0,"injuries":0}},{"type":"Feature","geometry":{"type":"Point","coordinates":[-91.4,41.43]},"properties":{"id":"ncei-1972-10014437","year":1972,"month":6,"state":"IA","stateName":"Iowa","scale":1,"scaleLabel":"F1","lengthMiles":0,"deaths":0,"injuries":0}},{"type":"Feature","geometry":{"type":"Point","coordinates":[-93,41.22]},"properties":{"id":"ncei-1972-10014438","year":1972,"month":6,"state":"IA","stateName":"Iowa","scale":2,"scaleLabel":"F2","lengthMiles":1.9,"deaths":0,"injuries":0}},{"type":"Feature","geometry":{"type":"Point","coordinates":[-94.98,42.15]},"properties":{"id":"ncei-1972-10014439","year":1972,"month":6,"state":"IA","stateName":"Iowa","scale":2,"scaleLabel":"F2","lengthMiles":2,"deaths":0,"injuries":0}},{"type":"Feature","geometry":{"type":"Point","coordinates":[-94.87,42.07]},"properties":{"id":"ncei-1972-10014440","year":1972,"month":6,"state":"IA","stateName":"Iowa","scale":2,"scaleLabel":"F2","lengthMiles":1,"deaths":0,"injuries":0}},{"type":"Feature","geometry":{"type":"Point","coordinates":[-95.83,40.87]},"properties":{"id":"ncei-1972-10014662","year":1972,"month":6,"state":"IA","stateName":"Iowa","scale":1,"scaleLabel":"F1","lengthMiles":1,"deaths":0,"injuries":0}},{"type":"Feature","geometry":{"type":"Point","coordinates":[-94.83,40.75]},"properties":{"id":"ncei-1972-10014663","year":1972,"month":6,"state":"IA","stateName":"Iowa","scale":1,"scaleLabel":"F1","lengthMiles":0.5,"deaths":0,"injuries":0}},{"type":"Feature","geometry":{"type":"Point","coordinates":[-94.05,41.12]},"properties":{"id":"ncei-1972-10014664","year":1972,"month":6,"state":"IA","stateName":"Iowa","scale":2,"scaleLabel":"F2","lengthMiles":2,"deaths":0,"injuries":0}},{"type":"Feature","geometry":{"type":"Point","coordinates":[-94.03,43.23]},"properties":{"id":"ncei-1972-10014669","year":1972,"month":7,"state":"IA","stateName":"Iowa","scale":1,"scaleLabel":"F1","lengthMiles":2,"deaths":0,"injuries":0}},{"type":"Feature","geometry":{"type":"Point","coordinates":[-94.45,43.22]},"properties":{"id":"ncei-1972-10014670","year":1972,"month":7,"state":"IA","stateName":"Iowa","scale":1,"scaleLabel":"F1","lengthMiles":0,"deaths":0,"injuries":0}},{"type":"Feature","geometry":{"type":"Point","coordinates":[-95.7,42.4]},"properties":{"id":"ncei-1972-10014674","year":1972,"month":7,"state":"IA","stateName":"Iowa","scale":1,"scaleLabel":"F1","lengthMiles":4.1,"deaths":0,"injuries":0}},{"type":"Feature","geometry":{"type":"Point","coordinates":[-95.77,42.3]},"properties":{"id":"ncei-1972-10014675","year":1972,"month":7,"state":"IA","stateName":"Iowa","scale":1,"scaleLabel":"F1","lengthMiles":1,"deaths":0,"injuries":0}},{"type":"Feature","geometry":{"type":"Point","coordinates":[-94.22,40.6]},"properties":{"id":"ncei-1972-10014680","year":1972,"month":7,"state":"IA","stateName":"Iowa","scale":1,"scaleLabel":"F1","lengthMiles":1,"deaths":0,"injuries":0}},{"type":"Feature","geometry":{"type":"Point","coordinates":[-92.53,41.05]},"properties":{"id":"ncei-1972-10014684","year":1972,"month":7,"state":"IA","stateName":"Iowa","scale":0,"scaleLabel":"F0","lengthMiles":0.1,"deaths":0,"injuries":0}},{"type":"Feature","geometry":{"type":"Point","coordinates":[-90.75,42.02]},"properties":{"id":"ncei-1972-10014685","year":1972,"month":8,"state":"IA","stateName":"Iowa","scale":0,"scaleLabel":"F0","lengthMiles":1,"deaths":0,"injuries":0}},{"type":"Feature","geometry":{"type":"Point","coordinates":[-92.25,41.92]},"properties":{"id":"ncei-1972-10014689","year":1972,"month":8,"state":"IA","stateName":"Iowa","scale":1,"scaleLabel":"F1","lengthMiles":11.7,"deaths":0,"injuries":0}},{"type":"Feature","geometry":{"type":"Point","coordinates":[-96,42.82]},"properties":{"id":"ncei-1972-10014690","year":1972,"month":9,"state":"IA","stateName":"Iowa","scale":0,"scaleLabel":"F0","lengthMiles":0.1,"deaths":0,"injuries":0}},{"type":"Feature","geometry":{"type":"Point","coordinates":[-95.18,41.57]},"properties":{"id":"ncei-1972-10014692","year":1972,"month":9,"state":"IA","stateName":"Iowa","scale":1,"scaleLabel":"F1","lengthMiles":5.9,"deaths":0,"injuries":0}},{"type":"Feature","geometry":{"type":"Point","coordinates":[-95.7,41.5]},"properties":{"id":"ncei-1972-10014693","year":1972,"month":9,"state":"IA","stateName":"Iowa","scale":2,"scaleLabel":"F2","lengthMiles":5.9,"deaths":0,"injuries":0}},{"type":"Feature","geometry":{"type":"Point","coordinates":[-94.47,41.05]},"properties":{"id":"ncei-1972-10014698","year":1972,"month":9,"state":"IA","stateName":"Iowa","scale":0,"scaleLabel":"F0","lengthMiles":0.5,"deaths":0,"injuries":0}},{"type":"Feature","geometry":{"type":"Point","coordinates":[-94.18,41.17]},"properties":{"id":"ncei-1972-10014699","year":1972,"month":9,"state":"IA","stateName":"Iowa","scale":1,"scaleLabel":"F1","lengthMiles":19.9,"deaths":0,"injuries":0}},{"type":"Feature","geometry":{"type":"Point","coordinates":[-94,42.82]},"properties":{"id":"ncei-1972-10014700","year":1972,"month":9,"state":"IA","stateName":"Iowa","scale":1,"scaleLabel":"F1","lengthMiles":0,"deaths":0,"injuries":0}},{"type":"Feature","geometry":{"type":"Point","coordinates":[-91.78,42.2]},"properties":{"id":"ncei-1972-10014704","year":1972,"month":9,"state":"IA","stateName":"Iowa","scale":2,"scaleLabel":"F2","lengthMiles":21.9,"deaths":0,"injuries":3}},{"type":"Feature","geometry":{"type":"Point","coordinates":[-91.37,42.28]},"properties":{"id":"ncei-1972-10014705","year":1972,"month":9,"state":"IA","stateName":"Iowa","scale":2,"scaleLabel":"F2","lengthMiles":42.6,"deaths":0,"injuries":0}},{"type":"Feature","geometry":{"type":"Point","coordinates":[-92.8,42.9]},"properties":{"id":"ncei-1972-10014710","year":1972,"month":10,"state":"IA","stateName":"Iowa","scale":0,"scaleLabel":"F0","lengthMiles":0,"deaths":0,"injuries":0}},{"type":"Feature","geometry":{"type":"Point","coordinates":[-85.7,38.42]},"properties":{"id":"ncei-1972-10019331","year":1972,"month":4,"state":"IN","stateName":"Indiana","scale":1,"scaleLabel":"F1","lengthMiles":0.1,"deaths":0,"injuries":0}},{"type":"Feature","geometry":{"type":"Point","coordinates":[-86.08,39.77]},"properties":{"id":"ncei-1972-10019336","year":1972,"month":5,"state":"IN","stateName":"Indiana","scale":4,"scaleLabel":"F4","lengthMiles":8.4,"deaths":0,"injuries":17}},{"type":"Feature","geometry":{"type":"Point","coordinates":[-85.13,41.12]},"properties":{"id":"ncei-1972-10019337","year":1972,"month":5,"state":"IN","stateName":"Indiana","scale":1,"scaleLabel":"F1","lengthMiles":0.4,"deaths":0,"injuries":0}},{"type":"Feature","geometry":{"type":"Point","coordinates":[-85.95,39.83]},"properties":{"id":"ncei-1972-10019338","year":1972,"month":5,"state":"IN","stateName":"Indiana","scale":4,"scaleLabel":"F4","lengthMiles":16.2,"deaths":0,"injuries":1}},{"type":"Feature","geometry":{"type":"Point","coordinates":[-85.68,39.95]},"properties":{"id":"ncei-1972-10019339","year":1972,"month":5,"state":"IN","stateName":"Indiana","scale":4,"scaleLabel":"F4","lengthMiles":5.4,"deaths":0,"injuries":1}},{"type":"Feature","geometry":{"type":"Point","coordinates":[-85.58,39.98]},"properties":{"id":"ncei-1972-10019340","year":1972,"month":5,"state":"IN","stateName":"Indiana","scale":4,"scaleLabel":"F4","lengthMiles":0,"deaths":0,"injuries":1}},{"type":"Feature","geometry":{"type":"Point","coordinates":[-86.78,41.22]},"properties":{"id":"ncei-1972-10019343","year":1972,"month":7,"state":"IN","stateName":"Indiana","scale":0,"scaleLabel":"F0","lengthMiles":0.1,"deaths":0,"injuries":0}},{"type":"Feature","geometry":{"type":"Point","coordinates":[-85.1,39.97]},"properties":{"id":"ncei-1972-10019344","year":1972,"month":8,"state":"IN","stateName":"Indiana","scale":1,"scaleLabel":"F1","lengthMiles":2,"deaths":0,"injuries":0}},{"type":"Feature","geometry":{"type":"Point","coordinates":[-94.77,38.75]},"properties":{"id":"ncei-1972-10021031","year":1972,"month":4,"state":"KS","stateName":"Kansas","scale":2,"scaleLabel":"F2","lengthMiles":0,"deaths":0,"injuries":0}},{"type":"Feature","geometry":{"type":"Point","coordinates":[-102,37.12]},"properties":{"id":"ncei-1972-10021254","year":1972,"month":5,"state":"KS","stateName":"Kansas","scale":3,"scaleLabel":"F3","lengthMiles":2.7,"deaths":0,"injuries":0}},{"type":"Feature","geometry":{"type":"Point","coordinates":[-99.27,39.32]},"properties":{"id":"ncei-1972-10021258","year":1972,"month":5,"state":"KS","stateName":"Kansas","scale":1,"scaleLabel":"F1","lengthMiles":7.9,"deaths":0,"injuries":0}},{"type":"Feature","geometry":{"type":"Point","coordinates":[-99.25,39.25]},"properties":{"id":"ncei-1972-10021260","year":1972,"month":5,"state":"KS","stateName":"Kansas","scale":1,"scaleLabel":"F1","lengthMiles":0.5,"deaths":0,"injuries":0}},{"type":"Feature","geometry":{"type":"Point","coordinates":[-100.02,38.18]},"properties":{"id":"ncei-1972-10021261","year":1972,"month":5,"state":"KS","stateName":"Kansas","scale":1,"scaleLabel":"F1","lengthMiles":7.1,"deaths":0,"injuries":0}},{"type":"Feature","geometry":{"type":"Point","coordinates":[-100.02,38.18]},"properties":{"id":"ncei-1972-10021262","year":1972,"month":5,"state":"KS","stateName":"Kansas","scale":1,"scaleLabel":"F1","lengthMiles":0.5,"deaths":0,"injuries":0}},{"type":"Feature","geometry":{"type":"Point","coordinates":[-100.08,38.18]},"properties":{"id":"ncei-1972-10021263","year":1972,"month":5,"state":"KS","stateName":"Kansas","scale":2,"scaleLabel":"F2","lengthMiles":9.4,"deaths":0,"injuries":0}},{"type":"Feature","geometry":{"type":"Point","coordinates":[-100.08,38.08]},"properties":{"id":"ncei-1972-10021264","year":1972,"month":5,"state":"KS","stateName":"Kansas","scale":1,"scaleLabel":"F1","lengthMiles":0.5,"deaths":0,"injuries":0}},{"type":"Feature","geometry":{"type":"Point","coordinates":[-100.08,38.08]},"properties":{"id":"ncei-1972-10021265","year":1972,"month":5,"state":"KS","stateName":"Kansas","scale":1,"scaleLabel":"F1","lengthMiles":0.5,"deaths":0,"injuries":0}},{"type":"Feature","geometry":{"type":"Point","coordinates":[-99.78,38.17]},"properties":{"id":"ncei-1972-10021266","year":1972,"month":5,"state":"KS","stateName":"Kansas","scale":1,"scaleLabel":"F1","lengthMiles":5,"deaths":0,"injuries":0}},{"type":"Feature","geometry":{"type":"Point","coordinates":[-99.9,38.28]},"properties":{"id":"ncei-1972-10021267","year":1972,"month":5,"state":"KS","stateName":"Kansas","scale":1,"scaleLabel":"F1","lengthMiles":0.5,"deaths":0,"injuries":0}},{"type":"Feature","geometry":{"type":"Point","coordinates":[-99.82,38.03]},"properties":{"id":"ncei-1972-10021268","year":1972,"month":5,"state":"KS","stateName":"Kansas","scale":1,"scaleLabel":"F1","lengthMiles":0.5,"deaths":0,"injuries":0}},{"type":"Feature","geometry":{"type":"Point","coordinates":[-99.9,38]},"properties":{"id":"ncei-1972-10021269","year":1972,"month":5,"state":"KS","stateName":"Kansas","scale":2,"scaleLabel":"F2","lengthMiles":5.1,"deaths":0,"injuries":0}},{"type":"Feature","geometry":{"type":"Point","coordinates":[-99.53,39]},"properties":{"id":"ncei-1972-10021270","year":1972,"month":5,"state":"KS","stateName":"Kansas","scale":2,"scaleLabel":"F2","lengthMiles":1,"deaths":0,"injuries":0}},{"type":"Feature","geometry":{"type":"Point","coordinates":[-99.53,39]},"properties":{"id":"ncei-1972-10021271","year":1972,"month":5,"state":"KS","stateName":"Kansas","scale":2,"scaleLabel":"F2","lengthMiles":1,"deaths":0,"injuries":0}},{"type":"Feature","geometry":{"type":"Point","coordinates":[-99.53,39]},"properties":{"id":"ncei-1972-10021272","year":1972,"month":5,"state":"KS","stateName":"Kansas","scale":2,"scaleLabel":"F2","lengthMiles":1,"deaths":0,"injuries":0}},{"type":"Feature","geometry":{"type":"Point","coordinates":[-99.57,38.93]},"properties":{"id":"ncei-1972-10021273","year":1972,"month":5,"state":"KS","stateName":"Kansas","scale":2,"scaleLabel":"F2","lengthMiles":2,"deaths":0,"injuries":0}},{"type":"Feature","geometry":{"type":"Point","coordinates":[-99.48,38.93]},"properties":{"id":"ncei-1972-10021274","year":1972,"month":5,"state":"KS","stateName":"Kansas","scale":2,"scaleLabel":"F2","lengthMiles":0.5,"deaths":0,"injuries":0}},{"type":"Feature","geometry":{"type":"Point","coordinates":[-97.88,39.52]},"properties":{"id":"ncei-1972-10021285","year":1972,"month":5,"state":"KS","stateName":"Kansas","scale":0,"scaleLabel":"F0","lengthMiles":0.5,"deaths":0,"injuries":0}},{"type":"Feature","geometry":{"type":"Point","coordinates":[-97.88,39.6]},"properties":{"id":"ncei-1972-10021301","year":1972,"month":6,"state":"KS","stateName":"Kansas","scale":0,"scaleLabel":"F0","lengthMiles":0.3,"deaths":0,"injuries":0}},{"type":"Feature","geometry":{"type":"Point","coordinates":[-95.92,38.8]},"properties":{"id":"ncei-1972-10021319","year":1972,"month":7,"state":"KS","stateName":"Kansas","scale":1,"scaleLabel":"F1","lengthMiles":0.5,"deaths":0,"injuries":0}},{"type":"Feature","geometry":{"type":"Point","coordinates":[-101.75,39.02]},"properties":{"id":"ncei-1972-10022179","year":1972,"month":7,"state":"KS","stateName":"Kansas","scale":1,"scaleLabel":"F1","lengthMiles":0.2,"deaths":0,"injuries":0}},{"type":"Feature","geometry":{"type":"Point","coordinates":[-98.95,39.13]},"properties":{"id":"ncei-1972-10022181","year":1972,"month":7,"state":"KS","stateName":"Kansas","scale":1,"scaleLabel":"F1","lengthMiles":0.1,"deaths":0,"injuries":0}},{"type":"Feature","geometry":{"type":"Point","coordinates":[-100.45,39.3]},"properties":{"id":"ncei-1972-10022404","year":1972,"month":7,"state":"KS","stateName":"Kansas","scale":0,"scaleLabel":"F0","lengthMiles":0.4,"deaths":0,"injuries":0}},{"type":"Feature","geometry":{"type":"Point","coordinates":[-99.3,39.25]},"properties":{"id":"ncei-1972-10022405","year":1972,"month":7,"state":"KS","stateName":"Kansas","scale":2,"scaleLabel":"F2","lengthMiles":0.5,"deaths":0,"injuries":1}},{"type":"Feature","geometry":{"type":"Point","coordinates":[-100.85,37.5]},"properties":{"id":"ncei-1972-10022406","year":1972,"month":7,"state":"KS","stateName":"Kansas","scale":2,"scaleLabel":"F2","lengthMiles":1.3,"deaths":0,"injuries":7}},{"type":"Feature","geometry":{"type":"Point","coordinates":[-100.02,37.45]},"properties":{"id":"ncei-1972-10022407","year":1972,"month":7,"state":"KS","stateName":"Kansas","scale":2,"scaleLabel":"F2","lengthMiles":0.5,"deaths":0,"injuries":0}},{"type":"Feature","geometry":{"type":"Point","coordinates":[-99.33,38.88]},"properties":{"id":"ncei-1972-10022414","year":1972,"month":8,"state":"KS","stateName":"Kansas","scale":2,"scaleLabel":"F2","lengthMiles":0.2,"deaths":0,"injuries":0}},{"type":"Feature","geometry":{"type":"Point","coordinates":[-94.85,39.02]},"properties":{"id":"ncei-1972-10022417","year":1972,"month":8,"state":"KS","stateName":"Kansas","scale":1,"scaleLabel":"F1","lengthMiles":0.1,"deaths":0,"injuries":0}},{"type":"Feature","geometry":{"type":"Point","coordinates":[-101.68,37.57]},"properties":{"id":"ncei-1972-10022418","year":1972,"month":8,"state":"KS","stateName":"Kansas","scale":2,"scaleLabel":"F2","lengthMiles":0.1,"deaths":0,"injuries":0}},{"type":"Feature","geometry":{"type":"Point","coordinates":[-99.82,37.57]},"properties":{"id":"ncei-1972-10022421","year":1972,"month":8,"state":"KS","stateName":"Kansas","scale":1,"scaleLabel":"F1","lengthMiles":9.9,"deaths":0,"injuries":0}},{"type":"Feature","geometry":{"type":"Point","coordinates":[-100.47,39.55]},"properties":{"id":"ncei-1972-10022422","year":1972,"month":9,"state":"KS","stateName":"Kansas","scale":2,"scaleLabel":"F2","lengthMiles":2,"deaths":0,"injuries":0}},{"type":"Feature","geometry":{"type":"Point","coordinates":[-100.45,39.62]},"properties":{"id":"ncei-1972-10022423","year":1972,"month":9,"state":"KS","stateName":"Kansas","scale":1,"scaleLabel":"F1","lengthMiles":0.5,"deaths":0,"injuries":0}},{"type":"Feature","geometry":{"type":"Point","coordinates":[-100.45,39.62]},"properties":{"id":"ncei-1972-10022424","year":1972,"month":9,"state":"KS","stateName":"Kansas","scale":2,"scaleLabel":"F2","lengthMiles":2.3,"deaths":0,"injuries":0}},{"type":"Feature","geometry":{"type":"Point","coordinates":[-96.03,37.6]},"properties":{"id":"ncei-1972-10024366","year":1972,"month":4,"state":"KS","stateName":"Kansas","scale":2,"scaleLabel":"F2","lengthMiles":20,"deaths":0,"injuries":0}},{"type":"Feature","geometry":{"type":"Point","coordinates":[-100.3,37.38]},"properties":{"id":"ncei-1972-10024371","year":1972,"month":4,"state":"KS","stateName":"Kansas","scale":1,"scaleLabel":"F1","lengthMiles":0.1,"deaths":0,"injuries":0}},{"type":"Feature","geometry":{"type":"Point","coordinates":[-100.37,38.53]},"properties":{"id":"ncei-1972-10024376","year":1972,"month":4,"state":"KS","stateName":"Kansas","scale":3,"scaleLabel":"F3","lengthMiles":13.1,"deaths":0,"injuries":0}},{"type":"Feature","geometry":{"type":"Point","coordinates":[-99.38,38.92]},"properties":{"id":"ncei-1972-10024380","year":1972,"month":4,"state":"KS","stateName":"Kansas","scale":2,"scaleLabel":"F2","lengthMiles":10.5,"deaths":0,"injuries":0}},{"type":"Feature","geometry":{"type":"Point","coordinates":[-100.48,38.65]},"properties":{"id":"ncei-1972-10024381","year":1972,"month":4,"state":"KS","stateName":"Kansas","scale":3,"scaleLabel":"F3","lengthMiles":1,"deaths":0,"injuries":2}},{"type":"Feature","geometry":{"type":"Point","coordinates":[-99.5,38.22]},"properties":{"id":"ncei-1972-10024383","year":1972,"month":4,"state":"KS","stateName":"Kansas","scale":3,"scaleLabel":"F3","lengthMiles":17,"deaths":0,"injuries":0}},{"type":"Feature","geometry":{"type":"Point","coordinates":[-100.03,38.55]},"properties":{"id":"ncei-1972-10024384","year":1972,"month":4,"state":"KS","stateName":"Kansas","scale":3,"scaleLabel":"F3","lengthMiles":6.8,"deaths":0,"injuries":0}},{"type":"Feature","geometry":{"type":"Point","coordinates":[-100.1,38.08]},"properties":{"id":"ncei-1972-10024387","year":1972,"month":4,"state":"KS","stateName":"Kansas","scale":4,"scaleLabel":"F4","lengthMiles":24.3,"deaths":0,"injuries":1}},{"type":"Feature","geometry":{"type":"Point","coordinates":[-99.72,38.45]},"properties":{"id":"ncei-1972-10024388","year":1972,"month":4,"state":"KS","stateName":"Kansas","scale":3,"scaleLabel":"F3","lengthMiles":2.7,"deaths":0,"injuries":0}},{"type":"Feature","geometry":{"type":"Point","coordinates":[-99.72,38.27]},"properties":{"id":"ncei-1972-10024390","year":1972,"month":4,"state":"KS","stateName":"Kansas","scale":4,"scaleLabel":"F4","lengthMiles":2.3,"deaths":0,"injuries":0}},{"type":"Feature","geometry":{"type":"Point","coordinates":[-98.23,38.58]},"properties":{"id":"ncei-1972-10024394","year":1972,"month":4,"state":"KS","stateName":"Kansas","scale":2,"scaleLabel":"F2","lengthMiles":1,"deaths":0,"injuries":0}},{"type":"Feature","geometry":{"type":"Point","coordinates":[-97.23,38.92]},"properties":{"id":"ncei-1972-10024398","year":1972,"month":4,"state":"KS","stateName":"Kansas","scale":3,"scaleLabel":"F3","lengthMiles":1.5,"deaths":0,"injuries":6}},{"type":"Feature","geometry":{"type":"Point","coordinates":[-90.42,30.75]},"properties":{"id":"ncei-1972-10029593","year":1972,"month":5,"state":"LA","stateName":"Louisiana","scale":2,"scaleLabel":"F2","lengthMiles":2,"deaths":0,"injuries":0}},{"type":"Feature","geometry":{"type":"Point","coordinates":[-93.12,30.22]},"properties":{"id":"ncei-1972-10029813","year":1972,"month":7,"state":"LA","stateName":"Louisiana","scale":1,"scaleLabel":"F1","lengthMiles":0.2,"deaths":0,"injuries":0}},{"type":"Feature","geometry":{"type":"Point","coordinates":[-93.73,32.87]},"properties":{"id":"ncei-1972-10029820","year":1972,"month":11,"state":"LA","stateName":"Louisiana","scale":1,"scaleLabel":"F1","lengthMiles":5.7,"deaths":0,"injuries":0}},{"type":"Feature","geometry":{"type":"Point","coordinates":[-92.15,31.5]},"properties":{"id":"ncei-1972-10029822","year":1972,"month":11,"state":"LA","stateName":"Louisiana","scale":1,"scaleLabel":"F1","lengthMiles":0.2,"deaths":0,"injuries":0}},{"type":"Feature","geometry":{"type":"Point","coordinates":[-91.67,31.95]},"properties":{"id":"ncei-1972-10029823","year":1972,"month":11,"state":"LA","stateName":"Louisiana","scale":2,"scaleLabel":"F2","lengthMiles":4.3,"deaths":0,"injuries":0}},{"type":"Feature","geometry":{"type":"Point","coordinates":[-89.95,29.27]},"properties":{"id":"ncei-1972-10029825","year":1972,"month":11,"state":"LA","stateName":"Louisiana","scale":1,"scaleLabel":"F1","lengthMiles":2,"deaths":0,"injuries":0}},{"type":"Feature","geometry":{"type":"Point","coordinates":[-90.28,29.4]},"properties":{"id":"ncei-1972-10029826","year":1972,"month":11,"state":"LA","stateName":"Louisiana","scale":1,"scaleLabel":"F1","lengthMiles":0.2,"deaths":0,"injuries":0}},{"type":"Feature","geometry":{"type":"Point","coordinates":[-84.95,37.9]},"properties":{"id":"ncei-1972-10030016","year":1972,"month":4,"state":"KY","stateName":"Kentucky","scale":2,"scaleLabel":"F2","lengthMiles":5.1,"deaths":0,"injuries":0}},{"type":"Feature","geometry":{"type":"Point","coordinates":[-86.65,36.72]},"properties":{"id":"ncei-1972-10030018","year":1972,"month":7,"state":"KY","stateName":"Kentucky","scale":1,"scaleLabel":"F1","lengthMiles":1,"deaths":0,"injuries":0}},{"type":"Feature","geometry":{"type":"Point","coordinates":[-85.9,37.28]},"properties":{"id":"ncei-1972-10030021","year":1972,"month":7,"state":"KY","stateName":"Kentucky","scale":1,"scaleLabel":"F1","lengthMiles":0.3,"deaths":0,"injuries":0}},{"type":"Feature","geometry":{"type":"Point","coordinates":[-84.32,37.57]},"properties":{"id":"ncei-1972-10030023","year":1972,"month":8,"state":"KY","stateName":"Kentucky","scale":2,"scaleLabel":"F2","lengthMiles":0,"deaths":0,"injuries":1}},{"type":"Feature","geometry":{"type":"Point","coordinates":[-85.57,37.7]},"properties":{"id":"ncei-1972-10030024","year":1972,"month":8,"state":"KY","stateName":"Kentucky","scale":1,"scaleLabel":"F1","lengthMiles":0.3,"deaths":0,"injuries":0}},{"type":"Feature","geometry":{"type":"Point","coordinates":[-83.05,37.9]},"properties":{"id":"ncei-1972-10030025","year":1972,"month":9,"state":"KY","stateName":"Kentucky","scale":2,"scaleLabel":"F2","lengthMiles":1,"deaths":0,"injuries":3}},{"type":"Feature","geometry":{"type":"Point","coordinates":[-91.38,30.53]},"properties":{"id":"ncei-1972-10032021","year":1972,"month":2,"state":"LA","stateName":"Louisiana","scale":3,"scaleLabel":"F3","lengthMiles":1,"deaths":0,"injuries":3}},{"type":"Feature","geometry":{"type":"Point","coordinates":[-92.6,30.23]},"properties":{"id":"ncei-1972-10032028","year":1972,"month":3,"state":"LA","stateName":"Louisiana","scale":1,"scaleLabel":"F1","lengthMiles":0.2,"deaths":0,"injuries":0}},{"type":"Feature","geometry":{"type":"Point","coordinates":[-90.23,30.03]},"properties":{"id":"ncei-1972-10032030","year":1972,"month":3,"state":"LA","stateName":"Louisiana","scale":2,"scaleLabel":"F2","lengthMiles":0.5,"deaths":0,"injuries":2}},{"type":"Feature","geometry":{"type":"Point","coordinates":[-93.07,29.82]},"properties":{"id":"ncei-1972-10032043","year":1972,"month":3,"state":"LA","stateName":"Louisiana","scale":2,"scaleLabel":"F2","lengthMiles":0.3,"deaths":0,"injuries":0}},{"type":"Feature","geometry":{"type":"Point","coordinates":[-92.65,30.5]},"properties":{"id":"ncei-1972-10032046","year":1972,"month":3,"state":"LA","stateName":"Louisiana","scale":0,"scaleLabel":"F0","lengthMiles":0.1,"deaths":0,"injuries":0}},{"type":"Feature","geometry":{"type":"Point","coordinates":[-93.35,32.43]},"properties":{"id":"ncei-1972-10032053","year":1972,"month":4,"state":"LA","stateName":"Louisiana","scale":1,"scaleLabel":"F1","lengthMiles":1,"deaths":0,"injuries":0}},{"type":"Feature","geometry":{"type":"Point","coordinates":[-92.5,32.7]},"properties":{"id":"ncei-1972-10032055","year":1972,"month":4,"state":"LA","stateName":"Louisiana","scale":2,"scaleLabel":"F2","lengthMiles":41.9,"deaths":0,"injuries":0}},{"type":"Feature","geometry":{"type":"Point","coordinates":[-90.33,30.9]},"properties":{"id":"ncei-1972-10032057","year":1972,"month":4,"state":"LA","stateName":"Louisiana","scale":1,"scaleLabel":"F1","lengthMiles":22.2,"deaths":0,"injuries":0}},{"type":"Feature","geometry":{"type":"Point","coordinates":[-90.37,30.8]},"properties":{"id":"ncei-1972-10032058","year":1972,"month":5,"state":"LA","stateName":"Louisiana","scale":2,"scaleLabel":"F2","lengthMiles":1,"deaths":0,"injuries":0}},{"type":"Feature","geometry":{"type":"Point","coordinates":[-91.35,30.13]},"properties":{"id":"ncei-1972-10032060","year":1972,"month":5,"state":"LA","stateName":"Louisiana","scale":2,"scaleLabel":"F2","lengthMiles":1,"deaths":0,"injuries":0}},{"type":"Feature","geometry":{"type":"Point","coordinates":[-85.58,37.37]},"properties":{"id":"ncei-1972-10033802","year":1972,"month":4,"state":"KY","stateName":"Kentucky","scale":2,"scaleLabel":"F2","lengthMiles":0,"deaths":0,"injuries":0}},{"type":"Feature","geometry":{"type":"Point","coordinates":[-85.58,37.67]},"properties":{"id":"ncei-1972-10033807","year":1972,"month":4,"state":"KY","stateName":"Kentucky","scale":1,"scaleLabel":"F1","lengthMiles":2,"deaths":0,"injuries":0}},{"type":"Feature","geometry":{"type":"Point","coordinates":[-88.72,36.5]},"properties":{"id":"ncei-1972-10033809","year":1972,"month":4,"state":"KY","stateName":"Kentucky","scale":1,"scaleLabel":"F1","lengthMiles":9.4,"deaths":0,"injuries":1}},{"type":"Feature","geometry":{"type":"Point","coordinates":[-88.43,37.25]},"properties":{"id":"ncei-1972-10033810","year":1972,"month":4,"state":"KY","stateName":"Kentucky","scale":2,"scaleLabel":"F2","lengthMiles":10.1,"deaths":0,"injuries":0}},{"type":"Feature","geometry":{"type":"Point","coordinates":[-86.73,37.28]},"properties":{"id":"ncei-1972-10033812","year":1972,"month":4,"state":"KY","stateName":"Kentucky","scale":3,"scaleLabel":"F3","lengthMiles":5.7,"deaths":0,"injuries":0}},{"type":"Feature","geometry":{"type":"Point","coordinates":[-86.18,37.5]},"properties":{"id":"ncei-1972-10033813","year":1972,"month":4,"state":"KY","stateName":"Kentucky","scale":3,"scaleLabel":"F3","lengthMiles":1,"deaths":0,"injuries":4}},{"type":"Feature","geometry":{"type":"Point","coordinates":[-77.42,39.42]},"properties":{"id":"ncei-1972-10039616","year":1972,"month":3,"state":"MD","stateName":"Maryland","scale":1,"scaleLabel":"F1","lengthMiles":1,"deaths":0,"injuries":0}},{"type":"Feature","geometry":{"type":"Point","coordinates":[-72.8,42.52]},"properties":{"id":"ncei-1972-10039838","year":1972,"month":7,"state":"MA","stateName":"Massachusetts","scale":1,"scaleLabel":"F1","lengthMiles":1,"deaths":0,"injuries":0}},{"type":"Feature","geometry":{"type":"Point","coordinates":[-72.47,42.7]},"properties":{"id":"ncei-1972-10039839","year":1972,"month":7,"state":"MA","stateName":"Massachusetts","scale":1,"scaleLabel":"F1","lengthMiles":3,"deaths":0,"injuries":0}},{"type":"Feature","geometry":{"type":"Point","coordinates":[-71.42,42.68]},"properties":{"id":"ncei-1972-10039840","year":1972,"month":7,"state":"MA","stateName":"Massachusetts","scale":2,"scaleLabel":"F2","lengthMiles":7.6,"deaths":0,"injuries":4}},{"type":"Feature","geometry":{"type":"Point","coordinates":[-71.05,42.5]},"properties":{"id":"ncei-1972-10039841","year":1972,"month":7,"state":"MA","stateName":"Massachusetts","scale":1,"scaleLabel":"F1","lengthMiles":0.3,"deaths":0,"injuries":0}},{"type":"Feature","geometry":{"type":"Point","coordinates":[-72.4,42.12]},"properties":{"id":"ncei-1972-10039849","year":1972,"month":8,"state":"MA","stateName":"Massachusetts","scale":1,"scaleLabel":"F1","lengthMiles":0.5,"deaths":0,"injuries":0}},{"type":"Feature","geometry":{"type":"Point","coordinates":[-71.23,42.28]},"properties":{"id":"ncei-1972-10039850","year":1972,"month":8,"state":"MA","stateName":"Massachusetts","scale":1,"scaleLabel":"F1","lengthMiles":4.9,"deaths":1,"injuries":6}},{"type":"Feature","geometry":{"type":"Point","coordinates":[-72.13,42.55]},"properties":{"id":"ncei-1972-10039851","year":1972,"month":8,"state":"MA","stateName":"Massachusetts","scale":2,"scaleLabel":"F2","lengthMiles":9.7,"deaths":0,"injuries":1}},{"type":"Feature","geometry":{"type":"Point","coordinates":[-72.5,42.5]},"properties":{"id":"ncei-1972-10039852","year":1972,"month":8,"state":"MA","stateName":"Massachusetts","scale":2,"scaleLabel":"F2","lengthMiles":1,"deaths":0,"injuries":0}},{"type":"Feature","geometry":{"type":"Point","coordinates":[-72.4,42.07]},"properties":{"id":"ncei-1972-10039853","year":1972,"month":9,"state":"MA","stateName":"Massachusetts","scale":1,"scaleLabel":"F1","lengthMiles":0.3,"deaths":0,"injuries":0}},{"type":"Feature","geometry":{"type":"Point","coordinates":[-70.92,41.63]},"properties":{"id":"ncei-1972-10039854","year":1972,"month":9,"state":"MA","stateName":"Massachusetts","scale":0,"scaleLabel":"F0","lengthMiles":4.1,"deaths":0,"injuries":0}},{"type":"Feature","geometry":{"type":"Point","coordinates":[-86.22,43.8]},"properties":{"id":"ncei-1972-10040505","year":1972,"month":4,"state":"MI","stateName":"Michigan","scale":1,"scaleLabel":"F1","lengthMiles":0,"deaths":0,"injuries":0}},{"type":"Feature","geometry":{"type":"Point","coordinates":[-86.25,43.82]},"properties":{"id":"ncei-1972-10040506","year":1972,"month":4,"state":"MI","stateName":"Michigan","scale":2,"scaleLabel":"F2","lengthMiles":0.1,"deaths":0,"injuries":8}},{"type":"Feature","geometry":{"type":"Point","coordinates":[-86.28,43.87]},"properties":{"id":"ncei-1972-10040507","year":1972,"month":4,"state":"MI","stateName":"Michigan","scale":1,"scaleLabel":"F1","lengthMiles":0,"deaths":0,"injuries":0}},{"type":"Feature","geometry":{"type":"Point","coordinates":[-84.78,42.57]},"properties":{"id":"ncei-1972-10040509","year":1972,"month":5,"state":"MI","stateName":"Michigan","scale":0,"scaleLabel":"F0","lengthMiles":0,"deaths":0,"injuries":0}},{"type":"Feature","geometry":{"type":"Point","coordinates":[-84.27,42.25]},"properties":{"id":"ncei-1972-10040510","year":1972,"month":5,"state":"MI","stateName":"Michigan","scale":1,"scaleLabel":"F1","lengthMiles":1.1,"deaths":0,"injuries":0}},{"type":"Feature","geometry":{"type":"Point","coordinates":[-86.48,41.97]},"properties":{"id":"ncei-1972-10040511","year":1972,"month":6,"state":"MI","stateName":"Michigan","scale":2,"scaleLabel":"F2","lengthMiles":1.3,"deaths":0,"injuries":0}},{"type":"Feature","geometry":{"type":"Point","coordinates":[-82.65,43.6]},"properties":{"id":"ncei-1972-10040512","year":1972,"month":7,"state":"MI","stateName":"Michigan","scale":1,"scaleLabel":"F1","lengthMiles":0.1,"deaths":0,"injuries":0}},{"type":"Feature","geometry":{"type":"Point","coordinates":[-84.07,46.08]},"properties":{"id":"ncei-1972-10040513","year":1972,"month":7,"state":"MI","stateName":"Michigan","scale":0,"scaleLabel":"F0","lengthMiles":0,"deaths":0,"injuries":0}},{"type":"Feature","geometry":{"type":"Point","coordinates":[-87.17,46.07]},"properties":{"id":"ncei-1972-10040518","year":1972,"month":7,"state":"MI","stateName":"Michigan","scale":2,"scaleLabel":"F2","lengthMiles":0.8,"deaths":0,"injuries":1}},{"type":"Feature","geometry":{"type":"Point","coordinates":[-84.33,42.87]},"properties":{"id":"ncei-1972-10040521","year":1972,"month":8,"state":"MI","stateName":"Michigan","scale":1,"scaleLabel":"F1","lengthMiles":0.1,"deaths":0,"injuries":0}},{"type":"Feature","geometry":{"type":"Point","coordinates":[-84.08,42.48]},"properties":{"id":"ncei-1972-10040522","year":1972,"month":8,"state":"MI","stateName":"Michigan","scale":2,"scaleLabel":"F2","lengthMiles":7.4,"deaths":0,"injuries":0}},{"type":"Feature","geometry":{"type":"Point","coordinates":[-83.48,42.53]},"properties":{"id":"ncei-1972-10040523","year":1972,"month":8,"state":"MI","stateName":"Michigan","scale":3,"scaleLabel":"F3","lengthMiles":0,"deaths":0,"injuries":0}},{"type":"Feature","geometry":{"type":"Point","coordinates":[-84.22,42.03]},"properties":{"id":"ncei-1972-10040526","year":1972,"month":8,"state":"MI","stateName":"Michigan","scale":0,"scaleLabel":"F0","lengthMiles":0.1,"deaths":0,"injuries":0}},{"type":"Feature","geometry":{"type":"Point","coordinates":[-83.87,43.35]},"properties":{"id":"ncei-1972-10040528","year":1972,"month":8,"state":"MI","stateName":"Michigan","scale":1,"scaleLabel":"F1","lengthMiles":0.1,"deaths":0,"injuries":0}},{"type":"Feature","geometry":{"type":"Point","coordinates":[-87.73,45.45]},"properties":{"id":"ncei-1972-10040530","year":1972,"month":9,"state":"MI","stateName":"Michigan","scale":2,"scaleLabel":"F2","lengthMiles":13.1,"deaths":0,"injuries":0}},{"type":"Feature","geometry":{"type":"Point","coordinates":[-85.5,42.33]},"properties":{"id":"ncei-1972-10041381","year":1972,"month":9,"state":"MI","stateName":"Michigan","scale":0,"scaleLabel":"F0","lengthMiles":0,"deaths":0,"injuries":0}},{"type":"Feature","geometry":{"type":"Point","coordinates":[-85.48,42.67]},"properties":{"id":"ncei-1972-10041382","year":1972,"month":9,"state":"MI","stateName":"Michigan","scale":1,"scaleLabel":"F1","lengthMiles":0,"deaths":0,"injuries":0}},{"type":"Feature","geometry":{"type":"Point","coordinates":[-70.83,44.75]},"properties":{"id":"ncei-1972-10044865","year":1972,"month":7,"state":"ME","stateName":"Maine","scale":1,"scaleLabel":"F1","lengthMiles":1,"deaths":0,"injuries":0}},{"type":"Feature","geometry":{"type":"Point","coordinates":[-70.63,43.83]},"properties":{"id":"ncei-1972-10044866","year":1972,"month":7,"state":"ME","stateName":"Maine","scale":1,"scaleLabel":"F1","lengthMiles":0.1,"deaths":0,"injuries":0}},{"type":"Feature","geometry":{"type":"Point","coordinates":[-90.48,34]},"properties":{"id":"ncei-1972-10047573","year":1972,"month":4,"state":"MS","stateName":"Mississippi","scale":1,"scaleLabel":"F1","lengthMiles":4.7,"deaths":0,"injuries":0}},{"type":"Feature","geometry":{"type":"Point","coordinates":[-90.8,33.7]},"properties":{"id":"ncei-1972-10047577","year":1972,"month":4,"state":"MS","stateName":"Mississippi","scale":2,"scaleLabel":"F2","lengthMiles":8.8,"deaths":0,"injuries":62}},{"type":"Feature","geometry":{"type":"Point","coordinates":[-90.83,33.13]},"properties":{"id":"ncei-1972-10047578","year":1972,"month":4,"state":"MS","stateName":"Mississippi","scale":1,"scaleLabel":"F1","lengthMiles":0.5,"deaths":0,"injuries":0}},{"type":"Feature","geometry":{"type":"Point","coordinates":[-90.58,33.25]},"properties":{"id":"ncei-1972-10047579","year":1972,"month":4,"state":"MS","stateName":"Mississippi","scale":2,"scaleLabel":"F2","lengthMiles":0.8,"deaths":0,"injuries":0}},{"type":"Feature","geometry":{"type":"Point","coordinates":[-90.43,33.32]},"properties":{"id":"ncei-1972-10047580","year":1972,"month":4,"state":"MS","stateName":"Mississippi","scale":3,"scaleLabel":"F3","lengthMiles":12.8,"deaths":0,"injuries":0}},{"type":"Feature","geometry":{"type":"Point","coordinates":[-90.47,31.42]},"properties":{"id":"ncei-1972-10047583","year":1972,"month":4,"state":"MS","stateName":"Mississippi","scale":3,"scaleLabel":"F3","lengthMiles":9.1,"deaths":0,"injuries":0}},{"type":"Feature","geometry":{"type":"Point","coordinates":[-89.72,31.63]},"properties":{"id":"ncei-1972-10047586","year":1972,"month":4,"state":"MS","stateName":"Mississippi","scale":2,"scaleLabel":"F2","lengthMiles":11.7,"deaths":0,"injuries":8}},{"type":"Feature","geometry":{"type":"Point","coordinates":[-89.42,30.7]},"properties":{"id":"ncei-1972-10047588","year":1972,"month":5,"state":"MS","stateName":"Mississippi","scale":1,"scaleLabel":"F1","lengthMiles":0.8,"deaths":0,"injuries":0}},{"type":"Feature","geometry":{"type":"Point","coordinates":[-89.53,30.85]},"properties":{"id":"ncei-1972-10047589","year":1972,"month":5,"state":"MS","stateName":"Mississippi","scale":2,"scaleLabel":"F2","lengthMiles":4.3,"deaths":0,"injuries":0}},{"type":"Feature","geometry":{"type":"Point","coordinates":[-89.25,30.25]},"properties":{"id":"ncei-1972-10047590","year":1972,"month":5,"state":"MS","stateName":"Mississippi","scale":1,"scaleLabel":"F1","lengthMiles":8.3,"deaths":0,"injuries":0}},{"type":"Feature","geometry":{"type":"Point","coordinates":[-89.05,30.47]},"properties":{"id":"ncei-1972-10047591","year":1972,"month":5,"state":"MS","stateName":"Mississippi","scale":2,"scaleLabel":"F2","lengthMiles":0.8,"deaths":0,"injuries":0}},{"type":"Feature","geometry":{"type":"Point","coordinates":[-89.08,30.37]},"properties":{"id":"ncei-1972-10047592","year":1972,"month":5,"state":"MS","stateName":"Mississippi","scale":1,"scaleLabel":"F1","lengthMiles":0.8,"deaths":0,"injuries":2}},{"type":"Feature","geometry":{"type":"Point","coordinates":[-89.08,30.5]},"properties":{"id":"ncei-1972-10047593","year":1972,"month":5,"state":"MS","stateName":"Mississippi","scale":1,"scaleLabel":"F1","lengthMiles":0.8,"deaths":0,"injuries":0}},{"type":"Feature","geometry":{"type":"Point","coordinates":[-89.08,30.4]},"properties":{"id":"ncei-1972-10047594","year":1972,"month":5,"state":"MS","stateName":"Mississippi","scale":1,"scaleLabel":"F1","lengthMiles":0.8,"deaths":0,"injuries":0}},{"type":"Feature","geometry":{"type":"Point","coordinates":[-89.33,30.3]},"properties":{"id":"ncei-1972-10047595","year":1972,"month":5,"state":"MS","stateName":"Mississippi","scale":2,"scaleLabel":"F2","lengthMiles":3.3,"deaths":0,"injuries":1}},{"type":"Feature","geometry":{"type":"Point","coordinates":[-89.3,30.33]},"properties":{"id":"ncei-1972-10047596","year":1972,"month":5,"state":"MS","stateName":"Mississippi","scale":2,"scaleLabel":"F2","lengthMiles":4.3,"deaths":0,"injuries":0}},{"type":"Feature","geometry":{"type":"Point","coordinates":[-89.25,30.35]},"properties":{"id":"ncei-1972-10047597","year":1972,"month":5,"state":"MS","stateName":"Mississippi","scale":2,"scaleLabel":"F2","lengthMiles":1.2,"deaths":0,"injuries":0}},{"type":"Feature","geometry":{"type":"Point","coordinates":[-89.77,33.03]},"properties":{"id":"ncei-1972-10047622","year":1972,"month":6,"state":"MS","stateName":"Mississippi","scale":1,"scaleLabel":"F1","lengthMiles":0.5,"deaths":0,"injuries":3}},{"type":"Feature","geometry":{"type":"Point","coordinates":[-88.97,34.72]},"properties":{"id":"ncei-1972-10048412","year":1972,"month":9,"state":"MS","stateName":"Mississippi","scale":3,"scaleLabel":"F3","lengthMiles":14.6,"deaths":0,"injuries":0}},{"type":"Feature","geometry":{"type":"Point","coordinates":[-88.72,34.67]},"properties":{"id":"ncei-1972-10048413","year":1972,"month":9,"state":"MS","stateName":"Mississippi","scale":3,"scaleLabel":"F3","lengthMiles":5.1,"deaths":0,"injuries":1}},{"type":"Feature","geometry":{"type":"Point","coordinates":[-88.63,34.65]},"properties":{"id":"ncei-1972-10048414","year":1972,"month":9,"state":"MS","stateName":"Mississippi","scale":3,"scaleLabel":"F3","lengthMiles":17.1,"deaths":0,"injuries":0}},{"type":"Feature","geometry":{"type":"Point","coordinates":[-88.33,34.65]},"properties":{"id":"ncei-1972-10048415","year":1972,"month":9,"state":"MS","stateName":"Mississippi","scale":3,"scaleLabel":"F3","lengthMiles":8.7,"deaths":0,"injuries":3}},{"type":"Feature","geometry":{"type":"Point","coordinates":[-89.48,32.05]},"properties":{"id":"ncei-1972-10048417","year":1972,"month":11,"state":"MS","stateName":"Mississippi","scale":1,"scaleLabel":"F1","lengthMiles":0.5,"deaths":0,"injuries":0}},{"type":"Feature","geometry":{"type":"Point","coordinates":[-89.42,31.13]},"properties":{"id":"ncei-1972-10048418","year":1972,"month":11,"state":"MS","stateName":"Mississippi","scale":2,"scaleLabel":"F2","lengthMiles":0.8,"deaths":0,"injuries":0}},{"type":"Feature","geometry":{"type":"Point","coordinates":[-90.65,31.13]},"properties":{"id":"ncei-1972-10048419","year":1972,"month":12,"state":"MS","stateName":"Mississippi","scale":1,"scaleLabel":"F1","lengthMiles":1,"deaths":0,"injuries":0}},{"type":"Feature","geometry":{"type":"Point","coordinates":[-90.88,31.35]},"properties":{"id":"ncei-1972-10049800","year":1972,"month":1,"state":"MS","stateName":"Mississippi","scale":2,"scaleLabel":"F2","lengthMiles":1.2,"deaths":0,"injuries":0}},{"type":"Feature","geometry":{"type":"Point","coordinates":[-89.92,31.73]},"properties":{"id":"ncei-1972-10049801","year":1972,"month":1,"state":"MS","stateName":"Mississippi","scale":2,"scaleLabel":"F2","lengthMiles":2,"deaths":0,"injuries":0}},{"type":"Feature","geometry":{"type":"Point","coordinates":[-89.28,31.87]},"properties":{"id":"ncei-1972-10049802","year":1972,"month":1,"state":"MS","stateName":"Mississippi","scale":3,"scaleLabel":"F3","lengthMiles":18.2,"deaths":0,"injuries":1}},{"type":"Feature","geometry":{"type":"Point","coordinates":[-88.83,32.03]},"properties":{"id":"ncei-1972-10049803","year":1972,"month":1,"state":"MS","stateName":"Mississippi","scale":1,"scaleLabel":"F1","lengthMiles":0.5,"deaths":0,"injuries":1}},{"type":"Feature","geometry":{"type":"Point","coordinates":[-88.73,32.02]},"properties":{"id":"ncei-1972-10049804","year":1972,"month":1,"state":"MS","stateName":"Mississippi","scale":1,"scaleLabel":"F1","lengthMiles":1,"deaths":0,"injuries":0}},{"type":"Feature","geometry":{"type":"Point","coordinates":[-89.72,31.83]},"properties":{"id":"ncei-1972-10049805","year":1972,"month":1,"state":"MS","stateName":"Mississippi","scale":2,"scaleLabel":"F2","lengthMiles":10.9,"deaths":0,"injuries":0}},{"type":"Feature","geometry":{"type":"Point","coordinates":[-89.17,31.7]},"properties":{"id":"ncei-1972-10049806","year":1972,"month":1,"state":"MS","stateName":"Mississippi","scale":3,"scaleLabel":"F3","lengthMiles":13.5,"deaths":0,"injuries":12}},{"type":"Feature","geometry":{"type":"Point","coordinates":[-88.95,31.77]},"properties":{"id":"ncei-1972-10049807","year":1972,"month":1,"state":"MS","stateName":"Mississippi","scale":3,"scaleLabel":"F3","lengthMiles":10.1,"deaths":0,"injuries":0}},{"type":"Feature","geometry":{"type":"Point","coordinates":[-89.13,31.52]},"properties":{"id":"ncei-1972-10049814","year":1972,"month":3,"state":"MS","stateName":"Mississippi","scale":1,"scaleLabel":"F1","lengthMiles":4.3,"deaths":0,"injuries":0}},{"type":"Feature","geometry":{"type":"Point","coordinates":[-89.43,30.3]},"properties":{"id":"ncei-1972-10049815","year":1972,"month":3,"state":"MS","stateName":"Mississippi","scale":2,"scaleLabel":"F2","lengthMiles":4.1,"deaths":0,"injuries":2}},{"type":"Feature","geometry":{"type":"Point","coordinates":[-89.58,32.93]},"properties":{"id":"ncei-1972-10049817","year":1972,"month":3,"state":"MS","stateName":"Mississippi","scale":1,"scaleLabel":"F1","lengthMiles":0.2,"deaths":0,"injuries":0}},{"type":"Feature","geometry":{"type":"Point","coordinates":[-94.25,43.88]},"properties":{"id":"ncei-1972-10054579","year":1972,"month":5,"state":"MN","stateName":"Minnesota","scale":0,"scaleLabel":"F0","lengthMiles":0.1,"deaths":0,"injuries":0}},{"type":"Feature","geometry":{"type":"Point","coordinates":[-94.97,45.25]},"properties":{"id":"ncei-1972-10054584","year":1972,"month":6,"state":"MN","stateName":"Minnesota","scale":0,"scaleLabel":"F0","lengthMiles":0.3,"deaths":0,"injuries":0}},{"type":"Feature","geometry":{"type":"Point","coordinates":[-96.05,47.3]},"properties":{"id":"ncei-1972-10054590","year":1972,"month":7,"state":"MN","stateName":"Minnesota","scale":0,"scaleLabel":"F0","lengthMiles":0.3,"deaths":0,"injuries":0}},{"type":"Feature","geometry":{"type":"Point","coordinates":[-94.52,46.22]},"properties":{"id":"ncei-1972-10054595","year":1972,"month":7,"state":"MN","stateName":"Minnesota","scale":0,"scaleLabel":"F0","lengthMiles":0.1,"deaths":0,"injuries":0}},{"type":"Feature","geometry":{"type":"Point","coordinates":[-94.2,46.62]},"properties":{"id":"ncei-1972-10054598","year":1972,"month":7,"state":"MN","stateName":"Minnesota","scale":0,"scaleLabel":"F0","lengthMiles":0.1,"deaths":0,"injuries":0}},{"type":"Feature","geometry":{"type":"Point","coordinates":[-90.27,37.58]},"properties":{"id":"ncei-1972-10055953","year":1972,"month":3,"state":"MO","stateName":"Missouri","scale":1,"scaleLabel":"F1","lengthMiles":0.1,"deaths":0,"injuries":0}},{"type":"Feature","geometry":{"type":"Point","coordinates":[-93.87,36.67]},"properties":{"id":"ncei-1972-10055963","year":1972,"month":4,"state":"MO","stateName":"Missouri","scale":2,"scaleLabel":"F2","lengthMiles":0.9,"deaths":0,"injuries":7}},{"type":"Feature","geometry":{"type":"Point","coordinates":[-93.57,37.92]},"properties":{"id":"ncei-1972-10055969","year":1972,"month":4,"state":"MO","stateName":"Missouri","scale":1,"scaleLabel":"F1","lengthMiles":2.7,"deaths":0,"injuries":0}},{"type":"Feature","geometry":{"type":"Point","coordinates":[-93.52,37.93]},"properties":{"id":"ncei-1972-10055970","year":1972,"month":4,"state":"MO","stateName":"Missouri","scale":1,"scaleLabel":"F1","lengthMiles":2.7,"deaths":0,"injuries":1}},{"type":"Feature","geometry":{"type":"Point","coordinates":[-90.73,37.35]},"properties":{"id":"ncei-1972-10055983","year":1972,"month":4,"state":"MO","stateName":"Missouri","scale":2,"scaleLabel":"F2","lengthMiles":5.7,"deaths":0,"injuries":4}},{"type":"Feature","geometry":{"type":"Point","coordinates":[-90.63,37.38]},"properties":{"id":"ncei-1972-10055984","year":1972,"month":4,"state":"MO","stateName":"Missouri","scale":2,"scaleLabel":"F2","lengthMiles":5.1,"deaths":0,"injuries":0}},{"type":"Feature","geometry":{"type":"Point","coordinates":[-90.55,37.42]},"properties":{"id":"ncei-1972-10055985","year":1972,"month":4,"state":"MO","stateName":"Missouri","scale":2,"scaleLabel":"F2","lengthMiles":15.2,"deaths":0,"injuries":0}},{"type":"Feature","geometry":{"type":"Point","coordinates":[-93.45,38.78]},"properties":{"id":"ncei-1972-10056775","year":1972,"month":4,"state":"MO","stateName":"Missouri","scale":0,"scaleLabel":"F0","lengthMiles":0.1,"deaths":0,"injuries":0}},{"type":"Feature","geometry":{"type":"Point","coordinates":[-94.12,38.25]},"properties":{"id":"ncei-1972-10057013","year":1972,"month":7,"state":"MO","stateName":"Missouri","scale":0,"scaleLabel":"F0","lengthMiles":2.7,"deaths":0,"injuries":0}},{"type":"Feature","geometry":{"type":"Point","coordinates":[-94.03,38.03]},"properties":{"id":"ncei-1972-10057021","year":1972,"month":7,"state":"MO","stateName":"Missouri","scale":1,"scaleLabel":"F1","lengthMiles":3.6,"deaths":0,"injuries":1}},{"type":"Feature","geometry":{"type":"Point","coordinates":[-92.55,38.57]},"properties":{"id":"ncei-1972-10057035","year":1972,"month":9,"state":"MO","stateName":"Missouri","scale":0,"scaleLabel":"F0","lengthMiles":0.1,"deaths":0,"injuries":0}},{"type":"Feature","geometry":{"type":"Point","coordinates":[-92.23,38.77]},"properties":{"id":"ncei-1972-10057036","year":1972,"month":9,"state":"MO","stateName":"Missouri","scale":1,"scaleLabel":"F1","lengthMiles":0.1,"deaths":0,"injuries":0}},{"type":"Feature","geometry":{"type":"Point","coordinates":[-94.05,36.65]},"properties":{"id":"ncei-1972-10057046","year":1972,"month":12,"state":"MO","stateName":"Missouri","scale":2,"scaleLabel":"F2","lengthMiles":3.8,"deaths":0,"injuries":2}},{"type":"Feature","geometry":{"type":"Point","coordinates":[-94.75,39.88]},"properties":{"id":"ncei-1972-10057049","year":1972,"month":12,"state":"MO","stateName":"Missouri","scale":1,"scaleLabel":"F1","lengthMiles":2,"deaths":0,"injuries":0}},{"type":"Feature","geometry":{"type":"Point","coordinates":[-97.62,41.82]},"properties":{"id":"ncei-1972-10064820","year":1972,"month":7,"state":"NE","stateName":"Nebraska","scale":0,"scaleLabel":"F0","lengthMiles":0.3,"deaths":0,"injuries":0}},{"type":"Feature","geometry":{"type":"Point","coordinates":[-98.37,41.3]},"properties":{"id":"ncei-1972-10064839","year":1972,"month":7,"state":"NE","stateName":"Nebraska","scale":1,"scaleLabel":"F1","lengthMiles":14,"deaths":0,"injuries":0}},{"type":"Feature","geometry":{"type":"Point","coordinates":[-99.6,41.48]},"properties":{"id":"ncei-1972-10064840","year":1972,"month":7,"state":"NE","stateName":"Nebraska","scale":3,"scaleLabel":"F3","lengthMiles":32.8,"deaths":0,"injuries":0}},{"type":"Feature","geometry":{"type":"Point","coordinates":[-98.93,41.5]},"properties":{"id":"ncei-1972-10064841","year":1972,"month":7,"state":"NE","stateName":"Nebraska","scale":2,"scaleLabel":"F2","lengthMiles":0,"deaths":0,"injuries":0}},{"type":"Feature","geometry":{"type":"Point","coordinates":[-97.67,41.85]},"properties":{"id":"ncei-1972-10064842","year":1972,"month":7,"state":"NE","stateName":"Nebraska","scale":2,"scaleLabel":"F2","lengthMiles":0.3,"deaths":0,"injuries":0}},{"type":"Feature","geometry":{"type":"Point","coordinates":[-99.07,40.77]},"properties":{"id":"ncei-1972-10064844","year":1972,"month":7,"state":"NE","stateName":"Nebraska","scale":1,"scaleLabel":"F1","lengthMiles":0,"deaths":0,"injuries":0}},{"type":"Feature","geometry":{"type":"Point","coordinates":[-98.88,40.78]},"properties":{"id":"ncei-1972-10064846","year":1972,"month":7,"state":"NE","stateName":"Nebraska","scale":0,"scaleLabel":"F0","lengthMiles":0.1,"deaths":0,"injuries":0}},{"type":"Feature","geometry":{"type":"Point","coordinates":[-103.57,42.32]},"properties":{"id":"ncei-1972-10064847","year":1972,"month":7,"state":"NE","stateName":"Nebraska","scale":0,"scaleLabel":"F0","lengthMiles":0.1,"deaths":0,"injuries":0}},{"type":"Feature","geometry":{"type":"Point","coordinates":[-101.53,42.62]},"properties":{"id":"ncei-1972-10064848","year":1972,"month":7,"state":"NE","stateName":"Nebraska","scale":2,"scaleLabel":"F2","lengthMiles":1,"deaths":0,"injuries":0}},{"type":"Feature","geometry":{"type":"Point","coordinates":[-101,41.2]},"properties":{"id":"ncei-1972-10064850","year":1972,"month":7,"state":"NE","stateName":"Nebraska","scale":3,"scaleLabel":"F3","lengthMiles":2.3,"deaths":0,"injuries":0}},{"type":"Feature","geometry":{"type":"Point","coordinates":[-97.6,42.5]},"properties":{"id":"ncei-1972-10064851","year":1972,"month":8,"state":"NE","stateName":"Nebraska","scale":0,"scaleLabel":"F0","lengthMiles":0.1,"deaths":0,"injuries":0}},{"type":"Feature","geometry":{"type":"Point","coordinates":[-98.75,42.22]},"properties":{"id":"ncei-1972-10068229","year":1972,"month":5,"state":"NE","stateName":"Nebraska","scale":0,"scaleLabel":"F0","lengthMiles":2.3,"deaths":0,"injuries":0}},{"type":"Feature","geometry":{"type":"Point","coordinates":[-98.75,42.22]},"properties":{"id":"ncei-1972-10068230","year":1972,"month":5,"state":"NE","stateName":"Nebraska","scale":1,"scaleLabel":"F1","lengthMiles":2.3,"deaths":0,"injuries":0}},{"type":"Feature","geometry":{"type":"Point","coordinates":[-99.75,40.57]},"properties":{"id":"ncei-1972-10068232","year":1972,"month":5,"state":"NE","stateName":"Nebraska","scale":1,"scaleLabel":"F1","lengthMiles":1,"deaths":0,"injuries":0}},{"type":"Feature","geometry":{"type":"Point","coordinates":[-95.88,40.68]},"properties":{"id":"ncei-1972-10068233","year":1972,"month":5,"state":"NE","stateName":"Nebraska","scale":0,"scaleLabel":"F0","lengthMiles":0.1,"deaths":0,"injuries":0}},{"type":"Feature","geometry":{"type":"Point","coordinates":[-96.03,40.67]},"properties":{"id":"ncei-1972-10068234","year":1972,"month":5,"state":"NE","stateName":"Nebraska","scale":0,"scaleLabel":"F0","lengthMiles":0.1,"deaths":0,"injuries":0}},{"type":"Feature","geometry":{"type":"Point","coordinates":[-98.15,40.7]},"properties":{"id":"ncei-1972-10068235","year":1972,"month":5,"state":"NE","stateName":"Nebraska","scale":0,"scaleLabel":"F0","lengthMiles":0.1,"deaths":0,"injuries":0}},{"type":"Feature","geometry":{"type":"Point","coordinates":[-98,40.78]},"properties":{"id":"ncei-1972-10068236","year":1972,"month":5,"state":"NE","stateName":"Nebraska","scale":0,"scaleLabel":"F0","lengthMiles":0.1,"deaths":0,"injuries":0}},{"type":"Feature","geometry":{"type":"Point","coordinates":[-97.18,41.45]},"properties":{"id":"ncei-1972-10068237","year":1972,"month":5,"state":"NE","stateName":"Nebraska","scale":0,"scaleLabel":"F0","lengthMiles":0.1,"deaths":0,"injuries":0}},{"type":"Feature","geometry":{"type":"Point","coordinates":[-98.67,42.45]},"properties":{"id":"ncei-1972-10068238","year":1972,"month":5,"state":"NE","stateName":"Nebraska","scale":0,"scaleLabel":"F0","lengthMiles":0.1,"deaths":0,"injuries":0}},{"type":"Feature","geometry":{"type":"Point","coordinates":[-96.78,42.73]},"properties":{"id":"ncei-1972-10068239","year":1972,"month":5,"state":"NE","stateName":"Nebraska","scale":0,"scaleLabel":"F0","lengthMiles":0.1,"deaths":0,"injuries":0}},{"type":"Feature","geometry":{"type":"Point","coordinates":[-97.17,41.35]},"properties":{"id":"ncei-1972-10068240","year":1972,"month":5,"state":"NE","stateName":"Nebraska","scale":0,"scaleLabel":"F0","lengthMiles":0.1,"deaths":0,"injuries":0}},{"type":"Feature","geometry":{"type":"Point","coordinates":[-96.78,40.3]},"properties":{"id":"ncei-1972-10068241","year":1972,"month":5,"state":"NE","stateName":"Nebraska","scale":0,"scaleLabel":"F0","lengthMiles":0.1,"deaths":0,"injuries":0}},{"type":"Feature","geometry":{"type":"Point","coordinates":[-97.32,41.23]},"properties":{"id":"ncei-1972-10068242","year":1972,"month":5,"state":"NE","stateName":"Nebraska","scale":0,"scaleLabel":"F0","lengthMiles":0.1,"deaths":0,"injuries":0}},{"type":"Feature","geometry":{"type":"Point","coordinates":[-96.53,40.87]},"properties":{"id":"ncei-1972-10068244","year":1972,"month":5,"state":"NE","stateName":"Nebraska","scale":0,"scaleLabel":"F0","lengthMiles":0.5,"deaths":0,"injuries":0}},{"type":"Feature","geometry":{"type":"Point","coordinates":[-96.67,41.62]},"properties":{"id":"ncei-1972-10068245","year":1972,"month":5,"state":"NE","stateName":"Nebraska","scale":0,"scaleLabel":"F0","lengthMiles":0.1,"deaths":0,"injuries":0}},{"type":"Feature","geometry":{"type":"Point","coordinates":[-95.9,41.32]},"properties":{"id":"ncei-1972-10068248","year":1972,"month":6,"state":"NE","stateName":"Nebraska","scale":0,"scaleLabel":"F0","lengthMiles":0.1,"deaths":0,"injuries":0}},{"type":"Feature","geometry":{"type":"Point","coordinates":[-97.72,40.77]},"properties":{"id":"ncei-1972-10068250","year":1972,"month":6,"state":"NE","stateName":"Nebraska","scale":0,"scaleLabel":"F0","lengthMiles":0,"deaths":0,"injuries":0}},{"type":"Feature","geometry":{"type":"Point","coordinates":[-98.25,40.82]},"properties":{"id":"ncei-1972-10068253","year":1972,"month":6,"state":"NE","stateName":"Nebraska","scale":1,"scaleLabel":"F1","lengthMiles":0.3,"deaths":0,"injuries":0}},{"type":"Feature","geometry":{"type":"Point","coordinates":[-98.1,40.68]},"properties":{"id":"ncei-1972-10068259","year":1972,"month":6,"state":"NE","stateName":"Nebraska","scale":0,"scaleLabel":"F0","lengthMiles":0.1,"deaths":0,"injuries":0}},{"type":"Feature","geometry":{"type":"Point","coordinates":[-106.42,48.93]},"properties":{"id":"ncei-1972-10073520","year":1972,"month":6,"state":"MT","stateName":"Montana","scale":1,"scaleLabel":"F1","lengthMiles":3.6,"deaths":0,"injuries":0}},{"type":"Feature","geometry":{"type":"Point","coordinates":[-106.4,48.68]},"properties":{"id":"ncei-1972-10073521","year":1972,"month":6,"state":"MT","stateName":"Montana","scale":2,"scaleLabel":"F2","lengthMiles":0.3,"deaths":0,"injuries":0}},{"type":"Feature","geometry":{"type":"Point","coordinates":[-104.82,47.72]},"properties":{"id":"ncei-1972-10073522","year":1972,"month":6,"state":"MT","stateName":"Montana","scale":2,"scaleLabel":"F2","lengthMiles":9.1,"deaths":0,"injuries":0}},{"type":"Feature","geometry":{"type":"Point","coordinates":[-105.82,48.77]},"properties":{"id":"ncei-1972-10073523","year":1972,"month":6,"state":"MT","stateName":"Montana","scale":1,"scaleLabel":"F1","lengthMiles":10.4,"deaths":0,"injuries":0}},{"type":"Feature","geometry":{"type":"Point","coordinates":[-78.52,42.73]},"properties":{"id":"ncei-1972-10073886","year":1972,"month":5,"state":"NY","stateName":"New York","scale":2,"scaleLabel":"F2","lengthMiles":12,"deaths":0,"injuries":0}},{"type":"Feature","geometry":{"type":"Point","coordinates":[-76.43,43.47]},"properties":{"id":"ncei-1972-10073887","year":1972,"month":5,"state":"NY","stateName":"New York","scale":0,"scaleLabel":"F0","lengthMiles":0.3,"deaths":0,"injuries":0}},{"type":"Feature","geometry":{"type":"Point","coordinates":[-74.77,41.75]},"properties":{"id":"ncei-1972-10073889","year":1972,"month":6,"state":"NY","stateName":"New York","scale":2,"scaleLabel":"F2","lengthMiles":0.3,"deaths":0,"injuries":2}},{"type":"Feature","geometry":{"type":"Point","coordinates":[-73.27,43.52]},"properties":{"id":"ncei-1972-10073890","year":1972,"month":7,"state":"NY","stateName":"New York","scale":0,"scaleLabel":"F0","lengthMiles":0,"deaths":0,"injuries":0}},{"type":"Feature","geometry":{"type":"Point","coordinates":[-77.23,42.18]},"properties":{"id":"ncei-1972-10073897","year":1972,"month":8,"state":"NY","stateName":"New York","scale":1,"scaleLabel":"F1","lengthMiles":0,"deaths":1,"injuries":2}},{"type":"Feature","geometry":{"type":"Point","coordinates":[-75.23,44.47]},"properties":{"id":"ncei-1972-10073898","year":1972,"month":8,"state":"NY","stateName":"New York","scale":1,"scaleLabel":"F1","lengthMiles":4.9,"deaths":0,"injuries":0}},{"type":"Feature","geometry":{"type":"Point","coordinates":[-71.6,43.32]},"properties":{"id":"ncei-1972-10079162","year":1972,"month":5,"state":"NH","stateName":"New Hampshire","scale":1,"scaleLabel":"F1","lengthMiles":0.1,"deaths":0,"injuries":0}},{"type":"Feature","geometry":{"type":"Point","coordinates":[-71.43,43.53]},"properties":{"id":"ncei-1972-10079163","year":1972,"month":5,"state":"NH","stateName":"New Hampshire","scale":1,"scaleLabel":"F1","lengthMiles":1,"deaths":0,"injuries":0}},{"type":"Feature","geometry":{"type":"Point","coordinates":[-71.43,43.42]},"properties":{"id":"ncei-1972-10079164","year":1972,"month":7,"state":"NH","stateName":"New Hampshire","scale":2,"scaleLabel":"F2","lengthMiles":1,"deaths":0,"injuries":7}},{"type":"Feature","geometry":{"type":"Point","coordinates":[-71.43,42.75]},"properties":{"id":"ncei-1972-10079165","year":1972,"month":7,"state":"NH","stateName":"New Hampshire","scale":1,"scaleLabel":"F1","lengthMiles":0.9,"deaths":0,"injuries":0}},{"type":"Feature","geometry":{"type":"Point","coordinates":[-72,43.65]},"properties":{"id":"ncei-1972-10079167","year":1972,"month":7,"state":"NH","stateName":"New Hampshire","scale":1,"scaleLabel":"F1","lengthMiles":0.5,"deaths":0,"injuries":0}},{"type":"Feature","geometry":{"type":"Point","coordinates":[-72.15,43.65]},"properties":{"id":"ncei-1972-10079168","year":1972,"month":7,"state":"NH","stateName":"New Hampshire","scale":1,"scaleLabel":"F1","lengthMiles":7,"deaths":0,"injuries":0}},{"type":"Feature","geometry":{"type":"Point","coordinates":[-71.2,43.88]},"properties":{"id":"ncei-1972-10079169","year":1972,"month":8,"state":"NH","stateName":"New Hampshire","scale":1,"scaleLabel":"F1","lengthMiles":0,"deaths":0,"injuries":0}},{"type":"Feature","geometry":{"type":"Point","coordinates":[-71.3,43.68]},"properties":{"id":"ncei-1972-10079170","year":1972,"month":8,"state":"NH","stateName":"New Hampshire","scale":0,"scaleLabel":"F0","lengthMiles":0.5,"deaths":0,"injuries":0}},{"type":"Feature","geometry":{"type":"Point","coordinates":[-103.33,34.27]},"properties":{"id":"ncei-1972-10081781","year":1972,"month":5,"state":"NM","stateName":"New Mexico","scale":2,"scaleLabel":"F2","lengthMiles":0,"deaths":0,"injuries":0}},{"type":"Feature","geometry":{"type":"Point","coordinates":[-103.33,35.77]},"properties":{"id":"ncei-1972-10081782","year":1972,"month":5,"state":"NM","stateName":"New Mexico","scale":0,"scaleLabel":"F0","lengthMiles":0,"deaths":0,"injuries":0}},{"type":"Feature","geometry":{"type":"Point","coordinates":[-103.33,35.77]},"properties":{"id":"ncei-1972-10081783","year":1972,"month":5,"state":"NM","stateName":"New Mexico","scale":0,"scaleLabel":"F0","lengthMiles":0,"deaths":0,"injuries":0}},{"type":"Feature","geometry":{"type":"Point","coordinates":[-103.33,35.77]},"properties":{"id":"ncei-1972-10081784","year":1972,"month":5,"state":"NM","stateName":"New Mexico","scale":0,"scaleLabel":"F0","lengthMiles":0,"deaths":0,"injuries":0}},{"type":"Feature","geometry":{"type":"Point","coordinates":[-103.33,35.77]},"properties":{"id":"ncei-1972-10081785","year":1972,"month":5,"state":"NM","stateName":"New Mexico","scale":1,"scaleLabel":"F1","lengthMiles":3.6,"deaths":0,"injuries":0}},{"type":"Feature","geometry":{"type":"Point","coordinates":[-103.07,35.82]},"properties":{"id":"ncei-1972-10081786","year":1972,"month":5,"state":"NM","stateName":"New Mexico","scale":2,"scaleLabel":"F2","lengthMiles":2.5,"deaths":0,"injuries":0}},{"type":"Feature","geometry":{"type":"Point","coordinates":[-104.5,33.47]},"properties":{"id":"ncei-1972-10081787","year":1972,"month":5,"state":"NM","stateName":"New Mexico","scale":0,"scaleLabel":"F0","lengthMiles":0,"deaths":0,"injuries":0}},{"type":"Feature","geometry":{"type":"Point","coordinates":[-103.37,34.22]},"properties":{"id":"ncei-1972-10081792","year":1972,"month":6,"state":"NM","stateName":"New Mexico","scale":0,"scaleLabel":"F0","lengthMiles":0,"deaths":0,"injuries":0}},{"type":"Feature","geometry":{"type":"Point","coordinates":[-103.22,33.1]},"properties":{"id":"ncei-1972-10081794","year":1972,"month":6,"state":"NM","stateName":"New Mexico","scale":2,"scaleLabel":"F2","lengthMiles":0,"deaths":0,"injuries":0}},{"type":"Feature","geometry":{"type":"Point","coordinates":[-106.08,35.38]},"properties":{"id":"ncei-1972-10081795","year":1972,"month":6,"state":"NM","stateName":"New Mexico","scale":0,"scaleLabel":"F0","lengthMiles":0,"deaths":0,"injuries":0}},{"type":"Feature","geometry":{"type":"Point","coordinates":[-105.67,33.42]},"properties":{"id":"ncei-1972-10081796","year":1972,"month":6,"state":"NM","stateName":"New Mexico","scale":1,"scaleLabel":"F1","lengthMiles":6.1,"deaths":0,"injuries":0}},{"type":"Feature","geometry":{"type":"Point","coordinates":[-104.4,33]},"properties":{"id":"ncei-1972-10081797","year":1972,"month":6,"state":"NM","stateName":"New Mexico","scale":0,"scaleLabel":"F0","lengthMiles":0,"deaths":0,"injuries":0}},{"type":"Feature","geometry":{"type":"Point","coordinates":[-103.22,34.82]},"properties":{"id":"ncei-1972-10081799","year":1972,"month":7,"state":"NM","stateName":"New Mexico","scale":0,"scaleLabel":"F0","lengthMiles":2,"deaths":0,"injuries":0}},{"type":"Feature","geometry":{"type":"Point","coordinates":[-104.02,34.7]},"properties":{"id":"ncei-1972-10081801","year":1972,"month":7,"state":"NM","stateName":"New Mexico","scale":1,"scaleLabel":"F1","lengthMiles":0,"deaths":0,"injuries":0}},{"type":"Feature","geometry":{"type":"Point","coordinates":[-103.45,35.35]},"properties":{"id":"ncei-1972-10081806","year":1972,"month":7,"state":"NM","stateName":"New Mexico","scale":1,"scaleLabel":"F1","lengthMiles":3.8,"deaths":0,"injuries":1}},{"type":"Feature","geometry":{"type":"Point","coordinates":[-106.32,32.02]},"properties":{"id":"ncei-1972-10081809","year":1972,"month":7,"state":"NM","stateName":"New Mexico","scale":0,"scaleLabel":"F0","lengthMiles":3.6,"deaths":0,"injuries":0}},{"type":"Feature","geometry":{"type":"Point","coordinates":[-103.3,34.6]},"properties":{"id":"ncei-1972-10081811","year":1972,"month":7,"state":"NM","stateName":"New Mexico","scale":0,"scaleLabel":"F0","lengthMiles":0,"deaths":0,"injuries":0}},{"type":"Feature","geometry":{"type":"Point","coordinates":[-106.75,31.88]},"properties":{"id":"ncei-1972-10081818","year":1972,"month":9,"state":"NM","stateName":"New Mexico","scale":0,"scaleLabel":"F0","lengthMiles":0,"deaths":0,"injuries":0}},{"type":"Feature","geometry":{"type":"Point","coordinates":[-103.17,46.37]},"properties":{"id":"ncei-1972-10083485","year":1972,"month":5,"state":"ND","stateName":"North Dakota","scale":1,"scaleLabel":"F1","lengthMiles":15.5,"deaths":0,"injuries":0}},{"type":"Feature","geometry":{"type":"Point","coordinates":[-97.53,46.68]},"properties":{"id":"ncei-1972-10083490","year":1972,"month":5,"state":"ND","stateName":"North Dakota","scale":1,"scaleLabel":"F1","lengthMiles":2,"deaths":0,"injuries":0}},{"type":"Feature","geometry":{"type":"Point","coordinates":[-98.45,48.4]},"properties":{"id":"ncei-1972-10083491","year":1972,"month":6,"state":"ND","stateName":"North Dakota","scale":0,"scaleLabel":"F0","lengthMiles":0.5,"deaths":0,"injuries":0}},{"type":"Feature","geometry":{"type":"Point","coordinates":[-102.95,46.78]},"properties":{"id":"ncei-1972-10083492","year":1972,"month":6,"state":"ND","stateName":"North Dakota","scale":0,"scaleLabel":"F0","lengthMiles":3.6,"deaths":0,"injuries":0}},{"type":"Feature","geometry":{"type":"Point","coordinates":[-100.35,48.93]},"properties":{"id":"ncei-1972-10083495","year":1972,"month":6,"state":"ND","stateName":"North Dakota","scale":2,"scaleLabel":"F2","lengthMiles":2,"deaths":0,"injuries":1}},{"type":"Feature","geometry":{"type":"Point","coordinates":[-97.63,46]},"properties":{"id":"ncei-1972-10083497","year":1972,"month":6,"state":"ND","stateName":"North Dakota","scale":1,"scaleLabel":"F1","lengthMiles":4.3,"deaths":0,"injuries":0}},{"type":"Feature","geometry":{"type":"Point","coordinates":[-98.93,48.45]},"properties":{"id":"ncei-1972-10083499","year":1972,"month":7,"state":"ND","stateName":"North Dakota","scale":0,"scaleLabel":"F0","lengthMiles":0.3,"deaths":0,"injuries":0}},{"type":"Feature","geometry":{"type":"Point","coordinates":[-98.78,47.57]},"properties":{"id":"ncei-1972-10083503","year":1972,"month":7,"state":"ND","stateName":"North Dakota","scale":2,"scaleLabel":"F2","lengthMiles":2.3,"deaths":0,"injuries":0}},{"type":"Feature","geometry":{"type":"Point","coordinates":[-98.43,48.98]},"properties":{"id":"ncei-1972-10083506","year":1972,"month":8,"state":"ND","stateName":"North Dakota","scale":0,"scaleLabel":"F0","lengthMiles":5.1,"deaths":0,"injuries":0}},{"type":"Feature","geometry":{"type":"Point","coordinates":[-84.2,41.5]},"properties":{"id":"ncei-1972-10087041","year":1972,"month":6,"state":"OH","stateName":"Ohio","scale":0,"scaleLabel":"F0","lengthMiles":0.1,"deaths":1,"injuries":0}},{"type":"Feature","geometry":{"type":"Point","coordinates":[-81.93,40.78]},"properties":{"id":"ncei-1972-10087044","year":1972,"month":7,"state":"OH","stateName":"Ohio","scale":1,"scaleLabel":"F1","lengthMiles":1.8,"deaths":0,"injuries":0}},{"type":"Feature","geometry":{"type":"Point","coordinates":[-82.37,41.43]},"properties":{"id":"ncei-1972-10087047","year":1972,"month":7,"state":"OH","stateName":"Ohio","scale":1,"scaleLabel":"F1","lengthMiles":1.5,"deaths":0,"injuries":0}},{"type":"Feature","geometry":{"type":"Point","coordinates":[-82.37,41.43]},"properties":{"id":"ncei-1972-10087048","year":1972,"month":7,"state":"OH","stateName":"Ohio","scale":1,"scaleLabel":"F1","lengthMiles":0,"deaths":0,"injuries":0}},{"type":"Feature","geometry":{"type":"Point","coordinates":[-82.35,41.43]},"properties":{"id":"ncei-1972-10087049","year":1972,"month":8,"state":"OH","stateName":"Ohio","scale":1,"scaleLabel":"F1","lengthMiles":2,"deaths":0,"injuries":0}},{"type":"Feature","geometry":{"type":"Point","coordinates":[-80.9,41.7]},"properties":{"id":"ncei-1972-10087052","year":1972,"month":8,"state":"OH","stateName":"Ohio","scale":1,"scaleLabel":"F1","lengthMiles":1.8,"deaths":0,"injuries":0}},{"type":"Feature","geometry":{"type":"Point","coordinates":[-83.23,41.38]},"properties":{"id":"ncei-1972-10087053","year":1972,"month":8,"state":"OH","stateName":"Ohio","scale":1,"scaleLabel":"F1","lengthMiles":0.1,"deaths":0,"injuries":0}},{"type":"Feature","geometry":{"type":"Point","coordinates":[-82.5,40.9]},"properties":{"id":"ncei-1972-10087054","year":1972,"month":8,"state":"OH","stateName":"Ohio","scale":2,"scaleLabel":"F2","lengthMiles":0.1,"deaths":0,"injuries":0}},{"type":"Feature","geometry":{"type":"Point","coordinates":[-82.37,40.77]},"properties":{"id":"ncei-1972-10087055","year":1972,"month":8,"state":"OH","stateName":"Ohio","scale":1,"scaleLabel":"F1","lengthMiles":2,"deaths":0,"injuries":0}},{"type":"Feature","geometry":{"type":"Point","coordinates":[-82.62,41.03]},"properties":{"id":"ncei-1972-10087056","year":1972,"month":8,"state":"OH","stateName":"Ohio","scale":2,"scaleLabel":"F2","lengthMiles":2.8,"deaths":0,"injuries":0}},{"type":"Feature","geometry":{"type":"Point","coordinates":[-77.52,35.58]},"properties":{"id":"ncei-1972-10089171","year":1972,"month":5,"state":"NC","stateName":"North Carolina","scale":3,"scaleLabel":"F3","lengthMiles":8.5,"deaths":0,"injuries":4}},{"type":"Feature","geometry":{"type":"Point","coordinates":[-77.93,34.2]},"properties":{"id":"ncei-1972-10089177","year":1972,"month":8,"state":"NC","stateName":"North Carolina","scale":0,"scaleLabel":"F0","lengthMiles":0,"deaths":0,"injuries":0}},{"type":"Feature","geometry":{"type":"Point","coordinates":[-76.68,34.75]},"properties":{"id":"ncei-1972-10089179","year":1972,"month":9,"state":"NC","stateName":"North Carolina","scale":0,"scaleLabel":"F0","lengthMiles":0,"deaths":0,"injuries":0}},{"type":"Feature","geometry":{"type":"Point","coordinates":[-77.38,34.75]},"properties":{"id":"ncei-1972-10089180","year":1972,"month":10,"state":"NC","stateName":"North Carolina","scale":2,"scaleLabel":"F2","lengthMiles":0.7,"deaths":0,"injuries":0}},{"type":"Feature","geometry":{"type":"Point","coordinates":[-101.07,36.83]},"properties":{"id":"ncei-1972-10092063","year":1972,"month":7,"state":"OK","stateName":"Oklahoma","scale":1,"scaleLabel":"F1","lengthMiles":0.1,"deaths":0,"injuries":0}},{"type":"Feature","geometry":{"type":"Point","coordinates":[-97.03,36.73]},"properties":{"id":"ncei-1972-10092283","year":1972,"month":8,"state":"OK","stateName":"Oklahoma","scale":1,"scaleLabel":"F1","lengthMiles":0,"deaths":0,"injuries":1}},{"type":"Feature","geometry":{"type":"Point","coordinates":[-94.82,33.88]},"properties":{"id":"ncei-1972-10092286","year":1972,"month":10,"state":"OK","stateName":"Oklahoma","scale":2,"scaleLabel":"F2","lengthMiles":0.5,"deaths":0,"injuries":1}},{"type":"Feature","geometry":{"type":"Point","coordinates":[-94.83,33.9]},"properties":{"id":"ncei-1972-10092287","year":1972,"month":10,"state":"OK","stateName":"Oklahoma","scale":3,"scaleLabel":"F3","lengthMiles":1.5,"deaths":0,"injuries":1}},{"type":"Feature","geometry":{"type":"Point","coordinates":[-97.5,34.9]},"properties":{"id":"ncei-1972-10092288","year":1972,"month":12,"state":"OK","stateName":"Oklahoma","scale":2,"scaleLabel":"F2","lengthMiles":14.5,"deaths":0,"injuries":0}},{"type":"Feature","geometry":{"type":"Point","coordinates":[-95.02,36.5]},"properties":{"id":"ncei-1972-10092289","year":1972,"month":12,"state":"OK","stateName":"Oklahoma","scale":2,"scaleLabel":"F2","lengthMiles":31.2,"deaths":0,"injuries":0}},{"type":"Feature","geometry":{"type":"Point","coordinates":[-95.73,36.27]},"properties":{"id":"ncei-1972-10095749","year":1972,"month":4,"state":"OK","stateName":"Oklahoma","scale":1,"scaleLabel":"F1","lengthMiles":0.1,"deaths":0,"injuries":0}},{"type":"Feature","geometry":{"type":"Point","coordinates":[-95.23,35.93]},"properties":{"id":"ncei-1972-10095750","year":1972,"month":4,"state":"OK","stateName":"Oklahoma","scale":1,"scaleLabel":"F1","lengthMiles":40.8,"deaths":0,"injuries":0}},{"type":"Feature","geometry":{"type":"Point","coordinates":[-95.77,34.92]},"properties":{"id":"ncei-1972-10095755","year":1972,"month":4,"state":"OK","stateName":"Oklahoma","scale":1,"scaleLabel":"F1","lengthMiles":4.9,"deaths":0,"injuries":0}},{"type":"Feature","geometry":{"type":"Point","coordinates":[-99.05,36.05]},"properties":{"id":"ncei-1972-10095756","year":1972,"month":4,"state":"OK","stateName":"Oklahoma","scale":2,"scaleLabel":"F2","lengthMiles":15.5,"deaths":0,"injuries":0}},{"type":"Feature","geometry":{"type":"Point","coordinates":[-98.37,36.8]},"properties":{"id":"ncei-1972-10095757","year":1972,"month":4,"state":"OK","stateName":"Oklahoma","scale":0,"scaleLabel":"F0","lengthMiles":0.1,"deaths":0,"injuries":0}},{"type":"Feature","geometry":{"type":"Point","coordinates":[-97.55,34.38]},"properties":{"id":"ncei-1972-10095759","year":1972,"month":4,"state":"OK","stateName":"Oklahoma","scale":4,"scaleLabel":"F4","lengthMiles":3.3,"deaths":0,"injuries":3}},{"type":"Feature","geometry":{"type":"Point","coordinates":[-97.52,34.42]},"properties":{"id":"ncei-1972-10095761","year":1972,"month":4,"state":"OK","stateName":"Oklahoma","scale":4,"scaleLabel":"F4","lengthMiles":10.5,"deaths":0,"injuries":0}},{"type":"Feature","geometry":{"type":"Point","coordinates":[-97.35,34.48]},"properties":{"id":"ncei-1972-10095763","year":1972,"month":4,"state":"OK","stateName":"Oklahoma","scale":4,"scaleLabel":"F4","lengthMiles":4.3,"deaths":0,"injuries":0}},{"type":"Feature","geometry":{"type":"Point","coordinates":[-97.35,34.5]},"properties":{"id":"ncei-1972-10095764","year":1972,"month":4,"state":"OK","stateName":"Oklahoma","scale":4,"scaleLabel":"F4","lengthMiles":10.1,"deaths":5,"injuries":3}},{"type":"Feature","geometry":{"type":"Point","coordinates":[-96.38,33.93]},"properties":{"id":"ncei-1972-10095767","year":1972,"month":4,"state":"OK","stateName":"Oklahoma","scale":2,"scaleLabel":"F2","lengthMiles":8.9,"deaths":0,"injuries":0}},{"type":"Feature","geometry":{"type":"Point","coordinates":[-96.1,34.5]},"properties":{"id":"ncei-1972-10095768","year":1972,"month":4,"state":"OK","stateName":"Oklahoma","scale":1,"scaleLabel":"F1","lengthMiles":0.1,"deaths":0,"injuries":0}},{"type":"Feature","geometry":{"type":"Point","coordinates":[-100.52,36.82]},"properties":{"id":"ncei-1972-10095769","year":1972,"month":4,"state":"OK","stateName":"Oklahoma","scale":1,"scaleLabel":"F1","lengthMiles":0.1,"deaths":0,"injuries":0}},{"type":"Feature","geometry":{"type":"Point","coordinates":[-99.32,34.77]},"properties":{"id":"ncei-1972-10095771","year":1972,"month":4,"state":"OK","stateName":"Oklahoma","scale":1,"scaleLabel":"F1","lengthMiles":12.8,"deaths":0,"injuries":0}},{"type":"Feature","geometry":{"type":"Point","coordinates":[-97.95,36.9]},"properties":{"id":"ncei-1972-10095773","year":1972,"month":4,"state":"OK","stateName":"Oklahoma","scale":0,"scaleLabel":"F0","lengthMiles":0.1,"deaths":0,"injuries":0}},{"type":"Feature","geometry":{"type":"Point","coordinates":[-95.67,35.45]},"properties":{"id":"ncei-1972-10095776","year":1972,"month":5,"state":"OK","stateName":"Oklahoma","scale":1,"scaleLabel":"F1","lengthMiles":3.6,"deaths":0,"injuries":0}},{"type":"Feature","geometry":{"type":"Point","coordinates":[-99.87,35.2]},"properties":{"id":"ncei-1972-10095777","year":1972,"month":5,"state":"OK","stateName":"Oklahoma","scale":1,"scaleLabel":"F1","lengthMiles":0.1,"deaths":0,"injuries":0}},{"type":"Feature","geometry":{"type":"Point","coordinates":[-99.67,35.02]},"properties":{"id":"ncei-1972-10095778","year":1972,"month":5,"state":"OK","stateName":"Oklahoma","scale":3,"scaleLabel":"F3","lengthMiles":9.5,"deaths":0,"injuries":0}},{"type":"Feature","geometry":{"type":"Point","coordinates":[-99,35.3]},"properties":{"id":"ncei-1972-10095779","year":1972,"month":5,"state":"OK","stateName":"Oklahoma","scale":1,"scaleLabel":"F1","lengthMiles":1.9,"deaths":0,"injuries":0}},{"type":"Feature","geometry":{"type":"Point","coordinates":[-97.17,34.63]},"properties":{"id":"ncei-1972-10095782","year":1972,"month":5,"state":"OK","stateName":"Oklahoma","scale":0,"scaleLabel":"F0","lengthMiles":0.1,"deaths":0,"injuries":0}},{"type":"Feature","geometry":{"type":"Point","coordinates":[-97.02,35.98]},"properties":{"id":"ncei-1972-10095785","year":1972,"month":6,"state":"OK","stateName":"Oklahoma","scale":2,"scaleLabel":"F2","lengthMiles":0,"deaths":0,"injuries":0}},{"type":"Feature","geometry":{"type":"Point","coordinates":[-99.58,35.38]},"properties":{"id":"ncei-1972-10095786","year":1972,"month":6,"state":"OK","stateName":"Oklahoma","scale":1,"scaleLabel":"F1","lengthMiles":0.1,"deaths":0,"injuries":0}},{"type":"Feature","geometry":{"type":"Point","coordinates":[-95.12,36.42]},"properties":{"id":"ncei-1972-10095787","year":1972,"month":6,"state":"OK","stateName":"Oklahoma","scale":1,"scaleLabel":"F1","lengthMiles":0.1,"deaths":0,"injuries":0}},{"type":"Feature","geometry":{"type":"Point","coordinates":[-95.1,36.2]},"properties":{"id":"ncei-1972-10095791","year":1972,"month":6,"state":"OK","stateName":"Oklahoma","scale":1,"scaleLabel":"F1","lengthMiles":0.1,"deaths":0,"injuries":0}},{"type":"Feature","geometry":{"type":"Point","coordinates":[-97.53,35.48]},"properties":{"id":"ncei-1972-10095796","year":1972,"month":6,"state":"OK","stateName":"Oklahoma","scale":0,"scaleLabel":"F0","lengthMiles":0.1,"deaths":0,"injuries":0}},{"type":"Feature","geometry":{"type":"Point","coordinates":[-95.92,36.13]},"properties":{"id":"ncei-1972-10095797","year":1972,"month":6,"state":"OK","stateName":"Oklahoma","scale":0,"scaleLabel":"F0","lengthMiles":1,"deaths":0,"injuries":0}},{"type":"Feature","geometry":{"type":"Point","coordinates":[-94.67,35.07]},"properties":{"id":"ncei-1972-10095801","year":1972,"month":7,"state":"OK","stateName":"Oklahoma","scale":1,"scaleLabel":"F1","lengthMiles":0.1,"deaths":0,"injuries":0}},{"type":"Feature","geometry":{"type":"Point","coordinates":[-97.73,36.83]},"properties":{"id":"ncei-1972-10095802","year":1972,"month":7,"state":"OK","stateName":"Oklahoma","scale":1,"scaleLabel":"F1","lengthMiles":0.1,"deaths":0,"injuries":0}},{"type":"Feature","geometry":{"type":"Point","coordinates":[-122.63,45.6]},"properties":{"id":"ncei-1972-10103800","year":1972,"month":4,"state":"OR","stateName":"Oregon","scale":3,"scaleLabel":"F3","lengthMiles":0,"deaths":0,"injuries":0}},{"type":"Feature","geometry":{"type":"Point","coordinates":[-102.52,44.73]},"properties":{"id":"ncei-1972-10110141","year":1972,"month":5,"state":"SD","stateName":"South Dakota","scale":0,"scaleLabel":"F0","lengthMiles":0,"deaths":0,"injuries":0}},{"type":"Feature","geometry":{"type":"Point","coordinates":[-102.48,44.9]},"properties":{"id":"ncei-1972-10110142","year":1972,"month":5,"state":"SD","stateName":"South Dakota","scale":1,"scaleLabel":"F1","lengthMiles":0,"deaths":0,"injuries":0}},{"type":"Feature","geometry":{"type":"Point","coordinates":[-102.65,44.8]},"properties":{"id":"ncei-1972-10110143","year":1972,"month":5,"state":"SD","stateName":"South Dakota","scale":2,"scaleLabel":"F2","lengthMiles":0,"deaths":0,"injuries":0}},{"type":"Feature","geometry":{"type":"Point","coordinates":[-97.87,44.28]},"properties":{"id":"ncei-1972-10110145","year":1972,"month":5,"state":"SD","stateName":"South Dakota","scale":0,"scaleLabel":"F0","lengthMiles":0,"deaths":0,"injuries":0}},{"type":"Feature","geometry":{"type":"Point","coordinates":[-98.98,44.08]},"properties":{"id":"ncei-1972-10110148","year":1972,"month":5,"state":"SD","stateName":"South Dakota","scale":0,"scaleLabel":"F0","lengthMiles":0,"deaths":0,"injuries":0}},{"type":"Feature","geometry":{"type":"Point","coordinates":[-102.58,45.52]},"properties":{"id":"ncei-1972-10110149","year":1972,"month":5,"state":"SD","stateName":"South Dakota","scale":2,"scaleLabel":"F2","lengthMiles":2,"deaths":0,"injuries":0}},{"type":"Feature","geometry":{"type":"Point","coordinates":[-102.62,45.42]},"properties":{"id":"ncei-1972-10110151","year":1972,"month":5,"state":"SD","stateName":"South Dakota","scale":0,"scaleLabel":"F0","lengthMiles":0,"deaths":0,"injuries":0}},{"type":"Feature","geometry":{"type":"Point","coordinates":[-100.2,44.67]},"properties":{"id":"ncei-1972-10110152","year":1972,"month":5,"state":"SD","stateName":"South Dakota","scale":0,"scaleLabel":"F0","lengthMiles":0,"deaths":0,"injuries":0}},{"type":"Feature","geometry":{"type":"Point","coordinates":[-98.08,44.08]},"properties":{"id":"ncei-1972-10110153","year":1972,"month":5,"state":"SD","stateName":"South Dakota","scale":0,"scaleLabel":"F0","lengthMiles":0,"deaths":0,"injuries":0}},{"type":"Feature","geometry":{"type":"Point","coordinates":[-98.17,44.27]},"properties":{"id":"ncei-1972-10110154","year":1972,"month":5,"state":"SD","stateName":"South Dakota","scale":0,"scaleLabel":"F0","lengthMiles":0,"deaths":0,"injuries":0}},{"type":"Feature","geometry":{"type":"Point","coordinates":[-102.92,44.75]},"properties":{"id":"ncei-1972-10110155","year":1972,"month":5,"state":"SD","stateName":"South Dakota","scale":2,"scaleLabel":"F2","lengthMiles":1.5,"deaths":0,"injuries":0}},{"type":"Feature","geometry":{"type":"Point","coordinates":[-98.5,43.48]},"properties":{"id":"ncei-1972-10110156","year":1972,"month":5,"state":"SD","stateName":"South Dakota","scale":0,"scaleLabel":"F0","lengthMiles":0,"deaths":0,"injuries":0}},{"type":"Feature","geometry":{"type":"Point","coordinates":[-98.07,44.57]},"properties":{"id":"ncei-1972-10110157","year":1972,"month":5,"state":"SD","stateName":"South Dakota","scale":0,"scaleLabel":"F0","lengthMiles":0,"deaths":0,"injuries":0}},{"type":"Feature","geometry":{"type":"Point","coordinates":[-98.02,44.63]},"properties":{"id":"ncei-1972-10110158","year":1972,"month":5,"state":"SD","stateName":"South Dakota","scale":0,"scaleLabel":"F0","lengthMiles":0,"deaths":0,"injuries":0}},{"type":"Feature","geometry":{"type":"Point","coordinates":[-97.7,44.92]},"properties":{"id":"ncei-1972-10110159","year":1972,"month":5,"state":"SD","stateName":"South Dakota","scale":-1,"scaleLabel":"Unknown","lengthMiles":0,"deaths":0,"injuries":0}},{"type":"Feature","geometry":{"type":"Point","coordinates":[-102.73,44.53]},"properties":{"id":"ncei-1972-10110160","year":1972,"month":6,"state":"SD","stateName":"South Dakota","scale":0,"scaleLabel":"F0","lengthMiles":0,"deaths":0,"injuries":0}},{"type":"Feature","geometry":{"type":"Point","coordinates":[-97.95,42.87]},"properties":{"id":"ncei-1972-10110162","year":1972,"month":6,"state":"SD","stateName":"South Dakota","scale":0,"scaleLabel":"F0","lengthMiles":0,"deaths":0,"injuries":0}},{"type":"Feature","geometry":{"type":"Point","coordinates":[-97.45,43.35]},"properties":{"id":"ncei-1972-10110163","year":1972,"month":6,"state":"SD","stateName":"South Dakota","scale":0,"scaleLabel":"F0","lengthMiles":0,"deaths":0,"injuries":0}},{"type":"Feature","geometry":{"type":"Point","coordinates":[-98.17,44.47]},"properties":{"id":"ncei-1972-10110165","year":1972,"month":6,"state":"SD","stateName":"South Dakota","scale":0,"scaleLabel":"F0","lengthMiles":0,"deaths":0,"injuries":0}},{"type":"Feature","geometry":{"type":"Point","coordinates":[-97.82,44.58]},"properties":{"id":"ncei-1972-10110167","year":1972,"month":6,"state":"SD","stateName":"South Dakota","scale":1,"scaleLabel":"F1","lengthMiles":0,"deaths":0,"injuries":0}},{"type":"Feature","geometry":{"type":"Point","coordinates":[-103.72,44.55]},"properties":{"id":"ncei-1972-10111019","year":1972,"month":6,"state":"SD","stateName":"South Dakota","scale":2,"scaleLabel":"F2","lengthMiles":0.1,"deaths":0,"injuries":1}},{"type":"Feature","geometry":{"type":"Point","coordinates":[-96.73,45.87]},"properties":{"id":"ncei-1972-10111028","year":1972,"month":7,"state":"SD","stateName":"South Dakota","scale":1,"scaleLabel":"F1","lengthMiles":0,"deaths":0,"injuries":0}},{"type":"Feature","geometry":{"type":"Point","coordinates":[-99.77,43.02]},"properties":{"id":"ncei-1972-10111031","year":1972,"month":7,"state":"SD","stateName":"South Dakota","scale":0,"scaleLabel":"F0","lengthMiles":0,"deaths":0,"injuries":0}},{"type":"Feature","geometry":{"type":"Point","coordinates":[-98.52,45.83]},"properties":{"id":"ncei-1972-10111033","year":1972,"month":7,"state":"SD","stateName":"South Dakota","scale":0,"scaleLabel":"F0","lengthMiles":0,"deaths":0,"injuries":0}},{"type":"Feature","geometry":{"type":"Point","coordinates":[-97.87,44.37]},"properties":{"id":"ncei-1972-10111251","year":1972,"month":7,"state":"SD","stateName":"South Dakota","scale":2,"scaleLabel":"F2","lengthMiles":0.3,"deaths":0,"injuries":0}},{"type":"Feature","geometry":{"type":"Point","coordinates":[-102.25,43.52]},"properties":{"id":"ncei-1972-10111252","year":1972,"month":7,"state":"SD","stateName":"South Dakota","scale":1,"scaleLabel":"F1","lengthMiles":0,"deaths":0,"injuries":0}},{"type":"Feature","geometry":{"type":"Point","coordinates":[-98.43,45.62]},"properties":{"id":"ncei-1972-10111260","year":1972,"month":7,"state":"SD","stateName":"South Dakota","scale":0,"scaleLabel":"F0","lengthMiles":0,"deaths":0,"injuries":0}},{"type":"Feature","geometry":{"type":"Point","coordinates":[-99.88,43.7]},"properties":{"id":"ncei-1972-10111261","year":1972,"month":7,"state":"SD","stateName":"South Dakota","scale":0,"scaleLabel":"F0","lengthMiles":0,"deaths":0,"injuries":0}},{"type":"Feature","geometry":{"type":"Point","coordinates":[-98.27,43.72]},"properties":{"id":"ncei-1972-10111262","year":1972,"month":7,"state":"SD","stateName":"South Dakota","scale":0,"scaleLabel":"F0","lengthMiles":0,"deaths":0,"injuries":0}},{"type":"Feature","geometry":{"type":"Point","coordinates":[-97.45,43.02]},"properties":{"id":"ncei-1972-10111263","year":1972,"month":8,"state":"SD","stateName":"South Dakota","scale":2,"scaleLabel":"F2","lengthMiles":0.3,"deaths":0,"injuries":0}},{"type":"Feature","geometry":{"type":"Point","coordinates":[-97.48,42.98]},"properties":{"id":"ncei-1972-10111267","year":1972,"month":9,"state":"SD","stateName":"South Dakota","scale":2,"scaleLabel":"F2","lengthMiles":0,"deaths":0,"injuries":0}},{"type":"Feature","geometry":{"type":"Point","coordinates":[-82.25,33.92]},"properties":{"id":"ncei-1972-10112032","year":1972,"month":1,"state":"SC","stateName":"South Carolina","scale":1,"scaleLabel":"F1","lengthMiles":2,"deaths":0,"injuries":0}},{"type":"Feature","geometry":{"type":"Point","coordinates":[-81.22,34.05]},"properties":{"id":"ncei-1972-10112033","year":1972,"month":1,"state":"SC","stateName":"South Carolina","scale":1,"scaleLabel":"F1","lengthMiles":3,"deaths":0,"injuries":2}},{"type":"Feature","geometry":{"type":"Point","coordinates":[-81.17,34.07]},"properties":{"id":"ncei-1972-10112034","year":1972,"month":1,"state":"SC","stateName":"South Carolina","scale":1,"scaleLabel":"F1","lengthMiles":3,"deaths":0,"injuries":1}},{"type":"Feature","geometry":{"type":"Point","coordinates":[-81.45,33.28]},"properties":{"id":"ncei-1972-10112035","year":1972,"month":1,"state":"SC","stateName":"South Carolina","scale":1,"scaleLabel":"F1","lengthMiles":9.9,"deaths":0,"injuries":0}},{"type":"Feature","geometry":{"type":"Point","coordinates":[-80.5,33.48]},"properties":{"id":"ncei-1972-10112037","year":1972,"month":3,"state":"SC","stateName":"South Carolina","scale":1,"scaleLabel":"F1","lengthMiles":3.8,"deaths":0,"injuries":0}},{"type":"Feature","geometry":{"type":"Point","coordinates":[-80.22,33.5]},"properties":{"id":"ncei-1972-10112043","year":1972,"month":8,"state":"SC","stateName":"South Carolina","scale":0,"scaleLabel":"F0","lengthMiles":3.3,"deaths":0,"injuries":0}},{"type":"Feature","geometry":{"type":"Point","coordinates":[-80.22,41.47]},"properties":{"id":"ncei-1972-10115639","year":1972,"month":5,"state":"PA","stateName":"Pennsylvania","scale":3,"scaleLabel":"F3","lengthMiles":0,"deaths":0,"injuries":0}},{"type":"Feature","geometry":{"type":"Point","coordinates":[-80.2,41.48]},"properties":{"id":"ncei-1972-10115640","year":1972,"month":5,"state":"PA","stateName":"Pennsylvania","scale":3,"scaleLabel":"F3","lengthMiles":7.9,"deaths":0,"injuries":3}},{"type":"Feature","geometry":{"type":"Point","coordinates":[-75.4,41.15]},"properties":{"id":"ncei-1972-10115650","year":1972,"month":9,"state":"PA","stateName":"Pennsylvania","scale":2,"scaleLabel":"F2","lengthMiles":0.1,"deaths":0,"injuries":0}},{"type":"Feature","geometry":{"type":"Point","coordinates":[-71.38,41.48]},"properties":{"id":"ncei-1972-10117622","year":1972,"month":9,"state":"RI","stateName":"Rhode Island","scale":0,"scaleLabel":"F0","lengthMiles":2,"deaths":0,"injuries":0}},{"type":"Feature","geometry":{"type":"Point","coordinates":[-87.07,36.3]},"properties":{"id":"ncei-1972-10125369","year":1972,"month":4,"state":"TN","stateName":"Tennessee","scale":2,"scaleLabel":"F2","lengthMiles":5.7,"deaths":0,"injuries":0}},{"type":"Feature","geometry":{"type":"Point","coordinates":[-86.98,36.25]},"properties":{"id":"ncei-1972-10125370","year":1972,"month":4,"state":"TN","stateName":"Tennessee","scale":2,"scaleLabel":"F2","lengthMiles":18.5,"deaths":0,"injuries":15}},{"type":"Feature","geometry":{"type":"Point","coordinates":[-89.4,35.03]},"properties":{"id":"ncei-1972-10125375","year":1972,"month":4,"state":"TN","stateName":"Tennessee","scale":1,"scaleLabel":"F1","lengthMiles":0.3,"deaths":0,"injuries":0}},{"type":"Feature","geometry":{"type":"Point","coordinates":[-86.87,35.93]},"properties":{"id":"ncei-1972-10125376","year":1972,"month":4,"state":"TN","stateName":"Tennessee","scale":1,"scaleLabel":"F1","lengthMiles":1.5,"deaths":0,"injuries":3}},{"type":"Feature","geometry":{"type":"Point","coordinates":[-89.72,35.12]},"properties":{"id":"ncei-1972-10125377","year":1972,"month":4,"state":"TN","stateName":"Tennessee","scale":1,"scaleLabel":"F1","lengthMiles":0.3,"deaths":0,"injuries":0}},{"type":"Feature","geometry":{"type":"Point","coordinates":[-88.73,36.5]},"properties":{"id":"ncei-1972-10125378","year":1972,"month":4,"state":"TN","stateName":"Tennessee","scale":1,"scaleLabel":"F1","lengthMiles":1.3,"deaths":0,"injuries":1}},{"type":"Feature","geometry":{"type":"Point","coordinates":[-87.53,35.13]},"properties":{"id":"ncei-1972-10125379","year":1972,"month":4,"state":"TN","stateName":"Tennessee","scale":3,"scaleLabel":"F3","lengthMiles":20.6,"deaths":0,"injuries":6}},{"type":"Feature","geometry":{"type":"Point","coordinates":[-87.22,35.28]},"properties":{"id":"ncei-1972-10125381","year":1972,"month":4,"state":"TN","stateName":"Tennessee","scale":3,"scaleLabel":"F3","lengthMiles":11.7,"deaths":0,"injuries":4}},{"type":"Feature","geometry":{"type":"Point","coordinates":[-84.8,36.37]},"properties":{"id":"ncei-1972-10125383","year":1972,"month":5,"state":"TN","stateName":"Tennessee","scale":2,"scaleLabel":"F2","lengthMiles":1,"deaths":0,"injuries":3}},{"type":"Feature","geometry":{"type":"Point","coordinates":[-85.03,36]},"properties":{"id":"ncei-1972-10126243","year":1972,"month":6,"state":"TN","stateName":"Tennessee","scale":2,"scaleLabel":"F2","lengthMiles":0.1,"deaths":0,"injuries":0}},{"type":"Feature","geometry":{"type":"Point","coordinates":[-83.92,35.75]},"properties":{"id":"ncei-1972-10126245","year":1972,"month":6,"state":"TN","stateName":"Tennessee","scale":1,"scaleLabel":"F1","lengthMiles":0.5,"deaths":0,"injuries":3}},{"type":"Feature","geometry":{"type":"Point","coordinates":[-88.23,35.23]},"properties":{"id":"ncei-1972-10126248","year":1972,"month":7,"state":"TN","stateName":"Tennessee","scale":0,"scaleLabel":"F0","lengthMiles":0.1,"deaths":0,"injuries":0}},{"type":"Feature","geometry":{"type":"Point","coordinates":[-95.43,29.5]},"properties":{"id":"ncei-1972-10132695","year":1972,"month":5,"state":"TX","stateName":"Texas","scale":1,"scaleLabel":"F1","lengthMiles":1.9,"deaths":0,"injuries":1}},{"type":"Feature","geometry":{"type":"Point","coordinates":[-95.3,29.55]},"properties":{"id":"ncei-1972-10132696","year":1972,"month":5,"state":"TX","stateName":"Texas","scale":1,"scaleLabel":"F1","lengthMiles":0.1,"deaths":0,"injuries":1}},{"type":"Feature","geometry":{"type":"Point","coordinates":[-95.18,29.62]},"properties":{"id":"ncei-1972-10132697","year":1972,"month":5,"state":"TX","stateName":"Texas","scale":1,"scaleLabel":"F1","lengthMiles":4.5,"deaths":0,"injuries":7}},{"type":"Feature","geometry":{"type":"Point","coordinates":[-95.23,29.5]},"properties":{"id":"ncei-1972-10132698","year":1972,"month":5,"state":"TX","stateName":"Texas","scale":1,"scaleLabel":"F1","lengthMiles":1,"deaths":0,"injuries":2}},{"type":"Feature","geometry":{"type":"Point","coordinates":[-95.42,29.52]},"properties":{"id":"ncei-1972-10132699","year":1972,"month":5,"state":"TX","stateName":"Texas","scale":1,"scaleLabel":"F1","lengthMiles":3,"deaths":0,"injuries":6}},{"type":"Feature","geometry":{"type":"Point","coordinates":[-95,29.73]},"properties":{"id":"ncei-1972-10132701","year":1972,"month":5,"state":"TX","stateName":"Texas","scale":1,"scaleLabel":"F1","lengthMiles":0.3,"deaths":0,"injuries":0}},{"type":"Feature","geometry":{"type":"Point","coordinates":[-94.25,29.92]},"properties":{"id":"ncei-1972-10132917","year":1972,"month":5,"state":"TX","stateName":"Texas","scale":2,"scaleLabel":"F2","lengthMiles":19.9,"deaths":0,"injuries":2}},{"type":"Feature","geometry":{"type":"Point","coordinates":[-95.23,29.4]},"properties":{"id":"ncei-1972-10132918","year":1972,"month":5,"state":"TX","stateName":"Texas","scale":1,"scaleLabel":"F1","lengthMiles":0.3,"deaths":0,"injuries":0}},{"type":"Feature","geometry":{"type":"Point","coordinates":[-102.12,36.33]},"properties":{"id":"ncei-1972-10132924","year":1972,"month":5,"state":"TX","stateName":"Texas","scale":1,"scaleLabel":"F1","lengthMiles":0.5,"deaths":0,"injuries":0}},{"type":"Feature","geometry":{"type":"Point","coordinates":[-102.93,30.88]},"properties":{"id":"ncei-1972-10132926","year":1972,"month":5,"state":"TX","stateName":"Texas","scale":1,"scaleLabel":"F1","lengthMiles":13.5,"deaths":0,"injuries":0}},{"type":"Feature","geometry":{"type":"Point","coordinates":[-99.95,31.95]},"properties":{"id":"ncei-1972-10132927","year":1972,"month":5,"state":"TX","stateName":"Texas","scale":0,"scaleLabel":"F0","lengthMiles":0.1,"deaths":0,"injuries":0}},{"type":"Feature","geometry":{"type":"Point","coordinates":[-97.22,31.4]},"properties":{"id":"ncei-1972-10132933","year":1972,"month":5,"state":"TX","stateName":"Texas","scale":1,"scaleLabel":"F1","lengthMiles":1,"deaths":0,"injuries":0}},{"type":"Feature","geometry":{"type":"Point","coordinates":[-96.7,29.27]},"properties":{"id":"ncei-1972-10132940","year":1972,"month":5,"state":"TX","stateName":"Texas","scale":1,"scaleLabel":"F1","lengthMiles":0.5,"deaths":0,"injuries":0}},{"type":"Feature","geometry":{"type":"Point","coordinates":[-96.7,29.27]},"properties":{"id":"ncei-1972-10132941","year":1972,"month":5,"state":"TX","stateName":"Texas","scale":1,"scaleLabel":"F1","lengthMiles":0.5,"deaths":0,"injuries":0}},{"type":"Feature","geometry":{"type":"Point","coordinates":[-96.7,29.27]},"properties":{"id":"ncei-1972-10132942","year":1972,"month":5,"state":"TX","stateName":"Texas","scale":1,"scaleLabel":"F1","lengthMiles":0.5,"deaths":0,"injuries":0}},{"type":"Feature","geometry":{"type":"Point","coordinates":[-98.75,30.17]},"properties":{"id":"ncei-1972-10132943","year":1972,"month":5,"state":"TX","stateName":"Texas","scale":1,"scaleLabel":"F1","lengthMiles":0.5,"deaths":0,"injuries":0}},{"type":"Feature","geometry":{"type":"Point","coordinates":[-97.97,29.58]},"properties":{"id":"ncei-1972-10132944","year":1972,"month":5,"state":"TX","stateName":"Texas","scale":1,"scaleLabel":"F1","lengthMiles":5.6,"deaths":0,"injuries":0}},{"type":"Feature","geometry":{"type":"Point","coordinates":[-103.5,31.42]},"properties":{"id":"ncei-1972-10132948","year":1972,"month":5,"state":"TX","stateName":"Texas","scale":1,"scaleLabel":"F1","lengthMiles":2,"deaths":0,"injuries":1}},{"type":"Feature","geometry":{"type":"Point","coordinates":[-103.5,31.42]},"properties":{"id":"ncei-1972-10132949","year":1972,"month":5,"state":"TX","stateName":"Texas","scale":1,"scaleLabel":"F1","lengthMiles":2,"deaths":0,"injuries":0}},{"type":"Feature","geometry":{"type":"Point","coordinates":[-97.55,30.65]},"properties":{"id":"ncei-1972-10132953","year":1972,"month":5,"state":"TX","stateName":"Texas","scale":1,"scaleLabel":"F1","lengthMiles":0.1,"deaths":0,"injuries":0}},{"type":"Feature","geometry":{"type":"Point","coordinates":[-97.55,30.65]},"properties":{"id":"ncei-1972-10132954","year":1972,"month":5,"state":"TX","stateName":"Texas","scale":1,"scaleLabel":"F1","lengthMiles":0.1,"deaths":0,"injuries":0}},{"type":"Feature","geometry":{"type":"Point","coordinates":[-97.6,30.8]},"properties":{"id":"ncei-1972-10132955","year":1972,"month":5,"state":"TX","stateName":"Texas","scale":1,"scaleLabel":"F1","lengthMiles":0.1,"deaths":0,"injuries":0}},{"type":"Feature","geometry":{"type":"Point","coordinates":[-100.82,36.42]},"properties":{"id":"ncei-1972-10132956","year":1972,"month":5,"state":"TX","stateName":"Texas","scale":1,"scaleLabel":"F1","lengthMiles":4.3,"deaths":0,"injuries":0}},{"type":"Feature","geometry":{"type":"Point","coordinates":[-96.12,32.35]},"properties":{"id":"ncei-1972-10132967","year":1972,"month":5,"state":"TX","stateName":"Texas","scale":1,"scaleLabel":"F1","lengthMiles":0.1,"deaths":0,"injuries":2}},{"type":"Feature","geometry":{"type":"Point","coordinates":[-97.28,27.65]},"properties":{"id":"ncei-1972-10132968","year":1972,"month":6,"state":"TX","stateName":"Texas","scale":1,"scaleLabel":"F1","lengthMiles":0.1,"deaths":0,"injuries":1}},{"type":"Feature","geometry":{"type":"Point","coordinates":[-102.12,34.37]},"properties":{"id":"ncei-1972-10132971","year":1972,"month":6,"state":"TX","stateName":"Texas","scale":1,"scaleLabel":"F1","lengthMiles":0.3,"deaths":0,"injuries":0}},{"type":"Feature","geometry":{"type":"Point","coordinates":[-95.2,29.53]},"properties":{"id":"ncei-1972-10133373","year":1972,"month":1,"state":"TX","stateName":"Texas","scale":1,"scaleLabel":"F1","lengthMiles":0.5,"deaths":0,"injuries":0}},{"type":"Feature","geometry":{"type":"Point","coordinates":[-99.75,34.3]},"properties":{"id":"ncei-1972-10133384","year":1972,"month":3,"state":"TX","stateName":"Texas","scale":1,"scaleLabel":"F1","lengthMiles":3,"deaths":0,"injuries":0}},{"type":"Feature","geometry":{"type":"Point","coordinates":[-99.7,34.3]},"properties":{"id":"ncei-1972-10133385","year":1972,"month":3,"state":"TX","stateName":"Texas","scale":1,"scaleLabel":"F1","lengthMiles":0,"deaths":0,"injuries":0}},{"type":"Feature","geometry":{"type":"Point","coordinates":[-98.32,29.58]},"properties":{"id":"ncei-1972-10133388","year":1972,"month":3,"state":"TX","stateName":"Texas","scale":1,"scaleLabel":"F1","lengthMiles":0.1,"deaths":0,"injuries":0}},{"type":"Feature","geometry":{"type":"Point","coordinates":[-95.95,28.95]},"properties":{"id":"ncei-1972-10133391","year":1972,"month":3,"state":"TX","stateName":"Texas","scale":1,"scaleLabel":"F1","lengthMiles":0.1,"deaths":0,"injuries":0}},{"type":"Feature","geometry":{"type":"Point","coordinates":[-96.78,29.33]},"properties":{"id":"ncei-1972-10133392","year":1972,"month":3,"state":"TX","stateName":"Texas","scale":1,"scaleLabel":"F1","lengthMiles":0.2,"deaths":0,"injuries":0}},{"type":"Feature","geometry":{"type":"Point","coordinates":[-95.42,29.83]},"properties":{"id":"ncei-1972-10133393","year":1972,"month":3,"state":"TX","stateName":"Texas","scale":1,"scaleLabel":"F1","lengthMiles":0.1,"deaths":0,"injuries":0}},{"type":"Feature","geometry":{"type":"Point","coordinates":[-96.08,29.33]},"properties":{"id":"ncei-1972-10133394","year":1972,"month":3,"state":"TX","stateName":"Texas","scale":2,"scaleLabel":"F2","lengthMiles":0.5,"deaths":0,"injuries":0}},{"type":"Feature","geometry":{"type":"Point","coordinates":[-95.82,29.57]},"properties":{"id":"ncei-1972-10133395","year":1972,"month":3,"state":"TX","stateName":"Texas","scale":1,"scaleLabel":"F1","lengthMiles":18.9,"deaths":0,"injuries":0}},{"type":"Feature","geometry":{"type":"Point","coordinates":[-96.93,29.43]},"properties":{"id":"ncei-1972-10133396","year":1972,"month":3,"state":"TX","stateName":"Texas","scale":2,"scaleLabel":"F2","lengthMiles":4.5,"deaths":0,"injuries":0}},{"type":"Feature","geometry":{"type":"Point","coordinates":[-95.35,29.75]},"properties":{"id":"ncei-1972-10133397","year":1972,"month":3,"state":"TX","stateName":"Texas","scale":1,"scaleLabel":"F1","lengthMiles":0.1,"deaths":0,"injuries":0}},{"type":"Feature","geometry":{"type":"Point","coordinates":[-95.35,29.75]},"properties":{"id":"ncei-1972-10133398","year":1972,"month":3,"state":"TX","stateName":"Texas","scale":0,"scaleLabel":"F0","lengthMiles":0.1,"deaths":0,"injuries":0}},{"type":"Feature","geometry":{"type":"Point","coordinates":[-94.98,30.05]},"properties":{"id":"ncei-1972-10133399","year":1972,"month":3,"state":"TX","stateName":"Texas","scale":0,"scaleLabel":"F0","lengthMiles":0.2,"deaths":0,"injuries":0}},{"type":"Feature","geometry":{"type":"Point","coordinates":[-95.08,30.05]},"properties":{"id":"ncei-1972-10133400","year":1972,"month":3,"state":"TX","stateName":"Texas","scale":1,"scaleLabel":"F1","lengthMiles":0.2,"deaths":0,"injuries":2}},{"type":"Feature","geometry":{"type":"Point","coordinates":[-96.08,28.95]},"properties":{"id":"ncei-1972-10133401","year":1972,"month":3,"state":"TX","stateName":"Texas","scale":1,"scaleLabel":"F1","lengthMiles":0.1,"deaths":0,"injuries":0}},{"type":"Feature","geometry":{"type":"Point","coordinates":[-96.37,32.62]},"properties":{"id":"ncei-1972-10133407","year":1972,"month":3,"state":"TX","stateName":"Texas","scale":2,"scaleLabel":"F2","lengthMiles":2,"deaths":0,"injuries":0}},{"type":"Feature","geometry":{"type":"Point","coordinates":[-101.98,33.68]},"properties":{"id":"ncei-1972-10133837","year":1972,"month":6,"state":"TX","stateName":"Texas","scale":1,"scaleLabel":"F1","lengthMiles":4.1,"deaths":0,"injuries":0}},{"type":"Feature","geometry":{"type":"Point","coordinates":[-101.98,33.68]},"properties":{"id":"ncei-1972-10133840","year":1972,"month":6,"state":"TX","stateName":"Texas","scale":1,"scaleLabel":"F1","lengthMiles":5.1,"deaths":0,"injuries":0}},{"type":"Feature","geometry":{"type":"Point","coordinates":[-101.98,33.68]},"properties":{"id":"ncei-1972-10133841","year":1972,"month":6,"state":"TX","stateName":"Texas","scale":1,"scaleLabel":"F1","lengthMiles":0.3,"deaths":0,"injuries":0}},{"type":"Feature","geometry":{"type":"Point","coordinates":[-101.37,36.27]},"properties":{"id":"ncei-1972-10133846","year":1972,"month":6,"state":"TX","stateName":"Texas","scale":1,"scaleLabel":"F1","lengthMiles":3.6,"deaths":0,"injuries":0}},{"type":"Feature","geometry":{"type":"Point","coordinates":[-95.17,29.6]},"properties":{"id":"ncei-1972-10134060","year":1972,"month":6,"state":"TX","stateName":"Texas","scale":0,"scaleLabel":"F0","lengthMiles":0.1,"deaths":0,"injuries":0}},{"type":"Feature","geometry":{"type":"Point","coordinates":[-101.8,32.33]},"properties":{"id":"ncei-1972-10134061","year":1972,"month":6,"state":"TX","stateName":"Texas","scale":1,"scaleLabel":"F1","lengthMiles":29.3,"deaths":0,"injuries":0}},{"type":"Feature","geometry":{"type":"Point","coordinates":[-102.45,34.83]},"properties":{"id":"ncei-1972-10134072","year":1972,"month":6,"state":"TX","stateName":"Texas","scale":1,"scaleLabel":"F1","lengthMiles":5.9,"deaths":0,"injuries":0}},{"type":"Feature","geometry":{"type":"Point","coordinates":[-102.35,34.83]},"properties":{"id":"ncei-1972-10134073","year":1972,"month":6,"state":"TX","stateName":"Texas","scale":1,"scaleLabel":"F1","lengthMiles":1,"deaths":0,"injuries":0}},{"type":"Feature","geometry":{"type":"Point","coordinates":[-101.83,35.2]},"properties":{"id":"ncei-1972-10134074","year":1972,"month":6,"state":"TX","stateName":"Texas","scale":2,"scaleLabel":"F2","lengthMiles":4.1,"deaths":0,"injuries":5}},{"type":"Feature","geometry":{"type":"Point","coordinates":[-102.37,31.85]},"properties":{"id":"ncei-1972-10134084","year":1972,"month":6,"state":"TX","stateName":"Texas","scale":0,"scaleLabel":"F0","lengthMiles":0.1,"deaths":0,"injuries":0}},{"type":"Feature","geometry":{"type":"Point","coordinates":[-101.83,33.58]},"properties":{"id":"ncei-1972-10134088","year":1972,"month":7,"state":"TX","stateName":"Texas","scale":0,"scaleLabel":"F0","lengthMiles":0.3,"deaths":0,"injuries":0}},{"type":"Feature","geometry":{"type":"Point","coordinates":[-102.03,33.43]},"properties":{"id":"ncei-1972-10134089","year":1972,"month":7,"state":"TX","stateName":"Texas","scale":1,"scaleLabel":"F1","lengthMiles":0.3,"deaths":0,"injuries":0}},{"type":"Feature","geometry":{"type":"Point","coordinates":[-102.67,35.03]},"properties":{"id":"ncei-1972-10134090","year":1972,"month":7,"state":"TX","stateName":"Texas","scale":1,"scaleLabel":"F1","lengthMiles":0.3,"deaths":0,"injuries":0}},{"type":"Feature","geometry":{"type":"Point","coordinates":[-101.87,34.2]},"properties":{"id":"ncei-1972-10134091","year":1972,"month":7,"state":"TX","stateName":"Texas","scale":0,"scaleLabel":"F0","lengthMiles":0.5,"deaths":0,"injuries":0}},{"type":"Feature","geometry":{"type":"Point","coordinates":[-101.87,34.2]},"properties":{"id":"ncei-1972-10134092","year":1972,"month":7,"state":"TX","stateName":"Texas","scale":0,"scaleLabel":"F0","lengthMiles":0.5,"deaths":0,"injuries":0}},{"type":"Feature","geometry":{"type":"Point","coordinates":[-99.83,32.2]},"properties":{"id":"ncei-1972-10134097","year":1972,"month":7,"state":"TX","stateName":"Texas","scale":1,"scaleLabel":"F1","lengthMiles":0.3,"deaths":0,"injuries":0}},{"type":"Feature","geometry":{"type":"Point","coordinates":[-94.3,31.8]},"properties":{"id":"ncei-1972-10134098","year":1972,"month":7,"state":"TX","stateName":"Texas","scale":0,"scaleLabel":"F0","lengthMiles":0.3,"deaths":0,"injuries":0}},{"type":"Feature","geometry":{"type":"Point","coordinates":[-95.62,30.12]},"properties":{"id":"ncei-1972-10134099","year":1972,"month":7,"state":"TX","stateName":"Texas","scale":0,"scaleLabel":"F0","lengthMiles":0.1,"deaths":0,"injuries":0}},{"type":"Feature","geometry":{"type":"Point","coordinates":[-96.58,28.67]},"properties":{"id":"ncei-1972-10134104","year":1972,"month":7,"state":"TX","stateName":"Texas","scale":1,"scaleLabel":"F1","lengthMiles":0.5,"deaths":0,"injuries":0}},{"type":"Feature","geometry":{"type":"Point","coordinates":[-94.1,30.17]},"properties":{"id":"ncei-1972-10134106","year":1972,"month":7,"state":"TX","stateName":"Texas","scale":1,"scaleLabel":"F1","lengthMiles":0.1,"deaths":0,"injuries":0}},{"type":"Feature","geometry":{"type":"Point","coordinates":[-93.73,30.22]},"properties":{"id":"ncei-1972-10134107","year":1972,"month":7,"state":"TX","stateName":"Texas","scale":1,"scaleLabel":"F1","lengthMiles":3.8,"deaths":0,"injuries":0}},{"type":"Feature","geometry":{"type":"Point","coordinates":[-94.98,30.68]},"properties":{"id":"ncei-1972-10134108","year":1972,"month":7,"state":"TX","stateName":"Texas","scale":1,"scaleLabel":"F1","lengthMiles":5.4,"deaths":0,"injuries":0}},{"type":"Feature","geometry":{"type":"Point","coordinates":[-102.42,34.23]},"properties":{"id":"ncei-1972-10134109","year":1972,"month":7,"state":"TX","stateName":"Texas","scale":1,"scaleLabel":"F1","lengthMiles":1,"deaths":0,"injuries":0}},{"type":"Feature","geometry":{"type":"Point","coordinates":[-102.42,34.22]},"properties":{"id":"ncei-1972-10134110","year":1972,"month":7,"state":"TX","stateName":"Texas","scale":1,"scaleLabel":"F1","lengthMiles":1,"deaths":0,"injuries":0}},{"type":"Feature","geometry":{"type":"Point","coordinates":[-106.05,31.95]},"properties":{"id":"ncei-1972-10134111","year":1972,"month":7,"state":"TX","stateName":"Texas","scale":1,"scaleLabel":"F1","lengthMiles":2,"deaths":0,"injuries":0}},{"type":"Feature","geometry":{"type":"Point","coordinates":[-94.47,29.52]},"properties":{"id":"ncei-1972-10134112","year":1972,"month":7,"state":"TX","stateName":"Texas","scale":0,"scaleLabel":"F0","lengthMiles":0.1,"deaths":0,"injuries":0}},{"type":"Feature","geometry":{"type":"Point","coordinates":[-93.97,29.95]},"properties":{"id":"ncei-1972-10134113","year":1972,"month":7,"state":"TX","stateName":"Texas","scale":1,"scaleLabel":"F1","lengthMiles":2.5,"deaths":0,"injuries":0}},{"type":"Feature","geometry":{"type":"Point","coordinates":[-97.18,29.12]},"properties":{"id":"ncei-1972-10134114","year":1972,"month":7,"state":"TX","stateName":"Texas","scale":0,"scaleLabel":"F0","lengthMiles":0.5,"deaths":0,"injuries":0}},{"type":"Feature","geometry":{"type":"Point","coordinates":[-96.97,29.42]},"properties":{"id":"ncei-1972-10134115","year":1972,"month":7,"state":"TX","stateName":"Texas","scale":1,"scaleLabel":"F1","lengthMiles":0.3,"deaths":0,"injuries":0}},{"type":"Feature","geometry":{"type":"Point","coordinates":[-97.13,32.02]},"properties":{"id":"ncei-1972-10134914","year":1972,"month":3,"state":"TX","stateName":"Texas","scale":2,"scaleLabel":"F2","lengthMiles":6.5,"deaths":0,"injuries":2}},{"type":"Feature","geometry":{"type":"Point","coordinates":[-96.92,31.83]},"properties":{"id":"ncei-1972-10134916","year":1972,"month":3,"state":"TX","stateName":"Texas","scale":1,"scaleLabel":"F1","lengthMiles":0.5,"deaths":0,"injuries":0}},{"type":"Feature","geometry":{"type":"Point","coordinates":[-96.73,32.17]},"properties":{"id":"ncei-1972-10134917","year":1972,"month":3,"state":"TX","stateName":"Texas","scale":1,"scaleLabel":"F1","lengthMiles":0.1,"deaths":0,"injuries":0}},{"type":"Feature","geometry":{"type":"Point","coordinates":[-96.97,30.12]},"properties":{"id":"ncei-1972-10134981","year":1972,"month":8,"state":"TX","stateName":"Texas","scale":1,"scaleLabel":"F1","lengthMiles":1,"deaths":0,"injuries":0}},{"type":"Feature","geometry":{"type":"Point","coordinates":[-97.78,30.33]},"properties":{"id":"ncei-1972-10134982","year":1972,"month":8,"state":"TX","stateName":"Texas","scale":0,"scaleLabel":"F0","lengthMiles":0.1,"deaths":0,"injuries":0}},{"type":"Feature","geometry":{"type":"Point","coordinates":[-101.98,34.73]},"properties":{"id":"ncei-1972-10134983","year":1972,"month":8,"state":"TX","stateName":"Texas","scale":2,"scaleLabel":"F2","lengthMiles":1,"deaths":0,"injuries":0}},{"type":"Feature","geometry":{"type":"Point","coordinates":[-101.88,35.22]},"properties":{"id":"ncei-1972-10134985","year":1972,"month":8,"state":"TX","stateName":"Texas","scale":0,"scaleLabel":"F0","lengthMiles":2,"deaths":0,"injuries":0}},{"type":"Feature","geometry":{"type":"Point","coordinates":[-97.82,32.43]},"properties":{"id":"ncei-1972-10134987","year":1972,"month":8,"state":"TX","stateName":"Texas","scale":1,"scaleLabel":"F1","lengthMiles":0.8,"deaths":0,"injuries":0}},{"type":"Feature","geometry":{"type":"Point","coordinates":[-98.1,34.08]},"properties":{"id":"ncei-1972-10134988","year":1972,"month":8,"state":"TX","stateName":"Texas","scale":1,"scaleLabel":"F1","lengthMiles":1,"deaths":0,"injuries":0}},{"type":"Feature","geometry":{"type":"Point","coordinates":[-96.45,33.28]},"properties":{"id":"ncei-1972-10134989","year":1972,"month":8,"state":"TX","stateName":"Texas","scale":0,"scaleLabel":"F0","lengthMiles":1,"deaths":0,"injuries":0}},{"type":"Feature","geometry":{"type":"Point","coordinates":[-95.38,29.77]},"properties":{"id":"ncei-1972-10134990","year":1972,"month":8,"state":"TX","stateName":"Texas","scale":0,"scaleLabel":"F0","lengthMiles":0.1,"deaths":0,"injuries":0}},{"type":"Feature","geometry":{"type":"Point","coordinates":[-99,28.37]},"properties":{"id":"ncei-1972-10134991","year":1972,"month":8,"state":"TX","stateName":"Texas","scale":1,"scaleLabel":"F1","lengthMiles":0.3,"deaths":0,"injuries":0}},{"type":"Feature","geometry":{"type":"Point","coordinates":[-94.83,31.27]},"properties":{"id":"ncei-1972-10135139","year":1972,"month":3,"state":"TX","stateName":"Texas","scale":2,"scaleLabel":"F2","lengthMiles":18.7,"deaths":0,"injuries":13}},{"type":"Feature","geometry":{"type":"Point","coordinates":[-95.33,31.92]},"properties":{"id":"ncei-1972-10135142","year":1972,"month":4,"state":"TX","stateName":"Texas","scale":1,"scaleLabel":"F1","lengthMiles":0.2,"deaths":0,"injuries":0}},{"type":"Feature","geometry":{"type":"Point","coordinates":[-98.17,33.22]},"properties":{"id":"ncei-1972-10135153","year":1972,"month":4,"state":"TX","stateName":"Texas","scale":1,"scaleLabel":"F1","lengthMiles":0.5,"deaths":0,"injuries":0}},{"type":"Feature","geometry":{"type":"Point","coordinates":[-100.98,31.83]},"properties":{"id":"ncei-1972-10135163","year":1972,"month":4,"state":"TX","stateName":"Texas","scale":1,"scaleLabel":"F1","lengthMiles":0.5,"deaths":0,"injuries":0}},{"type":"Feature","geometry":{"type":"Point","coordinates":[-100.38,32.17]},"properties":{"id":"ncei-1972-10135165","year":1972,"month":4,"state":"TX","stateName":"Texas","scale":1,"scaleLabel":"F1","lengthMiles":0.5,"deaths":0,"injuries":0}},{"type":"Feature","geometry":{"type":"Point","coordinates":[-97.37,33.67]},"properties":{"id":"ncei-1972-10135167","year":1972,"month":4,"state":"TX","stateName":"Texas","scale":1,"scaleLabel":"F1","lengthMiles":0.2,"deaths":0,"injuries":0}},{"type":"Feature","geometry":{"type":"Point","coordinates":[-102.12,36.35]},"properties":{"id":"ncei-1972-10135182","year":1972,"month":4,"state":"TX","stateName":"Texas","scale":1,"scaleLabel":"F1","lengthMiles":0.5,"deaths":0,"injuries":0}},{"type":"Feature","geometry":{"type":"Point","coordinates":[-97.38,27.77]},"properties":{"id":"ncei-1972-10135184","year":1972,"month":4,"state":"TX","stateName":"Texas","scale":1,"scaleLabel":"F1","lengthMiles":1.5,"deaths":0,"injuries":0}},{"type":"Feature","geometry":{"type":"Point","coordinates":[-97.32,27.62]},"properties":{"id":"ncei-1972-10135185","year":1972,"month":4,"state":"TX","stateName":"Texas","scale":0,"scaleLabel":"F0","lengthMiles":0.2,"deaths":0,"injuries":0}},{"type":"Feature","geometry":{"type":"Point","coordinates":[-98.62,29.42]},"properties":{"id":"ncei-1972-10135187","year":1972,"month":4,"state":"TX","stateName":"Texas","scale":0,"scaleLabel":"F0","lengthMiles":0.1,"deaths":0,"injuries":0}},{"type":"Feature","geometry":{"type":"Point","coordinates":[-99.42,28.45]},"properties":{"id":"ncei-1972-10135188","year":1972,"month":4,"state":"TX","stateName":"Texas","scale":1,"scaleLabel":"F1","lengthMiles":0.5,"deaths":0,"injuries":0}},{"type":"Feature","geometry":{"type":"Point","coordinates":[-97.33,30.52]},"properties":{"id":"ncei-1972-10135192","year":1972,"month":4,"state":"TX","stateName":"Texas","scale":0,"scaleLabel":"F0","lengthMiles":0.1,"deaths":0,"injuries":0}},{"type":"Feature","geometry":{"type":"Point","coordinates":[-98.2,33.67]},"properties":{"id":"ncei-1972-10135209","year":1972,"month":8,"state":"TX","stateName":"Texas","scale":1,"scaleLabel":"F1","lengthMiles":0.3,"deaths":0,"injuries":0}},{"type":"Feature","geometry":{"type":"Point","coordinates":[-95.1,29.52]},"properties":{"id":"ncei-1972-10135210","year":1972,"month":8,"state":"TX","stateName":"Texas","scale":0,"scaleLabel":"F0","lengthMiles":0.1,"deaths":0,"injuries":0}},{"type":"Feature","geometry":{"type":"Point","coordinates":[-99.27,30.3]},"properties":{"id":"ncei-1972-10135215","year":1972,"month":8,"state":"TX","stateName":"Texas","scale":0,"scaleLabel":"F0","lengthMiles":0.1,"deaths":0,"injuries":0}},{"type":"Feature","geometry":{"type":"Point","coordinates":[-98.42,30.27]},"properties":{"id":"ncei-1972-10135216","year":1972,"month":8,"state":"TX","stateName":"Texas","scale":0,"scaleLabel":"F0","lengthMiles":0.1,"deaths":0,"injuries":0}},{"type":"Feature","geometry":{"type":"Point","coordinates":[-94,30.67]},"properties":{"id":"ncei-1972-10135219","year":1972,"month":9,"state":"TX","stateName":"Texas","scale":0,"scaleLabel":"F0","lengthMiles":0.3,"deaths":0,"injuries":0}},{"type":"Feature","geometry":{"type":"Point","coordinates":[-94,29.85]},"properties":{"id":"ncei-1972-10135220","year":1972,"month":9,"state":"TX","stateName":"Texas","scale":1,"scaleLabel":"F1","lengthMiles":4.3,"deaths":0,"injuries":0}},{"type":"Feature","geometry":{"type":"Point","coordinates":[-96.48,28.32]},"properties":{"id":"ncei-1972-10135224","year":1972,"month":9,"state":"TX","stateName":"Texas","scale":0,"scaleLabel":"F0","lengthMiles":0.3,"deaths":0,"injuries":0}},{"type":"Feature","geometry":{"type":"Point","coordinates":[-96.67,28.7]},"properties":{"id":"ncei-1972-10135225","year":1972,"month":9,"state":"TX","stateName":"Texas","scale":0,"scaleLabel":"F0","lengthMiles":0.3,"deaths":0,"injuries":0}},{"type":"Feature","geometry":{"type":"Point","coordinates":[-96.67,28.7]},"properties":{"id":"ncei-1972-10135226","year":1972,"month":9,"state":"TX","stateName":"Texas","scale":0,"scaleLabel":"F0","lengthMiles":0.3,"deaths":0,"injuries":0}},{"type":"Feature","geometry":{"type":"Point","coordinates":[-98.47,29.4]},"properties":{"id":"ncei-1972-10135227","year":1972,"month":9,"state":"TX","stateName":"Texas","scale":1,"scaleLabel":"F1","lengthMiles":0.1,"deaths":0,"injuries":0}},{"type":"Feature","geometry":{"type":"Point","coordinates":[-97.37,32.87]},"properties":{"id":"ncei-1972-10135229","year":1972,"month":9,"state":"TX","stateName":"Texas","scale":1,"scaleLabel":"F1","lengthMiles":0.5,"deaths":0,"injuries":1}},{"type":"Feature","geometry":{"type":"Point","coordinates":[-97.12,32.73]},"properties":{"id":"ncei-1972-10135230","year":1972,"month":9,"state":"TX","stateName":"Texas","scale":1,"scaleLabel":"F1","lengthMiles":0.1,"deaths":0,"injuries":0}},{"type":"Feature","geometry":{"type":"Point","coordinates":[-97.68,30.63]},"properties":{"id":"ncei-1972-10135236","year":1972,"month":10,"state":"TX","stateName":"Texas","scale":1,"scaleLabel":"F1","lengthMiles":0.3,"deaths":0,"injuries":0}},{"type":"Feature","geometry":{"type":"Point","coordinates":[-97.28,31.43]},"properties":{"id":"ncei-1972-10135237","year":1972,"month":10,"state":"TX","stateName":"Texas","scale":1,"scaleLabel":"F1","lengthMiles":0.1,"deaths":0,"injuries":0}},{"type":"Feature","geometry":{"type":"Point","coordinates":[-97.4,31.25]},"properties":{"id":"ncei-1972-10135238","year":1972,"month":10,"state":"TX","stateName":"Texas","scale":2,"scaleLabel":"F2","lengthMiles":5.4,"deaths":0,"injuries":0}},{"type":"Feature","geometry":{"type":"Point","coordinates":[-97.18,31.55]},"properties":{"id":"ncei-1972-10135240","year":1972,"month":10,"state":"TX","stateName":"Texas","scale":2,"scaleLabel":"F2","lengthMiles":1.5,"deaths":0,"injuries":0}},{"type":"Feature","geometry":{"type":"Point","coordinates":[-97.18,31.55]},"properties":{"id":"ncei-1972-10135241","year":1972,"month":10,"state":"TX","stateName":"Texas","scale":2,"scaleLabel":"F2","lengthMiles":1,"deaths":0,"injuries":3}},{"type":"Feature","geometry":{"type":"Point","coordinates":[-96.2,32.28]},"properties":{"id":"ncei-1972-10135242","year":1972,"month":10,"state":"TX","stateName":"Texas","scale":2,"scaleLabel":"F2","lengthMiles":1.3,"deaths":0,"injuries":0}},{"type":"Feature","geometry":{"type":"Point","coordinates":[-96.2,32.28]},"properties":{"id":"ncei-1972-10135243","year":1972,"month":10,"state":"TX","stateName":"Texas","scale":2,"scaleLabel":"F2","lengthMiles":1.3,"deaths":0,"injuries":1}},{"type":"Feature","geometry":{"type":"Point","coordinates":[-94.28,32.48]},"properties":{"id":"ncei-1972-10135244","year":1972,"month":10,"state":"TX","stateName":"Texas","scale":3,"scaleLabel":"F3","lengthMiles":0.5,"deaths":0,"injuries":2}},{"type":"Feature","geometry":{"type":"Point","coordinates":[-96.77,28.62]},"properties":{"id":"ncei-1972-10135245","year":1972,"month":10,"state":"TX","stateName":"Texas","scale":2,"scaleLabel":"F2","lengthMiles":10.8,"deaths":0,"injuries":2}},{"type":"Feature","geometry":{"type":"Point","coordinates":[-97.12,32.7]},"properties":{"id":"ncei-1972-10135252","year":1972,"month":11,"state":"TX","stateName":"Texas","scale":1,"scaleLabel":"F1","lengthMiles":0.1,"deaths":0,"injuries":5}},{"type":"Feature","geometry":{"type":"Point","coordinates":[-96.85,32.72]},"properties":{"id":"ncei-1972-10135254","year":1972,"month":11,"state":"TX","stateName":"Texas","scale":1,"scaleLabel":"F1","lengthMiles":0.3,"deaths":0,"injuries":0}},{"type":"Feature","geometry":{"type":"Point","coordinates":[-96.7,32.63]},"properties":{"id":"ncei-1972-10135256","year":1972,"month":11,"state":"TX","stateName":"Texas","scale":1,"scaleLabel":"F1","lengthMiles":0.3,"deaths":0,"injuries":0}},{"type":"Feature","geometry":{"type":"Point","coordinates":[-97.52,31.33]},"properties":{"id":"ncei-1972-10135257","year":1972,"month":11,"state":"TX","stateName":"Texas","scale":1,"scaleLabel":"F1","lengthMiles":24,"deaths":0,"injuries":0}},{"type":"Feature","geometry":{"type":"Point","coordinates":[-94.42,31.05]},"properties":{"id":"ncei-1972-10135264","year":1972,"month":11,"state":"TX","stateName":"Texas","scale":2,"scaleLabel":"F2","lengthMiles":3.3,"deaths":2,"injuries":0}},{"type":"Feature","geometry":{"type":"Point","coordinates":[-93.63,31.2]},"properties":{"id":"ncei-1972-10135265","year":1972,"month":11,"state":"TX","stateName":"Texas","scale":1,"scaleLabel":"F1","lengthMiles":2,"deaths":0,"injuries":0}},{"type":"Feature","geometry":{"type":"Point","coordinates":[-100.72,35.67]},"properties":{"id":"ncei-1972-10136052","year":1972,"month":4,"state":"TX","stateName":"Texas","scale":1,"scaleLabel":"F1","lengthMiles":0.1,"deaths":0,"injuries":0}},{"type":"Feature","geometry":{"type":"Point","coordinates":[-100.33,35.08]},"properties":{"id":"ncei-1972-10136054","year":1972,"month":4,"state":"TX","stateName":"Texas","scale":1,"scaleLabel":"F1","lengthMiles":11.1,"deaths":0,"injuries":0}},{"type":"Feature","geometry":{"type":"Point","coordinates":[-97.33,31.1]},"properties":{"id":"ncei-1972-10136064","year":1972,"month":5,"state":"TX","stateName":"Texas","scale":1,"scaleLabel":"F1","lengthMiles":0.1,"deaths":0,"injuries":0}},{"type":"Feature","geometry":{"type":"Point","coordinates":[-93.97,29.85]},"properties":{"id":"ncei-1972-10136123","year":1972,"month":11,"state":"TX","stateName":"Texas","scale":2,"scaleLabel":"F2","lengthMiles":2.3,"deaths":0,"injuries":0}},{"type":"Feature","geometry":{"type":"Point","coordinates":[-99.83,28.95]},"properties":{"id":"ncei-1972-10136281","year":1972,"month":5,"state":"TX","stateName":"Texas","scale":1,"scaleLabel":"F1","lengthMiles":0.3,"deaths":0,"injuries":0}},{"type":"Feature","geometry":{"type":"Point","coordinates":[-97.42,26.07]},"properties":{"id":"ncei-1972-10136286","year":1972,"month":5,"state":"TX","stateName":"Texas","scale":0,"scaleLabel":"F0","lengthMiles":0.1,"deaths":0,"injuries":0}},{"type":"Feature","geometry":{"type":"Point","coordinates":[-100.33,35.05]},"properties":{"id":"ncei-1972-10136290","year":1972,"month":5,"state":"TX","stateName":"Texas","scale":1,"scaleLabel":"F1","lengthMiles":0.5,"deaths":0,"injuries":0}},{"type":"Feature","geometry":{"type":"Point","coordinates":[-98.65,28.88]},"properties":{"id":"ncei-1972-10136296","year":1972,"month":5,"state":"TX","stateName":"Texas","scale":1,"scaleLabel":"F1","lengthMiles":13.1,"deaths":0,"injuries":1}},{"type":"Feature","geometry":{"type":"Point","coordinates":[-98.53,28.88]},"properties":{"id":"ncei-1972-10136297","year":1972,"month":5,"state":"TX","stateName":"Texas","scale":1,"scaleLabel":"F1","lengthMiles":0,"deaths":0,"injuries":0}},{"type":"Feature","geometry":{"type":"Point","coordinates":[-100.62,28.92]},"properties":{"id":"ncei-1972-10136302","year":1972,"month":5,"state":"TX","stateName":"Texas","scale":2,"scaleLabel":"F2","lengthMiles":6.5,"deaths":0,"injuries":2}},{"type":"Feature","geometry":{"type":"Point","coordinates":[-97.62,29.42]},"properties":{"id":"ncei-1972-10136305","year":1972,"month":5,"state":"TX","stateName":"Texas","scale":1,"scaleLabel":"F1","lengthMiles":0.2,"deaths":0,"injuries":0}},{"type":"Feature","geometry":{"type":"Point","coordinates":[-96.62,28.62]},"properties":{"id":"ncei-1972-10136307","year":1972,"month":5,"state":"TX","stateName":"Texas","scale":2,"scaleLabel":"F2","lengthMiles":0.1,"deaths":0,"injuries":1}},{"type":"Feature","geometry":{"type":"Point","coordinates":[-96.62,28.85]},"properties":{"id":"ncei-1972-10136308","year":1972,"month":5,"state":"TX","stateName":"Texas","scale":1,"scaleLabel":"F1","lengthMiles":0.3,"deaths":0,"injuries":0}},{"type":"Feature","geometry":{"type":"Point","coordinates":[-97.72,29.27]},"properties":{"id":"ncei-1972-10136309","year":1972,"month":5,"state":"TX","stateName":"Texas","scale":1,"scaleLabel":"F1","lengthMiles":0.3,"deaths":0,"injuries":0}},{"type":"Feature","geometry":{"type":"Point","coordinates":[-102.73,34.2]},"properties":{"id":"ncei-1972-10136314","year":1972,"month":5,"state":"TX","stateName":"Texas","scale":1,"scaleLabel":"F1","lengthMiles":0.1,"deaths":0,"injuries":0}},{"type":"Feature","geometry":{"type":"Point","coordinates":[-102.42,34.32]},"properties":{"id":"ncei-1972-10136315","year":1972,"month":5,"state":"TX","stateName":"Texas","scale":1,"scaleLabel":"F1","lengthMiles":0.3,"deaths":0,"injuries":0}},{"type":"Feature","geometry":{"type":"Point","coordinates":[-101.83,35.13]},"properties":{"id":"ncei-1972-10136316","year":1972,"month":5,"state":"TX","stateName":"Texas","scale":1,"scaleLabel":"F1","lengthMiles":0.5,"deaths":0,"injuries":0}},{"type":"Feature","geometry":{"type":"Point","coordinates":[-99.97,31.93]},"properties":{"id":"ncei-1972-10136317","year":1972,"month":5,"state":"TX","stateName":"Texas","scale":1,"scaleLabel":"F1","lengthMiles":0.5,"deaths":0,"injuries":0}},{"type":"Feature","geometry":{"type":"Point","coordinates":[-97,28.8]},"properties":{"id":"ncei-1972-10136320","year":1972,"month":5,"state":"TX","stateName":"Texas","scale":1,"scaleLabel":"F1","lengthMiles":0.3,"deaths":0,"injuries":0}},{"type":"Feature","geometry":{"type":"Point","coordinates":[-102.75,35.93]},"properties":{"id":"ncei-1972-10136324","year":1972,"month":5,"state":"TX","stateName":"Texas","scale":1,"scaleLabel":"F1","lengthMiles":0,"deaths":0,"injuries":0}},{"type":"Feature","geometry":{"type":"Point","coordinates":[-102.55,36.07]},"properties":{"id":"ncei-1972-10136325","year":1972,"month":5,"state":"TX","stateName":"Texas","scale":1,"scaleLabel":"F1","lengthMiles":0,"deaths":0,"injuries":0}},{"type":"Feature","geometry":{"type":"Point","coordinates":[-102.23,36.23]},"properties":{"id":"ncei-1972-10136334","year":1972,"month":5,"state":"TX","stateName":"Texas","scale":2,"scaleLabel":"F2","lengthMiles":1,"deaths":0,"injuries":0}},{"type":"Feature","geometry":{"type":"Point","coordinates":[-102.23,36.25]},"properties":{"id":"ncei-1972-10136335","year":1972,"month":5,"state":"TX","stateName":"Texas","scale":2,"scaleLabel":"F2","lengthMiles":1,"deaths":0,"injuries":0}},{"type":"Feature","geometry":{"type":"Point","coordinates":[-82.17,38.05]},"properties":{"id":"ncei-1972-10145523","year":1972,"month":9,"state":"WV","stateName":"West Virginia","scale":1,"scaleLabel":"F1","lengthMiles":20.9,"deaths":0,"injuries":0}},{"type":"Feature","geometry":{"type":"Point","coordinates":[-88.38,43.78]},"properties":{"id":"ncei-1972-10145696","year":1972,"month":7,"state":"WI","stateName":"Wisconsin","scale":1,"scaleLabel":"F1","lengthMiles":1.3,"deaths":0,"injuries":0}},{"type":"Feature","geometry":{"type":"Point","coordinates":[-88.53,43.03]},"properties":{"id":"ncei-1972-10145697","year":1972,"month":7,"state":"WI","stateName":"Wisconsin","scale":1,"scaleLabel":"F1","lengthMiles":34,"deaths":0,"injuries":0}},{"type":"Feature","geometry":{"type":"Point","coordinates":[-88.33,42.93]},"properties":{"id":"ncei-1972-10145698","year":1972,"month":7,"state":"WI","stateName":"Wisconsin","scale":1,"scaleLabel":"F1","lengthMiles":13.9,"deaths":0,"injuries":0}},{"type":"Feature","geometry":{"type":"Point","coordinates":[-88.55,42.72]},"properties":{"id":"ncei-1972-10145699","year":1972,"month":7,"state":"WI","stateName":"Wisconsin","scale":1,"scaleLabel":"F1","lengthMiles":14.1,"deaths":0,"injuries":0}},{"type":"Feature","geometry":{"type":"Point","coordinates":[-91.38,44.07]},"properties":{"id":"ncei-1972-10145704","year":1972,"month":7,"state":"WI","stateName":"Wisconsin","scale":1,"scaleLabel":"F1","lengthMiles":4.3,"deaths":0,"injuries":0}},{"type":"Feature","geometry":{"type":"Point","coordinates":[-88.88,43.08]},"properties":{"id":"ncei-1972-10145707","year":1972,"month":7,"state":"WI","stateName":"Wisconsin","scale":1,"scaleLabel":"F1","lengthMiles":2,"deaths":0,"injuries":3}},{"type":"Feature","geometry":{"type":"Point","coordinates":[-87.77,44.63]},"properties":{"id":"ncei-1972-10145708","year":1972,"month":7,"state":"WI","stateName":"Wisconsin","scale":1,"scaleLabel":"F1","lengthMiles":3.6,"deaths":0,"injuries":0}},{"type":"Feature","geometry":{"type":"Point","coordinates":[-90.62,43.55]},"properties":{"id":"ncei-1972-10145710","year":1972,"month":8,"state":"WI","stateName":"Wisconsin","scale":1,"scaleLabel":"F1","lengthMiles":3.8,"deaths":0,"injuries":0}},{"type":"Feature","geometry":{"type":"Point","coordinates":[-87.75,44.22]},"properties":{"id":"ncei-1972-10145928","year":1972,"month":8,"state":"WI","stateName":"Wisconsin","scale":1,"scaleLabel":"F1","lengthMiles":12.1,"deaths":0,"injuries":0}},{"type":"Feature","geometry":{"type":"Point","coordinates":[-88.75,45.45]},"properties":{"id":"ncei-1972-10145929","year":1972,"month":9,"state":"WI","stateName":"Wisconsin","scale":2,"scaleLabel":"F2","lengthMiles":53.1,"deaths":0,"injuries":0}},{"type":"Feature","geometry":{"type":"Point","coordinates":[-90.45,45.67]},"properties":{"id":"ncei-1972-10145934","year":1972,"month":9,"state":"WI","stateName":"Wisconsin","scale":2,"scaleLabel":"F2","lengthMiles":13.1,"deaths":0,"injuries":0}},{"type":"Feature","geometry":{"type":"Point","coordinates":[-90.22,42.55]},"properties":{"id":"ncei-1972-10145935","year":1972,"month":9,"state":"WI","stateName":"Wisconsin","scale":1,"scaleLabel":"F1","lengthMiles":1,"deaths":0,"injuries":0}},{"type":"Feature","geometry":{"type":"Point","coordinates":[-90.05,43.77]},"properties":{"id":"ncei-1972-10145937","year":1972,"month":9,"state":"WI","stateName":"Wisconsin","scale":1,"scaleLabel":"F1","lengthMiles":2,"deaths":0,"injuries":0}},{"type":"Feature","geometry":{"type":"Point","coordinates":[-89.62,43.27]},"properties":{"id":"ncei-1972-10145938","year":1972,"month":9,"state":"WI","stateName":"Wisconsin","scale":1,"scaleLabel":"F1","lengthMiles":0.5,"deaths":0,"injuries":0}},{"type":"Feature","geometry":{"type":"Point","coordinates":[-89.08,43.85]},"properties":{"id":"ncei-1972-10145939","year":1972,"month":9,"state":"WI","stateName":"Wisconsin","scale":1,"scaleLabel":"F1","lengthMiles":3.3,"deaths":0,"injuries":0}},{"type":"Feature","geometry":{"type":"Point","coordinates":[-90.43,42.53]},"properties":{"id":"ncei-1972-10145941","year":1972,"month":9,"state":"WI","stateName":"Wisconsin","scale":1,"scaleLabel":"F1","lengthMiles":0,"deaths":0,"injuries":0}},{"type":"Feature","geometry":{"type":"Point","coordinates":[-89.63,42.6]},"properties":{"id":"ncei-1972-10145942","year":1972,"month":9,"state":"WI","stateName":"Wisconsin","scale":1,"scaleLabel":"F1","lengthMiles":2.2,"deaths":0,"injuries":0}},{"type":"Feature","geometry":{"type":"Point","coordinates":[-88.42,42.77]},"properties":{"id":"ncei-1972-10145943","year":1972,"month":9,"state":"WI","stateName":"Wisconsin","scale":2,"scaleLabel":"F2","lengthMiles":1.5,"deaths":0,"injuries":0}},{"type":"Feature","geometry":{"type":"Point","coordinates":[-88.15,42.8]},"properties":{"id":"ncei-1972-10145944","year":1972,"month":9,"state":"WI","stateName":"Wisconsin","scale":2,"scaleLabel":"F2","lengthMiles":1,"deaths":0,"injuries":0}},{"type":"Feature","geometry":{"type":"Point","coordinates":[-122.63,45.6]},"properties":{"id":"ncei-1972-10146484","year":1972,"month":4,"state":"WA","stateName":"Washington","scale":3,"scaleLabel":"F3","lengthMiles":8.7,"deaths":6,"injuries":300}},{"type":"Feature","geometry":{"type":"Point","coordinates":[-119.1,47.7]},"properties":{"id":"ncei-1972-10146485","year":1972,"month":4,"state":"WA","stateName":"Washington","scale":2,"scaleLabel":"F2","lengthMiles":0,"deaths":0,"injuries":0}},{"type":"Feature","geometry":{"type":"Point","coordinates":[-118.52,47.75]},"properties":{"id":"ncei-1972-10146486","year":1972,"month":4,"state":"WA","stateName":"Washington","scale":3,"scaleLabel":"F3","lengthMiles":0,"deaths":0,"injuries":1}},{"type":"Feature","geometry":{"type":"Point","coordinates":[-118.1,48.6]},"properties":{"id":"ncei-1972-10146487","year":1972,"month":4,"state":"WA","stateName":"Washington","scale":2,"scaleLabel":"F2","lengthMiles":1,"deaths":0,"injuries":0}},{"type":"Feature","geometry":{"type":"Point","coordinates":[-90.72,42.85]},"properties":{"id":"ncei-1972-10148991","year":1972,"month":5,"state":"WI","stateName":"Wisconsin","scale":0,"scaleLabel":"F0","lengthMiles":0.5,"deaths":0,"injuries":0}},{"type":"Feature","geometry":{"type":"Point","coordinates":[-88.97,42.65]},"properties":{"id":"ncei-1972-10148992","year":1972,"month":5,"state":"WI","stateName":"Wisconsin","scale":1,"scaleLabel":"F1","lengthMiles":2.7,"deaths":0,"injuries":0}},{"type":"Feature","geometry":{"type":"Point","coordinates":[-90.53,43.32]},"properties":{"id":"ncei-1972-10148998","year":1972,"month":6,"state":"WI","stateName":"Wisconsin","scale":1,"scaleLabel":"F1","lengthMiles":2,"deaths":0,"injuries":0}},{"type":"Feature","geometry":{"type":"Point","coordinates":[-89.62,43.5]},"properties":{"id":"ncei-1972-10148999","year":1972,"month":6,"state":"WI","stateName":"Wisconsin","scale":1,"scaleLabel":"F1","lengthMiles":2,"deaths":0,"injuries":0}},{"type":"Feature","geometry":{"type":"Point","coordinates":[-72.85,44.78]},"properties":{"id":"ncei-1972-10151213","year":1972,"month":7,"state":"VT","stateName":"Vermont","scale":1,"scaleLabel":"F1","lengthMiles":2,"deaths":0,"injuries":0}},{"type":"Feature","geometry":{"type":"Point","coordinates":[-72.15,43.93]},"properties":{"id":"ncei-1972-10151217","year":1972,"month":8,"state":"VT","stateName":"Vermont","scale":1,"scaleLabel":"F1","lengthMiles":3.6,"deaths":0,"injuries":0}},{"type":"Feature","geometry":{"type":"Point","coordinates":[-75.98,36.85]},"properties":{"id":"ncei-1972-10154069","year":1972,"month":7,"state":"VA","stateName":"Virginia","scale":1,"scaleLabel":"F1","lengthMiles":0,"deaths":0,"injuries":2}},{"type":"Feature","geometry":{"type":"Point","coordinates":[-79.3,37.03]},"properties":{"id":"ncei-1972-10154072","year":1972,"month":9,"state":"VA","stateName":"Virginia","scale":1,"scaleLabel":"F1","lengthMiles":5.1,"deaths":0,"injuries":0}},{"type":"Feature","geometry":{"type":"Point","coordinates":[-105.52,44.32]},"properties":{"id":"ncei-1972-10162866","year":1972,"month":6,"state":"WY","stateName":"Wyoming","scale":1,"scaleLabel":"F1","lengthMiles":0,"deaths":0,"injuries":0}},{"type":"Feature","geometry":{"type":"Point","coordinates":[-104.47,44.47]},"properties":{"id":"ncei-1972-10162869","year":1972,"month":6,"state":"WY","stateName":"Wyoming","scale":1,"scaleLabel":"F1","lengthMiles":0.3,"deaths":0,"injuries":0}},{"type":"Feature","geometry":{"type":"Point","coordinates":[-67.25,18.4]},"properties":{"id":"ncei-1972-10162873","year":1972,"month":6,"state":"WY","stateName":"Wyoming","scale":-1,"scaleLabel":"Unknown","lengthMiles":0,"deaths":0,"injuries":0}},{"type":"Feature","geometry":{"type":"Point","coordinates":[-104.67,41.73]},"properties":{"id":"ncei-1972-10162875","year":1972,"month":7,"state":"WY","stateName":"Wyoming","scale":0,"scaleLabel":"F0","lengthMiles":0,"deaths":0,"injuries":0}},{"type":"Feature","geometry":{"type":"Point","coordinates":[-81.48,26.77]},"properties":{"id":"ncei-1972-990000001","year":1972,"month":6,"state":"FL","stateName":"Florida","scale":2,"scaleLabel":"F2","lengthMiles":0.7,"deaths":0,"injuries":6}},{"type":"Feature","geometry":{"type":"Point","coordinates":[-81.47,26.73]},"properties":{"id":"ncei-1972-990000002","year":1972,"month":6,"state":"FL","stateName":"Florida","scale":2,"scaleLabel":"F2","lengthMiles":2.8,"deaths":1,"injuries":1}},{"type":"Feature","geometry":{"type":"Point","coordinates":[-80.8,27.21]},"properties":{"id":"ncei-1972-990000003","year":1972,"month":6,"state":"FL","stateName":"Florida","scale":2,"scaleLabel":"F2","lengthMiles":4.5,"deaths":6,"injuries":44}},{"type":"Feature","geometry":{"type":"Point","coordinates":[-87.78,32.3]},"properties":{"id":"ncei-1972-9977484","year":1972,"month":1,"state":"AL","stateName":"Alabama","scale":2,"scaleLabel":"F2","lengthMiles":1,"deaths":0,"injuries":0}},{"type":"Feature","geometry":{"type":"Point","coordinates":[-85.58,32.73]},"properties":{"id":"ncei-1972-9977485","year":1972,"month":1,"state":"AL","stateName":"Alabama","scale":2,"scaleLabel":"F2","lengthMiles":4.5,"deaths":0,"injuries":0}},{"type":"Feature","geometry":{"type":"Point","coordinates":[-85.8,31.32]},"properties":{"id":"ncei-1972-9977486","year":1972,"month":1,"state":"AL","stateName":"Alabama","scale":2,"scaleLabel":"F2","lengthMiles":1.1,"deaths":0,"injuries":0}},{"type":"Feature","geometry":{"type":"Point","coordinates":[-85.8,31.33]},"properties":{"id":"ncei-1972-9977487","year":1972,"month":1,"state":"AL","stateName":"Alabama","scale":2,"scaleLabel":"F2","lengthMiles":5.2,"deaths":4,"injuries":88}},{"type":"Feature","geometry":{"type":"Point","coordinates":[-85.4,31.6]},"properties":{"id":"ncei-1972-9977488","year":1972,"month":1,"state":"AL","stateName":"Alabama","scale":3,"scaleLabel":"F3","lengthMiles":8.4,"deaths":0,"injuries":2}},{"type":"Feature","geometry":{"type":"Point","coordinates":[-85.37,31.72]},"properties":{"id":"ncei-1972-9977489","year":1972,"month":1,"state":"AL","stateName":"Alabama","scale":3,"scaleLabel":"F3","lengthMiles":8.4,"deaths":0,"injuries":0}},{"type":"Feature","geometry":{"type":"Point","coordinates":[-88.05,31.43]},"properties":{"id":"ncei-1972-9978347","year":1972,"month":3,"state":"AL","stateName":"Alabama","scale":2,"scaleLabel":"F2","lengthMiles":8,"deaths":0,"injuries":0}},{"type":"Feature","geometry":{"type":"Point","coordinates":[-87.48,31]},"properties":{"id":"ncei-1972-9978565","year":1972,"month":3,"state":"AL","stateName":"Alabama","scale":2,"scaleLabel":"F2","lengthMiles":4.7,"deaths":0,"injuries":0}},{"type":"Feature","geometry":{"type":"Point","coordinates":[-88.17,30.55]},"properties":{"id":"ncei-1972-9978577","year":1972,"month":3,"state":"AL","stateName":"Alabama","scale":1,"scaleLabel":"F1","lengthMiles":1,"deaths":0,"injuries":0}},{"type":"Feature","geometry":{"type":"Point","coordinates":[-87.13,32.1]},"properties":{"id":"ncei-1972-9978587","year":1972,"month":4,"state":"AL","stateName":"Alabama","scale":2,"scaleLabel":"F2","lengthMiles":5.7,"deaths":0,"injuries":0}},{"type":"Feature","geometry":{"type":"Point","coordinates":[-87.48,31.02]},"properties":{"id":"ncei-1972-9978590","year":1972,"month":6,"state":"AL","stateName":"Alabama","scale":2,"scaleLabel":"F2","lengthMiles":0.1,"deaths":0,"injuries":0}},{"type":"Feature","geometry":{"type":"Point","coordinates":[-86.5,34.32]},"properties":{"id":"ncei-1972-9978599","year":1972,"month":6,"state":"AL","stateName":"Alabama","scale":2,"scaleLabel":"F2","lengthMiles":0.3,"deaths":0,"injuries":2}},{"type":"Feature","geometry":{"type":"Point","coordinates":[-85.98,31.8]},"properties":{"id":"ncei-1972-9978608","year":1972,"month":7,"state":"AL","stateName":"Alabama","scale":2,"scaleLabel":"F2","lengthMiles":0.3,"deaths":0,"injuries":0}},{"type":"Feature","geometry":{"type":"Point","coordinates":[-86.92,33.52]},"properties":{"id":"ncei-1972-9978613","year":1972,"month":10,"state":"AL","stateName":"Alabama","scale":2,"scaleLabel":"F2","lengthMiles":17.1,"deaths":0,"injuries":0}},{"type":"Feature","geometry":{"type":"Point","coordinates":[-87.7,30.62]},"properties":{"id":"ncei-1972-9978615","year":1972,"month":11,"state":"AL","stateName":"Alabama","scale":2,"scaleLabel":"F2","lengthMiles":1,"deaths":0,"injuries":0}},{"type":"Feature","geometry":{"type":"Point","coordinates":[-87.05,31.03]},"properties":{"id":"ncei-1972-9978616","year":1972,"month":12,"state":"AL","stateName":"Alabama","scale":2,"scaleLabel":"F2","lengthMiles":1,"deaths":0,"injuries":3}},{"type":"Feature","geometry":{"type":"Point","coordinates":[-112.08,33.38]},"properties":{"id":"ncei-1972-9981074","year":1972,"month":8,"state":"AZ","stateName":"Arizona","scale":1,"scaleLabel":"F1","lengthMiles":0.3,"deaths":0,"injuries":0}},{"type":"Feature","geometry":{"type":"Point","coordinates":[-109.83,32.18]},"properties":{"id":"ncei-1972-9981075","year":1972,"month":9,"state":"AZ","stateName":"Arizona","scale":0,"scaleLabel":"F0","lengthMiles":0,"deaths":0,"injuries":0}},{"type":"Feature","geometry":{"type":"Point","coordinates":[-111.85,33.4]},"properties":{"id":"ncei-1972-9981078","year":1972,"month":9,"state":"AZ","stateName":"Arizona","scale":1,"scaleLabel":"F1","lengthMiles":1.8,"deaths":0,"injuries":1}},{"type":"Feature","geometry":{"type":"Point","coordinates":[-114.57,35.03]},"properties":{"id":"ncei-1972-9981079","year":1972,"month":9,"state":"AZ","stateName":"Arizona","scale":1,"scaleLabel":"F1","lengthMiles":0,"deaths":0,"injuries":1}},{"type":"Feature","geometry":{"type":"Point","coordinates":[-114.17,34.25]},"properties":{"id":"ncei-1972-9981080","year":1972,"month":9,"state":"AZ","stateName":"Arizona","scale":1,"scaleLabel":"F1","lengthMiles":0,"deaths":0,"injuries":0}},{"type":"Feature","geometry":{"type":"Point","coordinates":[-113.35,33.05]},"properties":{"id":"ncei-1972-9981081","year":1972,"month":10,"state":"AZ","stateName":"Arizona","scale":0,"scaleLabel":"F0","lengthMiles":0,"deaths":0,"injuries":0}},{"type":"Feature","geometry":{"type":"Point","coordinates":[-111.53,33.42]},"properties":{"id":"ncei-1972-9981083","year":1972,"month":10,"state":"AZ","stateName":"Arizona","scale":1,"scaleLabel":"F1","lengthMiles":0,"deaths":0,"injuries":0}},{"type":"Feature","geometry":{"type":"Point","coordinates":[-112.17,33.47]},"properties":{"id":"ncei-1972-9981766","year":1972,"month":6,"state":"AZ","stateName":"Arizona","scale":0,"scaleLabel":"F0","lengthMiles":0.3,"deaths":0,"injuries":0}},{"type":"Feature","geometry":{"type":"Point","coordinates":[-111.55,32.75]},"properties":{"id":"ncei-1972-9981767","year":1972,"month":6,"state":"AZ","stateName":"Arizona","scale":1,"scaleLabel":"F1","lengthMiles":1,"deaths":0,"injuries":8}},{"type":"Feature","geometry":{"type":"Point","coordinates":[-111.73,33.07]},"properties":{"id":"ncei-1972-9981768","year":1972,"month":6,"state":"AZ","stateName":"Arizona","scale":0,"scaleLabel":"F0","lengthMiles":17.8,"deaths":0,"injuries":0}},{"type":"Feature","geometry":{"type":"Point","coordinates":[-112.12,33.02]},"properties":{"id":"ncei-1972-9981769","year":1972,"month":6,"state":"AZ","stateName":"Arizona","scale":1,"scaleLabel":"F1","lengthMiles":6.4,"deaths":0,"injuries":5}},{"type":"Feature","geometry":{"type":"Point","coordinates":[-111.55,33.42]},"properties":{"id":"ncei-1972-9981770","year":1972,"month":6,"state":"AZ","stateName":"Arizona","scale":0,"scaleLabel":"F0","lengthMiles":0,"deaths":0,"injuries":0}},{"type":"Feature","geometry":{"type":"Point","coordinates":[-111.93,33.38]},"properties":{"id":"ncei-1972-9981771","year":1972,"month":6,"state":"AZ","stateName":"Arizona","scale":0,"scaleLabel":"F0","lengthMiles":0,"deaths":0,"injuries":0}},{"type":"Feature","geometry":{"type":"Point","coordinates":[-112,33.47]},"properties":{"id":"ncei-1972-9981774","year":1972,"month":6,"state":"AZ","stateName":"Arizona","scale":2,"scaleLabel":"F2","lengthMiles":13.5,"deaths":0,"injuries":3}},{"type":"Feature","geometry":{"type":"Point","coordinates":[-111.57,33.1]},"properties":{"id":"ncei-1972-9981778","year":1972,"month":7,"state":"AZ","stateName":"Arizona","scale":0,"scaleLabel":"F0","lengthMiles":0,"deaths":0,"injuries":0}},{"type":"Feature","geometry":{"type":"Point","coordinates":[-113.92,35.32]},"properties":{"id":"ncei-1972-9981785","year":1972,"month":8,"state":"AZ","stateName":"Arizona","scale":0,"scaleLabel":"F0","lengthMiles":2.3,"deaths":0,"injuries":0}},{"type":"Feature","geometry":{"type":"Point","coordinates":[-112.47,34.75]},"properties":{"id":"ncei-1972-9981786","year":1972,"month":8,"state":"AZ","stateName":"Arizona","scale":3,"scaleLabel":"F3","lengthMiles":0,"deaths":0,"injuries":0}},{"type":"Feature","geometry":{"type":"Point","coordinates":[-92.1,33.4]},"properties":{"id":"ncei-1972-9983313","year":1972,"month":3,"state":"AR","stateName":"Arkansas","scale":0,"scaleLabel":"F0","lengthMiles":2.7,"deaths":0,"injuries":0}},{"type":"Feature","geometry":{"type":"Point","coordinates":[-91.5,33.88]},"properties":{"id":"ncei-1972-9983314","year":1972,"month":3,"state":"AR","stateName":"Arkansas","scale":2,"scaleLabel":"F2","lengthMiles":1,"deaths":0,"injuries":0}},{"type":"Feature","geometry":{"type":"Point","coordinates":[-92.43,34.62]},"properties":{"id":"ncei-1972-9983320","year":1972,"month":3,"state":"AR","stateName":"Arkansas","scale":0,"scaleLabel":"F0","lengthMiles":0.3,"deaths":0,"injuries":0}},{"type":"Feature","geometry":{"type":"Point","coordinates":[-91.28,33.75]},"properties":{"id":"ncei-1972-9983323","year":1972,"month":3,"state":"AR","stateName":"Arkansas","scale":1,"scaleLabel":"F1","lengthMiles":0.3,"deaths":0,"injuries":0}},{"type":"Feature","geometry":{"type":"Point","coordinates":[-92.8,33.18]},"properties":{"id":"ncei-1972-9983334","year":1972,"month":3,"state":"AR","stateName":"Arkansas","scale":2,"scaleLabel":"F2","lengthMiles":5.4,"deaths":0,"injuries":3}},{"type":"Feature","geometry":{"type":"Point","coordinates":[-92.47,33.15]},"properties":{"id":"ncei-1972-9983336","year":1972,"month":3,"state":"AR","stateName":"Arkansas","scale":3,"scaleLabel":"F3","lengthMiles":10.4,"deaths":0,"injuries":0}},{"type":"Feature","geometry":{"type":"Point","coordinates":[-90.52,35.63]},"properties":{"id":"ncei-1972-9983346","year":1972,"month":4,"state":"AR","stateName":"Arkansas","scale":1,"scaleLabel":"F1","lengthMiles":0,"deaths":0,"injuries":0}},{"type":"Feature","geometry":{"type":"Point","coordinates":[-89.97,35.7]},"properties":{"id":"ncei-1972-9983347","year":1972,"month":4,"state":"AR","stateName":"Arkansas","scale":2,"scaleLabel":"F2","lengthMiles":0.1,"deaths":0,"injuries":0}},{"type":"Feature","geometry":{"type":"Point","coordinates":[-92.33,35.78]},"properties":{"id":"ncei-1972-9983348","year":1972,"month":4,"state":"AR","stateName":"Arkansas","scale":3,"scaleLabel":"F3","lengthMiles":2,"deaths":0,"injuries":0}},{"type":"Feature","geometry":{"type":"Point","coordinates":[-91.33,33.43]},"properties":{"id":"ncei-1972-9983350","year":1972,"month":4,"state":"AR","stateName":"Arkansas","scale":2,"scaleLabel":"F2","lengthMiles":0.5,"deaths":0,"injuries":0}},{"type":"Feature","geometry":{"type":"Point","coordinates":[-91.42,35.6]},"properties":{"id":"ncei-1972-9984427","year":1972,"month":6,"state":"AR","stateName":"Arkansas","scale":2,"scaleLabel":"F2","lengthMiles":0.5,"deaths":0,"injuries":0}},{"type":"Feature","geometry":{"type":"Point","coordinates":[-92.08,33.35]},"properties":{"id":"ncei-1972-9984429","year":1972,"month":6,"state":"AR","stateName":"Arkansas","scale":3,"scaleLabel":"F3","lengthMiles":0.3,"deaths":0,"injuries":0}},{"type":"Feature","geometry":{"type":"Point","coordinates":[-92.72,35.17]},"properties":{"id":"ncei-1972-9984442","year":1972,"month":7,"state":"AR","stateName":"Arkansas","scale":1,"scaleLabel":"F1","lengthMiles":0.3,"deaths":0,"injuries":0}},{"type":"Feature","geometry":{"type":"Point","coordinates":[-93.58,36.37]},"properties":{"id":"ncei-1972-9984445","year":1972,"month":7,"state":"AR","stateName":"Arkansas","scale":1,"scaleLabel":"F1","lengthMiles":0.3,"deaths":0,"injuries":0}},{"type":"Feature","geometry":{"type":"Point","coordinates":[-102.08,37.5]},"properties":{"id":"ncei-1972-9985491","year":1972,"month":5,"state":"CO","stateName":"Colorado","scale":0,"scaleLabel":"F0","lengthMiles":0,"deaths":0,"injuries":0}},{"type":"Feature","geometry":{"type":"Point","coordinates":[-104.4,40.35]},"properties":{"id":"ncei-1972-9986056","year":1972,"month":5,"state":"CO","stateName":"Colorado","scale":1,"scaleLabel":"F1","lengthMiles":1,"deaths":0,"injuries":0}},{"type":"Feature","geometry":{"type":"Point","coordinates":[-104.6,39.12]},"properties":{"id":"ncei-1972-9986844","year":1972,"month":5,"state":"CO","stateName":"Colorado","scale":1,"scaleLabel":"F1","lengthMiles":0,"deaths":0,"injuries":0}},{"type":"Feature","geometry":{"type":"Point","coordinates":[-103.75,40.2]},"properties":{"id":"ncei-1972-9986851","year":1972,"month":6,"state":"CO","stateName":"Colorado","scale":0,"scaleLabel":"F0","lengthMiles":0,"deaths":0,"injuries":0}},{"type":"Feature","geometry":{"type":"Point","coordinates":[-102.45,39.88]},"properties":{"id":"ncei-1972-9986854","year":1972,"month":6,"state":"CO","stateName":"Colorado","scale":0,"scaleLabel":"F0","lengthMiles":0,"deaths":0,"injuries":0}},{"type":"Feature","geometry":{"type":"Point","coordinates":[-102.5,39.92]},"properties":{"id":"ncei-1972-9986855","year":1972,"month":6,"state":"CO","stateName":"Colorado","scale":2,"scaleLabel":"F2","lengthMiles":19.3,"deaths":0,"injuries":3}},{"type":"Feature","geometry":{"type":"Point","coordinates":[-103.75,39.32]},"properties":{"id":"ncei-1972-9986856","year":1972,"month":6,"state":"CO","stateName":"Colorado","scale":0,"scaleLabel":"F0","lengthMiles":0,"deaths":0,"injuries":0}},{"type":"Feature","geometry":{"type":"Point","coordinates":[-103.95,39.27]},"properties":{"id":"ncei-1972-9986857","year":1972,"month":6,"state":"CO","stateName":"Colorado","scale":0,"scaleLabel":"F0","lengthMiles":13.1,"deaths":0,"injuries":0}},{"type":"Feature","geometry":{"type":"Point","coordinates":[-103.82,39.37]},"properties":{"id":"ncei-1972-9986858","year":1972,"month":6,"state":"CO","stateName":"Colorado","scale":0,"scaleLabel":"F0","lengthMiles":0,"deaths":0,"injuries":0}},{"type":"Feature","geometry":{"type":"Point","coordinates":[-103.03,40.45]},"properties":{"id":"ncei-1972-9986868","year":1972,"month":7,"state":"CO","stateName":"Colorado","scale":0,"scaleLabel":"F0","lengthMiles":0,"deaths":0,"injuries":0}},{"type":"Feature","geometry":{"type":"Point","coordinates":[-103.42,40.83]},"properties":{"id":"ncei-1972-9986869","year":1972,"month":7,"state":"CO","stateName":"Colorado","scale":0,"scaleLabel":"F0","lengthMiles":0,"deaths":0,"injuries":0}},{"type":"Feature","geometry":{"type":"Point","coordinates":[-72.65,41.58]},"properties":{"id":"ncei-1972-9987328","year":1972,"month":7,"state":"CT","stateName":"Connecticut","scale":1,"scaleLabel":"F1","lengthMiles":1,"deaths":0,"injuries":0}},{"type":"Feature","geometry":{"type":"Point","coordinates":[-73.25,41.92]},"properties":{"id":"ncei-1972-9987329","year":1972,"month":8,"state":"CT","stateName":"Connecticut","scale":1,"scaleLabel":"F1","lengthMiles":9.3,"deaths":0,"injuries":0}},{"type":"Feature","geometry":{"type":"Point","coordinates":[-73.17,41.67]},"properties":{"id":"ncei-1972-9987330","year":1972,"month":8,"state":"CT","stateName":"Connecticut","scale":1,"scaleLabel":"F1","lengthMiles":2,"deaths":0,"injuries":0}},{"type":"Feature","geometry":{"type":"Point","coordinates":[-115.05,33.3]},"properties":{"id":"ncei-1972-9990616","year":1972,"month":6,"state":"CA","stateName":"California","scale":0,"scaleLabel":"F0","lengthMiles":0,"deaths":0,"injuries":0}},{"type":"Feature","geometry":{"type":"Point","coordinates":[-120.5,38.8]},"properties":{"id":"ncei-1972-9990620","year":1972,"month":10,"state":"CA","stateName":"California","scale":0,"scaleLabel":"F0","lengthMiles":0,"deaths":0,"injuries":0}},{"type":"Feature","geometry":{"type":"Point","coordinates":[-119.83,37.8]},"properties":{"id":"ncei-1972-9990623","year":1972,"month":10,"state":"CA","stateName":"California","scale":0,"scaleLabel":"F0","lengthMiles":0,"deaths":0,"injuries":0}},{"type":"Feature","geometry":{"type":"Point","coordinates":[-121.35,38.75]},"properties":{"id":"ncei-1972-9990624","year":1972,"month":10,"state":"CA","stateName":"California","scale":0,"scaleLabel":"F0","lengthMiles":0,"deaths":0,"injuries":0}},{"type":"Feature","geometry":{"type":"Point","coordinates":[-83.6,32.18]},"properties":{"id":"ncei-1972-9994557","year":1972,"month":1,"state":"GA","stateName":"Georgia","scale":2,"scaleLabel":"F2","lengthMiles":3.3,"deaths":0,"injuries":0}},{"type":"Feature","geometry":{"type":"Point","coordinates":[-84.4,33.67]},"properties":{"id":"ncei-1972-9994558","year":1972,"month":1,"state":"GA","stateName":"Georgia","scale":3,"scaleLabel":"F3","lengthMiles":3,"deaths":1,"injuries":9}},{"type":"Feature","geometry":{"type":"Point","coordinates":[-84.35,33.68]},"properties":{"id":"ncei-1972-9994559","year":1972,"month":1,"state":"GA","stateName":"Georgia","scale":3,"scaleLabel":"F3","lengthMiles":3.3,"deaths":0,"injuries":0}},{"type":"Feature","geometry":{"type":"Point","coordinates":[-84.5,31.9]},"properties":{"id":"ncei-1972-9994561","year":1972,"month":1,"state":"GA","stateName":"Georgia","scale":1,"scaleLabel":"F1","lengthMiles":0.3,"deaths":0,"injuries":0}},{"type":"Feature","geometry":{"type":"Point","coordinates":[-82.02,32.85]},"properties":{"id":"ncei-1972-9994562","year":1972,"month":1,"state":"GA","stateName":"Georgia","scale":1,"scaleLabel":"F1","lengthMiles":2,"deaths":0,"injuries":0}},{"type":"Feature","geometry":{"type":"Point","coordinates":[-84.6,32.53]},"properties":{"id":"ncei-1972-9994563","year":1972,"month":1,"state":"GA","stateName":"Georgia","scale":1,"scaleLabel":"F1","lengthMiles":1,"deaths":0,"injuries":0}},{"type":"Feature","geometry":{"type":"Point","coordinates":[-85.13,31.78]},"properties":{"id":"ncei-1972-9994564","year":1972,"month":1,"state":"GA","stateName":"Georgia","scale":1,"scaleLabel":"F1","lengthMiles":1.5,"deaths":0,"injuries":0}},{"type":"Feature","geometry":{"type":"Point","coordinates":[-84,32.15]},"properties":{"id":"ncei-1972-9994565","year":1972,"month":1,"state":"GA","stateName":"Georgia","scale":1,"scaleLabel":"F1","lengthMiles":2,"deaths":0,"injuries":0}},{"type":"Feature","geometry":{"type":"Point","coordinates":[-83.8,32.33]},"properties":{"id":"ncei-1972-9994566","year":1972,"month":1,"state":"GA","stateName":"Georgia","scale":1,"scaleLabel":"F1","lengthMiles":1,"deaths":0,"injuries":0}},{"type":"Feature","geometry":{"type":"Point","coordinates":[-84.2,31.08]},"properties":{"id":"ncei-1972-9995415","year":1972,"month":1,"state":"GA","stateName":"Georgia","scale":2,"scaleLabel":"F2","lengthMiles":1,"deaths":0,"injuries":2}},{"type":"Feature","geometry":{"type":"Point","coordinates":[-84.43,32.38]},"properties":{"id":"ncei-1972-9995627","year":1972,"month":1,"state":"GA","stateName":"Georgia","scale":1,"scaleLabel":"F1","lengthMiles":0.5,"deaths":0,"injuries":0}},{"type":"Feature","geometry":{"type":"Point","coordinates":[-84.65,30.73]},"properties":{"id":"ncei-1972-9995629","year":1972,"month":1,"state":"GA","stateName":"Georgia","scale":2,"scaleLabel":"F2","lengthMiles":2,"deaths":0,"injuries":3}},{"type":"Feature","geometry":{"type":"Point","coordinates":[-83.03,32.5]},"properties":{"id":"ncei-1972-9995630","year":1972,"month":1,"state":"GA","stateName":"Georgia","scale":2,"scaleLabel":"F2","lengthMiles":11.3,"deaths":0,"injuries":0}},{"type":"Feature","geometry":{"type":"Point","coordinates":[-82.38,32.87]},"properties":{"id":"ncei-1972-9995631","year":1972,"month":1,"state":"GA","stateName":"Georgia","scale":3,"scaleLabel":"F3","lengthMiles":8.6,"deaths":0,"injuries":2}},{"type":"Feature","geometry":{"type":"Point","coordinates":[-82.25,32.92]},"properties":{"id":"ncei-1972-9995632","year":1972,"month":1,"state":"GA","stateName":"Georgia","scale":3,"scaleLabel":"F3","lengthMiles":25,"deaths":0,"injuries":19}},{"type":"Feature","geometry":{"type":"Point","coordinates":[-83.25,31.53]},"properties":{"id":"ncei-1972-9995633","year":1972,"month":1,"state":"GA","stateName":"Georgia","scale":1,"scaleLabel":"F1","lengthMiles":0.3,"deaths":0,"injuries":0}},{"type":"Feature","geometry":{"type":"Point","coordinates":[-81.63,32.67]},"properties":{"id":"ncei-1972-9995634","year":1972,"month":1,"state":"GA","stateName":"Georgia","scale":0,"scaleLabel":"F0","lengthMiles":0.5,"deaths":0,"injuries":0}},{"type":"Feature","geometry":{"type":"Point","coordinates":[-81.63,32.75]},"properties":{"id":"ncei-1972-9995636","year":1972,"month":2,"state":"GA","stateName":"Georgia","scale":0,"scaleLabel":"F0","lengthMiles":0.1,"deaths":0,"injuries":0}},{"type":"Feature","geometry":{"type":"Point","coordinates":[-84.22,31.17]},"properties":{"id":"ncei-1972-9995637","year":1972,"month":3,"state":"GA","stateName":"Georgia","scale":1,"scaleLabel":"F1","lengthMiles":1,"deaths":0,"injuries":0}},{"type":"Feature","geometry":{"type":"Point","coordinates":[-82.78,34]},"properties":{"id":"ncei-1972-9995641","year":1972,"month":3,"state":"GA","stateName":"Georgia","scale":1,"scaleLabel":"F1","lengthMiles":8.2,"deaths":0,"injuries":0}},{"type":"Feature","geometry":{"type":"Point","coordinates":[-84.82,31.02]},"properties":{"id":"ncei-1972-9995644","year":1972,"month":3,"state":"GA","stateName":"Georgia","scale":1,"scaleLabel":"F1","lengthMiles":0.5,"deaths":0,"injuries":0}},{"type":"Feature","geometry":{"type":"Point","coordinates":[-83.35,32.38]},"properties":{"id":"ncei-1972-9995645","year":1972,"month":3,"state":"GA","stateName":"Georgia","scale":2,"scaleLabel":"F2","lengthMiles":0.5,"deaths":0,"injuries":12}},{"type":"Feature","geometry":{"type":"Point","coordinates":[-82.5,31.83]},"properties":{"id":"ncei-1972-9995647","year":1972,"month":3,"state":"GA","stateName":"Georgia","scale":1,"scaleLabel":"F1","lengthMiles":3.6,"deaths":0,"injuries":0}},{"type":"Feature","geometry":{"type":"Point","coordinates":[-84.63,33.98]},"properties":{"id":"ncei-1972-9995650","year":1972,"month":4,"state":"GA","stateName":"Georgia","scale":1,"scaleLabel":"F1","lengthMiles":3.6,"deaths":0,"injuries":1}},{"type":"Feature","geometry":{"type":"Point","coordinates":[-83.52,33.75]},"properties":{"id":"ncei-1972-9995652","year":1972,"month":4,"state":"GA","stateName":"Georgia","scale":1,"scaleLabel":"F1","lengthMiles":0.5,"deaths":0,"injuries":0}},{"type":"Feature","geometry":{"type":"Point","coordinates":[-83.65,32.85]},"properties":{"id":"ncei-1972-9995654","year":1972,"month":4,"state":"GA","stateName":"Georgia","scale":1,"scaleLabel":"F1","lengthMiles":2.7,"deaths":0,"injuries":0}},{"type":"Feature","geometry":{"type":"Point","coordinates":[-84.23,31.98]},"properties":{"id":"ncei-1972-9995655","year":1972,"month":4,"state":"GA","stateName":"Georgia","scale":1,"scaleLabel":"F1","lengthMiles":0.5,"deaths":0,"injuries":0}},{"type":"Feature","geometry":{"type":"Point","coordinates":[-83.53,32.23]},"properties":{"id":"ncei-1972-9995656","year":1972,"month":4,"state":"GA","stateName":"Georgia","scale":1,"scaleLabel":"F1","lengthMiles":1,"deaths":0,"injuries":0}},{"type":"Feature","geometry":{"type":"Point","coordinates":[-84.22,31.23]},"properties":{"id":"ncei-1972-9995660","year":1972,"month":5,"state":"GA","stateName":"Georgia","scale":0,"scaleLabel":"F0","lengthMiles":0.5,"deaths":0,"injuries":0}},{"type":"Feature","geometry":{"type":"Point","coordinates":[-82.25,31.25]},"properties":{"id":"ncei-1972-9995664","year":1972,"month":6,"state":"GA","stateName":"Georgia","scale":1,"scaleLabel":"F1","lengthMiles":1,"deaths":0,"injuries":1}},{"type":"Feature","geometry":{"type":"Point","coordinates":[-82.87,31.48]},"properties":{"id":"ncei-1972-9995665","year":1972,"month":6,"state":"GA","stateName":"Georgia","scale":2,"scaleLabel":"F2","lengthMiles":1.5,"deaths":0,"injuries":0}},{"type":"Feature","geometry":{"type":"Point","coordinates":[-84,31.95]},"properties":{"id":"ncei-1972-9995666","year":1972,"month":6,"state":"GA","stateName":"Georgia","scale":1,"scaleLabel":"F1","lengthMiles":0.5,"deaths":0,"injuries":0}},{"type":"Feature","geometry":{"type":"Point","coordinates":[-84.45,31.02]},"properties":{"id":"ncei-1972-9995667","year":1972,"month":6,"state":"GA","stateName":"Georgia","scale":1,"scaleLabel":"F1","lengthMiles":0.5,"deaths":0,"injuries":0}},{"type":"Feature","geometry":{"type":"Point","coordinates":[-84.12,32.72]},"properties":{"id":"ncei-1972-9995669","year":1972,"month":6,"state":"GA","stateName":"Georgia","scale":1,"scaleLabel":"F1","lengthMiles":0,"deaths":0,"injuries":0}},{"type":"Feature","geometry":{"type":"Point","coordinates":[-85.18,33.82]},"properties":{"id":"ncei-1972-9995671","year":1972,"month":6,"state":"GA","stateName":"Georgia","scale":1,"scaleLabel":"F1","lengthMiles":0.5,"deaths":0,"injuries":0}},{"type":"Feature","geometry":{"type":"Point","coordinates":[-83.4,32.23]},"properties":{"id":"ncei-1972-9995673","year":1972,"month":6,"state":"GA","stateName":"Georgia","scale":0,"scaleLabel":"F0","lengthMiles":0.3,"deaths":0,"injuries":0}},{"type":"Feature","geometry":{"type":"Point","coordinates":[-83.53,31.12]},"properties":{"id":"ncei-1972-9995675","year":1972,"month":6,"state":"GA","stateName":"Georgia","scale":1,"scaleLabel":"F1","lengthMiles":0.3,"deaths":0,"injuries":1}},{"type":"Feature","geometry":{"type":"Point","coordinates":[-83.37,30.98]},"properties":{"id":"ncei-1972-9995677","year":1972,"month":6,"state":"GA","stateName":"Georgia","scale":0,"scaleLabel":"F0","lengthMiles":0.5,"deaths":0,"injuries":0}},{"type":"Feature","geometry":{"type":"Point","coordinates":[-84.55,33.88]},"properties":{"id":"ncei-1972-9995682","year":1972,"month":8,"state":"GA","stateName":"Georgia","scale":0,"scaleLabel":"F0","lengthMiles":3,"deaths":0,"injuries":0}},{"type":"Feature","geometry":{"type":"Point","coordinates":[-84.68,31.03]},"properties":{"id":"ncei-1972-9995686","year":1972,"month":10,"state":"GA","stateName":"Georgia","scale":1,"scaleLabel":"F1","lengthMiles":4.1,"deaths":0,"injuries":0}},{"type":"Feature","geometry":{"type":"Point","coordinates":[-84.75,30.75]},"properties":{"id":"ncei-1972-9995687","year":1972,"month":10,"state":"GA","stateName":"Georgia","scale":1,"scaleLabel":"F1","lengthMiles":0.5,"deaths":0,"injuries":0}},{"type":"Feature","geometry":{"type":"Point","coordinates":[-84.48,30.75]},"properties":{"id":"ncei-1972-9995688","year":1972,"month":10,"state":"GA","stateName":"Georgia","scale":2,"scaleLabel":"F2","lengthMiles":1,"deaths":0,"injuries":0}},{"type":"Feature","geometry":{"type":"Point","coordinates":[-81.32,32.37]},"properties":{"id":"ncei-1972-9995689","year":1972,"month":10,"state":"GA","stateName":"Georgia","scale":2,"scaleLabel":"F2","lengthMiles":1,"deaths":0,"injuries":0}},{"type":"Feature","geometry":{"type":"Point","coordinates":[-84.93,31.45]},"properties":{"id":"ncei-1972-9995692","year":1972,"month":11,"state":"GA","stateName":"Georgia","scale":0,"scaleLabel":"F0","lengthMiles":0.5,"deaths":0,"injuries":0}},{"type":"Feature","geometry":{"type":"Point","coordinates":[-80.27,26.68]},"properties":{"id":"ncei-1972-9998030","year":1972,"month":3,"state":"FL","stateName":"Florida","scale":1,"scaleLabel":"F1","lengthMiles":0.5,"deaths":0,"injuries":0}},{"type":"Feature","geometry":{"type":"Point","coordinates":[-81.57,28.68]},"properties":{"id":"ncei-1972-9998031","year":1972,"month":3,"state":"FL","stateName":"Florida","scale":1,"scaleLabel":"F1","lengthMiles":0.5,"deaths":0,"injuries":0}},{"type":"Feature","geometry":{"type":"Point","coordinates":[-87.38,30.62]},"properties":{"id":"ncei-1972-9998032","year":1972,"month":4,"state":"FL","stateName":"Florida","scale":0,"scaleLabel":"F0","lengthMiles":0.1,"deaths":0,"injuries":0}},{"type":"Feature","geometry":{"type":"Point","coordinates":[-85,30.57]},"properties":{"id":"ncei-1972-9998251","year":1972,"month":5,"state":"FL","stateName":"Florida","scale":2,"scaleLabel":"F2","lengthMiles":0.3,"deaths":0,"injuries":0}},{"type":"Feature","geometry":{"type":"Point","coordinates":[-81.3,29.07]},"properties":{"id":"ncei-1972-9998252","year":1972,"month":5,"state":"FL","stateName":"Florida","scale":2,"scaleLabel":"F2","lengthMiles":1,"deaths":0,"injuries":0}},{"type":"Feature","geometry":{"type":"Point","coordinates":[-82.5,27.33]},"properties":{"id":"ncei-1972-9998260","year":1972,"month":6,"state":"FL","stateName":"Florida","scale":0,"scaleLabel":"F0","lengthMiles":0.3,"deaths":0,"injuries":0}},{"type":"Feature","geometry":{"type":"Point","coordinates":[-81.68,24.62]},"properties":{"id":"ncei-1972-9998261","year":1972,"month":6,"state":"FL","stateName":"Florida","scale":2,"scaleLabel":"F2","lengthMiles":1,"deaths":0,"injuries":40}},{"type":"Feature","geometry":{"type":"Point","coordinates":[-81.8,24.57]},"properties":{"id":"ncei-1972-9998262","year":1972,"month":6,"state":"FL","stateName":"Florida","scale":2,"scaleLabel":"F2","lengthMiles":1.5,"deaths":0,"injuries":0}},{"type":"Feature","geometry":{"type":"Point","coordinates":[-80.88,24.83]},"properties":{"id":"ncei-1972-9998263","year":1972,"month":6,"state":"FL","stateName":"Florida","scale":1,"scaleLabel":"F1","lengthMiles":2,"deaths":0,"injuries":0}},{"type":"Feature","geometry":{"type":"Point","coordinates":[-81,27.43]},"properties":{"id":"ncei-1972-9998264","year":1972,"month":6,"state":"FL","stateName":"Florida","scale":1,"scaleLabel":"F1","lengthMiles":1,"deaths":0,"injuries":2}},{"type":"Feature","geometry":{"type":"Point","coordinates":[-82.12,26.43]},"properties":{"id":"ncei-1972-9998265","year":1972,"month":6,"state":"FL","stateName":"Florida","scale":2,"scaleLabel":"F2","lengthMiles":0.3,"deaths":0,"injuries":0}},{"type":"Feature","geometry":{"type":"Point","coordinates":[-82.17,26.62]},"properties":{"id":"ncei-1972-9998266","year":1972,"month":6,"state":"FL","stateName":"Florida","scale":2,"scaleLabel":"F2","lengthMiles":2,"deaths":0,"injuries":0}},{"type":"Feature","geometry":{"type":"Point","coordinates":[-81.7,28.13]},"properties":{"id":"ncei-1972-9998267","year":1972,"month":6,"state":"FL","stateName":"Florida","scale":1,"scaleLabel":"F1","lengthMiles":0.3,"deaths":0,"injuries":3}},{"type":"Feature","geometry":{"type":"Point","coordinates":[-81.63,26.62]},"properties":{"id":"ncei-1972-9998268","year":1972,"month":6,"state":"FL","stateName":"Florida","scale":2,"scaleLabel":"F2","lengthMiles":0.5,"deaths":0,"injuries":0}},{"type":"Feature","geometry":{"type":"Point","coordinates":[-82.17,28.2]},"properties":{"id":"ncei-1972-9998269","year":1972,"month":6,"state":"FL","stateName":"Florida","scale":1,"scaleLabel":"F1","lengthMiles":0.2,"deaths":0,"injuries":4}},{"type":"Feature","geometry":{"type":"Point","coordinates":[-80.1,26.8]},"properties":{"id":"ncei-1972-9998270","year":1972,"month":6,"state":"FL","stateName":"Florida","scale":1,"scaleLabel":"F1","lengthMiles":0.3,"deaths":0,"injuries":0}},{"type":"Feature","geometry":{"type":"Point","coordinates":[-80.97,27.22]},"properties":{"id":"ncei-1972-9998271","year":1972,"month":6,"state":"FL","stateName":"Florida","scale":0,"scaleLabel":"F0","lengthMiles":1,"deaths":0,"injuries":0}},{"type":"Feature","geometry":{"type":"Point","coordinates":[-80.57,28]},"properties":{"id":"ncei-1972-9998272","year":1972,"month":6,"state":"FL","stateName":"Florida","scale":2,"scaleLabel":"F2","lengthMiles":2,"deaths":0,"injuries":11}},{"type":"Feature","geometry":{"type":"Point","coordinates":[-80.67,28.37]},"properties":{"id":"ncei-1972-9998273","year":1972,"month":6,"state":"FL","stateName":"Florida","scale":3,"scaleLabel":"F3","lengthMiles":4.9,"deaths":0,"injuries":0}},{"type":"Feature","geometry":{"type":"Point","coordinates":[-80.53,28.47]},"properties":{"id":"ncei-1972-9998274","year":1972,"month":6,"state":"FL","stateName":"Florida","scale":3,"scaleLabel":"F3","lengthMiles":3.8,"deaths":0,"injuries":23}},{"type":"Feature","geometry":{"type":"Point","coordinates":[-81.08,28.75]},"properties":{"id":"ncei-1972-9998275","year":1972,"month":6,"state":"FL","stateName":"Florida","scale":1,"scaleLabel":"F1","lengthMiles":0.1,"deaths":0,"injuries":0}},{"type":"Feature","geometry":{"type":"Point","coordinates":[-87.27,30.98]},"properties":{"id":"ncei-1972-9998276","year":1972,"month":6,"state":"FL","stateName":"Florida","scale":0,"scaleLabel":"F0","lengthMiles":0.3,"deaths":0,"injuries":0}},{"type":"Feature","geometry":{"type":"Point","coordinates":[-85.6,30.97]},"properties":{"id":"ncei-1972-9998280","year":1972,"month":6,"state":"FL","stateName":"Florida","scale":2,"scaleLabel":"F2","lengthMiles":0.5,"deaths":1,"injuries":2}},{"type":"Feature","geometry":{"type":"Point","coordinates":[-84.67,30.62]},"properties":{"id":"ncei-1972-9998282","year":1972,"month":6,"state":"FL","stateName":"Florida","scale":1,"scaleLabel":"F1","lengthMiles":0.3,"deaths":0,"injuries":0}},{"type":"Feature","geometry":{"type":"Point","coordinates":[-84.77,30.53]},"properties":{"id":"ncei-1972-9998286","year":1972,"month":6,"state":"FL","stateName":"Florida","scale":1,"scaleLabel":"F1","lengthMiles":0.5,"deaths":0,"injuries":0}},{"type":"Feature","geometry":{"type":"Point","coordinates":[-85.7,30.4]},"properties":{"id":"ncei-1972-9998290","year":1972,"month":6,"state":"FL","stateName":"Florida","scale":0,"scaleLabel":"F0","lengthMiles":0.3,"deaths":0,"injuries":0}},{"type":"Feature","geometry":{"type":"Point","coordinates":[-81.25,28.83]},"properties":{"id":"ncei-1972-9998295","year":1972,"month":7,"state":"FL","stateName":"Florida","scale":2,"scaleLabel":"F2","lengthMiles":0.3,"deaths":0,"injuries":0}},{"type":"Feature","geometry":{"type":"Point","coordinates":[-81.63,28.12]},"properties":{"id":"ncei-1972-9998298","year":1972,"month":7,"state":"FL","stateName":"Florida","scale":1,"scaleLabel":"F1","lengthMiles":0.2,"deaths":0,"injuries":0}},{"type":"Feature","geometry":{"type":"Point","coordinates":[-81.67,30.33]},"properties":{"id":"ncei-1972-9998300","year":1972,"month":7,"state":"FL","stateName":"Florida","scale":1,"scaleLabel":"F1","lengthMiles":0.3,"deaths":0,"injuries":4}},{"type":"Feature","geometry":{"type":"Point","coordinates":[-81.3,29.13]},"properties":{"id":"ncei-1972-9998303","year":1972,"month":8,"state":"FL","stateName":"Florida","scale":2,"scaleLabel":"F2","lengthMiles":1,"deaths":0,"injuries":0}},{"type":"Feature","geometry":{"type":"Point","coordinates":[-81.67,24.63]},"properties":{"id":"ncei-1972-9998304","year":1972,"month":9,"state":"FL","stateName":"Florida","scale":1,"scaleLabel":"F1","lengthMiles":0.5,"deaths":0,"injuries":0}},{"type":"Feature","geometry":{"type":"Point","coordinates":[-80.17,27]},"properties":{"id":"ncei-1972-9998305","year":1972,"month":10,"state":"FL","stateName":"Florida","scale":0,"scaleLabel":"F0","lengthMiles":0.3,"deaths":0,"injuries":0}},{"type":"Feature","geometry":{"type":"Point","coordinates":[-86.6,30.83]},"properties":{"id":"ncei-1972-9998307","year":1972,"month":10,"state":"FL","stateName":"Florida","scale":2,"scaleLabel":"F2","lengthMiles":0.3,"deaths":0,"injuries":0}},{"type":"Feature","geometry":{"type":"Point","coordinates":[-86.5,30.88]},"properties":{"id":"ncei-1972-9998308","year":1972,"month":10,"state":"FL","stateName":"Florida","scale":0,"scaleLabel":"F0","lengthMiles":0.3,"deaths":0,"injuries":0}},{"type":"Feature","geometry":{"type":"Point","coordinates":[-85.03,29.78]},"properties":{"id":"ncei-1972-9998309","year":1972,"month":10,"state":"FL","stateName":"Florida","scale":2,"scaleLabel":"F2","lengthMiles":1,"deaths":0,"injuries":1}},{"type":"Feature","geometry":{"type":"Point","coordinates":[-85,29.62]},"properties":{"id":"ncei-1972-9998310","year":1972,"month":10,"state":"FL","stateName":"Florida","scale":0,"scaleLabel":"F0","lengthMiles":0.3,"deaths":0,"injuries":0}},{"type":"Feature","geometry":{"type":"Point","coordinates":[-84.8,30.4]},"properties":{"id":"ncei-1972-9998311","year":1972,"month":10,"state":"FL","stateName":"Florida","scale":0,"scaleLabel":"F0","lengthMiles":0.3,"deaths":0,"injuries":0}},{"type":"Feature","geometry":{"type":"Point","coordinates":[-84.6,30.6]},"properties":{"id":"ncei-1972-9998312","year":1972,"month":10,"state":"FL","stateName":"Florida","scale":2,"scaleLabel":"F2","lengthMiles":0.3,"deaths":0,"injuries":0}},{"type":"Feature","geometry":{"type":"Point","coordinates":[-84.62,30.62]},"properties":{"id":"ncei-1972-9998313","year":1972,"month":10,"state":"FL","stateName":"Florida","scale":2,"scaleLabel":"F2","lengthMiles":0.3,"deaths":0,"injuries":0}},{"type":"Feature","geometry":{"type":"Point","coordinates":[-84.33,29.92]},"properties":{"id":"ncei-1972-9999159","year":1972,"month":10,"state":"FL","stateName":"Florida","scale":2,"scaleLabel":"F2","lengthMiles":0.3,"deaths":0,"injuries":0}},{"type":"Feature","geometry":{"type":"Point","coordinates":[-83.75,30.57]},"properties":{"id":"ncei-1972-9999160","year":1972,"month":10,"state":"FL","stateName":"Florida","scale":1,"scaleLabel":"F1","lengthMiles":0.3,"deaths":0,"injuries":1}},{"type":"Feature","geometry":{"type":"Point","coordinates":[-83.58,29.82]},"properties":{"id":"ncei-1972-9999161","year":1972,"month":10,"state":"FL","stateName":"Florida","scale":2,"scaleLabel":"F2","lengthMiles":3.4,"deaths":0,"injuries":1}},{"type":"Feature","geometry":{"type":"Point","coordinates":[-83.33,25.78]},"properties":{"id":"ncei-1972-9999379","year":1972,"month":11,"state":"FL","stateName":"Florida","scale":0,"scaleLabel":"F0","lengthMiles":0.3,"deaths":0,"injuries":0}},{"type":"Feature","geometry":{"type":"Point","coordinates":[-87.28,30.5]},"properties":{"id":"ncei-1972-9999380","year":1972,"month":12,"state":"FL","stateName":"Florida","scale":0,"scaleLabel":"F0","lengthMiles":0.3,"deaths":0,"injuries":0}},{"type":"Feature","geometry":{"type":"Point","coordinates":[-83.2,30.25]},"properties":{"id":"ncei-1972-9999381","year":1972,"month":12,"state":"FL","stateName":"Florida","scale":2,"scaleLabel":"F2","lengthMiles":12.2,"deaths":0,"injuries":0}}]}
