{"type":"FeatureCollection","metadata":{"source":"NOAA/NCEI StormEvents details CSV","generatedAt":"2026-04-27T22:31:07.075Z","count":922,"year":1977},"features":[{"type":"Feature","geometry":{"type":"Point","coordinates":[-86.5,30.53]},"properties":{"id":"ncei-1977-10001804","year":1977,"month":1,"state":"FL","stateName":"Florida","scale":0,"scaleLabel":"F0","lengthMiles":0.1,"deaths":0,"injuries":0}},{"type":"Feature","geometry":{"type":"Point","coordinates":[-81.4,28.3]},"properties":{"id":"ncei-1977-10001805","year":1977,"month":1,"state":"FL","stateName":"Florida","scale":1,"scaleLabel":"F1","lengthMiles":0.2,"deaths":0,"injuries":0}},{"type":"Feature","geometry":{"type":"Point","coordinates":[-86.52,30.38]},"properties":{"id":"ncei-1977-10001807","year":1977,"month":2,"state":"FL","stateName":"Florida","scale":1,"scaleLabel":"F1","lengthMiles":0.3,"deaths":0,"injuries":0}},{"type":"Feature","geometry":{"type":"Point","coordinates":[-81.4,28.27]},"properties":{"id":"ncei-1977-10001808","year":1977,"month":2,"state":"FL","stateName":"Florida","scale":0,"scaleLabel":"F0","lengthMiles":0.3,"deaths":0,"injuries":0}},{"type":"Feature","geometry":{"type":"Point","coordinates":[-81.28,28.57]},"properties":{"id":"ncei-1977-10001809","year":1977,"month":2,"state":"FL","stateName":"Florida","scale":0,"scaleLabel":"F0","lengthMiles":0.1,"deaths":0,"injuries":0}},{"type":"Feature","geometry":{"type":"Point","coordinates":[-81.37,27.13]},"properties":{"id":"ncei-1977-10001819","year":1977,"month":5,"state":"FL","stateName":"Florida","scale":0,"scaleLabel":"F0","lengthMiles":0.1,"deaths":0,"injuries":0}},{"type":"Feature","geometry":{"type":"Point","coordinates":[-80.8,28.6]},"properties":{"id":"ncei-1977-10001821","year":1977,"month":5,"state":"FL","stateName":"Florida","scale":0,"scaleLabel":"F0","lengthMiles":0.1,"deaths":0,"injuries":0}},{"type":"Feature","geometry":{"type":"Point","coordinates":[-90.52,40.67]},"properties":{"id":"ncei-1977-10003015","year":1977,"month":9,"state":"IL","stateName":"Illinois","scale":1,"scaleLabel":"F1","lengthMiles":0.1,"deaths":0,"injuries":0}},{"type":"Feature","geometry":{"type":"Point","coordinates":[-89.33,40.63]},"properties":{"id":"ncei-1977-10003232","year":1977,"month":9,"state":"IL","stateName":"Illinois","scale":1,"scaleLabel":"F1","lengthMiles":0.2,"deaths":0,"injuries":0}},{"type":"Feature","geometry":{"type":"Point","coordinates":[-91.43,39.83]},"properties":{"id":"ncei-1977-10003234","year":1977,"month":9,"state":"IL","stateName":"Illinois","scale":2,"scaleLabel":"F2","lengthMiles":2.7,"deaths":0,"injuries":3}},{"type":"Feature","geometry":{"type":"Point","coordinates":[-89.25,40.25]},"properties":{"id":"ncei-1977-10004324","year":1977,"month":5,"state":"IL","stateName":"Illinois","scale":4,"scaleLabel":"F4","lengthMiles":0,"deaths":0,"injuries":2}},{"type":"Feature","geometry":{"type":"Point","coordinates":[-89.23,40.27]},"properties":{"id":"ncei-1977-10004325","year":1977,"month":5,"state":"IL","stateName":"Illinois","scale":4,"scaleLabel":"F4","lengthMiles":7.3,"deaths":0,"injuries":0}},{"type":"Feature","geometry":{"type":"Point","coordinates":[-89,41.58]},"properties":{"id":"ncei-1977-10005205","year":1977,"month":6,"state":"IL","stateName":"Illinois","scale":-1,"scaleLabel":"Unknown","lengthMiles":6.1,"deaths":0,"injuries":0}},{"type":"Feature","geometry":{"type":"Point","coordinates":[-88.8,41.62]},"properties":{"id":"ncei-1977-10005206","year":1977,"month":6,"state":"IL","stateName":"Illinois","scale":-1,"scaleLabel":"Unknown","lengthMiles":3.6,"deaths":0,"injuries":0}},{"type":"Feature","geometry":{"type":"Point","coordinates":[-88.62,41.62]},"properties":{"id":"ncei-1977-10005418","year":1977,"month":6,"state":"IL","stateName":"Illinois","scale":-1,"scaleLabel":"Unknown","lengthMiles":1.6,"deaths":0,"injuries":0}},{"type":"Feature","geometry":{"type":"Point","coordinates":[-88.53,41.63]},"properties":{"id":"ncei-1977-10005419","year":1977,"month":6,"state":"IL","stateName":"Illinois","scale":-1,"scaleLabel":"Unknown","lengthMiles":3,"deaths":0,"injuries":0}},{"type":"Feature","geometry":{"type":"Point","coordinates":[-88.45,41.63]},"properties":{"id":"ncei-1977-10005421","year":1977,"month":6,"state":"IL","stateName":"Illinois","scale":-1,"scaleLabel":"Unknown","lengthMiles":1.7,"deaths":0,"injuries":0}},{"type":"Feature","geometry":{"type":"Point","coordinates":[-88.12,41.4]},"properties":{"id":"ncei-1977-10005423","year":1977,"month":6,"state":"IL","stateName":"Illinois","scale":-1,"scaleLabel":"Unknown","lengthMiles":0.4,"deaths":0,"injuries":0}},{"type":"Feature","geometry":{"type":"Point","coordinates":[-88.12,41.38]},"properties":{"id":"ncei-1977-10005424","year":1977,"month":6,"state":"IL","stateName":"Illinois","scale":-1,"scaleLabel":"Unknown","lengthMiles":2.3,"deaths":0,"injuries":0}},{"type":"Feature","geometry":{"type":"Point","coordinates":[-87.7,41.5]},"properties":{"id":"ncei-1977-10005425","year":1977,"month":6,"state":"IL","stateName":"Illinois","scale":-1,"scaleLabel":"Unknown","lengthMiles":1,"deaths":0,"injuries":0}},{"type":"Feature","geometry":{"type":"Point","coordinates":[-88.9,40.58]},"properties":{"id":"ncei-1977-10005437","year":1977,"month":7,"state":"IL","stateName":"Illinois","scale":1,"scaleLabel":"F1","lengthMiles":3,"deaths":0,"injuries":0}},{"type":"Feature","geometry":{"type":"Point","coordinates":[-89.72,39.53]},"properties":{"id":"ncei-1977-10005450","year":1977,"month":8,"state":"IL","stateName":"Illinois","scale":1,"scaleLabel":"F1","lengthMiles":7.8,"deaths":0,"injuries":0}},{"type":"Feature","geometry":{"type":"Point","coordinates":[-89.93,39.62]},"properties":{"id":"ncei-1977-10005451","year":1977,"month":8,"state":"IL","stateName":"Illinois","scale":0,"scaleLabel":"F0","lengthMiles":0.8,"deaths":0,"injuries":0}},{"type":"Feature","geometry":{"type":"Point","coordinates":[-89.83,39.53]},"properties":{"id":"ncei-1977-10005452","year":1977,"month":8,"state":"IL","stateName":"Illinois","scale":1,"scaleLabel":"F1","lengthMiles":6.1,"deaths":0,"injuries":0}},{"type":"Feature","geometry":{"type":"Point","coordinates":[-89.9,39.63]},"properties":{"id":"ncei-1977-10005454","year":1977,"month":8,"state":"IL","stateName":"Illinois","scale":0,"scaleLabel":"F0","lengthMiles":0.8,"deaths":0,"injuries":0}},{"type":"Feature","geometry":{"type":"Point","coordinates":[-89.7,39.53]},"properties":{"id":"ncei-1977-10005455","year":1977,"month":8,"state":"IL","stateName":"Illinois","scale":0,"scaleLabel":"F0","lengthMiles":1.9,"deaths":0,"injuries":0}},{"type":"Feature","geometry":{"type":"Point","coordinates":[-89.87,39.63]},"properties":{"id":"ncei-1977-10005456","year":1977,"month":8,"state":"IL","stateName":"Illinois","scale":1,"scaleLabel":"F1","lengthMiles":1.3,"deaths":0,"injuries":0}},{"type":"Feature","geometry":{"type":"Point","coordinates":[-89.85,39.62]},"properties":{"id":"ncei-1977-10005457","year":1977,"month":8,"state":"IL","stateName":"Illinois","scale":2,"scaleLabel":"F2","lengthMiles":2.3,"deaths":0,"injuries":0}},{"type":"Feature","geometry":{"type":"Point","coordinates":[-89.67,39.53]},"properties":{"id":"ncei-1977-10005458","year":1977,"month":8,"state":"IL","stateName":"Illinois","scale":1,"scaleLabel":"F1","lengthMiles":1,"deaths":0,"injuries":0}},{"type":"Feature","geometry":{"type":"Point","coordinates":[-89.75,39.53]},"properties":{"id":"ncei-1977-10005459","year":1977,"month":8,"state":"IL","stateName":"Illinois","scale":1,"scaleLabel":"F1","lengthMiles":6.2,"deaths":0,"injuries":0}},{"type":"Feature","geometry":{"type":"Point","coordinates":[-89.6,39.55]},"properties":{"id":"ncei-1977-10005461","year":1977,"month":8,"state":"IL","stateName":"Illinois","scale":1,"scaleLabel":"F1","lengthMiles":5.9,"deaths":0,"injuries":0}},{"type":"Feature","geometry":{"type":"Point","coordinates":[-89.72,39.63]},"properties":{"id":"ncei-1977-10005462","year":1977,"month":8,"state":"IL","stateName":"Illinois","scale":3,"scaleLabel":"F3","lengthMiles":4.1,"deaths":0,"injuries":0}},{"type":"Feature","geometry":{"type":"Point","coordinates":[-89.63,39.6]},"properties":{"id":"ncei-1977-10005463","year":1977,"month":8,"state":"IL","stateName":"Illinois","scale":1,"scaleLabel":"F1","lengthMiles":3.6,"deaths":0,"injuries":0}},{"type":"Feature","geometry":{"type":"Point","coordinates":[-89.63,39.67]},"properties":{"id":"ncei-1977-10005464","year":1977,"month":8,"state":"IL","stateName":"Illinois","scale":0,"scaleLabel":"F0","lengthMiles":0.6,"deaths":0,"injuries":0}},{"type":"Feature","geometry":{"type":"Point","coordinates":[-89.62,39.68]},"properties":{"id":"ncei-1977-10005465","year":1977,"month":8,"state":"IL","stateName":"Illinois","scale":0,"scaleLabel":"F0","lengthMiles":0.2,"deaths":0,"injuries":0}},{"type":"Feature","geometry":{"type":"Point","coordinates":[-89.58,39.63]},"properties":{"id":"ncei-1977-10005466","year":1977,"month":8,"state":"IL","stateName":"Illinois","scale":0,"scaleLabel":"F0","lengthMiles":0.2,"deaths":0,"injuries":0}},{"type":"Feature","geometry":{"type":"Point","coordinates":[-89.52,39.63]},"properties":{"id":"ncei-1977-10005467","year":1977,"month":8,"state":"IL","stateName":"Illinois","scale":0,"scaleLabel":"F0","lengthMiles":1.1,"deaths":0,"injuries":0}},{"type":"Feature","geometry":{"type":"Point","coordinates":[-89.53,39.65]},"properties":{"id":"ncei-1977-10005468","year":1977,"month":8,"state":"IL","stateName":"Illinois","scale":1,"scaleLabel":"F1","lengthMiles":2.2,"deaths":0,"injuries":0}},{"type":"Feature","geometry":{"type":"Point","coordinates":[-89.43,39.72]},"properties":{"id":"ncei-1977-10005469","year":1977,"month":8,"state":"IL","stateName":"Illinois","scale":1,"scaleLabel":"F1","lengthMiles":2.8,"deaths":0,"injuries":0}},{"type":"Feature","geometry":{"type":"Point","coordinates":[-89.48,39.73]},"properties":{"id":"ncei-1977-10005471","year":1977,"month":8,"state":"IL","stateName":"Illinois","scale":1,"scaleLabel":"F1","lengthMiles":3.3,"deaths":0,"injuries":0}},{"type":"Feature","geometry":{"type":"Point","coordinates":[-88.65,39.43]},"properties":{"id":"ncei-1977-10005480","year":1977,"month":8,"state":"IL","stateName":"Illinois","scale":3,"scaleLabel":"F3","lengthMiles":11.2,"deaths":6,"injuries":56}},{"type":"Feature","geometry":{"type":"Point","coordinates":[-88.47,39.35]},"properties":{"id":"ncei-1977-10005481","year":1977,"month":8,"state":"IL","stateName":"Illinois","scale":3,"scaleLabel":"F3","lengthMiles":15.7,"deaths":0,"injuries":0}},{"type":"Feature","geometry":{"type":"Point","coordinates":[-91.27,42.43]},"properties":{"id":"ncei-1977-10011377","year":1977,"month":5,"state":"IA","stateName":"Iowa","scale":-1,"scaleLabel":"Unknown","lengthMiles":0,"deaths":0,"injuries":0}},{"type":"Feature","geometry":{"type":"Point","coordinates":[-90.4,42]},"properties":{"id":"ncei-1977-10011381","year":1977,"month":5,"state":"IA","stateName":"Iowa","scale":-1,"scaleLabel":"Unknown","lengthMiles":0,"deaths":0,"injuries":0}},{"type":"Feature","geometry":{"type":"Point","coordinates":[-94.83,42.32]},"properties":{"id":"ncei-1977-10011526","year":1977,"month":5,"state":"IA","stateName":"Iowa","scale":-1,"scaleLabel":"Unknown","lengthMiles":1,"deaths":0,"injuries":0}},{"type":"Feature","geometry":{"type":"Point","coordinates":[-92.1,42.85]},"properties":{"id":"ncei-1977-10011537","year":1977,"month":6,"state":"IA","stateName":"Iowa","scale":-1,"scaleLabel":"Unknown","lengthMiles":1,"deaths":0,"injuries":0}},{"type":"Feature","geometry":{"type":"Point","coordinates":[-94.77,43.23]},"properties":{"id":"ncei-1977-10011538","year":1977,"month":6,"state":"IA","stateName":"Iowa","scale":-1,"scaleLabel":"Unknown","lengthMiles":14.9,"deaths":0,"injuries":0}},{"type":"Feature","geometry":{"type":"Point","coordinates":[-94.22,43.43]},"properties":{"id":"ncei-1977-10011539","year":1977,"month":6,"state":"IA","stateName":"Iowa","scale":-1,"scaleLabel":"Unknown","lengthMiles":1.9,"deaths":0,"injuries":0}},{"type":"Feature","geometry":{"type":"Point","coordinates":[-94.47,43.22]},"properties":{"id":"ncei-1977-10011541","year":1977,"month":6,"state":"IA","stateName":"Iowa","scale":-1,"scaleLabel":"Unknown","lengthMiles":0,"deaths":0,"injuries":0}},{"type":"Feature","geometry":{"type":"Point","coordinates":[-96.45,42.5]},"properties":{"id":"ncei-1977-10011543","year":1977,"month":6,"state":"IA","stateName":"Iowa","scale":-1,"scaleLabel":"Unknown","lengthMiles":1,"deaths":0,"injuries":2}},{"type":"Feature","geometry":{"type":"Point","coordinates":[-96.38,42.5]},"properties":{"id":"ncei-1977-10011545","year":1977,"month":6,"state":"IA","stateName":"Iowa","scale":-1,"scaleLabel":"Unknown","lengthMiles":1,"deaths":0,"injuries":0}},{"type":"Feature","geometry":{"type":"Point","coordinates":[-92.63,42.28]},"properties":{"id":"ncei-1977-10011551","year":1977,"month":7,"state":"IA","stateName":"Iowa","scale":1,"scaleLabel":"F1","lengthMiles":0.5,"deaths":0,"injuries":0}},{"type":"Feature","geometry":{"type":"Point","coordinates":[-96.17,42.78]},"properties":{"id":"ncei-1977-10011553","year":1977,"month":7,"state":"IA","stateName":"Iowa","scale":-1,"scaleLabel":"Unknown","lengthMiles":1,"deaths":0,"injuries":0}},{"type":"Feature","geometry":{"type":"Point","coordinates":[-96.18,42.78]},"properties":{"id":"ncei-1977-10011554","year":1977,"month":7,"state":"IA","stateName":"Iowa","scale":-1,"scaleLabel":"Unknown","lengthMiles":0.5,"deaths":0,"injuries":0}},{"type":"Feature","geometry":{"type":"Point","coordinates":[-92.48,42.8]},"properties":{"id":"ncei-1977-10011556","year":1977,"month":7,"state":"IA","stateName":"Iowa","scale":2,"scaleLabel":"F2","lengthMiles":1.9,"deaths":0,"injuries":0}},{"type":"Feature","geometry":{"type":"Point","coordinates":[-95.77,41.97]},"properties":{"id":"ncei-1977-10011574","year":1977,"month":8,"state":"IA","stateName":"Iowa","scale":-1,"scaleLabel":"Unknown","lengthMiles":0.2,"deaths":0,"injuries":0}},{"type":"Feature","geometry":{"type":"Point","coordinates":[-93.6,41.73]},"properties":{"id":"ncei-1977-10011577","year":1977,"month":8,"state":"IA","stateName":"Iowa","scale":-1,"scaleLabel":"Unknown","lengthMiles":0.2,"deaths":0,"injuries":0}},{"type":"Feature","geometry":{"type":"Point","coordinates":[-92.07,41.8]},"properties":{"id":"ncei-1977-10011579","year":1977,"month":8,"state":"IA","stateName":"Iowa","scale":-1,"scaleLabel":"Unknown","lengthMiles":0.2,"deaths":0,"injuries":0}},{"type":"Feature","geometry":{"type":"Point","coordinates":[-91.65,41.58]},"properties":{"id":"ncei-1977-10011580","year":1977,"month":8,"state":"IA","stateName":"Iowa","scale":-1,"scaleLabel":"Unknown","lengthMiles":2,"deaths":0,"injuries":0}},{"type":"Feature","geometry":{"type":"Point","coordinates":[-91.6,41.67]},"properties":{"id":"ncei-1977-10011581","year":1977,"month":8,"state":"IA","stateName":"Iowa","scale":-1,"scaleLabel":"Unknown","lengthMiles":0.5,"deaths":0,"injuries":0}},{"type":"Feature","geometry":{"type":"Point","coordinates":[-91.02,41.58]},"properties":{"id":"ncei-1977-10011582","year":1977,"month":8,"state":"IA","stateName":"Iowa","scale":-1,"scaleLabel":"Unknown","lengthMiles":0.5,"deaths":0,"injuries":1}},{"type":"Feature","geometry":{"type":"Point","coordinates":[-94.93,41.8]},"properties":{"id":"ncei-1977-10012446","year":1977,"month":9,"state":"IA","stateName":"Iowa","scale":-1,"scaleLabel":"Unknown","lengthMiles":1,"deaths":0,"injuries":0}},{"type":"Feature","geometry":{"type":"Point","coordinates":[-95.43,42.78]},"properties":{"id":"ncei-1977-10012447","year":1977,"month":9,"state":"IA","stateName":"Iowa","scale":-1,"scaleLabel":"Unknown","lengthMiles":0.5,"deaths":0,"injuries":0}},{"type":"Feature","geometry":{"type":"Point","coordinates":[-93.2,43.15]},"properties":{"id":"ncei-1977-10014981","year":1977,"month":2,"state":"IA","stateName":"Iowa","scale":1,"scaleLabel":"F1","lengthMiles":0.1,"deaths":0,"injuries":1}},{"type":"Feature","geometry":{"type":"Point","coordinates":[-92.5,41.1]},"properties":{"id":"ncei-1977-10014983","year":1977,"month":3,"state":"IA","stateName":"Iowa","scale":1,"scaleLabel":"F1","lengthMiles":0,"deaths":0,"injuries":0}},{"type":"Feature","geometry":{"type":"Point","coordinates":[-92.37,40.72]},"properties":{"id":"ncei-1977-10014987","year":1977,"month":5,"state":"IA","stateName":"Iowa","scale":1,"scaleLabel":"F1","lengthMiles":4.3,"deaths":0,"injuries":0}},{"type":"Feature","geometry":{"type":"Point","coordinates":[-91.6,40.78]},"properties":{"id":"ncei-1977-10014989","year":1977,"month":5,"state":"IA","stateName":"Iowa","scale":2,"scaleLabel":"F2","lengthMiles":2,"deaths":0,"injuries":0}},{"type":"Feature","geometry":{"type":"Point","coordinates":[-91.3,40.87]},"properties":{"id":"ncei-1977-10014991","year":1977,"month":5,"state":"IA","stateName":"Iowa","scale":2,"scaleLabel":"F2","lengthMiles":2,"deaths":0,"injuries":0}},{"type":"Feature","geometry":{"type":"Point","coordinates":[-91.55,40.97]},"properties":{"id":"ncei-1977-10014992","year":1977,"month":5,"state":"IA","stateName":"Iowa","scale":2,"scaleLabel":"F2","lengthMiles":0,"deaths":0,"injuries":1}},{"type":"Feature","geometry":{"type":"Point","coordinates":[-91.48,41.13]},"properties":{"id":"ncei-1977-10014993","year":1977,"month":5,"state":"IA","stateName":"Iowa","scale":-1,"scaleLabel":"Unknown","lengthMiles":0,"deaths":0,"injuries":0}},{"type":"Feature","geometry":{"type":"Point","coordinates":[-91.47,41.17]},"properties":{"id":"ncei-1977-10014994","year":1977,"month":5,"state":"IA","stateName":"Iowa","scale":-1,"scaleLabel":"Unknown","lengthMiles":0,"deaths":0,"injuries":0}},{"type":"Feature","geometry":{"type":"Point","coordinates":[-94.22,42.47]},"properties":{"id":"ncei-1977-10014995","year":1977,"month":5,"state":"IA","stateName":"Iowa","scale":2,"scaleLabel":"F2","lengthMiles":1,"deaths":0,"injuries":4}},{"type":"Feature","geometry":{"type":"Point","coordinates":[-94.87,42.55]},"properties":{"id":"ncei-1977-10014996","year":1977,"month":5,"state":"IA","stateName":"Iowa","scale":-1,"scaleLabel":"Unknown","lengthMiles":1,"deaths":0,"injuries":0}},{"type":"Feature","geometry":{"type":"Point","coordinates":[-94.15,42.53]},"properties":{"id":"ncei-1977-10014997","year":1977,"month":5,"state":"IA","stateName":"Iowa","scale":4,"scaleLabel":"F4","lengthMiles":2,"deaths":0,"injuries":14}},{"type":"Feature","geometry":{"type":"Point","coordinates":[-94.53,41.78]},"properties":{"id":"ncei-1977-10014998","year":1977,"month":5,"state":"IA","stateName":"Iowa","scale":-1,"scaleLabel":"Unknown","lengthMiles":1,"deaths":0,"injuries":0}},{"type":"Feature","geometry":{"type":"Point","coordinates":[-94.57,41.85]},"properties":{"id":"ncei-1977-10014999","year":1977,"month":5,"state":"IA","stateName":"Iowa","scale":-1,"scaleLabel":"Unknown","lengthMiles":1,"deaths":0,"injuries":0}},{"type":"Feature","geometry":{"type":"Point","coordinates":[-93.88,42.07]},"properties":{"id":"ncei-1977-10015001","year":1977,"month":5,"state":"IA","stateName":"Iowa","scale":-1,"scaleLabel":"Unknown","lengthMiles":0,"deaths":0,"injuries":0}},{"type":"Feature","geometry":{"type":"Point","coordinates":[-92.68,42.1]},"properties":{"id":"ncei-1977-10015002","year":1977,"month":5,"state":"IA","stateName":"Iowa","scale":-1,"scaleLabel":"Unknown","lengthMiles":17.8,"deaths":0,"injuries":0}},{"type":"Feature","geometry":{"type":"Point","coordinates":[-92.72,42.18]},"properties":{"id":"ncei-1977-10015003","year":1977,"month":5,"state":"IA","stateName":"Iowa","scale":-1,"scaleLabel":"Unknown","lengthMiles":1,"deaths":0,"injuries":0}},{"type":"Feature","geometry":{"type":"Point","coordinates":[-91.27,40.83]},"properties":{"id":"ncei-1977-10015004","year":1977,"month":5,"state":"IA","stateName":"Iowa","scale":-1,"scaleLabel":"Unknown","lengthMiles":14.1,"deaths":0,"injuries":0}},{"type":"Feature","geometry":{"type":"Point","coordinates":[-86.18,40.12]},"properties":{"id":"ncei-1977-10016131","year":1977,"month":3,"state":"IN","stateName":"Indiana","scale":0,"scaleLabel":"F0","lengthMiles":0.1,"deaths":0,"injuries":0}},{"type":"Feature","geometry":{"type":"Point","coordinates":[-85.73,40.1]},"properties":{"id":"ncei-1977-10016135","year":1977,"month":4,"state":"IN","stateName":"Indiana","scale":1,"scaleLabel":"F1","lengthMiles":0.5,"deaths":0,"injuries":0}},{"type":"Feature","geometry":{"type":"Point","coordinates":[-86.53,40.5]},"properties":{"id":"ncei-1977-10016136","year":1977,"month":5,"state":"IN","stateName":"Indiana","scale":1,"scaleLabel":"F1","lengthMiles":1,"deaths":0,"injuries":1}},{"type":"Feature","geometry":{"type":"Point","coordinates":[-87.05,41.2]},"properties":{"id":"ncei-1977-10016137","year":1977,"month":5,"state":"IN","stateName":"Indiana","scale":1,"scaleLabel":"F1","lengthMiles":0.5,"deaths":0,"injuries":0}},{"type":"Feature","geometry":{"type":"Point","coordinates":[-86.52,41.3]},"properties":{"id":"ncei-1977-10016138","year":1977,"month":5,"state":"IN","stateName":"Indiana","scale":0,"scaleLabel":"F0","lengthMiles":0.2,"deaths":0,"injuries":0}},{"type":"Feature","geometry":{"type":"Point","coordinates":[-87.93,38.07]},"properties":{"id":"ncei-1977-10016145","year":1977,"month":5,"state":"IN","stateName":"Indiana","scale":0,"scaleLabel":"F0","lengthMiles":0.3,"deaths":0,"injuries":0}},{"type":"Feature","geometry":{"type":"Point","coordinates":[-86,41.45]},"properties":{"id":"ncei-1977-10016148","year":1977,"month":5,"state":"IN","stateName":"Indiana","scale":0,"scaleLabel":"F0","lengthMiles":0.2,"deaths":0,"injuries":0}},{"type":"Feature","geometry":{"type":"Point","coordinates":[-87.27,41.52]},"properties":{"id":"ncei-1977-10017219","year":1977,"month":6,"state":"IN","stateName":"Indiana","scale":2,"scaleLabel":"F2","lengthMiles":6.8,"deaths":0,"injuries":1}},{"type":"Feature","geometry":{"type":"Point","coordinates":[-87.32,41.55]},"properties":{"id":"ncei-1977-10017220","year":1977,"month":6,"state":"IN","stateName":"Indiana","scale":1,"scaleLabel":"F1","lengthMiles":1.3,"deaths":0,"injuries":0}},{"type":"Feature","geometry":{"type":"Point","coordinates":[-87.72,38.1]},"properties":{"id":"ncei-1977-10017230","year":1977,"month":6,"state":"IN","stateName":"Indiana","scale":1,"scaleLabel":"F1","lengthMiles":15.3,"deaths":0,"injuries":1}},{"type":"Feature","geometry":{"type":"Point","coordinates":[-87.58,38.25]},"properties":{"id":"ncei-1977-10017233","year":1977,"month":6,"state":"IN","stateName":"Indiana","scale":1,"scaleLabel":"F1","lengthMiles":0.1,"deaths":0,"injuries":0}},{"type":"Feature","geometry":{"type":"Point","coordinates":[-86.27,40.45]},"properties":{"id":"ncei-1977-10017242","year":1977,"month":7,"state":"IN","stateName":"Indiana","scale":-1,"scaleLabel":"Unknown","lengthMiles":11.6,"deaths":0,"injuries":0}},{"type":"Feature","geometry":{"type":"Point","coordinates":[-85,39.82]},"properties":{"id":"ncei-1977-10018126","year":1977,"month":10,"state":"IN","stateName":"Indiana","scale":1,"scaleLabel":"F1","lengthMiles":1,"deaths":0,"injuries":1}},{"type":"Feature","geometry":{"type":"Point","coordinates":[-86.02,38.3]},"properties":{"id":"ncei-1977-10018345","year":1977,"month":10,"state":"IN","stateName":"Indiana","scale":1,"scaleLabel":"F1","lengthMiles":0.5,"deaths":1,"injuries":1}},{"type":"Feature","geometry":{"type":"Point","coordinates":[-95.4,37.92]},"properties":{"id":"ncei-1977-10020452","year":1977,"month":3,"state":"KS","stateName":"Kansas","scale":1,"scaleLabel":"F1","lengthMiles":0.5,"deaths":0,"injuries":0}},{"type":"Feature","geometry":{"type":"Point","coordinates":[-101.53,39.67]},"properties":{"id":"ncei-1977-10021321","year":1977,"month":5,"state":"KS","stateName":"Kansas","scale":1,"scaleLabel":"F1","lengthMiles":1.3,"deaths":0,"injuries":0}},{"type":"Feature","geometry":{"type":"Point","coordinates":[-95.48,37.77]},"properties":{"id":"ncei-1977-10021537","year":1977,"month":5,"state":"KS","stateName":"Kansas","scale":1,"scaleLabel":"F1","lengthMiles":0.3,"deaths":0,"injuries":0}},{"type":"Feature","geometry":{"type":"Point","coordinates":[-94.8,38.45]},"properties":{"id":"ncei-1977-10021540","year":1977,"month":5,"state":"KS","stateName":"Kansas","scale":2,"scaleLabel":"F2","lengthMiles":11.9,"deaths":0,"injuries":0}},{"type":"Feature","geometry":{"type":"Point","coordinates":[-95.37,38.8]},"properties":{"id":"ncei-1977-10021545","year":1977,"month":5,"state":"KS","stateName":"Kansas","scale":3,"scaleLabel":"F3","lengthMiles":16.9,"deaths":0,"injuries":1}},{"type":"Feature","geometry":{"type":"Point","coordinates":[-94.8,38.88]},"properties":{"id":"ncei-1977-10021547","year":1977,"month":5,"state":"KS","stateName":"Kansas","scale":2,"scaleLabel":"F2","lengthMiles":7.8,"deaths":0,"injuries":0}},{"type":"Feature","geometry":{"type":"Point","coordinates":[-95.05,38.8]},"properties":{"id":"ncei-1977-10021548","year":1977,"month":5,"state":"KS","stateName":"Kansas","scale":3,"scaleLabel":"F3","lengthMiles":14.7,"deaths":0,"injuries":0}},{"type":"Feature","geometry":{"type":"Point","coordinates":[-95.63,38.95]},"properties":{"id":"ncei-1977-10021552","year":1977,"month":5,"state":"KS","stateName":"Kansas","scale":1,"scaleLabel":"F1","lengthMiles":1.9,"deaths":0,"injuries":0}},{"type":"Feature","geometry":{"type":"Point","coordinates":[-95.65,37.23]},"properties":{"id":"ncei-1977-10021572","year":1977,"month":5,"state":"KS","stateName":"Kansas","scale":1,"scaleLabel":"F1","lengthMiles":3.3,"deaths":0,"injuries":0}},{"type":"Feature","geometry":{"type":"Point","coordinates":[-101.28,37.25]},"properties":{"id":"ncei-1977-10021574","year":1977,"month":5,"state":"KS","stateName":"Kansas","scale":0,"scaleLabel":"F0","lengthMiles":9.2,"deaths":0,"injuries":0}},{"type":"Feature","geometry":{"type":"Point","coordinates":[-101.2,37.37]},"properties":{"id":"ncei-1977-10021575","year":1977,"month":5,"state":"KS","stateName":"Kansas","scale":0,"scaleLabel":"F0","lengthMiles":1.1,"deaths":0,"injuries":0}},{"type":"Feature","geometry":{"type":"Point","coordinates":[-101.98,37.02]},"properties":{"id":"ncei-1977-10021577","year":1977,"month":5,"state":"KS","stateName":"Kansas","scale":2,"scaleLabel":"F2","lengthMiles":33.9,"deaths":0,"injuries":0}},{"type":"Feature","geometry":{"type":"Point","coordinates":[-101.55,37.37]},"properties":{"id":"ncei-1977-10021579","year":1977,"month":5,"state":"KS","stateName":"Kansas","scale":2,"scaleLabel":"F2","lengthMiles":3.3,"deaths":0,"injuries":0}},{"type":"Feature","geometry":{"type":"Point","coordinates":[-101.5,37.4]},"properties":{"id":"ncei-1977-10021580","year":1977,"month":5,"state":"KS","stateName":"Kansas","scale":2,"scaleLabel":"F2","lengthMiles":31.6,"deaths":0,"injuries":0}},{"type":"Feature","geometry":{"type":"Point","coordinates":[-101.08,37.72]},"properties":{"id":"ncei-1977-10021581","year":1977,"month":5,"state":"KS","stateName":"Kansas","scale":2,"scaleLabel":"F2","lengthMiles":1.3,"deaths":0,"injuries":0}},{"type":"Feature","geometry":{"type":"Point","coordinates":[-101.07,37.73]},"properties":{"id":"ncei-1977-10021582","year":1977,"month":5,"state":"KS","stateName":"Kansas","scale":2,"scaleLabel":"F2","lengthMiles":47.1,"deaths":0,"injuries":0}},{"type":"Feature","geometry":{"type":"Point","coordinates":[-101,38.2]},"properties":{"id":"ncei-1977-10022703","year":1977,"month":6,"state":"KS","stateName":"Kansas","scale":1,"scaleLabel":"F1","lengthMiles":0.5,"deaths":0,"injuries":0}},{"type":"Feature","geometry":{"type":"Point","coordinates":[-94.77,37.3]},"properties":{"id":"ncei-1977-10022724","year":1977,"month":6,"state":"KS","stateName":"Kansas","scale":1,"scaleLabel":"F1","lengthMiles":1,"deaths":0,"injuries":0}},{"type":"Feature","geometry":{"type":"Point","coordinates":[-98.85,37.87]},"properties":{"id":"ncei-1977-10022727","year":1977,"month":6,"state":"KS","stateName":"Kansas","scale":1,"scaleLabel":"F1","lengthMiles":2.5,"deaths":0,"injuries":0}},{"type":"Feature","geometry":{"type":"Point","coordinates":[-99.13,38.28]},"properties":{"id":"ncei-1977-10022753","year":1977,"month":7,"state":"KS","stateName":"Kansas","scale":-1,"scaleLabel":"Unknown","lengthMiles":2.7,"deaths":0,"injuries":0}},{"type":"Feature","geometry":{"type":"Point","coordinates":[-101.7,38.05]},"properties":{"id":"ncei-1977-10023852","year":1977,"month":8,"state":"KS","stateName":"Kansas","scale":0,"scaleLabel":"F0","lengthMiles":0.1,"deaths":0,"injuries":0}},{"type":"Feature","geometry":{"type":"Point","coordinates":[-101.27,37.28]},"properties":{"id":"ncei-1977-10023853","year":1977,"month":8,"state":"KS","stateName":"Kansas","scale":0,"scaleLabel":"F0","lengthMiles":0.1,"deaths":0,"injuries":0}},{"type":"Feature","geometry":{"type":"Point","coordinates":[-92.73,32.43]},"properties":{"id":"ncei-1977-10031118","year":1977,"month":3,"state":"LA","stateName":"Louisiana","scale":0,"scaleLabel":"F0","lengthMiles":0,"deaths":0,"injuries":0}},{"type":"Feature","geometry":{"type":"Point","coordinates":[-92.63,32.53]},"properties":{"id":"ncei-1977-10031119","year":1977,"month":3,"state":"LA","stateName":"Louisiana","scale":1,"scaleLabel":"F1","lengthMiles":14.8,"deaths":0,"injuries":0}},{"type":"Feature","geometry":{"type":"Point","coordinates":[-92.4,32.77]},"properties":{"id":"ncei-1977-10031120","year":1977,"month":3,"state":"LA","stateName":"Louisiana","scale":1,"scaleLabel":"F1","lengthMiles":20.9,"deaths":0,"injuries":0}},{"type":"Feature","geometry":{"type":"Point","coordinates":[-92.4,32.62]},"properties":{"id":"ncei-1977-10031121","year":1977,"month":3,"state":"LA","stateName":"Louisiana","scale":1,"scaleLabel":"F1","lengthMiles":19.3,"deaths":0,"injuries":0}},{"type":"Feature","geometry":{"type":"Point","coordinates":[-92.07,32.88]},"properties":{"id":"ncei-1977-10031122","year":1977,"month":3,"state":"LA","stateName":"Louisiana","scale":1,"scaleLabel":"F1","lengthMiles":10.7,"deaths":0,"injuries":0}},{"type":"Feature","geometry":{"type":"Point","coordinates":[-91.9,32.95]},"properties":{"id":"ncei-1977-10031123","year":1977,"month":3,"state":"LA","stateName":"Louisiana","scale":1,"scaleLabel":"F1","lengthMiles":26.1,"deaths":0,"injuries":0}},{"type":"Feature","geometry":{"type":"Point","coordinates":[-92.05,32.13]},"properties":{"id":"ncei-1977-10031124","year":1977,"month":3,"state":"LA","stateName":"Louisiana","scale":1,"scaleLabel":"F1","lengthMiles":6.8,"deaths":0,"injuries":0}},{"type":"Feature","geometry":{"type":"Point","coordinates":[-91.45,32.95]},"properties":{"id":"ncei-1977-10031125","year":1977,"month":3,"state":"LA","stateName":"Louisiana","scale":1,"scaleLabel":"F1","lengthMiles":9.6,"deaths":0,"injuries":0}},{"type":"Feature","geometry":{"type":"Point","coordinates":[-91.28,32.95]},"properties":{"id":"ncei-1977-10031127","year":1977,"month":3,"state":"LA","stateName":"Louisiana","scale":1,"scaleLabel":"F1","lengthMiles":2.3,"deaths":0,"injuries":0}},{"type":"Feature","geometry":{"type":"Point","coordinates":[-91.97,32.45]},"properties":{"id":"ncei-1977-10031129","year":1977,"month":3,"state":"LA","stateName":"Louisiana","scale":1,"scaleLabel":"F1","lengthMiles":0,"deaths":0,"injuries":0}},{"type":"Feature","geometry":{"type":"Point","coordinates":[-91.87,32.68]},"properties":{"id":"ncei-1977-10031130","year":1977,"month":3,"state":"LA","stateName":"Louisiana","scale":1,"scaleLabel":"F1","lengthMiles":6.2,"deaths":0,"injuries":0}},{"type":"Feature","geometry":{"type":"Point","coordinates":[-92.53,32.1]},"properties":{"id":"ncei-1977-10031136","year":1977,"month":3,"state":"LA","stateName":"Louisiana","scale":2,"scaleLabel":"F2","lengthMiles":6.1,"deaths":0,"injuries":0}},{"type":"Feature","geometry":{"type":"Point","coordinates":[-91.88,30.37]},"properties":{"id":"ncei-1977-10031141","year":1977,"month":3,"state":"LA","stateName":"Louisiana","scale":1,"scaleLabel":"F1","lengthMiles":0,"deaths":0,"injuries":3}},{"type":"Feature","geometry":{"type":"Point","coordinates":[-91.95,30.55]},"properties":{"id":"ncei-1977-10031142","year":1977,"month":3,"state":"LA","stateName":"Louisiana","scale":1,"scaleLabel":"F1","lengthMiles":0,"deaths":0,"injuries":1}},{"type":"Feature","geometry":{"type":"Point","coordinates":[-91.43,29.78]},"properties":{"id":"ncei-1977-10032203","year":1977,"month":11,"state":"LA","stateName":"Louisiana","scale":-1,"scaleLabel":"Unknown","lengthMiles":0,"deaths":0,"injuries":0}},{"type":"Feature","geometry":{"type":"Point","coordinates":[-92.52,30.03]},"properties":{"id":"ncei-1977-10032204","year":1977,"month":11,"state":"LA","stateName":"Louisiana","scale":0,"scaleLabel":"F0","lengthMiles":0.1,"deaths":0,"injuries":0}},{"type":"Feature","geometry":{"type":"Point","coordinates":[-93.12,29.8]},"properties":{"id":"ncei-1977-10032206","year":1977,"month":11,"state":"LA","stateName":"Louisiana","scale":1,"scaleLabel":"F1","lengthMiles":0.1,"deaths":0,"injuries":1}},{"type":"Feature","geometry":{"type":"Point","coordinates":[-90.57,30.5]},"properties":{"id":"ncei-1977-10032210","year":1977,"month":11,"state":"LA","stateName":"Louisiana","scale":2,"scaleLabel":"F2","lengthMiles":1,"deaths":0,"injuries":2}},{"type":"Feature","geometry":{"type":"Point","coordinates":[-93.13,29.78]},"properties":{"id":"ncei-1977-10032213","year":1977,"month":11,"state":"LA","stateName":"Louisiana","scale":0,"scaleLabel":"F0","lengthMiles":0.2,"deaths":0,"injuries":0}},{"type":"Feature","geometry":{"type":"Point","coordinates":[-90,30.68]},"properties":{"id":"ncei-1977-10032216","year":1977,"month":12,"state":"LA","stateName":"Louisiana","scale":1,"scaleLabel":"F1","lengthMiles":0.5,"deaths":0,"injuries":0}},{"type":"Feature","geometry":{"type":"Point","coordinates":[-92.18,30.2]},"properties":{"id":"ncei-1977-10033180","year":1977,"month":3,"state":"LA","stateName":"Louisiana","scale":2,"scaleLabel":"F2","lengthMiles":12,"deaths":0,"injuries":1}},{"type":"Feature","geometry":{"type":"Point","coordinates":[-83.92,37.7]},"properties":{"id":"ncei-1977-10033202","year":1977,"month":8,"state":"KY","stateName":"Kentucky","scale":2,"scaleLabel":"F2","lengthMiles":2.3,"deaths":0,"injuries":0}},{"type":"Feature","geometry":{"type":"Point","coordinates":[-85.3,37.58]},"properties":{"id":"ncei-1977-10033208","year":1977,"month":10,"state":"KY","stateName":"Kentucky","scale":1,"scaleLabel":"F1","lengthMiles":4.7,"deaths":0,"injuries":0}},{"type":"Feature","geometry":{"type":"Point","coordinates":[-84.5,38.22]},"properties":{"id":"ncei-1977-10033209","year":1977,"month":10,"state":"KY","stateName":"Kentucky","scale":1,"scaleLabel":"F1","lengthMiles":9.2,"deaths":0,"injuries":0}},{"type":"Feature","geometry":{"type":"Point","coordinates":[-83.88,37.52]},"properties":{"id":"ncei-1977-10033212","year":1977,"month":10,"state":"KY","stateName":"Kentucky","scale":2,"scaleLabel":"F2","lengthMiles":12.8,"deaths":0,"injuries":0}},{"type":"Feature","geometry":{"type":"Point","coordinates":[-84.5,37.62]},"properties":{"id":"ncei-1977-10033213","year":1977,"month":10,"state":"KY","stateName":"Kentucky","scale":2,"scaleLabel":"F2","lengthMiles":2,"deaths":0,"injuries":16}},{"type":"Feature","geometry":{"type":"Point","coordinates":[-85.97,37.83]},"properties":{"id":"ncei-1977-10033214","year":1977,"month":10,"state":"KY","stateName":"Kentucky","scale":2,"scaleLabel":"F2","lengthMiles":2,"deaths":0,"injuries":0}},{"type":"Feature","geometry":{"type":"Point","coordinates":[-84.33,37.47]},"properties":{"id":"ncei-1977-10033220","year":1977,"month":12,"state":"KY","stateName":"Kentucky","scale":1,"scaleLabel":"F1","lengthMiles":25,"deaths":0,"injuries":0}},{"type":"Feature","geometry":{"type":"Point","coordinates":[-92.3,31]},"properties":{"id":"ncei-1977-10033396","year":1977,"month":4,"state":"LA","stateName":"Louisiana","scale":1,"scaleLabel":"F1","lengthMiles":1,"deaths":0,"injuries":0}},{"type":"Feature","geometry":{"type":"Point","coordinates":[-90.98,30.42]},"properties":{"id":"ncei-1977-10033397","year":1977,"month":4,"state":"LA","stateName":"Louisiana","scale":2,"scaleLabel":"F2","lengthMiles":0.2,"deaths":0,"injuries":1}},{"type":"Feature","geometry":{"type":"Point","coordinates":[-91.95,30.3]},"properties":{"id":"ncei-1977-10033398","year":1977,"month":4,"state":"LA","stateName":"Louisiana","scale":3,"scaleLabel":"F3","lengthMiles":3.8,"deaths":1,"injuries":11}},{"type":"Feature","geometry":{"type":"Point","coordinates":[-92.92,32.55]},"properties":{"id":"ncei-1977-10033399","year":1977,"month":5,"state":"LA","stateName":"Louisiana","scale":1,"scaleLabel":"F1","lengthMiles":1.5,"deaths":0,"injuries":0}},{"type":"Feature","geometry":{"type":"Point","coordinates":[-92.43,30.8]},"properties":{"id":"ncei-1977-10033400","year":1977,"month":5,"state":"LA","stateName":"Louisiana","scale":1,"scaleLabel":"F1","lengthMiles":3.3,"deaths":0,"injuries":0}},{"type":"Feature","geometry":{"type":"Point","coordinates":[-90.95,30.4]},"properties":{"id":"ncei-1977-10033401","year":1977,"month":5,"state":"LA","stateName":"Louisiana","scale":0,"scaleLabel":"F0","lengthMiles":0.1,"deaths":0,"injuries":0}},{"type":"Feature","geometry":{"type":"Point","coordinates":[-93.58,30.18]},"properties":{"id":"ncei-1977-10033403","year":1977,"month":5,"state":"LA","stateName":"Louisiana","scale":0,"scaleLabel":"F0","lengthMiles":0.1,"deaths":0,"injuries":0}},{"type":"Feature","geometry":{"type":"Point","coordinates":[-89.8,30.72]},"properties":{"id":"ncei-1977-10033405","year":1977,"month":5,"state":"LA","stateName":"Louisiana","scale":0,"scaleLabel":"F0","lengthMiles":0.1,"deaths":0,"injuries":0}},{"type":"Feature","geometry":{"type":"Point","coordinates":[-92.15,30.22]},"properties":{"id":"ncei-1977-10033409","year":1977,"month":6,"state":"LA","stateName":"Louisiana","scale":1,"scaleLabel":"F1","lengthMiles":2.3,"deaths":0,"injuries":0}},{"type":"Feature","geometry":{"type":"Point","coordinates":[-92.15,30.18]},"properties":{"id":"ncei-1977-10033410","year":1977,"month":6,"state":"LA","stateName":"Louisiana","scale":1,"scaleLabel":"F1","lengthMiles":20.8,"deaths":0,"injuries":0}},{"type":"Feature","geometry":{"type":"Point","coordinates":[-92.38,30.07]},"properties":{"id":"ncei-1977-10033412","year":1977,"month":6,"state":"LA","stateName":"Louisiana","scale":0,"scaleLabel":"F0","lengthMiles":0.1,"deaths":0,"injuries":0}},{"type":"Feature","geometry":{"type":"Point","coordinates":[-91.08,29.7]},"properties":{"id":"ncei-1977-10033426","year":1977,"month":7,"state":"LA","stateName":"Louisiana","scale":0,"scaleLabel":"F0","lengthMiles":0,"deaths":0,"injuries":0}},{"type":"Feature","geometry":{"type":"Point","coordinates":[-90.18,30]},"properties":{"id":"ncei-1977-10033429","year":1977,"month":7,"state":"LA","stateName":"Louisiana","scale":1,"scaleLabel":"F1","lengthMiles":2.3,"deaths":0,"injuries":0}},{"type":"Feature","geometry":{"type":"Point","coordinates":[-90.15,30]},"properties":{"id":"ncei-1977-10033430","year":1977,"month":7,"state":"LA","stateName":"Louisiana","scale":1,"scaleLabel":"F1","lengthMiles":2.3,"deaths":0,"injuries":3}},{"type":"Feature","geometry":{"type":"Point","coordinates":[-90.87,30.48]},"properties":{"id":"ncei-1977-10033433","year":1977,"month":9,"state":"LA","stateName":"Louisiana","scale":1,"scaleLabel":"F1","lengthMiles":0.2,"deaths":0,"injuries":0}},{"type":"Feature","geometry":{"type":"Point","coordinates":[-90.45,30.47]},"properties":{"id":"ncei-1977-10033434","year":1977,"month":9,"state":"LA","stateName":"Louisiana","scale":1,"scaleLabel":"F1","lengthMiles":0.1,"deaths":0,"injuries":1}},{"type":"Feature","geometry":{"type":"Point","coordinates":[-91.15,30.7]},"properties":{"id":"ncei-1977-10033435","year":1977,"month":9,"state":"LA","stateName":"Louisiana","scale":0,"scaleLabel":"F0","lengthMiles":0.1,"deaths":0,"injuries":0}},{"type":"Feature","geometry":{"type":"Point","coordinates":[-90.43,30.42]},"properties":{"id":"ncei-1977-10033436","year":1977,"month":9,"state":"LA","stateName":"Louisiana","scale":2,"scaleLabel":"F2","lengthMiles":1.7,"deaths":0,"injuries":1}},{"type":"Feature","geometry":{"type":"Point","coordinates":[-90.47,30.5]},"properties":{"id":"ncei-1977-10033437","year":1977,"month":9,"state":"LA","stateName":"Louisiana","scale":1,"scaleLabel":"F1","lengthMiles":0.1,"deaths":0,"injuries":0}},{"type":"Feature","geometry":{"type":"Point","coordinates":[-89.88,30.68]},"properties":{"id":"ncei-1977-10033438","year":1977,"month":9,"state":"LA","stateName":"Louisiana","scale":1,"scaleLabel":"F1","lengthMiles":2.5,"deaths":0,"injuries":1}},{"type":"Feature","geometry":{"type":"Point","coordinates":[-90.4,30.55]},"properties":{"id":"ncei-1977-10033439","year":1977,"month":9,"state":"LA","stateName":"Louisiana","scale":0,"scaleLabel":"F0","lengthMiles":0.1,"deaths":0,"injuries":0}},{"type":"Feature","geometry":{"type":"Point","coordinates":[-91.92,29.95]},"properties":{"id":"ncei-1977-10033448","year":1977,"month":9,"state":"LA","stateName":"Louisiana","scale":2,"scaleLabel":"F2","lengthMiles":0.2,"deaths":0,"injuries":0}},{"type":"Feature","geometry":{"type":"Point","coordinates":[-93.17,30.07]},"properties":{"id":"ncei-1977-10033449","year":1977,"month":9,"state":"LA","stateName":"Louisiana","scale":0,"scaleLabel":"F0","lengthMiles":0,"deaths":0,"injuries":0}},{"type":"Feature","geometry":{"type":"Point","coordinates":[-92.72,32.28]},"properties":{"id":"ncei-1977-10033451","year":1977,"month":10,"state":"LA","stateName":"Louisiana","scale":1,"scaleLabel":"F1","lengthMiles":0.2,"deaths":0,"injuries":0}},{"type":"Feature","geometry":{"type":"Point","coordinates":[-90.7,29.4]},"properties":{"id":"ncei-1977-10033454","year":1977,"month":11,"state":"LA","stateName":"Louisiana","scale":1,"scaleLabel":"F1","lengthMiles":0.1,"deaths":0,"injuries":0}},{"type":"Feature","geometry":{"type":"Point","coordinates":[-92.52,30]},"properties":{"id":"ncei-1977-10033455","year":1977,"month":11,"state":"LA","stateName":"Louisiana","scale":2,"scaleLabel":"F2","lengthMiles":1,"deaths":0,"injuries":1}},{"type":"Feature","geometry":{"type":"Point","coordinates":[-90.78,29.4]},"properties":{"id":"ncei-1977-10033457","year":1977,"month":11,"state":"LA","stateName":"Louisiana","scale":1,"scaleLabel":"F1","lengthMiles":0.1,"deaths":0,"injuries":2}},{"type":"Feature","geometry":{"type":"Point","coordinates":[-84.68,38.8]},"properties":{"id":"ncei-1977-10033921","year":1977,"month":4,"state":"KY","stateName":"Kentucky","scale":1,"scaleLabel":"F1","lengthMiles":4.7,"deaths":0,"injuries":0}},{"type":"Feature","geometry":{"type":"Point","coordinates":[-84.6,38.83]},"properties":{"id":"ncei-1977-10033922","year":1977,"month":4,"state":"KY","stateName":"Kentucky","scale":1,"scaleLabel":"F1","lengthMiles":6.9,"deaths":0,"injuries":0}},{"type":"Feature","geometry":{"type":"Point","coordinates":[-87.15,36.82]},"properties":{"id":"ncei-1977-10033923","year":1977,"month":4,"state":"KY","stateName":"Kentucky","scale":1,"scaleLabel":"F1","lengthMiles":0.8,"deaths":0,"injuries":1}},{"type":"Feature","geometry":{"type":"Point","coordinates":[-85.87,38.12]},"properties":{"id":"ncei-1977-10033948","year":1977,"month":6,"state":"KY","stateName":"Kentucky","scale":0,"scaleLabel":"F0","lengthMiles":2,"deaths":0,"injuries":0}},{"type":"Feature","geometry":{"type":"Point","coordinates":[-85.05,37.93]},"properties":{"id":"ncei-1977-10033954","year":1977,"month":6,"state":"KY","stateName":"Kentucky","scale":1,"scaleLabel":"F1","lengthMiles":1,"deaths":0,"injuries":0}},{"type":"Feature","geometry":{"type":"Point","coordinates":[-83.78,37.93]},"properties":{"id":"ncei-1977-10033958","year":1977,"month":6,"state":"KY","stateName":"Kentucky","scale":1,"scaleLabel":"F1","lengthMiles":0.2,"deaths":0,"injuries":6}},{"type":"Feature","geometry":{"type":"Point","coordinates":[-84.5,43.02]},"properties":{"id":"ncei-1977-10039822","year":1977,"month":3,"state":"MI","stateName":"Michigan","scale":2,"scaleLabel":"F2","lengthMiles":2,"deaths":0,"injuries":0}},{"type":"Feature","geometry":{"type":"Point","coordinates":[-86.35,43.77]},"properties":{"id":"ncei-1977-10039823","year":1977,"month":3,"state":"MI","stateName":"Michigan","scale":1,"scaleLabel":"F1","lengthMiles":1.5,"deaths":0,"injuries":3}},{"type":"Feature","geometry":{"type":"Point","coordinates":[-85.55,42.28]},"properties":{"id":"ncei-1977-10039826","year":1977,"month":4,"state":"MI","stateName":"Michigan","scale":4,"scaleLabel":"F4","lengthMiles":12.4,"deaths":0,"injuries":10}},{"type":"Feature","geometry":{"type":"Point","coordinates":[-85.02,42.43]},"properties":{"id":"ncei-1977-10039827","year":1977,"month":4,"state":"MI","stateName":"Michigan","scale":4,"scaleLabel":"F4","lengthMiles":16.6,"deaths":1,"injuries":44}},{"type":"Feature","geometry":{"type":"Point","coordinates":[-84.47,42.87]},"properties":{"id":"ncei-1977-10040675","year":1977,"month":4,"state":"MI","stateName":"Michigan","scale":2,"scaleLabel":"F2","lengthMiles":3.3,"deaths":0,"injuries":6}},{"type":"Feature","geometry":{"type":"Point","coordinates":[-84.28,42.52]},"properties":{"id":"ncei-1977-10040676","year":1977,"month":4,"state":"MI","stateName":"Michigan","scale":2,"scaleLabel":"F2","lengthMiles":1.5,"deaths":0,"injuries":0}},{"type":"Feature","geometry":{"type":"Point","coordinates":[-84.25,42.92]},"properties":{"id":"ncei-1977-10040891","year":1977,"month":4,"state":"MI","stateName":"Michigan","scale":1,"scaleLabel":"F1","lengthMiles":12,"deaths":0,"injuries":1}},{"type":"Feature","geometry":{"type":"Point","coordinates":[-84.03,42.57]},"properties":{"id":"ncei-1977-10040892","year":1977,"month":4,"state":"MI","stateName":"Michigan","scale":2,"scaleLabel":"F2","lengthMiles":5.6,"deaths":0,"injuries":1}},{"type":"Feature","geometry":{"type":"Point","coordinates":[-85.3,42.43]},"properties":{"id":"ncei-1977-10040897","year":1977,"month":5,"state":"MI","stateName":"Michigan","scale":1,"scaleLabel":"F1","lengthMiles":3.3,"deaths":0,"injuries":0}},{"type":"Feature","geometry":{"type":"Point","coordinates":[-83.73,42.35]},"properties":{"id":"ncei-1977-10040901","year":1977,"month":5,"state":"MI","stateName":"Michigan","scale":1,"scaleLabel":"F1","lengthMiles":1.5,"deaths":0,"injuries":0}},{"type":"Feature","geometry":{"type":"Point","coordinates":[-83.73,41.98]},"properties":{"id":"ncei-1977-10040902","year":1977,"month":5,"state":"MI","stateName":"Michigan","scale":1,"scaleLabel":"F1","lengthMiles":2.7,"deaths":0,"injuries":0}},{"type":"Feature","geometry":{"type":"Point","coordinates":[-86.3,42.2]},"properties":{"id":"ncei-1977-10040906","year":1977,"month":6,"state":"MI","stateName":"Michigan","scale":1,"scaleLabel":"F1","lengthMiles":4.5,"deaths":0,"injuries":0}},{"type":"Feature","geometry":{"type":"Point","coordinates":[-86.2,42.22]},"properties":{"id":"ncei-1977-10040908","year":1977,"month":6,"state":"MI","stateName":"Michigan","scale":1,"scaleLabel":"F1","lengthMiles":9.3,"deaths":0,"injuries":0}},{"type":"Feature","geometry":{"type":"Point","coordinates":[-83.68,44.05]},"properties":{"id":"ncei-1977-10040919","year":1977,"month":7,"state":"MI","stateName":"Michigan","scale":2,"scaleLabel":"F2","lengthMiles":2.5,"deaths":0,"injuries":1}},{"type":"Feature","geometry":{"type":"Point","coordinates":[-85.08,43.52]},"properties":{"id":"ncei-1977-10040923","year":1977,"month":7,"state":"MI","stateName":"Michigan","scale":1,"scaleLabel":"F1","lengthMiles":7.1,"deaths":0,"injuries":0}},{"type":"Feature","geometry":{"type":"Point","coordinates":[-83.58,43.12]},"properties":{"id":"ncei-1977-10040924","year":1977,"month":7,"state":"MI","stateName":"Michigan","scale":1,"scaleLabel":"F1","lengthMiles":6.9,"deaths":0,"injuries":1}},{"type":"Feature","geometry":{"type":"Point","coordinates":[-83.55,42.07]},"properties":{"id":"ncei-1977-10040925","year":1977,"month":7,"state":"MI","stateName":"Michigan","scale":1,"scaleLabel":"F1","lengthMiles":5.7,"deaths":0,"injuries":0}},{"type":"Feature","geometry":{"type":"Point","coordinates":[-84.95,43.47]},"properties":{"id":"ncei-1977-10040926","year":1977,"month":7,"state":"MI","stateName":"Michigan","scale":1,"scaleLabel":"F1","lengthMiles":4.1,"deaths":0,"injuries":0}},{"type":"Feature","geometry":{"type":"Point","coordinates":[-83.45,43.17]},"properties":{"id":"ncei-1977-10040927","year":1977,"month":7,"state":"MI","stateName":"Michigan","scale":1,"scaleLabel":"F1","lengthMiles":0,"deaths":0,"injuries":0}},{"type":"Feature","geometry":{"type":"Point","coordinates":[-82.8,43.68]},"properties":{"id":"ncei-1977-10040930","year":1977,"month":7,"state":"MI","stateName":"Michigan","scale":1,"scaleLabel":"F1","lengthMiles":1.5,"deaths":0,"injuries":0}},{"type":"Feature","geometry":{"type":"Point","coordinates":[-83.93,44.15]},"properties":{"id":"ncei-1977-10040931","year":1977,"month":7,"state":"MI","stateName":"Michigan","scale":1,"scaleLabel":"F1","lengthMiles":1.5,"deaths":0,"injuries":1}},{"type":"Feature","geometry":{"type":"Point","coordinates":[-84.6,41.98]},"properties":{"id":"ncei-1977-10040936","year":1977,"month":7,"state":"MI","stateName":"Michigan","scale":2,"scaleLabel":"F2","lengthMiles":4.7,"deaths":0,"injuries":0}},{"type":"Feature","geometry":{"type":"Point","coordinates":[-84.1,42.35]},"properties":{"id":"ncei-1977-10040937","year":1977,"month":7,"state":"MI","stateName":"Michigan","scale":1,"scaleLabel":"F1","lengthMiles":2,"deaths":0,"injuries":0}},{"type":"Feature","geometry":{"type":"Point","coordinates":[-85.98,44.88]},"properties":{"id":"ncei-1977-10040940","year":1977,"month":7,"state":"MI","stateName":"Michigan","scale":1,"scaleLabel":"F1","lengthMiles":8.4,"deaths":0,"injuries":0}},{"type":"Feature","geometry":{"type":"Point","coordinates":[-85.27,45.05]},"properties":{"id":"ncei-1977-10040941","year":1977,"month":7,"state":"MI","stateName":"Michigan","scale":2,"scaleLabel":"F2","lengthMiles":15.6,"deaths":0,"injuries":0}},{"type":"Feature","geometry":{"type":"Point","coordinates":[-84.95,45.1]},"properties":{"id":"ncei-1977-10040942","year":1977,"month":7,"state":"MI","stateName":"Michigan","scale":2,"scaleLabel":"F2","lengthMiles":3.8,"deaths":0,"injuries":0}},{"type":"Feature","geometry":{"type":"Point","coordinates":[-83.8,44.28]},"properties":{"id":"ncei-1977-10040944","year":1977,"month":8,"state":"MI","stateName":"Michigan","scale":1,"scaleLabel":"F1","lengthMiles":3.3,"deaths":0,"injuries":0}},{"type":"Feature","geometry":{"type":"Point","coordinates":[-84.27,46.43]},"properties":{"id":"ncei-1977-10040945","year":1977,"month":8,"state":"MI","stateName":"Michigan","scale":1,"scaleLabel":"F1","lengthMiles":0,"deaths":0,"injuries":0}},{"type":"Feature","geometry":{"type":"Point","coordinates":[-85.15,44.15]},"properties":{"id":"ncei-1977-10040947","year":1977,"month":8,"state":"MI","stateName":"Michigan","scale":1,"scaleLabel":"F1","lengthMiles":1.5,"deaths":0,"injuries":0}},{"type":"Feature","geometry":{"type":"Point","coordinates":[-85.52,46.32]},"properties":{"id":"ncei-1977-10040948","year":1977,"month":8,"state":"MI","stateName":"Michigan","scale":1,"scaleLabel":"F1","lengthMiles":1.5,"deaths":0,"injuries":0}},{"type":"Feature","geometry":{"type":"Point","coordinates":[-83.77,44.37]},"properties":{"id":"ncei-1977-10040950","year":1977,"month":8,"state":"MI","stateName":"Michigan","scale":1,"scaleLabel":"F1","lengthMiles":1.9,"deaths":0,"injuries":0}},{"type":"Feature","geometry":{"type":"Point","coordinates":[-86.35,41.95]},"properties":{"id":"ncei-1977-10040951","year":1977,"month":9,"state":"MI","stateName":"Michigan","scale":0,"scaleLabel":"F0","lengthMiles":0.5,"deaths":0,"injuries":0}},{"type":"Feature","geometry":{"type":"Point","coordinates":[-83.8,43.03]},"properties":{"id":"ncei-1977-10040954","year":1977,"month":9,"state":"MI","stateName":"Michigan","scale":2,"scaleLabel":"F2","lengthMiles":2,"deaths":0,"injuries":1}},{"type":"Feature","geometry":{"type":"Point","coordinates":[-84.72,42.93]},"properties":{"id":"ncei-1977-10040955","year":1977,"month":9,"state":"MI","stateName":"Michigan","scale":1,"scaleLabel":"F1","lengthMiles":0.5,"deaths":0,"injuries":0}},{"type":"Feature","geometry":{"type":"Point","coordinates":[-82.58,43.08]},"properties":{"id":"ncei-1977-10040956","year":1977,"month":9,"state":"MI","stateName":"Michigan","scale":1,"scaleLabel":"F1","lengthMiles":5.2,"deaths":0,"injuries":0}},{"type":"Feature","geometry":{"type":"Point","coordinates":[-72.43,42.12]},"properties":{"id":"ncei-1977-10041280","year":1977,"month":6,"state":"MA","stateName":"Massachusetts","scale":1,"scaleLabel":"F1","lengthMiles":0.1,"deaths":0,"injuries":0}},{"type":"Feature","geometry":{"type":"Point","coordinates":[-70.28,41.67]},"properties":{"id":"ncei-1977-10041284","year":1977,"month":8,"state":"MA","stateName":"Massachusetts","scale":1,"scaleLabel":"F1","lengthMiles":0.1,"deaths":0,"injuries":2}},{"type":"Feature","geometry":{"type":"Point","coordinates":[-79.48,39.4]},"properties":{"id":"ncei-1977-10042846","year":1977,"month":6,"state":"MD","stateName":"Maryland","scale":2,"scaleLabel":"F2","lengthMiles":1.9,"deaths":0,"injuries":0}},{"type":"Feature","geometry":{"type":"Point","coordinates":[-75.83,39.53]},"properties":{"id":"ncei-1977-10042854","year":1977,"month":8,"state":"MD","stateName":"Maryland","scale":-1,"scaleLabel":"Unknown","lengthMiles":0.2,"deaths":0,"injuries":0}},{"type":"Feature","geometry":{"type":"Point","coordinates":[-68.67,44.3]},"properties":{"id":"ncei-1977-10043806","year":1977,"month":8,"state":"ME","stateName":"Maine","scale":1,"scaleLabel":"F1","lengthMiles":0.3,"deaths":0,"injuries":0}},{"type":"Feature","geometry":{"type":"Point","coordinates":[-88.48,30.45]},"properties":{"id":"ncei-1977-10047704","year":1977,"month":6,"state":"MS","stateName":"Mississippi","scale":0,"scaleLabel":"F0","lengthMiles":0,"deaths":0,"injuries":0}},{"type":"Feature","geometry":{"type":"Point","coordinates":[-89.35,31.85]},"properties":{"id":"ncei-1977-10047707","year":1977,"month":6,"state":"MS","stateName":"Mississippi","scale":2,"scaleLabel":"F2","lengthMiles":0.6,"deaths":0,"injuries":0}},{"type":"Feature","geometry":{"type":"Point","coordinates":[-89.83,34.32]},"properties":{"id":"ncei-1977-10047714","year":1977,"month":7,"state":"MS","stateName":"Mississippi","scale":1,"scaleLabel":"F1","lengthMiles":0.5,"deaths":0,"injuries":0}},{"type":"Feature","geometry":{"type":"Point","coordinates":[-88.6,30.43]},"properties":{"id":"ncei-1977-10047717","year":1977,"month":7,"state":"MS","stateName":"Mississippi","scale":0,"scaleLabel":"F0","lengthMiles":0,"deaths":0,"injuries":1}},{"type":"Feature","geometry":{"type":"Point","coordinates":[-89.48,30.22]},"properties":{"id":"ncei-1977-10047729","year":1977,"month":8,"state":"MS","stateName":"Mississippi","scale":1,"scaleLabel":"F1","lengthMiles":0,"deaths":0,"injuries":0}},{"type":"Feature","geometry":{"type":"Point","coordinates":[-90,34.68]},"properties":{"id":"ncei-1977-10047730","year":1977,"month":8,"state":"MS","stateName":"Mississippi","scale":0,"scaleLabel":"F0","lengthMiles":0,"deaths":0,"injuries":0}},{"type":"Feature","geometry":{"type":"Point","coordinates":[-89.27,30.32]},"properties":{"id":"ncei-1977-10047732","year":1977,"month":9,"state":"MS","stateName":"Mississippi","scale":2,"scaleLabel":"F2","lengthMiles":0.1,"deaths":0,"injuries":0}},{"type":"Feature","geometry":{"type":"Point","coordinates":[-88.52,32.03]},"properties":{"id":"ncei-1977-10047733","year":1977,"month":9,"state":"MS","stateName":"Mississippi","scale":1,"scaleLabel":"F1","lengthMiles":0,"deaths":0,"injuries":0}},{"type":"Feature","geometry":{"type":"Point","coordinates":[-90.32,32.33]},"properties":{"id":"ncei-1977-10047743","year":1977,"month":9,"state":"MS","stateName":"Mississippi","scale":-1,"scaleLabel":"Unknown","lengthMiles":1,"deaths":0,"injuries":0}},{"type":"Feature","geometry":{"type":"Point","coordinates":[-91.47,31.1]},"properties":{"id":"ncei-1977-10047747","year":1977,"month":10,"state":"MS","stateName":"Mississippi","scale":1,"scaleLabel":"F1","lengthMiles":15,"deaths":0,"injuries":0}},{"type":"Feature","geometry":{"type":"Point","coordinates":[-90.67,31.03]},"properties":{"id":"ncei-1977-10047750","year":1977,"month":12,"state":"MS","stateName":"Mississippi","scale":3,"scaleLabel":"F3","lengthMiles":9,"deaths":0,"injuries":0}},{"type":"Feature","geometry":{"type":"Point","coordinates":[-90.55,31.12]},"properties":{"id":"ncei-1977-10047752","year":1977,"month":12,"state":"MS","stateName":"Mississippi","scale":3,"scaleLabel":"F3","lengthMiles":11.4,"deaths":0,"injuries":2}},{"type":"Feature","geometry":{"type":"Point","coordinates":[-89.25,31.67]},"properties":{"id":"ncei-1977-10047754","year":1977,"month":12,"state":"MS","stateName":"Mississippi","scale":2,"scaleLabel":"F2","lengthMiles":1,"deaths":0,"injuries":0}},{"type":"Feature","geometry":{"type":"Point","coordinates":[-88.83,34.18]},"properties":{"id":"ncei-1977-10047756","year":1977,"month":12,"state":"MS","stateName":"Mississippi","scale":1,"scaleLabel":"F1","lengthMiles":7.4,"deaths":0,"injuries":7}},{"type":"Feature","geometry":{"type":"Point","coordinates":[-90.33,31.8]},"properties":{"id":"ncei-1977-10047759","year":1977,"month":12,"state":"MS","stateName":"Mississippi","scale":3,"scaleLabel":"F3","lengthMiles":8,"deaths":0,"injuries":0}},{"type":"Feature","geometry":{"type":"Point","coordinates":[-90.03,32.65]},"properties":{"id":"ncei-1977-10049963","year":1977,"month":1,"state":"MS","stateName":"Mississippi","scale":1,"scaleLabel":"F1","lengthMiles":0.1,"deaths":0,"injuries":0}},{"type":"Feature","geometry":{"type":"Point","coordinates":[-89.67,31.92]},"properties":{"id":"ncei-1977-10049964","year":1977,"month":1,"state":"MS","stateName":"Mississippi","scale":2,"scaleLabel":"F2","lengthMiles":1,"deaths":0,"injuries":0}},{"type":"Feature","geometry":{"type":"Point","coordinates":[-90.27,32.18]},"properties":{"id":"ncei-1977-10049967","year":1977,"month":2,"state":"MS","stateName":"Mississippi","scale":1,"scaleLabel":"F1","lengthMiles":0.5,"deaths":0,"injuries":0}},{"type":"Feature","geometry":{"type":"Point","coordinates":[-89.45,33.13]},"properties":{"id":"ncei-1977-10049968","year":1977,"month":2,"state":"MS","stateName":"Mississippi","scale":3,"scaleLabel":"F3","lengthMiles":10.5,"deaths":0,"injuries":0}},{"type":"Feature","geometry":{"type":"Point","coordinates":[-89.48,32.85]},"properties":{"id":"ncei-1977-10049970","year":1977,"month":2,"state":"MS","stateName":"Mississippi","scale":3,"scaleLabel":"F3","lengthMiles":11.4,"deaths":0,"injuries":1}},{"type":"Feature","geometry":{"type":"Point","coordinates":[-89.23,33.02]},"properties":{"id":"ncei-1977-10049971","year":1977,"month":2,"state":"MS","stateName":"Mississippi","scale":4,"scaleLabel":"F4","lengthMiles":15,"deaths":2,"injuries":5}},{"type":"Feature","geometry":{"type":"Point","coordinates":[-88.7,31.15]},"properties":{"id":"ncei-1977-10049972","year":1977,"month":2,"state":"MS","stateName":"Mississippi","scale":2,"scaleLabel":"F2","lengthMiles":13.9,"deaths":0,"injuries":0}},{"type":"Feature","geometry":{"type":"Point","coordinates":[-89.77,32.75]},"properties":{"id":"ncei-1977-10049978","year":1977,"month":3,"state":"MS","stateName":"Mississippi","scale":2,"scaleLabel":"F2","lengthMiles":4.1,"deaths":0,"injuries":0}},{"type":"Feature","geometry":{"type":"Point","coordinates":[-88.75,31.3]},"properties":{"id":"ncei-1977-10049980","year":1977,"month":3,"state":"MS","stateName":"Mississippi","scale":1,"scaleLabel":"F1","lengthMiles":18.2,"deaths":0,"injuries":0}},{"type":"Feature","geometry":{"type":"Point","coordinates":[-90.03,32.9]},"properties":{"id":"ncei-1977-10049984","year":1977,"month":3,"state":"MS","stateName":"Mississippi","scale":2,"scaleLabel":"F2","lengthMiles":5.2,"deaths":0,"injuries":4}},{"type":"Feature","geometry":{"type":"Point","coordinates":[-89.97,32.72]},"properties":{"id":"ncei-1977-10049985","year":1977,"month":3,"state":"MS","stateName":"Mississippi","scale":3,"scaleLabel":"F3","lengthMiles":24.5,"deaths":0,"injuries":0}},{"type":"Feature","geometry":{"type":"Point","coordinates":[-89.73,33.02]},"properties":{"id":"ncei-1977-10049993","year":1977,"month":3,"state":"MS","stateName":"Mississippi","scale":1,"scaleLabel":"F1","lengthMiles":3.3,"deaths":0,"injuries":0}},{"type":"Feature","geometry":{"type":"Point","coordinates":[-89.33,31.35]},"properties":{"id":"ncei-1977-10049999","year":1977,"month":3,"state":"MS","stateName":"Mississippi","scale":2,"scaleLabel":"F2","lengthMiles":0,"deaths":0,"injuries":0}},{"type":"Feature","geometry":{"type":"Point","coordinates":[-89.3,31.2]},"properties":{"id":"ncei-1977-10050000","year":1977,"month":3,"state":"MS","stateName":"Mississippi","scale":2,"scaleLabel":"F2","lengthMiles":0.1,"deaths":0,"injuries":0}},{"type":"Feature","geometry":{"type":"Point","coordinates":[-90.28,32.07]},"properties":{"id":"ncei-1977-10050006","year":1977,"month":4,"state":"MS","stateName":"Mississippi","scale":1,"scaleLabel":"F1","lengthMiles":0,"deaths":0,"injuries":0}},{"type":"Feature","geometry":{"type":"Point","coordinates":[-88.67,33.42]},"properties":{"id":"ncei-1977-10050007","year":1977,"month":4,"state":"MS","stateName":"Mississippi","scale":2,"scaleLabel":"F2","lengthMiles":2,"deaths":0,"injuries":0}},{"type":"Feature","geometry":{"type":"Point","coordinates":[-90.15,32.13]},"properties":{"id":"ncei-1977-10050008","year":1977,"month":4,"state":"MS","stateName":"Mississippi","scale":1,"scaleLabel":"F1","lengthMiles":0.1,"deaths":0,"injuries":0}},{"type":"Feature","geometry":{"type":"Point","coordinates":[-89,32.82]},"properties":{"id":"ncei-1977-10050009","year":1977,"month":4,"state":"MS","stateName":"Mississippi","scale":3,"scaleLabel":"F3","lengthMiles":6.6,"deaths":0,"injuries":0}},{"type":"Feature","geometry":{"type":"Point","coordinates":[-88.92,32.88]},"properties":{"id":"ncei-1977-10050010","year":1977,"month":4,"state":"MS","stateName":"Mississippi","scale":3,"scaleLabel":"F3","lengthMiles":5.1,"deaths":0,"injuries":0}},{"type":"Feature","geometry":{"type":"Point","coordinates":[-88.55,33.05]},"properties":{"id":"ncei-1977-10050011","year":1977,"month":4,"state":"MS","stateName":"Mississippi","scale":3,"scaleLabel":"F3","lengthMiles":9.1,"deaths":0,"injuries":1}},{"type":"Feature","geometry":{"type":"Point","coordinates":[-89.4,30.28]},"properties":{"id":"ncei-1977-10050017","year":1977,"month":5,"state":"MS","stateName":"Mississippi","scale":2,"scaleLabel":"F2","lengthMiles":5.4,"deaths":0,"injuries":0}},{"type":"Feature","geometry":{"type":"Point","coordinates":[-88.5,30.47]},"properties":{"id":"ncei-1977-10050018","year":1977,"month":5,"state":"MS","stateName":"Mississippi","scale":2,"scaleLabel":"F2","lengthMiles":5.2,"deaths":0,"injuries":0}},{"type":"Feature","geometry":{"type":"Point","coordinates":[-93.63,44.52]},"properties":{"id":"ncei-1977-10051882","year":1977,"month":5,"state":"MN","stateName":"Minnesota","scale":2,"scaleLabel":"F2","lengthMiles":2.7,"deaths":0,"injuries":0}},{"type":"Feature","geometry":{"type":"Point","coordinates":[-93.62,44.57]},"properties":{"id":"ncei-1977-10051883","year":1977,"month":5,"state":"MN","stateName":"Minnesota","scale":2,"scaleLabel":"F2","lengthMiles":16.6,"deaths":0,"injuries":0}},{"type":"Feature","geometry":{"type":"Point","coordinates":[-94.43,44.87]},"properties":{"id":"ncei-1977-10051886","year":1977,"month":5,"state":"MN","stateName":"Minnesota","scale":1,"scaleLabel":"F1","lengthMiles":0,"deaths":0,"injuries":0}},{"type":"Feature","geometry":{"type":"Point","coordinates":[-96.67,47.75]},"properties":{"id":"ncei-1977-10051894","year":1977,"month":5,"state":"MN","stateName":"Minnesota","scale":1,"scaleLabel":"F1","lengthMiles":1.5,"deaths":0,"injuries":0}},{"type":"Feature","geometry":{"type":"Point","coordinates":[-95.8,43.47]},"properties":{"id":"ncei-1977-10051897","year":1977,"month":5,"state":"MN","stateName":"Minnesota","scale":2,"scaleLabel":"F2","lengthMiles":10.3,"deaths":0,"injuries":0}},{"type":"Feature","geometry":{"type":"Point","coordinates":[-94.08,44]},"properties":{"id":"ncei-1977-10051906","year":1977,"month":5,"state":"MN","stateName":"Minnesota","scale":1,"scaleLabel":"F1","lengthMiles":9.4,"deaths":0,"injuries":0}},{"type":"Feature","geometry":{"type":"Point","coordinates":[-94.02,44.13]},"properties":{"id":"ncei-1977-10051907","year":1977,"month":5,"state":"MN","stateName":"Minnesota","scale":1,"scaleLabel":"F1","lengthMiles":0,"deaths":0,"injuries":0}},{"type":"Feature","geometry":{"type":"Point","coordinates":[-95.05,45.12]},"properties":{"id":"ncei-1977-10051912","year":1977,"month":5,"state":"MN","stateName":"Minnesota","scale":1,"scaleLabel":"F1","lengthMiles":0.1,"deaths":0,"injuries":0}},{"type":"Feature","geometry":{"type":"Point","coordinates":[-93.28,47.28]},"properties":{"id":"ncei-1977-10051929","year":1977,"month":6,"state":"MN","stateName":"Minnesota","scale":2,"scaleLabel":"F2","lengthMiles":0.5,"deaths":0,"injuries":0}},{"type":"Feature","geometry":{"type":"Point","coordinates":[-93.97,45.7]},"properties":{"id":"ncei-1977-10051934","year":1977,"month":6,"state":"MN","stateName":"Minnesota","scale":2,"scaleLabel":"F2","lengthMiles":0.7,"deaths":0,"injuries":0}},{"type":"Feature","geometry":{"type":"Point","coordinates":[-95.73,46.82]},"properties":{"id":"ncei-1977-10051936","year":1977,"month":6,"state":"MN","stateName":"Minnesota","scale":1,"scaleLabel":"F1","lengthMiles":0.2,"deaths":0,"injuries":0}},{"type":"Feature","geometry":{"type":"Point","coordinates":[-94.62,47.38]},"properties":{"id":"ncei-1977-10051940","year":1977,"month":6,"state":"MN","stateName":"Minnesota","scale":1,"scaleLabel":"F1","lengthMiles":0,"deaths":0,"injuries":0}},{"type":"Feature","geometry":{"type":"Point","coordinates":[-95.4,45.3]},"properties":{"id":"ncei-1977-10052566","year":1977,"month":5,"state":"MN","stateName":"Minnesota","scale":1,"scaleLabel":"F1","lengthMiles":2,"deaths":0,"injuries":0}},{"type":"Feature","geometry":{"type":"Point","coordinates":[-94.63,43.55]},"properties":{"id":"ncei-1977-10052567","year":1977,"month":5,"state":"MN","stateName":"Minnesota","scale":2,"scaleLabel":"F2","lengthMiles":0,"deaths":0,"injuries":0}},{"type":"Feature","geometry":{"type":"Point","coordinates":[-96.32,46.88]},"properties":{"id":"ncei-1977-10052796","year":1977,"month":7,"state":"MN","stateName":"Minnesota","scale":1,"scaleLabel":"F1","lengthMiles":0.5,"deaths":0,"injuries":0}},{"type":"Feature","geometry":{"type":"Point","coordinates":[-96.62,48.02]},"properties":{"id":"ncei-1977-10053018","year":1977,"month":7,"state":"MN","stateName":"Minnesota","scale":2,"scaleLabel":"F2","lengthMiles":2,"deaths":0,"injuries":2}},{"type":"Feature","geometry":{"type":"Point","coordinates":[-97.1,48.1]},"properties":{"id":"ncei-1977-10053019","year":1977,"month":7,"state":"MN","stateName":"Minnesota","scale":2,"scaleLabel":"F2","lengthMiles":1,"deaths":0,"injuries":0}},{"type":"Feature","geometry":{"type":"Point","coordinates":[-96.9,47.67]},"properties":{"id":"ncei-1977-10053020","year":1977,"month":7,"state":"MN","stateName":"Minnesota","scale":2,"scaleLabel":"F2","lengthMiles":2.3,"deaths":0,"injuries":0}},{"type":"Feature","geometry":{"type":"Point","coordinates":[-96.97,48.75]},"properties":{"id":"ncei-1977-10053021","year":1977,"month":7,"state":"MN","stateName":"Minnesota","scale":1,"scaleLabel":"F1","lengthMiles":0.5,"deaths":0,"injuries":0}},{"type":"Feature","geometry":{"type":"Point","coordinates":[-96.67,48.02]},"properties":{"id":"ncei-1977-10053022","year":1977,"month":7,"state":"MN","stateName":"Minnesota","scale":1,"scaleLabel":"F1","lengthMiles":0.1,"deaths":0,"injuries":0}},{"type":"Feature","geometry":{"type":"Point","coordinates":[-92.27,43.7]},"properties":{"id":"ncei-1977-10053025","year":1977,"month":7,"state":"MN","stateName":"Minnesota","scale":2,"scaleLabel":"F2","lengthMiles":9.2,"deaths":0,"injuries":10}},{"type":"Feature","geometry":{"type":"Point","coordinates":[-93.93,46.55]},"properties":{"id":"ncei-1977-10053032","year":1977,"month":7,"state":"MN","stateName":"Minnesota","scale":1,"scaleLabel":"F1","lengthMiles":0.2,"deaths":0,"injuries":0}},{"type":"Feature","geometry":{"type":"Point","coordinates":[-94.53,44.88]},"properties":{"id":"ncei-1977-10053037","year":1977,"month":7,"state":"MN","stateName":"Minnesota","scale":2,"scaleLabel":"F2","lengthMiles":0,"deaths":0,"injuries":0}},{"type":"Feature","geometry":{"type":"Point","coordinates":[-94.77,44.07]},"properties":{"id":"ncei-1977-10053049","year":1977,"month":8,"state":"MN","stateName":"Minnesota","scale":2,"scaleLabel":"F2","lengthMiles":5.6,"deaths":0,"injuries":0}},{"type":"Feature","geometry":{"type":"Point","coordinates":[-96.2,46.3]},"properties":{"id":"ncei-1977-10053051","year":1977,"month":8,"state":"MN","stateName":"Minnesota","scale":2,"scaleLabel":"F2","lengthMiles":50,"deaths":0,"injuries":8}},{"type":"Feature","geometry":{"type":"Point","coordinates":[-94.5,46.35]},"properties":{"id":"ncei-1977-10053053","year":1977,"month":8,"state":"MN","stateName":"Minnesota","scale":3,"scaleLabel":"F3","lengthMiles":8.9,"deaths":0,"injuries":0}},{"type":"Feature","geometry":{"type":"Point","coordinates":[-95.17,46.43]},"properties":{"id":"ncei-1977-10053054","year":1977,"month":8,"state":"MN","stateName":"Minnesota","scale":2,"scaleLabel":"F2","lengthMiles":19,"deaths":0,"injuries":2}},{"type":"Feature","geometry":{"type":"Point","coordinates":[-94.32,46.4]},"properties":{"id":"ncei-1977-10053055","year":1977,"month":8,"state":"MN","stateName":"Minnesota","scale":3,"scaleLabel":"F3","lengthMiles":17.4,"deaths":0,"injuries":11}},{"type":"Feature","geometry":{"type":"Point","coordinates":[-94.77,46.47]},"properties":{"id":"ncei-1977-10053056","year":1977,"month":8,"state":"MN","stateName":"Minnesota","scale":2,"scaleLabel":"F2","lengthMiles":21.5,"deaths":0,"injuries":0}},{"type":"Feature","geometry":{"type":"Point","coordinates":[-94.32,46.52]},"properties":{"id":"ncei-1977-10053057","year":1977,"month":8,"state":"MN","stateName":"Minnesota","scale":2,"scaleLabel":"F2","lengthMiles":19.9,"deaths":0,"injuries":0}},{"type":"Feature","geometry":{"type":"Point","coordinates":[-93.55,46.83]},"properties":{"id":"ncei-1977-10053070","year":1977,"month":9,"state":"MN","stateName":"Minnesota","scale":2,"scaleLabel":"F2","lengthMiles":3.6,"deaths":0,"injuries":0}},{"type":"Feature","geometry":{"type":"Point","coordinates":[-92.58,38.35]},"properties":{"id":"ncei-1977-10055918","year":1977,"month":5,"state":"MO","stateName":"Missouri","scale":0,"scaleLabel":"F0","lengthMiles":0.1,"deaths":0,"injuries":0}},{"type":"Feature","geometry":{"type":"Point","coordinates":[-93.52,37]},"properties":{"id":"ncei-1977-10056148","year":1977,"month":8,"state":"MO","stateName":"Missouri","scale":-1,"scaleLabel":"Unknown","lengthMiles":0.5,"deaths":0,"injuries":0}},{"type":"Feature","geometry":{"type":"Point","coordinates":[-91.73,39.75]},"properties":{"id":"ncei-1977-10056159","year":1977,"month":9,"state":"MO","stateName":"Missouri","scale":2,"scaleLabel":"F2","lengthMiles":16.8,"deaths":0,"injuries":0}},{"type":"Feature","geometry":{"type":"Point","coordinates":[-94.57,39.05]},"properties":{"id":"ncei-1977-10056181","year":1977,"month":11,"state":"MO","stateName":"Missouri","scale":0,"scaleLabel":"F0","lengthMiles":1,"deaths":0,"injuries":0}},{"type":"Feature","geometry":{"type":"Point","coordinates":[-94.28,39.13]},"properties":{"id":"ncei-1977-10056191","year":1977,"month":11,"state":"MO","stateName":"Missouri","scale":0,"scaleLabel":"F0","lengthMiles":0,"deaths":0,"injuries":0}},{"type":"Feature","geometry":{"type":"Point","coordinates":[-90.43,38.6]},"properties":{"id":"ncei-1977-10059530","year":1977,"month":2,"state":"MO","stateName":"Missouri","scale":1,"scaleLabel":"F1","lengthMiles":2,"deaths":0,"injuries":0}},{"type":"Feature","geometry":{"type":"Point","coordinates":[-92.62,36.58]},"properties":{"id":"ncei-1977-10059532","year":1977,"month":3,"state":"MO","stateName":"Missouri","scale":1,"scaleLabel":"F1","lengthMiles":7.3,"deaths":0,"injuries":2}},{"type":"Feature","geometry":{"type":"Point","coordinates":[-91.33,39.67]},"properties":{"id":"ncei-1977-10059535","year":1977,"month":4,"state":"MO","stateName":"Missouri","scale":0,"scaleLabel":"F0","lengthMiles":0.2,"deaths":0,"injuries":0}},{"type":"Feature","geometry":{"type":"Point","coordinates":[-94.55,38.43]},"properties":{"id":"ncei-1977-10059537","year":1977,"month":5,"state":"MO","stateName":"Missouri","scale":3,"scaleLabel":"F3","lengthMiles":2.7,"deaths":0,"injuries":0}},{"type":"Feature","geometry":{"type":"Point","coordinates":[-94.52,38.47]},"properties":{"id":"ncei-1977-10059538","year":1977,"month":5,"state":"MO","stateName":"Missouri","scale":3,"scaleLabel":"F3","lengthMiles":27.1,"deaths":2,"injuries":15}},{"type":"Feature","geometry":{"type":"Point","coordinates":[-93.22,39.25]},"properties":{"id":"ncei-1977-10059540","year":1977,"month":5,"state":"MO","stateName":"Missouri","scale":1,"scaleLabel":"F1","lengthMiles":0.1,"deaths":0,"injuries":0}},{"type":"Feature","geometry":{"type":"Point","coordinates":[-93.92,39]},"properties":{"id":"ncei-1977-10059541","year":1977,"month":5,"state":"MO","stateName":"Missouri","scale":3,"scaleLabel":"F3","lengthMiles":26.2,"deaths":1,"injuries":5}},{"type":"Feature","geometry":{"type":"Point","coordinates":[-93.4,38.63]},"properties":{"id":"ncei-1977-10059543","year":1977,"month":5,"state":"MO","stateName":"Missouri","scale":3,"scaleLabel":"F3","lengthMiles":11.2,"deaths":0,"injuries":24}},{"type":"Feature","geometry":{"type":"Point","coordinates":[-94.3,39.22]},"properties":{"id":"ncei-1977-10059547","year":1977,"month":5,"state":"MO","stateName":"Missouri","scale":4,"scaleLabel":"F4","lengthMiles":0,"deaths":0,"injuries":0}},{"type":"Feature","geometry":{"type":"Point","coordinates":[-94.28,39.23]},"properties":{"id":"ncei-1977-10059548","year":1977,"month":5,"state":"MO","stateName":"Missouri","scale":4,"scaleLabel":"F4","lengthMiles":9.7,"deaths":0,"injuries":5}},{"type":"Feature","geometry":{"type":"Point","coordinates":[-94.13,39.32]},"properties":{"id":"ncei-1977-10059549","year":1977,"month":5,"state":"MO","stateName":"Missouri","scale":4,"scaleLabel":"F4","lengthMiles":2.3,"deaths":0,"injuries":0}},{"type":"Feature","geometry":{"type":"Point","coordinates":[-94,39.32]},"properties":{"id":"ncei-1977-10059550","year":1977,"month":5,"state":"MO","stateName":"Missouri","scale":4,"scaleLabel":"F4","lengthMiles":13.4,"deaths":0,"injuries":1}},{"type":"Feature","geometry":{"type":"Point","coordinates":[-93.75,39.35]},"properties":{"id":"ncei-1977-10059551","year":1977,"month":5,"state":"MO","stateName":"Missouri","scale":4,"scaleLabel":"F4","lengthMiles":30.3,"deaths":0,"injuries":0}},{"type":"Feature","geometry":{"type":"Point","coordinates":[-93.18,39.38]},"properties":{"id":"ncei-1977-10059552","year":1977,"month":5,"state":"MO","stateName":"Missouri","scale":4,"scaleLabel":"F4","lengthMiles":4.9,"deaths":0,"injuries":0}},{"type":"Feature","geometry":{"type":"Point","coordinates":[-94.17,40.27]},"properties":{"id":"ncei-1977-10059571","year":1977,"month":5,"state":"MO","stateName":"Missouri","scale":1,"scaleLabel":"F1","lengthMiles":1,"deaths":0,"injuries":0}},{"type":"Feature","geometry":{"type":"Point","coordinates":[-93.62,40.12]},"properties":{"id":"ncei-1977-10059573","year":1977,"month":5,"state":"MO","stateName":"Missouri","scale":1,"scaleLabel":"F1","lengthMiles":3.8,"deaths":0,"injuries":0}},{"type":"Feature","geometry":{"type":"Point","coordinates":[-89.98,37.17]},"properties":{"id":"ncei-1977-10059623","year":1977,"month":6,"state":"MO","stateName":"Missouri","scale":2,"scaleLabel":"F2","lengthMiles":2,"deaths":0,"injuries":4}},{"type":"Feature","geometry":{"type":"Point","coordinates":[-101.9,41.1]},"properties":{"id":"ncei-1977-10065053","year":1977,"month":4,"state":"NE","stateName":"Nebraska","scale":-1,"scaleLabel":"Unknown","lengthMiles":0.5,"deaths":0,"injuries":1}},{"type":"Feature","geometry":{"type":"Point","coordinates":[-98.7,41.87]},"properties":{"id":"ncei-1977-10065055","year":1977,"month":4,"state":"NE","stateName":"Nebraska","scale":-1,"scaleLabel":"Unknown","lengthMiles":0.2,"deaths":0,"injuries":0}},{"type":"Feature","geometry":{"type":"Point","coordinates":[-96.5,41.47]},"properties":{"id":"ncei-1977-10065059","year":1977,"month":4,"state":"NE","stateName":"Nebraska","scale":-1,"scaleLabel":"Unknown","lengthMiles":1.5,"deaths":0,"injuries":0}},{"type":"Feature","geometry":{"type":"Point","coordinates":[-99.4,41.67]},"properties":{"id":"ncei-1977-10065060","year":1977,"month":4,"state":"NE","stateName":"Nebraska","scale":-1,"scaleLabel":"Unknown","lengthMiles":0.1,"deaths":0,"injuries":0}},{"type":"Feature","geometry":{"type":"Point","coordinates":[-99.43,40.4]},"properties":{"id":"ncei-1977-10065061","year":1977,"month":5,"state":"NE","stateName":"Nebraska","scale":1,"scaleLabel":"F1","lengthMiles":0.5,"deaths":0,"injuries":0}},{"type":"Feature","geometry":{"type":"Point","coordinates":[-97.13,41.6]},"properties":{"id":"ncei-1977-10065066","year":1977,"month":5,"state":"NE","stateName":"Nebraska","scale":3,"scaleLabel":"F3","lengthMiles":7.6,"deaths":0,"injuries":0}},{"type":"Feature","geometry":{"type":"Point","coordinates":[-97.27,41.93]},"properties":{"id":"ncei-1977-10065067","year":1977,"month":5,"state":"NE","stateName":"Nebraska","scale":-1,"scaleLabel":"Unknown","lengthMiles":0.2,"deaths":0,"injuries":0}},{"type":"Feature","geometry":{"type":"Point","coordinates":[-96.82,41.32]},"properties":{"id":"ncei-1977-10065068","year":1977,"month":5,"state":"NE","stateName":"Nebraska","scale":-1,"scaleLabel":"Unknown","lengthMiles":0.5,"deaths":0,"injuries":0}},{"type":"Feature","geometry":{"type":"Point","coordinates":[-103.72,41.03]},"properties":{"id":"ncei-1977-10065076","year":1977,"month":5,"state":"NE","stateName":"Nebraska","scale":-1,"scaleLabel":"Unknown","lengthMiles":0.2,"deaths":0,"injuries":0}},{"type":"Feature","geometry":{"type":"Point","coordinates":[-103.12,42.1]},"properties":{"id":"ncei-1977-10065077","year":1977,"month":5,"state":"NE","stateName":"Nebraska","scale":-1,"scaleLabel":"Unknown","lengthMiles":0.3,"deaths":0,"injuries":0}},{"type":"Feature","geometry":{"type":"Point","coordinates":[-98.65,40.1]},"properties":{"id":"ncei-1977-10065084","year":1977,"month":5,"state":"NE","stateName":"Nebraska","scale":-1,"scaleLabel":"Unknown","lengthMiles":0,"deaths":0,"injuries":0}},{"type":"Feature","geometry":{"type":"Point","coordinates":[-98.55,40.47]},"properties":{"id":"ncei-1977-10065085","year":1977,"month":5,"state":"NE","stateName":"Nebraska","scale":-1,"scaleLabel":"Unknown","lengthMiles":16.3,"deaths":0,"injuries":0}},{"type":"Feature","geometry":{"type":"Point","coordinates":[-98.42,40.68]},"properties":{"id":"ncei-1977-10065092","year":1977,"month":5,"state":"NE","stateName":"Nebraska","scale":-1,"scaleLabel":"Unknown","lengthMiles":17.3,"deaths":0,"injuries":0}},{"type":"Feature","geometry":{"type":"Point","coordinates":[-98.28,40.92]},"properties":{"id":"ncei-1977-10065096","year":1977,"month":5,"state":"NE","stateName":"Nebraska","scale":-1,"scaleLabel":"Unknown","lengthMiles":13.7,"deaths":0,"injuries":0}},{"type":"Feature","geometry":{"type":"Point","coordinates":[-97.52,40.9]},"properties":{"id":"ncei-1977-10065097","year":1977,"month":5,"state":"NE","stateName":"Nebraska","scale":-1,"scaleLabel":"Unknown","lengthMiles":0,"deaths":0,"injuries":0}},{"type":"Feature","geometry":{"type":"Point","coordinates":[-99.15,40.7]},"properties":{"id":"ncei-1977-10065099","year":1977,"month":5,"state":"NE","stateName":"Nebraska","scale":-1,"scaleLabel":"Unknown","lengthMiles":0.2,"deaths":0,"injuries":0}},{"type":"Feature","geometry":{"type":"Point","coordinates":[-101.23,40.38]},"properties":{"id":"ncei-1977-10065101","year":1977,"month":5,"state":"NE","stateName":"Nebraska","scale":-1,"scaleLabel":"Unknown","lengthMiles":0.2,"deaths":0,"injuries":0}},{"type":"Feature","geometry":{"type":"Point","coordinates":[-101.7,41.57]},"properties":{"id":"ncei-1977-10065966","year":1977,"month":5,"state":"NE","stateName":"Nebraska","scale":-1,"scaleLabel":"Unknown","lengthMiles":0.5,"deaths":0,"injuries":0}},{"type":"Feature","geometry":{"type":"Point","coordinates":[-101.92,42.02]},"properties":{"id":"ncei-1977-10065967","year":1977,"month":5,"state":"NE","stateName":"Nebraska","scale":-1,"scaleLabel":"Unknown","lengthMiles":0.3,"deaths":0,"injuries":0}},{"type":"Feature","geometry":{"type":"Point","coordinates":[-101.07,41.23]},"properties":{"id":"ncei-1977-10066186","year":1977,"month":5,"state":"NE","stateName":"Nebraska","scale":1,"scaleLabel":"F1","lengthMiles":0.2,"deaths":0,"injuries":0}},{"type":"Feature","geometry":{"type":"Point","coordinates":[-101.28,42.38]},"properties":{"id":"ncei-1977-10066187","year":1977,"month":5,"state":"NE","stateName":"Nebraska","scale":-1,"scaleLabel":"Unknown","lengthMiles":18.8,"deaths":0,"injuries":0}},{"type":"Feature","geometry":{"type":"Point","coordinates":[-101.55,42.17]},"properties":{"id":"ncei-1977-10066188","year":1977,"month":5,"state":"NE","stateName":"Nebraska","scale":2,"scaleLabel":"F2","lengthMiles":19.7,"deaths":0,"injuries":0}},{"type":"Feature","geometry":{"type":"Point","coordinates":[-99.87,40.27]},"properties":{"id":"ncei-1977-10066189","year":1977,"month":5,"state":"NE","stateName":"Nebraska","scale":1,"scaleLabel":"F1","lengthMiles":0.1,"deaths":0,"injuries":0}},{"type":"Feature","geometry":{"type":"Point","coordinates":[-99.65,40.78]},"properties":{"id":"ncei-1977-10066190","year":1977,"month":5,"state":"NE","stateName":"Nebraska","scale":-1,"scaleLabel":"Unknown","lengthMiles":0.2,"deaths":0,"injuries":0}},{"type":"Feature","geometry":{"type":"Point","coordinates":[-99,40.78]},"properties":{"id":"ncei-1977-10066192","year":1977,"month":5,"state":"NE","stateName":"Nebraska","scale":-1,"scaleLabel":"Unknown","lengthMiles":0.2,"deaths":0,"injuries":0}},{"type":"Feature","geometry":{"type":"Point","coordinates":[-98.17,42.3]},"properties":{"id":"ncei-1977-10066193","year":1977,"month":5,"state":"NE","stateName":"Nebraska","scale":1,"scaleLabel":"F1","lengthMiles":0.5,"deaths":0,"injuries":0}},{"type":"Feature","geometry":{"type":"Point","coordinates":[-98.68,41.03]},"properties":{"id":"ncei-1977-10066195","year":1977,"month":5,"state":"NE","stateName":"Nebraska","scale":-1,"scaleLabel":"Unknown","lengthMiles":2,"deaths":0,"injuries":0}},{"type":"Feature","geometry":{"type":"Point","coordinates":[-98.6,40.82]},"properties":{"id":"ncei-1977-10066196","year":1977,"month":5,"state":"NE","stateName":"Nebraska","scale":2,"scaleLabel":"F2","lengthMiles":20.8,"deaths":0,"injuries":0}},{"type":"Feature","geometry":{"type":"Point","coordinates":[-98.55,40.47]},"properties":{"id":"ncei-1977-10066197","year":1977,"month":5,"state":"NE","stateName":"Nebraska","scale":-1,"scaleLabel":"Unknown","lengthMiles":0.2,"deaths":0,"injuries":0}},{"type":"Feature","geometry":{"type":"Point","coordinates":[-98.35,40.87]},"properties":{"id":"ncei-1977-10066199","year":1977,"month":5,"state":"NE","stateName":"Nebraska","scale":-1,"scaleLabel":"Unknown","lengthMiles":0.2,"deaths":0,"injuries":0}},{"type":"Feature","geometry":{"type":"Point","coordinates":[-98.43,40.97]},"properties":{"id":"ncei-1977-10066200","year":1977,"month":5,"state":"NE","stateName":"Nebraska","scale":-1,"scaleLabel":"Unknown","lengthMiles":0.2,"deaths":0,"injuries":0}},{"type":"Feature","geometry":{"type":"Point","coordinates":[-98.37,40.77]},"properties":{"id":"ncei-1977-10066201","year":1977,"month":5,"state":"NE","stateName":"Nebraska","scale":-1,"scaleLabel":"Unknown","lengthMiles":0.5,"deaths":0,"injuries":0}},{"type":"Feature","geometry":{"type":"Point","coordinates":[-101.02,40.18]},"properties":{"id":"ncei-1977-10066203","year":1977,"month":5,"state":"NE","stateName":"Nebraska","scale":-1,"scaleLabel":"Unknown","lengthMiles":0.1,"deaths":0,"injuries":0}},{"type":"Feature","geometry":{"type":"Point","coordinates":[-98.87,40.98]},"properties":{"id":"ncei-1977-10066204","year":1977,"month":5,"state":"NE","stateName":"Nebraska","scale":-1,"scaleLabel":"Unknown","lengthMiles":0.1,"deaths":0,"injuries":0}},{"type":"Feature","geometry":{"type":"Point","coordinates":[-98.58,42.92]},"properties":{"id":"ncei-1977-10066205","year":1977,"month":5,"state":"NE","stateName":"Nebraska","scale":-1,"scaleLabel":"Unknown","lengthMiles":0.2,"deaths":0,"injuries":0}},{"type":"Feature","geometry":{"type":"Point","coordinates":[-99.38,40.93]},"properties":{"id":"ncei-1977-10066207","year":1977,"month":5,"state":"NE","stateName":"Nebraska","scale":-1,"scaleLabel":"Unknown","lengthMiles":0.1,"deaths":0,"injuries":0}},{"type":"Feature","geometry":{"type":"Point","coordinates":[-99.38,41.22]},"properties":{"id":"ncei-1977-10066208","year":1977,"month":5,"state":"NE","stateName":"Nebraska","scale":-1,"scaleLabel":"Unknown","lengthMiles":0.1,"deaths":0,"injuries":0}},{"type":"Feature","geometry":{"type":"Point","coordinates":[-99.37,41.63]},"properties":{"id":"ncei-1977-10066209","year":1977,"month":5,"state":"NE","stateName":"Nebraska","scale":-1,"scaleLabel":"Unknown","lengthMiles":0.1,"deaths":0,"injuries":0}},{"type":"Feature","geometry":{"type":"Point","coordinates":[-99.93,41.28]},"properties":{"id":"ncei-1977-10066210","year":1977,"month":5,"state":"NE","stateName":"Nebraska","scale":-1,"scaleLabel":"Unknown","lengthMiles":0.1,"deaths":0,"injuries":0}},{"type":"Feature","geometry":{"type":"Point","coordinates":[-96.62,41.33]},"properties":{"id":"ncei-1977-10066211","year":1977,"month":5,"state":"NE","stateName":"Nebraska","scale":-1,"scaleLabel":"Unknown","lengthMiles":0.2,"deaths":0,"injuries":0}},{"type":"Feature","geometry":{"type":"Point","coordinates":[-100.02,40.62]},"properties":{"id":"ncei-1977-10066214","year":1977,"month":5,"state":"NE","stateName":"Nebraska","scale":2,"scaleLabel":"F2","lengthMiles":1.9,"deaths":0,"injuries":0}},{"type":"Feature","geometry":{"type":"Point","coordinates":[-103.45,41.77]},"properties":{"id":"ncei-1977-10066221","year":1977,"month":6,"state":"NE","stateName":"Nebraska","scale":2,"scaleLabel":"F2","lengthMiles":2.3,"deaths":0,"injuries":0}},{"type":"Feature","geometry":{"type":"Point","coordinates":[-98.55,40.28]},"properties":{"id":"ncei-1977-10066228","year":1977,"month":6,"state":"NE","stateName":"Nebraska","scale":0,"scaleLabel":"F0","lengthMiles":0.1,"deaths":0,"injuries":0}},{"type":"Feature","geometry":{"type":"Point","coordinates":[-103.73,41.77]},"properties":{"id":"ncei-1977-10066235","year":1977,"month":6,"state":"NE","stateName":"Nebraska","scale":1,"scaleLabel":"F1","lengthMiles":0.5,"deaths":0,"injuries":0}},{"type":"Feature","geometry":{"type":"Point","coordinates":[-103.5,41.8]},"properties":{"id":"ncei-1977-10066237","year":1977,"month":6,"state":"NE","stateName":"Nebraska","scale":2,"scaleLabel":"F2","lengthMiles":1.9,"deaths":0,"injuries":0}},{"type":"Feature","geometry":{"type":"Point","coordinates":[-97.72,40.73]},"properties":{"id":"ncei-1977-10066244","year":1977,"month":6,"state":"NE","stateName":"Nebraska","scale":1,"scaleLabel":"F1","lengthMiles":1.3,"deaths":0,"injuries":0}},{"type":"Feature","geometry":{"type":"Point","coordinates":[-97.68,40.7]},"properties":{"id":"ncei-1977-10066246","year":1977,"month":6,"state":"NE","stateName":"Nebraska","scale":1,"scaleLabel":"F1","lengthMiles":1.3,"deaths":0,"injuries":0}},{"type":"Feature","geometry":{"type":"Point","coordinates":[-97.55,42.7]},"properties":{"id":"ncei-1977-10066250","year":1977,"month":6,"state":"NE","stateName":"Nebraska","scale":1,"scaleLabel":"F1","lengthMiles":2,"deaths":0,"injuries":0}},{"type":"Feature","geometry":{"type":"Point","coordinates":[-98.1,41.9]},"properties":{"id":"ncei-1977-10066251","year":1977,"month":6,"state":"NE","stateName":"Nebraska","scale":0,"scaleLabel":"F0","lengthMiles":0.2,"deaths":0,"injuries":0}},{"type":"Feature","geometry":{"type":"Point","coordinates":[-103.47,41.23]},"properties":{"id":"ncei-1977-10067338","year":1977,"month":6,"state":"NE","stateName":"Nebraska","scale":2,"scaleLabel":"F2","lengthMiles":0,"deaths":0,"injuries":0}},{"type":"Feature","geometry":{"type":"Point","coordinates":[-103.43,41.25]},"properties":{"id":"ncei-1977-10067339","year":1977,"month":6,"state":"NE","stateName":"Nebraska","scale":2,"scaleLabel":"F2","lengthMiles":0,"deaths":0,"injuries":0}},{"type":"Feature","geometry":{"type":"Point","coordinates":[-96.7,42.15]},"properties":{"id":"ncei-1977-10067351","year":1977,"month":7,"state":"NE","stateName":"Nebraska","scale":-1,"scaleLabel":"Unknown","lengthMiles":22.6,"deaths":0,"injuries":0}},{"type":"Feature","geometry":{"type":"Point","coordinates":[-96.28,42.03]},"properties":{"id":"ncei-1977-10067352","year":1977,"month":7,"state":"NE","stateName":"Nebraska","scale":-1,"scaleLabel":"Unknown","lengthMiles":0,"deaths":0,"injuries":0}},{"type":"Feature","geometry":{"type":"Point","coordinates":[-100.97,41.13]},"properties":{"id":"ncei-1977-10067362","year":1977,"month":7,"state":"NE","stateName":"Nebraska","scale":-1,"scaleLabel":"Unknown","lengthMiles":1.5,"deaths":0,"injuries":0}},{"type":"Feature","geometry":{"type":"Point","coordinates":[-101.6,42.92]},"properties":{"id":"ncei-1977-10067363","year":1977,"month":7,"state":"NE","stateName":"Nebraska","scale":2,"scaleLabel":"F2","lengthMiles":15.9,"deaths":0,"injuries":0}},{"type":"Feature","geometry":{"type":"Point","coordinates":[-100.75,42.75]},"properties":{"id":"ncei-1977-10067364","year":1977,"month":7,"state":"NE","stateName":"Nebraska","scale":-1,"scaleLabel":"Unknown","lengthMiles":0.5,"deaths":0,"injuries":0}},{"type":"Feature","geometry":{"type":"Point","coordinates":[-101.6,41.6]},"properties":{"id":"ncei-1977-10067367","year":1977,"month":7,"state":"NE","stateName":"Nebraska","scale":-1,"scaleLabel":"Unknown","lengthMiles":7.8,"deaths":0,"injuries":0}},{"type":"Feature","geometry":{"type":"Point","coordinates":[-101.48,41.68]},"properties":{"id":"ncei-1977-10067368","year":1977,"month":7,"state":"NE","stateName":"Nebraska","scale":-1,"scaleLabel":"Unknown","lengthMiles":0,"deaths":0,"injuries":0}},{"type":"Feature","geometry":{"type":"Point","coordinates":[-100.55,42.43]},"properties":{"id":"ncei-1977-10067375","year":1977,"month":7,"state":"NE","stateName":"Nebraska","scale":1,"scaleLabel":"F1","lengthMiles":0,"deaths":0,"injuries":0}},{"type":"Feature","geometry":{"type":"Point","coordinates":[-96.55,41.63]},"properties":{"id":"ncei-1977-10067377","year":1977,"month":7,"state":"NE","stateName":"Nebraska","scale":-1,"scaleLabel":"Unknown","lengthMiles":0,"deaths":0,"injuries":0}},{"type":"Feature","geometry":{"type":"Point","coordinates":[-96.55,42.03]},"properties":{"id":"ncei-1977-10067385","year":1977,"month":7,"state":"NE","stateName":"Nebraska","scale":-1,"scaleLabel":"Unknown","lengthMiles":0,"deaths":0,"injuries":0}},{"type":"Feature","geometry":{"type":"Point","coordinates":[-97.67,40.07]},"properties":{"id":"ncei-1977-10067395","year":1977,"month":8,"state":"NE","stateName":"Nebraska","scale":-1,"scaleLabel":"Unknown","lengthMiles":0,"deaths":0,"injuries":0}},{"type":"Feature","geometry":{"type":"Point","coordinates":[-103.25,41.57]},"properties":{"id":"ncei-1977-10067398","year":1977,"month":8,"state":"NE","stateName":"Nebraska","scale":-1,"scaleLabel":"Unknown","lengthMiles":0,"deaths":0,"injuries":0}},{"type":"Feature","geometry":{"type":"Point","coordinates":[-103,41.43]},"properties":{"id":"ncei-1977-10067399","year":1977,"month":8,"state":"NE","stateName":"Nebraska","scale":-1,"scaleLabel":"Unknown","lengthMiles":0,"deaths":0,"injuries":0}},{"type":"Feature","geometry":{"type":"Point","coordinates":[-96.67,40.8]},"properties":{"id":"ncei-1977-10068491","year":1977,"month":8,"state":"NE","stateName":"Nebraska","scale":-1,"scaleLabel":"Unknown","lengthMiles":0,"deaths":0,"injuries":0}},{"type":"Feature","geometry":{"type":"Point","coordinates":[-96.17,41.58]},"properties":{"id":"ncei-1977-10068502","year":1977,"month":8,"state":"NE","stateName":"Nebraska","scale":-1,"scaleLabel":"Unknown","lengthMiles":0,"deaths":0,"injuries":0}},{"type":"Feature","geometry":{"type":"Point","coordinates":[-103.13,41.53]},"properties":{"id":"ncei-1977-10068507","year":1977,"month":8,"state":"NE","stateName":"Nebraska","scale":-1,"scaleLabel":"Unknown","lengthMiles":0,"deaths":0,"injuries":0}},{"type":"Feature","geometry":{"type":"Point","coordinates":[-98.78,40.7]},"properties":{"id":"ncei-1977-10068512","year":1977,"month":8,"state":"NE","stateName":"Nebraska","scale":-1,"scaleLabel":"Unknown","lengthMiles":0,"deaths":0,"injuries":0}},{"type":"Feature","geometry":{"type":"Point","coordinates":[-98.65,40.63]},"properties":{"id":"ncei-1977-10068513","year":1977,"month":8,"state":"NE","stateName":"Nebraska","scale":-1,"scaleLabel":"Unknown","lengthMiles":0,"deaths":0,"injuries":0}},{"type":"Feature","geometry":{"type":"Point","coordinates":[-98.77,40.1]},"properties":{"id":"ncei-1977-10068516","year":1977,"month":9,"state":"NE","stateName":"Nebraska","scale":-1,"scaleLabel":"Unknown","lengthMiles":0.5,"deaths":0,"injuries":0}},{"type":"Feature","geometry":{"type":"Point","coordinates":[-98.4,40.92]},"properties":{"id":"ncei-1977-10068517","year":1977,"month":9,"state":"NE","stateName":"Nebraska","scale":-1,"scaleLabel":"Unknown","lengthMiles":0.5,"deaths":0,"injuries":0}},{"type":"Feature","geometry":{"type":"Point","coordinates":[-98.33,40.58]},"properties":{"id":"ncei-1977-10068531","year":1977,"month":9,"state":"NE","stateName":"Nebraska","scale":-1,"scaleLabel":"Unknown","lengthMiles":2.3,"deaths":0,"injuries":0}},{"type":"Feature","geometry":{"type":"Point","coordinates":[-98.3,40.62]},"properties":{"id":"ncei-1977-10068532","year":1977,"month":9,"state":"NE","stateName":"Nebraska","scale":-1,"scaleLabel":"Unknown","lengthMiles":4.3,"deaths":0,"injuries":0}},{"type":"Feature","geometry":{"type":"Point","coordinates":[-101.42,40.68]},"properties":{"id":"ncei-1977-10068540","year":1977,"month":9,"state":"NE","stateName":"Nebraska","scale":-1,"scaleLabel":"Unknown","lengthMiles":0.5,"deaths":0,"injuries":0}},{"type":"Feature","geometry":{"type":"Point","coordinates":[-101.07,40.47]},"properties":{"id":"ncei-1977-10068541","year":1977,"month":9,"state":"NE","stateName":"Nebraska","scale":-1,"scaleLabel":"Unknown","lengthMiles":0,"deaths":0,"injuries":0}},{"type":"Feature","geometry":{"type":"Point","coordinates":[-110.02,47.08]},"properties":{"id":"ncei-1977-10070217","year":1977,"month":5,"state":"MT","stateName":"Montana","scale":-1,"scaleLabel":"Unknown","lengthMiles":0,"deaths":0,"injuries":0}},{"type":"Feature","geometry":{"type":"Point","coordinates":[-110.07,46.97]},"properties":{"id":"ncei-1977-10070218","year":1977,"month":5,"state":"MT","stateName":"Montana","scale":-1,"scaleLabel":"Unknown","lengthMiles":0,"deaths":0,"injuries":0}},{"type":"Feature","geometry":{"type":"Point","coordinates":[-110.77,48.57]},"properties":{"id":"ncei-1977-10070221","year":1977,"month":5,"state":"MT","stateName":"Montana","scale":-1,"scaleLabel":"Unknown","lengthMiles":0,"deaths":0,"injuries":0}},{"type":"Feature","geometry":{"type":"Point","coordinates":[-112.2,48.63]},"properties":{"id":"ncei-1977-10070223","year":1977,"month":6,"state":"MT","stateName":"Montana","scale":-1,"scaleLabel":"Unknown","lengthMiles":0,"deaths":0,"injuries":0}},{"type":"Feature","geometry":{"type":"Point","coordinates":[-111.82,47.5]},"properties":{"id":"ncei-1977-10070224","year":1977,"month":6,"state":"MT","stateName":"Montana","scale":-1,"scaleLabel":"Unknown","lengthMiles":0,"deaths":0,"injuries":0}},{"type":"Feature","geometry":{"type":"Point","coordinates":[-104.28,46.23]},"properties":{"id":"ncei-1977-10070226","year":1977,"month":6,"state":"MT","stateName":"Montana","scale":-1,"scaleLabel":"Unknown","lengthMiles":0,"deaths":0,"injuries":0}},{"type":"Feature","geometry":{"type":"Point","coordinates":[-74.22,42.2]},"properties":{"id":"ncei-1977-10075878","year":1977,"month":4,"state":"NY","stateName":"New York","scale":1,"scaleLabel":"F1","lengthMiles":1.8,"deaths":0,"injuries":0}},{"type":"Feature","geometry":{"type":"Point","coordinates":[-76.3,42.48]},"properties":{"id":"ncei-1977-10075879","year":1977,"month":6,"state":"NY","stateName":"New York","scale":-1,"scaleLabel":"Unknown","lengthMiles":0.8,"deaths":0,"injuries":0}},{"type":"Feature","geometry":{"type":"Point","coordinates":[-75.7,42.83]},"properties":{"id":"ncei-1977-10075892","year":1977,"month":9,"state":"NY","stateName":"New York","scale":2,"scaleLabel":"F2","lengthMiles":2,"deaths":0,"injuries":1}},{"type":"Feature","geometry":{"type":"Point","coordinates":[-78.92,42.45]},"properties":{"id":"ncei-1977-10075895","year":1977,"month":9,"state":"NY","stateName":"New York","scale":1,"scaleLabel":"F1","lengthMiles":11.7,"deaths":0,"injuries":0}},{"type":"Feature","geometry":{"type":"Point","coordinates":[-73.95,41.25]},"properties":{"id":"ncei-1977-10075898","year":1977,"month":9,"state":"NY","stateName":"New York","scale":-1,"scaleLabel":"Unknown","lengthMiles":2,"deaths":0,"injuries":0}},{"type":"Feature","geometry":{"type":"Point","coordinates":[-103.08,32.92]},"properties":{"id":"ncei-1977-10080708","year":1977,"month":4,"state":"NM","stateName":"New Mexico","scale":1,"scaleLabel":"F1","lengthMiles":5.1,"deaths":0,"injuries":0}},{"type":"Feature","geometry":{"type":"Point","coordinates":[-103.15,36.48]},"properties":{"id":"ncei-1977-10080709","year":1977,"month":4,"state":"NM","stateName":"New Mexico","scale":1,"scaleLabel":"F1","lengthMiles":0.8,"deaths":0,"injuries":0}},{"type":"Feature","geometry":{"type":"Point","coordinates":[-104.07,35.85]},"properties":{"id":"ncei-1977-10080711","year":1977,"month":5,"state":"NM","stateName":"New Mexico","scale":3,"scaleLabel":"F3","lengthMiles":0,"deaths":0,"injuries":2}},{"type":"Feature","geometry":{"type":"Point","coordinates":[-103.38,34.4]},"properties":{"id":"ncei-1977-10080713","year":1977,"month":5,"state":"NM","stateName":"New Mexico","scale":0,"scaleLabel":"F0","lengthMiles":0,"deaths":0,"injuries":0}},{"type":"Feature","geometry":{"type":"Point","coordinates":[-103.38,34.4]},"properties":{"id":"ncei-1977-10080714","year":1977,"month":5,"state":"NM","stateName":"New Mexico","scale":0,"scaleLabel":"F0","lengthMiles":0,"deaths":0,"injuries":0}},{"type":"Feature","geometry":{"type":"Point","coordinates":[-104.62,36.4]},"properties":{"id":"ncei-1977-10080720","year":1977,"month":6,"state":"NM","stateName":"New Mexico","scale":-1,"scaleLabel":"Unknown","lengthMiles":2,"deaths":0,"injuries":1}},{"type":"Feature","geometry":{"type":"Point","coordinates":[-103.05,34.38]},"properties":{"id":"ncei-1977-10080722","year":1977,"month":6,"state":"NM","stateName":"New Mexico","scale":-1,"scaleLabel":"Unknown","lengthMiles":0,"deaths":0,"injuries":0}},{"type":"Feature","geometry":{"type":"Point","coordinates":[-103.4,32.95]},"properties":{"id":"ncei-1977-10080728","year":1977,"month":9,"state":"NM","stateName":"New Mexico","scale":0,"scaleLabel":"F0","lengthMiles":0,"deaths":0,"injuries":0}},{"type":"Feature","geometry":{"type":"Point","coordinates":[-115.8,41.67]},"properties":{"id":"ncei-1977-10081289","year":1977,"month":6,"state":"NV","stateName":"Nevada","scale":-1,"scaleLabel":"Unknown","lengthMiles":0,"deaths":0,"injuries":0}},{"type":"Feature","geometry":{"type":"Point","coordinates":[-114.77,39.13]},"properties":{"id":"ncei-1977-10081291","year":1977,"month":8,"state":"NV","stateName":"Nevada","scale":-1,"scaleLabel":"Unknown","lengthMiles":0,"deaths":0,"injuries":0}},{"type":"Feature","geometry":{"type":"Point","coordinates":[-75,39.25]},"properties":{"id":"ncei-1977-10081491","year":1977,"month":8,"state":"NJ","stateName":"New Jersey","scale":0,"scaleLabel":"F0","lengthMiles":0,"deaths":0,"injuries":1}},{"type":"Feature","geometry":{"type":"Point","coordinates":[-74.52,40.37]},"properties":{"id":"ncei-1977-10081492","year":1977,"month":9,"state":"NJ","stateName":"New Jersey","scale":-1,"scaleLabel":"Unknown","lengthMiles":5.9,"deaths":0,"injuries":0}},{"type":"Feature","geometry":{"type":"Point","coordinates":[-102.55,49]},"properties":{"id":"ncei-1977-10082742","year":1977,"month":7,"state":"ND","stateName":"North Dakota","scale":-1,"scaleLabel":"Unknown","lengthMiles":0,"deaths":0,"injuries":0}},{"type":"Feature","geometry":{"type":"Point","coordinates":[-97.55,46.77]},"properties":{"id":"ncei-1977-10082747","year":1977,"month":7,"state":"ND","stateName":"North Dakota","scale":-1,"scaleLabel":"Unknown","lengthMiles":0,"deaths":0,"injuries":0}},{"type":"Feature","geometry":{"type":"Point","coordinates":[-99.13,47.45]},"properties":{"id":"ncei-1977-10082756","year":1977,"month":7,"state":"ND","stateName":"North Dakota","scale":-1,"scaleLabel":"Unknown","lengthMiles":0,"deaths":0,"injuries":0}},{"type":"Feature","geometry":{"type":"Point","coordinates":[-98.33,46.6]},"properties":{"id":"ncei-1977-10082761","year":1977,"month":7,"state":"ND","stateName":"North Dakota","scale":-1,"scaleLabel":"Unknown","lengthMiles":0,"deaths":0,"injuries":0}},{"type":"Feature","geometry":{"type":"Point","coordinates":[-101.1,46.55]},"properties":{"id":"ncei-1977-10082763","year":1977,"month":7,"state":"ND","stateName":"North Dakota","scale":-1,"scaleLabel":"Unknown","lengthMiles":0,"deaths":0,"injuries":0}},{"type":"Feature","geometry":{"type":"Point","coordinates":[-96.8,46.15]},"properties":{"id":"ncei-1977-10082773","year":1977,"month":8,"state":"ND","stateName":"North Dakota","scale":-1,"scaleLabel":"Unknown","lengthMiles":0,"deaths":0,"injuries":0}},{"type":"Feature","geometry":{"type":"Point","coordinates":[-102.12,47.05]},"properties":{"id":"ncei-1977-10084995","year":1977,"month":5,"state":"ND","stateName":"North Dakota","scale":0,"scaleLabel":"F0","lengthMiles":0,"deaths":0,"injuries":0}},{"type":"Feature","geometry":{"type":"Point","coordinates":[-103.93,48.62]},"properties":{"id":"ncei-1977-10084996","year":1977,"month":5,"state":"ND","stateName":"North Dakota","scale":0,"scaleLabel":"F0","lengthMiles":0,"deaths":0,"injuries":0}},{"type":"Feature","geometry":{"type":"Point","coordinates":[-103.65,48.15]},"properties":{"id":"ncei-1977-10084997","year":1977,"month":5,"state":"ND","stateName":"North Dakota","scale":0,"scaleLabel":"F0","lengthMiles":0,"deaths":0,"injuries":0}},{"type":"Feature","geometry":{"type":"Point","coordinates":[-100.4,48.33]},"properties":{"id":"ncei-1977-10085004","year":1977,"month":5,"state":"ND","stateName":"North Dakota","scale":1,"scaleLabel":"F1","lengthMiles":1.3,"deaths":0,"injuries":0}},{"type":"Feature","geometry":{"type":"Point","coordinates":[-102.68,47.72]},"properties":{"id":"ncei-1977-10085005","year":1977,"month":5,"state":"ND","stateName":"North Dakota","scale":0,"scaleLabel":"F0","lengthMiles":0,"deaths":0,"injuries":0}},{"type":"Feature","geometry":{"type":"Point","coordinates":[-102.93,48.2]},"properties":{"id":"ncei-1977-10085006","year":1977,"month":5,"state":"ND","stateName":"North Dakota","scale":1,"scaleLabel":"F1","lengthMiles":1.3,"deaths":0,"injuries":0}},{"type":"Feature","geometry":{"type":"Point","coordinates":[-102.9,48.23]},"properties":{"id":"ncei-1977-10085008","year":1977,"month":5,"state":"ND","stateName":"North Dakota","scale":1,"scaleLabel":"F1","lengthMiles":7.2,"deaths":0,"injuries":0}},{"type":"Feature","geometry":{"type":"Point","coordinates":[-101.07,47.82]},"properties":{"id":"ncei-1977-10085010","year":1977,"month":5,"state":"ND","stateName":"North Dakota","scale":1,"scaleLabel":"F1","lengthMiles":0,"deaths":0,"injuries":0}},{"type":"Feature","geometry":{"type":"Point","coordinates":[-101.05,47.83]},"properties":{"id":"ncei-1977-10085011","year":1977,"month":5,"state":"ND","stateName":"North Dakota","scale":1,"scaleLabel":"F1","lengthMiles":5.4,"deaths":0,"injuries":0}},{"type":"Feature","geometry":{"type":"Point","coordinates":[-101.68,47.95]},"properties":{"id":"ncei-1977-10085012","year":1977,"month":5,"state":"ND","stateName":"North Dakota","scale":0,"scaleLabel":"F0","lengthMiles":0,"deaths":0,"injuries":0}},{"type":"Feature","geometry":{"type":"Point","coordinates":[-98.37,48.35]},"properties":{"id":"ncei-1977-10085014","year":1977,"month":5,"state":"ND","stateName":"North Dakota","scale":0,"scaleLabel":"F0","lengthMiles":0,"deaths":0,"injuries":0}},{"type":"Feature","geometry":{"type":"Point","coordinates":[-98.73,49]},"properties":{"id":"ncei-1977-10085015","year":1977,"month":5,"state":"ND","stateName":"North Dakota","scale":0,"scaleLabel":"F0","lengthMiles":2.7,"deaths":0,"injuries":0}},{"type":"Feature","geometry":{"type":"Point","coordinates":[-103.88,46.25]},"properties":{"id":"ncei-1977-10086108","year":1977,"month":6,"state":"ND","stateName":"North Dakota","scale":2,"scaleLabel":"F2","lengthMiles":8.2,"deaths":0,"injuries":1}},{"type":"Feature","geometry":{"type":"Point","coordinates":[-98.37,46.63]},"properties":{"id":"ncei-1977-10086121","year":1977,"month":6,"state":"ND","stateName":"North Dakota","scale":1,"scaleLabel":"F1","lengthMiles":8.3,"deaths":0,"injuries":0}},{"type":"Feature","geometry":{"type":"Point","coordinates":[-100.9,47.52]},"properties":{"id":"ncei-1977-10086126","year":1977,"month":6,"state":"ND","stateName":"North Dakota","scale":0,"scaleLabel":"F0","lengthMiles":0,"deaths":0,"injuries":0}},{"type":"Feature","geometry":{"type":"Point","coordinates":[-99.92,48.17]},"properties":{"id":"ncei-1977-10086127","year":1977,"month":6,"state":"ND","stateName":"North Dakota","scale":0,"scaleLabel":"F0","lengthMiles":0,"deaths":0,"injuries":0}},{"type":"Feature","geometry":{"type":"Point","coordinates":[-99.13,47.45]},"properties":{"id":"ncei-1977-10086130","year":1977,"month":6,"state":"ND","stateName":"North Dakota","scale":1,"scaleLabel":"F1","lengthMiles":0,"deaths":0,"injuries":0}},{"type":"Feature","geometry":{"type":"Point","coordinates":[-98.53,46.53]},"properties":{"id":"ncei-1977-10086133","year":1977,"month":6,"state":"ND","stateName":"North Dakota","scale":0,"scaleLabel":"F0","lengthMiles":0,"deaths":0,"injuries":0}},{"type":"Feature","geometry":{"type":"Point","coordinates":[-97.15,46.08]},"properties":{"id":"ncei-1977-10086134","year":1977,"month":6,"state":"ND","stateName":"North Dakota","scale":0,"scaleLabel":"F0","lengthMiles":0,"deaths":0,"injuries":0}},{"type":"Feature","geometry":{"type":"Point","coordinates":[-98.35,46.92]},"properties":{"id":"ncei-1977-10086139","year":1977,"month":6,"state":"ND","stateName":"North Dakota","scale":0,"scaleLabel":"F0","lengthMiles":0,"deaths":0,"injuries":0}},{"type":"Feature","geometry":{"type":"Point","coordinates":[-98.05,47.77]},"properties":{"id":"ncei-1977-10086140","year":1977,"month":6,"state":"ND","stateName":"North Dakota","scale":1,"scaleLabel":"F1","lengthMiles":0,"deaths":0,"injuries":0}},{"type":"Feature","geometry":{"type":"Point","coordinates":[-98.8,47.92]},"properties":{"id":"ncei-1977-10086145","year":1977,"month":6,"state":"ND","stateName":"North Dakota","scale":0,"scaleLabel":"F0","lengthMiles":0,"deaths":0,"injuries":0}},{"type":"Feature","geometry":{"type":"Point","coordinates":[-97.03,47.05]},"properties":{"id":"ncei-1977-10086152","year":1977,"month":7,"state":"ND","stateName":"North Dakota","scale":-1,"scaleLabel":"Unknown","lengthMiles":20.7,"deaths":0,"injuries":0}},{"type":"Feature","geometry":{"type":"Point","coordinates":[-100.67,46.13]},"properties":{"id":"ncei-1977-10086155","year":1977,"month":7,"state":"ND","stateName":"North Dakota","scale":-1,"scaleLabel":"Unknown","lengthMiles":0,"deaths":0,"injuries":0}},{"type":"Feature","geometry":{"type":"Point","coordinates":[-101.5,48.72]},"properties":{"id":"ncei-1977-10086158","year":1977,"month":7,"state":"ND","stateName":"North Dakota","scale":-1,"scaleLabel":"Unknown","lengthMiles":0,"deaths":0,"injuries":0}},{"type":"Feature","geometry":{"type":"Point","coordinates":[-101.48,48.73]},"properties":{"id":"ncei-1977-10086159","year":1977,"month":7,"state":"ND","stateName":"North Dakota","scale":-1,"scaleLabel":"Unknown","lengthMiles":17.2,"deaths":0,"injuries":0}},{"type":"Feature","geometry":{"type":"Point","coordinates":[-99.57,47.47]},"properties":{"id":"ncei-1977-10087031","year":1977,"month":7,"state":"ND","stateName":"North Dakota","scale":-1,"scaleLabel":"Unknown","lengthMiles":0,"deaths":0,"injuries":0}},{"type":"Feature","geometry":{"type":"Point","coordinates":[-82.37,35.38]},"properties":{"id":"ncei-1977-10087675","year":1977,"month":8,"state":"NC","stateName":"North Carolina","scale":1,"scaleLabel":"F1","lengthMiles":5.9,"deaths":0,"injuries":0}},{"type":"Feature","geometry":{"type":"Point","coordinates":[-82.3,35.32]},"properties":{"id":"ncei-1977-10087676","year":1977,"month":8,"state":"NC","stateName":"North Carolina","scale":1,"scaleLabel":"F1","lengthMiles":5.6,"deaths":0,"injuries":0}},{"type":"Feature","geometry":{"type":"Point","coordinates":[-80.87,35.23]},"properties":{"id":"ncei-1977-10087680","year":1977,"month":9,"state":"NC","stateName":"North Carolina","scale":1,"scaleLabel":"F1","lengthMiles":0.2,"deaths":0,"injuries":0}},{"type":"Feature","geometry":{"type":"Point","coordinates":[-79.83,35.8]},"properties":{"id":"ncei-1977-10087681","year":1977,"month":10,"state":"NC","stateName":"North Carolina","scale":2,"scaleLabel":"F2","lengthMiles":9.4,"deaths":0,"injuries":0}},{"type":"Feature","geometry":{"type":"Point","coordinates":[-80.12,35.42]},"properties":{"id":"ncei-1977-10087683","year":1977,"month":11,"state":"NC","stateName":"North Carolina","scale":0,"scaleLabel":"F0","lengthMiles":0.3,"deaths":0,"injuries":0}},{"type":"Feature","geometry":{"type":"Point","coordinates":[-77.05,35.83]},"properties":{"id":"ncei-1977-10087684","year":1977,"month":11,"state":"NC","stateName":"North Carolina","scale":0,"scaleLabel":"F0","lengthMiles":0.5,"deaths":0,"injuries":0}},{"type":"Feature","geometry":{"type":"Point","coordinates":[-77.3,35.2]},"properties":{"id":"ncei-1977-10089929","year":1977,"month":2,"state":"NC","stateName":"North Carolina","scale":1,"scaleLabel":"F1","lengthMiles":11.4,"deaths":0,"injuries":0}},{"type":"Feature","geometry":{"type":"Point","coordinates":[-79.65,35.37]},"properties":{"id":"ncei-1977-10089930","year":1977,"month":3,"state":"NC","stateName":"North Carolina","scale":1,"scaleLabel":"F1","lengthMiles":2,"deaths":0,"injuries":0}},{"type":"Feature","geometry":{"type":"Point","coordinates":[-79.2,34.68]},"properties":{"id":"ncei-1977-10089931","year":1977,"month":3,"state":"NC","stateName":"North Carolina","scale":0,"scaleLabel":"F0","lengthMiles":0.5,"deaths":0,"injuries":0}},{"type":"Feature","geometry":{"type":"Point","coordinates":[-79.17,34.48]},"properties":{"id":"ncei-1977-10089932","year":1977,"month":3,"state":"NC","stateName":"North Carolina","scale":1,"scaleLabel":"F1","lengthMiles":11.5,"deaths":0,"injuries":4}},{"type":"Feature","geometry":{"type":"Point","coordinates":[-78.17,35.47]},"properties":{"id":"ncei-1977-10090782","year":1977,"month":3,"state":"NC","stateName":"North Carolina","scale":1,"scaleLabel":"F1","lengthMiles":0.5,"deaths":0,"injuries":0}},{"type":"Feature","geometry":{"type":"Point","coordinates":[-78.08,35.48]},"properties":{"id":"ncei-1977-10090996","year":1977,"month":3,"state":"NC","stateName":"North Carolina","scale":1,"scaleLabel":"F1","lengthMiles":0.2,"deaths":0,"injuries":2}},{"type":"Feature","geometry":{"type":"Point","coordinates":[-78.07,35.18]},"properties":{"id":"ncei-1977-10090997","year":1977,"month":3,"state":"NC","stateName":"North Carolina","scale":1,"scaleLabel":"F1","lengthMiles":0.2,"deaths":0,"injuries":0}},{"type":"Feature","geometry":{"type":"Point","coordinates":[-77.55,35.48]},"properties":{"id":"ncei-1977-10090998","year":1977,"month":3,"state":"NC","stateName":"North Carolina","scale":3,"scaleLabel":"F3","lengthMiles":4.9,"deaths":0,"injuries":0}},{"type":"Feature","geometry":{"type":"Point","coordinates":[-81.02,36.32]},"properties":{"id":"ncei-1977-10091000","year":1977,"month":4,"state":"NC","stateName":"North Carolina","scale":1,"scaleLabel":"F1","lengthMiles":6.4,"deaths":0,"injuries":0}},{"type":"Feature","geometry":{"type":"Point","coordinates":[-77.43,34.75]},"properties":{"id":"ncei-1977-10091001","year":1977,"month":4,"state":"NC","stateName":"North Carolina","scale":0,"scaleLabel":"F0","lengthMiles":0.5,"deaths":0,"injuries":0}},{"type":"Feature","geometry":{"type":"Point","coordinates":[-79.03,36.33]},"properties":{"id":"ncei-1977-10091002","year":1977,"month":5,"state":"NC","stateName":"North Carolina","scale":1,"scaleLabel":"F1","lengthMiles":0.5,"deaths":0,"injuries":0}},{"type":"Feature","geometry":{"type":"Point","coordinates":[-77.63,35.87]},"properties":{"id":"ncei-1977-10091003","year":1977,"month":5,"state":"NC","stateName":"North Carolina","scale":1,"scaleLabel":"F1","lengthMiles":1.5,"deaths":0,"injuries":0}},{"type":"Feature","geometry":{"type":"Point","coordinates":[-78.68,35.9]},"properties":{"id":"ncei-1977-10091005","year":1977,"month":5,"state":"NC","stateName":"North Carolina","scale":0,"scaleLabel":"F0","lengthMiles":1,"deaths":0,"injuries":0}},{"type":"Feature","geometry":{"type":"Point","coordinates":[-82.88,35.92]},"properties":{"id":"ncei-1977-10091012","year":1977,"month":6,"state":"NC","stateName":"North Carolina","scale":1,"scaleLabel":"F1","lengthMiles":19.7,"deaths":0,"injuries":3}},{"type":"Feature","geometry":{"type":"Point","coordinates":[-82.63,35.85]},"properties":{"id":"ncei-1977-10091016","year":1977,"month":6,"state":"NC","stateName":"North Carolina","scale":1,"scaleLabel":"F1","lengthMiles":8.7,"deaths":0,"injuries":2}},{"type":"Feature","geometry":{"type":"Point","coordinates":[-82.65,35.7]},"properties":{"id":"ncei-1977-10091017","year":1977,"month":6,"state":"NC","stateName":"North Carolina","scale":1,"scaleLabel":"F1","lengthMiles":2.7,"deaths":0,"injuries":0}},{"type":"Feature","geometry":{"type":"Point","coordinates":[-82.48,35.82]},"properties":{"id":"ncei-1977-10091021","year":1977,"month":6,"state":"NC","stateName":"North Carolina","scale":1,"scaleLabel":"F1","lengthMiles":9.4,"deaths":0,"injuries":0}},{"type":"Feature","geometry":{"type":"Point","coordinates":[-82.58,35.77]},"properties":{"id":"ncei-1977-10091023","year":1977,"month":6,"state":"NC","stateName":"North Carolina","scale":1,"scaleLabel":"F1","lengthMiles":8.8,"deaths":0,"injuries":0}},{"type":"Feature","geometry":{"type":"Point","coordinates":[-82.32,35.78]},"properties":{"id":"ncei-1977-10091024","year":1977,"month":6,"state":"NC","stateName":"North Carolina","scale":1,"scaleLabel":"F1","lengthMiles":0,"deaths":0,"injuries":0}},{"type":"Feature","geometry":{"type":"Point","coordinates":[-76.7,34.72]},"properties":{"id":"ncei-1977-10091029","year":1977,"month":6,"state":"NC","stateName":"North Carolina","scale":1,"scaleLabel":"F1","lengthMiles":1.3,"deaths":0,"injuries":1}},{"type":"Feature","geometry":{"type":"Point","coordinates":[-77.45,34.67]},"properties":{"id":"ncei-1977-10091041","year":1977,"month":6,"state":"NC","stateName":"North Carolina","scale":0,"scaleLabel":"F0","lengthMiles":0.5,"deaths":0,"injuries":0}},{"type":"Feature","geometry":{"type":"Point","coordinates":[-81.48,35.87]},"properties":{"id":"ncei-1977-10091051","year":1977,"month":7,"state":"NC","stateName":"North Carolina","scale":0,"scaleLabel":"F0","lengthMiles":0.5,"deaths":0,"injuries":0}},{"type":"Feature","geometry":{"type":"Point","coordinates":[-80.73,34.95]},"properties":{"id":"ncei-1977-10091055","year":1977,"month":7,"state":"NC","stateName":"North Carolina","scale":1,"scaleLabel":"F1","lengthMiles":2.6,"deaths":0,"injuries":0}},{"type":"Feature","geometry":{"type":"Point","coordinates":[-79.42,35.88]},"properties":{"id":"ncei-1977-10091060","year":1977,"month":7,"state":"NC","stateName":"North Carolina","scale":1,"scaleLabel":"F1","lengthMiles":0,"deaths":0,"injuries":0}},{"type":"Feature","geometry":{"type":"Point","coordinates":[-79.33,35.65]},"properties":{"id":"ncei-1977-10091062","year":1977,"month":7,"state":"NC","stateName":"North Carolina","scale":1,"scaleLabel":"F1","lengthMiles":0,"deaths":0,"injuries":0}},{"type":"Feature","geometry":{"type":"Point","coordinates":[-99.07,34.3]},"properties":{"id":"ncei-1977-10093422","year":1977,"month":4,"state":"OK","stateName":"Oklahoma","scale":2,"scaleLabel":"F2","lengthMiles":0.8,"deaths":0,"injuries":0}},{"type":"Feature","geometry":{"type":"Point","coordinates":[-100.5,36.9]},"properties":{"id":"ncei-1977-10093424","year":1977,"month":5,"state":"OK","stateName":"Oklahoma","scale":2,"scaleLabel":"F2","lengthMiles":2.7,"deaths":0,"injuries":0}},{"type":"Feature","geometry":{"type":"Point","coordinates":[-97.95,34.5]},"properties":{"id":"ncei-1977-10093657","year":1977,"month":5,"state":"OK","stateName":"Oklahoma","scale":1,"scaleLabel":"F1","lengthMiles":0.5,"deaths":0,"injuries":0}},{"type":"Feature","geometry":{"type":"Point","coordinates":[-97.63,34.45]},"properties":{"id":"ncei-1977-10093664","year":1977,"month":5,"state":"OK","stateName":"Oklahoma","scale":3,"scaleLabel":"F3","lengthMiles":0.8,"deaths":1,"injuries":2}},{"type":"Feature","geometry":{"type":"Point","coordinates":[-97.4,34.58]},"properties":{"id":"ncei-1977-10093667","year":1977,"month":5,"state":"OK","stateName":"Oklahoma","scale":0,"scaleLabel":"F0","lengthMiles":1,"deaths":0,"injuries":0}},{"type":"Feature","geometry":{"type":"Point","coordinates":[-97.6,34.77]},"properties":{"id":"ncei-1977-10093669","year":1977,"month":5,"state":"OK","stateName":"Oklahoma","scale":0,"scaleLabel":"F0","lengthMiles":1,"deaths":0,"injuries":0}},{"type":"Feature","geometry":{"type":"Point","coordinates":[-99.9,35.4]},"properties":{"id":"ncei-1977-10093674","year":1977,"month":5,"state":"OK","stateName":"Oklahoma","scale":3,"scaleLabel":"F3","lengthMiles":6.5,"deaths":0,"injuries":0}},{"type":"Feature","geometry":{"type":"Point","coordinates":[-99.87,35.33]},"properties":{"id":"ncei-1977-10093676","year":1977,"month":5,"state":"OK","stateName":"Oklahoma","scale":3,"scaleLabel":"F3","lengthMiles":10.3,"deaths":0,"injuries":0}},{"type":"Feature","geometry":{"type":"Point","coordinates":[-99.72,35.42]},"properties":{"id":"ncei-1977-10093677","year":1977,"month":5,"state":"OK","stateName":"Oklahoma","scale":3,"scaleLabel":"F3","lengthMiles":7.9,"deaths":0,"injuries":0}},{"type":"Feature","geometry":{"type":"Point","coordinates":[-99.73,35.45]},"properties":{"id":"ncei-1977-10093678","year":1977,"month":5,"state":"OK","stateName":"Oklahoma","scale":0,"scaleLabel":"F0","lengthMiles":0,"deaths":0,"injuries":0}},{"type":"Feature","geometry":{"type":"Point","coordinates":[-102.4,36.65]},"properties":{"id":"ncei-1977-10093679","year":1977,"month":5,"state":"OK","stateName":"Oklahoma","scale":4,"scaleLabel":"F4","lengthMiles":29.3,"deaths":0,"injuries":0}},{"type":"Feature","geometry":{"type":"Point","coordinates":[-102.2,36.82]},"properties":{"id":"ncei-1977-10093680","year":1977,"month":5,"state":"OK","stateName":"Oklahoma","scale":2,"scaleLabel":"F2","lengthMiles":16.1,"deaths":0,"injuries":0}},{"type":"Feature","geometry":{"type":"Point","coordinates":[-97.5,34.57]},"properties":{"id":"ncei-1977-10093684","year":1977,"month":5,"state":"OK","stateName":"Oklahoma","scale":1,"scaleLabel":"F1","lengthMiles":0,"deaths":0,"injuries":0}},{"type":"Feature","geometry":{"type":"Point","coordinates":[-97.25,34.78]},"properties":{"id":"ncei-1977-10093685","year":1977,"month":5,"state":"OK","stateName":"Oklahoma","scale":2,"scaleLabel":"F2","lengthMiles":3.3,"deaths":0,"injuries":1}},{"type":"Feature","geometry":{"type":"Point","coordinates":[-97.27,34.8]},"properties":{"id":"ncei-1977-10093686","year":1977,"month":5,"state":"OK","stateName":"Oklahoma","scale":1,"scaleLabel":"F1","lengthMiles":1,"deaths":0,"injuries":0}},{"type":"Feature","geometry":{"type":"Point","coordinates":[-95.37,35.45]},"properties":{"id":"ncei-1977-10093688","year":1977,"month":5,"state":"OK","stateName":"Oklahoma","scale":1,"scaleLabel":"F1","lengthMiles":0,"deaths":0,"injuries":2}},{"type":"Feature","geometry":{"type":"Point","coordinates":[-99.27,34.65]},"properties":{"id":"ncei-1977-10093689","year":1977,"month":5,"state":"OK","stateName":"Oklahoma","scale":3,"scaleLabel":"F3","lengthMiles":10.4,"deaths":0,"injuries":3}},{"type":"Feature","geometry":{"type":"Point","coordinates":[-98.8,36.2]},"properties":{"id":"ncei-1977-10093692","year":1977,"month":5,"state":"OK","stateName":"Oklahoma","scale":1,"scaleLabel":"F1","lengthMiles":5.1,"deaths":0,"injuries":0}},{"type":"Feature","geometry":{"type":"Point","coordinates":[-97.95,35.03]},"properties":{"id":"ncei-1977-10093693","year":1977,"month":5,"state":"OK","stateName":"Oklahoma","scale":1,"scaleLabel":"F1","lengthMiles":2.5,"deaths":0,"injuries":0}},{"type":"Feature","geometry":{"type":"Point","coordinates":[-98.48,35.1]},"properties":{"id":"ncei-1977-10093694","year":1977,"month":5,"state":"OK","stateName":"Oklahoma","scale":2,"scaleLabel":"F2","lengthMiles":13.3,"deaths":0,"injuries":0}},{"type":"Feature","geometry":{"type":"Point","coordinates":[-98.32,35.28]},"properties":{"id":"ncei-1977-10093698","year":1977,"month":5,"state":"OK","stateName":"Oklahoma","scale":2,"scaleLabel":"F2","lengthMiles":7.8,"deaths":0,"injuries":0}},{"type":"Feature","geometry":{"type":"Point","coordinates":[-99.1,34.48]},"properties":{"id":"ncei-1977-10093699","year":1977,"month":5,"state":"OK","stateName":"Oklahoma","scale":3,"scaleLabel":"F3","lengthMiles":1.5,"deaths":0,"injuries":0}},{"type":"Feature","geometry":{"type":"Point","coordinates":[-98.95,34.65]},"properties":{"id":"ncei-1977-10093700","year":1977,"month":5,"state":"OK","stateName":"Oklahoma","scale":2,"scaleLabel":"F2","lengthMiles":3.6,"deaths":0,"injuries":0}},{"type":"Feature","geometry":{"type":"Point","coordinates":[-97.9,36.3]},"properties":{"id":"ncei-1977-10093701","year":1977,"month":5,"state":"OK","stateName":"Oklahoma","scale":1,"scaleLabel":"F1","lengthMiles":4.1,"deaths":0,"injuries":0}},{"type":"Feature","geometry":{"type":"Point","coordinates":[-97.4,35.4]},"properties":{"id":"ncei-1977-10093703","year":1977,"month":5,"state":"OK","stateName":"Oklahoma","scale":2,"scaleLabel":"F2","lengthMiles":14.9,"deaths":0,"injuries":0}},{"type":"Feature","geometry":{"type":"Point","coordinates":[-97.3,35.7]},"properties":{"id":"ncei-1977-10093704","year":1977,"month":5,"state":"OK","stateName":"Oklahoma","scale":3,"scaleLabel":"F3","lengthMiles":1.3,"deaths":0,"injuries":0}},{"type":"Feature","geometry":{"type":"Point","coordinates":[-97.3,35.72]},"properties":{"id":"ncei-1977-10093705","year":1977,"month":5,"state":"OK","stateName":"Oklahoma","scale":3,"scaleLabel":"F3","lengthMiles":8.6,"deaths":0,"injuries":0}},{"type":"Feature","geometry":{"type":"Point","coordinates":[-98.65,35.87]},"properties":{"id":"ncei-1977-10094580","year":1977,"month":8,"state":"OK","stateName":"Oklahoma","scale":2,"scaleLabel":"F2","lengthMiles":8,"deaths":0,"injuries":0}},{"type":"Feature","geometry":{"type":"Point","coordinates":[-97.93,36.4]},"properties":{"id":"ncei-1977-10094802","year":1977,"month":8,"state":"OK","stateName":"Oklahoma","scale":1,"scaleLabel":"F1","lengthMiles":1,"deaths":0,"injuries":0}},{"type":"Feature","geometry":{"type":"Point","coordinates":[-94.65,33.88]},"properties":{"id":"ncei-1977-10095637","year":1977,"month":2,"state":"OK","stateName":"Oklahoma","scale":2,"scaleLabel":"F2","lengthMiles":3.3,"deaths":0,"injuries":4}},{"type":"Feature","geometry":{"type":"Point","coordinates":[-99.82,35.98]},"properties":{"id":"ncei-1977-10095639","year":1977,"month":3,"state":"OK","stateName":"Oklahoma","scale":1,"scaleLabel":"F1","lengthMiles":1,"deaths":0,"injuries":0}},{"type":"Feature","geometry":{"type":"Point","coordinates":[-99.2,35.53]},"properties":{"id":"ncei-1977-10095640","year":1977,"month":3,"state":"OK","stateName":"Oklahoma","scale":2,"scaleLabel":"F2","lengthMiles":7.4,"deaths":0,"injuries":0}},{"type":"Feature","geometry":{"type":"Point","coordinates":[-98.78,35.9]},"properties":{"id":"ncei-1977-10095642","year":1977,"month":3,"state":"OK","stateName":"Oklahoma","scale":1,"scaleLabel":"F1","lengthMiles":3.8,"deaths":0,"injuries":0}},{"type":"Feature","geometry":{"type":"Point","coordinates":[-97.67,35.12]},"properties":{"id":"ncei-1977-10095644","year":1977,"month":3,"state":"OK","stateName":"Oklahoma","scale":1,"scaleLabel":"F1","lengthMiles":1.9,"deaths":0,"injuries":0}},{"type":"Feature","geometry":{"type":"Point","coordinates":[-97.72,34.95]},"properties":{"id":"ncei-1977-10095645","year":1977,"month":3,"state":"OK","stateName":"Oklahoma","scale":2,"scaleLabel":"F2","lengthMiles":4.9,"deaths":0,"injuries":0}},{"type":"Feature","geometry":{"type":"Point","coordinates":[-97.65,35.1]},"properties":{"id":"ncei-1977-10095646","year":1977,"month":3,"state":"OK","stateName":"Oklahoma","scale":1,"scaleLabel":"F1","lengthMiles":3.8,"deaths":0,"injuries":0}},{"type":"Feature","geometry":{"type":"Point","coordinates":[-97.77,34.48]},"properties":{"id":"ncei-1977-10095647","year":1977,"month":3,"state":"OK","stateName":"Oklahoma","scale":3,"scaleLabel":"F3","lengthMiles":4.3,"deaths":0,"injuries":1}},{"type":"Feature","geometry":{"type":"Point","coordinates":[-97.55,34.1]},"properties":{"id":"ncei-1977-10095648","year":1977,"month":3,"state":"OK","stateName":"Oklahoma","scale":2,"scaleLabel":"F2","lengthMiles":8.8,"deaths":0,"injuries":0}},{"type":"Feature","geometry":{"type":"Point","coordinates":[-97.22,34.32]},"properties":{"id":"ncei-1977-10095649","year":1977,"month":3,"state":"OK","stateName":"Oklahoma","scale":2,"scaleLabel":"F2","lengthMiles":1,"deaths":0,"injuries":5}},{"type":"Feature","geometry":{"type":"Point","coordinates":[-97.42,35.13]},"properties":{"id":"ncei-1977-10095654","year":1977,"month":3,"state":"OK","stateName":"Oklahoma","scale":1,"scaleLabel":"F1","lengthMiles":4.7,"deaths":0,"injuries":0}},{"type":"Feature","geometry":{"type":"Point","coordinates":[-97.07,35.97]},"properties":{"id":"ncei-1977-10095655","year":1977,"month":3,"state":"OK","stateName":"Oklahoma","scale":1,"scaleLabel":"F1","lengthMiles":1,"deaths":0,"injuries":0}},{"type":"Feature","geometry":{"type":"Point","coordinates":[-97.03,35.97]},"properties":{"id":"ncei-1977-10095656","year":1977,"month":3,"state":"OK","stateName":"Oklahoma","scale":1,"scaleLabel":"F1","lengthMiles":5.1,"deaths":0,"injuries":0}},{"type":"Feature","geometry":{"type":"Point","coordinates":[-97.9,34.62]},"properties":{"id":"ncei-1977-10095663","year":1977,"month":4,"state":"OK","stateName":"Oklahoma","scale":1,"scaleLabel":"F1","lengthMiles":0.5,"deaths":0,"injuries":0}},{"type":"Feature","geometry":{"type":"Point","coordinates":[-97.62,34.47]},"properties":{"id":"ncei-1977-10095664","year":1977,"month":4,"state":"OK","stateName":"Oklahoma","scale":1,"scaleLabel":"F1","lengthMiles":2,"deaths":0,"injuries":0}},{"type":"Feature","geometry":{"type":"Point","coordinates":[-98.7,35.5]},"properties":{"id":"ncei-1977-10095665","year":1977,"month":4,"state":"OK","stateName":"Oklahoma","scale":1,"scaleLabel":"F1","lengthMiles":2,"deaths":0,"injuries":0}},{"type":"Feature","geometry":{"type":"Point","coordinates":[-97.63,36.15]},"properties":{"id":"ncei-1977-10095810","year":1977,"month":5,"state":"OK","stateName":"Oklahoma","scale":2,"scaleLabel":"F2","lengthMiles":1.9,"deaths":0,"injuries":0}},{"type":"Feature","geometry":{"type":"Point","coordinates":[-97.55,35.78]},"properties":{"id":"ncei-1977-10095811","year":1977,"month":5,"state":"OK","stateName":"Oklahoma","scale":1,"scaleLabel":"F1","lengthMiles":1.9,"deaths":0,"injuries":0}},{"type":"Feature","geometry":{"type":"Point","coordinates":[-97.7,36.8]},"properties":{"id":"ncei-1977-10095812","year":1977,"month":5,"state":"OK","stateName":"Oklahoma","scale":-1,"scaleLabel":"Unknown","lengthMiles":0,"deaths":0,"injuries":0}},{"type":"Feature","geometry":{"type":"Point","coordinates":[-97.3,34.6]},"properties":{"id":"ncei-1977-10096032","year":1977,"month":5,"state":"OK","stateName":"Oklahoma","scale":1,"scaleLabel":"F1","lengthMiles":2.7,"deaths":0,"injuries":0}},{"type":"Feature","geometry":{"type":"Point","coordinates":[-96.97,35.28]},"properties":{"id":"ncei-1977-10096034","year":1977,"month":5,"state":"OK","stateName":"Oklahoma","scale":2,"scaleLabel":"F2","lengthMiles":9.2,"deaths":0,"injuries":0}},{"type":"Feature","geometry":{"type":"Point","coordinates":[-97.45,35.23]},"properties":{"id":"ncei-1977-10096036","year":1977,"month":5,"state":"OK","stateName":"Oklahoma","scale":0,"scaleLabel":"F0","lengthMiles":0,"deaths":0,"injuries":0}},{"type":"Feature","geometry":{"type":"Point","coordinates":[-98.2,36.27]},"properties":{"id":"ncei-1977-10096048","year":1977,"month":5,"state":"OK","stateName":"Oklahoma","scale":1,"scaleLabel":"F1","lengthMiles":0,"deaths":0,"injuries":0}},{"type":"Feature","geometry":{"type":"Point","coordinates":[-99.17,35.28]},"properties":{"id":"ncei-1977-10096064","year":1977,"month":6,"state":"OK","stateName":"Oklahoma","scale":1,"scaleLabel":"F1","lengthMiles":2,"deaths":0,"injuries":0}},{"type":"Feature","geometry":{"type":"Point","coordinates":[-99.07,35.3]},"properties":{"id":"ncei-1977-10096065","year":1977,"month":6,"state":"OK","stateName":"Oklahoma","scale":1,"scaleLabel":"F1","lengthMiles":6.4,"deaths":0,"injuries":0}},{"type":"Feature","geometry":{"type":"Point","coordinates":[-99.07,35.3]},"properties":{"id":"ncei-1977-10096066","year":1977,"month":6,"state":"OK","stateName":"Oklahoma","scale":1,"scaleLabel":"F1","lengthMiles":6.4,"deaths":0,"injuries":0}},{"type":"Feature","geometry":{"type":"Point","coordinates":[-95.42,35.62]},"properties":{"id":"ncei-1977-10096083","year":1977,"month":7,"state":"OK","stateName":"Oklahoma","scale":2,"scaleLabel":"F2","lengthMiles":4.5,"deaths":0,"injuries":0}},{"type":"Feature","geometry":{"type":"Point","coordinates":[-96.67,34.77]},"properties":{"id":"ncei-1977-10096084","year":1977,"month":7,"state":"OK","stateName":"Oklahoma","scale":-1,"scaleLabel":"Unknown","lengthMiles":0.5,"deaths":0,"injuries":0}},{"type":"Feature","geometry":{"type":"Point","coordinates":[-81.07,41.47]},"properties":{"id":"ncei-1977-10098177","year":1977,"month":3,"state":"OH","stateName":"Ohio","scale":1,"scaleLabel":"F1","lengthMiles":0.5,"deaths":0,"injuries":0}},{"type":"Feature","geometry":{"type":"Point","coordinates":[-83.85,39.07]},"properties":{"id":"ncei-1977-10098180","year":1977,"month":4,"state":"OH","stateName":"Ohio","scale":0,"scaleLabel":"F0","lengthMiles":1,"deaths":0,"injuries":0}},{"type":"Feature","geometry":{"type":"Point","coordinates":[-83.72,39]},"properties":{"id":"ncei-1977-10098181","year":1977,"month":4,"state":"OH","stateName":"Ohio","scale":0,"scaleLabel":"F0","lengthMiles":1,"deaths":0,"injuries":0}},{"type":"Feature","geometry":{"type":"Point","coordinates":[-82.5,40.92]},"properties":{"id":"ncei-1977-10098182","year":1977,"month":4,"state":"OH","stateName":"Ohio","scale":1,"scaleLabel":"F1","lengthMiles":3.8,"deaths":0,"injuries":0}},{"type":"Feature","geometry":{"type":"Point","coordinates":[-82.42,40.93]},"properties":{"id":"ncei-1977-10098183","year":1977,"month":4,"state":"OH","stateName":"Ohio","scale":1,"scaleLabel":"F1","lengthMiles":3.8,"deaths":0,"injuries":6}},{"type":"Feature","geometry":{"type":"Point","coordinates":[-81.43,41.38]},"properties":{"id":"ncei-1977-10098184","year":1977,"month":4,"state":"OH","stateName":"Ohio","scale":1,"scaleLabel":"F1","lengthMiles":1.5,"deaths":0,"injuries":0}},{"type":"Feature","geometry":{"type":"Point","coordinates":[-84.53,41.2]},"properties":{"id":"ncei-1977-10098197","year":1977,"month":6,"state":"OH","stateName":"Ohio","scale":1,"scaleLabel":"F1","lengthMiles":4.1,"deaths":0,"injuries":0}},{"type":"Feature","geometry":{"type":"Point","coordinates":[-83.95,41.25]},"properties":{"id":"ncei-1977-10098198","year":1977,"month":6,"state":"OH","stateName":"Ohio","scale":1,"scaleLabel":"F1","lengthMiles":1,"deaths":0,"injuries":0}},{"type":"Feature","geometry":{"type":"Point","coordinates":[-83.15,41.32]},"properties":{"id":"ncei-1977-10098200","year":1977,"month":6,"state":"OH","stateName":"Ohio","scale":1,"scaleLabel":"F1","lengthMiles":3.3,"deaths":0,"injuries":18}},{"type":"Feature","geometry":{"type":"Point","coordinates":[-82.52,41]},"properties":{"id":"ncei-1977-10098203","year":1977,"month":6,"state":"OH","stateName":"Ohio","scale":1,"scaleLabel":"F1","lengthMiles":0.5,"deaths":0,"injuries":0}},{"type":"Feature","geometry":{"type":"Point","coordinates":[-82.83,41.3]},"properties":{"id":"ncei-1977-10098204","year":1977,"month":6,"state":"OH","stateName":"Ohio","scale":2,"scaleLabel":"F2","lengthMiles":0.7,"deaths":0,"injuries":0}},{"type":"Feature","geometry":{"type":"Point","coordinates":[-82.95,40.8]},"properties":{"id":"ncei-1977-10098205","year":1977,"month":6,"state":"OH","stateName":"Ohio","scale":1,"scaleLabel":"F1","lengthMiles":11.6,"deaths":0,"injuries":0}},{"type":"Feature","geometry":{"type":"Point","coordinates":[-82.72,41.45]},"properties":{"id":"ncei-1977-10098206","year":1977,"month":6,"state":"OH","stateName":"Ohio","scale":1,"scaleLabel":"F1","lengthMiles":0.8,"deaths":0,"injuries":3}},{"type":"Feature","geometry":{"type":"Point","coordinates":[-82.68,40.88]},"properties":{"id":"ncei-1977-10098208","year":1977,"month":6,"state":"OH","stateName":"Ohio","scale":2,"scaleLabel":"F2","lengthMiles":0.5,"deaths":0,"injuries":0}},{"type":"Feature","geometry":{"type":"Point","coordinates":[-82.35,40.97]},"properties":{"id":"ncei-1977-10098209","year":1977,"month":6,"state":"OH","stateName":"Ohio","scale":0,"scaleLabel":"F0","lengthMiles":0.5,"deaths":0,"injuries":0}},{"type":"Feature","geometry":{"type":"Point","coordinates":[-82.75,40.88]},"properties":{"id":"ncei-1977-10098210","year":1977,"month":6,"state":"OH","stateName":"Ohio","scale":1,"scaleLabel":"F1","lengthMiles":0,"deaths":0,"injuries":0}},{"type":"Feature","geometry":{"type":"Point","coordinates":[-81.83,41.23]},"properties":{"id":"ncei-1977-10098213","year":1977,"month":6,"state":"OH","stateName":"Ohio","scale":1,"scaleLabel":"F1","lengthMiles":2,"deaths":0,"injuries":3}},{"type":"Feature","geometry":{"type":"Point","coordinates":[-81.47,40.92]},"properties":{"id":"ncei-1977-10098215","year":1977,"month":6,"state":"OH","stateName":"Ohio","scale":2,"scaleLabel":"F2","lengthMiles":0.5,"deaths":0,"injuries":0}},{"type":"Feature","geometry":{"type":"Point","coordinates":[-82.17,40.33]},"properties":{"id":"ncei-1977-10098573","year":1977,"month":6,"state":"OH","stateName":"Ohio","scale":1,"scaleLabel":"F1","lengthMiles":0.5,"deaths":0,"injuries":0}},{"type":"Feature","geometry":{"type":"Point","coordinates":[-84.32,39.58]},"properties":{"id":"ncei-1977-10098820","year":1977,"month":10,"state":"OH","stateName":"Ohio","scale":0,"scaleLabel":"F0","lengthMiles":0.3,"deaths":0,"injuries":0}},{"type":"Feature","geometry":{"type":"Point","coordinates":[-84.67,39.25]},"properties":{"id":"ncei-1977-10098821","year":1977,"month":10,"state":"OH","stateName":"Ohio","scale":3,"scaleLabel":"F3","lengthMiles":0.7,"deaths":0,"injuries":17}},{"type":"Feature","geometry":{"type":"Point","coordinates":[-84.62,39.23]},"properties":{"id":"ncei-1977-10098823","year":1977,"month":10,"state":"OH","stateName":"Ohio","scale":1,"scaleLabel":"F1","lengthMiles":0.5,"deaths":0,"injuries":0}},{"type":"Feature","geometry":{"type":"Point","coordinates":[-83.63,38.93]},"properties":{"id":"ncei-1977-10098825","year":1977,"month":10,"state":"OH","stateName":"Ohio","scale":1,"scaleLabel":"F1","lengthMiles":0.5,"deaths":0,"injuries":0}},{"type":"Feature","geometry":{"type":"Point","coordinates":[-83.62,41.25]},"properties":{"id":"ncei-1977-10098827","year":1977,"month":10,"state":"OH","stateName":"Ohio","scale":0,"scaleLabel":"F0","lengthMiles":0.4,"deaths":0,"injuries":0}},{"type":"Feature","geometry":{"type":"Point","coordinates":[-101.68,43.1]},"properties":{"id":"ncei-1977-10110244","year":1977,"month":5,"state":"SD","stateName":"South Dakota","scale":-1,"scaleLabel":"Unknown","lengthMiles":0,"deaths":0,"injuries":0}},{"type":"Feature","geometry":{"type":"Point","coordinates":[-101.43,45.37]},"properties":{"id":"ncei-1977-10110471","year":1977,"month":5,"state":"SD","stateName":"South Dakota","scale":-1,"scaleLabel":"Unknown","lengthMiles":0,"deaths":0,"injuries":0}},{"type":"Feature","geometry":{"type":"Point","coordinates":[-100.7,45.82]},"properties":{"id":"ncei-1977-10110472","year":1977,"month":5,"state":"SD","stateName":"South Dakota","scale":-1,"scaleLabel":"Unknown","lengthMiles":0,"deaths":0,"injuries":0}},{"type":"Feature","geometry":{"type":"Point","coordinates":[-101.78,43.48]},"properties":{"id":"ncei-1977-10110475","year":1977,"month":5,"state":"SD","stateName":"South Dakota","scale":-1,"scaleLabel":"Unknown","lengthMiles":0,"deaths":0,"injuries":0}},{"type":"Feature","geometry":{"type":"Point","coordinates":[-96.68,44.67]},"properties":{"id":"ncei-1977-10110476","year":1977,"month":5,"state":"SD","stateName":"South Dakota","scale":-1,"scaleLabel":"Unknown","lengthMiles":0,"deaths":0,"injuries":0}},{"type":"Feature","geometry":{"type":"Point","coordinates":[-96.72,44.68]},"properties":{"id":"ncei-1977-10110477","year":1977,"month":5,"state":"SD","stateName":"South Dakota","scale":-1,"scaleLabel":"Unknown","lengthMiles":0,"deaths":0,"injuries":0}},{"type":"Feature","geometry":{"type":"Point","coordinates":[-96.68,44.72]},"properties":{"id":"ncei-1977-10110478","year":1977,"month":5,"state":"SD","stateName":"South Dakota","scale":-1,"scaleLabel":"Unknown","lengthMiles":0,"deaths":0,"injuries":0}},{"type":"Feature","geometry":{"type":"Point","coordinates":[-96.68,44.72]},"properties":{"id":"ncei-1977-10110479","year":1977,"month":5,"state":"SD","stateName":"South Dakota","scale":-1,"scaleLabel":"Unknown","lengthMiles":0,"deaths":0,"injuries":0}},{"type":"Feature","geometry":{"type":"Point","coordinates":[-96.68,44.72]},"properties":{"id":"ncei-1977-10110480","year":1977,"month":5,"state":"SD","stateName":"South Dakota","scale":-1,"scaleLabel":"Unknown","lengthMiles":0,"deaths":0,"injuries":0}},{"type":"Feature","geometry":{"type":"Point","coordinates":[-97.27,44.82]},"properties":{"id":"ncei-1977-10110481","year":1977,"month":5,"state":"SD","stateName":"South Dakota","scale":-1,"scaleLabel":"Unknown","lengthMiles":0,"deaths":0,"injuries":0}},{"type":"Feature","geometry":{"type":"Point","coordinates":[-97.1,44.82]},"properties":{"id":"ncei-1977-10110482","year":1977,"month":5,"state":"SD","stateName":"South Dakota","scale":-1,"scaleLabel":"Unknown","lengthMiles":0,"deaths":0,"injuries":0}},{"type":"Feature","geometry":{"type":"Point","coordinates":[-96.58,45.02]},"properties":{"id":"ncei-1977-10110483","year":1977,"month":5,"state":"SD","stateName":"South Dakota","scale":-1,"scaleLabel":"Unknown","lengthMiles":0,"deaths":0,"injuries":0}},{"type":"Feature","geometry":{"type":"Point","coordinates":[-99.07,43.52]},"properties":{"id":"ncei-1977-10110486","year":1977,"month":5,"state":"SD","stateName":"South Dakota","scale":-1,"scaleLabel":"Unknown","lengthMiles":0,"deaths":0,"injuries":0}},{"type":"Feature","geometry":{"type":"Point","coordinates":[-96.53,44.48]},"properties":{"id":"ncei-1977-10110487","year":1977,"month":5,"state":"SD","stateName":"South Dakota","scale":-1,"scaleLabel":"Unknown","lengthMiles":0,"deaths":0,"injuries":0}},{"type":"Feature","geometry":{"type":"Point","coordinates":[-100.58,45.52]},"properties":{"id":"ncei-1977-10110493","year":1977,"month":6,"state":"SD","stateName":"South Dakota","scale":0,"scaleLabel":"F0","lengthMiles":0.5,"deaths":0,"injuries":0}},{"type":"Feature","geometry":{"type":"Point","coordinates":[-98.13,45.53]},"properties":{"id":"ncei-1977-10110503","year":1977,"month":6,"state":"SD","stateName":"South Dakota","scale":0,"scaleLabel":"F0","lengthMiles":0.6,"deaths":0,"injuries":0}},{"type":"Feature","geometry":{"type":"Point","coordinates":[-101.77,45.05]},"properties":{"id":"ncei-1977-10110510","year":1977,"month":7,"state":"SD","stateName":"South Dakota","scale":-1,"scaleLabel":"Unknown","lengthMiles":0,"deaths":0,"injuries":0}},{"type":"Feature","geometry":{"type":"Point","coordinates":[-101.67,45.02]},"properties":{"id":"ncei-1977-10110511","year":1977,"month":7,"state":"SD","stateName":"South Dakota","scale":-1,"scaleLabel":"Unknown","lengthMiles":16,"deaths":0,"injuries":0}},{"type":"Feature","geometry":{"type":"Point","coordinates":[-101.35,43.18]},"properties":{"id":"ncei-1977-10110512","year":1977,"month":7,"state":"SD","stateName":"South Dakota","scale":-1,"scaleLabel":"Unknown","lengthMiles":4.1,"deaths":0,"injuries":0}},{"type":"Feature","geometry":{"type":"Point","coordinates":[-101.77,43.2]},"properties":{"id":"ncei-1977-10110513","year":1977,"month":7,"state":"SD","stateName":"South Dakota","scale":-1,"scaleLabel":"Unknown","lengthMiles":1.9,"deaths":0,"injuries":0}},{"type":"Feature","geometry":{"type":"Point","coordinates":[-101.4,43.05]},"properties":{"id":"ncei-1977-10110514","year":1977,"month":7,"state":"SD","stateName":"South Dakota","scale":-1,"scaleLabel":"Unknown","lengthMiles":0,"deaths":0,"injuries":0}},{"type":"Feature","geometry":{"type":"Point","coordinates":[-101.3,43]},"properties":{"id":"ncei-1977-10110515","year":1977,"month":7,"state":"SD","stateName":"South Dakota","scale":2,"scaleLabel":"F2","lengthMiles":0,"deaths":0,"injuries":0}},{"type":"Feature","geometry":{"type":"Point","coordinates":[-101.33,44.38]},"properties":{"id":"ncei-1977-10110516","year":1977,"month":7,"state":"SD","stateName":"South Dakota","scale":-1,"scaleLabel":"Unknown","lengthMiles":7.3,"deaths":0,"injuries":0}},{"type":"Feature","geometry":{"type":"Point","coordinates":[-98.95,45.88]},"properties":{"id":"ncei-1977-10110522","year":1977,"month":7,"state":"SD","stateName":"South Dakota","scale":-1,"scaleLabel":"Unknown","lengthMiles":0,"deaths":0,"injuries":0}},{"type":"Feature","geometry":{"type":"Point","coordinates":[-81.73,33.55]},"properties":{"id":"ncei-1977-10112454","year":1977,"month":2,"state":"SC","stateName":"South Carolina","scale":1,"scaleLabel":"F1","lengthMiles":0.1,"deaths":0,"injuries":0}},{"type":"Feature","geometry":{"type":"Point","coordinates":[-80.42,33.65]},"properties":{"id":"ncei-1977-10112670","year":1977,"month":2,"state":"SC","stateName":"South Carolina","scale":1,"scaleLabel":"F1","lengthMiles":0.1,"deaths":0,"injuries":0}},{"type":"Feature","geometry":{"type":"Point","coordinates":[-80.58,34.72]},"properties":{"id":"ncei-1977-10112674","year":1977,"month":3,"state":"SC","stateName":"South Carolina","scale":1,"scaleLabel":"F1","lengthMiles":1.1,"deaths":0,"injuries":0}},{"type":"Feature","geometry":{"type":"Point","coordinates":[-81.97,34.52]},"properties":{"id":"ncei-1977-10112679","year":1977,"month":5,"state":"SC","stateName":"South Carolina","scale":1,"scaleLabel":"F1","lengthMiles":1.5,"deaths":0,"injuries":5}},{"type":"Feature","geometry":{"type":"Point","coordinates":[-79.95,33.52]},"properties":{"id":"ncei-1977-10112695","year":1977,"month":6,"state":"SC","stateName":"South Carolina","scale":1,"scaleLabel":"F1","lengthMiles":1,"deaths":0,"injuries":0}},{"type":"Feature","geometry":{"type":"Point","coordinates":[-80.67,33.85]},"properties":{"id":"ncei-1977-10112697","year":1977,"month":6,"state":"SC","stateName":"South Carolina","scale":1,"scaleLabel":"F1","lengthMiles":0.3,"deaths":0,"injuries":0}},{"type":"Feature","geometry":{"type":"Point","coordinates":[-82.12,35.08]},"properties":{"id":"ncei-1977-10112708","year":1977,"month":9,"state":"SC","stateName":"South Carolina","scale":1,"scaleLabel":"F1","lengthMiles":0.3,"deaths":0,"injuries":0}},{"type":"Feature","geometry":{"type":"Point","coordinates":[-82.68,34.75]},"properties":{"id":"ncei-1977-10112714","year":1977,"month":12,"state":"SC","stateName":"South Carolina","scale":1,"scaleLabel":"F1","lengthMiles":1,"deaths":0,"injuries":0}},{"type":"Feature","geometry":{"type":"Point","coordinates":[-81.85,35]},"properties":{"id":"ncei-1977-10112716","year":1977,"month":12,"state":"SC","stateName":"South Carolina","scale":1,"scaleLabel":"F1","lengthMiles":0.2,"deaths":0,"injuries":0}},{"type":"Feature","geometry":{"type":"Point","coordinates":[-81.52,35.07]},"properties":{"id":"ncei-1977-10112718","year":1977,"month":12,"state":"SC","stateName":"South Carolina","scale":1,"scaleLabel":"F1","lengthMiles":0.2,"deaths":0,"injuries":1}},{"type":"Feature","geometry":{"type":"Point","coordinates":[-81.08,35.05]},"properties":{"id":"ncei-1977-10112719","year":1977,"month":12,"state":"SC","stateName":"South Carolina","scale":1,"scaleLabel":"F1","lengthMiles":1.5,"deaths":0,"injuries":0}},{"type":"Feature","geometry":{"type":"Point","coordinates":[-80.83,33.33]},"properties":{"id":"ncei-1977-10112720","year":1977,"month":12,"state":"SC","stateName":"South Carolina","scale":1,"scaleLabel":"F1","lengthMiles":9.8,"deaths":0,"injuries":7}},{"type":"Feature","geometry":{"type":"Point","coordinates":[-97.75,45]},"properties":{"id":"ncei-1977-10113645","year":1977,"month":7,"state":"SD","stateName":"South Dakota","scale":-1,"scaleLabel":"Unknown","lengthMiles":0,"deaths":0,"injuries":0}},{"type":"Feature","geometry":{"type":"Point","coordinates":[-97.7,44.83]},"properties":{"id":"ncei-1977-10113646","year":1977,"month":7,"state":"SD","stateName":"South Dakota","scale":-1,"scaleLabel":"Unknown","lengthMiles":0,"deaths":0,"injuries":0}},{"type":"Feature","geometry":{"type":"Point","coordinates":[-103.43,44.73]},"properties":{"id":"ncei-1977-10113650","year":1977,"month":7,"state":"SD","stateName":"South Dakota","scale":-1,"scaleLabel":"Unknown","lengthMiles":0,"deaths":0,"injuries":0}},{"type":"Feature","geometry":{"type":"Point","coordinates":[-97.58,44.4]},"properties":{"id":"ncei-1977-10113899","year":1977,"month":9,"state":"SD","stateName":"South Dakota","scale":1,"scaleLabel":"F1","lengthMiles":21.3,"deaths":0,"injuries":0}},{"type":"Feature","geometry":{"type":"Point","coordinates":[-80.05,41.17]},"properties":{"id":"ncei-1977-10116912","year":1977,"month":8,"state":"PA","stateName":"Pennsylvania","scale":-1,"scaleLabel":"Unknown","lengthMiles":0,"deaths":0,"injuries":1}},{"type":"Feature","geometry":{"type":"Point","coordinates":[-80.35,42.02]},"properties":{"id":"ncei-1977-10116916","year":1977,"month":9,"state":"PA","stateName":"Pennsylvania","scale":2,"scaleLabel":"F2","lengthMiles":4.5,"deaths":0,"injuries":7}},{"type":"Feature","geometry":{"type":"Point","coordinates":[-80.18,41.92]},"properties":{"id":"ncei-1977-10116923","year":1977,"month":9,"state":"PA","stateName":"Pennsylvania","scale":1,"scaleLabel":"F1","lengthMiles":0,"deaths":0,"injuries":2}},{"type":"Feature","geometry":{"type":"Point","coordinates":[-80.35,41]},"properties":{"id":"ncei-1977-10116924","year":1977,"month":9,"state":"PA","stateName":"Pennsylvania","scale":2,"scaleLabel":"F2","lengthMiles":0,"deaths":0,"injuries":0}},{"type":"Feature","geometry":{"type":"Point","coordinates":[-80.12,41.33]},"properties":{"id":"ncei-1977-10116925","year":1977,"month":9,"state":"PA","stateName":"Pennsylvania","scale":-1,"scaleLabel":"Unknown","lengthMiles":0,"deaths":0,"injuries":0}},{"type":"Feature","geometry":{"type":"Point","coordinates":[-79.9,41.22]},"properties":{"id":"ncei-1977-10116926","year":1977,"month":9,"state":"PA","stateName":"Pennsylvania","scale":-1,"scaleLabel":"Unknown","lengthMiles":0,"deaths":0,"injuries":0}},{"type":"Feature","geometry":{"type":"Point","coordinates":[-79.13,40.17]},"properties":{"id":"ncei-1977-10117983","year":1977,"month":3,"state":"PA","stateName":"Pennsylvania","scale":1,"scaleLabel":"F1","lengthMiles":1,"deaths":0,"injuries":0}},{"type":"Feature","geometry":{"type":"Point","coordinates":[-76.83,40.25]},"properties":{"id":"ncei-1977-10117988","year":1977,"month":4,"state":"PA","stateName":"Pennsylvania","scale":2,"scaleLabel":"F2","lengthMiles":2,"deaths":0,"injuries":1}},{"type":"Feature","geometry":{"type":"Point","coordinates":[-76.57,41.35]},"properties":{"id":"ncei-1977-10117990","year":1977,"month":4,"state":"PA","stateName":"Pennsylvania","scale":1,"scaleLabel":"F1","lengthMiles":2,"deaths":0,"injuries":0}},{"type":"Feature","geometry":{"type":"Point","coordinates":[-75.45,40.75]},"properties":{"id":"ncei-1977-10117996","year":1977,"month":6,"state":"PA","stateName":"Pennsylvania","scale":1,"scaleLabel":"F1","lengthMiles":1,"deaths":0,"injuries":0}},{"type":"Feature","geometry":{"type":"Point","coordinates":[-76.47,41.73]},"properties":{"id":"ncei-1977-10118005","year":1977,"month":7,"state":"PA","stateName":"Pennsylvania","scale":1,"scaleLabel":"F1","lengthMiles":2,"deaths":0,"injuries":0}},{"type":"Feature","geometry":{"type":"Point","coordinates":[-76.85,41.65]},"properties":{"id":"ncei-1977-10118006","year":1977,"month":7,"state":"PA","stateName":"Pennsylvania","scale":1,"scaleLabel":"F1","lengthMiles":1,"deaths":0,"injuries":0}},{"type":"Feature","geometry":{"type":"Point","coordinates":[-79.82,40.5]},"properties":{"id":"ncei-1977-10118012","year":1977,"month":7,"state":"PA","stateName":"Pennsylvania","scale":0,"scaleLabel":"F0","lengthMiles":0,"deaths":0,"injuries":0}},{"type":"Feature","geometry":{"type":"Point","coordinates":[-88.42,36]},"properties":{"id":"ncei-1977-10125244","year":1977,"month":12,"state":"TN","stateName":"Tennessee","scale":1,"scaleLabel":"F1","lengthMiles":0.1,"deaths":0,"injuries":1}},{"type":"Feature","geometry":{"type":"Point","coordinates":[-86.03,36.52]},"properties":{"id":"ncei-1977-10126322","year":1977,"month":3,"state":"TN","stateName":"Tennessee","scale":2,"scaleLabel":"F2","lengthMiles":0.3,"deaths":0,"injuries":0}},{"type":"Feature","geometry":{"type":"Point","coordinates":[-88.85,36.35]},"properties":{"id":"ncei-1977-10126379","year":1977,"month":12,"state":"TN","stateName":"Tennessee","scale":0,"scaleLabel":"F0","lengthMiles":0.1,"deaths":0,"injuries":3}},{"type":"Feature","geometry":{"type":"Point","coordinates":[-84.7,35.38]},"properties":{"id":"ncei-1977-10126386","year":1977,"month":12,"state":"TN","stateName":"Tennessee","scale":1,"scaleLabel":"F1","lengthMiles":5.1,"deaths":0,"injuries":1}},{"type":"Feature","geometry":{"type":"Point","coordinates":[-86.62,35.2]},"properties":{"id":"ncei-1977-10126556","year":1977,"month":6,"state":"TN","stateName":"Tennessee","scale":0,"scaleLabel":"F0","lengthMiles":9.2,"deaths":0,"injuries":0}},{"type":"Feature","geometry":{"type":"Point","coordinates":[-82.83,36.17]},"properties":{"id":"ncei-1977-10126572","year":1977,"month":6,"state":"TN","stateName":"Tennessee","scale":1,"scaleLabel":"F1","lengthMiles":3.8,"deaths":0,"injuries":0}},{"type":"Feature","geometry":{"type":"Point","coordinates":[-85.27,35.03]},"properties":{"id":"ncei-1977-10126578","year":1977,"month":8,"state":"TN","stateName":"Tennessee","scale":0,"scaleLabel":"F0","lengthMiles":0.1,"deaths":0,"injuries":0}},{"type":"Feature","geometry":{"type":"Point","coordinates":[-84.98,35.92]},"properties":{"id":"ncei-1977-10126583","year":1977,"month":9,"state":"TN","stateName":"Tennessee","scale":0,"scaleLabel":"F0","lengthMiles":5.1,"deaths":0,"injuries":0}},{"type":"Feature","geometry":{"type":"Point","coordinates":[-82.42,36.58]},"properties":{"id":"ncei-1977-10126584","year":1977,"month":10,"state":"TN","stateName":"Tennessee","scale":1,"scaleLabel":"F1","lengthMiles":16.2,"deaths":0,"injuries":10}},{"type":"Feature","geometry":{"type":"Point","coordinates":[-83.65,36.28]},"properties":{"id":"ncei-1977-10126585","year":1977,"month":10,"state":"TN","stateName":"Tennessee","scale":0,"scaleLabel":"F0","lengthMiles":2,"deaths":0,"injuries":2}},{"type":"Feature","geometry":{"type":"Point","coordinates":[-85.45,36.42]},"properties":{"id":"ncei-1977-10126586","year":1977,"month":10,"state":"TN","stateName":"Tennessee","scale":0,"scaleLabel":"F0","lengthMiles":7.2,"deaths":0,"injuries":1}},{"type":"Feature","geometry":{"type":"Point","coordinates":[-83.77,36.3]},"properties":{"id":"ncei-1977-10126587","year":1977,"month":10,"state":"TN","stateName":"Tennessee","scale":1,"scaleLabel":"F1","lengthMiles":4.3,"deaths":0,"injuries":0}},{"type":"Feature","geometry":{"type":"Point","coordinates":[-84.52,35.8]},"properties":{"id":"ncei-1977-10126588","year":1977,"month":10,"state":"TN","stateName":"Tennessee","scale":0,"scaleLabel":"F0","lengthMiles":0.2,"deaths":0,"injuries":0}},{"type":"Feature","geometry":{"type":"Point","coordinates":[-88.88,35.8]},"properties":{"id":"ncei-1977-10126589","year":1977,"month":11,"state":"TN","stateName":"Tennessee","scale":1,"scaleLabel":"F1","lengthMiles":0.2,"deaths":0,"injuries":0}},{"type":"Feature","geometry":{"type":"Point","coordinates":[-89,35.27]},"properties":{"id":"ncei-1977-10126590","year":1977,"month":11,"state":"TN","stateName":"Tennessee","scale":0,"scaleLabel":"F0","lengthMiles":0.1,"deaths":0,"injuries":2}},{"type":"Feature","geometry":{"type":"Point","coordinates":[-95.9,32.2]},"properties":{"id":"ncei-1977-10128244","year":1977,"month":3,"state":"TX","stateName":"Texas","scale":1,"scaleLabel":"F1","lengthMiles":0,"deaths":0,"injuries":0}},{"type":"Feature","geometry":{"type":"Point","coordinates":[-94.22,32.4]},"properties":{"id":"ncei-1977-10128249","year":1977,"month":3,"state":"TX","stateName":"Texas","scale":2,"scaleLabel":"F2","lengthMiles":14.9,"deaths":0,"injuries":0}},{"type":"Feature","geometry":{"type":"Point","coordinates":[-96.72,33.2]},"properties":{"id":"ncei-1977-10128250","year":1977,"month":3,"state":"TX","stateName":"Texas","scale":2,"scaleLabel":"F2","lengthMiles":0,"deaths":0,"injuries":0}},{"type":"Feature","geometry":{"type":"Point","coordinates":[-98.22,29.65]},"properties":{"id":"ncei-1977-10128264","year":1977,"month":4,"state":"TX","stateName":"Texas","scale":1,"scaleLabel":"F1","lengthMiles":0.5,"deaths":0,"injuries":0}},{"type":"Feature","geometry":{"type":"Point","coordinates":[-103.85,30.98]},"properties":{"id":"ncei-1977-10128266","year":1977,"month":4,"state":"TX","stateName":"Texas","scale":0,"scaleLabel":"F0","lengthMiles":0,"deaths":0,"injuries":0}},{"type":"Feature","geometry":{"type":"Point","coordinates":[-102.88,31.33]},"properties":{"id":"ncei-1977-10128267","year":1977,"month":4,"state":"TX","stateName":"Texas","scale":0,"scaleLabel":"F0","lengthMiles":0,"deaths":0,"injuries":0}},{"type":"Feature","geometry":{"type":"Point","coordinates":[-98,30.27]},"properties":{"id":"ncei-1977-10128270","year":1977,"month":4,"state":"TX","stateName":"Texas","scale":2,"scaleLabel":"F2","lengthMiles":21.6,"deaths":0,"injuries":0}},{"type":"Feature","geometry":{"type":"Point","coordinates":[-97.9,30.57]},"properties":{"id":"ncei-1977-10128272","year":1977,"month":4,"state":"TX","stateName":"Texas","scale":2,"scaleLabel":"F2","lengthMiles":19.4,"deaths":0,"injuries":0}},{"type":"Feature","geometry":{"type":"Point","coordinates":[-98.68,28.88]},"properties":{"id":"ncei-1977-10128275","year":1977,"month":4,"state":"TX","stateName":"Texas","scale":1,"scaleLabel":"F1","lengthMiles":1.5,"deaths":0,"injuries":0}},{"type":"Feature","geometry":{"type":"Point","coordinates":[-96.13,28.7]},"properties":{"id":"ncei-1977-10128287","year":1977,"month":4,"state":"TX","stateName":"Texas","scale":0,"scaleLabel":"F0","lengthMiles":0,"deaths":0,"injuries":0}},{"type":"Feature","geometry":{"type":"Point","coordinates":[-97.18,26.03]},"properties":{"id":"ncei-1977-10128288","year":1977,"month":4,"state":"TX","stateName":"Texas","scale":1,"scaleLabel":"F1","lengthMiles":0.5,"deaths":0,"injuries":0}},{"type":"Feature","geometry":{"type":"Point","coordinates":[-95.92,29.8]},"properties":{"id":"ncei-1977-10128290","year":1977,"month":4,"state":"TX","stateName":"Texas","scale":0,"scaleLabel":"F0","lengthMiles":0,"deaths":0,"injuries":0}},{"type":"Feature","geometry":{"type":"Point","coordinates":[-98.53,33.9]},"properties":{"id":"ncei-1977-10128291","year":1977,"month":4,"state":"TX","stateName":"Texas","scale":1,"scaleLabel":"F1","lengthMiles":2,"deaths":0,"injuries":0}},{"type":"Feature","geometry":{"type":"Point","coordinates":[-95.9,33.32]},"properties":{"id":"ncei-1977-10128293","year":1977,"month":4,"state":"TX","stateName":"Texas","scale":1,"scaleLabel":"F1","lengthMiles":0,"deaths":0,"injuries":0}},{"type":"Feature","geometry":{"type":"Point","coordinates":[-95.9,33.32]},"properties":{"id":"ncei-1977-10128294","year":1977,"month":4,"state":"TX","stateName":"Texas","scale":1,"scaleLabel":"F1","lengthMiles":0,"deaths":0,"injuries":0}},{"type":"Feature","geometry":{"type":"Point","coordinates":[-95.9,33.33]},"properties":{"id":"ncei-1977-10128295","year":1977,"month":4,"state":"TX","stateName":"Texas","scale":1,"scaleLabel":"F1","lengthMiles":0,"deaths":0,"injuries":0}},{"type":"Feature","geometry":{"type":"Point","coordinates":[-95.9,33.35]},"properties":{"id":"ncei-1977-10128296","year":1977,"month":4,"state":"TX","stateName":"Texas","scale":1,"scaleLabel":"F1","lengthMiles":0,"deaths":0,"injuries":0}},{"type":"Feature","geometry":{"type":"Point","coordinates":[-96.42,33.52]},"properties":{"id":"ncei-1977-10128297","year":1977,"month":4,"state":"TX","stateName":"Texas","scale":0,"scaleLabel":"F0","lengthMiles":0,"deaths":0,"injuries":0}},{"type":"Feature","geometry":{"type":"Point","coordinates":[-96.28,33.58]},"properties":{"id":"ncei-1977-10128298","year":1977,"month":4,"state":"TX","stateName":"Texas","scale":0,"scaleLabel":"F0","lengthMiles":0,"deaths":0,"injuries":0}},{"type":"Feature","geometry":{"type":"Point","coordinates":[-95.75,33.38]},"properties":{"id":"ncei-1977-10128299","year":1977,"month":4,"state":"TX","stateName":"Texas","scale":2,"scaleLabel":"F2","lengthMiles":0,"deaths":0,"injuries":0}},{"type":"Feature","geometry":{"type":"Point","coordinates":[-96,33.42]},"properties":{"id":"ncei-1977-10128300","year":1977,"month":4,"state":"TX","stateName":"Texas","scale":1,"scaleLabel":"F1","lengthMiles":3,"deaths":0,"injuries":0}},{"type":"Feature","geometry":{"type":"Point","coordinates":[-102.95,31.42]},"properties":{"id":"ncei-1977-10128301","year":1977,"month":4,"state":"TX","stateName":"Texas","scale":-1,"scaleLabel":"Unknown","lengthMiles":0,"deaths":0,"injuries":0}},{"type":"Feature","geometry":{"type":"Point","coordinates":[-102.93,31.42]},"properties":{"id":"ncei-1977-10128302","year":1977,"month":4,"state":"TX","stateName":"Texas","scale":3,"scaleLabel":"F3","lengthMiles":4.3,"deaths":0,"injuries":18}},{"type":"Feature","geometry":{"type":"Point","coordinates":[-102.9,31.45]},"properties":{"id":"ncei-1977-10128303","year":1977,"month":4,"state":"TX","stateName":"Texas","scale":0,"scaleLabel":"F0","lengthMiles":0,"deaths":0,"injuries":0}},{"type":"Feature","geometry":{"type":"Point","coordinates":[-103,33.13]},"properties":{"id":"ncei-1977-10128304","year":1977,"month":4,"state":"TX","stateName":"Texas","scale":0,"scaleLabel":"F0","lengthMiles":0,"deaths":0,"injuries":0}},{"type":"Feature","geometry":{"type":"Point","coordinates":[-102.37,31.77]},"properties":{"id":"ncei-1977-10128305","year":1977,"month":4,"state":"TX","stateName":"Texas","scale":0,"scaleLabel":"F0","lengthMiles":0,"deaths":0,"injuries":0}},{"type":"Feature","geometry":{"type":"Point","coordinates":[-94.88,29.38]},"properties":{"id":"ncei-1977-10128380","year":1977,"month":7,"state":"TX","stateName":"Texas","scale":0,"scaleLabel":"F0","lengthMiles":0,"deaths":0,"injuries":0}},{"type":"Feature","geometry":{"type":"Point","coordinates":[-101.88,36.42]},"properties":{"id":"ncei-1977-10128382","year":1977,"month":7,"state":"TX","stateName":"Texas","scale":-1,"scaleLabel":"Unknown","lengthMiles":0.5,"deaths":0,"injuries":0}},{"type":"Feature","geometry":{"type":"Point","coordinates":[-94.35,32.15]},"properties":{"id":"ncei-1977-10128598","year":1977,"month":7,"state":"TX","stateName":"Texas","scale":-1,"scaleLabel":"Unknown","lengthMiles":0,"deaths":0,"injuries":0}},{"type":"Feature","geometry":{"type":"Point","coordinates":[-97.78,32.45]},"properties":{"id":"ncei-1977-10128600","year":1977,"month":7,"state":"TX","stateName":"Texas","scale":2,"scaleLabel":"F2","lengthMiles":0.7,"deaths":0,"injuries":0}},{"type":"Feature","geometry":{"type":"Point","coordinates":[-97.57,33.23]},"properties":{"id":"ncei-1977-10128603","year":1977,"month":7,"state":"TX","stateName":"Texas","scale":-1,"scaleLabel":"Unknown","lengthMiles":0,"deaths":0,"injuries":0}},{"type":"Feature","geometry":{"type":"Point","coordinates":[-101.52,36.4]},"properties":{"id":"ncei-1977-10128605","year":1977,"month":8,"state":"TX","stateName":"Texas","scale":0,"scaleLabel":"F0","lengthMiles":0.5,"deaths":0,"injuries":0}},{"type":"Feature","geometry":{"type":"Point","coordinates":[-96.37,32.1]},"properties":{"id":"ncei-1977-10128611","year":1977,"month":8,"state":"TX","stateName":"Texas","scale":1,"scaleLabel":"F1","lengthMiles":0.2,"deaths":0,"injuries":0}},{"type":"Feature","geometry":{"type":"Point","coordinates":[-96.38,32.1]},"properties":{"id":"ncei-1977-10128612","year":1977,"month":8,"state":"TX","stateName":"Texas","scale":2,"scaleLabel":"F2","lengthMiles":0.2,"deaths":0,"injuries":0}},{"type":"Feature","geometry":{"type":"Point","coordinates":[-102.1,34.68]},"properties":{"id":"ncei-1977-10128613","year":1977,"month":8,"state":"TX","stateName":"Texas","scale":0,"scaleLabel":"F0","lengthMiles":0.3,"deaths":0,"injuries":0}},{"type":"Feature","geometry":{"type":"Point","coordinates":[-102.9,31.45]},"properties":{"id":"ncei-1977-10128615","year":1977,"month":8,"state":"TX","stateName":"Texas","scale":0,"scaleLabel":"F0","lengthMiles":0.3,"deaths":0,"injuries":0}},{"type":"Feature","geometry":{"type":"Point","coordinates":[-96.45,33.1]},"properties":{"id":"ncei-1977-10128622","year":1977,"month":9,"state":"TX","stateName":"Texas","scale":1,"scaleLabel":"F1","lengthMiles":0,"deaths":0,"injuries":0}},{"type":"Feature","geometry":{"type":"Point","coordinates":[-97.7,28.27]},"properties":{"id":"ncei-1977-10128624","year":1977,"month":9,"state":"TX","stateName":"Texas","scale":1,"scaleLabel":"F1","lengthMiles":0.1,"deaths":0,"injuries":0}},{"type":"Feature","geometry":{"type":"Point","coordinates":[-96.07,28.75]},"properties":{"id":"ncei-1977-10128628","year":1977,"month":9,"state":"TX","stateName":"Texas","scale":-1,"scaleLabel":"Unknown","lengthMiles":0,"deaths":0,"injuries":0}},{"type":"Feature","geometry":{"type":"Point","coordinates":[-100.1,31.22]},"properties":{"id":"ncei-1977-10128629","year":1977,"month":9,"state":"TX","stateName":"Texas","scale":1,"scaleLabel":"F1","lengthMiles":0,"deaths":0,"injuries":0}},{"type":"Feature","geometry":{"type":"Point","coordinates":[-95.22,30.02]},"properties":{"id":"ncei-1977-10128630","year":1977,"month":9,"state":"TX","stateName":"Texas","scale":0,"scaleLabel":"F0","lengthMiles":0.1,"deaths":0,"injuries":0}},{"type":"Feature","geometry":{"type":"Point","coordinates":[-96.7,30.77]},"properties":{"id":"ncei-1977-10128631","year":1977,"month":9,"state":"TX","stateName":"Texas","scale":0,"scaleLabel":"F0","lengthMiles":0.1,"deaths":0,"injuries":0}},{"type":"Feature","geometry":{"type":"Point","coordinates":[-96.62,33.02]},"properties":{"id":"ncei-1977-10128636","year":1977,"month":9,"state":"TX","stateName":"Texas","scale":2,"scaleLabel":"F2","lengthMiles":2.5,"deaths":0,"injuries":0}},{"type":"Feature","geometry":{"type":"Point","coordinates":[-98.77,33.87]},"properties":{"id":"ncei-1977-10128637","year":1977,"month":9,"state":"TX","stateName":"Texas","scale":0,"scaleLabel":"F0","lengthMiles":5.1,"deaths":0,"injuries":0}},{"type":"Feature","geometry":{"type":"Point","coordinates":[-97.22,32.27]},"properties":{"id":"ncei-1977-10128640","year":1977,"month":9,"state":"TX","stateName":"Texas","scale":1,"scaleLabel":"F1","lengthMiles":0,"deaths":0,"injuries":0}},{"type":"Feature","geometry":{"type":"Point","coordinates":[-97.62,31.77]},"properties":{"id":"ncei-1977-10128644","year":1977,"month":9,"state":"TX","stateName":"Texas","scale":1,"scaleLabel":"F1","lengthMiles":0,"deaths":0,"injuries":0}},{"type":"Feature","geometry":{"type":"Point","coordinates":[-97.92,31.13]},"properties":{"id":"ncei-1977-10128651","year":1977,"month":9,"state":"TX","stateName":"Texas","scale":2,"scaleLabel":"F2","lengthMiles":0,"deaths":0,"injuries":0}},{"type":"Feature","geometry":{"type":"Point","coordinates":[-102.2,31.82]},"properties":{"id":"ncei-1977-10129149","year":1977,"month":4,"state":"TX","stateName":"Texas","scale":1,"scaleLabel":"F1","lengthMiles":0,"deaths":0,"injuries":0}},{"type":"Feature","geometry":{"type":"Point","coordinates":[-101.05,34.82]},"properties":{"id":"ncei-1977-10129150","year":1977,"month":4,"state":"TX","stateName":"Texas","scale":0,"scaleLabel":"F0","lengthMiles":0,"deaths":0,"injuries":0}},{"type":"Feature","geometry":{"type":"Point","coordinates":[-102.98,32.97]},"properties":{"id":"ncei-1977-10129151","year":1977,"month":4,"state":"TX","stateName":"Texas","scale":1,"scaleLabel":"F1","lengthMiles":0,"deaths":0,"injuries":0}},{"type":"Feature","geometry":{"type":"Point","coordinates":[-102.85,33.07]},"properties":{"id":"ncei-1977-10129152","year":1977,"month":4,"state":"TX","stateName":"Texas","scale":1,"scaleLabel":"F1","lengthMiles":0,"deaths":0,"injuries":0}},{"type":"Feature","geometry":{"type":"Point","coordinates":[-100.53,34.72]},"properties":{"id":"ncei-1977-10129153","year":1977,"month":4,"state":"TX","stateName":"Texas","scale":1,"scaleLabel":"F1","lengthMiles":0.5,"deaths":0,"injuries":0}},{"type":"Feature","geometry":{"type":"Point","coordinates":[-102.55,32.93]},"properties":{"id":"ncei-1977-10129154","year":1977,"month":4,"state":"TX","stateName":"Texas","scale":0,"scaleLabel":"F0","lengthMiles":0,"deaths":0,"injuries":0}},{"type":"Feature","geometry":{"type":"Point","coordinates":[-101.93,34.4]},"properties":{"id":"ncei-1977-10129155","year":1977,"month":4,"state":"TX","stateName":"Texas","scale":0,"scaleLabel":"F0","lengthMiles":0,"deaths":0,"injuries":0}},{"type":"Feature","geometry":{"type":"Point","coordinates":[-98.83,33.85]},"properties":{"id":"ncei-1977-10129368","year":1977,"month":4,"state":"TX","stateName":"Texas","scale":0,"scaleLabel":"F0","lengthMiles":0,"deaths":0,"injuries":0}},{"type":"Feature","geometry":{"type":"Point","coordinates":[-96.92,32.65]},"properties":{"id":"ncei-1977-10129369","year":1977,"month":4,"state":"TX","stateName":"Texas","scale":2,"scaleLabel":"F2","lengthMiles":1.5,"deaths":0,"injuries":0}},{"type":"Feature","geometry":{"type":"Point","coordinates":[-99.3,32.4]},"properties":{"id":"ncei-1977-10129372","year":1977,"month":4,"state":"TX","stateName":"Texas","scale":2,"scaleLabel":"F2","lengthMiles":9.7,"deaths":0,"injuries":0}},{"type":"Feature","geometry":{"type":"Point","coordinates":[-99.57,31.63]},"properties":{"id":"ncei-1977-10129375","year":1977,"month":4,"state":"TX","stateName":"Texas","scale":-1,"scaleLabel":"Unknown","lengthMiles":0,"deaths":0,"injuries":0}},{"type":"Feature","geometry":{"type":"Point","coordinates":[-97.68,26.08]},"properties":{"id":"ncei-1977-10129382","year":1977,"month":4,"state":"TX","stateName":"Texas","scale":1,"scaleLabel":"F1","lengthMiles":0.1,"deaths":0,"injuries":0}},{"type":"Feature","geometry":{"type":"Point","coordinates":[-97.77,31.45]},"properties":{"id":"ncei-1977-10129389","year":1977,"month":5,"state":"TX","stateName":"Texas","scale":1,"scaleLabel":"F1","lengthMiles":0,"deaths":0,"injuries":0}},{"type":"Feature","geometry":{"type":"Point","coordinates":[-97.47,30.4]},"properties":{"id":"ncei-1977-10129390","year":1977,"month":5,"state":"TX","stateName":"Texas","scale":-1,"scaleLabel":"Unknown","lengthMiles":5.7,"deaths":0,"injuries":0}},{"type":"Feature","geometry":{"type":"Point","coordinates":[-97.42,30.33]},"properties":{"id":"ncei-1977-10129391","year":1977,"month":5,"state":"TX","stateName":"Texas","scale":-1,"scaleLabel":"Unknown","lengthMiles":12,"deaths":0,"injuries":0}},{"type":"Feature","geometry":{"type":"Point","coordinates":[-95.13,29.87]},"properties":{"id":"ncei-1977-10129396","year":1977,"month":5,"state":"TX","stateName":"Texas","scale":-1,"scaleLabel":"Unknown","lengthMiles":0,"deaths":0,"injuries":0}},{"type":"Feature","geometry":{"type":"Point","coordinates":[-101.48,33.72]},"properties":{"id":"ncei-1977-10129397","year":1977,"month":5,"state":"TX","stateName":"Texas","scale":1,"scaleLabel":"F1","lengthMiles":1,"deaths":0,"injuries":0}},{"type":"Feature","geometry":{"type":"Point","coordinates":[-102.9,33.85]},"properties":{"id":"ncei-1977-10129400","year":1977,"month":5,"state":"TX","stateName":"Texas","scale":1,"scaleLabel":"F1","lengthMiles":0.5,"deaths":0,"injuries":0}},{"type":"Feature","geometry":{"type":"Point","coordinates":[-99.75,34.3]},"properties":{"id":"ncei-1977-10129406","year":1977,"month":5,"state":"TX","stateName":"Texas","scale":1,"scaleLabel":"F1","lengthMiles":0,"deaths":0,"injuries":0}},{"type":"Feature","geometry":{"type":"Point","coordinates":[-99.77,34.28]},"properties":{"id":"ncei-1977-10129407","year":1977,"month":5,"state":"TX","stateName":"Texas","scale":1,"scaleLabel":"F1","lengthMiles":0,"deaths":0,"injuries":0}},{"type":"Feature","geometry":{"type":"Point","coordinates":[-101.72,32.43]},"properties":{"id":"ncei-1977-10129411","year":1977,"month":5,"state":"TX","stateName":"Texas","scale":0,"scaleLabel":"F0","lengthMiles":0.1,"deaths":0,"injuries":0}},{"type":"Feature","geometry":{"type":"Point","coordinates":[-100.85,33.62]},"properties":{"id":"ncei-1977-10129412","year":1977,"month":5,"state":"TX","stateName":"Texas","scale":0,"scaleLabel":"F0","lengthMiles":0.1,"deaths":0,"injuries":0}},{"type":"Feature","geometry":{"type":"Point","coordinates":[-100.48,33.15]},"properties":{"id":"ncei-1977-10129414","year":1977,"month":5,"state":"TX","stateName":"Texas","scale":0,"scaleLabel":"F0","lengthMiles":0.1,"deaths":0,"injuries":0}},{"type":"Feature","geometry":{"type":"Point","coordinates":[-98.78,33.9]},"properties":{"id":"ncei-1977-10129416","year":1977,"month":5,"state":"TX","stateName":"Texas","scale":1,"scaleLabel":"F1","lengthMiles":7.8,"deaths":0,"injuries":0}},{"type":"Feature","geometry":{"type":"Point","coordinates":[-98.83,33.85]},"properties":{"id":"ncei-1977-10129417","year":1977,"month":5,"state":"TX","stateName":"Texas","scale":1,"scaleLabel":"F1","lengthMiles":6.2,"deaths":0,"injuries":0}},{"type":"Feature","geometry":{"type":"Point","coordinates":[-94.62,32.6]},"properties":{"id":"ncei-1977-10129423","year":1977,"month":5,"state":"TX","stateName":"Texas","scale":1,"scaleLabel":"F1","lengthMiles":0,"deaths":0,"injuries":0}},{"type":"Feature","geometry":{"type":"Point","coordinates":[-97.95,32.35]},"properties":{"id":"ncei-1977-10129429","year":1977,"month":5,"state":"TX","stateName":"Texas","scale":1,"scaleLabel":"F1","lengthMiles":0,"deaths":0,"injuries":0}},{"type":"Feature","geometry":{"type":"Point","coordinates":[-95.25,32.2]},"properties":{"id":"ncei-1977-10129502","year":1977,"month":9,"state":"TX","stateName":"Texas","scale":0,"scaleLabel":"F0","lengthMiles":0,"deaths":0,"injuries":0}},{"type":"Feature","geometry":{"type":"Point","coordinates":[-94.25,33.47]},"properties":{"id":"ncei-1977-10129509","year":1977,"month":11,"state":"TX","stateName":"Texas","scale":3,"scaleLabel":"F3","lengthMiles":5.9,"deaths":0,"injuries":0}},{"type":"Feature","geometry":{"type":"Point","coordinates":[-98.38,29.58]},"properties":{"id":"ncei-1977-10129724","year":1977,"month":11,"state":"TX","stateName":"Texas","scale":1,"scaleLabel":"F1","lengthMiles":0.1,"deaths":0,"injuries":0}},{"type":"Feature","geometry":{"type":"Point","coordinates":[-96.32,29.18]},"properties":{"id":"ncei-1977-10129725","year":1977,"month":11,"state":"TX","stateName":"Texas","scale":1,"scaleLabel":"F1","lengthMiles":20.5,"deaths":0,"injuries":0}},{"type":"Feature","geometry":{"type":"Point","coordinates":[-95.88,30.13]},"properties":{"id":"ncei-1977-10129726","year":1977,"month":11,"state":"TX","stateName":"Texas","scale":1,"scaleLabel":"F1","lengthMiles":5.1,"deaths":0,"injuries":0}},{"type":"Feature","geometry":{"type":"Point","coordinates":[-95.95,30.07]},"properties":{"id":"ncei-1977-10129727","year":1977,"month":11,"state":"TX","stateName":"Texas","scale":1,"scaleLabel":"F1","lengthMiles":0,"deaths":0,"injuries":0}},{"type":"Feature","geometry":{"type":"Point","coordinates":[-95.85,29.85]},"properties":{"id":"ncei-1977-10129728","year":1977,"month":11,"state":"TX","stateName":"Texas","scale":0,"scaleLabel":"F0","lengthMiles":0,"deaths":0,"injuries":0}},{"type":"Feature","geometry":{"type":"Point","coordinates":[-96.07,29.53]},"properties":{"id":"ncei-1977-10129732","year":1977,"month":12,"state":"TX","stateName":"Texas","scale":1,"scaleLabel":"F1","lengthMiles":0.5,"deaths":0,"injuries":1}},{"type":"Feature","geometry":{"type":"Point","coordinates":[-95.28,29.78]},"properties":{"id":"ncei-1977-10129733","year":1977,"month":12,"state":"TX","stateName":"Texas","scale":3,"scaleLabel":"F3","lengthMiles":19.7,"deaths":1,"injuries":35}},{"type":"Feature","geometry":{"type":"Point","coordinates":[-95.05,29.98]},"properties":{"id":"ncei-1977-10129734","year":1977,"month":12,"state":"TX","stateName":"Texas","scale":3,"scaleLabel":"F3","lengthMiles":5.4,"deaths":0,"injuries":5}},{"type":"Feature","geometry":{"type":"Point","coordinates":[-95.33,29.75]},"properties":{"id":"ncei-1977-10129735","year":1977,"month":12,"state":"TX","stateName":"Texas","scale":0,"scaleLabel":"F0","lengthMiles":0,"deaths":0,"injuries":0}},{"type":"Feature","geometry":{"type":"Point","coordinates":[-94.93,32.4]},"properties":{"id":"ncei-1977-10129740","year":1977,"month":12,"state":"TX","stateName":"Texas","scale":1,"scaleLabel":"F1","lengthMiles":0,"deaths":0,"injuries":0}},{"type":"Feature","geometry":{"type":"Point","coordinates":[-98.92,29.58]},"properties":{"id":"ncei-1977-10130288","year":1977,"month":5,"state":"TX","stateName":"Texas","scale":1,"scaleLabel":"F1","lengthMiles":0,"deaths":0,"injuries":0}},{"type":"Feature","geometry":{"type":"Point","coordinates":[-102.68,36.12]},"properties":{"id":"ncei-1977-10130289","year":1977,"month":5,"state":"TX","stateName":"Texas","scale":1,"scaleLabel":"F1","lengthMiles":1,"deaths":0,"injuries":0}},{"type":"Feature","geometry":{"type":"Point","coordinates":[-101.18,35.43]},"properties":{"id":"ncei-1977-10130501","year":1977,"month":5,"state":"TX","stateName":"Texas","scale":1,"scaleLabel":"F1","lengthMiles":1,"deaths":0,"injuries":0}},{"type":"Feature","geometry":{"type":"Point","coordinates":[-100.4,34.85]},"properties":{"id":"ncei-1977-10130511","year":1977,"month":5,"state":"TX","stateName":"Texas","scale":3,"scaleLabel":"F3","lengthMiles":16.7,"deaths":0,"injuries":0}},{"type":"Feature","geometry":{"type":"Point","coordinates":[-100.28,35.17]},"properties":{"id":"ncei-1977-10130512","year":1977,"month":5,"state":"TX","stateName":"Texas","scale":3,"scaleLabel":"F3","lengthMiles":3.6,"deaths":0,"injuries":0}},{"type":"Feature","geometry":{"type":"Point","coordinates":[-100.25,35.2]},"properties":{"id":"ncei-1977-10130513","year":1977,"month":5,"state":"TX","stateName":"Texas","scale":3,"scaleLabel":"F3","lengthMiles":8.5,"deaths":0,"injuries":0}},{"type":"Feature","geometry":{"type":"Point","coordinates":[-101.7,34.2]},"properties":{"id":"ncei-1977-10130518","year":1977,"month":5,"state":"TX","stateName":"Texas","scale":2,"scaleLabel":"F2","lengthMiles":0.5,"deaths":0,"injuries":0}},{"type":"Feature","geometry":{"type":"Point","coordinates":[-101.58,35.05]},"properties":{"id":"ncei-1977-10130519","year":1977,"month":5,"state":"TX","stateName":"Texas","scale":0,"scaleLabel":"F0","lengthMiles":0.2,"deaths":0,"injuries":0}},{"type":"Feature","geometry":{"type":"Point","coordinates":[-101.42,35.67]},"properties":{"id":"ncei-1977-10130520","year":1977,"month":5,"state":"TX","stateName":"Texas","scale":1,"scaleLabel":"F1","lengthMiles":1,"deaths":0,"injuries":0}},{"type":"Feature","geometry":{"type":"Point","coordinates":[-101.25,35.12]},"properties":{"id":"ncei-1977-10130522","year":1977,"month":5,"state":"TX","stateName":"Texas","scale":1,"scaleLabel":"F1","lengthMiles":6.4,"deaths":0,"injuries":0}},{"type":"Feature","geometry":{"type":"Point","coordinates":[-101.23,35.2]},"properties":{"id":"ncei-1977-10130524","year":1977,"month":5,"state":"TX","stateName":"Texas","scale":1,"scaleLabel":"F1","lengthMiles":1,"deaths":0,"injuries":0}},{"type":"Feature","geometry":{"type":"Point","coordinates":[-101.63,34.13]},"properties":{"id":"ncei-1977-10130527","year":1977,"month":5,"state":"TX","stateName":"Texas","scale":1,"scaleLabel":"F1","lengthMiles":1,"deaths":0,"injuries":0}},{"type":"Feature","geometry":{"type":"Point","coordinates":[-101.33,35.08]},"properties":{"id":"ncei-1977-10130528","year":1977,"month":5,"state":"TX","stateName":"Texas","scale":1,"scaleLabel":"F1","lengthMiles":1,"deaths":0,"injuries":0}},{"type":"Feature","geometry":{"type":"Point","coordinates":[-101.07,35.48]},"properties":{"id":"ncei-1977-10130530","year":1977,"month":5,"state":"TX","stateName":"Texas","scale":0,"scaleLabel":"F0","lengthMiles":0.5,"deaths":0,"injuries":0}},{"type":"Feature","geometry":{"type":"Point","coordinates":[-101.25,33.57]},"properties":{"id":"ncei-1977-10130532","year":1977,"month":5,"state":"TX","stateName":"Texas","scale":0,"scaleLabel":"F0","lengthMiles":1,"deaths":0,"injuries":0}},{"type":"Feature","geometry":{"type":"Point","coordinates":[-101.25,33.57]},"properties":{"id":"ncei-1977-10130533","year":1977,"month":5,"state":"TX","stateName":"Texas","scale":0,"scaleLabel":"F0","lengthMiles":1,"deaths":0,"injuries":0}},{"type":"Feature","geometry":{"type":"Point","coordinates":[-101.25,33.57]},"properties":{"id":"ncei-1977-10130534","year":1977,"month":5,"state":"TX","stateName":"Texas","scale":0,"scaleLabel":"F0","lengthMiles":1,"deaths":0,"injuries":0}},{"type":"Feature","geometry":{"type":"Point","coordinates":[-101.22,33.6]},"properties":{"id":"ncei-1977-10130535","year":1977,"month":5,"state":"TX","stateName":"Texas","scale":0,"scaleLabel":"F0","lengthMiles":0.5,"deaths":0,"injuries":0}},{"type":"Feature","geometry":{"type":"Point","coordinates":[-101.03,33.62]},"properties":{"id":"ncei-1977-10130538","year":1977,"month":5,"state":"TX","stateName":"Texas","scale":1,"scaleLabel":"F1","lengthMiles":2,"deaths":0,"injuries":0}},{"type":"Feature","geometry":{"type":"Point","coordinates":[-100.85,33.57]},"properties":{"id":"ncei-1977-10130540","year":1977,"month":5,"state":"TX","stateName":"Texas","scale":1,"scaleLabel":"F1","lengthMiles":0.5,"deaths":0,"injuries":0}},{"type":"Feature","geometry":{"type":"Point","coordinates":[-102.58,33.18]},"properties":{"id":"ncei-1977-10130546","year":1977,"month":5,"state":"TX","stateName":"Texas","scale":1,"scaleLabel":"F1","lengthMiles":2,"deaths":0,"injuries":0}},{"type":"Feature","geometry":{"type":"Point","coordinates":[-102.32,33.58]},"properties":{"id":"ncei-1977-10130548","year":1977,"month":5,"state":"TX","stateName":"Texas","scale":1,"scaleLabel":"F1","lengthMiles":1.5,"deaths":0,"injuries":0}},{"type":"Feature","geometry":{"type":"Point","coordinates":[-102,34]},"properties":{"id":"ncei-1977-10130549","year":1977,"month":5,"state":"TX","stateName":"Texas","scale":1,"scaleLabel":"F1","lengthMiles":1,"deaths":0,"injuries":0}},{"type":"Feature","geometry":{"type":"Point","coordinates":[-101.3,34.47]},"properties":{"id":"ncei-1977-10130551","year":1977,"month":5,"state":"TX","stateName":"Texas","scale":1,"scaleLabel":"F1","lengthMiles":2,"deaths":0,"injuries":0}},{"type":"Feature","geometry":{"type":"Point","coordinates":[-101.58,32.17]},"properties":{"id":"ncei-1977-10130552","year":1977,"month":5,"state":"TX","stateName":"Texas","scale":1,"scaleLabel":"F1","lengthMiles":0.5,"deaths":0,"injuries":0}},{"type":"Feature","geometry":{"type":"Point","coordinates":[-100.73,35.07]},"properties":{"id":"ncei-1977-10130553","year":1977,"month":5,"state":"TX","stateName":"Texas","scale":1,"scaleLabel":"F1","lengthMiles":2,"deaths":0,"injuries":0}},{"type":"Feature","geometry":{"type":"Point","coordinates":[-100.25,35.22]},"properties":{"id":"ncei-1977-10130554","year":1977,"month":5,"state":"TX","stateName":"Texas","scale":0,"scaleLabel":"F0","lengthMiles":1,"deaths":0,"injuries":0}},{"type":"Feature","geometry":{"type":"Point","coordinates":[-99.28,34.3]},"properties":{"id":"ncei-1977-10130555","year":1977,"month":5,"state":"TX","stateName":"Texas","scale":2,"scaleLabel":"F2","lengthMiles":7.3,"deaths":0,"injuries":0}},{"type":"Feature","geometry":{"type":"Point","coordinates":[-98.67,33.87]},"properties":{"id":"ncei-1977-10130558","year":1977,"month":5,"state":"TX","stateName":"Texas","scale":1,"scaleLabel":"F1","lengthMiles":0,"deaths":0,"injuries":0}},{"type":"Feature","geometry":{"type":"Point","coordinates":[-100.07,32.45]},"properties":{"id":"ncei-1977-10130559","year":1977,"month":5,"state":"TX","stateName":"Texas","scale":1,"scaleLabel":"F1","lengthMiles":0,"deaths":0,"injuries":0}},{"type":"Feature","geometry":{"type":"Point","coordinates":[-99.47,27.38]},"properties":{"id":"ncei-1977-10131414","year":1977,"month":5,"state":"TX","stateName":"Texas","scale":-1,"scaleLabel":"Unknown","lengthMiles":0,"deaths":0,"injuries":0}},{"type":"Feature","geometry":{"type":"Point","coordinates":[-100.13,36.25]},"properties":{"id":"ncei-1977-10131416","year":1977,"month":5,"state":"TX","stateName":"Texas","scale":1,"scaleLabel":"F1","lengthMiles":2,"deaths":0,"injuries":0}},{"type":"Feature","geometry":{"type":"Point","coordinates":[-99.05,27.7]},"properties":{"id":"ncei-1977-10131417","year":1977,"month":5,"state":"TX","stateName":"Texas","scale":-1,"scaleLabel":"Unknown","lengthMiles":0,"deaths":0,"injuries":0}},{"type":"Feature","geometry":{"type":"Point","coordinates":[-101.52,36.48]},"properties":{"id":"ncei-1977-10131641","year":1977,"month":5,"state":"TX","stateName":"Texas","scale":0,"scaleLabel":"F0","lengthMiles":1,"deaths":0,"injuries":0}},{"type":"Feature","geometry":{"type":"Point","coordinates":[-102.25,33.85]},"properties":{"id":"ncei-1977-10131645","year":1977,"month":5,"state":"TX","stateName":"Texas","scale":0,"scaleLabel":"F0","lengthMiles":1,"deaths":0,"injuries":0}},{"type":"Feature","geometry":{"type":"Point","coordinates":[-102.2,31.78]},"properties":{"id":"ncei-1977-10131652","year":1977,"month":5,"state":"TX","stateName":"Texas","scale":0,"scaleLabel":"F0","lengthMiles":0.5,"deaths":0,"injuries":0}},{"type":"Feature","geometry":{"type":"Point","coordinates":[-100.23,31.63]},"properties":{"id":"ncei-1977-10131657","year":1977,"month":5,"state":"TX","stateName":"Texas","scale":1,"scaleLabel":"F1","lengthMiles":2,"deaths":0,"injuries":0}},{"type":"Feature","geometry":{"type":"Point","coordinates":[-97.2,32.32]},"properties":{"id":"ncei-1977-10131665","year":1977,"month":6,"state":"TX","stateName":"Texas","scale":0,"scaleLabel":"F0","lengthMiles":0,"deaths":0,"injuries":0}},{"type":"Feature","geometry":{"type":"Point","coordinates":[-95.63,33.17]},"properties":{"id":"ncei-1977-10131667","year":1977,"month":6,"state":"TX","stateName":"Texas","scale":1,"scaleLabel":"F1","lengthMiles":0,"deaths":0,"injuries":0}},{"type":"Feature","geometry":{"type":"Point","coordinates":[-102,36.05]},"properties":{"id":"ncei-1977-10131682","year":1977,"month":6,"state":"TX","stateName":"Texas","scale":0,"scaleLabel":"F0","lengthMiles":0.5,"deaths":0,"injuries":0}},{"type":"Feature","geometry":{"type":"Point","coordinates":[-103,31.17]},"properties":{"id":"ncei-1977-10131693","year":1977,"month":6,"state":"TX","stateName":"Texas","scale":2,"scaleLabel":"F2","lengthMiles":0.5,"deaths":0,"injuries":0}},{"type":"Feature","geometry":{"type":"Point","coordinates":[-77.52,38.07]},"properties":{"id":"ncei-1977-10137765","year":1977,"month":7,"state":"VA","stateName":"Virginia","scale":-1,"scaleLabel":"Unknown","lengthMiles":0.2,"deaths":0,"injuries":1}},{"type":"Feature","geometry":{"type":"Point","coordinates":[-78,37.72]},"properties":{"id":"ncei-1977-10137769","year":1977,"month":7,"state":"VA","stateName":"Virginia","scale":-1,"scaleLabel":"Unknown","lengthMiles":5.9,"deaths":0,"injuries":0}},{"type":"Feature","geometry":{"type":"Point","coordinates":[-88.22,43.07]},"properties":{"id":"ncei-1977-10146034","year":1977,"month":4,"state":"WI","stateName":"Wisconsin","scale":2,"scaleLabel":"F2","lengthMiles":8,"deaths":0,"injuries":2}},{"type":"Feature","geometry":{"type":"Point","coordinates":[-88.05,43.07]},"properties":{"id":"ncei-1977-10146035","year":1977,"month":4,"state":"WI","stateName":"Wisconsin","scale":2,"scaleLabel":"F2","lengthMiles":1.3,"deaths":0,"injuries":0}},{"type":"Feature","geometry":{"type":"Point","coordinates":[-88.7,43.37]},"properties":{"id":"ncei-1977-10146048","year":1977,"month":5,"state":"WI","stateName":"Wisconsin","scale":1,"scaleLabel":"F1","lengthMiles":2,"deaths":0,"injuries":0}},{"type":"Feature","geometry":{"type":"Point","coordinates":[-89.45,43.65]},"properties":{"id":"ncei-1977-10146050","year":1977,"month":5,"state":"WI","stateName":"Wisconsin","scale":1,"scaleLabel":"F1","lengthMiles":0.1,"deaths":0,"injuries":0}},{"type":"Feature","geometry":{"type":"Point","coordinates":[-79.55,39.48]},"properties":{"id":"ncei-1977-10146598","year":1977,"month":6,"state":"WV","stateName":"West Virginia","scale":2,"scaleLabel":"F2","lengthMiles":6.6,"deaths":0,"injuries":5}},{"type":"Feature","geometry":{"type":"Point","coordinates":[-80.58,40.18]},"properties":{"id":"ncei-1977-10146603","year":1977,"month":7,"state":"WV","stateName":"West Virginia","scale":-1,"scaleLabel":"Unknown","lengthMiles":0.5,"deaths":0,"injuries":4}},{"type":"Feature","geometry":{"type":"Point","coordinates":[-88.93,43.33]},"properties":{"id":"ncei-1977-10146897","year":1977,"month":6,"state":"WI","stateName":"Wisconsin","scale":1,"scaleLabel":"F1","lengthMiles":8.2,"deaths":0,"injuries":0}},{"type":"Feature","geometry":{"type":"Point","coordinates":[-88.73,43.82]},"properties":{"id":"ncei-1977-10146900","year":1977,"month":6,"state":"WI","stateName":"Wisconsin","scale":3,"scaleLabel":"F3","lengthMiles":11.2,"deaths":0,"injuries":2}},{"type":"Feature","geometry":{"type":"Point","coordinates":[-88.7,43.65]},"properties":{"id":"ncei-1977-10146902","year":1977,"month":6,"state":"WI","stateName":"Wisconsin","scale":3,"scaleLabel":"F3","lengthMiles":25.4,"deaths":0,"injuries":6}},{"type":"Feature","geometry":{"type":"Point","coordinates":[-88.43,43.33]},"properties":{"id":"ncei-1977-10146903","year":1977,"month":6,"state":"WI","stateName":"Wisconsin","scale":3,"scaleLabel":"F3","lengthMiles":11.1,"deaths":0,"injuries":0}},{"type":"Feature","geometry":{"type":"Point","coordinates":[-88.3,43.2]},"properties":{"id":"ncei-1977-10146904","year":1977,"month":6,"state":"WI","stateName":"Wisconsin","scale":3,"scaleLabel":"F3","lengthMiles":21.8,"deaths":0,"injuries":0}},{"type":"Feature","geometry":{"type":"Point","coordinates":[-92.22,45.17]},"properties":{"id":"ncei-1977-10148022","year":1977,"month":7,"state":"WI","stateName":"Wisconsin","scale":3,"scaleLabel":"F3","lengthMiles":2.7,"deaths":0,"injuries":0}},{"type":"Feature","geometry":{"type":"Point","coordinates":[-92.18,45.22]},"properties":{"id":"ncei-1977-10148023","year":1977,"month":7,"state":"WI","stateName":"Wisconsin","scale":3,"scaleLabel":"F3","lengthMiles":0,"deaths":0,"injuries":0}},{"type":"Feature","geometry":{"type":"Point","coordinates":[-92.15,45.23]},"properties":{"id":"ncei-1977-10148024","year":1977,"month":7,"state":"WI","stateName":"Wisconsin","scale":3,"scaleLabel":"F3","lengthMiles":6.4,"deaths":0,"injuries":0}},{"type":"Feature","geometry":{"type":"Point","coordinates":[-91.53,45.1]},"properties":{"id":"ncei-1977-10148026","year":1977,"month":7,"state":"WI","stateName":"Wisconsin","scale":4,"scaleLabel":"F4","lengthMiles":19,"deaths":0,"injuries":20}},{"type":"Feature","geometry":{"type":"Point","coordinates":[-91.75,45.37]},"properties":{"id":"ncei-1977-10148027","year":1977,"month":7,"state":"WI","stateName":"Wisconsin","scale":1,"scaleLabel":"F1","lengthMiles":6.6,"deaths":0,"injuries":0}},{"type":"Feature","geometry":{"type":"Point","coordinates":[-91.22,45.18]},"properties":{"id":"ncei-1977-10148028","year":1977,"month":7,"state":"WI","stateName":"Wisconsin","scale":2,"scaleLabel":"F2","lengthMiles":16.5,"deaths":1,"injuries":8}},{"type":"Feature","geometry":{"type":"Point","coordinates":[-90.92,45.3]},"properties":{"id":"ncei-1977-10148029","year":1977,"month":7,"state":"WI","stateName":"Wisconsin","scale":2,"scaleLabel":"F2","lengthMiles":6.5,"deaths":0,"injuries":0}},{"type":"Feature","geometry":{"type":"Point","coordinates":[-90.92,45.38]},"properties":{"id":"ncei-1977-10148030","year":1977,"month":7,"state":"WI","stateName":"Wisconsin","scale":2,"scaleLabel":"F2","lengthMiles":11.5,"deaths":0,"injuries":0}},{"type":"Feature","geometry":{"type":"Point","coordinates":[-88.1,44.23]},"properties":{"id":"ncei-1977-10148249","year":1977,"month":7,"state":"WI","stateName":"Wisconsin","scale":1,"scaleLabel":"F1","lengthMiles":11.8,"deaths":0,"injuries":0}},{"type":"Feature","geometry":{"type":"Point","coordinates":[-87.98,43.03]},"properties":{"id":"ncei-1977-10148258","year":1977,"month":8,"state":"WI","stateName":"Wisconsin","scale":-1,"scaleLabel":"Unknown","lengthMiles":0,"deaths":0,"injuries":0}},{"type":"Feature","geometry":{"type":"Point","coordinates":[-91.42,44.85]},"properties":{"id":"ncei-1977-10148260","year":1977,"month":8,"state":"WI","stateName":"Wisconsin","scale":-1,"scaleLabel":"Unknown","lengthMiles":0,"deaths":0,"injuries":1}},{"type":"Feature","geometry":{"type":"Point","coordinates":[-88.7,43.4]},"properties":{"id":"ncei-1977-10148264","year":1977,"month":8,"state":"WI","stateName":"Wisconsin","scale":-1,"scaleLabel":"Unknown","lengthMiles":0,"deaths":0,"injuries":0}},{"type":"Feature","geometry":{"type":"Point","coordinates":[-90.1,44.78]},"properties":{"id":"ncei-1977-10148271","year":1977,"month":8,"state":"WI","stateName":"Wisconsin","scale":-1,"scaleLabel":"Unknown","lengthMiles":31.8,"deaths":0,"injuries":10}},{"type":"Feature","geometry":{"type":"Point","coordinates":[-91.92,46.53]},"properties":{"id":"ncei-1977-10148277","year":1977,"month":9,"state":"WI","stateName":"Wisconsin","scale":-1,"scaleLabel":"Unknown","lengthMiles":0,"deaths":0,"injuries":0}},{"type":"Feature","geometry":{"type":"Point","coordinates":[-75.75,37.72]},"properties":{"id":"ncei-1977-10151506","year":1977,"month":4,"state":"VA","stateName":"Virginia","scale":1,"scaleLabel":"F1","lengthMiles":2,"deaths":0,"injuries":0}},{"type":"Feature","geometry":{"type":"Point","coordinates":[-76.27,36.87]},"properties":{"id":"ncei-1977-10151517","year":1977,"month":6,"state":"VA","stateName":"Virginia","scale":-1,"scaleLabel":"Unknown","lengthMiles":0.3,"deaths":0,"injuries":0}},{"type":"Feature","geometry":{"type":"Point","coordinates":[-79.35,37.07]},"properties":{"id":"ncei-1977-10151525","year":1977,"month":6,"state":"VA","stateName":"Virginia","scale":2,"scaleLabel":"F2","lengthMiles":3.6,"deaths":0,"injuries":0}},{"type":"Feature","geometry":{"type":"Point","coordinates":[-78.25,37.32]},"properties":{"id":"ncei-1977-10152114","year":1977,"month":7,"state":"VA","stateName":"Virginia","scale":-1,"scaleLabel":"Unknown","lengthMiles":1,"deaths":0,"injuries":0}},{"type":"Feature","geometry":{"type":"Point","coordinates":[-78.12,38.23]},"properties":{"id":"ncei-1977-10152116","year":1977,"month":7,"state":"VA","stateName":"Virginia","scale":-1,"scaleLabel":"Unknown","lengthMiles":0.2,"deaths":0,"injuries":1}},{"type":"Feature","geometry":{"type":"Point","coordinates":[-78.07,37.92]},"properties":{"id":"ncei-1977-10152118","year":1977,"month":8,"state":"VA","stateName":"Virginia","scale":-1,"scaleLabel":"Unknown","lengthMiles":0.5,"deaths":0,"injuries":0}},{"type":"Feature","geometry":{"type":"Point","coordinates":[-77.28,38.18]},"properties":{"id":"ncei-1977-10152126","year":1977,"month":8,"state":"VA","stateName":"Virginia","scale":-1,"scaleLabel":"Unknown","lengthMiles":0.1,"deaths":0,"injuries":1}},{"type":"Feature","geometry":{"type":"Point","coordinates":[-80.53,36.73]},"properties":{"id":"ncei-1977-10152135","year":1977,"month":8,"state":"VA","stateName":"Virginia","scale":2,"scaleLabel":"F2","lengthMiles":1,"deaths":0,"injuries":0}},{"type":"Feature","geometry":{"type":"Point","coordinates":[-76.13,36.83]},"properties":{"id":"ncei-1977-10152141","year":1977,"month":10,"state":"VA","stateName":"Virginia","scale":-1,"scaleLabel":"Unknown","lengthMiles":0.3,"deaths":0,"injuries":0}},{"type":"Feature","geometry":{"type":"Point","coordinates":[-77.73,37]},"properties":{"id":"ncei-1977-10152143","year":1977,"month":12,"state":"VA","stateName":"Virginia","scale":-1,"scaleLabel":"Unknown","lengthMiles":0.7,"deaths":0,"injuries":0}},{"type":"Feature","geometry":{"type":"Point","coordinates":[-106.73,44.22]},"properties":{"id":"ncei-1977-10162935","year":1977,"month":5,"state":"WY","stateName":"Wyoming","scale":1,"scaleLabel":"F1","lengthMiles":4.5,"deaths":0,"injuries":0}},{"type":"Feature","geometry":{"type":"Point","coordinates":[-104.3,42.82]},"properties":{"id":"ncei-1977-10162936","year":1977,"month":5,"state":"WY","stateName":"Wyoming","scale":1,"scaleLabel":"F1","lengthMiles":0,"deaths":0,"injuries":0}},{"type":"Feature","geometry":{"type":"Point","coordinates":[-105.88,41.72]},"properties":{"id":"ncei-1977-10162939","year":1977,"month":6,"state":"WY","stateName":"Wyoming","scale":1,"scaleLabel":"F1","lengthMiles":0,"deaths":0,"injuries":0}},{"type":"Feature","geometry":{"type":"Point","coordinates":[-104.3,41.17]},"properties":{"id":"ncei-1977-10162953","year":1977,"month":6,"state":"WY","stateName":"Wyoming","scale":1,"scaleLabel":"F1","lengthMiles":0,"deaths":0,"injuries":1}},{"type":"Feature","geometry":{"type":"Point","coordinates":[-109.88,43.48]},"properties":{"id":"ncei-1977-10162955","year":1977,"month":6,"state":"WY","stateName":"Wyoming","scale":1,"scaleLabel":"F1","lengthMiles":2,"deaths":0,"injuries":0}},{"type":"Feature","geometry":{"type":"Point","coordinates":[-106.98,43.52]},"properties":{"id":"ncei-1977-10162958","year":1977,"month":6,"state":"WY","stateName":"Wyoming","scale":1,"scaleLabel":"F1","lengthMiles":0,"deaths":0,"injuries":0}},{"type":"Feature","geometry":{"type":"Point","coordinates":[-105.17,42.05]},"properties":{"id":"ncei-1977-10162959","year":1977,"month":6,"state":"WY","stateName":"Wyoming","scale":1,"scaleLabel":"F1","lengthMiles":0,"deaths":0,"injuries":0}},{"type":"Feature","geometry":{"type":"Point","coordinates":[-105.15,41.93]},"properties":{"id":"ncei-1977-10162960","year":1977,"month":6,"state":"WY","stateName":"Wyoming","scale":1,"scaleLabel":"F1","lengthMiles":0,"deaths":0,"injuries":0}},{"type":"Feature","geometry":{"type":"Point","coordinates":[-105.78,42.92]},"properties":{"id":"ncei-1977-10162962","year":1977,"month":6,"state":"WY","stateName":"Wyoming","scale":1,"scaleLabel":"F1","lengthMiles":0,"deaths":0,"injuries":0}},{"type":"Feature","geometry":{"type":"Point","coordinates":[-104.52,42.07]},"properties":{"id":"ncei-1977-10162963","year":1977,"month":6,"state":"WY","stateName":"Wyoming","scale":1,"scaleLabel":"F1","lengthMiles":0,"deaths":0,"injuries":0}},{"type":"Feature","geometry":{"type":"Point","coordinates":[-104.63,41.17]},"properties":{"id":"ncei-1977-10162964","year":1977,"month":6,"state":"WY","stateName":"Wyoming","scale":1,"scaleLabel":"F1","lengthMiles":0,"deaths":0,"injuries":0}},{"type":"Feature","geometry":{"type":"Point","coordinates":[-105.65,44.4]},"properties":{"id":"ncei-1977-10162965","year":1977,"month":6,"state":"WY","stateName":"Wyoming","scale":1,"scaleLabel":"F1","lengthMiles":0,"deaths":0,"injuries":0}},{"type":"Feature","geometry":{"type":"Point","coordinates":[-104.45,43]},"properties":{"id":"ncei-1977-10162978","year":1977,"month":9,"state":"WY","stateName":"Wyoming","scale":0,"scaleLabel":"F0","lengthMiles":0,"deaths":0,"injuries":0}},{"type":"Feature","geometry":{"type":"Point","coordinates":[-87.88,32.83]},"properties":{"id":"ncei-1977-9976443","year":1977,"month":2,"state":"AL","stateName":"Alabama","scale":2,"scaleLabel":"F2","lengthMiles":0.2,"deaths":0,"injuries":1}},{"type":"Feature","geometry":{"type":"Point","coordinates":[-86.52,32.58]},"properties":{"id":"ncei-1977-9976458","year":1977,"month":3,"state":"AL","stateName":"Alabama","scale":2,"scaleLabel":"F2","lengthMiles":10,"deaths":0,"injuries":0}},{"type":"Feature","geometry":{"type":"Point","coordinates":[-86.35,32.62]},"properties":{"id":"ncei-1977-9976459","year":1977,"month":3,"state":"AL","stateName":"Alabama","scale":2,"scaleLabel":"F2","lengthMiles":10.5,"deaths":0,"injuries":2}},{"type":"Feature","geometry":{"type":"Point","coordinates":[-86.07,34.33]},"properties":{"id":"ncei-1977-9976461","year":1977,"month":3,"state":"AL","stateName":"Alabama","scale":3,"scaleLabel":"F3","lengthMiles":9.2,"deaths":0,"injuries":2}},{"type":"Feature","geometry":{"type":"Point","coordinates":[-85.68,34.45]},"properties":{"id":"ncei-1977-9976462","year":1977,"month":3,"state":"AL","stateName":"Alabama","scale":2,"scaleLabel":"F2","lengthMiles":2.5,"deaths":0,"injuries":1}},{"type":"Feature","geometry":{"type":"Point","coordinates":[-86.77,34.07]},"properties":{"id":"ncei-1977-9976465","year":1977,"month":4,"state":"AL","stateName":"Alabama","scale":2,"scaleLabel":"F2","lengthMiles":5.9,"deaths":0,"injuries":3}},{"type":"Feature","geometry":{"type":"Point","coordinates":[-85.98,34.55]},"properties":{"id":"ncei-1977-9976467","year":1977,"month":4,"state":"AL","stateName":"Alabama","scale":2,"scaleLabel":"F2","lengthMiles":6.9,"deaths":0,"injuries":1}},{"type":"Feature","geometry":{"type":"Point","coordinates":[-86.15,33.73]},"properties":{"id":"ncei-1977-9976468","year":1977,"month":4,"state":"AL","stateName":"Alabama","scale":2,"scaleLabel":"F2","lengthMiles":0.5,"deaths":0,"injuries":0}},{"type":"Feature","geometry":{"type":"Point","coordinates":[-86.47,33.77]},"properties":{"id":"ncei-1977-9976470","year":1977,"month":4,"state":"AL","stateName":"Alabama","scale":2,"scaleLabel":"F2","lengthMiles":3.3,"deaths":0,"injuries":0}},{"type":"Feature","geometry":{"type":"Point","coordinates":[-86.02,33.88]},"properties":{"id":"ncei-1977-9976471","year":1977,"month":4,"state":"AL","stateName":"Alabama","scale":2,"scaleLabel":"F2","lengthMiles":4.7,"deaths":0,"injuries":4}},{"type":"Feature","geometry":{"type":"Point","coordinates":[-86.25,33.83]},"properties":{"id":"ncei-1977-9976472","year":1977,"month":4,"state":"AL","stateName":"Alabama","scale":3,"scaleLabel":"F3","lengthMiles":7.3,"deaths":1,"injuries":0}},{"type":"Feature","geometry":{"type":"Point","coordinates":[-86.93,33.52]},"properties":{"id":"ncei-1977-9976475","year":1977,"month":4,"state":"AL","stateName":"Alabama","scale":5,"scaleLabel":"F5","lengthMiles":14.7,"deaths":22,"injuries":130}},{"type":"Feature","geometry":{"type":"Point","coordinates":[-85.88,31.03]},"properties":{"id":"ncei-1977-9976489","year":1977,"month":5,"state":"AL","stateName":"Alabama","scale":1,"scaleLabel":"F1","lengthMiles":0.1,"deaths":0,"injuries":0}},{"type":"Feature","geometry":{"type":"Point","coordinates":[-88.07,30.82]},"properties":{"id":"ncei-1977-9977567","year":1977,"month":6,"state":"AL","stateName":"Alabama","scale":2,"scaleLabel":"F2","lengthMiles":0,"deaths":0,"injuries":0}},{"type":"Feature","geometry":{"type":"Point","coordinates":[-85.93,34.08]},"properties":{"id":"ncei-1977-9977574","year":1977,"month":6,"state":"AL","stateName":"Alabama","scale":2,"scaleLabel":"F2","lengthMiles":1.2,"deaths":0,"injuries":0}},{"type":"Feature","geometry":{"type":"Point","coordinates":[-86.82,33.82]},"properties":{"id":"ncei-1977-9977590","year":1977,"month":7,"state":"AL","stateName":"Alabama","scale":2,"scaleLabel":"F2","lengthMiles":0.5,"deaths":0,"injuries":0}},{"type":"Feature","geometry":{"type":"Point","coordinates":[-86.58,34.7]},"properties":{"id":"ncei-1977-9977609","year":1977,"month":7,"state":"AL","stateName":"Alabama","scale":2,"scaleLabel":"F2","lengthMiles":0.2,"deaths":0,"injuries":0}},{"type":"Feature","geometry":{"type":"Point","coordinates":[-87.33,32]},"properties":{"id":"ncei-1977-9977618","year":1977,"month":9,"state":"AL","stateName":"Alabama","scale":1,"scaleLabel":"F1","lengthMiles":0.1,"deaths":0,"injuries":0}},{"type":"Feature","geometry":{"type":"Point","coordinates":[-87.57,33.33]},"properties":{"id":"ncei-1977-9977619","year":1977,"month":9,"state":"AL","stateName":"Alabama","scale":2,"scaleLabel":"F2","lengthMiles":8.3,"deaths":0,"injuries":0}},{"type":"Feature","geometry":{"type":"Point","coordinates":[-87.47,33.52]},"properties":{"id":"ncei-1977-9977620","year":1977,"month":9,"state":"AL","stateName":"Alabama","scale":1,"scaleLabel":"F1","lengthMiles":0.2,"deaths":0,"injuries":0}},{"type":"Feature","geometry":{"type":"Point","coordinates":[-87.72,30.4]},"properties":{"id":"ncei-1977-9977629","year":1977,"month":10,"state":"AL","stateName":"Alabama","scale":1,"scaleLabel":"F1","lengthMiles":16.2,"deaths":0,"injuries":0}},{"type":"Feature","geometry":{"type":"Point","coordinates":[-88.08,30.73]},"properties":{"id":"ncei-1977-9977631","year":1977,"month":11,"state":"AL","stateName":"Alabama","scale":1,"scaleLabel":"F1","lengthMiles":0.2,"deaths":0,"injuries":0}},{"type":"Feature","geometry":{"type":"Point","coordinates":[-93.18,33.28]},"properties":{"id":"ncei-1977-9980081","year":1977,"month":11,"state":"AR","stateName":"Arkansas","scale":0,"scaleLabel":"F0","lengthMiles":0.2,"deaths":0,"injuries":0}},{"type":"Feature","geometry":{"type":"Point","coordinates":[-94.42,34.58]},"properties":{"id":"ncei-1977-9980082","year":1977,"month":11,"state":"AR","stateName":"Arkansas","scale":2,"scaleLabel":"F2","lengthMiles":0.5,"deaths":0,"injuries":0}},{"type":"Feature","geometry":{"type":"Point","coordinates":[-92.2,35.43]},"properties":{"id":"ncei-1977-9980094","year":1977,"month":12,"state":"AR","stateName":"Arkansas","scale":1,"scaleLabel":"F1","lengthMiles":0.1,"deaths":0,"injuries":0}},{"type":"Feature","geometry":{"type":"Point","coordinates":[-112.42,33.52]},"properties":{"id":"ncei-1977-9982265","year":1977,"month":3,"state":"AZ","stateName":"Arizona","scale":1,"scaleLabel":"F1","lengthMiles":1,"deaths":0,"injuries":0}},{"type":"Feature","geometry":{"type":"Point","coordinates":[-112.35,35.12]},"properties":{"id":"ncei-1977-9982274","year":1977,"month":7,"state":"AZ","stateName":"Arizona","scale":-1,"scaleLabel":"Unknown","lengthMiles":0.5,"deaths":0,"injuries":0}},{"type":"Feature","geometry":{"type":"Point","coordinates":[-93.93,35.12]},"properties":{"id":"ncei-1977-9983425","year":1977,"month":2,"state":"AR","stateName":"Arkansas","scale":1,"scaleLabel":"F1","lengthMiles":2,"deaths":0,"injuries":1}},{"type":"Feature","geometry":{"type":"Point","coordinates":[-93.25,34.5]},"properties":{"id":"ncei-1977-9983437","year":1977,"month":3,"state":"AR","stateName":"Arkansas","scale":0,"scaleLabel":"F0","lengthMiles":2,"deaths":0,"injuries":0}},{"type":"Feature","geometry":{"type":"Point","coordinates":[-92.57,35.15]},"properties":{"id":"ncei-1977-9983439","year":1977,"month":3,"state":"AR","stateName":"Arkansas","scale":0,"scaleLabel":"F0","lengthMiles":0.5,"deaths":0,"injuries":0}},{"type":"Feature","geometry":{"type":"Point","coordinates":[-91.5,34.72]},"properties":{"id":"ncei-1977-9983444","year":1977,"month":3,"state":"AR","stateName":"Arkansas","scale":0,"scaleLabel":"F0","lengthMiles":0.5,"deaths":0,"injuries":0}},{"type":"Feature","geometry":{"type":"Point","coordinates":[-91.25,33.12]},"properties":{"id":"ncei-1977-9983449","year":1977,"month":3,"state":"AR","stateName":"Arkansas","scale":1,"scaleLabel":"F1","lengthMiles":1.3,"deaths":0,"injuries":1}},{"type":"Feature","geometry":{"type":"Point","coordinates":[-91.83,34.78]},"properties":{"id":"ncei-1977-9983452","year":1977,"month":4,"state":"AR","stateName":"Arkansas","scale":0,"scaleLabel":"F0","lengthMiles":0.1,"deaths":0,"injuries":0}},{"type":"Feature","geometry":{"type":"Point","coordinates":[-93.47,33.1]},"properties":{"id":"ncei-1977-9983454","year":1977,"month":5,"state":"AR","stateName":"Arkansas","scale":1,"scaleLabel":"F1","lengthMiles":1.5,"deaths":0,"injuries":0}},{"type":"Feature","geometry":{"type":"Point","coordinates":[-90.83,34.3]},"properties":{"id":"ncei-1977-9983455","year":1977,"month":5,"state":"AR","stateName":"Arkansas","scale":0,"scaleLabel":"F0","lengthMiles":0.2,"deaths":0,"injuries":0}},{"type":"Feature","geometry":{"type":"Point","coordinates":[-91.18,34.88]},"properties":{"id":"ncei-1977-9983456","year":1977,"month":5,"state":"AR","stateName":"Arkansas","scale":0,"scaleLabel":"F0","lengthMiles":0.1,"deaths":0,"injuries":0}},{"type":"Feature","geometry":{"type":"Point","coordinates":[-91.2,35.75]},"properties":{"id":"ncei-1977-9983461","year":1977,"month":5,"state":"AR","stateName":"Arkansas","scale":0,"scaleLabel":"F0","lengthMiles":0.1,"deaths":0,"injuries":0}},{"type":"Feature","geometry":{"type":"Point","coordinates":[-90.9,34.52]},"properties":{"id":"ncei-1977-9983467","year":1977,"month":6,"state":"AR","stateName":"Arkansas","scale":1,"scaleLabel":"F1","lengthMiles":1,"deaths":0,"injuries":2}},{"type":"Feature","geometry":{"type":"Point","coordinates":[-94.12,36.45]},"properties":{"id":"ncei-1977-9983468","year":1977,"month":6,"state":"AR","stateName":"Arkansas","scale":0,"scaleLabel":"F0","lengthMiles":0.1,"deaths":0,"injuries":0}},{"type":"Feature","geometry":{"type":"Point","coordinates":[-91.13,34.8]},"properties":{"id":"ncei-1977-9983481","year":1977,"month":7,"state":"AR","stateName":"Arkansas","scale":0,"scaleLabel":"F0","lengthMiles":0.1,"deaths":0,"injuries":0}},{"type":"Feature","geometry":{"type":"Point","coordinates":[-92.63,35]},"properties":{"id":"ncei-1977-9983492","year":1977,"month":9,"state":"AR","stateName":"Arkansas","scale":1,"scaleLabel":"F1","lengthMiles":0.1,"deaths":0,"injuries":0}},{"type":"Feature","geometry":{"type":"Point","coordinates":[-90.78,35]},"properties":{"id":"ncei-1977-9983493","year":1977,"month":9,"state":"AR","stateName":"Arkansas","scale":0,"scaleLabel":"F0","lengthMiles":0.1,"deaths":0,"injuries":0}},{"type":"Feature","geometry":{"type":"Point","coordinates":[-90.95,35.87]},"properties":{"id":"ncei-1977-9984352","year":1977,"month":9,"state":"AR","stateName":"Arkansas","scale":0,"scaleLabel":"F0","lengthMiles":0.1,"deaths":0,"injuries":0}},{"type":"Feature","geometry":{"type":"Point","coordinates":[-90.88,36]},"properties":{"id":"ncei-1977-9984353","year":1977,"month":9,"state":"AR","stateName":"Arkansas","scale":2,"scaleLabel":"F2","lengthMiles":2,"deaths":1,"injuries":3}},{"type":"Feature","geometry":{"type":"Point","coordinates":[-103.62,39.52]},"properties":{"id":"ncei-1977-9986405","year":1977,"month":3,"state":"CO","stateName":"Colorado","scale":2,"scaleLabel":"F2","lengthMiles":1.5,"deaths":0,"injuries":0}},{"type":"Feature","geometry":{"type":"Point","coordinates":[-103.53,39.52]},"properties":{"id":"ncei-1977-9986406","year":1977,"month":3,"state":"CO","stateName":"Colorado","scale":2,"scaleLabel":"F2","lengthMiles":1.5,"deaths":0,"injuries":0}},{"type":"Feature","geometry":{"type":"Point","coordinates":[-103.32,39.8]},"properties":{"id":"ncei-1977-9986407","year":1977,"month":3,"state":"CO","stateName":"Colorado","scale":1,"scaleLabel":"F1","lengthMiles":0.1,"deaths":0,"injuries":0}},{"type":"Feature","geometry":{"type":"Point","coordinates":[-104.82,38.67]},"properties":{"id":"ncei-1977-9986411","year":1977,"month":4,"state":"CO","stateName":"Colorado","scale":2,"scaleLabel":"F2","lengthMiles":1,"deaths":0,"injuries":0}},{"type":"Feature","geometry":{"type":"Point","coordinates":[-103.67,38.23]},"properties":{"id":"ncei-1977-9987270","year":1977,"month":4,"state":"CO","stateName":"Colorado","scale":2,"scaleLabel":"F2","lengthMiles":5.1,"deaths":0,"injuries":0}},{"type":"Feature","geometry":{"type":"Point","coordinates":[-75.68,39.12]},"properties":{"id":"ncei-1977-9987401","year":1977,"month":3,"state":"DE","stateName":"Delaware","scale":1,"scaleLabel":"F1","lengthMiles":1,"deaths":0,"injuries":0}},{"type":"Feature","geometry":{"type":"Point","coordinates":[-75.47,39.03]},"properties":{"id":"ncei-1977-9987404","year":1977,"month":6,"state":"DE","stateName":"Delaware","scale":2,"scaleLabel":"F2","lengthMiles":0.2,"deaths":0,"injuries":1}},{"type":"Feature","geometry":{"type":"Point","coordinates":[-75.68,39.8]},"properties":{"id":"ncei-1977-9987407","year":1977,"month":8,"state":"DE","stateName":"Delaware","scale":-1,"scaleLabel":"Unknown","lengthMiles":1,"deaths":0,"injuries":0}},{"type":"Feature","geometry":{"type":"Point","coordinates":[-104.65,40.48]},"properties":{"id":"ncei-1977-9987486","year":1977,"month":5,"state":"CO","stateName":"Colorado","scale":1,"scaleLabel":"F1","lengthMiles":0.1,"deaths":0,"injuries":0}},{"type":"Feature","geometry":{"type":"Point","coordinates":[-102.53,38.07]},"properties":{"id":"ncei-1977-9987487","year":1977,"month":5,"state":"CO","stateName":"Colorado","scale":1,"scaleLabel":"F1","lengthMiles":0.1,"deaths":0,"injuries":0}},{"type":"Feature","geometry":{"type":"Point","coordinates":[-102.53,38.08]},"properties":{"id":"ncei-1977-9987488","year":1977,"month":5,"state":"CO","stateName":"Colorado","scale":1,"scaleLabel":"F1","lengthMiles":0.1,"deaths":0,"injuries":0}},{"type":"Feature","geometry":{"type":"Point","coordinates":[-102.53,38.08]},"properties":{"id":"ncei-1977-9987489","year":1977,"month":5,"state":"CO","stateName":"Colorado","scale":1,"scaleLabel":"F1","lengthMiles":0.1,"deaths":0,"injuries":0}},{"type":"Feature","geometry":{"type":"Point","coordinates":[-102.1,37]},"properties":{"id":"ncei-1977-9987497","year":1977,"month":5,"state":"CO","stateName":"Colorado","scale":4,"scaleLabel":"F4","lengthMiles":9.3,"deaths":0,"injuries":0}},{"type":"Feature","geometry":{"type":"Point","coordinates":[-102.78,38.82]},"properties":{"id":"ncei-1977-9987506","year":1977,"month":5,"state":"CO","stateName":"Colorado","scale":1,"scaleLabel":"F1","lengthMiles":0.1,"deaths":0,"injuries":0}},{"type":"Feature","geometry":{"type":"Point","coordinates":[-102.07,38.78]},"properties":{"id":"ncei-1977-9987507","year":1977,"month":5,"state":"CO","stateName":"Colorado","scale":1,"scaleLabel":"F1","lengthMiles":0.1,"deaths":0,"injuries":0}},{"type":"Feature","geometry":{"type":"Point","coordinates":[-104.72,38.83]},"properties":{"id":"ncei-1977-9987510","year":1977,"month":6,"state":"CO","stateName":"Colorado","scale":1,"scaleLabel":"F1","lengthMiles":2,"deaths":0,"injuries":0}},{"type":"Feature","geometry":{"type":"Point","coordinates":[-103.95,39.47]},"properties":{"id":"ncei-1977-9987511","year":1977,"month":6,"state":"CO","stateName":"Colorado","scale":0,"scaleLabel":"F0","lengthMiles":0.2,"deaths":0,"injuries":0}},{"type":"Feature","geometry":{"type":"Point","coordinates":[-103.7,39.42]},"properties":{"id":"ncei-1977-9987512","year":1977,"month":6,"state":"CO","stateName":"Colorado","scale":0,"scaleLabel":"F0","lengthMiles":0.2,"deaths":0,"injuries":0}},{"type":"Feature","geometry":{"type":"Point","coordinates":[-105.02,38.93]},"properties":{"id":"ncei-1977-9987520","year":1977,"month":6,"state":"CO","stateName":"Colorado","scale":3,"scaleLabel":"F3","lengthMiles":4.9,"deaths":0,"injuries":0}},{"type":"Feature","geometry":{"type":"Point","coordinates":[-105.92,39.25]},"properties":{"id":"ncei-1977-9987521","year":1977,"month":6,"state":"CO","stateName":"Colorado","scale":2,"scaleLabel":"F2","lengthMiles":1,"deaths":0,"injuries":0}},{"type":"Feature","geometry":{"type":"Point","coordinates":[-104.67,39.17]},"properties":{"id":"ncei-1977-9987522","year":1977,"month":6,"state":"CO","stateName":"Colorado","scale":0,"scaleLabel":"F0","lengthMiles":0.5,"deaths":0,"injuries":0}},{"type":"Feature","geometry":{"type":"Point","coordinates":[-105,39]},"properties":{"id":"ncei-1977-9987523","year":1977,"month":6,"state":"CO","stateName":"Colorado","scale":2,"scaleLabel":"F2","lengthMiles":1,"deaths":0,"injuries":2}},{"type":"Feature","geometry":{"type":"Point","coordinates":[-104.82,39.08]},"properties":{"id":"ncei-1977-9987524","year":1977,"month":6,"state":"CO","stateName":"Colorado","scale":2,"scaleLabel":"F2","lengthMiles":1,"deaths":0,"injuries":0}},{"type":"Feature","geometry":{"type":"Point","coordinates":[-104.8,40.53]},"properties":{"id":"ncei-1977-9987537","year":1977,"month":6,"state":"CO","stateName":"Colorado","scale":0,"scaleLabel":"F0","lengthMiles":0.1,"deaths":0,"injuries":0}},{"type":"Feature","geometry":{"type":"Point","coordinates":[-102.92,40.25]},"properties":{"id":"ncei-1977-9987540","year":1977,"month":6,"state":"CO","stateName":"Colorado","scale":0,"scaleLabel":"F0","lengthMiles":0.1,"deaths":0,"injuries":0}},{"type":"Feature","geometry":{"type":"Point","coordinates":[-102.12,38.22]},"properties":{"id":"ncei-1977-9987543","year":1977,"month":7,"state":"CO","stateName":"Colorado","scale":0,"scaleLabel":"F0","lengthMiles":0.5,"deaths":0,"injuries":0}},{"type":"Feature","geometry":{"type":"Point","coordinates":[-103.27,40.55]},"properties":{"id":"ncei-1977-9987544","year":1977,"month":7,"state":"CO","stateName":"Colorado","scale":0,"scaleLabel":"F0","lengthMiles":0.5,"deaths":0,"injuries":0}},{"type":"Feature","geometry":{"type":"Point","coordinates":[-102.47,40.62]},"properties":{"id":"ncei-1977-9987548","year":1977,"month":7,"state":"CO","stateName":"Colorado","scale":2,"scaleLabel":"F2","lengthMiles":0,"deaths":0,"injuries":0}},{"type":"Feature","geometry":{"type":"Point","coordinates":[-104.83,39.6]},"properties":{"id":"ncei-1977-9987552","year":1977,"month":7,"state":"CO","stateName":"Colorado","scale":0,"scaleLabel":"F0","lengthMiles":0.1,"deaths":0,"injuries":0}},{"type":"Feature","geometry":{"type":"Point","coordinates":[-104.2,38.4]},"properties":{"id":"ncei-1977-9988624","year":1977,"month":8,"state":"CO","stateName":"Colorado","scale":1,"scaleLabel":"F1","lengthMiles":0.2,"deaths":0,"injuries":0}},{"type":"Feature","geometry":{"type":"Point","coordinates":[-104.58,39.13]},"properties":{"id":"ncei-1977-9988626","year":1977,"month":8,"state":"CO","stateName":"Colorado","scale":1,"scaleLabel":"F1","lengthMiles":1,"deaths":0,"injuries":0}},{"type":"Feature","geometry":{"type":"Point","coordinates":[-104.33,39.78]},"properties":{"id":"ncei-1977-9988629","year":1977,"month":8,"state":"CO","stateName":"Colorado","scale":1,"scaleLabel":"F1","lengthMiles":1,"deaths":0,"injuries":0}},{"type":"Feature","geometry":{"type":"Point","coordinates":[-104.33,39.78]},"properties":{"id":"ncei-1977-9988630","year":1977,"month":8,"state":"CO","stateName":"Colorado","scale":1,"scaleLabel":"F1","lengthMiles":1,"deaths":0,"injuries":0}},{"type":"Feature","geometry":{"type":"Point","coordinates":[-104.33,39.78]},"properties":{"id":"ncei-1977-9988631","year":1977,"month":8,"state":"CO","stateName":"Colorado","scale":1,"scaleLabel":"F1","lengthMiles":1,"deaths":0,"injuries":1}},{"type":"Feature","geometry":{"type":"Point","coordinates":[-102.23,40.08]},"properties":{"id":"ncei-1977-9988635","year":1977,"month":8,"state":"CO","stateName":"Colorado","scale":0,"scaleLabel":"F0","lengthMiles":0.1,"deaths":0,"injuries":0}},{"type":"Feature","geometry":{"type":"Point","coordinates":[-119.82,34.43]},"properties":{"id":"ncei-1977-9990656","year":1977,"month":1,"state":"CA","stateName":"California","scale":-1,"scaleLabel":"Unknown","lengthMiles":0,"deaths":0,"injuries":0}},{"type":"Feature","geometry":{"type":"Point","coordinates":[-118,33.85]},"properties":{"id":"ncei-1977-9990657","year":1977,"month":3,"state":"CA","stateName":"California","scale":1,"scaleLabel":"F1","lengthMiles":10.9,"deaths":0,"injuries":4}},{"type":"Feature","geometry":{"type":"Point","coordinates":[-118.2,33.78]},"properties":{"id":"ncei-1977-9990658","year":1977,"month":5,"state":"CA","stateName":"California","scale":-1,"scaleLabel":"Unknown","lengthMiles":0.1,"deaths":0,"injuries":0}},{"type":"Feature","geometry":{"type":"Point","coordinates":[-84.52,32.32]},"properties":{"id":"ncei-1977-9995211","year":1977,"month":2,"state":"GA","stateName":"Georgia","scale":-1,"scaleLabel":"Unknown","lengthMiles":0.5,"deaths":0,"injuries":0}},{"type":"Feature","geometry":{"type":"Point","coordinates":[-84.85,34.55]},"properties":{"id":"ncei-1977-9995214","year":1977,"month":3,"state":"GA","stateName":"Georgia","scale":2,"scaleLabel":"F2","lengthMiles":11,"deaths":0,"injuries":0}},{"type":"Feature","geometry":{"type":"Point","coordinates":[-84.5,34.62]},"properties":{"id":"ncei-1977-9995215","year":1977,"month":3,"state":"GA","stateName":"Georgia","scale":2,"scaleLabel":"F2","lengthMiles":2,"deaths":0,"injuries":4}},{"type":"Feature","geometry":{"type":"Point","coordinates":[-85.2,34.17]},"properties":{"id":"ncei-1977-9995222","year":1977,"month":4,"state":"GA","stateName":"Georgia","scale":3,"scaleLabel":"F3","lengthMiles":8.8,"deaths":1,"injuries":15}},{"type":"Feature","geometry":{"type":"Point","coordinates":[-84.93,34.37]},"properties":{"id":"ncei-1977-9995224","year":1977,"month":4,"state":"GA","stateName":"Georgia","scale":1,"scaleLabel":"F1","lengthMiles":5.7,"deaths":0,"injuries":0}},{"type":"Feature","geometry":{"type":"Point","coordinates":[-84.73,34.7]},"properties":{"id":"ncei-1977-9995225","year":1977,"month":4,"state":"GA","stateName":"Georgia","scale":1,"scaleLabel":"F1","lengthMiles":2,"deaths":0,"injuries":0}},{"type":"Feature","geometry":{"type":"Point","coordinates":[-83.95,34.5]},"properties":{"id":"ncei-1977-9995229","year":1977,"month":4,"state":"GA","stateName":"Georgia","scale":1,"scaleLabel":"F1","lengthMiles":5.2,"deaths":0,"injuries":1}},{"type":"Feature","geometry":{"type":"Point","coordinates":[-83.43,31.17]},"properties":{"id":"ncei-1977-9995230","year":1977,"month":4,"state":"GA","stateName":"Georgia","scale":1,"scaleLabel":"F1","lengthMiles":5.4,"deaths":0,"injuries":0}},{"type":"Feature","geometry":{"type":"Point","coordinates":[-82.12,32.08]},"properties":{"id":"ncei-1977-9995243","year":1977,"month":6,"state":"GA","stateName":"Georgia","scale":1,"scaleLabel":"F1","lengthMiles":1,"deaths":0,"injuries":0}},{"type":"Feature","geometry":{"type":"Point","coordinates":[-82.6,31.87]},"properties":{"id":"ncei-1977-9995244","year":1977,"month":6,"state":"GA","stateName":"Georgia","scale":1,"scaleLabel":"F1","lengthMiles":2,"deaths":0,"injuries":0}},{"type":"Feature","geometry":{"type":"Point","coordinates":[-83.28,30.83]},"properties":{"id":"ncei-1977-9995255","year":1977,"month":6,"state":"GA","stateName":"Georgia","scale":1,"scaleLabel":"F1","lengthMiles":1,"deaths":0,"injuries":0}},{"type":"Feature","geometry":{"type":"Point","coordinates":[-84.48,34.7]},"properties":{"id":"ncei-1977-9995264","year":1977,"month":7,"state":"GA","stateName":"Georgia","scale":1,"scaleLabel":"F1","lengthMiles":1,"deaths":0,"injuries":0}},{"type":"Feature","geometry":{"type":"Point","coordinates":[-82.9,32.53]},"properties":{"id":"ncei-1977-9995269","year":1977,"month":7,"state":"GA","stateName":"Georgia","scale":1,"scaleLabel":"F1","lengthMiles":1,"deaths":0,"injuries":0}},{"type":"Feature","geometry":{"type":"Point","coordinates":[-84.02,34.58]},"properties":{"id":"ncei-1977-9996619","year":1977,"month":9,"state":"GA","stateName":"Georgia","scale":1,"scaleLabel":"F1","lengthMiles":1,"deaths":0,"injuries":1}},{"type":"Feature","geometry":{"type":"Point","coordinates":[-83.32,34.58]},"properties":{"id":"ncei-1977-9996620","year":1977,"month":9,"state":"GA","stateName":"Georgia","scale":1,"scaleLabel":"F1","lengthMiles":1,"deaths":0,"injuries":0}},{"type":"Feature","geometry":{"type":"Point","coordinates":[-83.32,34.58]},"properties":{"id":"ncei-1977-9996623","year":1977,"month":11,"state":"GA","stateName":"Georgia","scale":1,"scaleLabel":"F1","lengthMiles":0.3,"deaths":0,"injuries":0}},{"type":"Feature","geometry":{"type":"Point","coordinates":[-82.12,29.03]},"properties":{"id":"ncei-1977-9998174","year":1977,"month":5,"state":"FL","stateName":"Florida","scale":1,"scaleLabel":"F1","lengthMiles":0.1,"deaths":0,"injuries":0}},{"type":"Feature","geometry":{"type":"Point","coordinates":[-84.12,33.35]},"properties":{"id":"ncei-1977-9998245","year":1977,"month":8,"state":"GA","stateName":"Georgia","scale":1,"scaleLabel":"F1","lengthMiles":1,"deaths":0,"injuries":1}},{"type":"Feature","geometry":{"type":"Point","coordinates":[-81.95,28.03]},"properties":{"id":"ncei-1977-9998462","year":1977,"month":6,"state":"FL","stateName":"Florida","scale":0,"scaleLabel":"F0","lengthMiles":0.1,"deaths":0,"injuries":0}},{"type":"Feature","geometry":{"type":"Point","coordinates":[-81.27,27.45]},"properties":{"id":"ncei-1977-9998463","year":1977,"month":6,"state":"FL","stateName":"Florida","scale":0,"scaleLabel":"F0","lengthMiles":0.1,"deaths":0,"injuries":0}},{"type":"Feature","geometry":{"type":"Point","coordinates":[-81.65,29.55]},"properties":{"id":"ncei-1977-9998472","year":1977,"month":6,"state":"FL","stateName":"Florida","scale":0,"scaleLabel":"F0","lengthMiles":0.1,"deaths":0,"injuries":0}},{"type":"Feature","geometry":{"type":"Point","coordinates":[-82.72,28.25]},"properties":{"id":"ncei-1977-9998476","year":1977,"month":6,"state":"FL","stateName":"Florida","scale":0,"scaleLabel":"F0","lengthMiles":0.1,"deaths":0,"injuries":0}},{"type":"Feature","geometry":{"type":"Point","coordinates":[-81.82,29.62]},"properties":{"id":"ncei-1977-9998477","year":1977,"month":6,"state":"FL","stateName":"Florida","scale":1,"scaleLabel":"F1","lengthMiles":0.1,"deaths":0,"injuries":0}},{"type":"Feature","geometry":{"type":"Point","coordinates":[-80.48,25.63]},"properties":{"id":"ncei-1977-9998478","year":1977,"month":6,"state":"FL","stateName":"Florida","scale":0,"scaleLabel":"F0","lengthMiles":0.1,"deaths":0,"injuries":0}},{"type":"Feature","geometry":{"type":"Point","coordinates":[-81.62,30.15]},"properties":{"id":"ncei-1977-9998480","year":1977,"month":6,"state":"FL","stateName":"Florida","scale":1,"scaleLabel":"F1","lengthMiles":2.6,"deaths":0,"injuries":0}},{"type":"Feature","geometry":{"type":"Point","coordinates":[-82.5,29.78]},"properties":{"id":"ncei-1977-9998481","year":1977,"month":6,"state":"FL","stateName":"Florida","scale":1,"scaleLabel":"F1","lengthMiles":6.4,"deaths":0,"injuries":0}},{"type":"Feature","geometry":{"type":"Point","coordinates":[-81.6,30.63]},"properties":{"id":"ncei-1977-9998482","year":1977,"month":6,"state":"FL","stateName":"Florida","scale":0,"scaleLabel":"F0","lengthMiles":0.1,"deaths":0,"injuries":0}},{"type":"Feature","geometry":{"type":"Point","coordinates":[-81.88,26.68]},"properties":{"id":"ncei-1977-9998487","year":1977,"month":7,"state":"FL","stateName":"Florida","scale":0,"scaleLabel":"F0","lengthMiles":0.1,"deaths":0,"injuries":0}},{"type":"Feature","geometry":{"type":"Point","coordinates":[-80.42,27.02]},"properties":{"id":"ncei-1977-9998489","year":1977,"month":7,"state":"FL","stateName":"Florida","scale":0,"scaleLabel":"F0","lengthMiles":0.1,"deaths":0,"injuries":0}},{"type":"Feature","geometry":{"type":"Point","coordinates":[-82.23,28.23]},"properties":{"id":"ncei-1977-9998490","year":1977,"month":7,"state":"FL","stateName":"Florida","scale":0,"scaleLabel":"F0","lengthMiles":0.1,"deaths":0,"injuries":0}},{"type":"Feature","geometry":{"type":"Point","coordinates":[-81.73,25.97]},"properties":{"id":"ncei-1977-9998492","year":1977,"month":7,"state":"FL","stateName":"Florida","scale":0,"scaleLabel":"F0","lengthMiles":0.5,"deaths":0,"injuries":0}},{"type":"Feature","geometry":{"type":"Point","coordinates":[-81.73,25.97]},"properties":{"id":"ncei-1977-9998493","year":1977,"month":7,"state":"FL","stateName":"Florida","scale":0,"scaleLabel":"F0","lengthMiles":0.5,"deaths":0,"injuries":0}},{"type":"Feature","geometry":{"type":"Point","coordinates":[-82.57,27.48]},"properties":{"id":"ncei-1977-9998494","year":1977,"month":7,"state":"FL","stateName":"Florida","scale":1,"scaleLabel":"F1","lengthMiles":1,"deaths":0,"injuries":6}},{"type":"Feature","geometry":{"type":"Point","coordinates":[-82.63,30.18]},"properties":{"id":"ncei-1977-9998497","year":1977,"month":7,"state":"FL","stateName":"Florida","scale":0,"scaleLabel":"F0","lengthMiles":0.1,"deaths":0,"injuries":0}},{"type":"Feature","geometry":{"type":"Point","coordinates":[-81.85,27.22]},"properties":{"id":"ncei-1977-9998500","year":1977,"month":7,"state":"FL","stateName":"Florida","scale":0,"scaleLabel":"F0","lengthMiles":0.5,"deaths":0,"injuries":2}},{"type":"Feature","geometry":{"type":"Point","coordinates":[-80.83,28.7]},"properties":{"id":"ncei-1977-9998503","year":1977,"month":8,"state":"FL","stateName":"Florida","scale":0,"scaleLabel":"F0","lengthMiles":0.1,"deaths":0,"injuries":0}},{"type":"Feature","geometry":{"type":"Point","coordinates":[-82.18,30.03]},"properties":{"id":"ncei-1977-9998506","year":1977,"month":8,"state":"FL","stateName":"Florida","scale":1,"scaleLabel":"F1","lengthMiles":1,"deaths":0,"injuries":0}},{"type":"Feature","geometry":{"type":"Point","coordinates":[-81.87,28.8]},"properties":{"id":"ncei-1977-9998515","year":1977,"month":8,"state":"FL","stateName":"Florida","scale":0,"scaleLabel":"F0","lengthMiles":0.2,"deaths":0,"injuries":0}},{"type":"Feature","geometry":{"type":"Point","coordinates":[-81.27,28.8]},"properties":{"id":"ncei-1977-9998520","year":1977,"month":9,"state":"FL","stateName":"Florida","scale":0,"scaleLabel":"F0","lengthMiles":0.1,"deaths":0,"injuries":0}},{"type":"Feature","geometry":{"type":"Point","coordinates":[-84.33,30.45]},"properties":{"id":"ncei-1977-9998523","year":1977,"month":10,"state":"FL","stateName":"Florida","scale":0,"scaleLabel":"F0","lengthMiles":0.1,"deaths":0,"injuries":0}},{"type":"Feature","geometry":{"type":"Point","coordinates":[-86.72,30.45]},"properties":{"id":"ncei-1977-9998524","year":1977,"month":10,"state":"FL","stateName":"Florida","scale":0,"scaleLabel":"F0","lengthMiles":0.1,"deaths":0,"injuries":0}},{"type":"Feature","geometry":{"type":"Point","coordinates":[-80.5,27.88]},"properties":{"id":"ncei-1977-9998525","year":1977,"month":10,"state":"FL","stateName":"Florida","scale":0,"scaleLabel":"F0","lengthMiles":0.1,"deaths":0,"injuries":0}},{"type":"Feature","geometry":{"type":"Point","coordinates":[-81.7,29.63]},"properties":{"id":"ncei-1977-9998526","year":1977,"month":12,"state":"FL","stateName":"Florida","scale":2,"scaleLabel":"F2","lengthMiles":9.4,"deaths":1,"injuries":10}},{"type":"Feature","geometry":{"type":"Point","coordinates":[-81.85,26.35]},"properties":{"id":"ncei-1977-9999372","year":1977,"month":12,"state":"FL","stateName":"Florida","scale":0,"scaleLabel":"F0","lengthMiles":0.1,"deaths":0,"injuries":0}},{"type":"Feature","geometry":{"type":"Point","coordinates":[-86.5,30.47]},"properties":{"id":"ncei-1977-9999373","year":1977,"month":12,"state":"FL","stateName":"Florida","scale":0,"scaleLabel":"F0","lengthMiles":0.1,"deaths":0,"injuries":0}}]}
