{"type":"FeatureCollection","metadata":{"source":"NOAA/NCEI StormEvents details CSV","generatedAt":"2026-04-27T22:31:07.075Z","count":1336,"year":2001},"features":[{"type":"Feature","geometry":{"type":"Point","coordinates":[-90.5,30.71667]},"properties":{"id":"ncei-2001-5228296","year":2001,"month":1,"state":"LA","stateName":"Louisiana","scale":0,"scaleLabel":"F0","lengthMiles":0.2,"deaths":0,"injuries":0}},{"type":"Feature","geometry":{"type":"Point","coordinates":[-117.83333,33.78333]},"properties":{"id":"ncei-2001-5229860","year":2001,"month":2,"state":"CA","stateName":"California","scale":0,"scaleLabel":"F0","lengthMiles":0.1,"deaths":0,"injuries":0}},{"type":"Feature","geometry":{"type":"Point","coordinates":[-83.08333,34.23333]},"properties":{"id":"ncei-2001-5230465","year":2001,"month":1,"state":"GA","stateName":"Georgia","scale":1,"scaleLabel":"F1","lengthMiles":1,"deaths":0,"injuries":0}},{"type":"Feature","geometry":{"type":"Point","coordinates":[-84.18333,32.51667]},"properties":{"id":"ncei-2001-5230674","year":2001,"month":1,"state":"GA","stateName":"Georgia","scale":0,"scaleLabel":"F0","lengthMiles":0,"deaths":0,"injuries":0}},{"type":"Feature","geometry":{"type":"Point","coordinates":[-84.36667,33.61667]},"properties":{"id":"ncei-2001-5230760","year":2001,"month":1,"state":"GA","stateName":"Georgia","scale":0,"scaleLabel":"F0","lengthMiles":0.1,"deaths":0,"injuries":8}},{"type":"Feature","geometry":{"type":"Point","coordinates":[-86.26667,32.38333]},"properties":{"id":"ncei-2001-5231098","year":2001,"month":1,"state":"AL","stateName":"Alabama","scale":0,"scaleLabel":"F0","lengthMiles":2.3,"deaths":0,"injuries":4}},{"type":"Feature","geometry":{"type":"Point","coordinates":[-88.63333,33.48333]},"properties":{"id":"ncei-2001-5231862","year":2001,"month":2,"state":"MS","stateName":"Mississippi","scale":0,"scaleLabel":"F0","lengthMiles":0.5,"deaths":0,"injuries":0}},{"type":"Feature","geometry":{"type":"Point","coordinates":[-91.36667,33.5]},"properties":{"id":"ncei-2001-5231874","year":2001,"month":2,"state":"AR","stateName":"Arkansas","scale":0,"scaleLabel":"F0","lengthMiles":0.5,"deaths":0,"injuries":0}},{"type":"Feature","geometry":{"type":"Point","coordinates":[-91.5,33.31667]},"properties":{"id":"ncei-2001-5231875","year":2001,"month":2,"state":"AR","stateName":"Arkansas","scale":0,"scaleLabel":"F0","lengthMiles":0.5,"deaths":0,"injuries":0}},{"type":"Feature","geometry":{"type":"Point","coordinates":[-83.03333,34.23333]},"properties":{"id":"ncei-2001-5232355","year":2001,"month":2,"state":"GA","stateName":"Georgia","scale":0,"scaleLabel":"F0","lengthMiles":3,"deaths":0,"injuries":0}},{"type":"Feature","geometry":{"type":"Point","coordinates":[-91.06667,35.65]},"properties":{"id":"ncei-2001-5232561","year":2001,"month":2,"state":"AR","stateName":"Arkansas","scale":2,"scaleLabel":"F2","lengthMiles":4,"deaths":0,"injuries":0}},{"type":"Feature","geometry":{"type":"Point","coordinates":[-91.03333,34.11667]},"properties":{"id":"ncei-2001-5232803","year":2001,"month":2,"state":"AR","stateName":"Arkansas","scale":2,"scaleLabel":"F2","lengthMiles":6,"deaths":0,"injuries":2}},{"type":"Feature","geometry":{"type":"Point","coordinates":[-90.03333,32.61667]},"properties":{"id":"ncei-2001-5232869","year":2001,"month":2,"state":"MS","stateName":"Mississippi","scale":2,"scaleLabel":"F2","lengthMiles":4,"deaths":1,"injuries":1}},{"type":"Feature","geometry":{"type":"Point","coordinates":[-88.78333,34.45]},"properties":{"id":"ncei-2001-5232919","year":2001,"month":2,"state":"MS","stateName":"Mississippi","scale":3,"scaleLabel":"F3","lengthMiles":8,"deaths":0,"injuries":0}},{"type":"Feature","geometry":{"type":"Point","coordinates":[-88.6,34.51667]},"properties":{"id":"ncei-2001-5232920","year":2001,"month":2,"state":"MS","stateName":"Mississippi","scale":3,"scaleLabel":"F3","lengthMiles":23,"deaths":6,"injuries":43}},{"type":"Feature","geometry":{"type":"Point","coordinates":[-89,33.9]},"properties":{"id":"ncei-2001-5232921","year":2001,"month":2,"state":"MS","stateName":"Mississippi","scale":3,"scaleLabel":"F3","lengthMiles":6,"deaths":0,"injuries":0}},{"type":"Feature","geometry":{"type":"Point","coordinates":[-89.41667,33.85]},"properties":{"id":"ncei-2001-5232922","year":2001,"month":2,"state":"MS","stateName":"Mississippi","scale":3,"scaleLabel":"F3","lengthMiles":10,"deaths":0,"injuries":0}},{"type":"Feature","geometry":{"type":"Point","coordinates":[-88.58333,34.93333]},"properties":{"id":"ncei-2001-5232988","year":2001,"month":2,"state":"MS","stateName":"Mississippi","scale":3,"scaleLabel":"F3","lengthMiles":5,"deaths":0,"injuries":30}},{"type":"Feature","geometry":{"type":"Point","coordinates":[-90.5,33.23333]},"properties":{"id":"ncei-2001-5233061","year":2001,"month":2,"state":"MS","stateName":"Mississippi","scale":0,"scaleLabel":"F0","lengthMiles":0.5,"deaths":0,"injuries":0}},{"type":"Feature","geometry":{"type":"Point","coordinates":[-80.76667,33.81667]},"properties":{"id":"ncei-2001-5233070","year":2001,"month":3,"state":"SC","stateName":"South Carolina","scale":0,"scaleLabel":"F0","lengthMiles":5,"deaths":0,"injuries":0}},{"type":"Feature","geometry":{"type":"Point","coordinates":[-89.66667,31.4]},"properties":{"id":"ncei-2001-5233167","year":2001,"month":2,"state":"MS","stateName":"Mississippi","scale":0,"scaleLabel":"F0","lengthMiles":1,"deaths":0,"injuries":0}},{"type":"Feature","geometry":{"type":"Point","coordinates":[-89.66667,31.41667]},"properties":{"id":"ncei-2001-5233168","year":2001,"month":2,"state":"MS","stateName":"Mississippi","scale":0,"scaleLabel":"F0","lengthMiles":1.5,"deaths":0,"injuries":0}},{"type":"Feature","geometry":{"type":"Point","coordinates":[-89.63333,31.43333]},"properties":{"id":"ncei-2001-5233169","year":2001,"month":2,"state":"MS","stateName":"Mississippi","scale":0,"scaleLabel":"F0","lengthMiles":0.5,"deaths":0,"injuries":0}},{"type":"Feature","geometry":{"type":"Point","coordinates":[-91.18333,33.5]},"properties":{"id":"ncei-2001-5233170","year":2001,"month":2,"state":"MS","stateName":"Mississippi","scale":0,"scaleLabel":"F0","lengthMiles":2,"deaths":0,"injuries":0}},{"type":"Feature","geometry":{"type":"Point","coordinates":[-91.13333,33.53333]},"properties":{"id":"ncei-2001-5233171","year":2001,"month":2,"state":"MS","stateName":"Mississippi","scale":2,"scaleLabel":"F2","lengthMiles":35,"deaths":0,"injuries":0}},{"type":"Feature","geometry":{"type":"Point","coordinates":[-90.15,33.48333]},"properties":{"id":"ncei-2001-5233172","year":2001,"month":2,"state":"MS","stateName":"Mississippi","scale":3,"scaleLabel":"F3","lengthMiles":5,"deaths":0,"injuries":0}},{"type":"Feature","geometry":{"type":"Point","coordinates":[-90.1,33.53333]},"properties":{"id":"ncei-2001-5233173","year":2001,"month":2,"state":"MS","stateName":"Mississippi","scale":1,"scaleLabel":"F1","lengthMiles":15,"deaths":0,"injuries":0}},{"type":"Feature","geometry":{"type":"Point","coordinates":[-92.38333,34.58333]},"properties":{"id":"ncei-2001-5233233","year":2001,"month":2,"state":"AR","stateName":"Arkansas","scale":2,"scaleLabel":"F2","lengthMiles":2,"deaths":0,"injuries":0}},{"type":"Feature","geometry":{"type":"Point","coordinates":[-92.35,34.6]},"properties":{"id":"ncei-2001-5233234","year":2001,"month":2,"state":"AR","stateName":"Arkansas","scale":2,"scaleLabel":"F2","lengthMiles":12.3,"deaths":0,"injuries":8}},{"type":"Feature","geometry":{"type":"Point","coordinates":[-92.16667,34.76667]},"properties":{"id":"ncei-2001-5233235","year":2001,"month":2,"state":"AR","stateName":"Arkansas","scale":1,"scaleLabel":"F1","lengthMiles":2.2,"deaths":0,"injuries":0}},{"type":"Feature","geometry":{"type":"Point","coordinates":[-89.93333,33.68333]},"properties":{"id":"ncei-2001-5233277","year":2001,"month":2,"state":"MS","stateName":"Mississippi","scale":0,"scaleLabel":"F0","lengthMiles":2,"deaths":0,"injuries":0}},{"type":"Feature","geometry":{"type":"Point","coordinates":[-91.95,34.76667]},"properties":{"id":"ncei-2001-5233334","year":2001,"month":2,"state":"AR","stateName":"Arkansas","scale":1,"scaleLabel":"F1","lengthMiles":9,"deaths":0,"injuries":3}},{"type":"Feature","geometry":{"type":"Point","coordinates":[-92,34.95]},"properties":{"id":"ncei-2001-5233335","year":2001,"month":2,"state":"AR","stateName":"Arkansas","scale":2,"scaleLabel":"F2","lengthMiles":7.5,"deaths":0,"injuries":0}},{"type":"Feature","geometry":{"type":"Point","coordinates":[-91.91667,35.03333]},"properties":{"id":"ncei-2001-5233336","year":2001,"month":2,"state":"AR","stateName":"Arkansas","scale":2,"scaleLabel":"F2","lengthMiles":0.5,"deaths":0,"injuries":0}},{"type":"Feature","geometry":{"type":"Point","coordinates":[-91.71667,35.2]},"properties":{"id":"ncei-2001-5233337","year":2001,"month":2,"state":"AR","stateName":"Arkansas","scale":1,"scaleLabel":"F1","lengthMiles":3.5,"deaths":0,"injuries":0}},{"type":"Feature","geometry":{"type":"Point","coordinates":[-91.9,35.03333]},"properties":{"id":"ncei-2001-5233338","year":2001,"month":2,"state":"AR","stateName":"Arkansas","scale":1,"scaleLabel":"F1","lengthMiles":7,"deaths":0,"injuries":0}},{"type":"Feature","geometry":{"type":"Point","coordinates":[-91.96667,36.26667]},"properties":{"id":"ncei-2001-5233457","year":2001,"month":2,"state":"AR","stateName":"Arkansas","scale":2,"scaleLabel":"F2","lengthMiles":8,"deaths":1,"injuries":3}},{"type":"Feature","geometry":{"type":"Point","coordinates":[-91.08333,35.56667]},"properties":{"id":"ncei-2001-5233458","year":2001,"month":2,"state":"AR","stateName":"Arkansas","scale":2,"scaleLabel":"F2","lengthMiles":7,"deaths":0,"injuries":0}},{"type":"Feature","geometry":{"type":"Point","coordinates":[-91.63333,33.63333]},"properties":{"id":"ncei-2001-5233459","year":2001,"month":2,"state":"AR","stateName":"Arkansas","scale":1,"scaleLabel":"F1","lengthMiles":5.5,"deaths":0,"injuries":1}},{"type":"Feature","geometry":{"type":"Point","coordinates":[-91.43333,33.68333]},"properties":{"id":"ncei-2001-5233460","year":2001,"month":2,"state":"AR","stateName":"Arkansas","scale":3,"scaleLabel":"F3","lengthMiles":42,"deaths":0,"injuries":0}},{"type":"Feature","geometry":{"type":"Point","coordinates":[-91.01667,34.08333]},"properties":{"id":"ncei-2001-5233564","year":2001,"month":2,"state":"AR","stateName":"Arkansas","scale":2,"scaleLabel":"F2","lengthMiles":3,"deaths":0,"injuries":0}},{"type":"Feature","geometry":{"type":"Point","coordinates":[-91.8,34.51667]},"properties":{"id":"ncei-2001-5233565","year":2001,"month":2,"state":"AR","stateName":"Arkansas","scale":1,"scaleLabel":"F1","lengthMiles":2.7,"deaths":0,"injuries":0}},{"type":"Feature","geometry":{"type":"Point","coordinates":[-91.61667,34.68333]},"properties":{"id":"ncei-2001-5233566","year":2001,"month":2,"state":"AR","stateName":"Arkansas","scale":2,"scaleLabel":"F2","lengthMiles":12.7,"deaths":0,"injuries":0}},{"type":"Feature","geometry":{"type":"Point","coordinates":[-98.51667,29.91667]},"properties":{"id":"ncei-2001-5233910","year":2001,"month":3,"state":"TX","stateName":"Texas","scale":0,"scaleLabel":"F0","lengthMiles":0.2,"deaths":0,"injuries":0}},{"type":"Feature","geometry":{"type":"Point","coordinates":[-83.03333,30.35]},"properties":{"id":"ncei-2001-5234017","year":2001,"month":3,"state":"FL","stateName":"Florida","scale":2,"scaleLabel":"F2","lengthMiles":3.5,"deaths":0,"injuries":0}},{"type":"Feature","geometry":{"type":"Point","coordinates":[-82.26667,29.16667]},"properties":{"id":"ncei-2001-5234018","year":2001,"month":3,"state":"FL","stateName":"Florida","scale":0,"scaleLabel":"F0","lengthMiles":2.5,"deaths":0,"injuries":0}},{"type":"Feature","geometry":{"type":"Point","coordinates":[-81.96667,29.73333]},"properties":{"id":"ncei-2001-5234030","year":2001,"month":3,"state":"FL","stateName":"Florida","scale":0,"scaleLabel":"F0","lengthMiles":0.1,"deaths":0,"injuries":0}},{"type":"Feature","geometry":{"type":"Point","coordinates":[-81.75,29.87]},"properties":{"id":"ncei-2001-5234032","year":2001,"month":3,"state":"FL","stateName":"Florida","scale":2,"scaleLabel":"F2","lengthMiles":12,"deaths":0,"injuries":0}},{"type":"Feature","geometry":{"type":"Point","coordinates":[-81.51667,30.63333]},"properties":{"id":"ncei-2001-5234037","year":2001,"month":3,"state":"FL","stateName":"Florida","scale":0,"scaleLabel":"F0","lengthMiles":0.1,"deaths":0,"injuries":0}},{"type":"Feature","geometry":{"type":"Point","coordinates":[-86.76667,34.78333]},"properties":{"id":"ncei-2001-5234092","year":2001,"month":2,"state":"AL","stateName":"Alabama","scale":0,"scaleLabel":"F0","lengthMiles":4.4,"deaths":0,"injuries":0}},{"type":"Feature","geometry":{"type":"Point","coordinates":[-82.06667,29.23333]},"properties":{"id":"ncei-2001-5234095","year":2001,"month":3,"state":"FL","stateName":"Florida","scale":0,"scaleLabel":"F0","lengthMiles":0.5,"deaths":0,"injuries":0}},{"type":"Feature","geometry":{"type":"Point","coordinates":[-82.36667,28.98333]},"properties":{"id":"ncei-2001-5234136","year":2001,"month":3,"state":"FL","stateName":"Florida","scale":2,"scaleLabel":"F2","lengthMiles":22,"deaths":0,"injuries":0}},{"type":"Feature","geometry":{"type":"Point","coordinates":[-87.2,35.53333]},"properties":{"id":"ncei-2001-5234296","year":2001,"month":2,"state":"TN","stateName":"Tennessee","scale":0,"scaleLabel":"F0","lengthMiles":0.1,"deaths":0,"injuries":0}},{"type":"Feature","geometry":{"type":"Point","coordinates":[-86.81667,35.98333]},"properties":{"id":"ncei-2001-5234355","year":2001,"month":2,"state":"TN","stateName":"Tennessee","scale":0,"scaleLabel":"F0","lengthMiles":0.1,"deaths":0,"injuries":0}},{"type":"Feature","geometry":{"type":"Point","coordinates":[-86.53333,35.98333]},"properties":{"id":"ncei-2001-5234363","year":2001,"month":2,"state":"TN","stateName":"Tennessee","scale":0,"scaleLabel":"F0","lengthMiles":0.1,"deaths":0,"injuries":0}},{"type":"Feature","geometry":{"type":"Point","coordinates":[-86.21667,36.13333]},"properties":{"id":"ncei-2001-5234364","year":2001,"month":2,"state":"TN","stateName":"Tennessee","scale":0,"scaleLabel":"F0","lengthMiles":0.1,"deaths":0,"injuries":0}},{"type":"Feature","geometry":{"type":"Point","coordinates":[-92.71667,37.1]},"properties":{"id":"ncei-2001-5234751","year":2001,"month":2,"state":"MO","stateName":"Missouri","scale":1,"scaleLabel":"F1","lengthMiles":5,"deaths":0,"injuries":0}},{"type":"Feature","geometry":{"type":"Point","coordinates":[-92.7,37.11667]},"properties":{"id":"ncei-2001-5234822","year":2001,"month":2,"state":"MO","stateName":"Missouri","scale":0,"scaleLabel":"F0","lengthMiles":1.5,"deaths":0,"injuries":0}},{"type":"Feature","geometry":{"type":"Point","coordinates":[-94.66667,32.25]},"properties":{"id":"ncei-2001-5234911","year":2001,"month":3,"state":"TX","stateName":"Texas","scale":1,"scaleLabel":"F1","lengthMiles":10,"deaths":0,"injuries":0}},{"type":"Feature","geometry":{"type":"Point","coordinates":[-94.51667,32.3]},"properties":{"id":"ncei-2001-5234912","year":2001,"month":3,"state":"TX","stateName":"Texas","scale":1,"scaleLabel":"F1","lengthMiles":5.8,"deaths":0,"injuries":0}},{"type":"Feature","geometry":{"type":"Point","coordinates":[-96.16667,34.5]},"properties":{"id":"ncei-2001-5235560","year":2001,"month":4,"state":"OK","stateName":"Oklahoma","scale":2,"scaleLabel":"F2","lengthMiles":8,"deaths":1,"injuries":1}},{"type":"Feature","geometry":{"type":"Point","coordinates":[-95.96667,34.6]},"properties":{"id":"ncei-2001-5235561","year":2001,"month":4,"state":"OK","stateName":"Oklahoma","scale":0,"scaleLabel":"F0","lengthMiles":5,"deaths":0,"injuries":0}},{"type":"Feature","geometry":{"type":"Point","coordinates":[-86.61667,31.4]},"properties":{"id":"ncei-2001-5235588","year":2001,"month":3,"state":"AL","stateName":"Alabama","scale":1,"scaleLabel":"F1","lengthMiles":3.2,"deaths":2,"injuries":1}},{"type":"Feature","geometry":{"type":"Point","coordinates":[-96.55,34.08333]},"properties":{"id":"ncei-2001-5235674","year":2001,"month":4,"state":"OK","stateName":"Oklahoma","scale":0,"scaleLabel":"F0","lengthMiles":0.3,"deaths":0,"injuries":0}},{"type":"Feature","geometry":{"type":"Point","coordinates":[-97.15,33.73333]},"properties":{"id":"ncei-2001-5235676","year":2001,"month":4,"state":"OK","stateName":"Oklahoma","scale":1,"scaleLabel":"F1","lengthMiles":5,"deaths":0,"injuries":0}},{"type":"Feature","geometry":{"type":"Point","coordinates":[-97.9,37.48333]},"properties":{"id":"ncei-2001-5235750","year":2001,"month":4,"state":"KS","stateName":"Kansas","scale":0,"scaleLabel":"F0","lengthMiles":0.5,"deaths":0,"injuries":0}},{"type":"Feature","geometry":{"type":"Point","coordinates":[-98.53333,33.85]},"properties":{"id":"ncei-2001-5235899","year":2001,"month":4,"state":"TX","stateName":"Texas","scale":1,"scaleLabel":"F1","lengthMiles":4.5,"deaths":0,"injuries":0}},{"type":"Feature","geometry":{"type":"Point","coordinates":[-96.5,37.25]},"properties":{"id":"ncei-2001-5235978","year":2001,"month":4,"state":"KS","stateName":"Kansas","scale":0,"scaleLabel":"F0","lengthMiles":0.5,"deaths":0,"injuries":0}},{"type":"Feature","geometry":{"type":"Point","coordinates":[-93.9,41.61667]},"properties":{"id":"ncei-2001-5236119","year":2001,"month":4,"state":"IA","stateName":"Iowa","scale":0,"scaleLabel":"F0","lengthMiles":0.2,"deaths":0,"injuries":0}},{"type":"Feature","geometry":{"type":"Point","coordinates":[-98.78333,38.5]},"properties":{"id":"ncei-2001-5236229","year":2001,"month":4,"state":"KS","stateName":"Kansas","scale":4,"scaleLabel":"F4","lengthMiles":5,"deaths":1,"injuries":28}},{"type":"Feature","geometry":{"type":"Point","coordinates":[-98.78333,38.63333]},"properties":{"id":"ncei-2001-5236232","year":2001,"month":4,"state":"KS","stateName":"Kansas","scale":0,"scaleLabel":"F0","lengthMiles":0.5,"deaths":0,"injuries":0}},{"type":"Feature","geometry":{"type":"Point","coordinates":[-98.33333,38.66667]},"properties":{"id":"ncei-2001-5236234","year":2001,"month":4,"state":"KS","stateName":"Kansas","scale":0,"scaleLabel":"F0","lengthMiles":0.5,"deaths":0,"injuries":0}},{"type":"Feature","geometry":{"type":"Point","coordinates":[-102.98333,36.36667]},"properties":{"id":"ncei-2001-5236285","year":2001,"month":3,"state":"TX","stateName":"Texas","scale":0,"scaleLabel":"F0","lengthMiles":0.1,"deaths":0,"injuries":0}},{"type":"Feature","geometry":{"type":"Point","coordinates":[-96.83333,35.16667]},"properties":{"id":"ncei-2001-5236322","year":2001,"month":4,"state":"OK","stateName":"Oklahoma","scale":1,"scaleLabel":"F1","lengthMiles":5,"deaths":0,"injuries":0}},{"type":"Feature","geometry":{"type":"Point","coordinates":[-90.51667,30.93333]},"properties":{"id":"ncei-2001-5236327","year":2001,"month":3,"state":"LA","stateName":"Louisiana","scale":0,"scaleLabel":"F0","lengthMiles":0.3,"deaths":0,"injuries":0}},{"type":"Feature","geometry":{"type":"Point","coordinates":[-89.6,30.71667]},"properties":{"id":"ncei-2001-5236329","year":2001,"month":3,"state":"MS","stateName":"Mississippi","scale":0,"scaleLabel":"F0","lengthMiles":0.2,"deaths":0,"injuries":0}},{"type":"Feature","geometry":{"type":"Point","coordinates":[-89.13333,30.66667]},"properties":{"id":"ncei-2001-5236330","year":2001,"month":3,"state":"MS","stateName":"Mississippi","scale":0,"scaleLabel":"F0","lengthMiles":0.1,"deaths":0,"injuries":0}},{"type":"Feature","geometry":{"type":"Point","coordinates":[-89,30.65]},"properties":{"id":"ncei-2001-5236332","year":2001,"month":3,"state":"MS","stateName":"Mississippi","scale":0,"scaleLabel":"F0","lengthMiles":0.2,"deaths":0,"injuries":0}},{"type":"Feature","geometry":{"type":"Point","coordinates":[-90.38333,30.93333]},"properties":{"id":"ncei-2001-5236337","year":2001,"month":3,"state":"LA","stateName":"Louisiana","scale":0,"scaleLabel":"F0","lengthMiles":0.2,"deaths":0,"injuries":0}},{"type":"Feature","geometry":{"type":"Point","coordinates":[-96.56667,34.56667]},"properties":{"id":"ncei-2001-5236388","year":2001,"month":4,"state":"OK","stateName":"Oklahoma","scale":2,"scaleLabel":"F2","lengthMiles":5.5,"deaths":0,"injuries":0}},{"type":"Feature","geometry":{"type":"Point","coordinates":[-96.5,34.63333]},"properties":{"id":"ncei-2001-5236389","year":2001,"month":4,"state":"OK","stateName":"Oklahoma","scale":2,"scaleLabel":"F2","lengthMiles":4.5,"deaths":0,"injuries":0}},{"type":"Feature","geometry":{"type":"Point","coordinates":[-96.46667,34.66667]},"properties":{"id":"ncei-2001-5236390","year":2001,"month":4,"state":"OK","stateName":"Oklahoma","scale":2,"scaleLabel":"F2","lengthMiles":4.5,"deaths":0,"injuries":0}},{"type":"Feature","geometry":{"type":"Point","coordinates":[-96.6,34.16667]},"properties":{"id":"ncei-2001-5236393","year":2001,"month":4,"state":"OK","stateName":"Oklahoma","scale":2,"scaleLabel":"F2","lengthMiles":16,"deaths":0,"injuries":4}},{"type":"Feature","geometry":{"type":"Point","coordinates":[-96.38333,34.36667]},"properties":{"id":"ncei-2001-5236394","year":2001,"month":4,"state":"OK","stateName":"Oklahoma","scale":0,"scaleLabel":"F0","lengthMiles":3,"deaths":0,"injuries":0}},{"type":"Feature","geometry":{"type":"Point","coordinates":[-90.05,31.21667]},"properties":{"id":"ncei-2001-5236399","year":2001,"month":3,"state":"MS","stateName":"Mississippi","scale":1,"scaleLabel":"F1","lengthMiles":0.5,"deaths":0,"injuries":0}},{"type":"Feature","geometry":{"type":"Point","coordinates":[-98.23333,38.85]},"properties":{"id":"ncei-2001-5236507","year":2001,"month":4,"state":"KS","stateName":"Kansas","scale":0,"scaleLabel":"F0","lengthMiles":2,"deaths":0,"injuries":0}},{"type":"Feature","geometry":{"type":"Point","coordinates":[-98.15,38.93333]},"properties":{"id":"ncei-2001-5236511","year":2001,"month":4,"state":"KS","stateName":"Kansas","scale":0,"scaleLabel":"F0","lengthMiles":2,"deaths":0,"injuries":0}},{"type":"Feature","geometry":{"type":"Point","coordinates":[-86.3,32.38333]},"properties":{"id":"ncei-2001-5236850","year":2001,"month":3,"state":"AL","stateName":"Alabama","scale":1,"scaleLabel":"F1","lengthMiles":2.2,"deaths":0,"injuries":0}},{"type":"Feature","geometry":{"type":"Point","coordinates":[-98.75,42.2]},"properties":{"id":"ncei-2001-5236887","year":2001,"month":4,"state":"NE","stateName":"Nebraska","scale":1,"scaleLabel":"F1","lengthMiles":1,"deaths":0,"injuries":0}},{"type":"Feature","geometry":{"type":"Point","coordinates":[-99.51667,41.35]},"properties":{"id":"ncei-2001-5236888","year":2001,"month":4,"state":"NE","stateName":"Nebraska","scale":1,"scaleLabel":"F1","lengthMiles":1,"deaths":0,"injuries":0}},{"type":"Feature","geometry":{"type":"Point","coordinates":[-77.05,34.68333]},"properties":{"id":"ncei-2001-5237266","year":2001,"month":4,"state":"NC","stateName":"North Carolina","scale":0,"scaleLabel":"F0","lengthMiles":0.2,"deaths":0,"injuries":0}},{"type":"Feature","geometry":{"type":"Point","coordinates":[-76.7,34.71667]},"properties":{"id":"ncei-2001-5237268","year":2001,"month":4,"state":"NC","stateName":"North Carolina","scale":1,"scaleLabel":"F1","lengthMiles":0.5,"deaths":0,"injuries":0}},{"type":"Feature","geometry":{"type":"Point","coordinates":[-76.48333,34.87]},"properties":{"id":"ncei-2001-5237269","year":2001,"month":4,"state":"NC","stateName":"North Carolina","scale":0,"scaleLabel":"F0","lengthMiles":0.5,"deaths":0,"injuries":0}},{"type":"Feature","geometry":{"type":"Point","coordinates":[-94.36667,40.6]},"properties":{"id":"ncei-2001-5237286","year":2001,"month":4,"state":"IA","stateName":"Iowa","scale":1,"scaleLabel":"F1","lengthMiles":15.5,"deaths":0,"injuries":0}},{"type":"Feature","geometry":{"type":"Point","coordinates":[-94.01667,41.33333]},"properties":{"id":"ncei-2001-5237287","year":2001,"month":4,"state":"IA","stateName":"Iowa","scale":0,"scaleLabel":"F0","lengthMiles":0.5,"deaths":0,"injuries":0}},{"type":"Feature","geometry":{"type":"Point","coordinates":[-93.1,41.31667]},"properties":{"id":"ncei-2001-5237288","year":2001,"month":4,"state":"IA","stateName":"Iowa","scale":0,"scaleLabel":"F0","lengthMiles":0.7,"deaths":0,"injuries":0}},{"type":"Feature","geometry":{"type":"Point","coordinates":[-94.2,41.58333]},"properties":{"id":"ncei-2001-5237289","year":2001,"month":4,"state":"IA","stateName":"Iowa","scale":1,"scaleLabel":"F1","lengthMiles":3,"deaths":0,"injuries":0}},{"type":"Feature","geometry":{"type":"Point","coordinates":[-94.01667,41.53333]},"properties":{"id":"ncei-2001-5237290","year":2001,"month":4,"state":"IA","stateName":"Iowa","scale":1,"scaleLabel":"F1","lengthMiles":4,"deaths":0,"injuries":0}},{"type":"Feature","geometry":{"type":"Point","coordinates":[-93.96667,41.68333]},"properties":{"id":"ncei-2001-5237291","year":2001,"month":4,"state":"IA","stateName":"Iowa","scale":1,"scaleLabel":"F1","lengthMiles":2,"deaths":0,"injuries":0}},{"type":"Feature","geometry":{"type":"Point","coordinates":[-94.11667,41.83333]},"properties":{"id":"ncei-2001-5237292","year":2001,"month":4,"state":"IA","stateName":"Iowa","scale":0,"scaleLabel":"F0","lengthMiles":1,"deaths":0,"injuries":0}},{"type":"Feature","geometry":{"type":"Point","coordinates":[-93.8,41.68333]},"properties":{"id":"ncei-2001-5237293","year":2001,"month":4,"state":"IA","stateName":"Iowa","scale":0,"scaleLabel":"F0","lengthMiles":0.5,"deaths":0,"injuries":0}},{"type":"Feature","geometry":{"type":"Point","coordinates":[-94.01667,42.16667]},"properties":{"id":"ncei-2001-5237294","year":2001,"month":4,"state":"IA","stateName":"Iowa","scale":1,"scaleLabel":"F1","lengthMiles":2.2,"deaths":0,"injuries":0}},{"type":"Feature","geometry":{"type":"Point","coordinates":[-93.76667,42.06667]},"properties":{"id":"ncei-2001-5237295","year":2001,"month":4,"state":"IA","stateName":"Iowa","scale":2,"scaleLabel":"F2","lengthMiles":8.4,"deaths":2,"injuries":3}},{"type":"Feature","geometry":{"type":"Point","coordinates":[-93.1,41.31667]},"properties":{"id":"ncei-2001-5237296","year":2001,"month":4,"state":"IA","stateName":"Iowa","scale":0,"scaleLabel":"F0","lengthMiles":0.2,"deaths":0,"injuries":0}},{"type":"Feature","geometry":{"type":"Point","coordinates":[-92.78333,42.56667]},"properties":{"id":"ncei-2001-5237297","year":2001,"month":4,"state":"IA","stateName":"Iowa","scale":1,"scaleLabel":"F1","lengthMiles":10,"deaths":0,"injuries":0}},{"type":"Feature","geometry":{"type":"Point","coordinates":[-93.7,41.66667]},"properties":{"id":"ncei-2001-5237298","year":2001,"month":4,"state":"IA","stateName":"Iowa","scale":1,"scaleLabel":"F1","lengthMiles":12,"deaths":0,"injuries":0}},{"type":"Feature","geometry":{"type":"Point","coordinates":[-93.71667,41.58333]},"properties":{"id":"ncei-2001-5237299","year":2001,"month":4,"state":"IA","stateName":"Iowa","scale":0,"scaleLabel":"F0","lengthMiles":5,"deaths":0,"injuries":0}},{"type":"Feature","geometry":{"type":"Point","coordinates":[-97.3,33.48333]},"properties":{"id":"ncei-2001-5237567","year":2001,"month":4,"state":"TX","stateName":"Texas","scale":1,"scaleLabel":"F1","lengthMiles":5.5,"deaths":0,"injuries":0}},{"type":"Feature","geometry":{"type":"Point","coordinates":[-97.46667,33.58333]},"properties":{"id":"ncei-2001-5237568","year":2001,"month":4,"state":"TX","stateName":"Texas","scale":1,"scaleLabel":"F1","lengthMiles":7.8,"deaths":0,"injuries":0}},{"type":"Feature","geometry":{"type":"Point","coordinates":[-97.2,33.66667]},"properties":{"id":"ncei-2001-5237569","year":2001,"month":4,"state":"TX","stateName":"Texas","scale":1,"scaleLabel":"F1","lengthMiles":2.6,"deaths":0,"injuries":0}},{"type":"Feature","geometry":{"type":"Point","coordinates":[-93.53333,42.51667]},"properties":{"id":"ncei-2001-5237581","year":2001,"month":4,"state":"IA","stateName":"Iowa","scale":1,"scaleLabel":"F1","lengthMiles":0.6,"deaths":0,"injuries":0}},{"type":"Feature","geometry":{"type":"Point","coordinates":[-92.25,42.41667]},"properties":{"id":"ncei-2001-5237591","year":2001,"month":4,"state":"IA","stateName":"Iowa","scale":0,"scaleLabel":"F0","lengthMiles":0.3,"deaths":0,"injuries":0}},{"type":"Feature","geometry":{"type":"Point","coordinates":[-97.1,33.76667]},"properties":{"id":"ncei-2001-5237698","year":2001,"month":4,"state":"TX","stateName":"Texas","scale":1,"scaleLabel":"F1","lengthMiles":11.4,"deaths":0,"injuries":0}},{"type":"Feature","geometry":{"type":"Point","coordinates":[-98.36667,32.61667]},"properties":{"id":"ncei-2001-5237853","year":2001,"month":4,"state":"TX","stateName":"Texas","scale":0,"scaleLabel":"F0","lengthMiles":50,"deaths":0,"injuries":0}},{"type":"Feature","geometry":{"type":"Point","coordinates":[-84.7,31.08333]},"properties":{"id":"ncei-2001-5238004","year":2001,"month":3,"state":"GA","stateName":"Georgia","scale":1,"scaleLabel":"F1","lengthMiles":2,"deaths":0,"injuries":2}},{"type":"Feature","geometry":{"type":"Point","coordinates":[-90.03333,31.2]},"properties":{"id":"ncei-2001-5238048","year":2001,"month":3,"state":"MS","stateName":"Mississippi","scale":1,"scaleLabel":"F1","lengthMiles":5,"deaths":0,"injuries":0}},{"type":"Feature","geometry":{"type":"Point","coordinates":[-89.8,31.25]},"properties":{"id":"ncei-2001-5238049","year":2001,"month":3,"state":"MS","stateName":"Mississippi","scale":1,"scaleLabel":"F1","lengthMiles":6,"deaths":0,"injuries":0}},{"type":"Feature","geometry":{"type":"Point","coordinates":[-84.41667,30.83333]},"properties":{"id":"ncei-2001-5238095","year":2001,"month":3,"state":"GA","stateName":"Georgia","scale":2,"scaleLabel":"F2","lengthMiles":1,"deaths":0,"injuries":4}},{"type":"Feature","geometry":{"type":"Point","coordinates":[-84.36667,30.85]},"properties":{"id":"ncei-2001-5238096","year":2001,"month":3,"state":"GA","stateName":"Georgia","scale":2,"scaleLabel":"F2","lengthMiles":5,"deaths":0,"injuries":9}},{"type":"Feature","geometry":{"type":"Point","coordinates":[-85.25,30.26667]},"properties":{"id":"ncei-2001-5238097","year":2001,"month":3,"state":"FL","stateName":"Florida","scale":2,"scaleLabel":"F2","lengthMiles":2,"deaths":0,"injuries":0}},{"type":"Feature","geometry":{"type":"Point","coordinates":[-83.81667,30.96667]},"properties":{"id":"ncei-2001-5238098","year":2001,"month":3,"state":"GA","stateName":"Georgia","scale":0,"scaleLabel":"F0","lengthMiles":6,"deaths":0,"injuries":0}},{"type":"Feature","geometry":{"type":"Point","coordinates":[-89.7,31.3]},"properties":{"id":"ncei-2001-5238134","year":2001,"month":3,"state":"MS","stateName":"Mississippi","scale":1,"scaleLabel":"F1","lengthMiles":1,"deaths":0,"injuries":0}},{"type":"Feature","geometry":{"type":"Point","coordinates":[-89.61667,31.3]},"properties":{"id":"ncei-2001-5238135","year":2001,"month":3,"state":"MS","stateName":"Mississippi","scale":1,"scaleLabel":"F1","lengthMiles":17,"deaths":0,"injuries":7}},{"type":"Feature","geometry":{"type":"Point","coordinates":[-89.31667,31.31667]},"properties":{"id":"ncei-2001-5238136","year":2001,"month":3,"state":"MS","stateName":"Mississippi","scale":1,"scaleLabel":"F1","lengthMiles":7,"deaths":0,"injuries":5}},{"type":"Feature","geometry":{"type":"Point","coordinates":[-89.83333,31.26667]},"properties":{"id":"ncei-2001-5238147","year":2001,"month":3,"state":"MS","stateName":"Mississippi","scale":1,"scaleLabel":"F1","lengthMiles":8,"deaths":0,"injuries":0}},{"type":"Feature","geometry":{"type":"Point","coordinates":[-83.73333,30.95]},"properties":{"id":"ncei-2001-5238185","year":2001,"month":3,"state":"GA","stateName":"Georgia","scale":0,"scaleLabel":"F0","lengthMiles":3,"deaths":0,"injuries":0}},{"type":"Feature","geometry":{"type":"Point","coordinates":[-85.55,30.6]},"properties":{"id":"ncei-2001-5238186","year":2001,"month":3,"state":"FL","stateName":"Florida","scale":2,"scaleLabel":"F2","lengthMiles":7,"deaths":1,"injuries":21}},{"type":"Feature","geometry":{"type":"Point","coordinates":[-85.41667,30.63333]},"properties":{"id":"ncei-2001-5238187","year":2001,"month":3,"state":"FL","stateName":"Florida","scale":2,"scaleLabel":"F2","lengthMiles":3,"deaths":0,"injuries":0}},{"type":"Feature","geometry":{"type":"Point","coordinates":[-82.7,28.35]},"properties":{"id":"ncei-2001-5238188","year":2001,"month":3,"state":"FL","stateName":"Florida","scale":0,"scaleLabel":"F0","lengthMiles":4.7,"deaths":0,"injuries":0}},{"type":"Feature","geometry":{"type":"Point","coordinates":[-82.56667,28.95]},"properties":{"id":"ncei-2001-5238289","year":2001,"month":3,"state":"FL","stateName":"Florida","scale":0,"scaleLabel":"F0","lengthMiles":10.3,"deaths":0,"injuries":0}},{"type":"Feature","geometry":{"type":"Point","coordinates":[-82.38333,28.88333]},"properties":{"id":"ncei-2001-5238391","year":2001,"month":3,"state":"FL","stateName":"Florida","scale":0,"scaleLabel":"F0","lengthMiles":2.7,"deaths":0,"injuries":1}},{"type":"Feature","geometry":{"type":"Point","coordinates":[-82.23333,28.33333]},"properties":{"id":"ncei-2001-5238398","year":2001,"month":3,"state":"FL","stateName":"Florida","scale":0,"scaleLabel":"F0","lengthMiles":2.3,"deaths":0,"injuries":0}},{"type":"Feature","geometry":{"type":"Point","coordinates":[-91.85,42.96667]},"properties":{"id":"ncei-2001-5238479","year":2001,"month":4,"state":"IA","stateName":"Iowa","scale":1,"scaleLabel":"F1","lengthMiles":2,"deaths":0,"injuries":1}},{"type":"Feature","geometry":{"type":"Point","coordinates":[-85.95,43.06667]},"properties":{"id":"ncei-2001-5238676","year":2001,"month":4,"state":"MI","stateName":"Michigan","scale":0,"scaleLabel":"F0","lengthMiles":0.1,"deaths":0,"injuries":0}},{"type":"Feature","geometry":{"type":"Point","coordinates":[-86.15,43.2]},"properties":{"id":"ncei-2001-5238678","year":2001,"month":4,"state":"MI","stateName":"Michigan","scale":0,"scaleLabel":"F0","lengthMiles":0.1,"deaths":0,"injuries":0}},{"type":"Feature","geometry":{"type":"Point","coordinates":[-94.03333,40.61667]},"properties":{"id":"ncei-2001-5238902","year":2001,"month":4,"state":"IA","stateName":"Iowa","scale":0,"scaleLabel":"F0","lengthMiles":0.3,"deaths":0,"injuries":0}},{"type":"Feature","geometry":{"type":"Point","coordinates":[-94.73333,41.13333]},"properties":{"id":"ncei-2001-5238908","year":2001,"month":4,"state":"IA","stateName":"Iowa","scale":1,"scaleLabel":"F1","lengthMiles":1,"deaths":0,"injuries":1}},{"type":"Feature","geometry":{"type":"Point","coordinates":[-92.28333,42.01667]},"properties":{"id":"ncei-2001-5238909","year":2001,"month":4,"state":"IA","stateName":"Iowa","scale":0,"scaleLabel":"F0","lengthMiles":0.1,"deaths":0,"injuries":0}},{"type":"Feature","geometry":{"type":"Point","coordinates":[-92.2,42.31667]},"properties":{"id":"ncei-2001-5239050","year":2001,"month":4,"state":"IA","stateName":"Iowa","scale":3,"scaleLabel":"F3","lengthMiles":23.5,"deaths":0,"injuries":0}},{"type":"Feature","geometry":{"type":"Point","coordinates":[-93.2,42.9]},"properties":{"id":"ncei-2001-5239051","year":2001,"month":4,"state":"IA","stateName":"Iowa","scale":2,"scaleLabel":"F2","lengthMiles":11.5,"deaths":0,"injuries":0}},{"type":"Feature","geometry":{"type":"Point","coordinates":[-93.31667,41.01667]},"properties":{"id":"ncei-2001-5239052","year":2001,"month":4,"state":"IA","stateName":"Iowa","scale":2,"scaleLabel":"F2","lengthMiles":10,"deaths":0,"injuries":0}},{"type":"Feature","geometry":{"type":"Point","coordinates":[-98.55,40.4]},"properties":{"id":"ncei-2001-5239279","year":2001,"month":4,"state":"NE","stateName":"Nebraska","scale":0,"scaleLabel":"F0","lengthMiles":0.1,"deaths":0,"injuries":0}},{"type":"Feature","geometry":{"type":"Point","coordinates":[-98.08333,40.03333]},"properties":{"id":"ncei-2001-5239281","year":2001,"month":4,"state":"NE","stateName":"Nebraska","scale":0,"scaleLabel":"F0","lengthMiles":0.5,"deaths":0,"injuries":0}},{"type":"Feature","geometry":{"type":"Point","coordinates":[-95.43333,40.98333]},"properties":{"id":"ncei-2001-5239350","year":2001,"month":4,"state":"IA","stateName":"Iowa","scale":0,"scaleLabel":"F0","lengthMiles":2,"deaths":0,"injuries":0}},{"type":"Feature","geometry":{"type":"Point","coordinates":[-95.46667,41.26667]},"properties":{"id":"ncei-2001-5239351","year":2001,"month":4,"state":"IA","stateName":"Iowa","scale":1,"scaleLabel":"F1","lengthMiles":0.5,"deaths":0,"injuries":0}},{"type":"Feature","geometry":{"type":"Point","coordinates":[-95.48333,41.61667]},"properties":{"id":"ncei-2001-5239352","year":2001,"month":4,"state":"IA","stateName":"Iowa","scale":0,"scaleLabel":"F0","lengthMiles":0.2,"deaths":0,"injuries":0}},{"type":"Feature","geometry":{"type":"Point","coordinates":[-109.56667,41.51667]},"properties":{"id":"ncei-2001-5239370","year":2001,"month":4,"state":"WY","stateName":"Wyoming","scale":1,"scaleLabel":"F1","lengthMiles":0.2,"deaths":0,"injuries":0}},{"type":"Feature","geometry":{"type":"Point","coordinates":[-98.51667,40.06667]},"properties":{"id":"ncei-2001-5239378","year":2001,"month":4,"state":"NE","stateName":"Nebraska","scale":0,"scaleLabel":"F0","lengthMiles":3,"deaths":0,"injuries":0}},{"type":"Feature","geometry":{"type":"Point","coordinates":[-98.21667,40.15]},"properties":{"id":"ncei-2001-5239379","year":2001,"month":4,"state":"NE","stateName":"Nebraska","scale":1,"scaleLabel":"F1","lengthMiles":12,"deaths":0,"injuries":0}},{"type":"Feature","geometry":{"type":"Point","coordinates":[-97.56667,40.15]},"properties":{"id":"ncei-2001-5239380","year":2001,"month":4,"state":"NE","stateName":"Nebraska","scale":1,"scaleLabel":"F1","lengthMiles":1,"deaths":0,"injuries":1}},{"type":"Feature","geometry":{"type":"Point","coordinates":[-99.56667,39.18333]},"properties":{"id":"ncei-2001-5239381","year":2001,"month":4,"state":"KS","stateName":"Kansas","scale":1,"scaleLabel":"F1","lengthMiles":14,"deaths":0,"injuries":0}},{"type":"Feature","geometry":{"type":"Point","coordinates":[-99.4,39.15]},"properties":{"id":"ncei-2001-5239382","year":2001,"month":4,"state":"KS","stateName":"Kansas","scale":1,"scaleLabel":"F1","lengthMiles":20,"deaths":0,"injuries":0}},{"type":"Feature","geometry":{"type":"Point","coordinates":[-99.3,39.21667]},"properties":{"id":"ncei-2001-5239383","year":2001,"month":4,"state":"KS","stateName":"Kansas","scale":0,"scaleLabel":"F0","lengthMiles":3,"deaths":0,"injuries":1}},{"type":"Feature","geometry":{"type":"Point","coordinates":[-95.75,41.13333]},"properties":{"id":"ncei-2001-5239427","year":2001,"month":4,"state":"IA","stateName":"Iowa","scale":1,"scaleLabel":"F1","lengthMiles":2,"deaths":0,"injuries":0}},{"type":"Feature","geometry":{"type":"Point","coordinates":[-95.7,41.2]},"properties":{"id":"ncei-2001-5239428","year":2001,"month":4,"state":"IA","stateName":"Iowa","scale":0,"scaleLabel":"F0","lengthMiles":2,"deaths":0,"injuries":0}},{"type":"Feature","geometry":{"type":"Point","coordinates":[-95.76667,41.36667]},"properties":{"id":"ncei-2001-5239429","year":2001,"month":4,"state":"IA","stateName":"Iowa","scale":0,"scaleLabel":"F0","lengthMiles":0.2,"deaths":0,"injuries":0}},{"type":"Feature","geometry":{"type":"Point","coordinates":[-96.13333,41.08333]},"properties":{"id":"ncei-2001-5239431","year":2001,"month":4,"state":"NE","stateName":"Nebraska","scale":0,"scaleLabel":"F0","lengthMiles":0.1,"deaths":0,"injuries":0}},{"type":"Feature","geometry":{"type":"Point","coordinates":[-97.5,42.45]},"properties":{"id":"ncei-2001-5239432","year":2001,"month":4,"state":"NE","stateName":"Nebraska","scale":0,"scaleLabel":"F0","lengthMiles":0.2,"deaths":0,"injuries":0}},{"type":"Feature","geometry":{"type":"Point","coordinates":[-94.13333,37.86667]},"properties":{"id":"ncei-2001-5239569","year":2001,"month":4,"state":"MO","stateName":"Missouri","scale":0,"scaleLabel":"F0","lengthMiles":0.1,"deaths":0,"injuries":0}},{"type":"Feature","geometry":{"type":"Point","coordinates":[-96.5,40.25]},"properties":{"id":"ncei-2001-5239638","year":2001,"month":4,"state":"NE","stateName":"Nebraska","scale":2,"scaleLabel":"F2","lengthMiles":2,"deaths":0,"injuries":2}},{"type":"Feature","geometry":{"type":"Point","coordinates":[-96.66667,40.13333]},"properties":{"id":"ncei-2001-5239639","year":2001,"month":4,"state":"NE","stateName":"Nebraska","scale":1,"scaleLabel":"F1","lengthMiles":1,"deaths":0,"injuries":0}},{"type":"Feature","geometry":{"type":"Point","coordinates":[-94.41667,36.76667]},"properties":{"id":"ncei-2001-5239678","year":2001,"month":4,"state":"MO","stateName":"Missouri","scale":1,"scaleLabel":"F1","lengthMiles":8,"deaths":0,"injuries":0}},{"type":"Feature","geometry":{"type":"Point","coordinates":[-93.43333,36.61667]},"properties":{"id":"ncei-2001-5239773","year":2001,"month":4,"state":"MO","stateName":"Missouri","scale":1,"scaleLabel":"F1","lengthMiles":0.1,"deaths":0,"injuries":0}},{"type":"Feature","geometry":{"type":"Point","coordinates":[-94.51667,37.01667]},"properties":{"id":"ncei-2001-5239785","year":2001,"month":4,"state":"MO","stateName":"Missouri","scale":1,"scaleLabel":"F1","lengthMiles":5,"deaths":0,"injuries":1}},{"type":"Feature","geometry":{"type":"Point","coordinates":[-77.68333,34.5]},"properties":{"id":"ncei-2001-5239809","year":2001,"month":4,"state":"NC","stateName":"North Carolina","scale":0,"scaleLabel":"F0","lengthMiles":0.3,"deaths":0,"injuries":0}},{"type":"Feature","geometry":{"type":"Point","coordinates":[-89.53333,41.05]},"properties":{"id":"ncei-2001-5239916","year":2001,"month":4,"state":"IL","stateName":"Illinois","scale":0,"scaleLabel":"F0","lengthMiles":0.3,"deaths":0,"injuries":0}},{"type":"Feature","geometry":{"type":"Point","coordinates":[-80.51667,41.02]},"properties":{"id":"ncei-2001-5239969","year":2001,"month":4,"state":"PA","stateName":"Pennsylvania","scale":0,"scaleLabel":"F0","lengthMiles":1,"deaths":0,"injuries":0}},{"type":"Feature","geometry":{"type":"Point","coordinates":[-80.03333,40.91667]},"properties":{"id":"ncei-2001-5239975","year":2001,"month":4,"state":"PA","stateName":"Pennsylvania","scale":0,"scaleLabel":"F0","lengthMiles":4,"deaths":0,"injuries":0}},{"type":"Feature","geometry":{"type":"Point","coordinates":[-97.91667,39.76667]},"properties":{"id":"ncei-2001-5240232","year":2001,"month":4,"state":"KS","stateName":"Kansas","scale":1,"scaleLabel":"F1","lengthMiles":14,"deaths":0,"injuries":0}},{"type":"Feature","geometry":{"type":"Point","coordinates":[-97.63333,39.75]},"properties":{"id":"ncei-2001-5240234","year":2001,"month":4,"state":"KS","stateName":"Kansas","scale":1,"scaleLabel":"F1","lengthMiles":10,"deaths":0,"injuries":0}},{"type":"Feature","geometry":{"type":"Point","coordinates":[-97.1,39.81667]},"properties":{"id":"ncei-2001-5240239","year":2001,"month":4,"state":"KS","stateName":"Kansas","scale":1,"scaleLabel":"F1","lengthMiles":4,"deaths":0,"injuries":0}},{"type":"Feature","geometry":{"type":"Point","coordinates":[-97.33333,39.9]},"properties":{"id":"ncei-2001-5240243","year":2001,"month":4,"state":"KS","stateName":"Kansas","scale":0,"scaleLabel":"F0","lengthMiles":6,"deaths":0,"injuries":0}},{"type":"Feature","geometry":{"type":"Point","coordinates":[-96.51667,41.2]},"properties":{"id":"ncei-2001-5240877","year":2001,"month":4,"state":"NE","stateName":"Nebraska","scale":0,"scaleLabel":"F0","lengthMiles":0.2,"deaths":0,"injuries":0}},{"type":"Feature","geometry":{"type":"Point","coordinates":[-96.33333,41.5]},"properties":{"id":"ncei-2001-5240878","year":2001,"month":4,"state":"NE","stateName":"Nebraska","scale":1,"scaleLabel":"F1","lengthMiles":5,"deaths":0,"injuries":1}},{"type":"Feature","geometry":{"type":"Point","coordinates":[-97.71667,39.83333]},"properties":{"id":"ncei-2001-5240932","year":2001,"month":5,"state":"KS","stateName":"Kansas","scale":1,"scaleLabel":"F1","lengthMiles":0.2,"deaths":0,"injuries":0}},{"type":"Feature","geometry":{"type":"Point","coordinates":[-119.7,36.81667]},"properties":{"id":"ncei-2001-5240955","year":2001,"month":4,"state":"CA","stateName":"California","scale":0,"scaleLabel":"F0","lengthMiles":0.3,"deaths":0,"injuries":0}},{"type":"Feature","geometry":{"type":"Point","coordinates":[-95.13333,35.3]},"properties":{"id":"ncei-2001-5241185","year":2001,"month":4,"state":"OK","stateName":"Oklahoma","scale":1,"scaleLabel":"F1","lengthMiles":3,"deaths":0,"injuries":0}},{"type":"Feature","geometry":{"type":"Point","coordinates":[-88.85,42.08333]},"properties":{"id":"ncei-2001-5241264","year":2001,"month":5,"state":"IL","stateName":"Illinois","scale":0,"scaleLabel":"F0","lengthMiles":0.1,"deaths":0,"injuries":0}},{"type":"Feature","geometry":{"type":"Point","coordinates":[-87.71667,40.96667]},"properties":{"id":"ncei-2001-5241265","year":2001,"month":5,"state":"IL","stateName":"Illinois","scale":0,"scaleLabel":"F0","lengthMiles":0.2,"deaths":0,"injuries":0}},{"type":"Feature","geometry":{"type":"Point","coordinates":[-80.53333,41.03333]},"properties":{"id":"ncei-2001-5241338","year":2001,"month":4,"state":"OH","stateName":"Ohio","scale":2,"scaleLabel":"F2","lengthMiles":4,"deaths":0,"injuries":0}},{"type":"Feature","geometry":{"type":"Point","coordinates":[-86.83333,39.93333]},"properties":{"id":"ncei-2001-5241366","year":2001,"month":5,"state":"IN","stateName":"Indiana","scale":0,"scaleLabel":"F0","lengthMiles":0.5,"deaths":0,"injuries":0}},{"type":"Feature","geometry":{"type":"Point","coordinates":[-97.28333,37.4]},"properties":{"id":"ncei-2001-5241374","year":2001,"month":5,"state":"KS","stateName":"Kansas","scale":0,"scaleLabel":"F0","lengthMiles":0.5,"deaths":0,"injuries":0}},{"type":"Feature","geometry":{"type":"Point","coordinates":[-101.65,37.1]},"properties":{"id":"ncei-2001-5241431","year":2001,"month":4,"state":"KS","stateName":"Kansas","scale":2,"scaleLabel":"F2","lengthMiles":6.6,"deaths":0,"injuries":2}},{"type":"Feature","geometry":{"type":"Point","coordinates":[-101.4,37.28333]},"properties":{"id":"ncei-2001-5241437","year":2001,"month":4,"state":"KS","stateName":"Kansas","scale":1,"scaleLabel":"F1","lengthMiles":7,"deaths":0,"injuries":0}},{"type":"Feature","geometry":{"type":"Point","coordinates":[-101.28333,37.41667]},"properties":{"id":"ncei-2001-5241439","year":2001,"month":4,"state":"KS","stateName":"Kansas","scale":2,"scaleLabel":"F2","lengthMiles":14,"deaths":0,"injuries":0}},{"type":"Feature","geometry":{"type":"Point","coordinates":[-101.78333,37.55]},"properties":{"id":"ncei-2001-5241540","year":2001,"month":4,"state":"KS","stateName":"Kansas","scale":2,"scaleLabel":"F2","lengthMiles":10,"deaths":0,"injuries":0}},{"type":"Feature","geometry":{"type":"Point","coordinates":[-101.55,37.81667]},"properties":{"id":"ncei-2001-5241542","year":2001,"month":4,"state":"KS","stateName":"Kansas","scale":1,"scaleLabel":"F1","lengthMiles":9.6,"deaths":0,"injuries":0}},{"type":"Feature","geometry":{"type":"Point","coordinates":[-101.25,37.85]},"properties":{"id":"ncei-2001-5241544","year":2001,"month":4,"state":"KS","stateName":"Kansas","scale":0,"scaleLabel":"F0","lengthMiles":7.4,"deaths":0,"injuries":0}},{"type":"Feature","geometry":{"type":"Point","coordinates":[-98.96667,38.68333]},"properties":{"id":"ncei-2001-5241588","year":2001,"month":5,"state":"KS","stateName":"Kansas","scale":0,"scaleLabel":"F0","lengthMiles":3,"deaths":0,"injuries":0}},{"type":"Feature","geometry":{"type":"Point","coordinates":[-98.91667,38.7]},"properties":{"id":"ncei-2001-5241589","year":2001,"month":5,"state":"KS","stateName":"Kansas","scale":0,"scaleLabel":"F0","lengthMiles":1,"deaths":0,"injuries":0}},{"type":"Feature","geometry":{"type":"Point","coordinates":[-98.91667,38.71667]},"properties":{"id":"ncei-2001-5241603","year":2001,"month":5,"state":"KS","stateName":"Kansas","scale":0,"scaleLabel":"F0","lengthMiles":0.5,"deaths":0,"injuries":0}},{"type":"Feature","geometry":{"type":"Point","coordinates":[-97.33333,37.7]},"properties":{"id":"ncei-2001-5241605","year":2001,"month":5,"state":"KS","stateName":"Kansas","scale":0,"scaleLabel":"F0","lengthMiles":0.5,"deaths":0,"injuries":0}},{"type":"Feature","geometry":{"type":"Point","coordinates":[-98.91667,38.66667]},"properties":{"id":"ncei-2001-5241607","year":2001,"month":5,"state":"KS","stateName":"Kansas","scale":0,"scaleLabel":"F0","lengthMiles":0.5,"deaths":0,"injuries":0}},{"type":"Feature","geometry":{"type":"Point","coordinates":[-100.91667,38.38333]},"properties":{"id":"ncei-2001-5241660","year":2001,"month":4,"state":"KS","stateName":"Kansas","scale":1,"scaleLabel":"F1","lengthMiles":5.1,"deaths":0,"injuries":0}},{"type":"Feature","geometry":{"type":"Point","coordinates":[-101.13333,37.98333]},"properties":{"id":"ncei-2001-5241761","year":2001,"month":4,"state":"KS","stateName":"Kansas","scale":2,"scaleLabel":"F2","lengthMiles":17.3,"deaths":0,"injuries":0}},{"type":"Feature","geometry":{"type":"Point","coordinates":[-95.16667,37.16667]},"properties":{"id":"ncei-2001-5241822","year":2001,"month":5,"state":"KS","stateName":"Kansas","scale":0,"scaleLabel":"F0","lengthMiles":1,"deaths":0,"injuries":0}},{"type":"Feature","geometry":{"type":"Point","coordinates":[-99.45,38.2]},"properties":{"id":"ncei-2001-5242012","year":2001,"month":4,"state":"KS","stateName":"Kansas","scale":1,"scaleLabel":"F1","lengthMiles":1.1,"deaths":0,"injuries":0}},{"type":"Feature","geometry":{"type":"Point","coordinates":[-99.5,37.85]},"properties":{"id":"ncei-2001-5242013","year":2001,"month":4,"state":"KS","stateName":"Kansas","scale":2,"scaleLabel":"F2","lengthMiles":19,"deaths":0,"injuries":0}},{"type":"Feature","geometry":{"type":"Point","coordinates":[-92.51667,42.23333]},"properties":{"id":"ncei-2001-5242059","year":2001,"month":5,"state":"IA","stateName":"Iowa","scale":0,"scaleLabel":"F0","lengthMiles":0.2,"deaths":0,"injuries":0}},{"type":"Feature","geometry":{"type":"Point","coordinates":[-94.53333,41.81667]},"properties":{"id":"ncei-2001-5242065","year":2001,"month":5,"state":"IA","stateName":"Iowa","scale":2,"scaleLabel":"F2","lengthMiles":1.7,"deaths":0,"injuries":0}},{"type":"Feature","geometry":{"type":"Point","coordinates":[-93.1,41.93333]},"properties":{"id":"ncei-2001-5242069","year":2001,"month":5,"state":"IA","stateName":"Iowa","scale":2,"scaleLabel":"F2","lengthMiles":4,"deaths":0,"injuries":0}},{"type":"Feature","geometry":{"type":"Point","coordinates":[-94.2,41.58333]},"properties":{"id":"ncei-2001-5242070","year":2001,"month":5,"state":"IA","stateName":"Iowa","scale":2,"scaleLabel":"F2","lengthMiles":4,"deaths":0,"injuries":0}},{"type":"Feature","geometry":{"type":"Point","coordinates":[-81.46667,29.23333]},"properties":{"id":"ncei-2001-5242108","year":2001,"month":3,"state":"FL","stateName":"Florida","scale":1,"scaleLabel":"F1","lengthMiles":2.5,"deaths":0,"injuries":5}},{"type":"Feature","geometry":{"type":"Point","coordinates":[-92.85,41.58333]},"properties":{"id":"ncei-2001-5242163","year":2001,"month":5,"state":"IA","stateName":"Iowa","scale":1,"scaleLabel":"F1","lengthMiles":1,"deaths":0,"injuries":0}},{"type":"Feature","geometry":{"type":"Point","coordinates":[-93.56667,41.38333]},"properties":{"id":"ncei-2001-5242165","year":2001,"month":5,"state":"IA","stateName":"Iowa","scale":0,"scaleLabel":"F0","lengthMiles":0.3,"deaths":0,"injuries":0}},{"type":"Feature","geometry":{"type":"Point","coordinates":[-94.03333,41.31667]},"properties":{"id":"ncei-2001-5242166","year":2001,"month":5,"state":"IA","stateName":"Iowa","scale":1,"scaleLabel":"F1","lengthMiles":1,"deaths":0,"injuries":0}},{"type":"Feature","geometry":{"type":"Point","coordinates":[-93.86667,41.2]},"properties":{"id":"ncei-2001-5242174","year":2001,"month":5,"state":"IA","stateName":"Iowa","scale":0,"scaleLabel":"F0","lengthMiles":0.2,"deaths":0,"injuries":0}},{"type":"Feature","geometry":{"type":"Point","coordinates":[-93.73333,41.18333]},"properties":{"id":"ncei-2001-5242175","year":2001,"month":5,"state":"IA","stateName":"Iowa","scale":0,"scaleLabel":"F0","lengthMiles":0.2,"deaths":0,"injuries":0}},{"type":"Feature","geometry":{"type":"Point","coordinates":[-99.26667,39.71667]},"properties":{"id":"ncei-2001-5242482","year":2001,"month":4,"state":"KS","stateName":"Kansas","scale":0,"scaleLabel":"F0","lengthMiles":1,"deaths":0,"injuries":0}},{"type":"Feature","geometry":{"type":"Point","coordinates":[-99.01667,39.3]},"properties":{"id":"ncei-2001-5242496","year":2001,"month":4,"state":"KS","stateName":"Kansas","scale":1,"scaleLabel":"F1","lengthMiles":9,"deaths":0,"injuries":0}},{"type":"Feature","geometry":{"type":"Point","coordinates":[-98.88333,39.61667]},"properties":{"id":"ncei-2001-5242583","year":2001,"month":4,"state":"KS","stateName":"Kansas","scale":1,"scaleLabel":"F1","lengthMiles":4,"deaths":0,"injuries":0}},{"type":"Feature","geometry":{"type":"Point","coordinates":[-98.7,39.5]},"properties":{"id":"ncei-2001-5242584","year":2001,"month":4,"state":"KS","stateName":"Kansas","scale":1,"scaleLabel":"F1","lengthMiles":2,"deaths":0,"injuries":0}},{"type":"Feature","geometry":{"type":"Point","coordinates":[-98.6,39.46667]},"properties":{"id":"ncei-2001-5242585","year":2001,"month":4,"state":"KS","stateName":"Kansas","scale":1,"scaleLabel":"F1","lengthMiles":7,"deaths":0,"injuries":0}},{"type":"Feature","geometry":{"type":"Point","coordinates":[-98.51667,39.58333]},"properties":{"id":"ncei-2001-5242586","year":2001,"month":4,"state":"KS","stateName":"Kansas","scale":0,"scaleLabel":"F0","lengthMiles":2,"deaths":0,"injuries":0}},{"type":"Feature","geometry":{"type":"Point","coordinates":[-98.48333,39.56667]},"properties":{"id":"ncei-2001-5242587","year":2001,"month":4,"state":"KS","stateName":"Kansas","scale":0,"scaleLabel":"F0","lengthMiles":4,"deaths":0,"injuries":0}},{"type":"Feature","geometry":{"type":"Point","coordinates":[-98.7,39.85]},"properties":{"id":"ncei-2001-5242589","year":2001,"month":4,"state":"KS","stateName":"Kansas","scale":0,"scaleLabel":"F0","lengthMiles":3.5,"deaths":0,"injuries":0}},{"type":"Feature","geometry":{"type":"Point","coordinates":[-98,39.75]},"properties":{"id":"ncei-2001-5242590","year":2001,"month":4,"state":"KS","stateName":"Kansas","scale":0,"scaleLabel":"F0","lengthMiles":3.5,"deaths":0,"injuries":0}},{"type":"Feature","geometry":{"type":"Point","coordinates":[-101.43333,35.35]},"properties":{"id":"ncei-2001-5242767","year":2001,"month":4,"state":"TX","stateName":"Texas","scale":0,"scaleLabel":"F0","lengthMiles":0.1,"deaths":0,"injuries":0}},{"type":"Feature","geometry":{"type":"Point","coordinates":[-89.7,45.86667]},"properties":{"id":"ncei-2001-5242808","year":2001,"month":5,"state":"WI","stateName":"Wisconsin","scale":1,"scaleLabel":"F1","lengthMiles":1.5,"deaths":0,"injuries":0}},{"type":"Feature","geometry":{"type":"Point","coordinates":[-95.86667,43.13333]},"properties":{"id":"ncei-2001-5242839","year":2001,"month":4,"state":"IA","stateName":"Iowa","scale":0,"scaleLabel":"F0","lengthMiles":3,"deaths":0,"injuries":0}},{"type":"Feature","geometry":{"type":"Point","coordinates":[-95.86667,43.11667]},"properties":{"id":"ncei-2001-5242840","year":2001,"month":4,"state":"IA","stateName":"Iowa","scale":0,"scaleLabel":"F0","lengthMiles":3,"deaths":0,"injuries":0}},{"type":"Feature","geometry":{"type":"Point","coordinates":[-96.16667,42.23333]},"properties":{"id":"ncei-2001-5242851","year":2001,"month":4,"state":"IA","stateName":"Iowa","scale":0,"scaleLabel":"F0","lengthMiles":3,"deaths":0,"injuries":0}},{"type":"Feature","geometry":{"type":"Point","coordinates":[-93,43.66667]},"properties":{"id":"ncei-2001-5242952","year":2001,"month":5,"state":"MN","stateName":"Minnesota","scale":1,"scaleLabel":"F1","lengthMiles":5,"deaths":0,"injuries":0}},{"type":"Feature","geometry":{"type":"Point","coordinates":[-92.76667,43.63333]},"properties":{"id":"ncei-2001-5242953","year":2001,"month":5,"state":"MN","stateName":"Minnesota","scale":0,"scaleLabel":"F0","lengthMiles":0.3,"deaths":0,"injuries":0}},{"type":"Feature","geometry":{"type":"Point","coordinates":[-92.38333,43.85]},"properties":{"id":"ncei-2001-5242955","year":2001,"month":5,"state":"MN","stateName":"Minnesota","scale":0,"scaleLabel":"F0","lengthMiles":0.2,"deaths":0,"injuries":0}},{"type":"Feature","geometry":{"type":"Point","coordinates":[-85.81667,40.8]},"properties":{"id":"ncei-2001-5243002","year":2001,"month":5,"state":"IN","stateName":"Indiana","scale":0,"scaleLabel":"F0","lengthMiles":0.1,"deaths":0,"injuries":0}},{"type":"Feature","geometry":{"type":"Point","coordinates":[-85.48333,40.95]},"properties":{"id":"ncei-2001-5243003","year":2001,"month":5,"state":"IN","stateName":"Indiana","scale":0,"scaleLabel":"F0","lengthMiles":0.1,"deaths":0,"injuries":0}},{"type":"Feature","geometry":{"type":"Point","coordinates":[-85.18333,41.05]},"properties":{"id":"ncei-2001-5243005","year":2001,"month":5,"state":"IN","stateName":"Indiana","scale":0,"scaleLabel":"F0","lengthMiles":0.1,"deaths":0,"injuries":0}},{"type":"Feature","geometry":{"type":"Point","coordinates":[-85.13333,41.06667]},"properties":{"id":"ncei-2001-5243006","year":2001,"month":5,"state":"IN","stateName":"Indiana","scale":2,"scaleLabel":"F2","lengthMiles":3,"deaths":0,"injuries":3}},{"type":"Feature","geometry":{"type":"Point","coordinates":[-84.9,41.33333]},"properties":{"id":"ncei-2001-5243007","year":2001,"month":5,"state":"IN","stateName":"Indiana","scale":0,"scaleLabel":"F0","lengthMiles":0.1,"deaths":0,"injuries":0}},{"type":"Feature","geometry":{"type":"Point","coordinates":[-84.98333,41.21667]},"properties":{"id":"ncei-2001-5243009","year":2001,"month":5,"state":"IN","stateName":"Indiana","scale":0,"scaleLabel":"F0","lengthMiles":0.1,"deaths":0,"injuries":0}},{"type":"Feature","geometry":{"type":"Point","coordinates":[-85.41667,41.81667]},"properties":{"id":"ncei-2001-5243010","year":2001,"month":5,"state":"MI","stateName":"Michigan","scale":0,"scaleLabel":"F0","lengthMiles":0.1,"deaths":0,"injuries":0}},{"type":"Feature","geometry":{"type":"Point","coordinates":[-84.78333,41.46667]},"properties":{"id":"ncei-2001-5243011","year":2001,"month":5,"state":"OH","stateName":"Ohio","scale":0,"scaleLabel":"F0","lengthMiles":0.1,"deaths":0,"injuries":0}},{"type":"Feature","geometry":{"type":"Point","coordinates":[-91.43333,42.68333]},"properties":{"id":"ncei-2001-5243057","year":2001,"month":5,"state":"IA","stateName":"Iowa","scale":0,"scaleLabel":"F0","lengthMiles":1,"deaths":0,"injuries":0}},{"type":"Feature","geometry":{"type":"Point","coordinates":[-91.95,38.85]},"properties":{"id":"ncei-2001-5243127","year":2001,"month":4,"state":"MO","stateName":"Missouri","scale":1,"scaleLabel":"F1","lengthMiles":3,"deaths":1,"injuries":2}},{"type":"Feature","geometry":{"type":"Point","coordinates":[-91.03333,38.83333]},"properties":{"id":"ncei-2001-5243128","year":2001,"month":4,"state":"MO","stateName":"Missouri","scale":0,"scaleLabel":"F0","lengthMiles":0.1,"deaths":0,"injuries":0}},{"type":"Feature","geometry":{"type":"Point","coordinates":[-90.93333,38.81667]},"properties":{"id":"ncei-2001-5243129","year":2001,"month":4,"state":"MO","stateName":"Missouri","scale":0,"scaleLabel":"F0","lengthMiles":4,"deaths":0,"injuries":0}},{"type":"Feature","geometry":{"type":"Point","coordinates":[-90.73333,38.8]},"properties":{"id":"ncei-2001-5243130","year":2001,"month":4,"state":"MO","stateName":"Missouri","scale":1,"scaleLabel":"F1","lengthMiles":1,"deaths":0,"injuries":0}},{"type":"Feature","geometry":{"type":"Point","coordinates":[-78.35,36.42]},"properties":{"id":"ncei-2001-5243137","year":2001,"month":5,"state":"NC","stateName":"North Carolina","scale":0,"scaleLabel":"F0","lengthMiles":0.1,"deaths":0,"injuries":0}},{"type":"Feature","geometry":{"type":"Point","coordinates":[-78.23333,36.43333]},"properties":{"id":"ncei-2001-5243138","year":2001,"month":5,"state":"NC","stateName":"North Carolina","scale":0,"scaleLabel":"F0","lengthMiles":0.1,"deaths":0,"injuries":0}},{"type":"Feature","geometry":{"type":"Point","coordinates":[-100.18333,46.81667]},"properties":{"id":"ncei-2001-5243156","year":2001,"month":5,"state":"ND","stateName":"North Dakota","scale":0,"scaleLabel":"F0","lengthMiles":0,"deaths":0,"injuries":0}},{"type":"Feature","geometry":{"type":"Point","coordinates":[-90.13333,38.71667]},"properties":{"id":"ncei-2001-5243225","year":2001,"month":4,"state":"IL","stateName":"Illinois","scale":1,"scaleLabel":"F1","lengthMiles":2,"deaths":0,"injuries":1}},{"type":"Feature","geometry":{"type":"Point","coordinates":[-120.78333,43.81667]},"properties":{"id":"ncei-2001-5243255","year":2001,"month":5,"state":"OR","stateName":"Oregon","scale":0,"scaleLabel":"F0","lengthMiles":1,"deaths":0,"injuries":0}},{"type":"Feature","geometry":{"type":"Point","coordinates":[-98.08333,29.13333]},"properties":{"id":"ncei-2001-5243282","year":2001,"month":5,"state":"TX","stateName":"Texas","scale":0,"scaleLabel":"F0","lengthMiles":0.3,"deaths":0,"injuries":0}},{"type":"Feature","geometry":{"type":"Point","coordinates":[-94.66667,40.46667]},"properties":{"id":"ncei-2001-5243294","year":2001,"month":4,"state":"MO","stateName":"Missouri","scale":0,"scaleLabel":"F0","lengthMiles":1,"deaths":0,"injuries":0}},{"type":"Feature","geometry":{"type":"Point","coordinates":[-89.38333,38.18333]},"properties":{"id":"ncei-2001-5243358","year":2001,"month":5,"state":"IL","stateName":"Illinois","scale":0,"scaleLabel":"F0","lengthMiles":0.1,"deaths":0,"injuries":0}},{"type":"Feature","geometry":{"type":"Point","coordinates":[-101.15,41.5]},"properties":{"id":"ncei-2001-5243390","year":2001,"month":6,"state":"NE","stateName":"Nebraska","scale":0,"scaleLabel":"F0","lengthMiles":5,"deaths":0,"injuries":0}},{"type":"Feature","geometry":{"type":"Point","coordinates":[-102.2,42.63333]},"properties":{"id":"ncei-2001-5243399","year":2001,"month":6,"state":"NE","stateName":"Nebraska","scale":0,"scaleLabel":"F0","lengthMiles":2,"deaths":0,"injuries":0}},{"type":"Feature","geometry":{"type":"Point","coordinates":[-93.81667,38.76667]},"properties":{"id":"ncei-2001-5243429","year":2001,"month":4,"state":"MO","stateName":"Missouri","scale":1,"scaleLabel":"F1","lengthMiles":8,"deaths":0,"injuries":0}},{"type":"Feature","geometry":{"type":"Point","coordinates":[-90.8,41.95]},"properties":{"id":"ncei-2001-5243447","year":2001,"month":4,"state":"IA","stateName":"Iowa","scale":0,"scaleLabel":"F0","lengthMiles":0.1,"deaths":0,"injuries":0}},{"type":"Feature","geometry":{"type":"Point","coordinates":[-93.45,38.78333]},"properties":{"id":"ncei-2001-5243521","year":2001,"month":4,"state":"MO","stateName":"Missouri","scale":1,"scaleLabel":"F1","lengthMiles":10,"deaths":0,"injuries":0}},{"type":"Feature","geometry":{"type":"Point","coordinates":[-92.91667,38.86667]},"properties":{"id":"ncei-2001-5243526","year":2001,"month":4,"state":"MO","stateName":"Missouri","scale":1,"scaleLabel":"F1","lengthMiles":5,"deaths":0,"injuries":0}},{"type":"Feature","geometry":{"type":"Point","coordinates":[-94.36667,40.38333]},"properties":{"id":"ncei-2001-5243536","year":2001,"month":4,"state":"MO","stateName":"Missouri","scale":1,"scaleLabel":"F1","lengthMiles":2,"deaths":0,"injuries":0}},{"type":"Feature","geometry":{"type":"Point","coordinates":[-94.36667,40.4]},"properties":{"id":"ncei-2001-5243539","year":2001,"month":4,"state":"MO","stateName":"Missouri","scale":2,"scaleLabel":"F2","lengthMiles":14,"deaths":0,"injuries":0}},{"type":"Feature","geometry":{"type":"Point","coordinates":[-92.31667,42.03333]},"properties":{"id":"ncei-2001-5243575","year":2001,"month":4,"state":"IA","stateName":"Iowa","scale":0,"scaleLabel":"F0","lengthMiles":0.1,"deaths":0,"injuries":0}},{"type":"Feature","geometry":{"type":"Point","coordinates":[-92.03333,41.43333]},"properties":{"id":"ncei-2001-5243682","year":2001,"month":4,"state":"IA","stateName":"Iowa","scale":0,"scaleLabel":"F0","lengthMiles":3,"deaths":0,"injuries":0}},{"type":"Feature","geometry":{"type":"Point","coordinates":[-91.95,41.6]},"properties":{"id":"ncei-2001-5243683","year":2001,"month":4,"state":"IA","stateName":"Iowa","scale":0,"scaleLabel":"F0","lengthMiles":0.1,"deaths":0,"injuries":0}},{"type":"Feature","geometry":{"type":"Point","coordinates":[-91.76667,41.5]},"properties":{"id":"ncei-2001-5243684","year":2001,"month":4,"state":"IA","stateName":"Iowa","scale":0,"scaleLabel":"F0","lengthMiles":0.1,"deaths":0,"injuries":0}},{"type":"Feature","geometry":{"type":"Point","coordinates":[-91.83333,41.61667]},"properties":{"id":"ncei-2001-5243685","year":2001,"month":4,"state":"IA","stateName":"Iowa","scale":0,"scaleLabel":"F0","lengthMiles":2,"deaths":0,"injuries":0}},{"type":"Feature","geometry":{"type":"Point","coordinates":[-91.66667,41.7]},"properties":{"id":"ncei-2001-5243686","year":2001,"month":4,"state":"IA","stateName":"Iowa","scale":0,"scaleLabel":"F0","lengthMiles":0.1,"deaths":0,"injuries":0}},{"type":"Feature","geometry":{"type":"Point","coordinates":[-91.7,41.85]},"properties":{"id":"ncei-2001-5243687","year":2001,"month":4,"state":"IA","stateName":"Iowa","scale":0,"scaleLabel":"F0","lengthMiles":0.1,"deaths":0,"injuries":0}},{"type":"Feature","geometry":{"type":"Point","coordinates":[-91.65,42]},"properties":{"id":"ncei-2001-5243688","year":2001,"month":4,"state":"IA","stateName":"Iowa","scale":0,"scaleLabel":"F0","lengthMiles":0.1,"deaths":0,"injuries":0}},{"type":"Feature","geometry":{"type":"Point","coordinates":[-100.21667,30.08333]},"properties":{"id":"ncei-2001-5243722","year":2001,"month":5,"state":"TX","stateName":"Texas","scale":0,"scaleLabel":"F0","lengthMiles":0.2,"deaths":0,"injuries":0}},{"type":"Feature","geometry":{"type":"Point","coordinates":[-92.1,42.21667]},"properties":{"id":"ncei-2001-5243785","year":2001,"month":4,"state":"IA","stateName":"Iowa","scale":0,"scaleLabel":"F0","lengthMiles":0.1,"deaths":0,"injuries":0}},{"type":"Feature","geometry":{"type":"Point","coordinates":[-91.88333,42.46667]},"properties":{"id":"ncei-2001-5243786","year":2001,"month":4,"state":"IA","stateName":"Iowa","scale":1,"scaleLabel":"F1","lengthMiles":5,"deaths":0,"injuries":3}},{"type":"Feature","geometry":{"type":"Point","coordinates":[-100.31667,28.53333]},"properties":{"id":"ncei-2001-5243870","year":2001,"month":5,"state":"TX","stateName":"Texas","scale":0,"scaleLabel":"F0","lengthMiles":0.2,"deaths":0,"injuries":0}},{"type":"Feature","geometry":{"type":"Point","coordinates":[-75.48333,35.63333]},"properties":{"id":"ncei-2001-5243939","year":2001,"month":5,"state":"NC","stateName":"North Carolina","scale":0,"scaleLabel":"F0","lengthMiles":0.5,"deaths":0,"injuries":0}},{"type":"Feature","geometry":{"type":"Point","coordinates":[-98.88333,37.53333]},"properties":{"id":"ncei-2001-5243966","year":2001,"month":4,"state":"KS","stateName":"Kansas","scale":2,"scaleLabel":"F2","lengthMiles":7.5,"deaths":0,"injuries":0}},{"type":"Feature","geometry":{"type":"Point","coordinates":[-100.86667,36.35]},"properties":{"id":"ncei-2001-5244013","year":2001,"month":4,"state":"TX","stateName":"Texas","scale":1,"scaleLabel":"F1","lengthMiles":10,"deaths":0,"injuries":0}},{"type":"Feature","geometry":{"type":"Point","coordinates":[-92.56667,38.68333]},"properties":{"id":"ncei-2001-5244015","year":2001,"month":4,"state":"MO","stateName":"Missouri","scale":0,"scaleLabel":"F0","lengthMiles":0.1,"deaths":0,"injuries":0}},{"type":"Feature","geometry":{"type":"Point","coordinates":[-86.81667,36.66667]},"properties":{"id":"ncei-2001-5244057","year":2001,"month":5,"state":"KY","stateName":"Kentucky","scale":0,"scaleLabel":"F0","lengthMiles":2,"deaths":0,"injuries":0}},{"type":"Feature","geometry":{"type":"Point","coordinates":[-99.55,38.21667]},"properties":{"id":"ncei-2001-5244073","year":2001,"month":4,"state":"KS","stateName":"Kansas","scale":0,"scaleLabel":"F0","lengthMiles":0.4,"deaths":0,"injuries":0}},{"type":"Feature","geometry":{"type":"Point","coordinates":[-99.25,38.36667]},"properties":{"id":"ncei-2001-5244079","year":2001,"month":4,"state":"KS","stateName":"Kansas","scale":0,"scaleLabel":"F0","lengthMiles":1.5,"deaths":0,"injuries":0}},{"type":"Feature","geometry":{"type":"Point","coordinates":[-99.2,38.38333]},"properties":{"id":"ncei-2001-5244080","year":2001,"month":4,"state":"KS","stateName":"Kansas","scale":2,"scaleLabel":"F2","lengthMiles":1.5,"deaths":0,"injuries":0}},{"type":"Feature","geometry":{"type":"Point","coordinates":[-99.61667,38.95]},"properties":{"id":"ncei-2001-5244083","year":2001,"month":4,"state":"KS","stateName":"Kansas","scale":0,"scaleLabel":"F0","lengthMiles":0.2,"deaths":0,"injuries":0}},{"type":"Feature","geometry":{"type":"Point","coordinates":[-99.26667,38.43333]},"properties":{"id":"ncei-2001-5244085","year":2001,"month":4,"state":"KS","stateName":"Kansas","scale":0,"scaleLabel":"F0","lengthMiles":2.2,"deaths":0,"injuries":0}},{"type":"Feature","geometry":{"type":"Point","coordinates":[-99.45,38.56667]},"properties":{"id":"ncei-2001-5244088","year":2001,"month":4,"state":"KS","stateName":"Kansas","scale":0,"scaleLabel":"F0","lengthMiles":0.3,"deaths":0,"injuries":0}},{"type":"Feature","geometry":{"type":"Point","coordinates":[-100.26667,35.38333]},"properties":{"id":"ncei-2001-5244239","year":2001,"month":4,"state":"TX","stateName":"Texas","scale":2,"scaleLabel":"F2","lengthMiles":6,"deaths":0,"injuries":0}},{"type":"Feature","geometry":{"type":"Point","coordinates":[-101.56667,35.6]},"properties":{"id":"ncei-2001-5244240","year":2001,"month":4,"state":"TX","stateName":"Texas","scale":1,"scaleLabel":"F1","lengthMiles":1,"deaths":0,"injuries":0}},{"type":"Feature","geometry":{"type":"Point","coordinates":[-101.58333,35.61667]},"properties":{"id":"ncei-2001-5244339","year":2001,"month":4,"state":"TX","stateName":"Texas","scale":1,"scaleLabel":"F1","lengthMiles":0.5,"deaths":0,"injuries":0}},{"type":"Feature","geometry":{"type":"Point","coordinates":[-101.2,36.13333]},"properties":{"id":"ncei-2001-5244340","year":2001,"month":4,"state":"TX","stateName":"Texas","scale":2,"scaleLabel":"F2","lengthMiles":4,"deaths":0,"injuries":2}},{"type":"Feature","geometry":{"type":"Point","coordinates":[-100.68333,36.51667]},"properties":{"id":"ncei-2001-5244357","year":2001,"month":4,"state":"OK","stateName":"Oklahoma","scale":2,"scaleLabel":"F2","lengthMiles":12,"deaths":0,"injuries":0}},{"type":"Feature","geometry":{"type":"Point","coordinates":[-103.73333,34.81667]},"properties":{"id":"ncei-2001-5244411","year":2001,"month":5,"state":"NM","stateName":"New Mexico","scale":0,"scaleLabel":"F0","lengthMiles":0.1,"deaths":0,"injuries":0}},{"type":"Feature","geometry":{"type":"Point","coordinates":[-96.68333,42.31667]},"properties":{"id":"ncei-2001-5244459","year":2001,"month":4,"state":"NE","stateName":"Nebraska","scale":0,"scaleLabel":"F0","lengthMiles":0.1,"deaths":0,"injuries":0}},{"type":"Feature","geometry":{"type":"Point","coordinates":[-100.58333,36.55]},"properties":{"id":"ncei-2001-5244464","year":2001,"month":4,"state":"OK","stateName":"Oklahoma","scale":1,"scaleLabel":"F1","lengthMiles":6,"deaths":0,"injuries":0}},{"type":"Feature","geometry":{"type":"Point","coordinates":[-100.55,36.7]},"properties":{"id":"ncei-2001-5244465","year":2001,"month":4,"state":"OK","stateName":"Oklahoma","scale":0,"scaleLabel":"F0","lengthMiles":2,"deaths":0,"injuries":0}},{"type":"Feature","geometry":{"type":"Point","coordinates":[-83.61667,42.53333]},"properties":{"id":"ncei-2001-5244498","year":2001,"month":5,"state":"MI","stateName":"Michigan","scale":2,"scaleLabel":"F2","lengthMiles":9.6,"deaths":0,"injuries":3}},{"type":"Feature","geometry":{"type":"Point","coordinates":[-83.75,42.78333]},"properties":{"id":"ncei-2001-5244499","year":2001,"month":5,"state":"MI","stateName":"Michigan","scale":0,"scaleLabel":"F0","lengthMiles":7.1,"deaths":0,"injuries":0}},{"type":"Feature","geometry":{"type":"Point","coordinates":[-96.73333,32.38333]},"properties":{"id":"ncei-2001-5244574","year":2001,"month":5,"state":"TX","stateName":"Texas","scale":0,"scaleLabel":"F0","lengthMiles":1.7,"deaths":0,"injuries":0}},{"type":"Feature","geometry":{"type":"Point","coordinates":[-97.3,32.15]},"properties":{"id":"ncei-2001-5244576","year":2001,"month":5,"state":"TX","stateName":"Texas","scale":0,"scaleLabel":"F0","lengthMiles":0.1,"deaths":0,"injuries":0}},{"type":"Feature","geometry":{"type":"Point","coordinates":[-90.98333,37.31667]},"properties":{"id":"ncei-2001-5244768","year":2001,"month":5,"state":"MO","stateName":"Missouri","scale":0,"scaleLabel":"F0","lengthMiles":0.1,"deaths":0,"injuries":0}},{"type":"Feature","geometry":{"type":"Point","coordinates":[-90.9,37.18333]},"properties":{"id":"ncei-2001-5244770","year":2001,"month":5,"state":"MO","stateName":"Missouri","scale":0,"scaleLabel":"F0","lengthMiles":0.1,"deaths":0,"injuries":0}},{"type":"Feature","geometry":{"type":"Point","coordinates":[-92.45,38.98333]},"properties":{"id":"ncei-2001-5244772","year":2001,"month":5,"state":"MO","stateName":"Missouri","scale":0,"scaleLabel":"F0","lengthMiles":0.1,"deaths":0,"injuries":0}},{"type":"Feature","geometry":{"type":"Point","coordinates":[-94.93333,39.91667]},"properties":{"id":"ncei-2001-5244792","year":2001,"month":5,"state":"MO","stateName":"Missouri","scale":0,"scaleLabel":"F0","lengthMiles":20,"deaths":0,"injuries":0}},{"type":"Feature","geometry":{"type":"Point","coordinates":[-95.05,40.08333]},"properties":{"id":"ncei-2001-5244793","year":2001,"month":5,"state":"MO","stateName":"Missouri","scale":0,"scaleLabel":"F0","lengthMiles":25,"deaths":0,"injuries":0}},{"type":"Feature","geometry":{"type":"Point","coordinates":[-95.03333,40.16667]},"properties":{"id":"ncei-2001-5244797","year":2001,"month":5,"state":"MO","stateName":"Missouri","scale":0,"scaleLabel":"F0","lengthMiles":25,"deaths":0,"injuries":0}},{"type":"Feature","geometry":{"type":"Point","coordinates":[-74.33333,40.35]},"properties":{"id":"ncei-2001-5244852","year":2001,"month":5,"state":"NJ","stateName":"New Jersey","scale":2,"scaleLabel":"F2","lengthMiles":1.5,"deaths":0,"injuries":0}},{"type":"Feature","geometry":{"type":"Point","coordinates":[-95.95,28.7]},"properties":{"id":"ncei-2001-5245088","year":2001,"month":5,"state":"TX","stateName":"Texas","scale":0,"scaleLabel":"F0","lengthMiles":1,"deaths":0,"injuries":0}},{"type":"Feature","geometry":{"type":"Point","coordinates":[-81.6,39.11667]},"properties":{"id":"ncei-2001-5245140","year":2001,"month":5,"state":"WV","stateName":"West Virginia","scale":0,"scaleLabel":"F0","lengthMiles":0.7,"deaths":0,"injuries":0}},{"type":"Feature","geometry":{"type":"Point","coordinates":[-88.63333,35.06667]},"properties":{"id":"ncei-2001-5245175","year":2001,"month":5,"state":"TN","stateName":"Tennessee","scale":1,"scaleLabel":"F1","lengthMiles":5,"deaths":0,"injuries":0}},{"type":"Feature","geometry":{"type":"Point","coordinates":[-102.78333,38.75]},"properties":{"id":"ncei-2001-5245255","year":2001,"month":5,"state":"CO","stateName":"Colorado","scale":0,"scaleLabel":"F0","lengthMiles":2,"deaths":0,"injuries":0}},{"type":"Feature","geometry":{"type":"Point","coordinates":[-101,39.01667]},"properties":{"id":"ncei-2001-5245267","year":2001,"month":5,"state":"KS","stateName":"Kansas","scale":0,"scaleLabel":"F0","lengthMiles":7,"deaths":0,"injuries":0}},{"type":"Feature","geometry":{"type":"Point","coordinates":[-100.66667,39.13333]},"properties":{"id":"ncei-2001-5245268","year":2001,"month":5,"state":"KS","stateName":"Kansas","scale":0,"scaleLabel":"F0","lengthMiles":0.5,"deaths":0,"injuries":0}},{"type":"Feature","geometry":{"type":"Point","coordinates":[-100.9,39.13333]},"properties":{"id":"ncei-2001-5245269","year":2001,"month":5,"state":"KS","stateName":"Kansas","scale":0,"scaleLabel":"F0","lengthMiles":0.2,"deaths":0,"injuries":0}},{"type":"Feature","geometry":{"type":"Point","coordinates":[-102.9,38.88333]},"properties":{"id":"ncei-2001-5245275","year":2001,"month":5,"state":"CO","stateName":"Colorado","scale":0,"scaleLabel":"F0","lengthMiles":0.5,"deaths":0,"injuries":0}},{"type":"Feature","geometry":{"type":"Point","coordinates":[-101.6,39.61667]},"properties":{"id":"ncei-2001-5245332","year":2001,"month":5,"state":"KS","stateName":"Kansas","scale":0,"scaleLabel":"F0","lengthMiles":1,"deaths":0,"injuries":0}},{"type":"Feature","geometry":{"type":"Point","coordinates":[-90.5,33.91667]},"properties":{"id":"ncei-2001-5245487","year":2001,"month":5,"state":"MS","stateName":"Mississippi","scale":0,"scaleLabel":"F0","lengthMiles":3,"deaths":0,"injuries":0}},{"type":"Feature","geometry":{"type":"Point","coordinates":[-89.91667,33.78333]},"properties":{"id":"ncei-2001-5245488","year":2001,"month":5,"state":"MS","stateName":"Mississippi","scale":0,"scaleLabel":"F0","lengthMiles":1,"deaths":0,"injuries":0}},{"type":"Feature","geometry":{"type":"Point","coordinates":[-90.93333,33.56667]},"properties":{"id":"ncei-2001-5245489","year":2001,"month":5,"state":"MS","stateName":"Mississippi","scale":0,"scaleLabel":"F0","lengthMiles":1,"deaths":0,"injuries":0}},{"type":"Feature","geometry":{"type":"Point","coordinates":[-96.13333,40.48333]},"properties":{"id":"ncei-2001-5245510","year":2001,"month":5,"state":"NE","stateName":"Nebraska","scale":0,"scaleLabel":"F0","lengthMiles":0.1,"deaths":0,"injuries":0}},{"type":"Feature","geometry":{"type":"Point","coordinates":[-102.28333,41.23333]},"properties":{"id":"ncei-2001-5245546","year":2001,"month":6,"state":"NE","stateName":"Nebraska","scale":0,"scaleLabel":"F0","lengthMiles":1,"deaths":0,"injuries":0}},{"type":"Feature","geometry":{"type":"Point","coordinates":[-91.45,33.3]},"properties":{"id":"ncei-2001-5245563","year":2001,"month":5,"state":"AR","stateName":"Arkansas","scale":0,"scaleLabel":"F0","lengthMiles":14,"deaths":0,"injuries":0}},{"type":"Feature","geometry":{"type":"Point","coordinates":[-96.16667,40.45]},"properties":{"id":"ncei-2001-5245579","year":2001,"month":5,"state":"NE","stateName":"Nebraska","scale":0,"scaleLabel":"F0","lengthMiles":0.1,"deaths":0,"injuries":0}},{"type":"Feature","geometry":{"type":"Point","coordinates":[-95.83333,40.26667]},"properties":{"id":"ncei-2001-5245580","year":2001,"month":5,"state":"NE","stateName":"Nebraska","scale":0,"scaleLabel":"F0","lengthMiles":0.1,"deaths":0,"injuries":0}},{"type":"Feature","geometry":{"type":"Point","coordinates":[-95.86667,40.13333]},"properties":{"id":"ncei-2001-5245581","year":2001,"month":5,"state":"NE","stateName":"Nebraska","scale":0,"scaleLabel":"F0","lengthMiles":0.1,"deaths":0,"injuries":0}},{"type":"Feature","geometry":{"type":"Point","coordinates":[-97.48333,42.43333]},"properties":{"id":"ncei-2001-5245686","year":2001,"month":5,"state":"NE","stateName":"Nebraska","scale":0,"scaleLabel":"F0","lengthMiles":0.5,"deaths":0,"injuries":0}},{"type":"Feature","geometry":{"type":"Point","coordinates":[-97,30.85]},"properties":{"id":"ncei-2001-5245697","year":2001,"month":5,"state":"TX","stateName":"Texas","scale":1,"scaleLabel":"F1","lengthMiles":0.3,"deaths":0,"injuries":0}},{"type":"Feature","geometry":{"type":"Point","coordinates":[-97.11667,31.46667]},"properties":{"id":"ncei-2001-5245783","year":2001,"month":5,"state":"TX","stateName":"Texas","scale":1,"scaleLabel":"F1","lengthMiles":2.8,"deaths":0,"injuries":1}},{"type":"Feature","geometry":{"type":"Point","coordinates":[-97.21667,31.38333]},"properties":{"id":"ncei-2001-5245784","year":2001,"month":5,"state":"TX","stateName":"Texas","scale":1,"scaleLabel":"F1","lengthMiles":8,"deaths":0,"injuries":2}},{"type":"Feature","geometry":{"type":"Point","coordinates":[-94.23333,38.73333]},"properties":{"id":"ncei-2001-5245809","year":2001,"month":5,"state":"MO","stateName":"Missouri","scale":0,"scaleLabel":"F0","lengthMiles":0.2,"deaths":0,"injuries":0}},{"type":"Feature","geometry":{"type":"Point","coordinates":[-93.1,38.75]},"properties":{"id":"ncei-2001-5245812","year":2001,"month":5,"state":"MO","stateName":"Missouri","scale":1,"scaleLabel":"F1","lengthMiles":0.5,"deaths":0,"injuries":0}},{"type":"Feature","geometry":{"type":"Point","coordinates":[-94.01667,39.18333]},"properties":{"id":"ncei-2001-5245813","year":2001,"month":5,"state":"MO","stateName":"Missouri","scale":0,"scaleLabel":"F0","lengthMiles":0.3,"deaths":0,"injuries":0}},{"type":"Feature","geometry":{"type":"Point","coordinates":[-86.16667,34.61667]},"properties":{"id":"ncei-2001-5245833","year":2001,"month":5,"state":"AL","stateName":"Alabama","scale":1,"scaleLabel":"F1","lengthMiles":0.5,"deaths":0,"injuries":0}},{"type":"Feature","geometry":{"type":"Point","coordinates":[-86.55,34.01667]},"properties":{"id":"ncei-2001-5245834","year":2001,"month":5,"state":"AL","stateName":"Alabama","scale":0,"scaleLabel":"F0","lengthMiles":1,"deaths":0,"injuries":0}},{"type":"Feature","geometry":{"type":"Point","coordinates":[-101.56667,38.91667]},"properties":{"id":"ncei-2001-5245854","year":2001,"month":5,"state":"KS","stateName":"Kansas","scale":0,"scaleLabel":"F0","lengthMiles":0.2,"deaths":0,"injuries":0}},{"type":"Feature","geometry":{"type":"Point","coordinates":[-101.46667,38.91667]},"properties":{"id":"ncei-2001-5245855","year":2001,"month":5,"state":"KS","stateName":"Kansas","scale":0,"scaleLabel":"F0","lengthMiles":0.2,"deaths":0,"injuries":0}},{"type":"Feature","geometry":{"type":"Point","coordinates":[-101.5,38.48333]},"properties":{"id":"ncei-2001-5245856","year":2001,"month":5,"state":"KS","stateName":"Kansas","scale":0,"scaleLabel":"F0","lengthMiles":0.2,"deaths":0,"injuries":0}},{"type":"Feature","geometry":{"type":"Point","coordinates":[-101.35,38.33333]},"properties":{"id":"ncei-2001-5245857","year":2001,"month":5,"state":"KS","stateName":"Kansas","scale":0,"scaleLabel":"F0","lengthMiles":4,"deaths":0,"injuries":0}},{"type":"Feature","geometry":{"type":"Point","coordinates":[-101.41667,39.11667]},"properties":{"id":"ncei-2001-5245858","year":2001,"month":5,"state":"KS","stateName":"Kansas","scale":0,"scaleLabel":"F0","lengthMiles":0.2,"deaths":0,"injuries":0}},{"type":"Feature","geometry":{"type":"Point","coordinates":[-97.15,32.23333]},"properties":{"id":"ncei-2001-5245888","year":2001,"month":5,"state":"TX","stateName":"Texas","scale":0,"scaleLabel":"F0","lengthMiles":0.1,"deaths":0,"injuries":0}},{"type":"Feature","geometry":{"type":"Point","coordinates":[-83.45,42.91667]},"properties":{"id":"ncei-2001-5245995","year":2001,"month":5,"state":"MI","stateName":"Michigan","scale":0,"scaleLabel":"F0","lengthMiles":1,"deaths":0,"injuries":0}},{"type":"Feature","geometry":{"type":"Point","coordinates":[-83.76667,42.63333]},"properties":{"id":"ncei-2001-5245996","year":2001,"month":5,"state":"MI","stateName":"Michigan","scale":0,"scaleLabel":"F0","lengthMiles":1.3,"deaths":0,"injuries":0}},{"type":"Feature","geometry":{"type":"Point","coordinates":[-83.45,42.91667]},"properties":{"id":"ncei-2001-5245997","year":2001,"month":5,"state":"MI","stateName":"Michigan","scale":0,"scaleLabel":"F0","lengthMiles":0.1,"deaths":0,"injuries":0}},{"type":"Feature","geometry":{"type":"Point","coordinates":[-84.23333,43.56667]},"properties":{"id":"ncei-2001-5245998","year":2001,"month":5,"state":"MI","stateName":"Michigan","scale":0,"scaleLabel":"F0","lengthMiles":0.2,"deaths":0,"injuries":0}},{"type":"Feature","geometry":{"type":"Point","coordinates":[-101.58333,35.4]},"properties":{"id":"ncei-2001-5246074","year":2001,"month":5,"state":"TX","stateName":"Texas","scale":0,"scaleLabel":"F0","lengthMiles":0.2,"deaths":0,"injuries":0}},{"type":"Feature","geometry":{"type":"Point","coordinates":[-101.46667,35.41667]},"properties":{"id":"ncei-2001-5246076","year":2001,"month":5,"state":"TX","stateName":"Texas","scale":0,"scaleLabel":"F0","lengthMiles":0.1,"deaths":0,"injuries":0}},{"type":"Feature","geometry":{"type":"Point","coordinates":[-101.38333,35.4]},"properties":{"id":"ncei-2001-5246078","year":2001,"month":5,"state":"TX","stateName":"Texas","scale":3,"scaleLabel":"F3","lengthMiles":10,"deaths":0,"injuries":0}},{"type":"Feature","geometry":{"type":"Point","coordinates":[-101.36667,35.2]},"properties":{"id":"ncei-2001-5246088","year":2001,"month":5,"state":"TX","stateName":"Texas","scale":0,"scaleLabel":"F0","lengthMiles":0.1,"deaths":0,"injuries":0}},{"type":"Feature","geometry":{"type":"Point","coordinates":[-98.08333,37.4]},"properties":{"id":"ncei-2001-5246132","year":2001,"month":6,"state":"KS","stateName":"Kansas","scale":0,"scaleLabel":"F0","lengthMiles":0.5,"deaths":0,"injuries":0}},{"type":"Feature","geometry":{"type":"Point","coordinates":[-97.88333,37.45]},"properties":{"id":"ncei-2001-5246138","year":2001,"month":6,"state":"KS","stateName":"Kansas","scale":0,"scaleLabel":"F0","lengthMiles":3,"deaths":0,"injuries":0}},{"type":"Feature","geometry":{"type":"Point","coordinates":[-97.93333,37.56667]},"properties":{"id":"ncei-2001-5246141","year":2001,"month":6,"state":"KS","stateName":"Kansas","scale":0,"scaleLabel":"F0","lengthMiles":1,"deaths":0,"injuries":0}},{"type":"Feature","geometry":{"type":"Point","coordinates":[-101.33333,35.18333]},"properties":{"id":"ncei-2001-5246181","year":2001,"month":5,"state":"TX","stateName":"Texas","scale":0,"scaleLabel":"F0","lengthMiles":0.1,"deaths":0,"injuries":0}},{"type":"Feature","geometry":{"type":"Point","coordinates":[-101.95,35.1]},"properties":{"id":"ncei-2001-5246183","year":2001,"month":5,"state":"TX","stateName":"Texas","scale":0,"scaleLabel":"F0","lengthMiles":0.1,"deaths":0,"injuries":0}},{"type":"Feature","geometry":{"type":"Point","coordinates":[-101.46667,35.38333]},"properties":{"id":"ncei-2001-5246187","year":2001,"month":5,"state":"TX","stateName":"Texas","scale":0,"scaleLabel":"F0","lengthMiles":0.1,"deaths":0,"injuries":0}},{"type":"Feature","geometry":{"type":"Point","coordinates":[-100.41667,46.58333]},"properties":{"id":"ncei-2001-5246209","year":2001,"month":6,"state":"ND","stateName":"North Dakota","scale":1,"scaleLabel":"F1","lengthMiles":10,"deaths":0,"injuries":1}},{"type":"Feature","geometry":{"type":"Point","coordinates":[-98.31667,37.3]},"properties":{"id":"ncei-2001-5246231","year":2001,"month":6,"state":"KS","stateName":"Kansas","scale":0,"scaleLabel":"F0","lengthMiles":1,"deaths":0,"injuries":0}},{"type":"Feature","geometry":{"type":"Point","coordinates":[-98.03333,37.58333]},"properties":{"id":"ncei-2001-5246232","year":2001,"month":6,"state":"KS","stateName":"Kansas","scale":0,"scaleLabel":"F0","lengthMiles":0.5,"deaths":0,"injuries":0}},{"type":"Feature","geometry":{"type":"Point","coordinates":[-98.01667,37.56667]},"properties":{"id":"ncei-2001-5246233","year":2001,"month":6,"state":"KS","stateName":"Kansas","scale":0,"scaleLabel":"F0","lengthMiles":0.5,"deaths":0,"injuries":0}},{"type":"Feature","geometry":{"type":"Point","coordinates":[-97.76667,37.15]},"properties":{"id":"ncei-2001-5246243","year":2001,"month":6,"state":"KS","stateName":"Kansas","scale":0,"scaleLabel":"F0","lengthMiles":1,"deaths":0,"injuries":0}},{"type":"Feature","geometry":{"type":"Point","coordinates":[-97.25,37.08333]},"properties":{"id":"ncei-2001-5246248","year":2001,"month":6,"state":"KS","stateName":"Kansas","scale":0,"scaleLabel":"F0","lengthMiles":1,"deaths":0,"injuries":0}},{"type":"Feature","geometry":{"type":"Point","coordinates":[-98.13333,37.26667]},"properties":{"id":"ncei-2001-5246259","year":2001,"month":6,"state":"KS","stateName":"Kansas","scale":0,"scaleLabel":"F0","lengthMiles":1,"deaths":0,"injuries":0}},{"type":"Feature","geometry":{"type":"Point","coordinates":[-95.96667,35.26667]},"properties":{"id":"ncei-2001-5246280","year":2001,"month":5,"state":"OK","stateName":"Oklahoma","scale":1,"scaleLabel":"F1","lengthMiles":3,"deaths":0,"injuries":0}},{"type":"Feature","geometry":{"type":"Point","coordinates":[-95.38333,35.21667]},"properties":{"id":"ncei-2001-5246281","year":2001,"month":5,"state":"OK","stateName":"Oklahoma","scale":0,"scaleLabel":"F0","lengthMiles":0.5,"deaths":0,"injuries":0}},{"type":"Feature","geometry":{"type":"Point","coordinates":[-96.33333,36.65]},"properties":{"id":"ncei-2001-5246282","year":2001,"month":5,"state":"OK","stateName":"Oklahoma","scale":0,"scaleLabel":"F0","lengthMiles":0.3,"deaths":0,"injuries":0}},{"type":"Feature","geometry":{"type":"Point","coordinates":[-100.21667,48.08333]},"properties":{"id":"ncei-2001-5246328","year":2001,"month":6,"state":"ND","stateName":"North Dakota","scale":0,"scaleLabel":"F0","lengthMiles":0,"deaths":0,"injuries":0}},{"type":"Feature","geometry":{"type":"Point","coordinates":[-101.5,48.96667]},"properties":{"id":"ncei-2001-5246332","year":2001,"month":6,"state":"ND","stateName":"North Dakota","scale":0,"scaleLabel":"F0","lengthMiles":2,"deaths":0,"injuries":0}},{"type":"Feature","geometry":{"type":"Point","coordinates":[-101.48333,48.96667]},"properties":{"id":"ncei-2001-5246333","year":2001,"month":6,"state":"ND","stateName":"North Dakota","scale":0,"scaleLabel":"F0","lengthMiles":4,"deaths":0,"injuries":0}},{"type":"Feature","geometry":{"type":"Point","coordinates":[-97.76667,37.16667]},"properties":{"id":"ncei-2001-5246345","year":2001,"month":6,"state":"KS","stateName":"Kansas","scale":0,"scaleLabel":"F0","lengthMiles":1,"deaths":0,"injuries":0}},{"type":"Feature","geometry":{"type":"Point","coordinates":[-95.15,35.23333]},"properties":{"id":"ncei-2001-5246367","year":2001,"month":5,"state":"OK","stateName":"Oklahoma","scale":0,"scaleLabel":"F0","lengthMiles":0.3,"deaths":0,"injuries":0}},{"type":"Feature","geometry":{"type":"Point","coordinates":[-95.76667,34.98333]},"properties":{"id":"ncei-2001-5246368","year":2001,"month":5,"state":"OK","stateName":"Oklahoma","scale":0,"scaleLabel":"F0","lengthMiles":0.3,"deaths":0,"injuries":0}},{"type":"Feature","geometry":{"type":"Point","coordinates":[-95.05,35.18333]},"properties":{"id":"ncei-2001-5246369","year":2001,"month":5,"state":"OK","stateName":"Oklahoma","scale":0,"scaleLabel":"F0","lengthMiles":1,"deaths":0,"injuries":0}},{"type":"Feature","geometry":{"type":"Point","coordinates":[-95.4,34.98333]},"properties":{"id":"ncei-2001-5246370","year":2001,"month":5,"state":"OK","stateName":"Oklahoma","scale":0,"scaleLabel":"F0","lengthMiles":0.3,"deaths":0,"injuries":0}},{"type":"Feature","geometry":{"type":"Point","coordinates":[-94.66667,35.23333]},"properties":{"id":"ncei-2001-5246371","year":2001,"month":5,"state":"OK","stateName":"Oklahoma","scale":0,"scaleLabel":"F0","lengthMiles":0.3,"deaths":0,"injuries":0}},{"type":"Feature","geometry":{"type":"Point","coordinates":[-94.98333,34.81667]},"properties":{"id":"ncei-2001-5246373","year":2001,"month":5,"state":"OK","stateName":"Oklahoma","scale":1,"scaleLabel":"F1","lengthMiles":1,"deaths":0,"injuries":0}},{"type":"Feature","geometry":{"type":"Point","coordinates":[-92.63333,41.58333]},"properties":{"id":"ncei-2001-5246387","year":2001,"month":6,"state":"IA","stateName":"Iowa","scale":0,"scaleLabel":"F0","lengthMiles":0.2,"deaths":0,"injuries":0}},{"type":"Feature","geometry":{"type":"Point","coordinates":[-95.38333,42.03333]},"properties":{"id":"ncei-2001-5246427","year":2001,"month":6,"state":"IA","stateName":"Iowa","scale":0,"scaleLabel":"F0","lengthMiles":0.2,"deaths":0,"injuries":0}},{"type":"Feature","geometry":{"type":"Point","coordinates":[-95.6,42.06667]},"properties":{"id":"ncei-2001-5246429","year":2001,"month":6,"state":"IA","stateName":"Iowa","scale":0,"scaleLabel":"F0","lengthMiles":0.3,"deaths":0,"injuries":0}},{"type":"Feature","geometry":{"type":"Point","coordinates":[-95.33333,41.88333]},"properties":{"id":"ncei-2001-5246431","year":2001,"month":6,"state":"IA","stateName":"Iowa","scale":0,"scaleLabel":"F0","lengthMiles":0.1,"deaths":0,"injuries":0}},{"type":"Feature","geometry":{"type":"Point","coordinates":[-97.41667,37.03333]},"properties":{"id":"ncei-2001-5246444","year":2001,"month":6,"state":"KS","stateName":"Kansas","scale":0,"scaleLabel":"F0","lengthMiles":1,"deaths":0,"injuries":0}},{"type":"Feature","geometry":{"type":"Point","coordinates":[-96.61667,37.88333]},"properties":{"id":"ncei-2001-5246446","year":2001,"month":6,"state":"KS","stateName":"Kansas","scale":0,"scaleLabel":"F0","lengthMiles":1,"deaths":0,"injuries":0}},{"type":"Feature","geometry":{"type":"Point","coordinates":[-97.4,37.95]},"properties":{"id":"ncei-2001-5246450","year":2001,"month":6,"state":"KS","stateName":"Kansas","scale":0,"scaleLabel":"F0","lengthMiles":1.5,"deaths":0,"injuries":0}},{"type":"Feature","geometry":{"type":"Point","coordinates":[-93.83333,36.3]},"properties":{"id":"ncei-2001-5246466","year":2001,"month":5,"state":"AR","stateName":"Arkansas","scale":0,"scaleLabel":"F0","lengthMiles":0.3,"deaths":0,"injuries":0}},{"type":"Feature","geometry":{"type":"Point","coordinates":[-93.73333,36.31667]},"properties":{"id":"ncei-2001-5246467","year":2001,"month":5,"state":"AR","stateName":"Arkansas","scale":0,"scaleLabel":"F0","lengthMiles":0.3,"deaths":0,"injuries":0}},{"type":"Feature","geometry":{"type":"Point","coordinates":[-93.95,35.25]},"properties":{"id":"ncei-2001-5246468","year":2001,"month":5,"state":"AR","stateName":"Arkansas","scale":0,"scaleLabel":"F0","lengthMiles":0.3,"deaths":0,"injuries":0}},{"type":"Feature","geometry":{"type":"Point","coordinates":[-94.1,35.26667]},"properties":{"id":"ncei-2001-5246469","year":2001,"month":5,"state":"AR","stateName":"Arkansas","scale":0,"scaleLabel":"F0","lengthMiles":1,"deaths":0,"injuries":0}},{"type":"Feature","geometry":{"type":"Point","coordinates":[-92.45,42.53333]},"properties":{"id":"ncei-2001-5246510","year":2001,"month":6,"state":"IA","stateName":"Iowa","scale":0,"scaleLabel":"F0","lengthMiles":0.2,"deaths":0,"injuries":0}},{"type":"Feature","geometry":{"type":"Point","coordinates":[-92.46667,42.65]},"properties":{"id":"ncei-2001-5246514","year":2001,"month":6,"state":"IA","stateName":"Iowa","scale":1,"scaleLabel":"F1","lengthMiles":8.5,"deaths":0,"injuries":0}},{"type":"Feature","geometry":{"type":"Point","coordinates":[-92.73333,42.58333]},"properties":{"id":"ncei-2001-5246515","year":2001,"month":6,"state":"IA","stateName":"Iowa","scale":0,"scaleLabel":"F0","lengthMiles":0.1,"deaths":0,"injuries":0}},{"type":"Feature","geometry":{"type":"Point","coordinates":[-92.51667,42.63333]},"properties":{"id":"ncei-2001-5246518","year":2001,"month":6,"state":"IA","stateName":"Iowa","scale":0,"scaleLabel":"F0","lengthMiles":0.2,"deaths":0,"injuries":0}},{"type":"Feature","geometry":{"type":"Point","coordinates":[-92.13333,42.56667]},"properties":{"id":"ncei-2001-5246520","year":2001,"month":6,"state":"IA","stateName":"Iowa","scale":0,"scaleLabel":"F0","lengthMiles":0.1,"deaths":0,"injuries":0}},{"type":"Feature","geometry":{"type":"Point","coordinates":[-92.45,42.51667]},"properties":{"id":"ncei-2001-5246521","year":2001,"month":6,"state":"IA","stateName":"Iowa","scale":0,"scaleLabel":"F0","lengthMiles":0.2,"deaths":0,"injuries":0}},{"type":"Feature","geometry":{"type":"Point","coordinates":[-92.21667,42.41667]},"properties":{"id":"ncei-2001-5246522","year":2001,"month":6,"state":"IA","stateName":"Iowa","scale":0,"scaleLabel":"F0","lengthMiles":0.6,"deaths":0,"injuries":0}},{"type":"Feature","geometry":{"type":"Point","coordinates":[-81.38333,40.8]},"properties":{"id":"ncei-2001-5246607","year":2001,"month":5,"state":"OH","stateName":"Ohio","scale":1,"scaleLabel":"F1","lengthMiles":0.5,"deaths":0,"injuries":1}},{"type":"Feature","geometry":{"type":"Point","coordinates":[-81.01667,33.1]},"properties":{"id":"ncei-2001-5246648","year":2001,"month":6,"state":"SC","stateName":"South Carolina","scale":0,"scaleLabel":"F0","lengthMiles":0.1,"deaths":0,"injuries":0}},{"type":"Feature","geometry":{"type":"Point","coordinates":[-80.93333,34.01667]},"properties":{"id":"ncei-2001-5246650","year":2001,"month":6,"state":"SC","stateName":"South Carolina","scale":0,"scaleLabel":"F0","lengthMiles":0.1,"deaths":0,"injuries":0}},{"type":"Feature","geometry":{"type":"Point","coordinates":[-82.1,33.31667]},"properties":{"id":"ncei-2001-5246660","year":2001,"month":6,"state":"GA","stateName":"Georgia","scale":0,"scaleLabel":"F0","lengthMiles":0.2,"deaths":0,"injuries":0}},{"type":"Feature","geometry":{"type":"Point","coordinates":[-82.01667,41.1]},"properties":{"id":"ncei-2001-5246685","year":2001,"month":5,"state":"OH","stateName":"Ohio","scale":2,"scaleLabel":"F2","lengthMiles":7.5,"deaths":0,"injuries":0}},{"type":"Feature","geometry":{"type":"Point","coordinates":[-92.75,45.8]},"properties":{"id":"ncei-2001-5246697","year":2001,"month":5,"state":"WI","stateName":"Wisconsin","scale":0,"scaleLabel":"F0","lengthMiles":1.5,"deaths":0,"injuries":0}},{"type":"Feature","geometry":{"type":"Point","coordinates":[-92.61667,41.33333]},"properties":{"id":"ncei-2001-5246703","year":2001,"month":6,"state":"IA","stateName":"Iowa","scale":1,"scaleLabel":"F1","lengthMiles":0.1,"deaths":0,"injuries":0}},{"type":"Feature","geometry":{"type":"Point","coordinates":[-94.73333,42.05]},"properties":{"id":"ncei-2001-5246724","year":2001,"month":6,"state":"IA","stateName":"Iowa","scale":0,"scaleLabel":"F0","lengthMiles":0.2,"deaths":0,"injuries":0}},{"type":"Feature","geometry":{"type":"Point","coordinates":[-95.9,34.71667]},"properties":{"id":"ncei-2001-5246893","year":2001,"month":5,"state":"OK","stateName":"Oklahoma","scale":0,"scaleLabel":"F0","lengthMiles":0.2,"deaths":0,"injuries":0}},{"type":"Feature","geometry":{"type":"Point","coordinates":[-95.3,34.68333]},"properties":{"id":"ncei-2001-5246894","year":2001,"month":5,"state":"OK","stateName":"Oklahoma","scale":0,"scaleLabel":"F0","lengthMiles":0.2,"deaths":0,"injuries":0}},{"type":"Feature","geometry":{"type":"Point","coordinates":[-95.56667,34.83333]},"properties":{"id":"ncei-2001-5246895","year":2001,"month":5,"state":"OK","stateName":"Oklahoma","scale":0,"scaleLabel":"F0","lengthMiles":0.2,"deaths":0,"injuries":0}},{"type":"Feature","geometry":{"type":"Point","coordinates":[-100.08333,37.8]},"properties":{"id":"ncei-2001-5247070","year":2001,"month":5,"state":"KS","stateName":"Kansas","scale":0,"scaleLabel":"F0","lengthMiles":0.3,"deaths":0,"injuries":0}},{"type":"Feature","geometry":{"type":"Point","coordinates":[-98.8,38.13333]},"properties":{"id":"ncei-2001-5247071","year":2001,"month":5,"state":"KS","stateName":"Kansas","scale":0,"scaleLabel":"F0","lengthMiles":0.2,"deaths":0,"injuries":0}},{"type":"Feature","geometry":{"type":"Point","coordinates":[-98.73333,38.03333]},"properties":{"id":"ncei-2001-5247072","year":2001,"month":5,"state":"KS","stateName":"Kansas","scale":0,"scaleLabel":"F0","lengthMiles":1.3,"deaths":0,"injuries":0}},{"type":"Feature","geometry":{"type":"Point","coordinates":[-101.7,37.88333]},"properties":{"id":"ncei-2001-5247074","year":2001,"month":5,"state":"KS","stateName":"Kansas","scale":0,"scaleLabel":"F0","lengthMiles":0.2,"deaths":0,"injuries":0}},{"type":"Feature","geometry":{"type":"Point","coordinates":[-91.01667,44.38333]},"properties":{"id":"ncei-2001-5247121","year":2001,"month":6,"state":"WI","stateName":"Wisconsin","scale":0,"scaleLabel":"F0","lengthMiles":1.5,"deaths":0,"injuries":0}},{"type":"Feature","geometry":{"type":"Point","coordinates":[-96.63333,28.61667]},"properties":{"id":"ncei-2001-5247164","year":2001,"month":5,"state":"TX","stateName":"Texas","scale":0,"scaleLabel":"F0","lengthMiles":0.1,"deaths":0,"injuries":0}},{"type":"Feature","geometry":{"type":"Point","coordinates":[-76.58333,36.73333]},"properties":{"id":"ncei-2001-5247190","year":2001,"month":5,"state":"VA","stateName":"Virginia","scale":0,"scaleLabel":"F0","lengthMiles":0.2,"deaths":0,"injuries":0}},{"type":"Feature","geometry":{"type":"Point","coordinates":[-94.33333,37]},"properties":{"id":"ncei-2001-5247275","year":2001,"month":5,"state":"MO","stateName":"Missouri","scale":0,"scaleLabel":"F0","lengthMiles":0.5,"deaths":0,"injuries":0}},{"type":"Feature","geometry":{"type":"Point","coordinates":[-100.75,37.51667]},"properties":{"id":"ncei-2001-5247342","year":2001,"month":5,"state":"KS","stateName":"Kansas","scale":0,"scaleLabel":"F0","lengthMiles":0.5,"deaths":0,"injuries":0}},{"type":"Feature","geometry":{"type":"Point","coordinates":[-101.63333,37.35]},"properties":{"id":"ncei-2001-5247555","year":2001,"month":5,"state":"KS","stateName":"Kansas","scale":1,"scaleLabel":"F1","lengthMiles":1.2,"deaths":0,"injuries":0}},{"type":"Feature","geometry":{"type":"Point","coordinates":[-100.76667,37.11667]},"properties":{"id":"ncei-2001-5247572","year":2001,"month":5,"state":"KS","stateName":"Kansas","scale":0,"scaleLabel":"F0","lengthMiles":0.8,"deaths":0,"injuries":0}},{"type":"Feature","geometry":{"type":"Point","coordinates":[-76.53333,40.88]},"properties":{"id":"ncei-2001-5247690","year":2001,"month":5,"state":"PA","stateName":"Pennsylvania","scale":0,"scaleLabel":"F0","lengthMiles":0.1,"deaths":0,"injuries":0}},{"type":"Feature","geometry":{"type":"Point","coordinates":[-100.71667,35.76667]},"properties":{"id":"ncei-2001-5247775","year":2001,"month":5,"state":"TX","stateName":"Texas","scale":0,"scaleLabel":"F0","lengthMiles":0.2,"deaths":0,"injuries":0}},{"type":"Feature","geometry":{"type":"Point","coordinates":[-99.85,34.31667]},"properties":{"id":"ncei-2001-5247883","year":2001,"month":5,"state":"TX","stateName":"Texas","scale":0,"scaleLabel":"F0","lengthMiles":0.2,"deaths":0,"injuries":0}},{"type":"Feature","geometry":{"type":"Point","coordinates":[-99.68333,34.31667]},"properties":{"id":"ncei-2001-5247884","year":2001,"month":5,"state":"TX","stateName":"Texas","scale":1,"scaleLabel":"F1","lengthMiles":8,"deaths":0,"injuries":1}},{"type":"Feature","geometry":{"type":"Point","coordinates":[-102.33333,33.45]},"properties":{"id":"ncei-2001-5247906","year":2001,"month":5,"state":"TX","stateName":"Texas","scale":1,"scaleLabel":"F1","lengthMiles":0.5,"deaths":0,"injuries":0}},{"type":"Feature","geometry":{"type":"Point","coordinates":[-82.96667,39.58333]},"properties":{"id":"ncei-2001-5247933","year":2001,"month":6,"state":"OH","stateName":"Ohio","scale":0,"scaleLabel":"F0","lengthMiles":0.5,"deaths":0,"injuries":0}},{"type":"Feature","geometry":{"type":"Point","coordinates":[-78.15,39]},"properties":{"id":"ncei-2001-5247949","year":2001,"month":5,"state":"VA","stateName":"Virginia","scale":1,"scaleLabel":"F1","lengthMiles":4,"deaths":0,"injuries":0}},{"type":"Feature","geometry":{"type":"Point","coordinates":[-78.08333,39.03333]},"properties":{"id":"ncei-2001-5247950","year":2001,"month":5,"state":"VA","stateName":"Virginia","scale":1,"scaleLabel":"F1","lengthMiles":1.5,"deaths":0,"injuries":0}},{"type":"Feature","geometry":{"type":"Point","coordinates":[-101.33333,34.43333]},"properties":{"id":"ncei-2001-5247959","year":2001,"month":5,"state":"TX","stateName":"Texas","scale":0,"scaleLabel":"F0","lengthMiles":0.5,"deaths":0,"injuries":0}},{"type":"Feature","geometry":{"type":"Point","coordinates":[-101.03333,34.38333]},"properties":{"id":"ncei-2001-5247963","year":2001,"month":5,"state":"TX","stateName":"Texas","scale":1,"scaleLabel":"F1","lengthMiles":0.3,"deaths":0,"injuries":0}},{"type":"Feature","geometry":{"type":"Point","coordinates":[-100.05,34.31667]},"properties":{"id":"ncei-2001-5247969","year":2001,"month":5,"state":"TX","stateName":"Texas","scale":0,"scaleLabel":"F0","lengthMiles":0.1,"deaths":0,"injuries":0}},{"type":"Feature","geometry":{"type":"Point","coordinates":[-76.85,38.26667]},"properties":{"id":"ncei-2001-5248038","year":2001,"month":5,"state":"MD","stateName":"Maryland","scale":1,"scaleLabel":"F1","lengthMiles":1.8,"deaths":0,"injuries":0}},{"type":"Feature","geometry":{"type":"Point","coordinates":[-76.45,38.3]},"properties":{"id":"ncei-2001-5248043","year":2001,"month":5,"state":"MD","stateName":"Maryland","scale":0,"scaleLabel":"F0","lengthMiles":1,"deaths":0,"injuries":0}},{"type":"Feature","geometry":{"type":"Point","coordinates":[-76.43333,38.13]},"properties":{"id":"ncei-2001-5248044","year":2001,"month":5,"state":"MD","stateName":"Maryland","scale":0,"scaleLabel":"F0","lengthMiles":0.2,"deaths":0,"injuries":0}},{"type":"Feature","geometry":{"type":"Point","coordinates":[-76.96667,38.63]},"properties":{"id":"ncei-2001-5248047","year":2001,"month":5,"state":"MD","stateName":"Maryland","scale":1,"scaleLabel":"F1","lengthMiles":2.7,"deaths":0,"injuries":0}},{"type":"Feature","geometry":{"type":"Point","coordinates":[-76.9,38.66667]},"properties":{"id":"ncei-2001-5248048","year":2001,"month":5,"state":"MD","stateName":"Maryland","scale":1,"scaleLabel":"F1","lengthMiles":0.8,"deaths":0,"injuries":0}},{"type":"Feature","geometry":{"type":"Point","coordinates":[-76.98333,38.36667]},"properties":{"id":"ncei-2001-5248115","year":2001,"month":5,"state":"MD","stateName":"Maryland","scale":0,"scaleLabel":"F0","lengthMiles":1.2,"deaths":0,"injuries":0}},{"type":"Feature","geometry":{"type":"Point","coordinates":[-77.11667,39.11667]},"properties":{"id":"ncei-2001-5248119","year":2001,"month":5,"state":"MD","stateName":"Maryland","scale":1,"scaleLabel":"F1","lengthMiles":3.5,"deaths":0,"injuries":0}},{"type":"Feature","geometry":{"type":"Point","coordinates":[-86.75,38.9]},"properties":{"id":"ncei-2001-5248281","year":2001,"month":6,"state":"IN","stateName":"Indiana","scale":0,"scaleLabel":"F0","lengthMiles":0.1,"deaths":0,"injuries":0}},{"type":"Feature","geometry":{"type":"Point","coordinates":[-104.38333,38.81667]},"properties":{"id":"ncei-2001-5248366","year":2001,"month":5,"state":"CO","stateName":"Colorado","scale":2,"scaleLabel":"F2","lengthMiles":0.5,"deaths":0,"injuries":4}},{"type":"Feature","geometry":{"type":"Point","coordinates":[-104.36667,37.28333]},"properties":{"id":"ncei-2001-5248368","year":2001,"month":5,"state":"CO","stateName":"Colorado","scale":0,"scaleLabel":"F0","lengthMiles":0.1,"deaths":0,"injuries":0}},{"type":"Feature","geometry":{"type":"Point","coordinates":[-104.08333,38.73333]},"properties":{"id":"ncei-2001-5248369","year":2001,"month":5,"state":"CO","stateName":"Colorado","scale":0,"scaleLabel":"F0","lengthMiles":0.1,"deaths":0,"injuries":0}},{"type":"Feature","geometry":{"type":"Point","coordinates":[-104.43333,39]},"properties":{"id":"ncei-2001-5248372","year":2001,"month":5,"state":"CO","stateName":"Colorado","scale":0,"scaleLabel":"F0","lengthMiles":0.1,"deaths":0,"injuries":0}},{"type":"Feature","geometry":{"type":"Point","coordinates":[-104.4,38.81667]},"properties":{"id":"ncei-2001-5248376","year":2001,"month":5,"state":"CO","stateName":"Colorado","scale":1,"scaleLabel":"F1","lengthMiles":0.1,"deaths":0,"injuries":4}},{"type":"Feature","geometry":{"type":"Point","coordinates":[-98.11667,35.6]},"properties":{"id":"ncei-2001-5248434","year":2001,"month":5,"state":"OK","stateName":"Oklahoma","scale":1,"scaleLabel":"F1","lengthMiles":0.1,"deaths":0,"injuries":0}},{"type":"Feature","geometry":{"type":"Point","coordinates":[-97.48333,35.56667]},"properties":{"id":"ncei-2001-5248481","year":2001,"month":5,"state":"OK","stateName":"Oklahoma","scale":0,"scaleLabel":"F0","lengthMiles":1,"deaths":0,"injuries":0}},{"type":"Feature","geometry":{"type":"Point","coordinates":[-97.05,34]},"properties":{"id":"ncei-2001-5248482","year":2001,"month":5,"state":"OK","stateName":"Oklahoma","scale":0,"scaleLabel":"F0","lengthMiles":1,"deaths":0,"injuries":0}},{"type":"Feature","geometry":{"type":"Point","coordinates":[-98.96667,35.9]},"properties":{"id":"ncei-2001-5248511","year":2001,"month":5,"state":"OK","stateName":"Oklahoma","scale":1,"scaleLabel":"F1","lengthMiles":9,"deaths":0,"injuries":0}},{"type":"Feature","geometry":{"type":"Point","coordinates":[-104.35,38.81667]},"properties":{"id":"ncei-2001-5248637","year":2001,"month":5,"state":"CO","stateName":"Colorado","scale":2,"scaleLabel":"F2","lengthMiles":0.3,"deaths":0,"injuries":5}},{"type":"Feature","geometry":{"type":"Point","coordinates":[-104.31667,38.78333]},"properties":{"id":"ncei-2001-5248638","year":2001,"month":5,"state":"CO","stateName":"Colorado","scale":0,"scaleLabel":"F0","lengthMiles":0.1,"deaths":0,"injuries":0}},{"type":"Feature","geometry":{"type":"Point","coordinates":[-102.65,38.06667]},"properties":{"id":"ncei-2001-5248639","year":2001,"month":5,"state":"CO","stateName":"Colorado","scale":0,"scaleLabel":"F0","lengthMiles":0.1,"deaths":0,"injuries":0}},{"type":"Feature","geometry":{"type":"Point","coordinates":[-102.61667,38.08333]},"properties":{"id":"ncei-2001-5248640","year":2001,"month":5,"state":"CO","stateName":"Colorado","scale":0,"scaleLabel":"F0","lengthMiles":0.2,"deaths":0,"injuries":0}},{"type":"Feature","geometry":{"type":"Point","coordinates":[-102.66667,38.08333]},"properties":{"id":"ncei-2001-5248643","year":2001,"month":5,"state":"CO","stateName":"Colorado","scale":3,"scaleLabel":"F3","lengthMiles":3,"deaths":0,"injuries":0}},{"type":"Feature","geometry":{"type":"Point","coordinates":[-102.65,38.08333]},"properties":{"id":"ncei-2001-5248645","year":2001,"month":5,"state":"CO","stateName":"Colorado","scale":0,"scaleLabel":"F0","lengthMiles":0.2,"deaths":0,"injuries":0}},{"type":"Feature","geometry":{"type":"Point","coordinates":[-102.66667,38.1]},"properties":{"id":"ncei-2001-5248646","year":2001,"month":5,"state":"CO","stateName":"Colorado","scale":0,"scaleLabel":"F0","lengthMiles":0.1,"deaths":0,"injuries":0}},{"type":"Feature","geometry":{"type":"Point","coordinates":[-102.83333,38.48333]},"properties":{"id":"ncei-2001-5248647","year":2001,"month":5,"state":"CO","stateName":"Colorado","scale":0,"scaleLabel":"F0","lengthMiles":0.1,"deaths":0,"injuries":0}},{"type":"Feature","geometry":{"type":"Point","coordinates":[-104.18333,38.76667]},"properties":{"id":"ncei-2001-5248648","year":2001,"month":5,"state":"CO","stateName":"Colorado","scale":0,"scaleLabel":"F0","lengthMiles":0.1,"deaths":0,"injuries":0}},{"type":"Feature","geometry":{"type":"Point","coordinates":[-102.28333,38.08333]},"properties":{"id":"ncei-2001-5248649","year":2001,"month":5,"state":"CO","stateName":"Colorado","scale":0,"scaleLabel":"F0","lengthMiles":0.1,"deaths":0,"injuries":0}},{"type":"Feature","geometry":{"type":"Point","coordinates":[-103.13333,38]},"properties":{"id":"ncei-2001-5248650","year":2001,"month":5,"state":"CO","stateName":"Colorado","scale":0,"scaleLabel":"F0","lengthMiles":0.1,"deaths":0,"injuries":0}},{"type":"Feature","geometry":{"type":"Point","coordinates":[-98.35,33.95]},"properties":{"id":"ncei-2001-5248736","year":2001,"month":5,"state":"TX","stateName":"Texas","scale":0,"scaleLabel":"F0","lengthMiles":0.3,"deaths":0,"injuries":0}},{"type":"Feature","geometry":{"type":"Point","coordinates":[-98.56667,33.83333]},"properties":{"id":"ncei-2001-5248737","year":2001,"month":5,"state":"TX","stateName":"Texas","scale":0,"scaleLabel":"F0","lengthMiles":0.2,"deaths":0,"injuries":0}},{"type":"Feature","geometry":{"type":"Point","coordinates":[-99.43333,36.36667]},"properties":{"id":"ncei-2001-5248773","year":2001,"month":6,"state":"OK","stateName":"Oklahoma","scale":0,"scaleLabel":"F0","lengthMiles":0.1,"deaths":0,"injuries":0}},{"type":"Feature","geometry":{"type":"Point","coordinates":[-99.4,34.65]},"properties":{"id":"ncei-2001-5248908","year":2001,"month":5,"state":"OK","stateName":"Oklahoma","scale":0,"scaleLabel":"F0","lengthMiles":0.5,"deaths":0,"injuries":0}},{"type":"Feature","geometry":{"type":"Point","coordinates":[-83.8,39.43333]},"properties":{"id":"ncei-2001-5248952","year":2001,"month":5,"state":"OH","stateName":"Ohio","scale":0,"scaleLabel":"F0","lengthMiles":0.5,"deaths":0,"injuries":0}},{"type":"Feature","geometry":{"type":"Point","coordinates":[-100.43333,34.4]},"properties":{"id":"ncei-2001-5249032","year":2001,"month":5,"state":"TX","stateName":"Texas","scale":0,"scaleLabel":"F0","lengthMiles":0.1,"deaths":0,"injuries":0}},{"type":"Feature","geometry":{"type":"Point","coordinates":[-102.18333,33.58333]},"properties":{"id":"ncei-2001-5249041","year":2001,"month":5,"state":"TX","stateName":"Texas","scale":0,"scaleLabel":"F0","lengthMiles":0.1,"deaths":0,"injuries":0}},{"type":"Feature","geometry":{"type":"Point","coordinates":[-78.41667,37.9]},"properties":{"id":"ncei-2001-5249074","year":2001,"month":5,"state":"VA","stateName":"Virginia","scale":1,"scaleLabel":"F1","lengthMiles":2.5,"deaths":0,"injuries":0}},{"type":"Feature","geometry":{"type":"Point","coordinates":[-77.3,38.61667]},"properties":{"id":"ncei-2001-5249084","year":2001,"month":5,"state":"VA","stateName":"Virginia","scale":0,"scaleLabel":"F0","lengthMiles":1,"deaths":0,"injuries":0}},{"type":"Feature","geometry":{"type":"Point","coordinates":[-96.11667,35.2]},"properties":{"id":"ncei-2001-5249095","year":2001,"month":5,"state":"OK","stateName":"Oklahoma","scale":2,"scaleLabel":"F2","lengthMiles":8,"deaths":0,"injuries":0}},{"type":"Feature","geometry":{"type":"Point","coordinates":[-96.26667,34.66667]},"properties":{"id":"ncei-2001-5249096","year":2001,"month":5,"state":"OK","stateName":"Oklahoma","scale":0,"scaleLabel":"F0","lengthMiles":0.2,"deaths":0,"injuries":0}},{"type":"Feature","geometry":{"type":"Point","coordinates":[-96.66667,34.66667]},"properties":{"id":"ncei-2001-5249097","year":2001,"month":5,"state":"OK","stateName":"Oklahoma","scale":0,"scaleLabel":"F0","lengthMiles":0.3,"deaths":0,"injuries":0}},{"type":"Feature","geometry":{"type":"Point","coordinates":[-96.46667,34.63333]},"properties":{"id":"ncei-2001-5249099","year":2001,"month":5,"state":"OK","stateName":"Oklahoma","scale":0,"scaleLabel":"F0","lengthMiles":0.1,"deaths":0,"injuries":0}},{"type":"Feature","geometry":{"type":"Point","coordinates":[-102.5,34.66667]},"properties":{"id":"ncei-2001-5249119","year":2001,"month":5,"state":"TX","stateName":"Texas","scale":0,"scaleLabel":"F0","lengthMiles":0.1,"deaths":0,"injuries":0}},{"type":"Feature","geometry":{"type":"Point","coordinates":[-102.73333,34.6]},"properties":{"id":"ncei-2001-5249121","year":2001,"month":5,"state":"TX","stateName":"Texas","scale":0,"scaleLabel":"F0","lengthMiles":0.1,"deaths":0,"injuries":0}},{"type":"Feature","geometry":{"type":"Point","coordinates":[-98.25,34.53333]},"properties":{"id":"ncei-2001-5249173","year":2001,"month":5,"state":"OK","stateName":"Oklahoma","scale":1,"scaleLabel":"F1","lengthMiles":0.5,"deaths":0,"injuries":1}},{"type":"Feature","geometry":{"type":"Point","coordinates":[-102.46667,33.05]},"properties":{"id":"ncei-2001-5249207","year":2001,"month":5,"state":"TX","stateName":"Texas","scale":0,"scaleLabel":"F0","lengthMiles":0.1,"deaths":0,"injuries":0}},{"type":"Feature","geometry":{"type":"Point","coordinates":[-102.71667,33.83333]},"properties":{"id":"ncei-2001-5249215","year":2001,"month":5,"state":"TX","stateName":"Texas","scale":0,"scaleLabel":"F0","lengthMiles":0.1,"deaths":0,"injuries":0}},{"type":"Feature","geometry":{"type":"Point","coordinates":[-98.16667,34.75]},"properties":{"id":"ncei-2001-5249249","year":2001,"month":5,"state":"OK","stateName":"Oklahoma","scale":0,"scaleLabel":"F0","lengthMiles":0.2,"deaths":0,"injuries":0}},{"type":"Feature","geometry":{"type":"Point","coordinates":[-97.98333,34.68333]},"properties":{"id":"ncei-2001-5249250","year":2001,"month":5,"state":"OK","stateName":"Oklahoma","scale":0,"scaleLabel":"F0","lengthMiles":0.7,"deaths":0,"injuries":0}},{"type":"Feature","geometry":{"type":"Point","coordinates":[-98.98333,35.33333]},"properties":{"id":"ncei-2001-5249259","year":2001,"month":5,"state":"OK","stateName":"Oklahoma","scale":0,"scaleLabel":"F0","lengthMiles":0.1,"deaths":0,"injuries":0}},{"type":"Feature","geometry":{"type":"Point","coordinates":[-98.95,35.35]},"properties":{"id":"ncei-2001-5249260","year":2001,"month":5,"state":"OK","stateName":"Oklahoma","scale":0,"scaleLabel":"F0","lengthMiles":0.5,"deaths":0,"injuries":0}},{"type":"Feature","geometry":{"type":"Point","coordinates":[-97.5,39.93333]},"properties":{"id":"ncei-2001-5249334","year":2001,"month":6,"state":"KS","stateName":"Kansas","scale":1,"scaleLabel":"F1","lengthMiles":8,"deaths":0,"injuries":0}},{"type":"Feature","geometry":{"type":"Point","coordinates":[-97.45,39.95]},"properties":{"id":"ncei-2001-5249335","year":2001,"month":6,"state":"KS","stateName":"Kansas","scale":0,"scaleLabel":"F0","lengthMiles":5,"deaths":0,"injuries":0}},{"type":"Feature","geometry":{"type":"Point","coordinates":[-92.25,35.18333]},"properties":{"id":"ncei-2001-5249480","year":2001,"month":5,"state":"AR","stateName":"Arkansas","scale":1,"scaleLabel":"F1","lengthMiles":1.5,"deaths":0,"injuries":0}},{"type":"Feature","geometry":{"type":"Point","coordinates":[-92.2,35.4]},"properties":{"id":"ncei-2001-5249481","year":2001,"month":5,"state":"AR","stateName":"Arkansas","scale":1,"scaleLabel":"F1","lengthMiles":5.8,"deaths":0,"injuries":0}},{"type":"Feature","geometry":{"type":"Point","coordinates":[-91.85,35.13333]},"properties":{"id":"ncei-2001-5249482","year":2001,"month":5,"state":"AR","stateName":"Arkansas","scale":0,"scaleLabel":"F0","lengthMiles":0.1,"deaths":0,"injuries":0}},{"type":"Feature","geometry":{"type":"Point","coordinates":[-92.2,35.1]},"properties":{"id":"ncei-2001-5249544","year":2001,"month":5,"state":"AR","stateName":"Arkansas","scale":1,"scaleLabel":"F1","lengthMiles":4,"deaths":0,"injuries":0}},{"type":"Feature","geometry":{"type":"Point","coordinates":[-87.4,35.93333]},"properties":{"id":"ncei-2001-5249656","year":2001,"month":5,"state":"TN","stateName":"Tennessee","scale":1,"scaleLabel":"F1","lengthMiles":0.7,"deaths":0,"injuries":0}},{"type":"Feature","geometry":{"type":"Point","coordinates":[-94.01667,43.96667]},"properties":{"id":"ncei-2001-5249735","year":2001,"month":5,"state":"MN","stateName":"Minnesota","scale":0,"scaleLabel":"F0","lengthMiles":0.1,"deaths":0,"injuries":0}},{"type":"Feature","geometry":{"type":"Point","coordinates":[-86.2,35.91667]},"properties":{"id":"ncei-2001-5249745","year":2001,"month":5,"state":"TN","stateName":"Tennessee","scale":2,"scaleLabel":"F2","lengthMiles":6.3,"deaths":1,"injuries":2}},{"type":"Feature","geometry":{"type":"Point","coordinates":[-71.46667,42.08333]},"properties":{"id":"ncei-2001-5249810","year":2001,"month":6,"state":"MA","stateName":"Massachusetts","scale":0,"scaleLabel":"F0","lengthMiles":0.1,"deaths":0,"injuries":0}},{"type":"Feature","geometry":{"type":"Point","coordinates":[-93.28333,43.98333]},"properties":{"id":"ncei-2001-5249931","year":2001,"month":5,"state":"MN","stateName":"Minnesota","scale":0,"scaleLabel":"F0","lengthMiles":0.1,"deaths":0,"injuries":0}},{"type":"Feature","geometry":{"type":"Point","coordinates":[-93.28333,43.56667]},"properties":{"id":"ncei-2001-5249933","year":2001,"month":5,"state":"MN","stateName":"Minnesota","scale":2,"scaleLabel":"F2","lengthMiles":7,"deaths":0,"injuries":0}},{"type":"Feature","geometry":{"type":"Point","coordinates":[-93.13333,43.65]},"properties":{"id":"ncei-2001-5249937","year":2001,"month":5,"state":"MN","stateName":"Minnesota","scale":2,"scaleLabel":"F2","lengthMiles":5,"deaths":0,"injuries":0}},{"type":"Feature","geometry":{"type":"Point","coordinates":[-93.06667,43.68333]},"properties":{"id":"ncei-2001-5249939","year":2001,"month":5,"state":"MN","stateName":"Minnesota","scale":1,"scaleLabel":"F1","lengthMiles":1,"deaths":0,"injuries":0}},{"type":"Feature","geometry":{"type":"Point","coordinates":[-122.18333,47.18333]},"properties":{"id":"ncei-2001-5249984","year":2001,"month":6,"state":"WA","stateName":"Washington","scale":1,"scaleLabel":"F1","lengthMiles":2.3,"deaths":0,"injuries":0}},{"type":"Feature","geometry":{"type":"Point","coordinates":[-122.51667,47.6]},"properties":{"id":"ncei-2001-5249985","year":2001,"month":6,"state":"WA","stateName":"Washington","scale":0,"scaleLabel":"F0","lengthMiles":0,"deaths":0,"injuries":0}},{"type":"Feature","geometry":{"type":"Point","coordinates":[-92.46667,44.75]},"properties":{"id":"ncei-2001-5250016","year":2001,"month":5,"state":"WI","stateName":"Wisconsin","scale":0,"scaleLabel":"F0","lengthMiles":0.1,"deaths":0,"injuries":0}},{"type":"Feature","geometry":{"type":"Point","coordinates":[-94.06667,44.71667]},"properties":{"id":"ncei-2001-5250029","year":2001,"month":5,"state":"MN","stateName":"Minnesota","scale":0,"scaleLabel":"F0","lengthMiles":0.1,"deaths":0,"injuries":0}},{"type":"Feature","geometry":{"type":"Point","coordinates":[-93.98333,44.66667]},"properties":{"id":"ncei-2001-5250031","year":2001,"month":5,"state":"MN","stateName":"Minnesota","scale":0,"scaleLabel":"F0","lengthMiles":3,"deaths":0,"injuries":0}},{"type":"Feature","geometry":{"type":"Point","coordinates":[-93.71667,44.6]},"properties":{"id":"ncei-2001-5250036","year":2001,"month":5,"state":"MN","stateName":"Minnesota","scale":0,"scaleLabel":"F0","lengthMiles":1,"deaths":0,"injuries":0}},{"type":"Feature","geometry":{"type":"Point","coordinates":[-93.56667,44.6]},"properties":{"id":"ncei-2001-5250037","year":2001,"month":5,"state":"MN","stateName":"Minnesota","scale":0,"scaleLabel":"F0","lengthMiles":0.1,"deaths":0,"injuries":0}},{"type":"Feature","geometry":{"type":"Point","coordinates":[-93.53333,44.56667]},"properties":{"id":"ncei-2001-5250039","year":2001,"month":5,"state":"MN","stateName":"Minnesota","scale":0,"scaleLabel":"F0","lengthMiles":0.1,"deaths":0,"injuries":0}},{"type":"Feature","geometry":{"type":"Point","coordinates":[-93.36667,44.6]},"properties":{"id":"ncei-2001-5250041","year":2001,"month":5,"state":"MN","stateName":"Minnesota","scale":0,"scaleLabel":"F0","lengthMiles":0.1,"deaths":0,"injuries":0}},{"type":"Feature","geometry":{"type":"Point","coordinates":[-93.43333,44.51667]},"properties":{"id":"ncei-2001-5250042","year":2001,"month":5,"state":"MN","stateName":"Minnesota","scale":0,"scaleLabel":"F0","lengthMiles":0.1,"deaths":0,"injuries":0}},{"type":"Feature","geometry":{"type":"Point","coordinates":[-93.16667,44.46667]},"properties":{"id":"ncei-2001-5250117","year":2001,"month":5,"state":"MN","stateName":"Minnesota","scale":2,"scaleLabel":"F2","lengthMiles":5,"deaths":0,"injuries":1}},{"type":"Feature","geometry":{"type":"Point","coordinates":[-93.28333,45.98333]},"properties":{"id":"ncei-2001-5250121","year":2001,"month":5,"state":"MN","stateName":"Minnesota","scale":0,"scaleLabel":"F0","lengthMiles":0.5,"deaths":0,"injuries":0}},{"type":"Feature","geometry":{"type":"Point","coordinates":[-93.08333,44.46667]},"properties":{"id":"ncei-2001-5250125","year":2001,"month":5,"state":"MN","stateName":"Minnesota","scale":2,"scaleLabel":"F2","lengthMiles":3,"deaths":0,"injuries":0}},{"type":"Feature","geometry":{"type":"Point","coordinates":[-93.03333,44.5]},"properties":{"id":"ncei-2001-5250126","year":2001,"month":5,"state":"MN","stateName":"Minnesota","scale":2,"scaleLabel":"F2","lengthMiles":4,"deaths":0,"injuries":0}},{"type":"Feature","geometry":{"type":"Point","coordinates":[-104.43333,39.78333]},"properties":{"id":"ncei-2001-5250159","year":2001,"month":5,"state":"CO","stateName":"Colorado","scale":0,"scaleLabel":"F0","lengthMiles":0.1,"deaths":0,"injuries":0}},{"type":"Feature","geometry":{"type":"Point","coordinates":[-104.05,38.73333]},"properties":{"id":"ncei-2001-5250230","year":2001,"month":5,"state":"CO","stateName":"Colorado","scale":0,"scaleLabel":"F0","lengthMiles":0.2,"deaths":0,"injuries":0}},{"type":"Feature","geometry":{"type":"Point","coordinates":[-71.86667,42.45]},"properties":{"id":"ncei-2001-5250299","year":2001,"month":6,"state":"MA","stateName":"Massachusetts","scale":1,"scaleLabel":"F1","lengthMiles":0.8,"deaths":0,"injuries":0}},{"type":"Feature","geometry":{"type":"Point","coordinates":[-72.9,42]},"properties":{"id":"ncei-2001-5250325","year":2001,"month":6,"state":"CT","stateName":"Connecticut","scale":0,"scaleLabel":"F0","lengthMiles":0.3,"deaths":0,"injuries":0}},{"type":"Feature","geometry":{"type":"Point","coordinates":[-95.16667,47.58333]},"properties":{"id":"ncei-2001-5250378","year":2001,"month":5,"state":"MN","stateName":"Minnesota","scale":0,"scaleLabel":"F0","lengthMiles":0.5,"deaths":0,"injuries":0}},{"type":"Feature","geometry":{"type":"Point","coordinates":[-95.2,47.86667]},"properties":{"id":"ncei-2001-5250380","year":2001,"month":5,"state":"MN","stateName":"Minnesota","scale":0,"scaleLabel":"F0","lengthMiles":0.5,"deaths":0,"injuries":0}},{"type":"Feature","geometry":{"type":"Point","coordinates":[-95.03333,47.88333]},"properties":{"id":"ncei-2001-5250383","year":2001,"month":5,"state":"MN","stateName":"Minnesota","scale":0,"scaleLabel":"F0","lengthMiles":0.5,"deaths":0,"injuries":0}},{"type":"Feature","geometry":{"type":"Point","coordinates":[-81.68333,30.91667]},"properties":{"id":"ncei-2001-5250436","year":2001,"month":5,"state":"GA","stateName":"Georgia","scale":0,"scaleLabel":"F0","lengthMiles":5,"deaths":0,"injuries":0}},{"type":"Feature","geometry":{"type":"Point","coordinates":[-95.96667,47.83333]},"properties":{"id":"ncei-2001-5250468","year":2001,"month":5,"state":"MN","stateName":"Minnesota","scale":0,"scaleLabel":"F0","lengthMiles":0.5,"deaths":0,"injuries":0}},{"type":"Feature","geometry":{"type":"Point","coordinates":[-95.93333,47.83333]},"properties":{"id":"ncei-2001-5250469","year":2001,"month":5,"state":"MN","stateName":"Minnesota","scale":0,"scaleLabel":"F0","lengthMiles":0.5,"deaths":0,"injuries":0}},{"type":"Feature","geometry":{"type":"Point","coordinates":[-95.85,47.85]},"properties":{"id":"ncei-2001-5250470","year":2001,"month":5,"state":"MN","stateName":"Minnesota","scale":0,"scaleLabel":"F0","lengthMiles":0.5,"deaths":0,"injuries":0}},{"type":"Feature","geometry":{"type":"Point","coordinates":[-95.25,47.56667]},"properties":{"id":"ncei-2001-5250471","year":2001,"month":5,"state":"MN","stateName":"Minnesota","scale":0,"scaleLabel":"F0","lengthMiles":0.5,"deaths":0,"injuries":0}},{"type":"Feature","geometry":{"type":"Point","coordinates":[-95.63333,47.81667]},"properties":{"id":"ncei-2001-5250474","year":2001,"month":5,"state":"MN","stateName":"Minnesota","scale":0,"scaleLabel":"F0","lengthMiles":0.5,"deaths":0,"injuries":0}},{"type":"Feature","geometry":{"type":"Point","coordinates":[-91.1,31.53333]},"properties":{"id":"ncei-2001-5250495","year":2001,"month":6,"state":"MS","stateName":"Mississippi","scale":0,"scaleLabel":"F0","lengthMiles":0.4,"deaths":0,"injuries":0}},{"type":"Feature","geometry":{"type":"Point","coordinates":[-89.13333,31.55]},"properties":{"id":"ncei-2001-5250586","year":2001,"month":6,"state":"MS","stateName":"Mississippi","scale":0,"scaleLabel":"F0","lengthMiles":0.3,"deaths":0,"injuries":0}},{"type":"Feature","geometry":{"type":"Point","coordinates":[-98.33333,26.23333]},"properties":{"id":"ncei-2001-5250598","year":2001,"month":5,"state":"TX","stateName":"Texas","scale":1,"scaleLabel":"F1","lengthMiles":0.1,"deaths":0,"injuries":0}},{"type":"Feature","geometry":{"type":"Point","coordinates":[-98.31667,26.21667]},"properties":{"id":"ncei-2001-5250599","year":2001,"month":5,"state":"TX","stateName":"Texas","scale":1,"scaleLabel":"F1","lengthMiles":0.2,"deaths":0,"injuries":0}},{"type":"Feature","geometry":{"type":"Point","coordinates":[-97.55,26.08333]},"properties":{"id":"ncei-2001-5250603","year":2001,"month":5,"state":"TX","stateName":"Texas","scale":0,"scaleLabel":"F0","lengthMiles":0.1,"deaths":0,"injuries":0}},{"type":"Feature","geometry":{"type":"Point","coordinates":[-91.58333,41.63333]},"properties":{"id":"ncei-2001-5250796","year":2001,"month":5,"state":"IA","stateName":"Iowa","scale":0,"scaleLabel":"F0","lengthMiles":0.1,"deaths":0,"injuries":0}},{"type":"Feature","geometry":{"type":"Point","coordinates":[-93.38333,37.26667]},"properties":{"id":"ncei-2001-5250854","year":2001,"month":6,"state":"MO","stateName":"Missouri","scale":0,"scaleLabel":"F0","lengthMiles":0.1,"deaths":0,"injuries":0}},{"type":"Feature","geometry":{"type":"Point","coordinates":[-89.43333,36.03333]},"properties":{"id":"ncei-2001-5250910","year":2001,"month":6,"state":"TN","stateName":"Tennessee","scale":0,"scaleLabel":"F0","lengthMiles":0.3,"deaths":0,"injuries":0}},{"type":"Feature","geometry":{"type":"Point","coordinates":[-89.45,35.95]},"properties":{"id":"ncei-2001-5250911","year":2001,"month":6,"state":"TN","stateName":"Tennessee","scale":0,"scaleLabel":"F0","lengthMiles":0.3,"deaths":0,"injuries":0}},{"type":"Feature","geometry":{"type":"Point","coordinates":[-78.8,35.78333]},"properties":{"id":"ncei-2001-5250937","year":2001,"month":6,"state":"NC","stateName":"North Carolina","scale":0,"scaleLabel":"F0","lengthMiles":0.1,"deaths":0,"injuries":0}},{"type":"Feature","geometry":{"type":"Point","coordinates":[-100.55,32.45]},"properties":{"id":"ncei-2001-5250963","year":2001,"month":6,"state":"TX","stateName":"Texas","scale":0,"scaleLabel":"F0","lengthMiles":0.1,"deaths":0,"injuries":0}},{"type":"Feature","geometry":{"type":"Point","coordinates":[-100.53333,32.48333]},"properties":{"id":"ncei-2001-5250964","year":2001,"month":6,"state":"TX","stateName":"Texas","scale":0,"scaleLabel":"F0","lengthMiles":0.1,"deaths":0,"injuries":0}},{"type":"Feature","geometry":{"type":"Point","coordinates":[-85.76667,42.9]},"properties":{"id":"ncei-2001-5251061","year":2001,"month":5,"state":"MI","stateName":"Michigan","scale":0,"scaleLabel":"F0","lengthMiles":0.6,"deaths":0,"injuries":0}},{"type":"Feature","geometry":{"type":"Point","coordinates":[-85.45,42.36667]},"properties":{"id":"ncei-2001-5251062","year":2001,"month":5,"state":"MI","stateName":"Michigan","scale":2,"scaleLabel":"F2","lengthMiles":1,"deaths":0,"injuries":0}},{"type":"Feature","geometry":{"type":"Point","coordinates":[-84.9,42.6]},"properties":{"id":"ncei-2001-5251063","year":2001,"month":5,"state":"MI","stateName":"Michigan","scale":0,"scaleLabel":"F0","lengthMiles":6,"deaths":0,"injuries":0}},{"type":"Feature","geometry":{"type":"Point","coordinates":[-85.83333,43.03333]},"properties":{"id":"ncei-2001-5251064","year":2001,"month":5,"state":"MI","stateName":"Michigan","scale":0,"scaleLabel":"F0","lengthMiles":0.1,"deaths":0,"injuries":0}},{"type":"Feature","geometry":{"type":"Point","coordinates":[-85.45,42.61667]},"properties":{"id":"ncei-2001-5251065","year":2001,"month":5,"state":"MI","stateName":"Michigan","scale":0,"scaleLabel":"F0","lengthMiles":1,"deaths":0,"injuries":0}},{"type":"Feature","geometry":{"type":"Point","coordinates":[-85.58333,42.75]},"properties":{"id":"ncei-2001-5251066","year":2001,"month":5,"state":"MI","stateName":"Michigan","scale":0,"scaleLabel":"F0","lengthMiles":1.5,"deaths":0,"injuries":0}},{"type":"Feature","geometry":{"type":"Point","coordinates":[-81.8,26.13333]},"properties":{"id":"ncei-2001-5251072","year":2001,"month":6,"state":"FL","stateName":"Florida","scale":0,"scaleLabel":"F0","lengthMiles":0.5,"deaths":0,"injuries":0}},{"type":"Feature","geometry":{"type":"Point","coordinates":[-80.16667,26.05]},"properties":{"id":"ncei-2001-5251079","year":2001,"month":6,"state":"FL","stateName":"Florida","scale":1,"scaleLabel":"F1","lengthMiles":1.5,"deaths":0,"injuries":0}},{"type":"Feature","geometry":{"type":"Point","coordinates":[-84.66667,42.91667]},"properties":{"id":"ncei-2001-5251139","year":2001,"month":5,"state":"MI","stateName":"Michigan","scale":1,"scaleLabel":"F1","lengthMiles":4.5,"deaths":0,"injuries":0}},{"type":"Feature","geometry":{"type":"Point","coordinates":[-85.56667,43.01667]},"properties":{"id":"ncei-2001-5251140","year":2001,"month":5,"state":"MI","stateName":"Michigan","scale":1,"scaleLabel":"F1","lengthMiles":0.3,"deaths":0,"injuries":0}},{"type":"Feature","geometry":{"type":"Point","coordinates":[-85.25,42.83333]},"properties":{"id":"ncei-2001-5251141","year":2001,"month":5,"state":"MI","stateName":"Michigan","scale":0,"scaleLabel":"F0","lengthMiles":1,"deaths":0,"injuries":0}},{"type":"Feature","geometry":{"type":"Point","coordinates":[-85.68333,43.06667]},"properties":{"id":"ncei-2001-5251142","year":2001,"month":5,"state":"MI","stateName":"Michigan","scale":0,"scaleLabel":"F0","lengthMiles":0.1,"deaths":0,"injuries":0}},{"type":"Feature","geometry":{"type":"Point","coordinates":[-85.6,43.03333]},"properties":{"id":"ncei-2001-5251143","year":2001,"month":5,"state":"MI","stateName":"Michigan","scale":0,"scaleLabel":"F0","lengthMiles":0.1,"deaths":0,"injuries":0}},{"type":"Feature","geometry":{"type":"Point","coordinates":[-84.75,43.38333]},"properties":{"id":"ncei-2001-5251144","year":2001,"month":5,"state":"MI","stateName":"Michigan","scale":1,"scaleLabel":"F1","lengthMiles":3,"deaths":0,"injuries":1}},{"type":"Feature","geometry":{"type":"Point","coordinates":[-84.61667,43.28333]},"properties":{"id":"ncei-2001-5251145","year":2001,"month":5,"state":"MI","stateName":"Michigan","scale":0,"scaleLabel":"F0","lengthMiles":2.5,"deaths":0,"injuries":0}},{"type":"Feature","geometry":{"type":"Point","coordinates":[-80.9,28.3]},"properties":{"id":"ncei-2001-5251148","year":2001,"month":6,"state":"FL","stateName":"Florida","scale":0,"scaleLabel":"F0","lengthMiles":0.2,"deaths":0,"injuries":0}},{"type":"Feature","geometry":{"type":"Point","coordinates":[-80.85,28.38]},"properties":{"id":"ncei-2001-5251149","year":2001,"month":6,"state":"FL","stateName":"Florida","scale":0,"scaleLabel":"F0","lengthMiles":0.3,"deaths":0,"injuries":0}},{"type":"Feature","geometry":{"type":"Point","coordinates":[-80.46667,27.81667]},"properties":{"id":"ncei-2001-5251150","year":2001,"month":6,"state":"FL","stateName":"Florida","scale":1,"scaleLabel":"F1","lengthMiles":2,"deaths":0,"injuries":0}},{"type":"Feature","geometry":{"type":"Point","coordinates":[-80.56667,28.48333]},"properties":{"id":"ncei-2001-5251151","year":2001,"month":6,"state":"FL","stateName":"Florida","scale":0,"scaleLabel":"F0","lengthMiles":0.2,"deaths":0,"injuries":0}},{"type":"Feature","geometry":{"type":"Point","coordinates":[-83.25,30.15]},"properties":{"id":"ncei-2001-5251192","year":2001,"month":6,"state":"FL","stateName":"Florida","scale":0,"scaleLabel":"F0","lengthMiles":0.1,"deaths":0,"injuries":0}},{"type":"Feature","geometry":{"type":"Point","coordinates":[-84.68333,43.51667]},"properties":{"id":"ncei-2001-5251199","year":2001,"month":5,"state":"MI","stateName":"Michigan","scale":1,"scaleLabel":"F1","lengthMiles":4,"deaths":0,"injuries":1}},{"type":"Feature","geometry":{"type":"Point","coordinates":[-84.73333,43.91667]},"properties":{"id":"ncei-2001-5251200","year":2001,"month":5,"state":"MI","stateName":"Michigan","scale":0,"scaleLabel":"F0","lengthMiles":0.1,"deaths":0,"injuries":0}},{"type":"Feature","geometry":{"type":"Point","coordinates":[-83.65,30.48333]},"properties":{"id":"ncei-2001-5251270","year":2001,"month":6,"state":"FL","stateName":"Florida","scale":1,"scaleLabel":"F1","lengthMiles":0.3,"deaths":0,"injuries":1}},{"type":"Feature","geometry":{"type":"Point","coordinates":[-99.08333,47.98333]},"properties":{"id":"ncei-2001-5251365","year":2001,"month":6,"state":"ND","stateName":"North Dakota","scale":0,"scaleLabel":"F0","lengthMiles":0.5,"deaths":0,"injuries":0}},{"type":"Feature","geometry":{"type":"Point","coordinates":[-99.25,48.01667]},"properties":{"id":"ncei-2001-5251372","year":2001,"month":6,"state":"ND","stateName":"North Dakota","scale":0,"scaleLabel":"F0","lengthMiles":2,"deaths":0,"injuries":0}},{"type":"Feature","geometry":{"type":"Point","coordinates":[-99.2,47.91667]},"properties":{"id":"ncei-2001-5251374","year":2001,"month":6,"state":"ND","stateName":"North Dakota","scale":0,"scaleLabel":"F0","lengthMiles":0.5,"deaths":0,"injuries":0}},{"type":"Feature","geometry":{"type":"Point","coordinates":[-88.45,30.75]},"properties":{"id":"ncei-2001-5251386","year":2001,"month":6,"state":"MS","stateName":"Mississippi","scale":1,"scaleLabel":"F1","lengthMiles":10,"deaths":0,"injuries":2}},{"type":"Feature","geometry":{"type":"Point","coordinates":[-88.23333,30.68333]},"properties":{"id":"ncei-2001-5251387","year":2001,"month":6,"state":"AL","stateName":"Alabama","scale":0,"scaleLabel":"F0","lengthMiles":2.5,"deaths":0,"injuries":0}},{"type":"Feature","geometry":{"type":"Point","coordinates":[-86.45,31.23333]},"properties":{"id":"ncei-2001-5251388","year":2001,"month":6,"state":"AL","stateName":"Alabama","scale":0,"scaleLabel":"F0","lengthMiles":3.5,"deaths":0,"injuries":0}},{"type":"Feature","geometry":{"type":"Point","coordinates":[-96.15,45.8]},"properties":{"id":"ncei-2001-5251495","year":2001,"month":6,"state":"MN","stateName":"Minnesota","scale":3,"scaleLabel":"F3","lengthMiles":11,"deaths":0,"injuries":3}},{"type":"Feature","geometry":{"type":"Point","coordinates":[-96.2,46.16667]},"properties":{"id":"ncei-2001-5251513","year":2001,"month":6,"state":"MN","stateName":"Minnesota","scale":0,"scaleLabel":"F0","lengthMiles":0.5,"deaths":0,"injuries":0}},{"type":"Feature","geometry":{"type":"Point","coordinates":[-103.15,38.06667]},"properties":{"id":"ncei-2001-5251532","year":2001,"month":6,"state":"CO","stateName":"Colorado","scale":0,"scaleLabel":"F0","lengthMiles":0.1,"deaths":0,"injuries":0}},{"type":"Feature","geometry":{"type":"Point","coordinates":[-97.08333,47.5]},"properties":{"id":"ncei-2001-5251554","year":2001,"month":6,"state":"ND","stateName":"North Dakota","scale":0,"scaleLabel":"F0","lengthMiles":0.5,"deaths":0,"injuries":0}},{"type":"Feature","geometry":{"type":"Point","coordinates":[-97.75,47.93333]},"properties":{"id":"ncei-2001-5251562","year":2001,"month":6,"state":"ND","stateName":"North Dakota","scale":0,"scaleLabel":"F0","lengthMiles":0.5,"deaths":0,"injuries":0}},{"type":"Feature","geometry":{"type":"Point","coordinates":[-97.18333,47.63333]},"properties":{"id":"ncei-2001-5251566","year":2001,"month":6,"state":"ND","stateName":"North Dakota","scale":0,"scaleLabel":"F0","lengthMiles":0.5,"deaths":0,"injuries":0}},{"type":"Feature","geometry":{"type":"Point","coordinates":[-97.15,47.5]},"properties":{"id":"ncei-2001-5251568","year":2001,"month":6,"state":"ND","stateName":"North Dakota","scale":0,"scaleLabel":"F0","lengthMiles":0.5,"deaths":0,"injuries":0}},{"type":"Feature","geometry":{"type":"Point","coordinates":[-106.76667,43.06667]},"properties":{"id":"ncei-2001-5251627","year":2001,"month":6,"state":"WY","stateName":"Wyoming","scale":0,"scaleLabel":"F0","lengthMiles":0.1,"deaths":0,"injuries":0}},{"type":"Feature","geometry":{"type":"Point","coordinates":[-108.2,44.28333]},"properties":{"id":"ncei-2001-5251642","year":2001,"month":6,"state":"WY","stateName":"Wyoming","scale":0,"scaleLabel":"F0","lengthMiles":0.5,"deaths":0,"injuries":0}},{"type":"Feature","geometry":{"type":"Point","coordinates":[-106.71667,42.56667]},"properties":{"id":"ncei-2001-5251715","year":2001,"month":6,"state":"WY","stateName":"Wyoming","scale":0,"scaleLabel":"F0","lengthMiles":0.2,"deaths":0,"injuries":0}},{"type":"Feature","geometry":{"type":"Point","coordinates":[-108.05,44.48333]},"properties":{"id":"ncei-2001-5251716","year":2001,"month":6,"state":"WY","stateName":"Wyoming","scale":1,"scaleLabel":"F1","lengthMiles":0.7,"deaths":0,"injuries":0}},{"type":"Feature","geometry":{"type":"Point","coordinates":[-84.01667,35.78333]},"properties":{"id":"ncei-2001-5251974","year":2001,"month":6,"state":"TN","stateName":"Tennessee","scale":0,"scaleLabel":"F0","lengthMiles":1.5,"deaths":0,"injuries":0}},{"type":"Feature","geometry":{"type":"Point","coordinates":[-98.96667,32.41667]},"properties":{"id":"ncei-2001-5252329","year":2001,"month":6,"state":"TX","stateName":"Texas","scale":0,"scaleLabel":"F0","lengthMiles":0.1,"deaths":0,"injuries":0}},{"type":"Feature","geometry":{"type":"Point","coordinates":[-103.2,40.76667]},"properties":{"id":"ncei-2001-5252345","year":2001,"month":6,"state":"CO","stateName":"Colorado","scale":0,"scaleLabel":"F0","lengthMiles":0.1,"deaths":0,"injuries":0}},{"type":"Feature","geometry":{"type":"Point","coordinates":[-103.23333,40.86667]},"properties":{"id":"ncei-2001-5252346","year":2001,"month":6,"state":"CO","stateName":"Colorado","scale":0,"scaleLabel":"F0","lengthMiles":0.1,"deaths":0,"injuries":0}},{"type":"Feature","geometry":{"type":"Point","coordinates":[-103.8,39.75]},"properties":{"id":"ncei-2001-5252378","year":2001,"month":6,"state":"CO","stateName":"Colorado","scale":1,"scaleLabel":"F1","lengthMiles":0.2,"deaths":0,"injuries":0}},{"type":"Feature","geometry":{"type":"Point","coordinates":[-103.48333,40.16667]},"properties":{"id":"ncei-2001-5252383","year":2001,"month":6,"state":"CO","stateName":"Colorado","scale":0,"scaleLabel":"F0","lengthMiles":0.1,"deaths":0,"injuries":0}},{"type":"Feature","geometry":{"type":"Point","coordinates":[-93.71667,41.51667]},"properties":{"id":"ncei-2001-5252384","year":2001,"month":7,"state":"IA","stateName":"Iowa","scale":0,"scaleLabel":"F0","lengthMiles":0.2,"deaths":0,"injuries":0}},{"type":"Feature","geometry":{"type":"Point","coordinates":[-103.68333,38.85]},"properties":{"id":"ncei-2001-5252469","year":2001,"month":6,"state":"CO","stateName":"Colorado","scale":0,"scaleLabel":"F0","lengthMiles":0.1,"deaths":0,"injuries":0}},{"type":"Feature","geometry":{"type":"Point","coordinates":[-103.36667,39.91667]},"properties":{"id":"ncei-2001-5252471","year":2001,"month":6,"state":"CO","stateName":"Colorado","scale":0,"scaleLabel":"F0","lengthMiles":0.1,"deaths":0,"injuries":0}},{"type":"Feature","geometry":{"type":"Point","coordinates":[-103.7,39.43333]},"properties":{"id":"ncei-2001-5252475","year":2001,"month":6,"state":"CO","stateName":"Colorado","scale":0,"scaleLabel":"F0","lengthMiles":0.1,"deaths":0,"injuries":0}},{"type":"Feature","geometry":{"type":"Point","coordinates":[-103.7,39.41667]},"properties":{"id":"ncei-2001-5252476","year":2001,"month":6,"state":"CO","stateName":"Colorado","scale":0,"scaleLabel":"F0","lengthMiles":0.1,"deaths":0,"injuries":0}},{"type":"Feature","geometry":{"type":"Point","coordinates":[-103.6,39.36667]},"properties":{"id":"ncei-2001-5252477","year":2001,"month":6,"state":"CO","stateName":"Colorado","scale":0,"scaleLabel":"F0","lengthMiles":5,"deaths":0,"injuries":0}},{"type":"Feature","geometry":{"type":"Point","coordinates":[-103.7,39.06667]},"properties":{"id":"ncei-2001-5252478","year":2001,"month":6,"state":"CO","stateName":"Colorado","scale":0,"scaleLabel":"F0","lengthMiles":0.1,"deaths":0,"injuries":0}},{"type":"Feature","geometry":{"type":"Point","coordinates":[-103.46667,39.1]},"properties":{"id":"ncei-2001-5252479","year":2001,"month":6,"state":"CO","stateName":"Colorado","scale":0,"scaleLabel":"F0","lengthMiles":0.5,"deaths":0,"injuries":0}},{"type":"Feature","geometry":{"type":"Point","coordinates":[-103.7,39.31667]},"properties":{"id":"ncei-2001-5252482","year":2001,"month":6,"state":"CO","stateName":"Colorado","scale":0,"scaleLabel":"F0","lengthMiles":0.1,"deaths":0,"injuries":0}},{"type":"Feature","geometry":{"type":"Point","coordinates":[-104.8,39.98333]},"properties":{"id":"ncei-2001-5252491","year":2001,"month":6,"state":"CO","stateName":"Colorado","scale":0,"scaleLabel":"F0","lengthMiles":0.1,"deaths":0,"injuries":0}},{"type":"Feature","geometry":{"type":"Point","coordinates":[-104.66667,39.98333]},"properties":{"id":"ncei-2001-5252493","year":2001,"month":6,"state":"CO","stateName":"Colorado","scale":0,"scaleLabel":"F0","lengthMiles":0.1,"deaths":0,"injuries":0}},{"type":"Feature","geometry":{"type":"Point","coordinates":[-96.3,43.08333]},"properties":{"id":"ncei-2001-5252553","year":2001,"month":6,"state":"IA","stateName":"Iowa","scale":0,"scaleLabel":"F0","lengthMiles":0.1,"deaths":0,"injuries":0}},{"type":"Feature","geometry":{"type":"Point","coordinates":[-96.46667,44.25]},"properties":{"id":"ncei-2001-5252557","year":2001,"month":6,"state":"MN","stateName":"Minnesota","scale":1,"scaleLabel":"F1","lengthMiles":2,"deaths":0,"injuries":0}},{"type":"Feature","geometry":{"type":"Point","coordinates":[-104.46667,39.48333]},"properties":{"id":"ncei-2001-5252565","year":2001,"month":6,"state":"CO","stateName":"Colorado","scale":0,"scaleLabel":"F0","lengthMiles":0.1,"deaths":0,"injuries":0}},{"type":"Feature","geometry":{"type":"Point","coordinates":[-73.31667,41.61667]},"properties":{"id":"ncei-2001-5252581","year":2001,"month":6,"state":"CT","stateName":"Connecticut","scale":1,"scaleLabel":"F1","lengthMiles":1,"deaths":0,"injuries":1}},{"type":"Feature","geometry":{"type":"Point","coordinates":[-73.11667,41.8]},"properties":{"id":"ncei-2001-5252582","year":2001,"month":6,"state":"CT","stateName":"Connecticut","scale":2,"scaleLabel":"F2","lengthMiles":0.5,"deaths":0,"injuries":0}},{"type":"Feature","geometry":{"type":"Point","coordinates":[-80.16667,41.53333]},"properties":{"id":"ncei-2001-5252586","year":2001,"month":6,"state":"PA","stateName":"Pennsylvania","scale":0,"scaleLabel":"F0","lengthMiles":5,"deaths":0,"injuries":0}},{"type":"Feature","geometry":{"type":"Point","coordinates":[-98.95,43.63333]},"properties":{"id":"ncei-2001-5252608","year":2001,"month":6,"state":"SD","stateName":"South Dakota","scale":0,"scaleLabel":"F0","lengthMiles":0.1,"deaths":0,"injuries":0}},{"type":"Feature","geometry":{"type":"Point","coordinates":[-95.66667,43.5]},"properties":{"id":"ncei-2001-5252619","year":2001,"month":6,"state":"MN","stateName":"Minnesota","scale":0,"scaleLabel":"F0","lengthMiles":0.1,"deaths":0,"injuries":0}},{"type":"Feature","geometry":{"type":"Point","coordinates":[-97.75,44.15]},"properties":{"id":"ncei-2001-5252665","year":2001,"month":6,"state":"SD","stateName":"South Dakota","scale":0,"scaleLabel":"F0","lengthMiles":0.1,"deaths":0,"injuries":0}},{"type":"Feature","geometry":{"type":"Point","coordinates":[-97.58333,43.73333]},"properties":{"id":"ncei-2001-5252668","year":2001,"month":6,"state":"SD","stateName":"South Dakota","scale":0,"scaleLabel":"F0","lengthMiles":0.1,"deaths":0,"injuries":0}},{"type":"Feature","geometry":{"type":"Point","coordinates":[-97.25,43.7]},"properties":{"id":"ncei-2001-5252670","year":2001,"month":6,"state":"SD","stateName":"South Dakota","scale":0,"scaleLabel":"F0","lengthMiles":0.1,"deaths":0,"injuries":0}},{"type":"Feature","geometry":{"type":"Point","coordinates":[-96.53333,43.71667]},"properties":{"id":"ncei-2001-5252888","year":2001,"month":6,"state":"SD","stateName":"South Dakota","scale":0,"scaleLabel":"F0","lengthMiles":0.1,"deaths":0,"injuries":0}},{"type":"Feature","geometry":{"type":"Point","coordinates":[-96.73333,43.53333]},"properties":{"id":"ncei-2001-5252900","year":2001,"month":6,"state":"SD","stateName":"South Dakota","scale":0,"scaleLabel":"F0","lengthMiles":0.1,"deaths":0,"injuries":0}},{"type":"Feature","geometry":{"type":"Point","coordinates":[-83.78333,37.11667]},"properties":{"id":"ncei-2001-5252967","year":2001,"month":6,"state":"KY","stateName":"Kentucky","scale":0,"scaleLabel":"F0","lengthMiles":1,"deaths":0,"injuries":0}},{"type":"Feature","geometry":{"type":"Point","coordinates":[-84.08333,37.13333]},"properties":{"id":"ncei-2001-5252968","year":2001,"month":6,"state":"KY","stateName":"Kentucky","scale":2,"scaleLabel":"F2","lengthMiles":7,"deaths":0,"injuries":10}},{"type":"Feature","geometry":{"type":"Point","coordinates":[-97.71667,43.46667]},"properties":{"id":"ncei-2001-5252990","year":2001,"month":6,"state":"SD","stateName":"South Dakota","scale":0,"scaleLabel":"F0","lengthMiles":1,"deaths":0,"injuries":0}},{"type":"Feature","geometry":{"type":"Point","coordinates":[-95.2,43.41667]},"properties":{"id":"ncei-2001-5253069","year":2001,"month":6,"state":"IA","stateName":"Iowa","scale":0,"scaleLabel":"F0","lengthMiles":0.1,"deaths":0,"injuries":0}},{"type":"Feature","geometry":{"type":"Point","coordinates":[-95.1,43.43333]},"properties":{"id":"ncei-2001-5253070","year":2001,"month":6,"state":"IA","stateName":"Iowa","scale":0,"scaleLabel":"F0","lengthMiles":0.5,"deaths":0,"injuries":0}},{"type":"Feature","geometry":{"type":"Point","coordinates":[-96,43.4]},"properties":{"id":"ncei-2001-5253080","year":2001,"month":6,"state":"IA","stateName":"Iowa","scale":0,"scaleLabel":"F0","lengthMiles":0.1,"deaths":0,"injuries":0}},{"type":"Feature","geometry":{"type":"Point","coordinates":[-97.45,43.51667]},"properties":{"id":"ncei-2001-5253082","year":2001,"month":6,"state":"SD","stateName":"South Dakota","scale":0,"scaleLabel":"F0","lengthMiles":0.1,"deaths":0,"injuries":0}},{"type":"Feature","geometry":{"type":"Point","coordinates":[-84.1,43.25]},"properties":{"id":"ncei-2001-5253098","year":2001,"month":6,"state":"MI","stateName":"Michigan","scale":0,"scaleLabel":"F0","lengthMiles":2.9,"deaths":0,"injuries":0}},{"type":"Feature","geometry":{"type":"Point","coordinates":[-97.38333,43.55]},"properties":{"id":"ncei-2001-5253148","year":2001,"month":6,"state":"SD","stateName":"South Dakota","scale":0,"scaleLabel":"F0","lengthMiles":0.1,"deaths":0,"injuries":0}},{"type":"Feature","geometry":{"type":"Point","coordinates":[-95.55,43.41667]},"properties":{"id":"ncei-2001-5253151","year":2001,"month":6,"state":"IA","stateName":"Iowa","scale":0,"scaleLabel":"F0","lengthMiles":0.1,"deaths":0,"injuries":0}},{"type":"Feature","geometry":{"type":"Point","coordinates":[-96.95,43.55]},"properties":{"id":"ncei-2001-5253159","year":2001,"month":6,"state":"SD","stateName":"South Dakota","scale":0,"scaleLabel":"F0","lengthMiles":0.1,"deaths":0,"injuries":0}},{"type":"Feature","geometry":{"type":"Point","coordinates":[-86.96667,40.91667]},"properties":{"id":"ncei-2001-5253293","year":2001,"month":7,"state":"IN","stateName":"Indiana","scale":0,"scaleLabel":"F0","lengthMiles":1,"deaths":0,"injuries":0}},{"type":"Feature","geometry":{"type":"Point","coordinates":[-96.35,44.21667]},"properties":{"id":"ncei-2001-5253345","year":2001,"month":6,"state":"MN","stateName":"Minnesota","scale":0,"scaleLabel":"F0","lengthMiles":0.1,"deaths":0,"injuries":0}},{"type":"Feature","geometry":{"type":"Point","coordinates":[-96.15,44.26667]},"properties":{"id":"ncei-2001-5253346","year":2001,"month":6,"state":"MN","stateName":"Minnesota","scale":0,"scaleLabel":"F0","lengthMiles":0.1,"deaths":0,"injuries":0}},{"type":"Feature","geometry":{"type":"Point","coordinates":[-96.35,44.18333]},"properties":{"id":"ncei-2001-5253348","year":2001,"month":6,"state":"MN","stateName":"Minnesota","scale":1,"scaleLabel":"F1","lengthMiles":0.5,"deaths":0,"injuries":0}},{"type":"Feature","geometry":{"type":"Point","coordinates":[-78.73333,41.25]},"properties":{"id":"ncei-2001-5253359","year":2001,"month":6,"state":"PA","stateName":"Pennsylvania","scale":1,"scaleLabel":"F1","lengthMiles":3,"deaths":0,"injuries":0}},{"type":"Feature","geometry":{"type":"Point","coordinates":[-96.73333,44.43333]},"properties":{"id":"ncei-2001-5253399","year":2001,"month":6,"state":"SD","stateName":"South Dakota","scale":0,"scaleLabel":"F0","lengthMiles":0.1,"deaths":0,"injuries":0}},{"type":"Feature","geometry":{"type":"Point","coordinates":[-96.18333,44.23333]},"properties":{"id":"ncei-2001-5253430","year":2001,"month":6,"state":"MN","stateName":"Minnesota","scale":0,"scaleLabel":"F0","lengthMiles":0.1,"deaths":0,"injuries":0}},{"type":"Feature","geometry":{"type":"Point","coordinates":[-95.61667,43.31667]},"properties":{"id":"ncei-2001-5253435","year":2001,"month":6,"state":"IA","stateName":"Iowa","scale":0,"scaleLabel":"F0","lengthMiles":0.1,"deaths":0,"injuries":0}},{"type":"Feature","geometry":{"type":"Point","coordinates":[-76,40.03333]},"properties":{"id":"ncei-2001-5253453","year":2001,"month":6,"state":"PA","stateName":"Pennsylvania","scale":0,"scaleLabel":"F0","lengthMiles":0.2,"deaths":0,"injuries":0}},{"type":"Feature","geometry":{"type":"Point","coordinates":[-95.76667,44.61667]},"properties":{"id":"ncei-2001-5253485","year":2001,"month":6,"state":"MN","stateName":"Minnesota","scale":0,"scaleLabel":"F0","lengthMiles":0.1,"deaths":0,"injuries":0}},{"type":"Feature","geometry":{"type":"Point","coordinates":[-98.06667,39.66667]},"properties":{"id":"ncei-2001-5253600","year":2001,"month":5,"state":"KS","stateName":"Kansas","scale":0,"scaleLabel":"F0","lengthMiles":0.5,"deaths":0,"injuries":0}},{"type":"Feature","geometry":{"type":"Point","coordinates":[-98.05,39.58333]},"properties":{"id":"ncei-2001-5253601","year":2001,"month":5,"state":"KS","stateName":"Kansas","scale":0,"scaleLabel":"F0","lengthMiles":1,"deaths":0,"injuries":0}},{"type":"Feature","geometry":{"type":"Point","coordinates":[-98.06667,39.53333]},"properties":{"id":"ncei-2001-5253602","year":2001,"month":5,"state":"KS","stateName":"Kansas","scale":0,"scaleLabel":"F0","lengthMiles":1,"deaths":0,"injuries":0}},{"type":"Feature","geometry":{"type":"Point","coordinates":[-99.48333,39.6]},"properties":{"id":"ncei-2001-5253606","year":2001,"month":5,"state":"KS","stateName":"Kansas","scale":0,"scaleLabel":"F0","lengthMiles":0.1,"deaths":0,"injuries":0}},{"type":"Feature","geometry":{"type":"Point","coordinates":[-99.41667,39.53333]},"properties":{"id":"ncei-2001-5253607","year":2001,"month":5,"state":"KS","stateName":"Kansas","scale":0,"scaleLabel":"F0","lengthMiles":0.5,"deaths":0,"injuries":0}},{"type":"Feature","geometry":{"type":"Point","coordinates":[-99.31667,39.45]},"properties":{"id":"ncei-2001-5253608","year":2001,"month":5,"state":"KS","stateName":"Kansas","scale":0,"scaleLabel":"F0","lengthMiles":1,"deaths":0,"injuries":0}},{"type":"Feature","geometry":{"type":"Point","coordinates":[-99.21667,39.3]},"properties":{"id":"ncei-2001-5253609","year":2001,"month":5,"state":"KS","stateName":"Kansas","scale":0,"scaleLabel":"F0","lengthMiles":0.5,"deaths":0,"injuries":0}},{"type":"Feature","geometry":{"type":"Point","coordinates":[-95.55,42.93333]},"properties":{"id":"ncei-2001-5253621","year":2001,"month":6,"state":"IA","stateName":"Iowa","scale":1,"scaleLabel":"F1","lengthMiles":7,"deaths":0,"injuries":0}},{"type":"Feature","geometry":{"type":"Point","coordinates":[-95.68333,42.51667]},"properties":{"id":"ncei-2001-5253627","year":2001,"month":6,"state":"IA","stateName":"Iowa","scale":0,"scaleLabel":"F0","lengthMiles":0.1,"deaths":0,"injuries":0}},{"type":"Feature","geometry":{"type":"Point","coordinates":[-95.55,42.75]},"properties":{"id":"ncei-2001-5253630","year":2001,"month":6,"state":"IA","stateName":"Iowa","scale":0,"scaleLabel":"F0","lengthMiles":0.1,"deaths":0,"injuries":0}},{"type":"Feature","geometry":{"type":"Point","coordinates":[-80.9,32.77]},"properties":{"id":"ncei-2001-5253657","year":2001,"month":6,"state":"SC","stateName":"South Carolina","scale":0,"scaleLabel":"F0","lengthMiles":1,"deaths":0,"injuries":0}},{"type":"Feature","geometry":{"type":"Point","coordinates":[-80.65,32.83]},"properties":{"id":"ncei-2001-5253658","year":2001,"month":6,"state":"SC","stateName":"South Carolina","scale":0,"scaleLabel":"F0","lengthMiles":2,"deaths":0,"injuries":0}},{"type":"Feature","geometry":{"type":"Point","coordinates":[-81.11667,32.86667]},"properties":{"id":"ncei-2001-5253659","year":2001,"month":6,"state":"SC","stateName":"South Carolina","scale":1,"scaleLabel":"F1","lengthMiles":6,"deaths":0,"injuries":0}},{"type":"Feature","geometry":{"type":"Point","coordinates":[-80.75,32.6]},"properties":{"id":"ncei-2001-5253661","year":2001,"month":6,"state":"SC","stateName":"South Carolina","scale":0,"scaleLabel":"F0","lengthMiles":1,"deaths":0,"injuries":0}},{"type":"Feature","geometry":{"type":"Point","coordinates":[-80.8,32.3]},"properties":{"id":"ncei-2001-5253662","year":2001,"month":6,"state":"SC","stateName":"South Carolina","scale":0,"scaleLabel":"F0","lengthMiles":1,"deaths":0,"injuries":0}},{"type":"Feature","geometry":{"type":"Point","coordinates":[-80.68333,32.35]},"properties":{"id":"ncei-2001-5253663","year":2001,"month":6,"state":"SC","stateName":"South Carolina","scale":0,"scaleLabel":"F0","lengthMiles":0.5,"deaths":0,"injuries":0}},{"type":"Feature","geometry":{"type":"Point","coordinates":[-80.66667,32.45]},"properties":{"id":"ncei-2001-5253664","year":2001,"month":6,"state":"SC","stateName":"South Carolina","scale":0,"scaleLabel":"F0","lengthMiles":1,"deaths":0,"injuries":0}},{"type":"Feature","geometry":{"type":"Point","coordinates":[-80.28333,32.56667]},"properties":{"id":"ncei-2001-5253666","year":2001,"month":6,"state":"SC","stateName":"South Carolina","scale":0,"scaleLabel":"F0","lengthMiles":1,"deaths":0,"injuries":0}},{"type":"Feature","geometry":{"type":"Point","coordinates":[-97.95,41.15]},"properties":{"id":"ncei-2001-5253716","year":2001,"month":5,"state":"NE","stateName":"Nebraska","scale":0,"scaleLabel":"F0","lengthMiles":1,"deaths":0,"injuries":0}},{"type":"Feature","geometry":{"type":"Point","coordinates":[-99.66667,43.51667]},"properties":{"id":"ncei-2001-5253808","year":2001,"month":6,"state":"SD","stateName":"South Dakota","scale":0,"scaleLabel":"F0","lengthMiles":0.5,"deaths":0,"injuries":0}},{"type":"Feature","geometry":{"type":"Point","coordinates":[-99.96667,43.43333]},"properties":{"id":"ncei-2001-5253809","year":2001,"month":6,"state":"SD","stateName":"South Dakota","scale":1,"scaleLabel":"F1","lengthMiles":0.5,"deaths":0,"injuries":0}},{"type":"Feature","geometry":{"type":"Point","coordinates":[-104.21667,43.85]},"properties":{"id":"ncei-2001-5253935","year":2001,"month":6,"state":"WY","stateName":"Wyoming","scale":0,"scaleLabel":"F0","lengthMiles":0.5,"deaths":0,"injuries":2}},{"type":"Feature","geometry":{"type":"Point","coordinates":[-95.2,45.93333]},"properties":{"id":"ncei-2001-5253980","year":2001,"month":6,"state":"MN","stateName":"Minnesota","scale":0,"scaleLabel":"F0","lengthMiles":0.1,"deaths":0,"injuries":0}},{"type":"Feature","geometry":{"type":"Point","coordinates":[-95.15,46.26667]},"properties":{"id":"ncei-2001-5253984","year":2001,"month":6,"state":"MN","stateName":"Minnesota","scale":3,"scaleLabel":"F3","lengthMiles":1,"deaths":0,"injuries":0}},{"type":"Feature","geometry":{"type":"Point","coordinates":[-94.71667,45.96667]},"properties":{"id":"ncei-2001-5253991","year":2001,"month":6,"state":"MN","stateName":"Minnesota","scale":0,"scaleLabel":"F0","lengthMiles":0.1,"deaths":0,"injuries":0}},{"type":"Feature","geometry":{"type":"Point","coordinates":[-94.53333,45.98333]},"properties":{"id":"ncei-2001-5253992","year":2001,"month":6,"state":"MN","stateName":"Minnesota","scale":2,"scaleLabel":"F2","lengthMiles":4,"deaths":0,"injuries":0}},{"type":"Feature","geometry":{"type":"Point","coordinates":[-94.76667,45.93333]},"properties":{"id":"ncei-2001-5253993","year":2001,"month":6,"state":"MN","stateName":"Minnesota","scale":0,"scaleLabel":"F0","lengthMiles":0.1,"deaths":0,"injuries":0}},{"type":"Feature","geometry":{"type":"Point","coordinates":[-105.48333,44.23333]},"properties":{"id":"ncei-2001-5254048","year":2001,"month":6,"state":"WY","stateName":"Wyoming","scale":0,"scaleLabel":"F0","lengthMiles":2,"deaths":0,"injuries":0}},{"type":"Feature","geometry":{"type":"Point","coordinates":[-105.48333,44.13333]},"properties":{"id":"ncei-2001-5254049","year":2001,"month":6,"state":"WY","stateName":"Wyoming","scale":0,"scaleLabel":"F0","lengthMiles":9,"deaths":0,"injuries":0}},{"type":"Feature","geometry":{"type":"Point","coordinates":[-105.25,43.88333]},"properties":{"id":"ncei-2001-5254050","year":2001,"month":6,"state":"WY","stateName":"Wyoming","scale":1,"scaleLabel":"F1","lengthMiles":15,"deaths":0,"injuries":0}},{"type":"Feature","geometry":{"type":"Point","coordinates":[-104.98333,43.85]},"properties":{"id":"ncei-2001-5254051","year":2001,"month":6,"state":"WY","stateName":"Wyoming","scale":0,"scaleLabel":"F0","lengthMiles":12,"deaths":0,"injuries":0}},{"type":"Feature","geometry":{"type":"Point","coordinates":[-104.96667,43.6]},"properties":{"id":"ncei-2001-5254052","year":2001,"month":6,"state":"WY","stateName":"Wyoming","scale":1,"scaleLabel":"F1","lengthMiles":20,"deaths":0,"injuries":0}},{"type":"Feature","geometry":{"type":"Point","coordinates":[-82.05,26.95]},"properties":{"id":"ncei-2001-5254243","year":2001,"month":6,"state":"FL","stateName":"Florida","scale":0,"scaleLabel":"F0","lengthMiles":0.1,"deaths":0,"injuries":0}},{"type":"Feature","geometry":{"type":"Point","coordinates":[-104.06667,43.03333]},"properties":{"id":"ncei-2001-5254329","year":2001,"month":6,"state":"SD","stateName":"South Dakota","scale":0,"scaleLabel":"F0","lengthMiles":2,"deaths":0,"injuries":0}},{"type":"Feature","geometry":{"type":"Point","coordinates":[-103.85,43.03333]},"properties":{"id":"ncei-2001-5254330","year":2001,"month":6,"state":"SD","stateName":"South Dakota","scale":0,"scaleLabel":"F0","lengthMiles":5,"deaths":0,"injuries":0}},{"type":"Feature","geometry":{"type":"Point","coordinates":[-103.36667,43.01667]},"properties":{"id":"ncei-2001-5254332","year":2001,"month":6,"state":"SD","stateName":"South Dakota","scale":0,"scaleLabel":"F0","lengthMiles":5,"deaths":0,"injuries":0}},{"type":"Feature","geometry":{"type":"Point","coordinates":[-102.83333,43.08333]},"properties":{"id":"ncei-2001-5254333","year":2001,"month":6,"state":"SD","stateName":"South Dakota","scale":0,"scaleLabel":"F0","lengthMiles":1,"deaths":0,"injuries":0}},{"type":"Feature","geometry":{"type":"Point","coordinates":[-96.66667,42.08333]},"properties":{"id":"ncei-2001-5254367","year":2001,"month":6,"state":"NE","stateName":"Nebraska","scale":0,"scaleLabel":"F0","lengthMiles":0.5,"deaths":0,"injuries":0}},{"type":"Feature","geometry":{"type":"Point","coordinates":[-97.08333,40.85]},"properties":{"id":"ncei-2001-5254373","year":2001,"month":6,"state":"NE","stateName":"Nebraska","scale":4,"scaleLabel":"F4","lengthMiles":8,"deaths":0,"injuries":2}},{"type":"Feature","geometry":{"type":"Point","coordinates":[-101,34.4]},"properties":{"id":"ncei-2001-5254415","year":2001,"month":6,"state":"TX","stateName":"Texas","scale":0,"scaleLabel":"F0","lengthMiles":0.2,"deaths":0,"injuries":0}},{"type":"Feature","geometry":{"type":"Point","coordinates":[-96.86667,41.01667]},"properties":{"id":"ncei-2001-5254444","year":2001,"month":6,"state":"NE","stateName":"Nebraska","scale":0,"scaleLabel":"F0","lengthMiles":0.1,"deaths":0,"injuries":0}},{"type":"Feature","geometry":{"type":"Point","coordinates":[-96.75,41.2]},"properties":{"id":"ncei-2001-5254447","year":2001,"month":6,"state":"NE","stateName":"Nebraska","scale":0,"scaleLabel":"F0","lengthMiles":0.1,"deaths":0,"injuries":0}},{"type":"Feature","geometry":{"type":"Point","coordinates":[-96.2,42.21667]},"properties":{"id":"ncei-2001-5254450","year":2001,"month":6,"state":"IA","stateName":"Iowa","scale":0,"scaleLabel":"F0","lengthMiles":0.1,"deaths":0,"injuries":0}},{"type":"Feature","geometry":{"type":"Point","coordinates":[-96.31667,41.78333]},"properties":{"id":"ncei-2001-5254541","year":2001,"month":6,"state":"NE","stateName":"Nebraska","scale":0,"scaleLabel":"F0","lengthMiles":0.1,"deaths":0,"injuries":0}},{"type":"Feature","geometry":{"type":"Point","coordinates":[-96.01667,41.65]},"properties":{"id":"ncei-2001-5254542","year":2001,"month":6,"state":"IA","stateName":"Iowa","scale":0,"scaleLabel":"F0","lengthMiles":0.2,"deaths":0,"injuries":0}},{"type":"Feature","geometry":{"type":"Point","coordinates":[-93.35,45.71667]},"properties":{"id":"ncei-2001-5254556","year":2001,"month":6,"state":"MN","stateName":"Minnesota","scale":1,"scaleLabel":"F1","lengthMiles":8,"deaths":0,"injuries":0}},{"type":"Feature","geometry":{"type":"Point","coordinates":[-93.15,45.75]},"properties":{"id":"ncei-2001-5254558","year":2001,"month":6,"state":"MN","stateName":"Minnesota","scale":1,"scaleLabel":"F1","lengthMiles":0.3,"deaths":0,"injuries":0}},{"type":"Feature","geometry":{"type":"Point","coordinates":[-95.8,44.73333]},"properties":{"id":"ncei-2001-5254640","year":2001,"month":6,"state":"MN","stateName":"Minnesota","scale":0,"scaleLabel":"F0","lengthMiles":0.1,"deaths":0,"injuries":0}},{"type":"Feature","geometry":{"type":"Point","coordinates":[-81.48333,34.6]},"properties":{"id":"ncei-2001-5254664","year":2001,"month":6,"state":"SC","stateName":"South Carolina","scale":0,"scaleLabel":"F0","lengthMiles":0.5,"deaths":0,"injuries":0}},{"type":"Feature","geometry":{"type":"Point","coordinates":[-100.93333,34.11667]},"properties":{"id":"ncei-2001-5254675","year":2001,"month":6,"state":"TX","stateName":"Texas","scale":0,"scaleLabel":"F0","lengthMiles":0.2,"deaths":0,"injuries":0}},{"type":"Feature","geometry":{"type":"Point","coordinates":[-101.06667,33.95]},"properties":{"id":"ncei-2001-5254676","year":2001,"month":6,"state":"TX","stateName":"Texas","scale":0,"scaleLabel":"F0","lengthMiles":0.2,"deaths":0,"injuries":0}},{"type":"Feature","geometry":{"type":"Point","coordinates":[-101.33333,34.13333]},"properties":{"id":"ncei-2001-5254677","year":2001,"month":6,"state":"TX","stateName":"Texas","scale":0,"scaleLabel":"F0","lengthMiles":0.2,"deaths":0,"injuries":0}},{"type":"Feature","geometry":{"type":"Point","coordinates":[-101.43333,33.98333]},"properties":{"id":"ncei-2001-5254678","year":2001,"month":6,"state":"TX","stateName":"Texas","scale":1,"scaleLabel":"F1","lengthMiles":0.3,"deaths":0,"injuries":0}},{"type":"Feature","geometry":{"type":"Point","coordinates":[-101.51667,33.88333]},"properties":{"id":"ncei-2001-5254679","year":2001,"month":6,"state":"TX","stateName":"Texas","scale":0,"scaleLabel":"F0","lengthMiles":0.2,"deaths":0,"injuries":0}},{"type":"Feature","geometry":{"type":"Point","coordinates":[-101.41667,33.98333]},"properties":{"id":"ncei-2001-5254680","year":2001,"month":6,"state":"TX","stateName":"Texas","scale":0,"scaleLabel":"F0","lengthMiles":0.2,"deaths":0,"injuries":0}},{"type":"Feature","geometry":{"type":"Point","coordinates":[-106.75,32.31667]},"properties":{"id":"ncei-2001-5254681","year":2001,"month":6,"state":"NM","stateName":"New Mexico","scale":0,"scaleLabel":"F0","lengthMiles":0.3,"deaths":0,"injuries":0}},{"type":"Feature","geometry":{"type":"Point","coordinates":[-93.96667,45.23333]},"properties":{"id":"ncei-2001-5254691","year":2001,"month":6,"state":"MN","stateName":"Minnesota","scale":0,"scaleLabel":"F0","lengthMiles":2,"deaths":0,"injuries":0}},{"type":"Feature","geometry":{"type":"Point","coordinates":[-82.31667,28.05]},"properties":{"id":"ncei-2001-5254774","year":2001,"month":6,"state":"FL","stateName":"Florida","scale":0,"scaleLabel":"F0","lengthMiles":0.1,"deaths":0,"injuries":0}},{"type":"Feature","geometry":{"type":"Point","coordinates":[-95.68333,45.3]},"properties":{"id":"ncei-2001-5254787","year":2001,"month":6,"state":"MN","stateName":"Minnesota","scale":0,"scaleLabel":"F0","lengthMiles":0.1,"deaths":0,"injuries":0}},{"type":"Feature","geometry":{"type":"Point","coordinates":[-95.68333,45.28333]},"properties":{"id":"ncei-2001-5254788","year":2001,"month":6,"state":"MN","stateName":"Minnesota","scale":1,"scaleLabel":"F1","lengthMiles":0.1,"deaths":0,"injuries":0}},{"type":"Feature","geometry":{"type":"Point","coordinates":[-95.8,45.26667]},"properties":{"id":"ncei-2001-5254789","year":2001,"month":6,"state":"MN","stateName":"Minnesota","scale":0,"scaleLabel":"F0","lengthMiles":0.1,"deaths":0,"injuries":0}},{"type":"Feature","geometry":{"type":"Point","coordinates":[-95.76667,45.28333]},"properties":{"id":"ncei-2001-5254790","year":2001,"month":6,"state":"MN","stateName":"Minnesota","scale":0,"scaleLabel":"F0","lengthMiles":0.1,"deaths":0,"injuries":0}},{"type":"Feature","geometry":{"type":"Point","coordinates":[-95.76667,45.28333]},"properties":{"id":"ncei-2001-5254791","year":2001,"month":6,"state":"MN","stateName":"Minnesota","scale":0,"scaleLabel":"F0","lengthMiles":0.1,"deaths":0,"injuries":0}},{"type":"Feature","geometry":{"type":"Point","coordinates":[-95.61667,45.31667]},"properties":{"id":"ncei-2001-5254792","year":2001,"month":6,"state":"MN","stateName":"Minnesota","scale":2,"scaleLabel":"F2","lengthMiles":8,"deaths":0,"injuries":7}},{"type":"Feature","geometry":{"type":"Point","coordinates":[-95.45,45.25]},"properties":{"id":"ncei-2001-5254793","year":2001,"month":6,"state":"MN","stateName":"Minnesota","scale":0,"scaleLabel":"F0","lengthMiles":0.5,"deaths":0,"injuries":0}},{"type":"Feature","geometry":{"type":"Point","coordinates":[-95.06667,45.15]},"properties":{"id":"ncei-2001-5254794","year":2001,"month":6,"state":"MN","stateName":"Minnesota","scale":0,"scaleLabel":"F0","lengthMiles":0.5,"deaths":0,"injuries":0}},{"type":"Feature","geometry":{"type":"Point","coordinates":[-95.33333,45.21667]},"properties":{"id":"ncei-2001-5254795","year":2001,"month":6,"state":"MN","stateName":"Minnesota","scale":0,"scaleLabel":"F0","lengthMiles":0.2,"deaths":0,"injuries":0}},{"type":"Feature","geometry":{"type":"Point","coordinates":[-95.05,45.23333]},"properties":{"id":"ncei-2001-5254863","year":2001,"month":6,"state":"MN","stateName":"Minnesota","scale":1,"scaleLabel":"F1","lengthMiles":1,"deaths":0,"injuries":2}},{"type":"Feature","geometry":{"type":"Point","coordinates":[-94.11667,45.26667]},"properties":{"id":"ncei-2001-5254864","year":2001,"month":6,"state":"MN","stateName":"Minnesota","scale":1,"scaleLabel":"F1","lengthMiles":2,"deaths":0,"injuries":0}},{"type":"Feature","geometry":{"type":"Point","coordinates":[-95.31667,45.33333]},"properties":{"id":"ncei-2001-5254865","year":2001,"month":6,"state":"MN","stateName":"Minnesota","scale":1,"scaleLabel":"F1","lengthMiles":2,"deaths":0,"injuries":0}},{"type":"Feature","geometry":{"type":"Point","coordinates":[-94.25,45.33333]},"properties":{"id":"ncei-2001-5254866","year":2001,"month":6,"state":"MN","stateName":"Minnesota","scale":1,"scaleLabel":"F1","lengthMiles":5,"deaths":0,"injuries":0}},{"type":"Feature","geometry":{"type":"Point","coordinates":[-82.13333,27.03333]},"properties":{"id":"ncei-2001-5254933","year":2001,"month":6,"state":"FL","stateName":"Florida","scale":0,"scaleLabel":"F0","lengthMiles":0.1,"deaths":0,"injuries":0}},{"type":"Feature","geometry":{"type":"Point","coordinates":[-82.43333,27.15]},"properties":{"id":"ncei-2001-5254935","year":2001,"month":6,"state":"FL","stateName":"Florida","scale":0,"scaleLabel":"F0","lengthMiles":0.1,"deaths":0,"injuries":0}},{"type":"Feature","geometry":{"type":"Point","coordinates":[-94.55,45.13333]},"properties":{"id":"ncei-2001-5254937","year":2001,"month":6,"state":"MN","stateName":"Minnesota","scale":1,"scaleLabel":"F1","lengthMiles":0.5,"deaths":0,"injuries":0}},{"type":"Feature","geometry":{"type":"Point","coordinates":[-82.36667,28.25]},"properties":{"id":"ncei-2001-5255013","year":2001,"month":6,"state":"FL","stateName":"Florida","scale":0,"scaleLabel":"F0","lengthMiles":0.5,"deaths":0,"injuries":0}},{"type":"Feature","geometry":{"type":"Point","coordinates":[-93.38333,44.58333]},"properties":{"id":"ncei-2001-5255023","year":2001,"month":6,"state":"MN","stateName":"Minnesota","scale":1,"scaleLabel":"F1","lengthMiles":0.5,"deaths":0,"injuries":0}},{"type":"Feature","geometry":{"type":"Point","coordinates":[-94.78333,45.95]},"properties":{"id":"ncei-2001-5255037","year":2001,"month":6,"state":"MN","stateName":"Minnesota","scale":0,"scaleLabel":"F0","lengthMiles":0.1,"deaths":0,"injuries":0}},{"type":"Feature","geometry":{"type":"Point","coordinates":[-97.4,44.76667]},"properties":{"id":"ncei-2001-5255133","year":2001,"month":6,"state":"SD","stateName":"South Dakota","scale":0,"scaleLabel":"F0","lengthMiles":0.1,"deaths":0,"injuries":0}},{"type":"Feature","geometry":{"type":"Point","coordinates":[-96.26667,45.26667]},"properties":{"id":"ncei-2001-5255139","year":2001,"month":6,"state":"MN","stateName":"Minnesota","scale":0,"scaleLabel":"F0","lengthMiles":0.5,"deaths":0,"injuries":0}},{"type":"Feature","geometry":{"type":"Point","coordinates":[-88.51667,43.75]},"properties":{"id":"ncei-2001-5255226","year":2001,"month":6,"state":"WI","stateName":"Wisconsin","scale":1,"scaleLabel":"F1","lengthMiles":3.4,"deaths":0,"injuries":0}},{"type":"Feature","geometry":{"type":"Point","coordinates":[-88.01667,43.83333]},"properties":{"id":"ncei-2001-5255230","year":2001,"month":6,"state":"WI","stateName":"Wisconsin","scale":1,"scaleLabel":"F1","lengthMiles":8,"deaths":0,"injuries":0}},{"type":"Feature","geometry":{"type":"Point","coordinates":[-99.46667,42.23333]},"properties":{"id":"ncei-2001-5255233","year":2001,"month":7,"state":"NE","stateName":"Nebraska","scale":0,"scaleLabel":"F0","lengthMiles":1,"deaths":0,"injuries":0}},{"type":"Feature","geometry":{"type":"Point","coordinates":[-81.88333,29.08333]},"properties":{"id":"ncei-2001-5255254","year":2001,"month":6,"state":"FL","stateName":"Florida","scale":0,"scaleLabel":"F0","lengthMiles":0.1,"deaths":0,"injuries":0}},{"type":"Feature","geometry":{"type":"Point","coordinates":[-94.2,46.35]},"properties":{"id":"ncei-2001-5255330","year":2001,"month":6,"state":"MN","stateName":"Minnesota","scale":2,"scaleLabel":"F2","lengthMiles":5,"deaths":0,"injuries":0}},{"type":"Feature","geometry":{"type":"Point","coordinates":[-90.8,41.46667]},"properties":{"id":"ncei-2001-5255362","year":2001,"month":6,"state":"IA","stateName":"Iowa","scale":2,"scaleLabel":"F2","lengthMiles":0.1,"deaths":0,"injuries":0}},{"type":"Feature","geometry":{"type":"Point","coordinates":[-90.78333,41.48333]},"properties":{"id":"ncei-2001-5255363","year":2001,"month":6,"state":"IA","stateName":"Iowa","scale":2,"scaleLabel":"F2","lengthMiles":6.4,"deaths":0,"injuries":3}},{"type":"Feature","geometry":{"type":"Point","coordinates":[-90.51667,41.53333]},"properties":{"id":"ncei-2001-5255364","year":2001,"month":6,"state":"IA","stateName":"Iowa","scale":1,"scaleLabel":"F1","lengthMiles":3,"deaths":0,"injuries":0}},{"type":"Feature","geometry":{"type":"Point","coordinates":[-101.66667,42.9]},"properties":{"id":"ncei-2001-5255382","year":2001,"month":7,"state":"NE","stateName":"Nebraska","scale":0,"scaleLabel":"F0","lengthMiles":5,"deaths":0,"injuries":0}},{"type":"Feature","geometry":{"type":"Point","coordinates":[-81.73333,30.28333]},"properties":{"id":"ncei-2001-5255508","year":2001,"month":6,"state":"FL","stateName":"Florida","scale":0,"scaleLabel":"F0","lengthMiles":0.1,"deaths":1,"injuries":0}},{"type":"Feature","geometry":{"type":"Point","coordinates":[-82.53333,30]},"properties":{"id":"ncei-2001-5255511","year":2001,"month":6,"state":"FL","stateName":"Florida","scale":0,"scaleLabel":"F0","lengthMiles":0.1,"deaths":0,"injuries":0}},{"type":"Feature","geometry":{"type":"Point","coordinates":[-82.86667,31.26667]},"properties":{"id":"ncei-2001-5255512","year":2001,"month":6,"state":"GA","stateName":"Georgia","scale":0,"scaleLabel":"F0","lengthMiles":0.1,"deaths":0,"injuries":0}},{"type":"Feature","geometry":{"type":"Point","coordinates":[-99.21667,37.96667]},"properties":{"id":"ncei-2001-5255635","year":2001,"month":6,"state":"KS","stateName":"Kansas","scale":0,"scaleLabel":"F0","lengthMiles":0.2,"deaths":0,"injuries":0}},{"type":"Feature","geometry":{"type":"Point","coordinates":[-99.06667,37.96667]},"properties":{"id":"ncei-2001-5255636","year":2001,"month":6,"state":"KS","stateName":"Kansas","scale":0,"scaleLabel":"F0","lengthMiles":0.1,"deaths":0,"injuries":0}},{"type":"Feature","geometry":{"type":"Point","coordinates":[-89.45,43.18333]},"properties":{"id":"ncei-2001-5255671","year":2001,"month":6,"state":"WI","stateName":"Wisconsin","scale":0,"scaleLabel":"F0","lengthMiles":2.9,"deaths":0,"injuries":0}},{"type":"Feature","geometry":{"type":"Point","coordinates":[-105.2,41.88333]},"properties":{"id":"ncei-2001-5255677","year":2001,"month":6,"state":"WY","stateName":"Wyoming","scale":0,"scaleLabel":"F0","lengthMiles":0.1,"deaths":0,"injuries":0}},{"type":"Feature","geometry":{"type":"Point","coordinates":[-98.85,42.61667]},"properties":{"id":"ncei-2001-5255747","year":2001,"month":7,"state":"NE","stateName":"Nebraska","scale":0,"scaleLabel":"F0","lengthMiles":1,"deaths":0,"injuries":0}},{"type":"Feature","geometry":{"type":"Point","coordinates":[-104.66667,43.38333]},"properties":{"id":"ncei-2001-5255778","year":2001,"month":6,"state":"WY","stateName":"Wyoming","scale":0,"scaleLabel":"F0","lengthMiles":0.2,"deaths":0,"injuries":0}},{"type":"Feature","geometry":{"type":"Point","coordinates":[-103.16667,42.95]},"properties":{"id":"ncei-2001-5255781","year":2001,"month":6,"state":"NE","stateName":"Nebraska","scale":0,"scaleLabel":"F0","lengthMiles":0.2,"deaths":0,"injuries":0}},{"type":"Feature","geometry":{"type":"Point","coordinates":[-99.3,37.5]},"properties":{"id":"ncei-2001-5255851","year":2001,"month":6,"state":"KS","stateName":"Kansas","scale":0,"scaleLabel":"F0","lengthMiles":0.1,"deaths":0,"injuries":0}},{"type":"Feature","geometry":{"type":"Point","coordinates":[-99.9,38.25]},"properties":{"id":"ncei-2001-5255949","year":2001,"month":6,"state":"KS","stateName":"Kansas","scale":0,"scaleLabel":"F0","lengthMiles":2.5,"deaths":0,"injuries":0}},{"type":"Feature","geometry":{"type":"Point","coordinates":[-99.45,38.43333]},"properties":{"id":"ncei-2001-5255950","year":2001,"month":6,"state":"KS","stateName":"Kansas","scale":0,"scaleLabel":"F0","lengthMiles":9,"deaths":0,"injuries":0}},{"type":"Feature","geometry":{"type":"Point","coordinates":[-99.43333,38.21667]},"properties":{"id":"ncei-2001-5255951","year":2001,"month":6,"state":"KS","stateName":"Kansas","scale":0,"scaleLabel":"F0","lengthMiles":0.1,"deaths":0,"injuries":0}},{"type":"Feature","geometry":{"type":"Point","coordinates":[-99.63333,38.18333]},"properties":{"id":"ncei-2001-5255952","year":2001,"month":6,"state":"KS","stateName":"Kansas","scale":0,"scaleLabel":"F0","lengthMiles":4,"deaths":0,"injuries":0}},{"type":"Feature","geometry":{"type":"Point","coordinates":[-99.55,38.23333]},"properties":{"id":"ncei-2001-5255953","year":2001,"month":6,"state":"KS","stateName":"Kansas","scale":0,"scaleLabel":"F0","lengthMiles":3,"deaths":0,"injuries":0}},{"type":"Feature","geometry":{"type":"Point","coordinates":[-99.85,38.21667]},"properties":{"id":"ncei-2001-5255954","year":2001,"month":6,"state":"KS","stateName":"Kansas","scale":0,"scaleLabel":"F0","lengthMiles":2,"deaths":0,"injuries":0}},{"type":"Feature","geometry":{"type":"Point","coordinates":[-99.61667,38.18333]},"properties":{"id":"ncei-2001-5255955","year":2001,"month":6,"state":"KS","stateName":"Kansas","scale":0,"scaleLabel":"F0","lengthMiles":0.1,"deaths":0,"injuries":0}},{"type":"Feature","geometry":{"type":"Point","coordinates":[-95.33333,29.46667]},"properties":{"id":"ncei-2001-5256001","year":2001,"month":6,"state":"TX","stateName":"Texas","scale":0,"scaleLabel":"F0","lengthMiles":0.5,"deaths":0,"injuries":0}},{"type":"Feature","geometry":{"type":"Point","coordinates":[-97.65,26.5]},"properties":{"id":"ncei-2001-5256126","year":2001,"month":6,"state":"TX","stateName":"Texas","scale":0,"scaleLabel":"F0","lengthMiles":0.1,"deaths":0,"injuries":0}},{"type":"Feature","geometry":{"type":"Point","coordinates":[-83.56667,45.08333]},"properties":{"id":"ncei-2001-5256216","year":2001,"month":6,"state":"MI","stateName":"Michigan","scale":0,"scaleLabel":"F0","lengthMiles":0.3,"deaths":0,"injuries":0}},{"type":"Feature","geometry":{"type":"Point","coordinates":[-84.48333,44.06667]},"properties":{"id":"ncei-2001-5256217","year":2001,"month":6,"state":"MI","stateName":"Michigan","scale":1,"scaleLabel":"F1","lengthMiles":3,"deaths":0,"injuries":0}},{"type":"Feature","geometry":{"type":"Point","coordinates":[-89.08333,30.38333]},"properties":{"id":"ncei-2001-5256222","year":2001,"month":6,"state":"MS","stateName":"Mississippi","scale":1,"scaleLabel":"F1","lengthMiles":0.3,"deaths":0,"injuries":0}},{"type":"Feature","geometry":{"type":"Point","coordinates":[-89.4,30.41667]},"properties":{"id":"ncei-2001-5256223","year":2001,"month":6,"state":"MS","stateName":"Mississippi","scale":1,"scaleLabel":"F1","lengthMiles":1,"deaths":0,"injuries":0}},{"type":"Feature","geometry":{"type":"Point","coordinates":[-88.5,30.71667]},"properties":{"id":"ncei-2001-5256228","year":2001,"month":6,"state":"MS","stateName":"Mississippi","scale":0,"scaleLabel":"F0","lengthMiles":1,"deaths":0,"injuries":0}},{"type":"Feature","geometry":{"type":"Point","coordinates":[-70.78333,44.48333]},"properties":{"id":"ncei-2001-5256268","year":2001,"month":6,"state":"ME","stateName":"Maine","scale":1,"scaleLabel":"F1","lengthMiles":0.4,"deaths":0,"injuries":0}},{"type":"Feature","geometry":{"type":"Point","coordinates":[-83.71667,45.26667]},"properties":{"id":"ncei-2001-5256307","year":2001,"month":6,"state":"MI","stateName":"Michigan","scale":0,"scaleLabel":"F0","lengthMiles":0.3,"deaths":0,"injuries":0}},{"type":"Feature","geometry":{"type":"Point","coordinates":[-91.15,30.7]},"properties":{"id":"ncei-2001-5256331","year":2001,"month":6,"state":"LA","stateName":"Louisiana","scale":1,"scaleLabel":"F1","lengthMiles":1,"deaths":1,"injuries":0}},{"type":"Feature","geometry":{"type":"Point","coordinates":[-91.48333,42.5]},"properties":{"id":"ncei-2001-5256381","year":2001,"month":6,"state":"IA","stateName":"Iowa","scale":0,"scaleLabel":"F0","lengthMiles":0.1,"deaths":0,"injuries":0}},{"type":"Feature","geometry":{"type":"Point","coordinates":[-91.76667,42.5]},"properties":{"id":"ncei-2001-5256382","year":2001,"month":6,"state":"IA","stateName":"Iowa","scale":1,"scaleLabel":"F1","lengthMiles":1,"deaths":0,"injuries":0}},{"type":"Feature","geometry":{"type":"Point","coordinates":[-92.05,42.61667]},"properties":{"id":"ncei-2001-5256383","year":2001,"month":6,"state":"IA","stateName":"Iowa","scale":0,"scaleLabel":"F0","lengthMiles":0.1,"deaths":0,"injuries":0}},{"type":"Feature","geometry":{"type":"Point","coordinates":[-91.88333,42.46667]},"properties":{"id":"ncei-2001-5256384","year":2001,"month":6,"state":"IA","stateName":"Iowa","scale":0,"scaleLabel":"F0","lengthMiles":0.1,"deaths":0,"injuries":0}},{"type":"Feature","geometry":{"type":"Point","coordinates":[-91.9,42.46667]},"properties":{"id":"ncei-2001-5256385","year":2001,"month":6,"state":"IA","stateName":"Iowa","scale":0,"scaleLabel":"F0","lengthMiles":3,"deaths":0,"injuries":0}},{"type":"Feature","geometry":{"type":"Point","coordinates":[-91.66667,42.58333]},"properties":{"id":"ncei-2001-5256386","year":2001,"month":6,"state":"IA","stateName":"Iowa","scale":0,"scaleLabel":"F0","lengthMiles":0.1,"deaths":0,"injuries":0}},{"type":"Feature","geometry":{"type":"Point","coordinates":[-91.68333,42.43333]},"properties":{"id":"ncei-2001-5256387","year":2001,"month":6,"state":"IA","stateName":"Iowa","scale":0,"scaleLabel":"F0","lengthMiles":0.1,"deaths":0,"injuries":0}},{"type":"Feature","geometry":{"type":"Point","coordinates":[-91.65,42.4]},"properties":{"id":"ncei-2001-5256388","year":2001,"month":6,"state":"IA","stateName":"Iowa","scale":0,"scaleLabel":"F0","lengthMiles":0.1,"deaths":0,"injuries":0}},{"type":"Feature","geometry":{"type":"Point","coordinates":[-98.56667,42.43333]},"properties":{"id":"ncei-2001-5256488","year":2001,"month":7,"state":"NE","stateName":"Nebraska","scale":0,"scaleLabel":"F0","lengthMiles":1,"deaths":0,"injuries":0}},{"type":"Feature","geometry":{"type":"Point","coordinates":[-98.75,42.15]},"properties":{"id":"ncei-2001-5256507","year":2001,"month":7,"state":"NE","stateName":"Nebraska","scale":0,"scaleLabel":"F0","lengthMiles":1,"deaths":0,"injuries":0}},{"type":"Feature","geometry":{"type":"Point","coordinates":[-90.23333,29.98333]},"properties":{"id":"ncei-2001-5256523","year":2001,"month":6,"state":"LA","stateName":"Louisiana","scale":0,"scaleLabel":"F0","lengthMiles":0.1,"deaths":0,"injuries":0}},{"type":"Feature","geometry":{"type":"Point","coordinates":[-98.75,42.18333]},"properties":{"id":"ncei-2001-5256557","year":2001,"month":7,"state":"NE","stateName":"Nebraska","scale":0,"scaleLabel":"F0","lengthMiles":5,"deaths":0,"injuries":0}},{"type":"Feature","geometry":{"type":"Point","coordinates":[-99.05,41.93333]},"properties":{"id":"ncei-2001-5256559","year":2001,"month":7,"state":"NE","stateName":"Nebraska","scale":0,"scaleLabel":"F0","lengthMiles":3,"deaths":0,"injuries":0}},{"type":"Feature","geometry":{"type":"Point","coordinates":[-88.25,42.53333]},"properties":{"id":"ncei-2001-5256578","year":2001,"month":6,"state":"WI","stateName":"Wisconsin","scale":0,"scaleLabel":"F0","lengthMiles":0.2,"deaths":0,"injuries":0}},{"type":"Feature","geometry":{"type":"Point","coordinates":[-116.31667,34.13333]},"properties":{"id":"ncei-2001-5256791","year":2001,"month":7,"state":"CA","stateName":"California","scale":0,"scaleLabel":"F0","lengthMiles":1,"deaths":0,"injuries":0}},{"type":"Feature","geometry":{"type":"Point","coordinates":[-102.96667,46.58333]},"properties":{"id":"ncei-2001-5256795","year":2001,"month":7,"state":"ND","stateName":"North Dakota","scale":0,"scaleLabel":"F0","lengthMiles":7,"deaths":0,"injuries":0}},{"type":"Feature","geometry":{"type":"Point","coordinates":[-77.53333,41.01667]},"properties":{"id":"ncei-2001-5256813","year":2001,"month":7,"state":"PA","stateName":"Pennsylvania","scale":0,"scaleLabel":"F0","lengthMiles":0.1,"deaths":0,"injuries":0}},{"type":"Feature","geometry":{"type":"Point","coordinates":[-102.73333,46.41667]},"properties":{"id":"ncei-2001-5256863","year":2001,"month":7,"state":"ND","stateName":"North Dakota","scale":0,"scaleLabel":"F0","lengthMiles":0,"deaths":0,"injuries":0}},{"type":"Feature","geometry":{"type":"Point","coordinates":[-102.45,46.11667]},"properties":{"id":"ncei-2001-5256864","year":2001,"month":7,"state":"ND","stateName":"North Dakota","scale":0,"scaleLabel":"F0","lengthMiles":0,"deaths":0,"injuries":0}},{"type":"Feature","geometry":{"type":"Point","coordinates":[-103.73333,48.15]},"properties":{"id":"ncei-2001-5256867","year":2001,"month":7,"state":"ND","stateName":"North Dakota","scale":0,"scaleLabel":"F0","lengthMiles":0,"deaths":0,"injuries":0}},{"type":"Feature","geometry":{"type":"Point","coordinates":[-99.66667,47.13333]},"properties":{"id":"ncei-2001-5256883","year":2001,"month":7,"state":"ND","stateName":"North Dakota","scale":2,"scaleLabel":"F2","lengthMiles":10,"deaths":0,"injuries":0}},{"type":"Feature","geometry":{"type":"Point","coordinates":[-99.41667,47.08333]},"properties":{"id":"ncei-2001-5256884","year":2001,"month":7,"state":"ND","stateName":"North Dakota","scale":2,"scaleLabel":"F2","lengthMiles":20,"deaths":0,"injuries":0}},{"type":"Feature","geometry":{"type":"Point","coordinates":[-102.51667,48.56667]},"properties":{"id":"ncei-2001-5256978","year":2001,"month":7,"state":"ND","stateName":"North Dakota","scale":0,"scaleLabel":"F0","lengthMiles":0,"deaths":0,"injuries":0}},{"type":"Feature","geometry":{"type":"Point","coordinates":[-76.58333,36.73333]},"properties":{"id":"ncei-2001-5257002","year":2001,"month":6,"state":"VA","stateName":"Virginia","scale":1,"scaleLabel":"F1","lengthMiles":1,"deaths":0,"injuries":0}},{"type":"Feature","geometry":{"type":"Point","coordinates":[-77.13333,36.33333]},"properties":{"id":"ncei-2001-5257005","year":2001,"month":6,"state":"NC","stateName":"North Carolina","scale":1,"scaleLabel":"F1","lengthMiles":0.5,"deaths":0,"injuries":3}},{"type":"Feature","geometry":{"type":"Point","coordinates":[-77.51667,37.63333]},"properties":{"id":"ncei-2001-5257020","year":2001,"month":6,"state":"VA","stateName":"Virginia","scale":0,"scaleLabel":"F0","lengthMiles":1,"deaths":0,"injuries":0}},{"type":"Feature","geometry":{"type":"Point","coordinates":[-102.3,48.56667]},"properties":{"id":"ncei-2001-5257038","year":2001,"month":7,"state":"ND","stateName":"North Dakota","scale":1,"scaleLabel":"F1","lengthMiles":10,"deaths":0,"injuries":0}},{"type":"Feature","geometry":{"type":"Point","coordinates":[-102.01667,48.61667]},"properties":{"id":"ncei-2001-5257040","year":2001,"month":7,"state":"ND","stateName":"North Dakota","scale":0,"scaleLabel":"F0","lengthMiles":1,"deaths":0,"injuries":0}},{"type":"Feature","geometry":{"type":"Point","coordinates":[-101.56667,46.35]},"properties":{"id":"ncei-2001-5257047","year":2001,"month":7,"state":"ND","stateName":"North Dakota","scale":0,"scaleLabel":"F0","lengthMiles":0,"deaths":0,"injuries":0}},{"type":"Feature","geometry":{"type":"Point","coordinates":[-102.78333,48.63333]},"properties":{"id":"ncei-2001-5257111","year":2001,"month":7,"state":"ND","stateName":"North Dakota","scale":0,"scaleLabel":"F0","lengthMiles":0,"deaths":0,"injuries":0}},{"type":"Feature","geometry":{"type":"Point","coordinates":[-84.65,37.15]},"properties":{"id":"ncei-2001-5257177","year":2001,"month":7,"state":"KY","stateName":"Kentucky","scale":1,"scaleLabel":"F1","lengthMiles":18,"deaths":0,"injuries":0}},{"type":"Feature","geometry":{"type":"Point","coordinates":[-103.88333,46.76667]},"properties":{"id":"ncei-2001-5257298","year":2001,"month":7,"state":"ND","stateName":"North Dakota","scale":2,"scaleLabel":"F2","lengthMiles":5,"deaths":0,"injuries":0}},{"type":"Feature","geometry":{"type":"Point","coordinates":[-103,47.8]},"properties":{"id":"ncei-2001-5257308","year":2001,"month":7,"state":"ND","stateName":"North Dakota","scale":0,"scaleLabel":"F0","lengthMiles":0,"deaths":0,"injuries":0}},{"type":"Feature","geometry":{"type":"Point","coordinates":[-102.41667,48.58333]},"properties":{"id":"ncei-2001-5257309","year":2001,"month":7,"state":"ND","stateName":"North Dakota","scale":0,"scaleLabel":"F0","lengthMiles":0,"deaths":0,"injuries":0}},{"type":"Feature","geometry":{"type":"Point","coordinates":[-84.33333,36.93333]},"properties":{"id":"ncei-2001-5257407","year":2001,"month":7,"state":"KY","stateName":"Kentucky","scale":0,"scaleLabel":"F0","lengthMiles":6,"deaths":0,"injuries":0}},{"type":"Feature","geometry":{"type":"Point","coordinates":[-102.91667,46.53333]},"properties":{"id":"ncei-2001-5257448","year":2001,"month":7,"state":"ND","stateName":"North Dakota","scale":0,"scaleLabel":"F0","lengthMiles":2,"deaths":0,"injuries":0}},{"type":"Feature","geometry":{"type":"Point","coordinates":[-98.86667,46.55]},"properties":{"id":"ncei-2001-5257518","year":2001,"month":7,"state":"ND","stateName":"North Dakota","scale":1,"scaleLabel":"F1","lengthMiles":3,"deaths":0,"injuries":0}},{"type":"Feature","geometry":{"type":"Point","coordinates":[-99.55,45.9]},"properties":{"id":"ncei-2001-5257530","year":2001,"month":7,"state":"ND","stateName":"North Dakota","scale":0,"scaleLabel":"F0","lengthMiles":3,"deaths":0,"injuries":0}},{"type":"Feature","geometry":{"type":"Point","coordinates":[-87.01667,38.13333]},"properties":{"id":"ncei-2001-5257590","year":2001,"month":7,"state":"IN","stateName":"Indiana","scale":0,"scaleLabel":"F0","lengthMiles":0.1,"deaths":0,"injuries":0}},{"type":"Feature","geometry":{"type":"Point","coordinates":[-96.98333,37.36667]},"properties":{"id":"ncei-2001-5257670","year":2001,"month":8,"state":"KS","stateName":"Kansas","scale":0,"scaleLabel":"F0","lengthMiles":0.5,"deaths":0,"injuries":0}},{"type":"Feature","geometry":{"type":"Point","coordinates":[-96.56667,38.16667]},"properties":{"id":"ncei-2001-5257672","year":2001,"month":8,"state":"KS","stateName":"Kansas","scale":0,"scaleLabel":"F0","lengthMiles":1,"deaths":0,"injuries":0}},{"type":"Feature","geometry":{"type":"Point","coordinates":[-97.11667,37.71667]},"properties":{"id":"ncei-2001-5257675","year":2001,"month":8,"state":"KS","stateName":"Kansas","scale":0,"scaleLabel":"F0","lengthMiles":1,"deaths":0,"injuries":0}},{"type":"Feature","geometry":{"type":"Point","coordinates":[-97.13333,37.71667]},"properties":{"id":"ncei-2001-5257676","year":2001,"month":8,"state":"KS","stateName":"Kansas","scale":0,"scaleLabel":"F0","lengthMiles":1,"deaths":0,"injuries":0}},{"type":"Feature","geometry":{"type":"Point","coordinates":[-96.98333,37.68333]},"properties":{"id":"ncei-2001-5257789","year":2001,"month":8,"state":"KS","stateName":"Kansas","scale":0,"scaleLabel":"F0","lengthMiles":0.5,"deaths":0,"injuries":0}},{"type":"Feature","geometry":{"type":"Point","coordinates":[-112.86667,42.68333]},"properties":{"id":"ncei-2001-5257835","year":2001,"month":7,"state":"ID","stateName":"Idaho","scale":0,"scaleLabel":"F0","lengthMiles":0.4,"deaths":0,"injuries":0}},{"type":"Feature","geometry":{"type":"Point","coordinates":[-73.41667,41.56667]},"properties":{"id":"ncei-2001-5257951","year":2001,"month":7,"state":"CT","stateName":"Connecticut","scale":0,"scaleLabel":"F0","lengthMiles":10,"deaths":0,"injuries":0}},{"type":"Feature","geometry":{"type":"Point","coordinates":[-103,41.05]},"properties":{"id":"ncei-2001-5257960","year":2001,"month":7,"state":"NE","stateName":"Nebraska","scale":0,"scaleLabel":"F0","lengthMiles":0.1,"deaths":0,"injuries":0}},{"type":"Feature","geometry":{"type":"Point","coordinates":[-81.43333,26.68]},"properties":{"id":"ncei-2001-5257981","year":2001,"month":7,"state":"FL","stateName":"Florida","scale":1,"scaleLabel":"F1","lengthMiles":0.3,"deaths":0,"injuries":0}},{"type":"Feature","geometry":{"type":"Point","coordinates":[-108.21667,43.83333]},"properties":{"id":"ncei-2001-5258144","year":2001,"month":7,"state":"WY","stateName":"Wyoming","scale":2,"scaleLabel":"F2","lengthMiles":0.5,"deaths":0,"injuries":0}},{"type":"Feature","geometry":{"type":"Point","coordinates":[-86.98333,40.98333]},"properties":{"id":"ncei-2001-5258207","year":2001,"month":7,"state":"IN","stateName":"Indiana","scale":0,"scaleLabel":"F0","lengthMiles":2.5,"deaths":0,"injuries":0}},{"type":"Feature","geometry":{"type":"Point","coordinates":[-88.65,39.73333]},"properties":{"id":"ncei-2001-5258235","year":2001,"month":7,"state":"IL","stateName":"Illinois","scale":0,"scaleLabel":"F0","lengthMiles":1.5,"deaths":0,"injuries":0}},{"type":"Feature","geometry":{"type":"Point","coordinates":[-88.6,39.56667]},"properties":{"id":"ncei-2001-5258236","year":2001,"month":7,"state":"IL","stateName":"Illinois","scale":0,"scaleLabel":"F0","lengthMiles":0.1,"deaths":0,"injuries":0}},{"type":"Feature","geometry":{"type":"Point","coordinates":[-88.71667,39.51667]},"properties":{"id":"ncei-2001-5258237","year":2001,"month":7,"state":"IL","stateName":"Illinois","scale":0,"scaleLabel":"F0","lengthMiles":0.1,"deaths":0,"injuries":0}},{"type":"Feature","geometry":{"type":"Point","coordinates":[-89.66667,38.73333]},"properties":{"id":"ncei-2001-5258321","year":2001,"month":5,"state":"IL","stateName":"Illinois","scale":0,"scaleLabel":"F0","lengthMiles":0.2,"deaths":0,"injuries":0}},{"type":"Feature","geometry":{"type":"Point","coordinates":[-68.21667,46.15]},"properties":{"id":"ncei-2001-5258540","year":2001,"month":7,"state":"ME","stateName":"Maine","scale":1,"scaleLabel":"F1","lengthMiles":10,"deaths":0,"injuries":1}},{"type":"Feature","geometry":{"type":"Point","coordinates":[-68.68333,46.15]},"properties":{"id":"ncei-2001-5258541","year":2001,"month":7,"state":"ME","stateName":"Maine","scale":1,"scaleLabel":"F1","lengthMiles":6,"deaths":0,"injuries":0}},{"type":"Feature","geometry":{"type":"Point","coordinates":[-97.2,42.46667]},"properties":{"id":"ncei-2001-5258595","year":2001,"month":7,"state":"NE","stateName":"Nebraska","scale":0,"scaleLabel":"F0","lengthMiles":0.1,"deaths":0,"injuries":0}},{"type":"Feature","geometry":{"type":"Point","coordinates":[-98.18333,42.25]},"properties":{"id":"ncei-2001-5258598","year":2001,"month":7,"state":"NE","stateName":"Nebraska","scale":0,"scaleLabel":"F0","lengthMiles":3,"deaths":0,"injuries":0}},{"type":"Feature","geometry":{"type":"Point","coordinates":[-97.78333,41.83333]},"properties":{"id":"ncei-2001-5258698","year":2001,"month":7,"state":"NE","stateName":"Nebraska","scale":1,"scaleLabel":"F1","lengthMiles":0.5,"deaths":0,"injuries":0}},{"type":"Feature","geometry":{"type":"Point","coordinates":[-94.68333,47.98333]},"properties":{"id":"ncei-2001-5258747","year":2001,"month":7,"state":"MN","stateName":"Minnesota","scale":0,"scaleLabel":"F0","lengthMiles":0.5,"deaths":0,"injuries":0}},{"type":"Feature","geometry":{"type":"Point","coordinates":[-94.9,47.56667]},"properties":{"id":"ncei-2001-5258748","year":2001,"month":7,"state":"MN","stateName":"Minnesota","scale":0,"scaleLabel":"F0","lengthMiles":0.5,"deaths":0,"injuries":0}},{"type":"Feature","geometry":{"type":"Point","coordinates":[-94.51667,47.83333]},"properties":{"id":"ncei-2001-5258755","year":2001,"month":7,"state":"MN","stateName":"Minnesota","scale":0,"scaleLabel":"F0","lengthMiles":0.5,"deaths":0,"injuries":0}},{"type":"Feature","geometry":{"type":"Point","coordinates":[-94.75,47.48333]},"properties":{"id":"ncei-2001-5258756","year":2001,"month":7,"state":"MN","stateName":"Minnesota","scale":0,"scaleLabel":"F0","lengthMiles":0.5,"deaths":0,"injuries":0}},{"type":"Feature","geometry":{"type":"Point","coordinates":[-94.9,47.58333]},"properties":{"id":"ncei-2001-5258758","year":2001,"month":7,"state":"MN","stateName":"Minnesota","scale":0,"scaleLabel":"F0","lengthMiles":1,"deaths":0,"injuries":0}},{"type":"Feature","geometry":{"type":"Point","coordinates":[-98.11667,42.05]},"properties":{"id":"ncei-2001-5258816","year":2001,"month":7,"state":"NE","stateName":"Nebraska","scale":0,"scaleLabel":"F0","lengthMiles":0.2,"deaths":0,"injuries":0}},{"type":"Feature","geometry":{"type":"Point","coordinates":[-78.76667,33.78]},"properties":{"id":"ncei-2001-5259233","year":2001,"month":7,"state":"SC","stateName":"South Carolina","scale":1,"scaleLabel":"F1","lengthMiles":0.1,"deaths":0,"injuries":0}},{"type":"Feature","geometry":{"type":"Point","coordinates":[-78.88333,33.7]},"properties":{"id":"ncei-2001-5259234","year":2001,"month":7,"state":"SC","stateName":"South Carolina","scale":2,"scaleLabel":"F2","lengthMiles":4,"deaths":0,"injuries":39}},{"type":"Feature","geometry":{"type":"Point","coordinates":[-72.5,40.88333]},"properties":{"id":"ncei-2001-5259274","year":2001,"month":7,"state":"NY","stateName":"New York","scale":0,"scaleLabel":"F0","lengthMiles":0.1,"deaths":0,"injuries":0}},{"type":"Feature","geometry":{"type":"Point","coordinates":[-72.46667,40.88333]},"properties":{"id":"ncei-2001-5259354","year":2001,"month":7,"state":"NY","stateName":"New York","scale":0,"scaleLabel":"F0","lengthMiles":0.1,"deaths":0,"injuries":0}},{"type":"Feature","geometry":{"type":"Point","coordinates":[-104.28333,46.55]},"properties":{"id":"ncei-2001-5259505","year":2001,"month":7,"state":"MT","stateName":"Montana","scale":2,"scaleLabel":"F2","lengthMiles":2,"deaths":0,"injuries":0}},{"type":"Feature","geometry":{"type":"Point","coordinates":[-104.16667,46.45]},"properties":{"id":"ncei-2001-5259506","year":2001,"month":7,"state":"MT","stateName":"Montana","scale":1,"scaleLabel":"F1","lengthMiles":2,"deaths":0,"injuries":0}},{"type":"Feature","geometry":{"type":"Point","coordinates":[-86.71667,30.41667]},"properties":{"id":"ncei-2001-5259645","year":2001,"month":7,"state":"FL","stateName":"Florida","scale":0,"scaleLabel":"F0","lengthMiles":0.2,"deaths":0,"injuries":0}},{"type":"Feature","geometry":{"type":"Point","coordinates":[-110.11667,41.76667]},"properties":{"id":"ncei-2001-5259678","year":2001,"month":7,"state":"WY","stateName":"Wyoming","scale":1,"scaleLabel":"F1","lengthMiles":5,"deaths":0,"injuries":0}},{"type":"Feature","geometry":{"type":"Point","coordinates":[-94.68333,47.65]},"properties":{"id":"ncei-2001-5259783","year":2001,"month":7,"state":"MN","stateName":"Minnesota","scale":1,"scaleLabel":"F1","lengthMiles":1,"deaths":0,"injuries":0}},{"type":"Feature","geometry":{"type":"Point","coordinates":[-82.05,26.93333]},"properties":{"id":"ncei-2001-5259856","year":2001,"month":7,"state":"FL","stateName":"Florida","scale":0,"scaleLabel":"F0","lengthMiles":0.1,"deaths":0,"injuries":0}},{"type":"Feature","geometry":{"type":"Point","coordinates":[-82.35,28.73333]},"properties":{"id":"ncei-2001-5259951","year":2001,"month":7,"state":"FL","stateName":"Florida","scale":0,"scaleLabel":"F0","lengthMiles":0.5,"deaths":0,"injuries":0}},{"type":"Feature","geometry":{"type":"Point","coordinates":[-103.83333,43.76667]},"properties":{"id":"ncei-2001-5260031","year":2001,"month":7,"state":"SD","stateName":"South Dakota","scale":0,"scaleLabel":"F0","lengthMiles":1,"deaths":0,"injuries":0}},{"type":"Feature","geometry":{"type":"Point","coordinates":[-75.28333,40.96667]},"properties":{"id":"ncei-2001-5260087","year":2001,"month":7,"state":"PA","stateName":"Pennsylvania","scale":0,"scaleLabel":"F0","lengthMiles":0.2,"deaths":0,"injuries":0}},{"type":"Feature","geometry":{"type":"Point","coordinates":[-78.7,41.03333]},"properties":{"id":"ncei-2001-5260231","year":2001,"month":8,"state":"PA","stateName":"Pennsylvania","scale":1,"scaleLabel":"F1","lengthMiles":3.5,"deaths":0,"injuries":0}},{"type":"Feature","geometry":{"type":"Point","coordinates":[-102.25,44.88333]},"properties":{"id":"ncei-2001-5260293","year":2001,"month":7,"state":"SD","stateName":"South Dakota","scale":0,"scaleLabel":"F0","lengthMiles":0.5,"deaths":0,"injuries":0}},{"type":"Feature","geometry":{"type":"Point","coordinates":[-102.03333,44.75]},"properties":{"id":"ncei-2001-5260294","year":2001,"month":7,"state":"SD","stateName":"South Dakota","scale":0,"scaleLabel":"F0","lengthMiles":1,"deaths":0,"injuries":0}},{"type":"Feature","geometry":{"type":"Point","coordinates":[-105.43333,44.31667]},"properties":{"id":"ncei-2001-5260392","year":2001,"month":7,"state":"WY","stateName":"Wyoming","scale":0,"scaleLabel":"F0","lengthMiles":1,"deaths":0,"injuries":0}},{"type":"Feature","geometry":{"type":"Point","coordinates":[-105.43333,44.31667]},"properties":{"id":"ncei-2001-5260393","year":2001,"month":7,"state":"WY","stateName":"Wyoming","scale":0,"scaleLabel":"F0","lengthMiles":1,"deaths":0,"injuries":0}},{"type":"Feature","geometry":{"type":"Point","coordinates":[-101.16667,44.36667]},"properties":{"id":"ncei-2001-5260408","year":2001,"month":7,"state":"SD","stateName":"South Dakota","scale":0,"scaleLabel":"F0","lengthMiles":1,"deaths":0,"injuries":0}},{"type":"Feature","geometry":{"type":"Point","coordinates":[-78.86667,41.56667]},"properties":{"id":"ncei-2001-5260453","year":2001,"month":8,"state":"PA","stateName":"Pennsylvania","scale":1,"scaleLabel":"F1","lengthMiles":2,"deaths":0,"injuries":0}},{"type":"Feature","geometry":{"type":"Point","coordinates":[-74.6,39.31667]},"properties":{"id":"ncei-2001-5260497","year":2001,"month":7,"state":"NJ","stateName":"New Jersey","scale":1,"scaleLabel":"F1","lengthMiles":3.6,"deaths":0,"injuries":0}},{"type":"Feature","geometry":{"type":"Point","coordinates":[-94.81667,48.7]},"properties":{"id":"ncei-2001-5260557","year":2001,"month":7,"state":"MN","stateName":"Minnesota","scale":0,"scaleLabel":"F0","lengthMiles":0.5,"deaths":0,"injuries":0}},{"type":"Feature","geometry":{"type":"Point","coordinates":[-95.11667,47.9]},"properties":{"id":"ncei-2001-5260632","year":2001,"month":7,"state":"MN","stateName":"Minnesota","scale":0,"scaleLabel":"F0","lengthMiles":0.5,"deaths":0,"injuries":0}},{"type":"Feature","geometry":{"type":"Point","coordinates":[-90.45,40.73333]},"properties":{"id":"ncei-2001-5260715","year":2001,"month":7,"state":"IL","stateName":"Illinois","scale":0,"scaleLabel":"F0","lengthMiles":0.1,"deaths":0,"injuries":0}},{"type":"Feature","geometry":{"type":"Point","coordinates":[-101.93333,43.68333]},"properties":{"id":"ncei-2001-5260906","year":2001,"month":7,"state":"SD","stateName":"South Dakota","scale":0,"scaleLabel":"F0","lengthMiles":1,"deaths":0,"injuries":0}},{"type":"Feature","geometry":{"type":"Point","coordinates":[-83.03333,37.73333]},"properties":{"id":"ncei-2001-5260931","year":2001,"month":7,"state":"KY","stateName":"Kentucky","scale":0,"scaleLabel":"F0","lengthMiles":1,"deaths":0,"injuries":0}},{"type":"Feature","geometry":{"type":"Point","coordinates":[-96.88333,46.35]},"properties":{"id":"ncei-2001-5260944","year":2001,"month":7,"state":"ND","stateName":"North Dakota","scale":1,"scaleLabel":"F1","lengthMiles":2,"deaths":0,"injuries":0}},{"type":"Feature","geometry":{"type":"Point","coordinates":[-94.91667,41.13333]},"properties":{"id":"ncei-2001-5260964","year":2001,"month":8,"state":"IA","stateName":"Iowa","scale":1,"scaleLabel":"F1","lengthMiles":6.3,"deaths":0,"injuries":0}},{"type":"Feature","geometry":{"type":"Point","coordinates":[-80.46667,35.06667]},"properties":{"id":"ncei-2001-5261061","year":2001,"month":7,"state":"NC","stateName":"North Carolina","scale":0,"scaleLabel":"F0","lengthMiles":0.2,"deaths":0,"injuries":0}},{"type":"Feature","geometry":{"type":"Point","coordinates":[-97.25,48.93333]},"properties":{"id":"ncei-2001-5261117","year":2001,"month":7,"state":"ND","stateName":"North Dakota","scale":0,"scaleLabel":"F0","lengthMiles":0.5,"deaths":0,"injuries":0}},{"type":"Feature","geometry":{"type":"Point","coordinates":[-98.16667,47.73333]},"properties":{"id":"ncei-2001-5261119","year":2001,"month":7,"state":"ND","stateName":"North Dakota","scale":0,"scaleLabel":"F0","lengthMiles":0.5,"deaths":0,"injuries":0}},{"type":"Feature","geometry":{"type":"Point","coordinates":[-98.35,47.68333]},"properties":{"id":"ncei-2001-5261120","year":2001,"month":7,"state":"ND","stateName":"North Dakota","scale":0,"scaleLabel":"F0","lengthMiles":0.5,"deaths":0,"injuries":0}},{"type":"Feature","geometry":{"type":"Point","coordinates":[-98.38333,47.58333]},"properties":{"id":"ncei-2001-5261121","year":2001,"month":7,"state":"ND","stateName":"North Dakota","scale":0,"scaleLabel":"F0","lengthMiles":0.5,"deaths":0,"injuries":0}},{"type":"Feature","geometry":{"type":"Point","coordinates":[-98.48333,47.66667]},"properties":{"id":"ncei-2001-5261122","year":2001,"month":7,"state":"ND","stateName":"North Dakota","scale":0,"scaleLabel":"F0","lengthMiles":1,"deaths":0,"injuries":0}},{"type":"Feature","geometry":{"type":"Point","coordinates":[-97.98333,47.73333]},"properties":{"id":"ncei-2001-5261123","year":2001,"month":7,"state":"ND","stateName":"North Dakota","scale":0,"scaleLabel":"F0","lengthMiles":0.5,"deaths":0,"injuries":0}},{"type":"Feature","geometry":{"type":"Point","coordinates":[-98.35,47.63333]},"properties":{"id":"ncei-2001-5261125","year":2001,"month":7,"state":"ND","stateName":"North Dakota","scale":0,"scaleLabel":"F0","lengthMiles":0.5,"deaths":0,"injuries":0}},{"type":"Feature","geometry":{"type":"Point","coordinates":[-98.43333,47.78333]},"properties":{"id":"ncei-2001-5261128","year":2001,"month":7,"state":"ND","stateName":"North Dakota","scale":0,"scaleLabel":"F0","lengthMiles":0.5,"deaths":0,"injuries":0}},{"type":"Feature","geometry":{"type":"Point","coordinates":[-98.43333,47.86667]},"properties":{"id":"ncei-2001-5261129","year":2001,"month":7,"state":"ND","stateName":"North Dakota","scale":0,"scaleLabel":"F0","lengthMiles":0.5,"deaths":0,"injuries":0}},{"type":"Feature","geometry":{"type":"Point","coordinates":[-97.98333,47.6]},"properties":{"id":"ncei-2001-5261130","year":2001,"month":7,"state":"ND","stateName":"North Dakota","scale":0,"scaleLabel":"F0","lengthMiles":0.5,"deaths":0,"injuries":0}},{"type":"Feature","geometry":{"type":"Point","coordinates":[-98.45,47.68333]},"properties":{"id":"ncei-2001-5261133","year":2001,"month":7,"state":"ND","stateName":"North Dakota","scale":3,"scaleLabel":"F3","lengthMiles":5,"deaths":0,"injuries":0}},{"type":"Feature","geometry":{"type":"Point","coordinates":[-98.16667,47.8]},"properties":{"id":"ncei-2001-5261135","year":2001,"month":7,"state":"ND","stateName":"North Dakota","scale":0,"scaleLabel":"F0","lengthMiles":0.5,"deaths":0,"injuries":0}},{"type":"Feature","geometry":{"type":"Point","coordinates":[-97.9,47.61667]},"properties":{"id":"ncei-2001-5261136","year":2001,"month":7,"state":"ND","stateName":"North Dakota","scale":0,"scaleLabel":"F0","lengthMiles":0.5,"deaths":0,"injuries":0}},{"type":"Feature","geometry":{"type":"Point","coordinates":[-95.38333,43.73333]},"properties":{"id":"ncei-2001-5261161","year":2001,"month":7,"state":"MN","stateName":"Minnesota","scale":0,"scaleLabel":"F0","lengthMiles":2,"deaths":0,"injuries":0}},{"type":"Feature","geometry":{"type":"Point","coordinates":[-98.31667,47.71667]},"properties":{"id":"ncei-2001-5261188","year":2001,"month":7,"state":"ND","stateName":"North Dakota","scale":0,"scaleLabel":"F0","lengthMiles":0.5,"deaths":0,"injuries":0}},{"type":"Feature","geometry":{"type":"Point","coordinates":[-98.05,47.56667]},"properties":{"id":"ncei-2001-5261201","year":2001,"month":7,"state":"ND","stateName":"North Dakota","scale":0,"scaleLabel":"F0","lengthMiles":0.5,"deaths":0,"injuries":0}},{"type":"Feature","geometry":{"type":"Point","coordinates":[-97.36667,47.85]},"properties":{"id":"ncei-2001-5261205","year":2001,"month":7,"state":"ND","stateName":"North Dakota","scale":0,"scaleLabel":"F0","lengthMiles":0.5,"deaths":0,"injuries":0}},{"type":"Feature","geometry":{"type":"Point","coordinates":[-97.13333,47.91667]},"properties":{"id":"ncei-2001-5261206","year":2001,"month":7,"state":"ND","stateName":"North Dakota","scale":0,"scaleLabel":"F0","lengthMiles":1,"deaths":0,"injuries":0}},{"type":"Feature","geometry":{"type":"Point","coordinates":[-82.58333,27.51667]},"properties":{"id":"ncei-2001-5261241","year":2001,"month":7,"state":"FL","stateName":"Florida","scale":1,"scaleLabel":"F1","lengthMiles":0.1,"deaths":0,"injuries":0}},{"type":"Feature","geometry":{"type":"Point","coordinates":[-94.93333,48.96667]},"properties":{"id":"ncei-2001-5261251","year":2001,"month":7,"state":"MN","stateName":"Minnesota","scale":0,"scaleLabel":"F0","lengthMiles":0.5,"deaths":0,"injuries":0}},{"type":"Feature","geometry":{"type":"Point","coordinates":[-94.6,48.43333]},"properties":{"id":"ncei-2001-5261259","year":2001,"month":7,"state":"MN","stateName":"Minnesota","scale":0,"scaleLabel":"F0","lengthMiles":0.5,"deaths":0,"injuries":0}},{"type":"Feature","geometry":{"type":"Point","coordinates":[-96.9,43.35]},"properties":{"id":"ncei-2001-5261291","year":2001,"month":7,"state":"SD","stateName":"South Dakota","scale":1,"scaleLabel":"F1","lengthMiles":1,"deaths":0,"injuries":0}},{"type":"Feature","geometry":{"type":"Point","coordinates":[-96.88333,43.48333]},"properties":{"id":"ncei-2001-5261292","year":2001,"month":7,"state":"SD","stateName":"South Dakota","scale":0,"scaleLabel":"F0","lengthMiles":0.5,"deaths":0,"injuries":0}},{"type":"Feature","geometry":{"type":"Point","coordinates":[-96.81667,43.51667]},"properties":{"id":"ncei-2001-5261293","year":2001,"month":7,"state":"SD","stateName":"South Dakota","scale":0,"scaleLabel":"F0","lengthMiles":0.5,"deaths":0,"injuries":0}},{"type":"Feature","geometry":{"type":"Point","coordinates":[-96.76667,43.3]},"properties":{"id":"ncei-2001-5261294","year":2001,"month":7,"state":"SD","stateName":"South Dakota","scale":0,"scaleLabel":"F0","lengthMiles":0.4,"deaths":0,"injuries":0}},{"type":"Feature","geometry":{"type":"Point","coordinates":[-96.71667,43.38333]},"properties":{"id":"ncei-2001-5261295","year":2001,"month":7,"state":"SD","stateName":"South Dakota","scale":0,"scaleLabel":"F0","lengthMiles":0.1,"deaths":0,"injuries":0}},{"type":"Feature","geometry":{"type":"Point","coordinates":[-81.98333,26.95]},"properties":{"id":"ncei-2001-5261305","year":2001,"month":7,"state":"FL","stateName":"Florida","scale":0,"scaleLabel":"F0","lengthMiles":0.1,"deaths":0,"injuries":0}},{"type":"Feature","geometry":{"type":"Point","coordinates":[-82.71667,27.66667]},"properties":{"id":"ncei-2001-5261307","year":2001,"month":7,"state":"FL","stateName":"Florida","scale":0,"scaleLabel":"F0","lengthMiles":0.1,"deaths":0,"injuries":0}},{"type":"Feature","geometry":{"type":"Point","coordinates":[-79.13333,39.72]},"properties":{"id":"ncei-2001-5261349","year":2001,"month":7,"state":"MD","stateName":"Maryland","scale":0,"scaleLabel":"F0","lengthMiles":4,"deaths":0,"injuries":0}},{"type":"Feature","geometry":{"type":"Point","coordinates":[-99.63333,45.91667]},"properties":{"id":"ncei-2001-5261388","year":2001,"month":7,"state":"SD","stateName":"South Dakota","scale":0,"scaleLabel":"F0","lengthMiles":0.5,"deaths":0,"injuries":0}},{"type":"Feature","geometry":{"type":"Point","coordinates":[-99.55,45.23333]},"properties":{"id":"ncei-2001-5261452","year":2001,"month":7,"state":"SD","stateName":"South Dakota","scale":0,"scaleLabel":"F0","lengthMiles":0.3,"deaths":0,"injuries":0}},{"type":"Feature","geometry":{"type":"Point","coordinates":[-99.66667,45.25]},"properties":{"id":"ncei-2001-5261468","year":2001,"month":7,"state":"SD","stateName":"South Dakota","scale":2,"scaleLabel":"F2","lengthMiles":1,"deaths":0,"injuries":0}},{"type":"Feature","geometry":{"type":"Point","coordinates":[-101.11667,39.75]},"properties":{"id":"ncei-2001-5261497","year":2001,"month":7,"state":"KS","stateName":"Kansas","scale":0,"scaleLabel":"F0","lengthMiles":0.2,"deaths":0,"injuries":0}},{"type":"Feature","geometry":{"type":"Point","coordinates":[-101.2,39.66667]},"properties":{"id":"ncei-2001-5261573","year":2001,"month":7,"state":"KS","stateName":"Kansas","scale":0,"scaleLabel":"F0","lengthMiles":0.5,"deaths":0,"injuries":0}},{"type":"Feature","geometry":{"type":"Point","coordinates":[-102.33333,39.7]},"properties":{"id":"ncei-2001-5261656","year":2001,"month":7,"state":"CO","stateName":"Colorado","scale":0,"scaleLabel":"F0","lengthMiles":1.5,"deaths":0,"injuries":0}},{"type":"Feature","geometry":{"type":"Point","coordinates":[-107.31667,47.31667]},"properties":{"id":"ncei-2001-5261666","year":2001,"month":7,"state":"MT","stateName":"Montana","scale":0,"scaleLabel":"F0","lengthMiles":8,"deaths":0,"injuries":0}},{"type":"Feature","geometry":{"type":"Point","coordinates":[-92.65,45.78333]},"properties":{"id":"ncei-2001-5261853","year":2001,"month":6,"state":"WI","stateName":"Wisconsin","scale":3,"scaleLabel":"F3","lengthMiles":30,"deaths":2,"injuries":16}},{"type":"Feature","geometry":{"type":"Point","coordinates":[-92.05,45.83333]},"properties":{"id":"ncei-2001-5261854","year":2001,"month":6,"state":"WI","stateName":"Wisconsin","scale":2,"scaleLabel":"F2","lengthMiles":4,"deaths":0,"injuries":0}},{"type":"Feature","geometry":{"type":"Point","coordinates":[-101.96667,33.5]},"properties":{"id":"ncei-2001-5261971","year":2001,"month":8,"state":"TX","stateName":"Texas","scale":0,"scaleLabel":"F0","lengthMiles":0.1,"deaths":0,"injuries":0}},{"type":"Feature","geometry":{"type":"Point","coordinates":[-76.21667,38.5]},"properties":{"id":"ncei-2001-5262049","year":2001,"month":7,"state":"MD","stateName":"Maryland","scale":1,"scaleLabel":"F1","lengthMiles":0.5,"deaths":0,"injuries":0}},{"type":"Feature","geometry":{"type":"Point","coordinates":[-75.68333,38.43333]},"properties":{"id":"ncei-2001-5262054","year":2001,"month":7,"state":"MD","stateName":"Maryland","scale":0,"scaleLabel":"F0","lengthMiles":1,"deaths":0,"injuries":0}},{"type":"Feature","geometry":{"type":"Point","coordinates":[-104.23333,47.76667]},"properties":{"id":"ncei-2001-5262083","year":2001,"month":7,"state":"MT","stateName":"Montana","scale":0,"scaleLabel":"F0","lengthMiles":0,"deaths":0,"injuries":0}},{"type":"Feature","geometry":{"type":"Point","coordinates":[-102.9,33.31667]},"properties":{"id":"ncei-2001-5262089","year":2001,"month":8,"state":"TX","stateName":"Texas","scale":0,"scaleLabel":"F0","lengthMiles":0.3,"deaths":0,"injuries":0}},{"type":"Feature","geometry":{"type":"Point","coordinates":[-102.15,33.45]},"properties":{"id":"ncei-2001-5262090","year":2001,"month":8,"state":"TX","stateName":"Texas","scale":0,"scaleLabel":"F0","lengthMiles":0.1,"deaths":0,"injuries":0}},{"type":"Feature","geometry":{"type":"Point","coordinates":[-100.81667,33.61667]},"properties":{"id":"ncei-2001-5262092","year":2001,"month":8,"state":"TX","stateName":"Texas","scale":0,"scaleLabel":"F0","lengthMiles":0.2,"deaths":0,"injuries":0}},{"type":"Feature","geometry":{"type":"Point","coordinates":[-80.03333,26.51667]},"properties":{"id":"ncei-2001-5262242","year":2001,"month":8,"state":"FL","stateName":"Florida","scale":1,"scaleLabel":"F1","lengthMiles":1.5,"deaths":0,"injuries":0}},{"type":"Feature","geometry":{"type":"Point","coordinates":[-80.26667,25.85]},"properties":{"id":"ncei-2001-5262334","year":2001,"month":8,"state":"FL","stateName":"Florida","scale":0,"scaleLabel":"F0","lengthMiles":4,"deaths":0,"injuries":0}},{"type":"Feature","geometry":{"type":"Point","coordinates":[-80.66667,26.6]},"properties":{"id":"ncei-2001-5262341","year":2001,"month":8,"state":"FL","stateName":"Florida","scale":0,"scaleLabel":"F0","lengthMiles":0.5,"deaths":0,"injuries":0}},{"type":"Feature","geometry":{"type":"Point","coordinates":[-82.65,43.83333]},"properties":{"id":"ncei-2001-5262358","year":2001,"month":8,"state":"MI","stateName":"Michigan","scale":0,"scaleLabel":"F0","lengthMiles":0.1,"deaths":0,"injuries":1}},{"type":"Feature","geometry":{"type":"Point","coordinates":[-107.65,47.88333]},"properties":{"id":"ncei-2001-5262559","year":2001,"month":7,"state":"MT","stateName":"Montana","scale":0,"scaleLabel":"F0","lengthMiles":9,"deaths":0,"injuries":0}},{"type":"Feature","geometry":{"type":"Point","coordinates":[-107.43333,47.88333]},"properties":{"id":"ncei-2001-5262560","year":2001,"month":7,"state":"MT","stateName":"Montana","scale":0,"scaleLabel":"F0","lengthMiles":20,"deaths":0,"injuries":0}},{"type":"Feature","geometry":{"type":"Point","coordinates":[-106.48333,47.83333]},"properties":{"id":"ncei-2001-5262566","year":2001,"month":7,"state":"MT","stateName":"Montana","scale":0,"scaleLabel":"F0","lengthMiles":5,"deaths":0,"injuries":0}},{"type":"Feature","geometry":{"type":"Point","coordinates":[-106.1,47.66667]},"properties":{"id":"ncei-2001-5262568","year":2001,"month":7,"state":"MT","stateName":"Montana","scale":0,"scaleLabel":"F0","lengthMiles":23,"deaths":0,"injuries":0}},{"type":"Feature","geometry":{"type":"Point","coordinates":[-105.41667,48.68333]},"properties":{"id":"ncei-2001-5262570","year":2001,"month":7,"state":"MT","stateName":"Montana","scale":0,"scaleLabel":"F0","lengthMiles":0.1,"deaths":0,"injuries":0}},{"type":"Feature","geometry":{"type":"Point","coordinates":[-97.41667,40.01667]},"properties":{"id":"ncei-2001-5262600","year":2001,"month":6,"state":"NE","stateName":"Nebraska","scale":1,"scaleLabel":"F1","lengthMiles":3,"deaths":0,"injuries":0}},{"type":"Feature","geometry":{"type":"Point","coordinates":[-99.73333,40.31667]},"properties":{"id":"ncei-2001-5262604","year":2001,"month":6,"state":"NE","stateName":"Nebraska","scale":0,"scaleLabel":"F0","lengthMiles":0.5,"deaths":0,"injuries":0}},{"type":"Feature","geometry":{"type":"Point","coordinates":[-97.38333,40.01667]},"properties":{"id":"ncei-2001-5262605","year":2001,"month":6,"state":"NE","stateName":"Nebraska","scale":0,"scaleLabel":"F0","lengthMiles":0.5,"deaths":0,"injuries":0}},{"type":"Feature","geometry":{"type":"Point","coordinates":[-97.56667,40.66667]},"properties":{"id":"ncei-2001-5262607","year":2001,"month":6,"state":"NE","stateName":"Nebraska","scale":0,"scaleLabel":"F0","lengthMiles":0.2,"deaths":0,"injuries":0}},{"type":"Feature","geometry":{"type":"Point","coordinates":[-97.46667,40.16667]},"properties":{"id":"ncei-2001-5262621","year":2001,"month":6,"state":"NE","stateName":"Nebraska","scale":0,"scaleLabel":"F0","lengthMiles":3,"deaths":0,"injuries":0}},{"type":"Feature","geometry":{"type":"Point","coordinates":[-104.88333,47.2]},"properties":{"id":"ncei-2001-5262662","year":2001,"month":7,"state":"MT","stateName":"Montana","scale":0,"scaleLabel":"F0","lengthMiles":1,"deaths":0,"injuries":0}},{"type":"Feature","geometry":{"type":"Point","coordinates":[-104.73333,47.16667]},"properties":{"id":"ncei-2001-5262673","year":2001,"month":7,"state":"MT","stateName":"Montana","scale":0,"scaleLabel":"F0","lengthMiles":0.1,"deaths":0,"injuries":0}},{"type":"Feature","geometry":{"type":"Point","coordinates":[-97.46667,40.05]},"properties":{"id":"ncei-2001-5262715","year":2001,"month":7,"state":"NE","stateName":"Nebraska","scale":1,"scaleLabel":"F1","lengthMiles":2,"deaths":0,"injuries":0}},{"type":"Feature","geometry":{"type":"Point","coordinates":[-86.16667,33.6]},"properties":{"id":"ncei-2001-5262763","year":2001,"month":8,"state":"AL","stateName":"Alabama","scale":1,"scaleLabel":"F1","lengthMiles":3.5,"deaths":0,"injuries":0}},{"type":"Feature","geometry":{"type":"Point","coordinates":[-75.98333,42.83333]},"properties":{"id":"ncei-2001-5262766","year":2001,"month":9,"state":"NY","stateName":"New York","scale":0,"scaleLabel":"F0","lengthMiles":0.5,"deaths":0,"injuries":0}},{"type":"Feature","geometry":{"type":"Point","coordinates":[-91.76667,42.68333]},"properties":{"id":"ncei-2001-5262846","year":2001,"month":9,"state":"IA","stateName":"Iowa","scale":1,"scaleLabel":"F1","lengthMiles":6,"deaths":0,"injuries":0}},{"type":"Feature","geometry":{"type":"Point","coordinates":[-90.78333,44.05]},"properties":{"id":"ncei-2001-5262848","year":2001,"month":9,"state":"WI","stateName":"Wisconsin","scale":0,"scaleLabel":"F0","lengthMiles":0.3,"deaths":0,"injuries":1}},{"type":"Feature","geometry":{"type":"Point","coordinates":[-96.25,42.13333]},"properties":{"id":"ncei-2001-5263135","year":2001,"month":8,"state":"IA","stateName":"Iowa","scale":0,"scaleLabel":"F0","lengthMiles":0.2,"deaths":0,"injuries":0}},{"type":"Feature","geometry":{"type":"Point","coordinates":[-98.26667,36.55]},"properties":{"id":"ncei-2001-5263228","year":2001,"month":9,"state":"OK","stateName":"Oklahoma","scale":0,"scaleLabel":"F0","lengthMiles":2,"deaths":0,"injuries":0}},{"type":"Feature","geometry":{"type":"Point","coordinates":[-96.16667,42.08333]},"properties":{"id":"ncei-2001-5263237","year":2001,"month":8,"state":"IA","stateName":"Iowa","scale":0,"scaleLabel":"F0","lengthMiles":4,"deaths":0,"injuries":0}},{"type":"Feature","geometry":{"type":"Point","coordinates":[-96,34.58333]},"properties":{"id":"ncei-2001-5263334","year":2001,"month":9,"state":"OK","stateName":"Oklahoma","scale":0,"scaleLabel":"F0","lengthMiles":0.3,"deaths":0,"injuries":0}},{"type":"Feature","geometry":{"type":"Point","coordinates":[-104.1,36.66667]},"properties":{"id":"ncei-2001-5263412","year":2001,"month":8,"state":"NM","stateName":"New Mexico","scale":0,"scaleLabel":"F0","lengthMiles":50,"deaths":0,"injuries":0}},{"type":"Feature","geometry":{"type":"Point","coordinates":[-104.23333,34.31667]},"properties":{"id":"ncei-2001-5263413","year":2001,"month":8,"state":"NM","stateName":"New Mexico","scale":0,"scaleLabel":"F0","lengthMiles":50,"deaths":0,"injuries":0}},{"type":"Feature","geometry":{"type":"Point","coordinates":[-104.55,34.43333]},"properties":{"id":"ncei-2001-5263417","year":2001,"month":8,"state":"NM","stateName":"New Mexico","scale":0,"scaleLabel":"F0","lengthMiles":50,"deaths":0,"injuries":0}},{"type":"Feature","geometry":{"type":"Point","coordinates":[-97.51667,38]},"properties":{"id":"ncei-2001-5263445","year":2001,"month":9,"state":"KS","stateName":"Kansas","scale":1,"scaleLabel":"F1","lengthMiles":10,"deaths":0,"injuries":0}},{"type":"Feature","geometry":{"type":"Point","coordinates":[-98.26667,36.38333]},"properties":{"id":"ncei-2001-5263450","year":2001,"month":9,"state":"OK","stateName":"Oklahoma","scale":1,"scaleLabel":"F1","lengthMiles":0.5,"deaths":0,"injuries":0}},{"type":"Feature","geometry":{"type":"Point","coordinates":[-95.25,29.43333]},"properties":{"id":"ncei-2001-5263466","year":2001,"month":8,"state":"TX","stateName":"Texas","scale":0,"scaleLabel":"F0","lengthMiles":0.5,"deaths":0,"injuries":0}},{"type":"Feature","geometry":{"type":"Point","coordinates":[-95.56667,29.06667]},"properties":{"id":"ncei-2001-5263472","year":2001,"month":8,"state":"TX","stateName":"Texas","scale":0,"scaleLabel":"F0","lengthMiles":0.5,"deaths":0,"injuries":0}},{"type":"Feature","geometry":{"type":"Point","coordinates":[-94.53333,29.78333]},"properties":{"id":"ncei-2001-5263479","year":2001,"month":8,"state":"TX","stateName":"Texas","scale":0,"scaleLabel":"F0","lengthMiles":1,"deaths":0,"injuries":0}},{"type":"Feature","geometry":{"type":"Point","coordinates":[-99.11667,36.91667]},"properties":{"id":"ncei-2001-5263553","year":2001,"month":9,"state":"OK","stateName":"Oklahoma","scale":0,"scaleLabel":"F0","lengthMiles":0.1,"deaths":0,"injuries":0}},{"type":"Feature","geometry":{"type":"Point","coordinates":[-79.01667,34.48]},"properties":{"id":"ncei-2001-5263596","year":2001,"month":8,"state":"NC","stateName":"North Carolina","scale":0,"scaleLabel":"F0","lengthMiles":0.1,"deaths":0,"injuries":0}},{"type":"Feature","geometry":{"type":"Point","coordinates":[-91.26667,44.55]},"properties":{"id":"ncei-2001-5263637","year":2001,"month":8,"state":"WI","stateName":"Wisconsin","scale":0,"scaleLabel":"F0","lengthMiles":0.2,"deaths":0,"injuries":0}},{"type":"Feature","geometry":{"type":"Point","coordinates":[-76.91667,40.96667]},"properties":{"id":"ncei-2001-5263648","year":2001,"month":9,"state":"PA","stateName":"Pennsylvania","scale":1,"scaleLabel":"F1","lengthMiles":2,"deaths":0,"injuries":0}},{"type":"Feature","geometry":{"type":"Point","coordinates":[-76.88333,40.98]},"properties":{"id":"ncei-2001-5263649","year":2001,"month":9,"state":"PA","stateName":"Pennsylvania","scale":1,"scaleLabel":"F1","lengthMiles":0.5,"deaths":0,"injuries":0}},{"type":"Feature","geometry":{"type":"Point","coordinates":[-76.98333,39.73333]},"properties":{"id":"ncei-2001-5263658","year":2001,"month":9,"state":"PA","stateName":"Pennsylvania","scale":2,"scaleLabel":"F2","lengthMiles":5,"deaths":0,"injuries":0}},{"type":"Feature","geometry":{"type":"Point","coordinates":[-81.55,30.73333]},"properties":{"id":"ncei-2001-5263928","year":2001,"month":9,"state":"GA","stateName":"Georgia","scale":0,"scaleLabel":"F0","lengthMiles":0.1,"deaths":0,"injuries":0}},{"type":"Feature","geometry":{"type":"Point","coordinates":[-81.45,30.68333]},"properties":{"id":"ncei-2001-5263930","year":2001,"month":9,"state":"FL","stateName":"Florida","scale":0,"scaleLabel":"F0","lengthMiles":0.1,"deaths":0,"injuries":0}},{"type":"Feature","geometry":{"type":"Point","coordinates":[-86.75,41.56667]},"properties":{"id":"ncei-2001-5263952","year":2001,"month":8,"state":"IN","stateName":"Indiana","scale":0,"scaleLabel":"F0","lengthMiles":0.1,"deaths":0,"injuries":0}},{"type":"Feature","geometry":{"type":"Point","coordinates":[-81.31667,29.28333]},"properties":{"id":"ncei-2001-5263982","year":2001,"month":9,"state":"FL","stateName":"Florida","scale":0,"scaleLabel":"F0","lengthMiles":0.1,"deaths":0,"injuries":0}},{"type":"Feature","geometry":{"type":"Point","coordinates":[-81.25,29.77]},"properties":{"id":"ncei-2001-5263984","year":2001,"month":9,"state":"FL","stateName":"Florida","scale":0,"scaleLabel":"F0","lengthMiles":0.1,"deaths":0,"injuries":0}},{"type":"Feature","geometry":{"type":"Point","coordinates":[-81.21667,29.68333]},"properties":{"id":"ncei-2001-5263986","year":2001,"month":9,"state":"FL","stateName":"Florida","scale":0,"scaleLabel":"F0","lengthMiles":0.1,"deaths":0,"injuries":0}},{"type":"Feature","geometry":{"type":"Point","coordinates":[-81.21667,29.7]},"properties":{"id":"ncei-2001-5263987","year":2001,"month":9,"state":"FL","stateName":"Florida","scale":0,"scaleLabel":"F0","lengthMiles":0.1,"deaths":0,"injuries":0}},{"type":"Feature","geometry":{"type":"Point","coordinates":[-81.51667,29.43333]},"properties":{"id":"ncei-2001-5263988","year":2001,"month":9,"state":"FL","stateName":"Florida","scale":0,"scaleLabel":"F0","lengthMiles":0.1,"deaths":0,"injuries":0}},{"type":"Feature","geometry":{"type":"Point","coordinates":[-81.31667,29.46667]},"properties":{"id":"ncei-2001-5263990","year":2001,"month":9,"state":"FL","stateName":"Florida","scale":0,"scaleLabel":"F0","lengthMiles":0.1,"deaths":0,"injuries":0}},{"type":"Feature","geometry":{"type":"Point","coordinates":[-81.21667,29.55]},"properties":{"id":"ncei-2001-5264067","year":2001,"month":9,"state":"FL","stateName":"Florida","scale":0,"scaleLabel":"F0","lengthMiles":0.1,"deaths":0,"injuries":0}},{"type":"Feature","geometry":{"type":"Point","coordinates":[-81.13333,29.46667]},"properties":{"id":"ncei-2001-5264068","year":2001,"month":9,"state":"FL","stateName":"Florida","scale":0,"scaleLabel":"F0","lengthMiles":0.1,"deaths":0,"injuries":0}},{"type":"Feature","geometry":{"type":"Point","coordinates":[-89.66667,30.58333]},"properties":{"id":"ncei-2001-5264098","year":2001,"month":8,"state":"MS","stateName":"Mississippi","scale":0,"scaleLabel":"F0","lengthMiles":0.1,"deaths":0,"injuries":0}},{"type":"Feature","geometry":{"type":"Point","coordinates":[-88.53333,30.36667]},"properties":{"id":"ncei-2001-5264109","year":2001,"month":8,"state":"MS","stateName":"Mississippi","scale":0,"scaleLabel":"F0","lengthMiles":0.8,"deaths":0,"injuries":0}},{"type":"Feature","geometry":{"type":"Point","coordinates":[-87.33333,41.48333]},"properties":{"id":"ncei-2001-5264263","year":2001,"month":8,"state":"IN","stateName":"Indiana","scale":1,"scaleLabel":"F1","lengthMiles":4.5,"deaths":0,"injuries":2}},{"type":"Feature","geometry":{"type":"Point","coordinates":[-87.18333,42.51667]},"properties":{"id":"ncei-2001-5264264","year":2001,"month":8,"state":"IN","stateName":"Indiana","scale":0,"scaleLabel":"F0","lengthMiles":0.5,"deaths":0,"injuries":0}},{"type":"Feature","geometry":{"type":"Point","coordinates":[-88.2,41.6]},"properties":{"id":"ncei-2001-5264266","year":2001,"month":8,"state":"IL","stateName":"Illinois","scale":0,"scaleLabel":"F0","lengthMiles":0.1,"deaths":0,"injuries":0}},{"type":"Feature","geometry":{"type":"Point","coordinates":[-109.6,40.88333]},"properties":{"id":"ncei-2001-5264308","year":2001,"month":8,"state":"UT","stateName":"Utah","scale":0,"scaleLabel":"F0","lengthMiles":2,"deaths":0,"injuries":0}},{"type":"Feature","geometry":{"type":"Point","coordinates":[-84.66667,29.85]},"properties":{"id":"ncei-2001-5264563","year":2001,"month":8,"state":"FL","stateName":"Florida","scale":0,"scaleLabel":"F0","lengthMiles":0.1,"deaths":0,"injuries":0}},{"type":"Feature","geometry":{"type":"Point","coordinates":[-99.56667,38.96667]},"properties":{"id":"ncei-2001-5264582","year":2001,"month":8,"state":"KS","stateName":"Kansas","scale":0,"scaleLabel":"F0","lengthMiles":0.3,"deaths":0,"injuries":0}},{"type":"Feature","geometry":{"type":"Point","coordinates":[-99.06667,47.68333]},"properties":{"id":"ncei-2001-5264609","year":2001,"month":8,"state":"ND","stateName":"North Dakota","scale":0,"scaleLabel":"F0","lengthMiles":0.5,"deaths":0,"injuries":0}},{"type":"Feature","geometry":{"type":"Point","coordinates":[-100.3,38.88333]},"properties":{"id":"ncei-2001-5264747","year":2001,"month":8,"state":"KS","stateName":"Kansas","scale":0,"scaleLabel":"F0","lengthMiles":0.5,"deaths":0,"injuries":0}},{"type":"Feature","geometry":{"type":"Point","coordinates":[-89.83333,36.6]},"properties":{"id":"ncei-2001-5264840","year":2001,"month":9,"state":"MO","stateName":"Missouri","scale":0,"scaleLabel":"F0","lengthMiles":1.5,"deaths":0,"injuries":0}},{"type":"Feature","geometry":{"type":"Point","coordinates":[-103.01667,39.6]},"properties":{"id":"ncei-2001-5264989","year":2001,"month":8,"state":"CO","stateName":"Colorado","scale":0,"scaleLabel":"F0","lengthMiles":0.1,"deaths":0,"injuries":0}},{"type":"Feature","geometry":{"type":"Point","coordinates":[-104.48333,39.75]},"properties":{"id":"ncei-2001-5264996","year":2001,"month":8,"state":"CO","stateName":"Colorado","scale":0,"scaleLabel":"F0","lengthMiles":0.1,"deaths":0,"injuries":0}},{"type":"Feature","geometry":{"type":"Point","coordinates":[-104.43333,39.75]},"properties":{"id":"ncei-2001-5264997","year":2001,"month":8,"state":"CO","stateName":"Colorado","scale":0,"scaleLabel":"F0","lengthMiles":0.1,"deaths":0,"injuries":0}},{"type":"Feature","geometry":{"type":"Point","coordinates":[-96.28333,43.08333]},"properties":{"id":"ncei-2001-5265280","year":2001,"month":8,"state":"IA","stateName":"Iowa","scale":1,"scaleLabel":"F1","lengthMiles":3,"deaths":0,"injuries":0}},{"type":"Feature","geometry":{"type":"Point","coordinates":[-95.93333,42.78333]},"properties":{"id":"ncei-2001-5265281","year":2001,"month":8,"state":"IA","stateName":"Iowa","scale":0,"scaleLabel":"F0","lengthMiles":0.1,"deaths":0,"injuries":0}},{"type":"Feature","geometry":{"type":"Point","coordinates":[-96.5,42.5]},"properties":{"id":"ncei-2001-5265284","year":2001,"month":8,"state":"SD","stateName":"South Dakota","scale":0,"scaleLabel":"F0","lengthMiles":0.1,"deaths":0,"injuries":0}},{"type":"Feature","geometry":{"type":"Point","coordinates":[-96.56667,42.45]},"properties":{"id":"ncei-2001-5265285","year":2001,"month":8,"state":"NE","stateName":"Nebraska","scale":2,"scaleLabel":"F2","lengthMiles":1.5,"deaths":0,"injuries":3}},{"type":"Feature","geometry":{"type":"Point","coordinates":[-96.31667,42.31667]},"properties":{"id":"ncei-2001-5265286","year":2001,"month":8,"state":"IA","stateName":"Iowa","scale":0,"scaleLabel":"F0","lengthMiles":0.1,"deaths":0,"injuries":0}},{"type":"Feature","geometry":{"type":"Point","coordinates":[-79.01667,41.5]},"properties":{"id":"ncei-2001-5265473","year":2001,"month":8,"state":"PA","stateName":"Pennsylvania","scale":1,"scaleLabel":"F1","lengthMiles":3,"deaths":0,"injuries":0}},{"type":"Feature","geometry":{"type":"Point","coordinates":[-96.4,42.4]},"properties":{"id":"ncei-2001-5265485","year":2001,"month":8,"state":"IA","stateName":"Iowa","scale":0,"scaleLabel":"F0","lengthMiles":0.1,"deaths":0,"injuries":0}},{"type":"Feature","geometry":{"type":"Point","coordinates":[-95.71667,42.7]},"properties":{"id":"ncei-2001-5265488","year":2001,"month":8,"state":"IA","stateName":"Iowa","scale":0,"scaleLabel":"F0","lengthMiles":0.1,"deaths":0,"injuries":0}},{"type":"Feature","geometry":{"type":"Point","coordinates":[-95.71667,42.3]},"properties":{"id":"ncei-2001-5265499","year":2001,"month":8,"state":"IA","stateName":"Iowa","scale":0,"scaleLabel":"F0","lengthMiles":0.1,"deaths":0,"injuries":0}},{"type":"Feature","geometry":{"type":"Point","coordinates":[-96.18333,43.05]},"properties":{"id":"ncei-2001-5265504","year":2001,"month":8,"state":"IA","stateName":"Iowa","scale":1,"scaleLabel":"F1","lengthMiles":1,"deaths":0,"injuries":0}},{"type":"Feature","geometry":{"type":"Point","coordinates":[-89.66667,36.93333]},"properties":{"id":"ncei-2001-5265541","year":2001,"month":8,"state":"MO","stateName":"Missouri","scale":0,"scaleLabel":"F0","lengthMiles":0.1,"deaths":0,"injuries":0}},{"type":"Feature","geometry":{"type":"Point","coordinates":[-89.03333,38.18333]},"properties":{"id":"ncei-2001-5265544","year":2001,"month":8,"state":"IL","stateName":"Illinois","scale":0,"scaleLabel":"F0","lengthMiles":0.1,"deaths":0,"injuries":0}},{"type":"Feature","geometry":{"type":"Point","coordinates":[-95.63333,47.76667]},"properties":{"id":"ncei-2001-5265597","year":2001,"month":8,"state":"MN","stateName":"Minnesota","scale":1,"scaleLabel":"F1","lengthMiles":0.5,"deaths":0,"injuries":0}},{"type":"Feature","geometry":{"type":"Point","coordinates":[-95.5,47.76667]},"properties":{"id":"ncei-2001-5265599","year":2001,"month":8,"state":"MN","stateName":"Minnesota","scale":0,"scaleLabel":"F0","lengthMiles":0.5,"deaths":0,"injuries":0}},{"type":"Feature","geometry":{"type":"Point","coordinates":[-97.46667,46.43333]},"properties":{"id":"ncei-2001-5265734","year":2001,"month":8,"state":"ND","stateName":"North Dakota","scale":2,"scaleLabel":"F2","lengthMiles":7,"deaths":0,"injuries":0}},{"type":"Feature","geometry":{"type":"Point","coordinates":[-98,46.91667]},"properties":{"id":"ncei-2001-5265738","year":2001,"month":8,"state":"ND","stateName":"North Dakota","scale":2,"scaleLabel":"F2","lengthMiles":2,"deaths":0,"injuries":0}},{"type":"Feature","geometry":{"type":"Point","coordinates":[-80.08333,26.51667]},"properties":{"id":"ncei-2001-5265845","year":2001,"month":9,"state":"FL","stateName":"Florida","scale":0,"scaleLabel":"F0","lengthMiles":0.5,"deaths":0,"injuries":0}},{"type":"Feature","geometry":{"type":"Point","coordinates":[-80.23333,26.06667]},"properties":{"id":"ncei-2001-5265849","year":2001,"month":9,"state":"FL","stateName":"Florida","scale":0,"scaleLabel":"F0","lengthMiles":0.2,"deaths":0,"injuries":0}},{"type":"Feature","geometry":{"type":"Point","coordinates":[-88.78333,40.18333]},"properties":{"id":"ncei-2001-5266242","year":2001,"month":8,"state":"IL","stateName":"Illinois","scale":0,"scaleLabel":"F0","lengthMiles":0.3,"deaths":0,"injuries":0}},{"type":"Feature","geometry":{"type":"Point","coordinates":[-87.98333,40.11667]},"properties":{"id":"ncei-2001-5266332","year":2001,"month":8,"state":"IL","stateName":"Illinois","scale":0,"scaleLabel":"F0","lengthMiles":0.1,"deaths":0,"injuries":0}},{"type":"Feature","geometry":{"type":"Point","coordinates":[-89.7,40.28333]},"properties":{"id":"ncei-2001-5266344","year":2001,"month":8,"state":"IL","stateName":"Illinois","scale":0,"scaleLabel":"F0","lengthMiles":0.1,"deaths":0,"injuries":0}},{"type":"Feature","geometry":{"type":"Point","coordinates":[-88.15,39.93333]},"properties":{"id":"ncei-2001-5266345","year":2001,"month":8,"state":"IL","stateName":"Illinois","scale":0,"scaleLabel":"F0","lengthMiles":0.1,"deaths":0,"injuries":0}},{"type":"Feature","geometry":{"type":"Point","coordinates":[-97.01667,39.06667]},"properties":{"id":"ncei-2001-5266486","year":2001,"month":9,"state":"KS","stateName":"Kansas","scale":1,"scaleLabel":"F1","lengthMiles":4,"deaths":0,"injuries":0}},{"type":"Feature","geometry":{"type":"Point","coordinates":[-80.46667,27.45]},"properties":{"id":"ncei-2001-5266493","year":2001,"month":8,"state":"FL","stateName":"Florida","scale":0,"scaleLabel":"F0","lengthMiles":2,"deaths":0,"injuries":0}},{"type":"Feature","geometry":{"type":"Point","coordinates":[-92.3,38.08333]},"properties":{"id":"ncei-2001-5266528","year":2001,"month":8,"state":"MO","stateName":"Missouri","scale":0,"scaleLabel":"F0","lengthMiles":0.5,"deaths":0,"injuries":0}},{"type":"Feature","geometry":{"type":"Point","coordinates":[-96.95,39.1]},"properties":{"id":"ncei-2001-5266800","year":2001,"month":9,"state":"KS","stateName":"Kansas","scale":1,"scaleLabel":"F1","lengthMiles":8,"deaths":0,"injuries":0}},{"type":"Feature","geometry":{"type":"Point","coordinates":[-97.21667,38.91667]},"properties":{"id":"ncei-2001-5266801","year":2001,"month":9,"state":"KS","stateName":"Kansas","scale":1,"scaleLabel":"F1","lengthMiles":0.1,"deaths":0,"injuries":0}},{"type":"Feature","geometry":{"type":"Point","coordinates":[-96.8,39.18333]},"properties":{"id":"ncei-2001-5266806","year":2001,"month":9,"state":"KS","stateName":"Kansas","scale":0,"scaleLabel":"F0","lengthMiles":0.1,"deaths":0,"injuries":0}},{"type":"Feature","geometry":{"type":"Point","coordinates":[-88,42.66667]},"properties":{"id":"ncei-2001-5266954","year":2001,"month":8,"state":"WI","stateName":"Wisconsin","scale":0,"scaleLabel":"F0","lengthMiles":0.2,"deaths":0,"injuries":0}},{"type":"Feature","geometry":{"type":"Point","coordinates":[-88,42.66667]},"properties":{"id":"ncei-2001-5266955","year":2001,"month":8,"state":"WI","stateName":"Wisconsin","scale":1,"scaleLabel":"F1","lengthMiles":4.3,"deaths":0,"injuries":0}},{"type":"Feature","geometry":{"type":"Point","coordinates":[-102.95,40.15]},"properties":{"id":"ncei-2001-5266961","year":2001,"month":7,"state":"CO","stateName":"Colorado","scale":0,"scaleLabel":"F0","lengthMiles":0.1,"deaths":0,"injuries":0}},{"type":"Feature","geometry":{"type":"Point","coordinates":[-110.16667,34.9]},"properties":{"id":"ncei-2001-5266975","year":2001,"month":8,"state":"AZ","stateName":"Arizona","scale":0,"scaleLabel":"F0","lengthMiles":1,"deaths":0,"injuries":0}},{"type":"Feature","geometry":{"type":"Point","coordinates":[-119.05,43.58333]},"properties":{"id":"ncei-2001-5267005","year":2001,"month":8,"state":"OR","stateName":"Oregon","scale":0,"scaleLabel":"F0","lengthMiles":0.5,"deaths":0,"injuries":0}},{"type":"Feature","geometry":{"type":"Point","coordinates":[-119.05,43.58333]},"properties":{"id":"ncei-2001-5267006","year":2001,"month":8,"state":"OR","stateName":"Oregon","scale":0,"scaleLabel":"F0","lengthMiles":0.2,"deaths":0,"injuries":0}},{"type":"Feature","geometry":{"type":"Point","coordinates":[-93.9,41.21667]},"properties":{"id":"ncei-2001-5267015","year":2001,"month":9,"state":"IA","stateName":"Iowa","scale":0,"scaleLabel":"F0","lengthMiles":0.5,"deaths":0,"injuries":0}},{"type":"Feature","geometry":{"type":"Point","coordinates":[-93.75,41.55]},"properties":{"id":"ncei-2001-5267016","year":2001,"month":9,"state":"IA","stateName":"Iowa","scale":1,"scaleLabel":"F1","lengthMiles":2.8,"deaths":0,"injuries":1}},{"type":"Feature","geometry":{"type":"Point","coordinates":[-92.56667,42.7]},"properties":{"id":"ncei-2001-5267021","year":2001,"month":9,"state":"IA","stateName":"Iowa","scale":2,"scaleLabel":"F2","lengthMiles":10,"deaths":0,"injuries":0}},{"type":"Feature","geometry":{"type":"Point","coordinates":[-92.58333,42.68333]},"properties":{"id":"ncei-2001-5267022","year":2001,"month":9,"state":"IA","stateName":"Iowa","scale":1,"scaleLabel":"F1","lengthMiles":1.5,"deaths":0,"injuries":0}},{"type":"Feature","geometry":{"type":"Point","coordinates":[-103.11667,40.95]},"properties":{"id":"ncei-2001-5267041","year":2001,"month":7,"state":"CO","stateName":"Colorado","scale":0,"scaleLabel":"F0","lengthMiles":0.1,"deaths":0,"injuries":0}},{"type":"Feature","geometry":{"type":"Point","coordinates":[-76.55,37.13333]},"properties":{"id":"ncei-2001-5267079","year":2001,"month":8,"state":"VA","stateName":"Virginia","scale":0,"scaleLabel":"F0","lengthMiles":0.5,"deaths":0,"injuries":0}},{"type":"Feature","geometry":{"type":"Point","coordinates":[-103.58333,40.23333]},"properties":{"id":"ncei-2001-5267139","year":2001,"month":7,"state":"CO","stateName":"Colorado","scale":0,"scaleLabel":"F0","lengthMiles":0.1,"deaths":0,"injuries":0}},{"type":"Feature","geometry":{"type":"Point","coordinates":[-103.61667,40.16667]},"properties":{"id":"ncei-2001-5267140","year":2001,"month":7,"state":"CO","stateName":"Colorado","scale":0,"scaleLabel":"F0","lengthMiles":0.1,"deaths":0,"injuries":0}},{"type":"Feature","geometry":{"type":"Point","coordinates":[-92.73333,40.83333]},"properties":{"id":"ncei-2001-5267346","year":2001,"month":9,"state":"IA","stateName":"Iowa","scale":1,"scaleLabel":"F1","lengthMiles":0.5,"deaths":0,"injuries":0}},{"type":"Feature","geometry":{"type":"Point","coordinates":[-93.4,41.13333]},"properties":{"id":"ncei-2001-5267356","year":2001,"month":9,"state":"IA","stateName":"Iowa","scale":0,"scaleLabel":"F0","lengthMiles":0.9,"deaths":0,"injuries":0}},{"type":"Feature","geometry":{"type":"Point","coordinates":[-104.01667,39.75]},"properties":{"id":"ncei-2001-5267388","year":2001,"month":7,"state":"CO","stateName":"Colorado","scale":0,"scaleLabel":"F0","lengthMiles":0.1,"deaths":0,"injuries":0}},{"type":"Feature","geometry":{"type":"Point","coordinates":[-94.85,39.83333]},"properties":{"id":"ncei-2001-5267484","year":2001,"month":9,"state":"MO","stateName":"Missouri","scale":0,"scaleLabel":"F0","lengthMiles":0.1,"deaths":0,"injuries":0}},{"type":"Feature","geometry":{"type":"Point","coordinates":[-94.85,39.76667]},"properties":{"id":"ncei-2001-5267485","year":2001,"month":9,"state":"MO","stateName":"Missouri","scale":0,"scaleLabel":"F0","lengthMiles":0.1,"deaths":0,"injuries":0}},{"type":"Feature","geometry":{"type":"Point","coordinates":[-94.85,39.76667]},"properties":{"id":"ncei-2001-5267486","year":2001,"month":9,"state":"MO","stateName":"Missouri","scale":0,"scaleLabel":"F0","lengthMiles":0.1,"deaths":0,"injuries":0}},{"type":"Feature","geometry":{"type":"Point","coordinates":[-94.53333,39.71667]},"properties":{"id":"ncei-2001-5267487","year":2001,"month":9,"state":"MO","stateName":"Missouri","scale":0,"scaleLabel":"F0","lengthMiles":0.1,"deaths":0,"injuries":0}},{"type":"Feature","geometry":{"type":"Point","coordinates":[-89.11667,45.5]},"properties":{"id":"ncei-2001-5267530","year":2001,"month":9,"state":"WI","stateName":"Wisconsin","scale":0,"scaleLabel":"F0","lengthMiles":0.5,"deaths":0,"injuries":0}},{"type":"Feature","geometry":{"type":"Point","coordinates":[-102.7,36.58333]},"properties":{"id":"ncei-2001-5267704","year":2001,"month":9,"state":"OK","stateName":"Oklahoma","scale":0,"scaleLabel":"F0","lengthMiles":0.1,"deaths":0,"injuries":0}},{"type":"Feature","geometry":{"type":"Point","coordinates":[-100.56667,36.73333]},"properties":{"id":"ncei-2001-5267791","year":2001,"month":9,"state":"OK","stateName":"Oklahoma","scale":0,"scaleLabel":"F0","lengthMiles":0.1,"deaths":0,"injuries":0}},{"type":"Feature","geometry":{"type":"Point","coordinates":[-110.08333,34.5]},"properties":{"id":"ncei-2001-5267872","year":2001,"month":9,"state":"AZ","stateName":"Arizona","scale":0,"scaleLabel":"F0","lengthMiles":3,"deaths":0,"injuries":0}},{"type":"Feature","geometry":{"type":"Point","coordinates":[-110.08333,34.5]},"properties":{"id":"ncei-2001-5267873","year":2001,"month":9,"state":"AZ","stateName":"Arizona","scale":0,"scaleLabel":"F0","lengthMiles":1,"deaths":0,"injuries":0}},{"type":"Feature","geometry":{"type":"Point","coordinates":[-77.11667,36.22]},"properties":{"id":"ncei-2001-5267883","year":2001,"month":9,"state":"NC","stateName":"North Carolina","scale":0,"scaleLabel":"F0","lengthMiles":1,"deaths":0,"injuries":0}},{"type":"Feature","geometry":{"type":"Point","coordinates":[-80.41667,27.81667]},"properties":{"id":"ncei-2001-5268059","year":2001,"month":9,"state":"FL","stateName":"Florida","scale":0,"scaleLabel":"F0","lengthMiles":0.2,"deaths":0,"injuries":0}},{"type":"Feature","geometry":{"type":"Point","coordinates":[-80.6,28.08333]},"properties":{"id":"ncei-2001-5268060","year":2001,"month":9,"state":"FL","stateName":"Florida","scale":0,"scaleLabel":"F0","lengthMiles":0.2,"deaths":0,"injuries":0}},{"type":"Feature","geometry":{"type":"Point","coordinates":[-80.6,28.23333]},"properties":{"id":"ncei-2001-5268061","year":2001,"month":9,"state":"FL","stateName":"Florida","scale":1,"scaleLabel":"F1","lengthMiles":0.2,"deaths":0,"injuries":0}},{"type":"Feature","geometry":{"type":"Point","coordinates":[-114.61667,34.9]},"properties":{"id":"ncei-2001-5268077","year":2001,"month":4,"state":"CA","stateName":"California","scale":1,"scaleLabel":"F1","lengthMiles":1,"deaths":0,"injuries":0}},{"type":"Feature","geometry":{"type":"Point","coordinates":[-115.55,33.98333]},"properties":{"id":"ncei-2001-5268078","year":2001,"month":4,"state":"NV","stateName":"Nevada","scale":1,"scaleLabel":"F1","lengthMiles":1,"deaths":0,"injuries":0}},{"type":"Feature","geometry":{"type":"Point","coordinates":[-114.63333,35.1]},"properties":{"id":"ncei-2001-5268079","year":2001,"month":4,"state":"AZ","stateName":"Arizona","scale":1,"scaleLabel":"F1","lengthMiles":1,"deaths":0,"injuries":0}},{"type":"Feature","geometry":{"type":"Point","coordinates":[-83.26667,42.83333]},"properties":{"id":"ncei-2001-5268091","year":2001,"month":10,"state":"MI","stateName":"Michigan","scale":0,"scaleLabel":"F0","lengthMiles":0.1,"deaths":0,"injuries":0}},{"type":"Feature","geometry":{"type":"Point","coordinates":[-84.2,43.15]},"properties":{"id":"ncei-2001-5268099","year":2001,"month":10,"state":"MI","stateName":"Michigan","scale":0,"scaleLabel":"F0","lengthMiles":1.5,"deaths":0,"injuries":0}},{"type":"Feature","geometry":{"type":"Point","coordinates":[-80.73333,28.35]},"properties":{"id":"ncei-2001-5268114","year":2001,"month":9,"state":"FL","stateName":"Florida","scale":1,"scaleLabel":"F1","lengthMiles":1.8,"deaths":0,"injuries":0}},{"type":"Feature","geometry":{"type":"Point","coordinates":[-80.93333,29.01667]},"properties":{"id":"ncei-2001-5268115","year":2001,"month":9,"state":"FL","stateName":"Florida","scale":0,"scaleLabel":"F0","lengthMiles":0.8,"deaths":0,"injuries":0}},{"type":"Feature","geometry":{"type":"Point","coordinates":[-99.3,32.28333]},"properties":{"id":"ncei-2001-5268128","year":2001,"month":9,"state":"TX","stateName":"Texas","scale":1,"scaleLabel":"F1","lengthMiles":0.1,"deaths":0,"injuries":0}},{"type":"Feature","geometry":{"type":"Point","coordinates":[-99.31667,32.23333]},"properties":{"id":"ncei-2001-5268129","year":2001,"month":9,"state":"TX","stateName":"Texas","scale":0,"scaleLabel":"F0","lengthMiles":0.1,"deaths":0,"injuries":0}},{"type":"Feature","geometry":{"type":"Point","coordinates":[-99.36667,32.13333]},"properties":{"id":"ncei-2001-5268131","year":2001,"month":9,"state":"TX","stateName":"Texas","scale":0,"scaleLabel":"F0","lengthMiles":0.1,"deaths":0,"injuries":0}},{"type":"Feature","geometry":{"type":"Point","coordinates":[-99.28333,32.06667]},"properties":{"id":"ncei-2001-5268207","year":2001,"month":9,"state":"TX","stateName":"Texas","scale":1,"scaleLabel":"F1","lengthMiles":0.2,"deaths":0,"injuries":0}},{"type":"Feature","geometry":{"type":"Point","coordinates":[-97.91667,26.3]},"properties":{"id":"ncei-2001-5268384","year":2001,"month":9,"state":"TX","stateName":"Texas","scale":0,"scaleLabel":"F0","lengthMiles":0.1,"deaths":0,"injuries":0}},{"type":"Feature","geometry":{"type":"Point","coordinates":[-97.8,27.06667]},"properties":{"id":"ncei-2001-5268385","year":2001,"month":9,"state":"TX","stateName":"Texas","scale":0,"scaleLabel":"F0","lengthMiles":0.1,"deaths":0,"injuries":0}},{"type":"Feature","geometry":{"type":"Point","coordinates":[-97.66667,26.23333]},"properties":{"id":"ncei-2001-5268386","year":2001,"month":9,"state":"TX","stateName":"Texas","scale":0,"scaleLabel":"F0","lengthMiles":0.1,"deaths":0,"injuries":0}},{"type":"Feature","geometry":{"type":"Point","coordinates":[-97.7,26.18333]},"properties":{"id":"ncei-2001-5268472","year":2001,"month":9,"state":"TX","stateName":"Texas","scale":0,"scaleLabel":"F0","lengthMiles":0.1,"deaths":0,"injuries":0}},{"type":"Feature","geometry":{"type":"Point","coordinates":[-101.56667,35.28333]},"properties":{"id":"ncei-2001-5268474","year":2001,"month":9,"state":"TX","stateName":"Texas","scale":0,"scaleLabel":"F0","lengthMiles":0.1,"deaths":0,"injuries":0}},{"type":"Feature","geometry":{"type":"Point","coordinates":[-101.56667,35.2]},"properties":{"id":"ncei-2001-5268475","year":2001,"month":9,"state":"TX","stateName":"Texas","scale":0,"scaleLabel":"F0","lengthMiles":0.1,"deaths":0,"injuries":0}},{"type":"Feature","geometry":{"type":"Point","coordinates":[-96.81667,40.03333]},"properties":{"id":"ncei-2001-5268595","year":2001,"month":9,"state":"NE","stateName":"Nebraska","scale":1,"scaleLabel":"F1","lengthMiles":3,"deaths":0,"injuries":0}},{"type":"Feature","geometry":{"type":"Point","coordinates":[-85.78333,39.51667]},"properties":{"id":"ncei-2001-5268636","year":2001,"month":10,"state":"IN","stateName":"Indiana","scale":1,"scaleLabel":"F1","lengthMiles":0.2,"deaths":0,"injuries":0}},{"type":"Feature","geometry":{"type":"Point","coordinates":[-120.3,43.73333]},"properties":{"id":"ncei-2001-5268727","year":2001,"month":9,"state":"OR","stateName":"Oregon","scale":0,"scaleLabel":"F0","lengthMiles":2,"deaths":0,"injuries":0}},{"type":"Feature","geometry":{"type":"Point","coordinates":[-91.8,42.56667]},"properties":{"id":"ncei-2001-5268899","year":2001,"month":9,"state":"IA","stateName":"Iowa","scale":0,"scaleLabel":"F0","lengthMiles":3.5,"deaths":0,"injuries":0}},{"type":"Feature","geometry":{"type":"Point","coordinates":[-91.73333,42.61667]},"properties":{"id":"ncei-2001-5268900","year":2001,"month":9,"state":"IA","stateName":"Iowa","scale":2,"scaleLabel":"F2","lengthMiles":1,"deaths":0,"injuries":0}},{"type":"Feature","geometry":{"type":"Point","coordinates":[-84.73333,42.63333]},"properties":{"id":"ncei-2001-5269036","year":2001,"month":9,"state":"MI","stateName":"Michigan","scale":1,"scaleLabel":"F1","lengthMiles":8,"deaths":0,"injuries":1}},{"type":"Feature","geometry":{"type":"Point","coordinates":[-84.53333,42.73333]},"properties":{"id":"ncei-2001-5269038","year":2001,"month":9,"state":"MI","stateName":"Michigan","scale":1,"scaleLabel":"F1","lengthMiles":0.5,"deaths":0,"injuries":0}},{"type":"Feature","geometry":{"type":"Point","coordinates":[-89.28333,34.93333]},"properties":{"id":"ncei-2001-5269157","year":2001,"month":9,"state":"MS","stateName":"Mississippi","scale":0,"scaleLabel":"F0","lengthMiles":5,"deaths":0,"injuries":0}},{"type":"Feature","geometry":{"type":"Point","coordinates":[-87,35.9]},"properties":{"id":"ncei-2001-5269199","year":2001,"month":10,"state":"TN","stateName":"Tennessee","scale":0,"scaleLabel":"F0","lengthMiles":0.2,"deaths":0,"injuries":0}},{"type":"Feature","geometry":{"type":"Point","coordinates":[-86.58333,36.01667]},"properties":{"id":"ncei-2001-5269200","year":2001,"month":10,"state":"TN","stateName":"Tennessee","scale":0,"scaleLabel":"F0","lengthMiles":0.1,"deaths":0,"injuries":0}},{"type":"Feature","geometry":{"type":"Point","coordinates":[-86.06667,35.5]},"properties":{"id":"ncei-2001-5269201","year":2001,"month":10,"state":"TN","stateName":"Tennessee","scale":2,"scaleLabel":"F2","lengthMiles":0.2,"deaths":0,"injuries":0}},{"type":"Feature","geometry":{"type":"Point","coordinates":[-82.03333,27.01667]},"properties":{"id":"ncei-2001-5269202","year":2001,"month":9,"state":"FL","stateName":"Florida","scale":0,"scaleLabel":"F0","lengthMiles":5.5,"deaths":0,"injuries":0}},{"type":"Feature","geometry":{"type":"Point","coordinates":[-82.06667,27.26667]},"properties":{"id":"ncei-2001-5269203","year":2001,"month":9,"state":"FL","stateName":"Florida","scale":0,"scaleLabel":"F0","lengthMiles":16,"deaths":0,"injuries":0}},{"type":"Feature","geometry":{"type":"Point","coordinates":[-116.96667,44.25]},"properties":{"id":"ncei-2001-5269248","year":2001,"month":9,"state":"ID","stateName":"Idaho","scale":0,"scaleLabel":"F0","lengthMiles":1,"deaths":0,"injuries":0}},{"type":"Feature","geometry":{"type":"Point","coordinates":[-98.35,41.43333]},"properties":{"id":"ncei-2001-5269264","year":2001,"month":10,"state":"NE","stateName":"Nebraska","scale":0,"scaleLabel":"F0","lengthMiles":2.5,"deaths":0,"injuries":0}},{"type":"Feature","geometry":{"type":"Point","coordinates":[-98.3,41.43333]},"properties":{"id":"ncei-2001-5269265","year":2001,"month":10,"state":"NE","stateName":"Nebraska","scale":0,"scaleLabel":"F0","lengthMiles":3.5,"deaths":0,"injuries":0}},{"type":"Feature","geometry":{"type":"Point","coordinates":[-98.06667,40.95]},"properties":{"id":"ncei-2001-5269266","year":2001,"month":10,"state":"NE","stateName":"Nebraska","scale":1,"scaleLabel":"F1","lengthMiles":2,"deaths":0,"injuries":0}},{"type":"Feature","geometry":{"type":"Point","coordinates":[-98.13333,40.98333]},"properties":{"id":"ncei-2001-5269267","year":2001,"month":10,"state":"NE","stateName":"Nebraska","scale":1,"scaleLabel":"F1","lengthMiles":2,"deaths":0,"injuries":0}},{"type":"Feature","geometry":{"type":"Point","coordinates":[-98,41.25]},"properties":{"id":"ncei-2001-5269268","year":2001,"month":10,"state":"NE","stateName":"Nebraska","scale":2,"scaleLabel":"F2","lengthMiles":3,"deaths":0,"injuries":0}},{"type":"Feature","geometry":{"type":"Point","coordinates":[-98.05,41.31667]},"properties":{"id":"ncei-2001-5269269","year":2001,"month":10,"state":"NE","stateName":"Nebraska","scale":1,"scaleLabel":"F1","lengthMiles":2,"deaths":0,"injuries":0}},{"type":"Feature","geometry":{"type":"Point","coordinates":[-98.03333,40.96667]},"properties":{"id":"ncei-2001-5269270","year":2001,"month":10,"state":"NE","stateName":"Nebraska","scale":0,"scaleLabel":"F0","lengthMiles":3.5,"deaths":0,"injuries":0}},{"type":"Feature","geometry":{"type":"Point","coordinates":[-97.98333,41.33333]},"properties":{"id":"ncei-2001-5269271","year":2001,"month":10,"state":"NE","stateName":"Nebraska","scale":0,"scaleLabel":"F0","lengthMiles":0.1,"deaths":0,"injuries":0}},{"type":"Feature","geometry":{"type":"Point","coordinates":[-98,40.96667]},"properties":{"id":"ncei-2001-5269272","year":2001,"month":10,"state":"NE","stateName":"Nebraska","scale":1,"scaleLabel":"F1","lengthMiles":11,"deaths":0,"injuries":0}},{"type":"Feature","geometry":{"type":"Point","coordinates":[-97.83333,41.08333]},"properties":{"id":"ncei-2001-5269273","year":2001,"month":10,"state":"NE","stateName":"Nebraska","scale":0,"scaleLabel":"F0","lengthMiles":1,"deaths":0,"injuries":0}},{"type":"Feature","geometry":{"type":"Point","coordinates":[-97.86667,41.06667]},"properties":{"id":"ncei-2001-5269276","year":2001,"month":10,"state":"NE","stateName":"Nebraska","scale":1,"scaleLabel":"F1","lengthMiles":2,"deaths":0,"injuries":0}},{"type":"Feature","geometry":{"type":"Point","coordinates":[-97.83333,41.08333]},"properties":{"id":"ncei-2001-5269277","year":2001,"month":10,"state":"NE","stateName":"Nebraska","scale":3,"scaleLabel":"F3","lengthMiles":16,"deaths":0,"injuries":0}},{"type":"Feature","geometry":{"type":"Point","coordinates":[-98.08333,41.36667]},"properties":{"id":"ncei-2001-5269328","year":2001,"month":10,"state":"NE","stateName":"Nebraska","scale":0,"scaleLabel":"F0","lengthMiles":0.1,"deaths":0,"injuries":0}},{"type":"Feature","geometry":{"type":"Point","coordinates":[-97.68333,41.28333]},"properties":{"id":"ncei-2001-5269331","year":2001,"month":10,"state":"NE","stateName":"Nebraska","scale":1,"scaleLabel":"F1","lengthMiles":2,"deaths":0,"injuries":0}},{"type":"Feature","geometry":{"type":"Point","coordinates":[-97.66667,41.3]},"properties":{"id":"ncei-2001-5269332","year":2001,"month":10,"state":"NE","stateName":"Nebraska","scale":1,"scaleLabel":"F1","lengthMiles":3,"deaths":0,"injuries":0}},{"type":"Feature","geometry":{"type":"Point","coordinates":[-97.96667,40.56667]},"properties":{"id":"ncei-2001-5269492","year":2001,"month":9,"state":"NE","stateName":"Nebraska","scale":0,"scaleLabel":"F0","lengthMiles":3,"deaths":0,"injuries":0}},{"type":"Feature","geometry":{"type":"Point","coordinates":[-97.96667,40.43333]},"properties":{"id":"ncei-2001-5269494","year":2001,"month":9,"state":"NE","stateName":"Nebraska","scale":3,"scaleLabel":"F3","lengthMiles":9,"deaths":0,"injuries":0}},{"type":"Feature","geometry":{"type":"Point","coordinates":[-97.83333,40.41667]},"properties":{"id":"ncei-2001-5269495","year":2001,"month":9,"state":"NE","stateName":"Nebraska","scale":0,"scaleLabel":"F0","lengthMiles":1,"deaths":0,"injuries":0}},{"type":"Feature","geometry":{"type":"Point","coordinates":[-90.13333,32.15]},"properties":{"id":"ncei-2001-5269568","year":2001,"month":10,"state":"MS","stateName":"Mississippi","scale":0,"scaleLabel":"F0","lengthMiles":0.2,"deaths":0,"injuries":0}},{"type":"Feature","geometry":{"type":"Point","coordinates":[-90.16667,32.25]},"properties":{"id":"ncei-2001-5269569","year":2001,"month":10,"state":"MS","stateName":"Mississippi","scale":0,"scaleLabel":"F0","lengthMiles":0.2,"deaths":0,"injuries":0}},{"type":"Feature","geometry":{"type":"Point","coordinates":[-90.65,31.75]},"properties":{"id":"ncei-2001-5269572","year":2001,"month":10,"state":"MS","stateName":"Mississippi","scale":0,"scaleLabel":"F0","lengthMiles":0.2,"deaths":0,"injuries":0}},{"type":"Feature","geometry":{"type":"Point","coordinates":[-90.5,31.55]},"properties":{"id":"ncei-2001-5269573","year":2001,"month":10,"state":"MS","stateName":"Mississippi","scale":0,"scaleLabel":"F0","lengthMiles":1,"deaths":0,"injuries":0}},{"type":"Feature","geometry":{"type":"Point","coordinates":[-89.83333,31.33333]},"properties":{"id":"ncei-2001-5269579","year":2001,"month":10,"state":"MS","stateName":"Mississippi","scale":0,"scaleLabel":"F0","lengthMiles":0.2,"deaths":0,"injuries":0}},{"type":"Feature","geometry":{"type":"Point","coordinates":[-89.55,31.41667]},"properties":{"id":"ncei-2001-5269584","year":2001,"month":10,"state":"MS","stateName":"Mississippi","scale":0,"scaleLabel":"F0","lengthMiles":0.2,"deaths":0,"injuries":0}},{"type":"Feature","geometry":{"type":"Point","coordinates":[-99.46667,29.38333]},"properties":{"id":"ncei-2001-5269586","year":2001,"month":10,"state":"TX","stateName":"Texas","scale":0,"scaleLabel":"F0","lengthMiles":0.5,"deaths":0,"injuries":0}},{"type":"Feature","geometry":{"type":"Point","coordinates":[-98.66667,30.25]},"properties":{"id":"ncei-2001-5269590","year":2001,"month":10,"state":"TX","stateName":"Texas","scale":3,"scaleLabel":"F3","lengthMiles":2.5,"deaths":0,"injuries":5}},{"type":"Feature","geometry":{"type":"Point","coordinates":[-97.53333,41.41667]},"properties":{"id":"ncei-2001-5269593","year":2001,"month":10,"state":"NE","stateName":"Nebraska","scale":0,"scaleLabel":"F0","lengthMiles":0.3,"deaths":0,"injuries":0}},{"type":"Feature","geometry":{"type":"Point","coordinates":[-89.31667,31.5]},"properties":{"id":"ncei-2001-5269640","year":2001,"month":10,"state":"MS","stateName":"Mississippi","scale":0,"scaleLabel":"F0","lengthMiles":0.2,"deaths":0,"injuries":0}},{"type":"Feature","geometry":{"type":"Point","coordinates":[-89.13333,31.7]},"properties":{"id":"ncei-2001-5269641","year":2001,"month":10,"state":"MS","stateName":"Mississippi","scale":0,"scaleLabel":"F0","lengthMiles":0.2,"deaths":0,"injuries":0}},{"type":"Feature","geometry":{"type":"Point","coordinates":[-88.81667,32.18333]},"properties":{"id":"ncei-2001-5269643","year":2001,"month":10,"state":"MS","stateName":"Mississippi","scale":0,"scaleLabel":"F0","lengthMiles":0.2,"deaths":0,"injuries":0}},{"type":"Feature","geometry":{"type":"Point","coordinates":[-88.36667,33.5]},"properties":{"id":"ncei-2001-5269645","year":2001,"month":10,"state":"MS","stateName":"Mississippi","scale":1,"scaleLabel":"F1","lengthMiles":0.2,"deaths":0,"injuries":0}},{"type":"Feature","geometry":{"type":"Point","coordinates":[-88.73333,32.38333]},"properties":{"id":"ncei-2001-5269646","year":2001,"month":10,"state":"MS","stateName":"Mississippi","scale":0,"scaleLabel":"F0","lengthMiles":0.3,"deaths":0,"injuries":0}},{"type":"Feature","geometry":{"type":"Point","coordinates":[-99.3,29.05]},"properties":{"id":"ncei-2001-5269656","year":2001,"month":10,"state":"TX","stateName":"Texas","scale":1,"scaleLabel":"F1","lengthMiles":3,"deaths":0,"injuries":0}},{"type":"Feature","geometry":{"type":"Point","coordinates":[-93.25,44.66667]},"properties":{"id":"ncei-2001-5269691","year":2001,"month":9,"state":"MN","stateName":"Minnesota","scale":0,"scaleLabel":"F0","lengthMiles":0.1,"deaths":0,"injuries":0}},{"type":"Feature","geometry":{"type":"Point","coordinates":[-99.16667,29.36667]},"properties":{"id":"ncei-2001-5269721","year":2001,"month":10,"state":"TX","stateName":"Texas","scale":2,"scaleLabel":"F2","lengthMiles":1.2,"deaths":0,"injuries":25}},{"type":"Feature","geometry":{"type":"Point","coordinates":[-98.26667,41.48333]},"properties":{"id":"ncei-2001-5269731","year":2001,"month":10,"state":"NE","stateName":"Nebraska","scale":0,"scaleLabel":"F0","lengthMiles":1,"deaths":0,"injuries":0}},{"type":"Feature","geometry":{"type":"Point","coordinates":[-87.9,30.56667]},"properties":{"id":"ncei-2001-5269732","year":2001,"month":10,"state":"AL","stateName":"Alabama","scale":0,"scaleLabel":"F0","lengthMiles":0.1,"deaths":0,"injuries":0}},{"type":"Feature","geometry":{"type":"Point","coordinates":[-87.68333,30.28333]},"properties":{"id":"ncei-2001-5269735","year":2001,"month":10,"state":"AL","stateName":"Alabama","scale":0,"scaleLabel":"F0","lengthMiles":0.2,"deaths":0,"injuries":0}},{"type":"Feature","geometry":{"type":"Point","coordinates":[-82.06667,26.61667]},"properties":{"id":"ncei-2001-5269752","year":2001,"month":9,"state":"FL","stateName":"Florida","scale":0,"scaleLabel":"F0","lengthMiles":8,"deaths":0,"injuries":0}},{"type":"Feature","geometry":{"type":"Point","coordinates":[-82.06667,26.63333]},"properties":{"id":"ncei-2001-5269753","year":2001,"month":9,"state":"FL","stateName":"Florida","scale":0,"scaleLabel":"F0","lengthMiles":8.5,"deaths":0,"injuries":0}},{"type":"Feature","geometry":{"type":"Point","coordinates":[-82.05,26.76667]},"properties":{"id":"ncei-2001-5269754","year":2001,"month":9,"state":"FL","stateName":"Florida","scale":0,"scaleLabel":"F0","lengthMiles":10.7,"deaths":0,"injuries":0}},{"type":"Feature","geometry":{"type":"Point","coordinates":[-87.9,30.51667]},"properties":{"id":"ncei-2001-5269823","year":2001,"month":10,"state":"AL","stateName":"Alabama","scale":1,"scaleLabel":"F1","lengthMiles":0.1,"deaths":0,"injuries":0}},{"type":"Feature","geometry":{"type":"Point","coordinates":[-87.68333,30.41667]},"properties":{"id":"ncei-2001-5269828","year":2001,"month":10,"state":"AL","stateName":"Alabama","scale":3,"scaleLabel":"F3","lengthMiles":1,"deaths":0,"injuries":0}},{"type":"Feature","geometry":{"type":"Point","coordinates":[-87.68333,30.41667]},"properties":{"id":"ncei-2001-5269829","year":2001,"month":10,"state":"AL","stateName":"Alabama","scale":0,"scaleLabel":"F0","lengthMiles":0.2,"deaths":0,"injuries":0}},{"type":"Feature","geometry":{"type":"Point","coordinates":[-87.71667,30.55]},"properties":{"id":"ncei-2001-5269830","year":2001,"month":10,"state":"AL","stateName":"Alabama","scale":2,"scaleLabel":"F2","lengthMiles":0.7,"deaths":0,"injuries":0}},{"type":"Feature","geometry":{"type":"Point","coordinates":[-87.9,30.68333]},"properties":{"id":"ncei-2001-5269831","year":2001,"month":10,"state":"AL","stateName":"Alabama","scale":0,"scaleLabel":"F0","lengthMiles":0.3,"deaths":0,"injuries":0}},{"type":"Feature","geometry":{"type":"Point","coordinates":[-82.03333,26.88333]},"properties":{"id":"ncei-2001-5269832","year":2001,"month":9,"state":"FL","stateName":"Florida","scale":0,"scaleLabel":"F0","lengthMiles":10,"deaths":0,"injuries":0}},{"type":"Feature","geometry":{"type":"Point","coordinates":[-78.03333,38.48333]},"properties":{"id":"ncei-2001-5269848","year":2001,"month":9,"state":"VA","stateName":"Virginia","scale":0,"scaleLabel":"F0","lengthMiles":0.2,"deaths":0,"injuries":0}},{"type":"Feature","geometry":{"type":"Point","coordinates":[-77.18333,38.57]},"properties":{"id":"ncei-2001-5269850","year":2001,"month":9,"state":"VA","stateName":"Virginia","scale":4,"scaleLabel":"F4","lengthMiles":7,"deaths":0,"injuries":2}},{"type":"Feature","geometry":{"type":"Point","coordinates":[-85.5,34.65]},"properties":{"id":"ncei-2001-5269915","year":2001,"month":11,"state":"GA","stateName":"Georgia","scale":1,"scaleLabel":"F1","lengthMiles":1.5,"deaths":0,"injuries":0}},{"type":"Feature","geometry":{"type":"Point","coordinates":[-80.71667,28.32]},"properties":{"id":"ncei-2001-5269923","year":2001,"month":10,"state":"FL","stateName":"Florida","scale":0,"scaleLabel":"F0","lengthMiles":0.3,"deaths":0,"injuries":1}},{"type":"Feature","geometry":{"type":"Point","coordinates":[-91.03333,32.36667]},"properties":{"id":"ncei-2001-5269960","year":2001,"month":10,"state":"LA","stateName":"Louisiana","scale":0,"scaleLabel":"F0","lengthMiles":0.2,"deaths":0,"injuries":0}},{"type":"Feature","geometry":{"type":"Point","coordinates":[-90.88333,32.53333]},"properties":{"id":"ncei-2001-5269961","year":2001,"month":10,"state":"MS","stateName":"Mississippi","scale":0,"scaleLabel":"F0","lengthMiles":0.5,"deaths":0,"injuries":0}},{"type":"Feature","geometry":{"type":"Point","coordinates":[-90.2,32.9]},"properties":{"id":"ncei-2001-5269963","year":2001,"month":10,"state":"MS","stateName":"Mississippi","scale":0,"scaleLabel":"F0","lengthMiles":0.5,"deaths":0,"injuries":0}},{"type":"Feature","geometry":{"type":"Point","coordinates":[-89.76667,32.95]},"properties":{"id":"ncei-2001-5269964","year":2001,"month":10,"state":"MS","stateName":"Mississippi","scale":0,"scaleLabel":"F0","lengthMiles":1,"deaths":0,"injuries":0}},{"type":"Feature","geometry":{"type":"Point","coordinates":[-87.03333,30.63333]},"properties":{"id":"ncei-2001-5270040","year":2001,"month":10,"state":"FL","stateName":"Florida","scale":1,"scaleLabel":"F1","lengthMiles":0.5,"deaths":0,"injuries":0}},{"type":"Feature","geometry":{"type":"Point","coordinates":[-87.21667,30.41667]},"properties":{"id":"ncei-2001-5270043","year":2001,"month":10,"state":"FL","stateName":"Florida","scale":0,"scaleLabel":"F0","lengthMiles":2,"deaths":0,"injuries":0}},{"type":"Feature","geometry":{"type":"Point","coordinates":[-87.28333,38.5]},"properties":{"id":"ncei-2001-5270053","year":2001,"month":10,"state":"IN","stateName":"Indiana","scale":0,"scaleLabel":"F0","lengthMiles":0.3,"deaths":0,"injuries":0}},{"type":"Feature","geometry":{"type":"Point","coordinates":[-83.9,43.36667]},"properties":{"id":"ncei-2001-5270124","year":2001,"month":10,"state":"MI","stateName":"Michigan","scale":1,"scaleLabel":"F1","lengthMiles":12.5,"deaths":0,"injuries":0}},{"type":"Feature","geometry":{"type":"Point","coordinates":[-84.25,41.95]},"properties":{"id":"ncei-2001-5270128","year":2001,"month":10,"state":"MI","stateName":"Michigan","scale":1,"scaleLabel":"F1","lengthMiles":0.5,"deaths":0,"injuries":0}},{"type":"Feature","geometry":{"type":"Point","coordinates":[-83.86667,42.33333]},"properties":{"id":"ncei-2001-5270129","year":2001,"month":10,"state":"MI","stateName":"Michigan","scale":0,"scaleLabel":"F0","lengthMiles":6.5,"deaths":0,"injuries":0}},{"type":"Feature","geometry":{"type":"Point","coordinates":[-77.08333,38.81667]},"properties":{"id":"ncei-2001-5270144","year":2001,"month":9,"state":"VA","stateName":"Virginia","scale":1,"scaleLabel":"F1","lengthMiles":3,"deaths":0,"injuries":0}},{"type":"Feature","geometry":{"type":"Point","coordinates":[-77.13333,38.88333]},"properties":{"id":"ncei-2001-5270145","year":2001,"month":9,"state":"VA","stateName":"Virginia","scale":1,"scaleLabel":"F1","lengthMiles":0.2,"deaths":0,"injuries":0}},{"type":"Feature","geometry":{"type":"Point","coordinates":[-77.98333,38.56667]},"properties":{"id":"ncei-2001-5270152","year":2001,"month":9,"state":"VA","stateName":"Virginia","scale":1,"scaleLabel":"F1","lengthMiles":4,"deaths":0,"injuries":2}},{"type":"Feature","geometry":{"type":"Point","coordinates":[-76.98333,38.93333]},"properties":{"id":"ncei-2001-5270224","year":2001,"month":9,"state":"MD","stateName":"Maryland","scale":3,"scaleLabel":"F3","lengthMiles":11.5,"deaths":2,"injuries":55}},{"type":"Feature","geometry":{"type":"Point","coordinates":[-76.88333,39.13333]},"properties":{"id":"ncei-2001-5270225","year":2001,"month":9,"state":"MD","stateName":"Maryland","scale":2,"scaleLabel":"F2","lengthMiles":6,"deaths":0,"injuries":0}},{"type":"Feature","geometry":{"type":"Point","coordinates":[-88.36667,38.18333]},"properties":{"id":"ncei-2001-5270235","year":2001,"month":10,"state":"IL","stateName":"Illinois","scale":0,"scaleLabel":"F0","lengthMiles":0.5,"deaths":0,"injuries":0}},{"type":"Feature","geometry":{"type":"Point","coordinates":[-89.4,37.03333]},"properties":{"id":"ncei-2001-5270239","year":2001,"month":10,"state":"MO","stateName":"Missouri","scale":1,"scaleLabel":"F1","lengthMiles":2.5,"deaths":0,"injuries":0}},{"type":"Feature","geometry":{"type":"Point","coordinates":[-77.03333,38.87]},"properties":{"id":"ncei-2001-5270315","year":2001,"month":9,"state":"DC","stateName":"District Of Columbia","scale":0,"scaleLabel":"F0","lengthMiles":2,"deaths":0,"injuries":0}},{"type":"Feature","geometry":{"type":"Point","coordinates":[-87.38333,40.45]},"properties":{"id":"ncei-2001-5270415","year":2001,"month":10,"state":"IN","stateName":"Indiana","scale":0,"scaleLabel":"F0","lengthMiles":0.1,"deaths":0,"injuries":0}},{"type":"Feature","geometry":{"type":"Point","coordinates":[-99.38333,42.06667]},"properties":{"id":"ncei-2001-5270422","year":2001,"month":10,"state":"NE","stateName":"Nebraska","scale":0,"scaleLabel":"F0","lengthMiles":0.5,"deaths":0,"injuries":0}},{"type":"Feature","geometry":{"type":"Point","coordinates":[-96.9,32.95]},"properties":{"id":"ncei-2001-5270437","year":2001,"month":9,"state":"TX","stateName":"Texas","scale":1,"scaleLabel":"F1","lengthMiles":1.5,"deaths":0,"injuries":0}},{"type":"Feature","geometry":{"type":"Point","coordinates":[-96.81667,33.15]},"properties":{"id":"ncei-2001-5270439","year":2001,"month":9,"state":"TX","stateName":"Texas","scale":0,"scaleLabel":"F0","lengthMiles":0.1,"deaths":0,"injuries":0}},{"type":"Feature","geometry":{"type":"Point","coordinates":[-96.78333,33.31667]},"properties":{"id":"ncei-2001-5270440","year":2001,"month":9,"state":"TX","stateName":"Texas","scale":1,"scaleLabel":"F1","lengthMiles":3,"deaths":0,"injuries":0}},{"type":"Feature","geometry":{"type":"Point","coordinates":[-78.46667,33.9]},"properties":{"id":"ncei-2001-5270505","year":2001,"month":9,"state":"NC","stateName":"North Carolina","scale":0,"scaleLabel":"F0","lengthMiles":0.3,"deaths":0,"injuries":0}},{"type":"Feature","geometry":{"type":"Point","coordinates":[-86.43333,41.61667]},"properties":{"id":"ncei-2001-5270577","year":2001,"month":10,"state":"IN","stateName":"Indiana","scale":3,"scaleLabel":"F3","lengthMiles":15,"deaths":1,"injuries":2}},{"type":"Feature","geometry":{"type":"Point","coordinates":[-86.25,41.75]},"properties":{"id":"ncei-2001-5270578","year":2001,"month":10,"state":"MI","stateName":"Michigan","scale":1,"scaleLabel":"F1","lengthMiles":3,"deaths":0,"injuries":0}},{"type":"Feature","geometry":{"type":"Point","coordinates":[-86.23333,41.8]},"properties":{"id":"ncei-2001-5270579","year":2001,"month":10,"state":"MI","stateName":"Michigan","scale":1,"scaleLabel":"F1","lengthMiles":24,"deaths":0,"injuries":0}},{"type":"Feature","geometry":{"type":"Point","coordinates":[-85.73333,42.03333]},"properties":{"id":"ncei-2001-5270580","year":2001,"month":10,"state":"MI","stateName":"Michigan","scale":0,"scaleLabel":"F0","lengthMiles":5,"deaths":0,"injuries":0}},{"type":"Feature","geometry":{"type":"Point","coordinates":[-86.08333,41.18333]},"properties":{"id":"ncei-2001-5270581","year":2001,"month":10,"state":"IN","stateName":"Indiana","scale":0,"scaleLabel":"F0","lengthMiles":3,"deaths":0,"injuries":0}},{"type":"Feature","geometry":{"type":"Point","coordinates":[-86.03333,41.21667]},"properties":{"id":"ncei-2001-5270582","year":2001,"month":10,"state":"IN","stateName":"Indiana","scale":1,"scaleLabel":"F1","lengthMiles":17,"deaths":0,"injuries":14}},{"type":"Feature","geometry":{"type":"Point","coordinates":[-85.63333,41.36667]},"properties":{"id":"ncei-2001-5270583","year":2001,"month":10,"state":"IN","stateName":"Indiana","scale":1,"scaleLabel":"F1","lengthMiles":19,"deaths":0,"injuries":0}},{"type":"Feature","geometry":{"type":"Point","coordinates":[-86.11667,41.7]},"properties":{"id":"ncei-2001-5270584","year":2001,"month":10,"state":"IN","stateName":"Indiana","scale":1,"scaleLabel":"F1","lengthMiles":2.4,"deaths":0,"injuries":0}},{"type":"Feature","geometry":{"type":"Point","coordinates":[-86.05,41.73333]},"properties":{"id":"ncei-2001-5270585","year":2001,"month":10,"state":"IN","stateName":"Indiana","scale":0,"scaleLabel":"F0","lengthMiles":3,"deaths":0,"injuries":0}},{"type":"Feature","geometry":{"type":"Point","coordinates":[-86.13333,41.65]},"properties":{"id":"ncei-2001-5270586","year":2001,"month":10,"state":"IN","stateName":"Indiana","scale":2,"scaleLabel":"F2","lengthMiles":4.5,"deaths":0,"injuries":0}},{"type":"Feature","geometry":{"type":"Point","coordinates":[-86.05,41.68333]},"properties":{"id":"ncei-2001-5270587","year":2001,"month":10,"state":"IN","stateName":"Indiana","scale":0,"scaleLabel":"F0","lengthMiles":0.1,"deaths":0,"injuries":3}},{"type":"Feature","geometry":{"type":"Point","coordinates":[-99.93333,35.26667]},"properties":{"id":"ncei-2001-5270618","year":2001,"month":10,"state":"OK","stateName":"Oklahoma","scale":0,"scaleLabel":"F0","lengthMiles":4.5,"deaths":0,"injuries":0}},{"type":"Feature","geometry":{"type":"Point","coordinates":[-99.75,35.3]},"properties":{"id":"ncei-2001-5270619","year":2001,"month":10,"state":"OK","stateName":"Oklahoma","scale":0,"scaleLabel":"F0","lengthMiles":0.1,"deaths":0,"injuries":0}},{"type":"Feature","geometry":{"type":"Point","coordinates":[-99.18333,35.53333]},"properties":{"id":"ncei-2001-5270620","year":2001,"month":10,"state":"OK","stateName":"Oklahoma","scale":0,"scaleLabel":"F0","lengthMiles":2.5,"deaths":0,"injuries":0}},{"type":"Feature","geometry":{"type":"Point","coordinates":[-99.51667,35.6]},"properties":{"id":"ncei-2001-5270621","year":2001,"month":10,"state":"OK","stateName":"Oklahoma","scale":1,"scaleLabel":"F1","lengthMiles":0.5,"deaths":0,"injuries":0}},{"type":"Feature","geometry":{"type":"Point","coordinates":[-99.51667,35.61667]},"properties":{"id":"ncei-2001-5270622","year":2001,"month":10,"state":"OK","stateName":"Oklahoma","scale":0,"scaleLabel":"F0","lengthMiles":1,"deaths":0,"injuries":0}},{"type":"Feature","geometry":{"type":"Point","coordinates":[-99.1,35.01667]},"properties":{"id":"ncei-2001-5270623","year":2001,"month":10,"state":"OK","stateName":"Oklahoma","scale":1,"scaleLabel":"F1","lengthMiles":3.5,"deaths":0,"injuries":0}},{"type":"Feature","geometry":{"type":"Point","coordinates":[-99.1,35.01667]},"properties":{"id":"ncei-2001-5270624","year":2001,"month":10,"state":"OK","stateName":"Oklahoma","scale":3,"scaleLabel":"F3","lengthMiles":7,"deaths":0,"injuries":0}},{"type":"Feature","geometry":{"type":"Point","coordinates":[-99.1,35.01667]},"properties":{"id":"ncei-2001-5270625","year":2001,"month":10,"state":"OK","stateName":"Oklahoma","scale":0,"scaleLabel":"F0","lengthMiles":1,"deaths":0,"injuries":0}},{"type":"Feature","geometry":{"type":"Point","coordinates":[-85.66667,41.76667]},"properties":{"id":"ncei-2001-5270645","year":2001,"month":10,"state":"MI","stateName":"Michigan","scale":1,"scaleLabel":"F1","lengthMiles":4,"deaths":0,"injuries":1}},{"type":"Feature","geometry":{"type":"Point","coordinates":[-85.35,41.95]},"properties":{"id":"ncei-2001-5270646","year":2001,"month":10,"state":"MI","stateName":"Michigan","scale":1,"scaleLabel":"F1","lengthMiles":5,"deaths":0,"injuries":0}},{"type":"Feature","geometry":{"type":"Point","coordinates":[-85.25,41.45]},"properties":{"id":"ncei-2001-5270647","year":2001,"month":10,"state":"IN","stateName":"Indiana","scale":1,"scaleLabel":"F1","lengthMiles":4,"deaths":0,"injuries":0}},{"type":"Feature","geometry":{"type":"Point","coordinates":[-85.2,41.46667]},"properties":{"id":"ncei-2001-5270648","year":2001,"month":10,"state":"IN","stateName":"Indiana","scale":2,"scaleLabel":"F2","lengthMiles":7,"deaths":0,"injuries":0}},{"type":"Feature","geometry":{"type":"Point","coordinates":[-85.01667,41.53333]},"properties":{"id":"ncei-2001-5270649","year":2001,"month":10,"state":"IN","stateName":"Indiana","scale":0,"scaleLabel":"F0","lengthMiles":1.5,"deaths":0,"injuries":0}},{"type":"Feature","geometry":{"type":"Point","coordinates":[-84.55,41.75]},"properties":{"id":"ncei-2001-5270650","year":2001,"month":10,"state":"MI","stateName":"Michigan","scale":1,"scaleLabel":"F1","lengthMiles":2,"deaths":0,"injuries":0}},{"type":"Feature","geometry":{"type":"Point","coordinates":[-84.31667,40.85]},"properties":{"id":"ncei-2001-5270651","year":2001,"month":10,"state":"OH","stateName":"Ohio","scale":0,"scaleLabel":"F0","lengthMiles":3,"deaths":0,"injuries":0}},{"type":"Feature","geometry":{"type":"Point","coordinates":[-84.31667,40.88333]},"properties":{"id":"ncei-2001-5270652","year":2001,"month":10,"state":"OH","stateName":"Ohio","scale":3,"scaleLabel":"F3","lengthMiles":29,"deaths":0,"injuries":0}},{"type":"Feature","geometry":{"type":"Point","coordinates":[-89.61667,38.01667]},"properties":{"id":"ncei-2001-5270669","year":2001,"month":10,"state":"IL","stateName":"Illinois","scale":1,"scaleLabel":"F1","lengthMiles":2,"deaths":0,"injuries":0}},{"type":"Feature","geometry":{"type":"Point","coordinates":[-98.88333,35.06667]},"properties":{"id":"ncei-2001-5270683","year":2001,"month":10,"state":"OK","stateName":"Oklahoma","scale":3,"scaleLabel":"F3","lengthMiles":6,"deaths":0,"injuries":9}},{"type":"Feature","geometry":{"type":"Point","coordinates":[-98.9,35.65]},"properties":{"id":"ncei-2001-5270684","year":2001,"month":10,"state":"OK","stateName":"Oklahoma","scale":0,"scaleLabel":"F0","lengthMiles":0.1,"deaths":0,"injuries":0}},{"type":"Feature","geometry":{"type":"Point","coordinates":[-98.13333,35.33333]},"properties":{"id":"ncei-2001-5270685","year":2001,"month":10,"state":"OK","stateName":"Oklahoma","scale":1,"scaleLabel":"F1","lengthMiles":2,"deaths":0,"injuries":0}},{"type":"Feature","geometry":{"type":"Point","coordinates":[-97.93333,35.28333]},"properties":{"id":"ncei-2001-5270686","year":2001,"month":10,"state":"OK","stateName":"Oklahoma","scale":1,"scaleLabel":"F1","lengthMiles":5,"deaths":0,"injuries":0}},{"type":"Feature","geometry":{"type":"Point","coordinates":[-98.16667,35.33333]},"properties":{"id":"ncei-2001-5270687","year":2001,"month":10,"state":"OK","stateName":"Oklahoma","scale":3,"scaleLabel":"F3","lengthMiles":8,"deaths":0,"injuries":1}},{"type":"Feature","geometry":{"type":"Point","coordinates":[-97.93333,35.38333]},"properties":{"id":"ncei-2001-5270688","year":2001,"month":10,"state":"OK","stateName":"Oklahoma","scale":0,"scaleLabel":"F0","lengthMiles":0.1,"deaths":0,"injuries":0}},{"type":"Feature","geometry":{"type":"Point","coordinates":[-97.96667,35.31667]},"properties":{"id":"ncei-2001-5270689","year":2001,"month":10,"state":"OK","stateName":"Oklahoma","scale":0,"scaleLabel":"F0","lengthMiles":0.5,"deaths":0,"injuries":0}},{"type":"Feature","geometry":{"type":"Point","coordinates":[-97.95,35.31667]},"properties":{"id":"ncei-2001-5270775","year":2001,"month":10,"state":"OK","stateName":"Oklahoma","scale":1,"scaleLabel":"F1","lengthMiles":2,"deaths":0,"injuries":0}},{"type":"Feature","geometry":{"type":"Point","coordinates":[-97.53333,35.48333]},"properties":{"id":"ncei-2001-5270776","year":2001,"month":10,"state":"OK","stateName":"Oklahoma","scale":0,"scaleLabel":"F0","lengthMiles":0.4,"deaths":0,"injuries":0}},{"type":"Feature","geometry":{"type":"Point","coordinates":[-97.6,35.25]},"properties":{"id":"ncei-2001-5270777","year":2001,"month":10,"state":"OK","stateName":"Oklahoma","scale":1,"scaleLabel":"F1","lengthMiles":0.8,"deaths":0,"injuries":0}},{"type":"Feature","geometry":{"type":"Point","coordinates":[-97.6,35.25]},"properties":{"id":"ncei-2001-5270778","year":2001,"month":10,"state":"OK","stateName":"Oklahoma","scale":1,"scaleLabel":"F1","lengthMiles":2,"deaths":0,"injuries":0}},{"type":"Feature","geometry":{"type":"Point","coordinates":[-97.5,35.33333]},"properties":{"id":"ncei-2001-5270779","year":2001,"month":10,"state":"OK","stateName":"Oklahoma","scale":0,"scaleLabel":"F0","lengthMiles":1.5,"deaths":0,"injuries":0}},{"type":"Feature","geometry":{"type":"Point","coordinates":[-97.53333,35.48333]},"properties":{"id":"ncei-2001-5270780","year":2001,"month":10,"state":"OK","stateName":"Oklahoma","scale":1,"scaleLabel":"F1","lengthMiles":1.5,"deaths":0,"injuries":0}},{"type":"Feature","geometry":{"type":"Point","coordinates":[-97.15,32.16667]},"properties":{"id":"ncei-2001-5270802","year":2001,"month":10,"state":"TX","stateName":"Texas","scale":1,"scaleLabel":"F1","lengthMiles":0.1,"deaths":0,"injuries":0}},{"type":"Feature","geometry":{"type":"Point","coordinates":[-97.18333,33.48333]},"properties":{"id":"ncei-2001-5270803","year":2001,"month":10,"state":"TX","stateName":"Texas","scale":2,"scaleLabel":"F2","lengthMiles":9,"deaths":0,"injuries":1}},{"type":"Feature","geometry":{"type":"Point","coordinates":[-97.18333,33.48333]},"properties":{"id":"ncei-2001-5270804","year":2001,"month":10,"state":"TX","stateName":"Texas","scale":2,"scaleLabel":"F2","lengthMiles":2.5,"deaths":0,"injuries":1}},{"type":"Feature","geometry":{"type":"Point","coordinates":[-98.11667,31.7]},"properties":{"id":"ncei-2001-5270900","year":2001,"month":10,"state":"TX","stateName":"Texas","scale":1,"scaleLabel":"F1","lengthMiles":0.7,"deaths":0,"injuries":0}},{"type":"Feature","geometry":{"type":"Point","coordinates":[-98.03333,31.98333]},"properties":{"id":"ncei-2001-5270901","year":2001,"month":10,"state":"TX","stateName":"Texas","scale":2,"scaleLabel":"F2","lengthMiles":6.2,"deaths":0,"injuries":0}},{"type":"Feature","geometry":{"type":"Point","coordinates":[-98.26667,32.95]},"properties":{"id":"ncei-2001-5270902","year":2001,"month":10,"state":"TX","stateName":"Texas","scale":2,"scaleLabel":"F2","lengthMiles":4.2,"deaths":0,"injuries":0}},{"type":"Feature","geometry":{"type":"Point","coordinates":[-97.98333,33.16667]},"properties":{"id":"ncei-2001-5270903","year":2001,"month":10,"state":"TX","stateName":"Texas","scale":0,"scaleLabel":"F0","lengthMiles":2,"deaths":0,"injuries":0}},{"type":"Feature","geometry":{"type":"Point","coordinates":[-98.06667,33.08333]},"properties":{"id":"ncei-2001-5270904","year":2001,"month":10,"state":"TX","stateName":"Texas","scale":1,"scaleLabel":"F1","lengthMiles":1.5,"deaths":0,"injuries":0}},{"type":"Feature","geometry":{"type":"Point","coordinates":[-93.3,37.2]},"properties":{"id":"ncei-2001-5271117","year":2001,"month":10,"state":"MO","stateName":"Missouri","scale":1,"scaleLabel":"F1","lengthMiles":0.5,"deaths":0,"injuries":5}},{"type":"Feature","geometry":{"type":"Point","coordinates":[-92.7,38.3]},"properties":{"id":"ncei-2001-5271130","year":2001,"month":10,"state":"MO","stateName":"Missouri","scale":0,"scaleLabel":"F0","lengthMiles":0.5,"deaths":0,"injuries":0}},{"type":"Feature","geometry":{"type":"Point","coordinates":[-92.78333,38.2]},"properties":{"id":"ncei-2001-5271131","year":2001,"month":10,"state":"MO","stateName":"Missouri","scale":1,"scaleLabel":"F1","lengthMiles":15,"deaths":0,"injuries":1}},{"type":"Feature","geometry":{"type":"Point","coordinates":[-98.3,30.2]},"properties":{"id":"ncei-2001-5271170","year":2001,"month":11,"state":"TX","stateName":"Texas","scale":0,"scaleLabel":"F0","lengthMiles":3,"deaths":0,"injuries":0}},{"type":"Feature","geometry":{"type":"Point","coordinates":[-98.26667,30.1]},"properties":{"id":"ncei-2001-5271171","year":2001,"month":11,"state":"TX","stateName":"Texas","scale":0,"scaleLabel":"F0","lengthMiles":2,"deaths":0,"injuries":1}},{"type":"Feature","geometry":{"type":"Point","coordinates":[-92.26667,37.95]},"properties":{"id":"ncei-2001-5271200","year":2001,"month":10,"state":"MO","stateName":"Missouri","scale":0,"scaleLabel":"F0","lengthMiles":0.5,"deaths":0,"injuries":0}},{"type":"Feature","geometry":{"type":"Point","coordinates":[-89.53333,29.35]},"properties":{"id":"ncei-2001-5271263","year":2001,"month":10,"state":"LA","stateName":"Louisiana","scale":0,"scaleLabel":"F0","lengthMiles":0.3,"deaths":0,"injuries":0}},{"type":"Feature","geometry":{"type":"Point","coordinates":[-94.51667,30.18333]},"properties":{"id":"ncei-2001-5271273","year":2001,"month":10,"state":"TX","stateName":"Texas","scale":0,"scaleLabel":"F0","lengthMiles":1,"deaths":0,"injuries":0}},{"type":"Feature","geometry":{"type":"Point","coordinates":[-93.35,31.2]},"properties":{"id":"ncei-2001-5271274","year":2001,"month":10,"state":"LA","stateName":"Louisiana","scale":0,"scaleLabel":"F0","lengthMiles":0.5,"deaths":0,"injuries":0}},{"type":"Feature","geometry":{"type":"Point","coordinates":[-94.16667,30.28333]},"properties":{"id":"ncei-2001-5271276","year":2001,"month":10,"state":"TX","stateName":"Texas","scale":0,"scaleLabel":"F0","lengthMiles":0.5,"deaths":0,"injuries":0}},{"type":"Feature","geometry":{"type":"Point","coordinates":[-94.3,30.13333]},"properties":{"id":"ncei-2001-5271277","year":2001,"month":10,"state":"TX","stateName":"Texas","scale":0,"scaleLabel":"F0","lengthMiles":2,"deaths":0,"injuries":0}},{"type":"Feature","geometry":{"type":"Point","coordinates":[-94.28333,30.15]},"properties":{"id":"ncei-2001-5271278","year":2001,"month":10,"state":"TX","stateName":"Texas","scale":0,"scaleLabel":"F0","lengthMiles":0.5,"deaths":0,"injuries":0}},{"type":"Feature","geometry":{"type":"Point","coordinates":[-94.06667,30.31667]},"properties":{"id":"ncei-2001-5271279","year":2001,"month":10,"state":"TX","stateName":"Texas","scale":0,"scaleLabel":"F0","lengthMiles":0.5,"deaths":0,"injuries":0}},{"type":"Feature","geometry":{"type":"Point","coordinates":[-94.13333,30.05]},"properties":{"id":"ncei-2001-5271287","year":2001,"month":10,"state":"TX","stateName":"Texas","scale":1,"scaleLabel":"F1","lengthMiles":2,"deaths":0,"injuries":0}},{"type":"Feature","geometry":{"type":"Point","coordinates":[-98.8,29.78333]},"properties":{"id":"ncei-2001-5271330","year":2001,"month":11,"state":"TX","stateName":"Texas","scale":0,"scaleLabel":"F0","lengthMiles":4,"deaths":0,"injuries":2}},{"type":"Feature","geometry":{"type":"Point","coordinates":[-98.81667,29.78333]},"properties":{"id":"ncei-2001-5271331","year":2001,"month":11,"state":"TX","stateName":"Texas","scale":0,"scaleLabel":"F0","lengthMiles":1.2,"deaths":0,"injuries":0}},{"type":"Feature","geometry":{"type":"Point","coordinates":[-93.53333,30.75]},"properties":{"id":"ncei-2001-5271333","year":2001,"month":10,"state":"LA","stateName":"Louisiana","scale":1,"scaleLabel":"F1","lengthMiles":0.5,"deaths":0,"injuries":0}},{"type":"Feature","geometry":{"type":"Point","coordinates":[-92.26667,30.23333]},"properties":{"id":"ncei-2001-5271357","year":2001,"month":10,"state":"LA","stateName":"Louisiana","scale":1,"scaleLabel":"F1","lengthMiles":0.5,"deaths":0,"injuries":0}},{"type":"Feature","geometry":{"type":"Point","coordinates":[-92.13333,30.03333]},"properties":{"id":"ncei-2001-5271358","year":2001,"month":10,"state":"LA","stateName":"Louisiana","scale":1,"scaleLabel":"F1","lengthMiles":0.5,"deaths":0,"injuries":0}},{"type":"Feature","geometry":{"type":"Point","coordinates":[-95.33333,28.95]},"properties":{"id":"ncei-2001-5271610","year":2001,"month":10,"state":"TX","stateName":"Texas","scale":2,"scaleLabel":"F2","lengthMiles":3.5,"deaths":0,"injuries":0}},{"type":"Feature","geometry":{"type":"Point","coordinates":[-94.88333,30.08333]},"properties":{"id":"ncei-2001-5271709","year":2001,"month":10,"state":"TX","stateName":"Texas","scale":0,"scaleLabel":"F0","lengthMiles":2,"deaths":0,"injuries":0}},{"type":"Feature","geometry":{"type":"Point","coordinates":[-96.38333,30.66667]},"properties":{"id":"ncei-2001-5271713","year":2001,"month":10,"state":"TX","stateName":"Texas","scale":1,"scaleLabel":"F1","lengthMiles":1,"deaths":0,"injuries":0}},{"type":"Feature","geometry":{"type":"Point","coordinates":[-95.16667,30.85]},"properties":{"id":"ncei-2001-5271727","year":2001,"month":10,"state":"TX","stateName":"Texas","scale":1,"scaleLabel":"F1","lengthMiles":0.3,"deaths":0,"injuries":0}},{"type":"Feature","geometry":{"type":"Point","coordinates":[-95.28333,30.93333]},"properties":{"id":"ncei-2001-5271805","year":2001,"month":10,"state":"TX","stateName":"Texas","scale":1,"scaleLabel":"F1","lengthMiles":0.5,"deaths":0,"injuries":0}},{"type":"Feature","geometry":{"type":"Point","coordinates":[-90.66667,30.45]},"properties":{"id":"ncei-2001-5271833","year":2001,"month":10,"state":"LA","stateName":"Louisiana","scale":0,"scaleLabel":"F0","lengthMiles":0.2,"deaths":0,"injuries":0}},{"type":"Feature","geometry":{"type":"Point","coordinates":[-89.7,29.63333]},"properties":{"id":"ncei-2001-5271834","year":2001,"month":10,"state":"LA","stateName":"Louisiana","scale":1,"scaleLabel":"F1","lengthMiles":0.5,"deaths":0,"injuries":0}},{"type":"Feature","geometry":{"type":"Point","coordinates":[-86.06667,30.7]},"properties":{"id":"ncei-2001-5271835","year":2001,"month":10,"state":"FL","stateName":"Florida","scale":1,"scaleLabel":"F1","lengthMiles":1,"deaths":0,"injuries":0}},{"type":"Feature","geometry":{"type":"Point","coordinates":[-85.48333,30.63333]},"properties":{"id":"ncei-2001-5271836","year":2001,"month":10,"state":"FL","stateName":"Florida","scale":1,"scaleLabel":"F1","lengthMiles":2.7,"deaths":0,"injuries":0}},{"type":"Feature","geometry":{"type":"Point","coordinates":[-87.76667,32.1]},"properties":{"id":"ncei-2001-5271971","year":2001,"month":10,"state":"AL","stateName":"Alabama","scale":1,"scaleLabel":"F1","lengthMiles":7.1,"deaths":0,"injuries":0}},{"type":"Feature","geometry":{"type":"Point","coordinates":[-87.51667,32.45]},"properties":{"id":"ncei-2001-5271972","year":2001,"month":10,"state":"AL","stateName":"Alabama","scale":1,"scaleLabel":"F1","lengthMiles":1.5,"deaths":0,"injuries":0}},{"type":"Feature","geometry":{"type":"Point","coordinates":[-86.9,41.43333]},"properties":{"id":"ncei-2001-5271991","year":2001,"month":10,"state":"IN","stateName":"Indiana","scale":2,"scaleLabel":"F2","lengthMiles":33,"deaths":1,"injuries":0}},{"type":"Feature","geometry":{"type":"Point","coordinates":[-86.51667,41.66667]},"properties":{"id":"ncei-2001-5271992","year":2001,"month":10,"state":"IN","stateName":"Indiana","scale":0,"scaleLabel":"F0","lengthMiles":2,"deaths":0,"injuries":0}},{"type":"Feature","geometry":{"type":"Point","coordinates":[-84.91667,29.66667]},"properties":{"id":"ncei-2001-5272026","year":2001,"month":10,"state":"FL","stateName":"Florida","scale":1,"scaleLabel":"F1","lengthMiles":0.2,"deaths":0,"injuries":0}},{"type":"Feature","geometry":{"type":"Point","coordinates":[-98.26667,35.25]},"properties":{"id":"ncei-2001-5272039","year":2001,"month":10,"state":"OK","stateName":"Oklahoma","scale":0,"scaleLabel":"F0","lengthMiles":1,"deaths":0,"injuries":0}},{"type":"Feature","geometry":{"type":"Point","coordinates":[-98.26667,35.26667]},"properties":{"id":"ncei-2001-5272040","year":2001,"month":10,"state":"OK","stateName":"Oklahoma","scale":0,"scaleLabel":"F0","lengthMiles":0.1,"deaths":0,"injuries":0}},{"type":"Feature","geometry":{"type":"Point","coordinates":[-86.45,34.5]},"properties":{"id":"ncei-2001-5272041","year":2001,"month":11,"state":"AL","stateName":"Alabama","scale":2,"scaleLabel":"F2","lengthMiles":2.6,"deaths":0,"injuries":0}},{"type":"Feature","geometry":{"type":"Point","coordinates":[-86.58333,32.48333]},"properties":{"id":"ncei-2001-5272042","year":2001,"month":11,"state":"AL","stateName":"Alabama","scale":1,"scaleLabel":"F1","lengthMiles":9.8,"deaths":0,"injuries":0}},{"type":"Feature","geometry":{"type":"Point","coordinates":[-87.68333,33.35]},"properties":{"id":"ncei-2001-5272043","year":2001,"month":11,"state":"AL","stateName":"Alabama","scale":1,"scaleLabel":"F1","lengthMiles":2,"deaths":0,"injuries":0}},{"type":"Feature","geometry":{"type":"Point","coordinates":[-91.8,31.05]},"properties":{"id":"ncei-2001-5272080","year":2001,"month":11,"state":"LA","stateName":"Louisiana","scale":2,"scaleLabel":"F2","lengthMiles":1,"deaths":0,"injuries":3}},{"type":"Feature","geometry":{"type":"Point","coordinates":[-93.5,30.18333]},"properties":{"id":"ncei-2001-5272084","year":2001,"month":11,"state":"LA","stateName":"Louisiana","scale":0,"scaleLabel":"F0","lengthMiles":1,"deaths":0,"injuries":0}},{"type":"Feature","geometry":{"type":"Point","coordinates":[-86.31667,33.16667]},"properties":{"id":"ncei-2001-5272110","year":2001,"month":11,"state":"AL","stateName":"Alabama","scale":2,"scaleLabel":"F2","lengthMiles":3.1,"deaths":0,"injuries":15}},{"type":"Feature","geometry":{"type":"Point","coordinates":[-86.51667,34.45]},"properties":{"id":"ncei-2001-5272111","year":2001,"month":11,"state":"AL","stateName":"Alabama","scale":2,"scaleLabel":"F2","lengthMiles":2,"deaths":0,"injuries":7}},{"type":"Feature","geometry":{"type":"Point","coordinates":[-87.1,33.28333]},"properties":{"id":"ncei-2001-5272112","year":2001,"month":11,"state":"AL","stateName":"Alabama","scale":0,"scaleLabel":"F0","lengthMiles":0.2,"deaths":0,"injuries":0}},{"type":"Feature","geometry":{"type":"Point","coordinates":[-86.9,34.23333]},"properties":{"id":"ncei-2001-5272113","year":2001,"month":11,"state":"AL","stateName":"Alabama","scale":1,"scaleLabel":"F1","lengthMiles":2.1,"deaths":0,"injuries":0}},{"type":"Feature","geometry":{"type":"Point","coordinates":[-80.21667,25.66667]},"properties":{"id":"ncei-2001-5272144","year":2001,"month":11,"state":"FL","stateName":"Florida","scale":0,"scaleLabel":"F0","lengthMiles":0.5,"deaths":0,"injuries":0}},{"type":"Feature","geometry":{"type":"Point","coordinates":[-101.75,33.73333]},"properties":{"id":"ncei-2001-5272162","year":2001,"month":11,"state":"TX","stateName":"Texas","scale":0,"scaleLabel":"F0","lengthMiles":0.1,"deaths":0,"injuries":0}},{"type":"Feature","geometry":{"type":"Point","coordinates":[-102.1,33.6]},"properties":{"id":"ncei-2001-5272163","year":2001,"month":11,"state":"TX","stateName":"Texas","scale":0,"scaleLabel":"F0","lengthMiles":0.1,"deaths":0,"injuries":0}},{"type":"Feature","geometry":{"type":"Point","coordinates":[-87.9,32.21667]},"properties":{"id":"ncei-2001-5272181","year":2001,"month":11,"state":"AL","stateName":"Alabama","scale":0,"scaleLabel":"F0","lengthMiles":0.6,"deaths":0,"injuries":0}},{"type":"Feature","geometry":{"type":"Point","coordinates":[-86.11667,31.88333]},"properties":{"id":"ncei-2001-5272182","year":2001,"month":11,"state":"AL","stateName":"Alabama","scale":0,"scaleLabel":"F0","lengthMiles":0.2,"deaths":0,"injuries":0}},{"type":"Feature","geometry":{"type":"Point","coordinates":[-85.95,31.63333]},"properties":{"id":"ncei-2001-5272183","year":2001,"month":11,"state":"AL","stateName":"Alabama","scale":1,"scaleLabel":"F1","lengthMiles":11.8,"deaths":0,"injuries":0}},{"type":"Feature","geometry":{"type":"Point","coordinates":[-80.66667,26.7]},"properties":{"id":"ncei-2001-5272196","year":2001,"month":11,"state":"FL","stateName":"Florida","scale":1,"scaleLabel":"F1","lengthMiles":1.5,"deaths":0,"injuries":0}},{"type":"Feature","geometry":{"type":"Point","coordinates":[-93.98333,36.66667]},"properties":{"id":"ncei-2001-5272234","year":2001,"month":11,"state":"MO","stateName":"Missouri","scale":2,"scaleLabel":"F2","lengthMiles":4,"deaths":0,"injuries":3}},{"type":"Feature","geometry":{"type":"Point","coordinates":[-93.71667,37.05]},"properties":{"id":"ncei-2001-5272235","year":2001,"month":11,"state":"MO","stateName":"Missouri","scale":1,"scaleLabel":"F1","lengthMiles":2,"deaths":0,"injuries":0}},{"type":"Feature","geometry":{"type":"Point","coordinates":[-87.63333,34.21667]},"properties":{"id":"ncei-2001-5272275","year":2001,"month":11,"state":"AL","stateName":"Alabama","scale":2,"scaleLabel":"F2","lengthMiles":0.3,"deaths":0,"injuries":0}},{"type":"Feature","geometry":{"type":"Point","coordinates":[-87.63333,34.21667]},"properties":{"id":"ncei-2001-5272276","year":2001,"month":11,"state":"AL","stateName":"Alabama","scale":2,"scaleLabel":"F2","lengthMiles":1.6,"deaths":0,"injuries":13}},{"type":"Feature","geometry":{"type":"Point","coordinates":[-88.05,33.53333]},"properties":{"id":"ncei-2001-5272277","year":2001,"month":11,"state":"AL","stateName":"Alabama","scale":3,"scaleLabel":"F3","lengthMiles":0.2,"deaths":0,"injuries":0}},{"type":"Feature","geometry":{"type":"Point","coordinates":[-88.05,33.51667]},"properties":{"id":"ncei-2001-5272278","year":2001,"month":11,"state":"AL","stateName":"Alabama","scale":3,"scaleLabel":"F3","lengthMiles":8.5,"deaths":2,"injuries":1}},{"type":"Feature","geometry":{"type":"Point","coordinates":[-87.95,33.61667]},"properties":{"id":"ncei-2001-5272279","year":2001,"month":11,"state":"AL","stateName":"Alabama","scale":3,"scaleLabel":"F3","lengthMiles":29.1,"deaths":0,"injuries":0}},{"type":"Feature","geometry":{"type":"Point","coordinates":[-87.55,33.86667]},"properties":{"id":"ncei-2001-5272280","year":2001,"month":11,"state":"AL","stateName":"Alabama","scale":3,"scaleLabel":"F3","lengthMiles":1.1,"deaths":0,"injuries":0}},{"type":"Feature","geometry":{"type":"Point","coordinates":[-85.78333,39.45]},"properties":{"id":"ncei-2001-5272281","year":2001,"month":11,"state":"IN","stateName":"Indiana","scale":1,"scaleLabel":"F1","lengthMiles":16,"deaths":0,"injuries":0}},{"type":"Feature","geometry":{"type":"Point","coordinates":[-88.21667,32.08333]},"properties":{"id":"ncei-2001-5272357","year":2001,"month":11,"state":"AL","stateName":"Alabama","scale":0,"scaleLabel":"F0","lengthMiles":0.1,"deaths":0,"injuries":0}},{"type":"Feature","geometry":{"type":"Point","coordinates":[-88.31667,31.86667]},"properties":{"id":"ncei-2001-5272358","year":2001,"month":11,"state":"AL","stateName":"Alabama","scale":0,"scaleLabel":"F0","lengthMiles":0.1,"deaths":0,"injuries":0}},{"type":"Feature","geometry":{"type":"Point","coordinates":[-88.3,31.9]},"properties":{"id":"ncei-2001-5272359","year":2001,"month":11,"state":"AL","stateName":"Alabama","scale":0,"scaleLabel":"F0","lengthMiles":0.1,"deaths":0,"injuries":0}},{"type":"Feature","geometry":{"type":"Point","coordinates":[-87.06667,31.11667]},"properties":{"id":"ncei-2001-5272360","year":2001,"month":11,"state":"AL","stateName":"Alabama","scale":0,"scaleLabel":"F0","lengthMiles":0.1,"deaths":0,"injuries":0}},{"type":"Feature","geometry":{"type":"Point","coordinates":[-86.55,31.35]},"properties":{"id":"ncei-2001-5272361","year":2001,"month":11,"state":"AL","stateName":"Alabama","scale":0,"scaleLabel":"F0","lengthMiles":0.1,"deaths":0,"injuries":0}},{"type":"Feature","geometry":{"type":"Point","coordinates":[-86.33333,31.45]},"properties":{"id":"ncei-2001-5272363","year":2001,"month":11,"state":"AL","stateName":"Alabama","scale":0,"scaleLabel":"F0","lengthMiles":0.2,"deaths":0,"injuries":0}},{"type":"Feature","geometry":{"type":"Point","coordinates":[-85.76667,34.25]},"properties":{"id":"ncei-2001-5272365","year":2001,"month":11,"state":"AL","stateName":"Alabama","scale":2,"scaleLabel":"F2","lengthMiles":8.2,"deaths":2,"injuries":4}},{"type":"Feature","geometry":{"type":"Point","coordinates":[-86.28333,33.58333]},"properties":{"id":"ncei-2001-5272366","year":2001,"month":11,"state":"AL","stateName":"Alabama","scale":2,"scaleLabel":"F2","lengthMiles":4.5,"deaths":0,"injuries":2}},{"type":"Feature","geometry":{"type":"Point","coordinates":[-86.56667,33.65]},"properties":{"id":"ncei-2001-5272367","year":2001,"month":11,"state":"AL","stateName":"Alabama","scale":2,"scaleLabel":"F2","lengthMiles":5.9,"deaths":0,"injuries":1}},{"type":"Feature","geometry":{"type":"Point","coordinates":[-86.5,33.68333]},"properties":{"id":"ncei-2001-5272368","year":2001,"month":11,"state":"AL","stateName":"Alabama","scale":2,"scaleLabel":"F2","lengthMiles":10.1,"deaths":0,"injuries":0}},{"type":"Feature","geometry":{"type":"Point","coordinates":[-85.58333,31.4]},"properties":{"id":"ncei-2001-5272378","year":2001,"month":11,"state":"AL","stateName":"Alabama","scale":1,"scaleLabel":"F1","lengthMiles":0.1,"deaths":0,"injuries":2}},{"type":"Feature","geometry":{"type":"Point","coordinates":[-88.75,39.88333]},"properties":{"id":"ncei-2001-5272379","year":2001,"month":10,"state":"IL","stateName":"Illinois","scale":2,"scaleLabel":"F2","lengthMiles":1.8,"deaths":0,"injuries":0}},{"type":"Feature","geometry":{"type":"Point","coordinates":[-88.58333,40.03333]},"properties":{"id":"ncei-2001-5272380","year":2001,"month":10,"state":"IL","stateName":"Illinois","scale":0,"scaleLabel":"F0","lengthMiles":0.1,"deaths":0,"injuries":0}},{"type":"Feature","geometry":{"type":"Point","coordinates":[-120.43333,34.95]},"properties":{"id":"ncei-2001-5272386","year":2001,"month":11,"state":"CA","stateName":"California","scale":0,"scaleLabel":"F0","lengthMiles":0.1,"deaths":0,"injuries":0}},{"type":"Feature","geometry":{"type":"Point","coordinates":[-86.96667,31.43333]},"properties":{"id":"ncei-2001-5272406","year":2001,"month":11,"state":"AL","stateName":"Alabama","scale":0,"scaleLabel":"F0","lengthMiles":0.1,"deaths":0,"injuries":0}},{"type":"Feature","geometry":{"type":"Point","coordinates":[-86.75,31.63333]},"properties":{"id":"ncei-2001-5272407","year":2001,"month":11,"state":"AL","stateName":"Alabama","scale":0,"scaleLabel":"F0","lengthMiles":3,"deaths":0,"injuries":0}},{"type":"Feature","geometry":{"type":"Point","coordinates":[-86.71667,31.53333]},"properties":{"id":"ncei-2001-5272410","year":2001,"month":11,"state":"AL","stateName":"Alabama","scale":1,"scaleLabel":"F1","lengthMiles":6,"deaths":0,"injuries":3}},{"type":"Feature","geometry":{"type":"Point","coordinates":[-86.83333,31.55]},"properties":{"id":"ncei-2001-5272411","year":2001,"month":11,"state":"AL","stateName":"Alabama","scale":0,"scaleLabel":"F0","lengthMiles":0.1,"deaths":0,"injuries":0}},{"type":"Feature","geometry":{"type":"Point","coordinates":[-88.3,40.15]},"properties":{"id":"ncei-2001-5272434","year":2001,"month":10,"state":"IL","stateName":"Illinois","scale":1,"scaleLabel":"F1","lengthMiles":1,"deaths":0,"injuries":2}},{"type":"Feature","geometry":{"type":"Point","coordinates":[-91.88333,32.8]},"properties":{"id":"ncei-2001-5272440","year":2001,"month":11,"state":"LA","stateName":"Louisiana","scale":1,"scaleLabel":"F1","lengthMiles":17,"deaths":0,"injuries":0}},{"type":"Feature","geometry":{"type":"Point","coordinates":[-91.2,32.25]},"properties":{"id":"ncei-2001-5272441","year":2001,"month":11,"state":"LA","stateName":"Louisiana","scale":0,"scaleLabel":"F0","lengthMiles":0.5,"deaths":0,"injuries":0}},{"type":"Feature","geometry":{"type":"Point","coordinates":[-91.65,32.98333]},"properties":{"id":"ncei-2001-5272442","year":2001,"month":11,"state":"AR","stateName":"Arkansas","scale":3,"scaleLabel":"F3","lengthMiles":13,"deaths":3,"injuries":11}},{"type":"Feature","geometry":{"type":"Point","coordinates":[-91.31667,33.26667]},"properties":{"id":"ncei-2001-5272443","year":2001,"month":11,"state":"AR","stateName":"Arkansas","scale":1,"scaleLabel":"F1","lengthMiles":1,"deaths":0,"injuries":0}},{"type":"Feature","geometry":{"type":"Point","coordinates":[-91.1,33.46667]},"properties":{"id":"ncei-2001-5272444","year":2001,"month":11,"state":"MS","stateName":"Mississippi","scale":4,"scaleLabel":"F4","lengthMiles":4.8,"deaths":0,"injuries":12}},{"type":"Feature","geometry":{"type":"Point","coordinates":[-91.05,33.53333]},"properties":{"id":"ncei-2001-5272551","year":2001,"month":11,"state":"MS","stateName":"Mississippi","scale":4,"scaleLabel":"F4","lengthMiles":25.5,"deaths":0,"injuries":36}},{"type":"Feature","geometry":{"type":"Point","coordinates":[-90.65,33.93333]},"properties":{"id":"ncei-2001-5272552","year":2001,"month":11,"state":"MS","stateName":"Mississippi","scale":1,"scaleLabel":"F1","lengthMiles":6,"deaths":0,"injuries":0}},{"type":"Feature","geometry":{"type":"Point","coordinates":[-90.63333,33.23333]},"properties":{"id":"ncei-2001-5272553","year":2001,"month":11,"state":"MS","stateName":"Mississippi","scale":3,"scaleLabel":"F3","lengthMiles":5,"deaths":0,"injuries":5}},{"type":"Feature","geometry":{"type":"Point","coordinates":[-85.73333,31.28333]},"properties":{"id":"ncei-2001-5272575","year":2001,"month":11,"state":"AL","stateName":"Alabama","scale":1,"scaleLabel":"F1","lengthMiles":2,"deaths":0,"injuries":25}},{"type":"Feature","geometry":{"type":"Point","coordinates":[-90.25,32.43333]},"properties":{"id":"ncei-2001-5272622","year":2001,"month":11,"state":"MS","stateName":"Mississippi","scale":0,"scaleLabel":"F0","lengthMiles":0.3,"deaths":0,"injuries":0}},{"type":"Feature","geometry":{"type":"Point","coordinates":[-90.43333,32.31667]},"properties":{"id":"ncei-2001-5272624","year":2001,"month":11,"state":"MS","stateName":"Mississippi","scale":0,"scaleLabel":"F0","lengthMiles":0.2,"deaths":0,"injuries":0}},{"type":"Feature","geometry":{"type":"Point","coordinates":[-90.2,32.43333]},"properties":{"id":"ncei-2001-5272625","year":2001,"month":11,"state":"MS","stateName":"Mississippi","scale":4,"scaleLabel":"F4","lengthMiles":11.5,"deaths":2,"injuries":21}},{"type":"Feature","geometry":{"type":"Point","coordinates":[-89.7,32.9]},"properties":{"id":"ncei-2001-5272626","year":2001,"month":11,"state":"MS","stateName":"Mississippi","scale":1,"scaleLabel":"F1","lengthMiles":0.2,"deaths":0,"injuries":0}},{"type":"Feature","geometry":{"type":"Point","coordinates":[-88.9,33.41667]},"properties":{"id":"ncei-2001-5272629","year":2001,"month":11,"state":"MS","stateName":"Mississippi","scale":0,"scaleLabel":"F0","lengthMiles":0.1,"deaths":0,"injuries":0}},{"type":"Feature","geometry":{"type":"Point","coordinates":[-88.35,33.15]},"properties":{"id":"ncei-2001-5272726","year":2001,"month":11,"state":"MS","stateName":"Mississippi","scale":1,"scaleLabel":"F1","lengthMiles":8,"deaths":0,"injuries":0}},{"type":"Feature","geometry":{"type":"Point","coordinates":[-88.58333,32.16667]},"properties":{"id":"ncei-2001-5272727","year":2001,"month":11,"state":"MS","stateName":"Mississippi","scale":0,"scaleLabel":"F0","lengthMiles":0.5,"deaths":0,"injuries":0}},{"type":"Feature","geometry":{"type":"Point","coordinates":[-88.8,32.13333]},"properties":{"id":"ncei-2001-5272728","year":2001,"month":11,"state":"MS","stateName":"Mississippi","scale":0,"scaleLabel":"F0","lengthMiles":0.3,"deaths":0,"injuries":0}},{"type":"Feature","geometry":{"type":"Point","coordinates":[-90.05,33.68333]},"properties":{"id":"ncei-2001-5272732","year":2001,"month":11,"state":"MS","stateName":"Mississippi","scale":1,"scaleLabel":"F1","lengthMiles":12,"deaths":0,"injuries":0}},{"type":"Feature","geometry":{"type":"Point","coordinates":[-88.45,36.5]},"properties":{"id":"ncei-2001-5272807","year":2001,"month":11,"state":"KY","stateName":"Kentucky","scale":2,"scaleLabel":"F2","lengthMiles":11.5,"deaths":0,"injuries":4}},{"type":"Feature","geometry":{"type":"Point","coordinates":[-98.03333,29.98333]},"properties":{"id":"ncei-2001-5272978","year":2001,"month":11,"state":"TX","stateName":"Texas","scale":0,"scaleLabel":"F0","lengthMiles":2,"deaths":0,"injuries":0}},{"type":"Feature","geometry":{"type":"Point","coordinates":[-92.5,32.33333]},"properties":{"id":"ncei-2001-5272983","year":2001,"month":11,"state":"LA","stateName":"Louisiana","scale":1,"scaleLabel":"F1","lengthMiles":6.8,"deaths":0,"injuries":0}},{"type":"Feature","geometry":{"type":"Point","coordinates":[-92.4,32.45]},"properties":{"id":"ncei-2001-5272984","year":2001,"month":11,"state":"LA","stateName":"Louisiana","scale":0,"scaleLabel":"F0","lengthMiles":2.2,"deaths":0,"injuries":0}},{"type":"Feature","geometry":{"type":"Point","coordinates":[-92.73333,31.55]},"properties":{"id":"ncei-2001-5272985","year":2001,"month":11,"state":"LA","stateName":"Louisiana","scale":1,"scaleLabel":"F1","lengthMiles":11.5,"deaths":0,"injuries":0}},{"type":"Feature","geometry":{"type":"Point","coordinates":[-92.4,31.85]},"properties":{"id":"ncei-2001-5272995","year":2001,"month":11,"state":"LA","stateName":"Louisiana","scale":0,"scaleLabel":"F0","lengthMiles":2.9,"deaths":0,"injuries":0}},{"type":"Feature","geometry":{"type":"Point","coordinates":[-92.53333,32.53333]},"properties":{"id":"ncei-2001-5272996","year":2001,"month":11,"state":"LA","stateName":"Louisiana","scale":1,"scaleLabel":"F1","lengthMiles":7.1,"deaths":0,"injuries":0}},{"type":"Feature","geometry":{"type":"Point","coordinates":[-92.98333,32.43333]},"properties":{"id":"ncei-2001-5272998","year":2001,"month":11,"state":"LA","stateName":"Louisiana","scale":1,"scaleLabel":"F1","lengthMiles":7.5,"deaths":0,"injuries":0}},{"type":"Feature","geometry":{"type":"Point","coordinates":[-97.93333,28.88333]},"properties":{"id":"ncei-2001-5273069","year":2001,"month":11,"state":"TX","stateName":"Texas","scale":0,"scaleLabel":"F0","lengthMiles":0.1,"deaths":0,"injuries":0}},{"type":"Feature","geometry":{"type":"Point","coordinates":[-98.06667,28.88333]},"properties":{"id":"ncei-2001-5273070","year":2001,"month":11,"state":"TX","stateName":"Texas","scale":1,"scaleLabel":"F1","lengthMiles":2.5,"deaths":0,"injuries":0}},{"type":"Feature","geometry":{"type":"Point","coordinates":[-97.86667,30.01667]},"properties":{"id":"ncei-2001-5273072","year":2001,"month":11,"state":"TX","stateName":"Texas","scale":1,"scaleLabel":"F1","lengthMiles":3.5,"deaths":0,"injuries":3}},{"type":"Feature","geometry":{"type":"Point","coordinates":[-92.88333,32.51667]},"properties":{"id":"ncei-2001-5273073","year":2001,"month":11,"state":"LA","stateName":"Louisiana","scale":1,"scaleLabel":"F1","lengthMiles":6.2,"deaths":0,"injuries":0}},{"type":"Feature","geometry":{"type":"Point","coordinates":[-92.41667,32.6]},"properties":{"id":"ncei-2001-5273074","year":2001,"month":11,"state":"LA","stateName":"Louisiana","scale":1,"scaleLabel":"F1","lengthMiles":8.7,"deaths":0,"injuries":0}},{"type":"Feature","geometry":{"type":"Point","coordinates":[-93.31667,32.81667]},"properties":{"id":"ncei-2001-5273075","year":2001,"month":11,"state":"LA","stateName":"Louisiana","scale":1,"scaleLabel":"F1","lengthMiles":5,"deaths":0,"injuries":0}},{"type":"Feature","geometry":{"type":"Point","coordinates":[-93.21667,32.9]},"properties":{"id":"ncei-2001-5273076","year":2001,"month":11,"state":"LA","stateName":"Louisiana","scale":1,"scaleLabel":"F1","lengthMiles":11.5,"deaths":0,"injuries":0}},{"type":"Feature","geometry":{"type":"Point","coordinates":[-92.58333,33.26667]},"properties":{"id":"ncei-2001-5273077","year":2001,"month":11,"state":"AR","stateName":"Arkansas","scale":1,"scaleLabel":"F1","lengthMiles":3.9,"deaths":0,"injuries":0}},{"type":"Feature","geometry":{"type":"Point","coordinates":[-93.18333,31.88333]},"properties":{"id":"ncei-2001-5273078","year":2001,"month":11,"state":"LA","stateName":"Louisiana","scale":2,"scaleLabel":"F2","lengthMiles":15.2,"deaths":0,"injuries":0}},{"type":"Feature","geometry":{"type":"Point","coordinates":[-93.13333,31.9]},"properties":{"id":"ncei-2001-5273079","year":2001,"month":11,"state":"LA","stateName":"Louisiana","scale":1,"scaleLabel":"F1","lengthMiles":2.7,"deaths":0,"injuries":0}},{"type":"Feature","geometry":{"type":"Point","coordinates":[-97.86667,30.01667]},"properties":{"id":"ncei-2001-5273156","year":2001,"month":11,"state":"TX","stateName":"Texas","scale":1,"scaleLabel":"F1","lengthMiles":3.5,"deaths":0,"injuries":3}},{"type":"Feature","geometry":{"type":"Point","coordinates":[-97.75,30.23333]},"properties":{"id":"ncei-2001-5273159","year":2001,"month":11,"state":"TX","stateName":"Texas","scale":1,"scaleLabel":"F1","lengthMiles":2.5,"deaths":0,"injuries":0}},{"type":"Feature","geometry":{"type":"Point","coordinates":[-97.66667,30.35]},"properties":{"id":"ncei-2001-5273160","year":2001,"month":11,"state":"TX","stateName":"Texas","scale":0,"scaleLabel":"F0","lengthMiles":2,"deaths":0,"injuries":0}},{"type":"Feature","geometry":{"type":"Point","coordinates":[-92.26667,32]},"properties":{"id":"ncei-2001-5273165","year":2001,"month":11,"state":"LA","stateName":"Louisiana","scale":1,"scaleLabel":"F1","lengthMiles":5,"deaths":0,"injuries":0}},{"type":"Feature","geometry":{"type":"Point","coordinates":[-97.75,28.4]},"properties":{"id":"ncei-2001-5273181","year":2001,"month":11,"state":"TX","stateName":"Texas","scale":1,"scaleLabel":"F1","lengthMiles":0.2,"deaths":0,"injuries":0}},{"type":"Feature","geometry":{"type":"Point","coordinates":[-97.75,28.4]},"properties":{"id":"ncei-2001-5273184","year":2001,"month":11,"state":"TX","stateName":"Texas","scale":0,"scaleLabel":"F0","lengthMiles":0.3,"deaths":0,"injuries":0}},{"type":"Feature","geometry":{"type":"Point","coordinates":[-97.75,28.4]},"properties":{"id":"ncei-2001-5273185","year":2001,"month":11,"state":"TX","stateName":"Texas","scale":0,"scaleLabel":"F0","lengthMiles":0.3,"deaths":0,"injuries":0}},{"type":"Feature","geometry":{"type":"Point","coordinates":[-97.36667,30.56667]},"properties":{"id":"ncei-2001-5273244","year":2001,"month":11,"state":"TX","stateName":"Texas","scale":0,"scaleLabel":"F0","lengthMiles":3.5,"deaths":0,"injuries":0}},{"type":"Feature","geometry":{"type":"Point","coordinates":[-97.7,30.23333]},"properties":{"id":"ncei-2001-5273245","year":2001,"month":11,"state":"TX","stateName":"Texas","scale":1,"scaleLabel":"F1","lengthMiles":3,"deaths":0,"injuries":0}},{"type":"Feature","geometry":{"type":"Point","coordinates":[-97.68333,30.21667]},"properties":{"id":"ncei-2001-5273247","year":2001,"month":11,"state":"TX","stateName":"Texas","scale":0,"scaleLabel":"F0","lengthMiles":4.5,"deaths":0,"injuries":0}},{"type":"Feature","geometry":{"type":"Point","coordinates":[-98.11667,28.33333]},"properties":{"id":"ncei-2001-5273252","year":2001,"month":11,"state":"TX","stateName":"Texas","scale":1,"scaleLabel":"F1","lengthMiles":0.6,"deaths":0,"injuries":0}},{"type":"Feature","geometry":{"type":"Point","coordinates":[-97.9,28.55]},"properties":{"id":"ncei-2001-5273253","year":2001,"month":11,"state":"TX","stateName":"Texas","scale":1,"scaleLabel":"F1","lengthMiles":0.5,"deaths":0,"injuries":0}},{"type":"Feature","geometry":{"type":"Point","coordinates":[-97.38333,28.66667]},"properties":{"id":"ncei-2001-5273254","year":2001,"month":11,"state":"TX","stateName":"Texas","scale":1,"scaleLabel":"F1","lengthMiles":0.6,"deaths":0,"injuries":0}},{"type":"Feature","geometry":{"type":"Point","coordinates":[-97.38333,28.66667]},"properties":{"id":"ncei-2001-5273255","year":2001,"month":11,"state":"TX","stateName":"Texas","scale":0,"scaleLabel":"F0","lengthMiles":0.3,"deaths":0,"injuries":0}},{"type":"Feature","geometry":{"type":"Point","coordinates":[-85.7,33.36667]},"properties":{"id":"ncei-2001-5273318","year":2001,"month":11,"state":"AL","stateName":"Alabama","scale":1,"scaleLabel":"F1","lengthMiles":5.9,"deaths":0,"injuries":0}},{"type":"Feature","geometry":{"type":"Point","coordinates":[-85.61667,33.41667]},"properties":{"id":"ncei-2001-5273319","year":2001,"month":11,"state":"AL","stateName":"Alabama","scale":1,"scaleLabel":"F1","lengthMiles":0.2,"deaths":0,"injuries":0}},{"type":"Feature","geometry":{"type":"Point","coordinates":[-87.05,34.55]},"properties":{"id":"ncei-2001-5273320","year":2001,"month":11,"state":"AL","stateName":"Alabama","scale":2,"scaleLabel":"F2","lengthMiles":3.1,"deaths":0,"injuries":2}},{"type":"Feature","geometry":{"type":"Point","coordinates":[-87.1,34.6]},"properties":{"id":"ncei-2001-5273321","year":2001,"month":11,"state":"AL","stateName":"Alabama","scale":2,"scaleLabel":"F2","lengthMiles":1.8,"deaths":0,"injuries":0}},{"type":"Feature","geometry":{"type":"Point","coordinates":[-85.88333,33.73333]},"properties":{"id":"ncei-2001-5273322","year":2001,"month":11,"state":"AL","stateName":"Alabama","scale":1,"scaleLabel":"F1","lengthMiles":7.7,"deaths":0,"injuries":5}},{"type":"Feature","geometry":{"type":"Point","coordinates":[-87.68333,32.6]},"properties":{"id":"ncei-2001-5273323","year":2001,"month":11,"state":"AL","stateName":"Alabama","scale":0,"scaleLabel":"F0","lengthMiles":2.9,"deaths":0,"injuries":0}},{"type":"Feature","geometry":{"type":"Point","coordinates":[-97.58333,30.46667]},"properties":{"id":"ncei-2001-5273331","year":2001,"month":11,"state":"TX","stateName":"Texas","scale":0,"scaleLabel":"F0","lengthMiles":0.3,"deaths":0,"injuries":0}},{"type":"Feature","geometry":{"type":"Point","coordinates":[-98.08333,29.7]},"properties":{"id":"ncei-2001-5273332","year":2001,"month":11,"state":"TX","stateName":"Texas","scale":0,"scaleLabel":"F0","lengthMiles":0.6,"deaths":0,"injuries":0}},{"type":"Feature","geometry":{"type":"Point","coordinates":[-98.08333,29.7]},"properties":{"id":"ncei-2001-5273333","year":2001,"month":11,"state":"TX","stateName":"Texas","scale":0,"scaleLabel":"F0","lengthMiles":0.5,"deaths":0,"injuries":0}},{"type":"Feature","geometry":{"type":"Point","coordinates":[-85.91667,34.38333]},"properties":{"id":"ncei-2001-5273365","year":2001,"month":11,"state":"AL","stateName":"Alabama","scale":2,"scaleLabel":"F2","lengthMiles":7.1,"deaths":0,"injuries":0}},{"type":"Feature","geometry":{"type":"Point","coordinates":[-86.15,33.26667]},"properties":{"id":"ncei-2001-5273366","year":2001,"month":11,"state":"AL","stateName":"Alabama","scale":2,"scaleLabel":"F2","lengthMiles":9.1,"deaths":0,"injuries":0}},{"type":"Feature","geometry":{"type":"Point","coordinates":[-86.88333,34.1]},"properties":{"id":"ncei-2001-5273367","year":2001,"month":11,"state":"AL","stateName":"Alabama","scale":0,"scaleLabel":"F0","lengthMiles":0.2,"deaths":0,"injuries":0}},{"type":"Feature","geometry":{"type":"Point","coordinates":[-87.6,33]},"properties":{"id":"ncei-2001-5273368","year":2001,"month":11,"state":"AL","stateName":"Alabama","scale":0,"scaleLabel":"F0","lengthMiles":0.2,"deaths":0,"injuries":0}},{"type":"Feature","geometry":{"type":"Point","coordinates":[-86.43333,33.91667]},"properties":{"id":"ncei-2001-5273369","year":2001,"month":11,"state":"AL","stateName":"Alabama","scale":4,"scaleLabel":"F4","lengthMiles":8.3,"deaths":0,"injuries":22}},{"type":"Feature","geometry":{"type":"Point","coordinates":[-86.33333,34.01667]},"properties":{"id":"ncei-2001-5273370","year":2001,"month":11,"state":"AL","stateName":"Alabama","scale":4,"scaleLabel":"F4","lengthMiles":1.8,"deaths":0,"injuries":0}},{"type":"Feature","geometry":{"type":"Point","coordinates":[-92.9,34.01667]},"properties":{"id":"ncei-2001-5273725","year":2001,"month":11,"state":"AR","stateName":"Arkansas","scale":1,"scaleLabel":"F1","lengthMiles":1.4,"deaths":0,"injuries":0}},{"type":"Feature","geometry":{"type":"Point","coordinates":[-93.81667,35.4]},"properties":{"id":"ncei-2001-5273726","year":2001,"month":11,"state":"AR","stateName":"Arkansas","scale":1,"scaleLabel":"F1","lengthMiles":1,"deaths":0,"injuries":0}},{"type":"Feature","geometry":{"type":"Point","coordinates":[-121.78333,36.96667]},"properties":{"id":"ncei-2001-5273773","year":2001,"month":12,"state":"CA","stateName":"California","scale":1,"scaleLabel":"F1","lengthMiles":0.5,"deaths":0,"injuries":0}},{"type":"Feature","geometry":{"type":"Point","coordinates":[-93.71667,35.51667]},"properties":{"id":"ncei-2001-5273824","year":2001,"month":11,"state":"AR","stateName":"Arkansas","scale":2,"scaleLabel":"F2","lengthMiles":22.7,"deaths":1,"injuries":4}},{"type":"Feature","geometry":{"type":"Point","coordinates":[-93.41667,35.71667]},"properties":{"id":"ncei-2001-5273826","year":2001,"month":11,"state":"AR","stateName":"Arkansas","scale":2,"scaleLabel":"F2","lengthMiles":1.8,"deaths":0,"injuries":0}},{"type":"Feature","geometry":{"type":"Point","coordinates":[-93.35,35.8]},"properties":{"id":"ncei-2001-5273827","year":2001,"month":11,"state":"AR","stateName":"Arkansas","scale":2,"scaleLabel":"F2","lengthMiles":18.5,"deaths":0,"injuries":0}},{"type":"Feature","geometry":{"type":"Point","coordinates":[-93.7,35.5]},"properties":{"id":"ncei-2001-5273923","year":2001,"month":11,"state":"AR","stateName":"Arkansas","scale":1,"scaleLabel":"F1","lengthMiles":5.8,"deaths":0,"injuries":0}},{"type":"Feature","geometry":{"type":"Point","coordinates":[-92.93333,36.13333]},"properties":{"id":"ncei-2001-5273924","year":2001,"month":11,"state":"AR","stateName":"Arkansas","scale":1,"scaleLabel":"F1","lengthMiles":5,"deaths":0,"injuries":0}},{"type":"Feature","geometry":{"type":"Point","coordinates":[-92.9,36.2]},"properties":{"id":"ncei-2001-5273925","year":2001,"month":11,"state":"AR","stateName":"Arkansas","scale":1,"scaleLabel":"F1","lengthMiles":3,"deaths":0,"injuries":0}},{"type":"Feature","geometry":{"type":"Point","coordinates":[-91.88333,35.18333]},"properties":{"id":"ncei-2001-5273926","year":2001,"month":11,"state":"AR","stateName":"Arkansas","scale":2,"scaleLabel":"F2","lengthMiles":5.5,"deaths":0,"injuries":3}},{"type":"Feature","geometry":{"type":"Point","coordinates":[-92.21667,33.58333]},"properties":{"id":"ncei-2001-5273927","year":2001,"month":11,"state":"AR","stateName":"Arkansas","scale":2,"scaleLabel":"F2","lengthMiles":10.5,"deaths":0,"injuries":0}},{"type":"Feature","geometry":{"type":"Point","coordinates":[-117.86667,34.01667]},"properties":{"id":"ncei-2001-5273933","year":2001,"month":12,"state":"CA","stateName":"California","scale":0,"scaleLabel":"F0","lengthMiles":0.1,"deaths":0,"injuries":0}},{"type":"Feature","geometry":{"type":"Point","coordinates":[-91.23333,32.15]},"properties":{"id":"ncei-2001-5273937","year":2001,"month":12,"state":"LA","stateName":"Louisiana","scale":0,"scaleLabel":"F0","lengthMiles":0.2,"deaths":0,"injuries":0}},{"type":"Feature","geometry":{"type":"Point","coordinates":[-92.11667,33.7]},"properties":{"id":"ncei-2001-5274021","year":2001,"month":11,"state":"AR","stateName":"Arkansas","scale":2,"scaleLabel":"F2","lengthMiles":9.3,"deaths":0,"injuries":0}},{"type":"Feature","geometry":{"type":"Point","coordinates":[-91.95,33.85]},"properties":{"id":"ncei-2001-5274022","year":2001,"month":11,"state":"AR","stateName":"Arkansas","scale":2,"scaleLabel":"F2","lengthMiles":10.5,"deaths":0,"injuries":0}},{"type":"Feature","geometry":{"type":"Point","coordinates":[-90.45,34.15]},"properties":{"id":"ncei-2001-5274077","year":2001,"month":11,"state":"MS","stateName":"Mississippi","scale":2,"scaleLabel":"F2","lengthMiles":27,"deaths":2,"injuries":16}},{"type":"Feature","geometry":{"type":"Point","coordinates":[-90.2,34.45]},"properties":{"id":"ncei-2001-5274078","year":2001,"month":11,"state":"MS","stateName":"Mississippi","scale":2,"scaleLabel":"F2","lengthMiles":7.5,"deaths":1,"injuries":12}},{"type":"Feature","geometry":{"type":"Point","coordinates":[-90.18333,34.53333]},"properties":{"id":"ncei-2001-5274080","year":2001,"month":11,"state":"MS","stateName":"Mississippi","scale":2,"scaleLabel":"F2","lengthMiles":9,"deaths":0,"injuries":5}},{"type":"Feature","geometry":{"type":"Point","coordinates":[-90.28333,32.5]},"properties":{"id":"ncei-2001-5274290","year":2001,"month":12,"state":"MS","stateName":"Mississippi","scale":0,"scaleLabel":"F0","lengthMiles":0.2,"deaths":0,"injuries":0}},{"type":"Feature","geometry":{"type":"Point","coordinates":[-90.1,32.46667]},"properties":{"id":"ncei-2001-5274291","year":2001,"month":12,"state":"MS","stateName":"Mississippi","scale":0,"scaleLabel":"F0","lengthMiles":0.2,"deaths":0,"injuries":0}},{"type":"Feature","geometry":{"type":"Point","coordinates":[-89.86667,32.48333]},"properties":{"id":"ncei-2001-5274294","year":2001,"month":12,"state":"MS","stateName":"Mississippi","scale":0,"scaleLabel":"F0","lengthMiles":0.1,"deaths":0,"injuries":0}},{"type":"Feature","geometry":{"type":"Point","coordinates":[-85.95,32.61667]},"properties":{"id":"ncei-2001-5274314","year":2001,"month":12,"state":"AL","stateName":"Alabama","scale":0,"scaleLabel":"F0","lengthMiles":0.1,"deaths":0,"injuries":0}},{"type":"Feature","geometry":{"type":"Point","coordinates":[-89.16667,32.31667]},"properties":{"id":"ncei-2001-5274396","year":2001,"month":12,"state":"MS","stateName":"Mississippi","scale":0,"scaleLabel":"F0","lengthMiles":0.2,"deaths":0,"injuries":0}},{"type":"Feature","geometry":{"type":"Point","coordinates":[-93.9,35.31667]},"properties":{"id":"ncei-2001-5274602","year":2001,"month":11,"state":"AR","stateName":"Arkansas","scale":1,"scaleLabel":"F1","lengthMiles":5,"deaths":0,"injuries":0}},{"type":"Feature","geometry":{"type":"Point","coordinates":[-93.78333,35.45]},"properties":{"id":"ncei-2001-5274603","year":2001,"month":11,"state":"AR","stateName":"Arkansas","scale":1,"scaleLabel":"F1","lengthMiles":7,"deaths":0,"injuries":0}},{"type":"Feature","geometry":{"type":"Point","coordinates":[-93.73333,35.46667]},"properties":{"id":"ncei-2001-5274604","year":2001,"month":11,"state":"AR","stateName":"Arkansas","scale":0,"scaleLabel":"F0","lengthMiles":3,"deaths":0,"injuries":0}},{"type":"Feature","geometry":{"type":"Point","coordinates":[-93.83333,35.38333]},"properties":{"id":"ncei-2001-5274605","year":2001,"month":11,"state":"AR","stateName":"Arkansas","scale":0,"scaleLabel":"F0","lengthMiles":2,"deaths":0,"injuries":0}},{"type":"Feature","geometry":{"type":"Point","coordinates":[-94.88333,30.05]},"properties":{"id":"ncei-2001-5274723","year":2001,"month":11,"state":"TX","stateName":"Texas","scale":0,"scaleLabel":"F0","lengthMiles":0.2,"deaths":0,"injuries":0}},{"type":"Feature","geometry":{"type":"Point","coordinates":[-94.78333,32.61667]},"properties":{"id":"ncei-2001-5274997","year":2001,"month":12,"state":"TX","stateName":"Texas","scale":0,"scaleLabel":"F0","lengthMiles":1.4,"deaths":0,"injuries":0}},{"type":"Feature","geometry":{"type":"Point","coordinates":[-92.61667,31.93333]},"properties":{"id":"ncei-2001-5275101","year":2001,"month":12,"state":"LA","stateName":"Louisiana","scale":1,"scaleLabel":"F1","lengthMiles":8.5,"deaths":0,"injuries":0}},{"type":"Feature","geometry":{"type":"Point","coordinates":[-111.43333,39.63333]},"properties":{"id":"ncei-2001-5275277","year":2001,"month":8,"state":"UT","stateName":"Utah","scale":0,"scaleLabel":"F0","lengthMiles":2,"deaths":0,"injuries":0}},{"type":"Feature","geometry":{"type":"Point","coordinates":[-111.75,40.75]},"properties":{"id":"ncei-2001-5275350","year":2001,"month":8,"state":"UT","stateName":"Utah","scale":0,"scaleLabel":"F0","lengthMiles":0.1,"deaths":0,"injuries":0}},{"type":"Feature","geometry":{"type":"Point","coordinates":[-113.01667,38.4]},"properties":{"id":"ncei-2001-5275423","year":2001,"month":9,"state":"UT","stateName":"Utah","scale":0,"scaleLabel":"F0","lengthMiles":5,"deaths":0,"injuries":0}},{"type":"Feature","geometry":{"type":"Point","coordinates":[-88.93333,31.26667]},"properties":{"id":"ncei-2001-5275547","year":2001,"month":12,"state":"MS","stateName":"Mississippi","scale":0,"scaleLabel":"F0","lengthMiles":0.1,"deaths":0,"injuries":0}},{"type":"Feature","geometry":{"type":"Point","coordinates":[-92.81667,34.63333]},"properties":{"id":"ncei-2001-5275561","year":2001,"month":12,"state":"AR","stateName":"Arkansas","scale":0,"scaleLabel":"F0","lengthMiles":0.3,"deaths":0,"injuries":0}},{"type":"Feature","geometry":{"type":"Point","coordinates":[-92.51667,34.75]},"properties":{"id":"ncei-2001-5275562","year":2001,"month":12,"state":"AR","stateName":"Arkansas","scale":0,"scaleLabel":"F0","lengthMiles":5,"deaths":0,"injuries":0}},{"type":"Feature","geometry":{"type":"Point","coordinates":[-92.1,34.98333]},"properties":{"id":"ncei-2001-5275563","year":2001,"month":12,"state":"AR","stateName":"Arkansas","scale":0,"scaleLabel":"F0","lengthMiles":2,"deaths":0,"injuries":0}},{"type":"Feature","geometry":{"type":"Point","coordinates":[-92.08333,34.98333]},"properties":{"id":"ncei-2001-5275564","year":2001,"month":12,"state":"AR","stateName":"Arkansas","scale":0,"scaleLabel":"F0","lengthMiles":5,"deaths":0,"injuries":0}},{"type":"Feature","geometry":{"type":"Point","coordinates":[-91.9,35.11667]},"properties":{"id":"ncei-2001-5275565","year":2001,"month":12,"state":"AR","stateName":"Arkansas","scale":0,"scaleLabel":"F0","lengthMiles":6,"deaths":0,"injuries":0}},{"type":"Feature","geometry":{"type":"Point","coordinates":[-110.81667,39.6]},"properties":{"id":"ncei-2001-5275571","year":2001,"month":7,"state":"UT","stateName":"Utah","scale":0,"scaleLabel":"F0","lengthMiles":0.5,"deaths":0,"injuries":0}},{"type":"Feature","geometry":{"type":"Point","coordinates":[-95.65,29]},"properties":{"id":"ncei-2001-5275817","year":2001,"month":12,"state":"TX","stateName":"Texas","scale":1,"scaleLabel":"F1","lengthMiles":1.5,"deaths":0,"injuries":0}},{"type":"Feature","geometry":{"type":"Point","coordinates":[-95.58333,29.05]},"properties":{"id":"ncei-2001-5275865","year":2001,"month":12,"state":"TX","stateName":"Texas","scale":0,"scaleLabel":"F0","lengthMiles":1,"deaths":0,"injuries":0}},{"type":"Feature","geometry":{"type":"Point","coordinates":[-95.21667,30.76667]},"properties":{"id":"ncei-2001-5275866","year":2001,"month":12,"state":"TX","stateName":"Texas","scale":2,"scaleLabel":"F2","lengthMiles":3,"deaths":0,"injuries":2}},{"type":"Feature","geometry":{"type":"Point","coordinates":[-95.48333,30.41667]},"properties":{"id":"ncei-2001-5275867","year":2001,"month":12,"state":"TX","stateName":"Texas","scale":0,"scaleLabel":"F0","lengthMiles":0.1,"deaths":0,"injuries":0}},{"type":"Feature","geometry":{"type":"Point","coordinates":[-89.83333,34.85]},"properties":{"id":"ncei-2001-5275985","year":2001,"month":11,"state":"MS","stateName":"Mississippi","scale":2,"scaleLabel":"F2","lengthMiles":6,"deaths":0,"injuries":9}},{"type":"Feature","geometry":{"type":"Point","coordinates":[-90.6,33.98333]},"properties":{"id":"ncei-2001-5275998","year":2001,"month":11,"state":"MS","stateName":"Mississippi","scale":1,"scaleLabel":"F1","lengthMiles":4,"deaths":0,"injuries":0}},{"type":"Feature","geometry":{"type":"Point","coordinates":[-89,35.26667]},"properties":{"id":"ncei-2001-5276088","year":2001,"month":11,"state":"TN","stateName":"Tennessee","scale":3,"scaleLabel":"F3","lengthMiles":5,"deaths":2,"injuries":12}},{"type":"Feature","geometry":{"type":"Point","coordinates":[-93.36667,30.85]},"properties":{"id":"ncei-2001-5276178","year":2001,"month":12,"state":"LA","stateName":"Louisiana","scale":1,"scaleLabel":"F1","lengthMiles":2,"deaths":0,"injuries":0}},{"type":"Feature","geometry":{"type":"Point","coordinates":[-93.3,30.9]},"properties":{"id":"ncei-2001-5276179","year":2001,"month":12,"state":"LA","stateName":"Louisiana","scale":1,"scaleLabel":"F1","lengthMiles":2,"deaths":0,"injuries":0}},{"type":"Feature","geometry":{"type":"Point","coordinates":[-90.71667,29.6]},"properties":{"id":"ncei-2001-5276257","year":2001,"month":12,"state":"LA","stateName":"Louisiana","scale":1,"scaleLabel":"F1","lengthMiles":0.2,"deaths":0,"injuries":0}},{"type":"Feature","geometry":{"type":"Point","coordinates":[-90.15,29.98333]},"properties":{"id":"ncei-2001-5276258","year":2001,"month":12,"state":"LA","stateName":"Louisiana","scale":0,"scaleLabel":"F0","lengthMiles":0.2,"deaths":0,"injuries":0}}]}
