{"type":"FeatureCollection","metadata":{"source":"NOAA/NCEI StormEvents details CSV","generatedAt":"2026-04-27T22:31:07.075Z","count":966,"year":1967},"features":[{"type":"Feature","geometry":{"type":"LineString","coordinates":[[-85.65,38.87],[-85.58,38.88]]},"properties":{"id":"ncei-1967-10004223","eventId":"10004223","episodeId":"","year":1967,"month":4,"date":"1967-04-21","beginTime":"1967-04-21T17:10:00","endTime":"1967-04-21T17:10:00","timezone":"CST","state":"IN","stateName":"Indiana","county":"Jennings","countyFips":"79","wfo":"","scale":2,"scaleLabel":"F2","lengthMiles":3.3,"widthYards":33,"deaths":0,"injuries":1,"propertyDamage":25000,"cropDamage":0,"source":"","dataSource":"PUB"}},{"type":"Feature","geometry":{"type":"LineString","coordinates":[[-85.58,38.88],[-85.52,38.9]]},"properties":{"id":"ncei-1967-10004224","eventId":"10004224","episodeId":"","year":1967,"month":4,"date":"1967-04-21","beginTime":"1967-04-21T17:20:00","endTime":"1967-04-21T17:20:00","timezone":"CST","state":"IN","stateName":"Indiana","county":"Jefferson","countyFips":"77","wfo":"","scale":2,"scaleLabel":"F2","lengthMiles":3,"widthYards":33,"deaths":0,"injuries":1,"propertyDamage":25000,"cropDamage":0,"source":"","dataSource":"PUB"}},{"type":"Feature","geometry":{"type":"LineString","coordinates":[[-86.75,40.75],[-86.75,40.75]]},"properties":{"id":"ncei-1967-10004225","eventId":"10004225","episodeId":"","year":1967,"month":4,"date":"1967-04-21","beginTime":"1967-04-21T20:27:00","endTime":"1967-04-21T20:27:00","timezone":"CST","state":"IN","stateName":"Indiana","county":"White","countyFips":"181","wfo":"","scale":0,"scaleLabel":"F0","lengthMiles":0,"widthYards":33,"deaths":0,"injuries":0,"propertyDamage":2500,"cropDamage":0,"source":"","dataSource":"PUB"}},{"type":"Feature","geometry":{"type":"LineString","coordinates":[[-84.95,39.9],[-84.95,39.9]]},"properties":{"id":"ncei-1967-10004228","eventId":"10004228","episodeId":"","year":1967,"month":5,"date":"1967-05-28","beginTime":"1967-05-28T14:30:00","endTime":"1967-05-28T14:30:00","timezone":"CST","state":"IN","stateName":"Indiana","county":"Wayne","countyFips":"177","wfo":"","scale":2,"scaleLabel":"F2","lengthMiles":0.5,"widthYards":33,"deaths":0,"injuries":0,"propertyDamage":25000,"cropDamage":0,"source":"","dataSource":"PUB"}},{"type":"Feature","geometry":{"type":"LineString","coordinates":[[-86.67,39.68],[-86.67,39.68]]},"properties":{"id":"ncei-1967-10004229","eventId":"10004229","episodeId":"","year":1967,"month":5,"date":"1967-05-28","beginTime":"1967-05-28T18:49:00","endTime":"1967-05-28T18:49:00","timezone":"CST","state":"IN","stateName":"Indiana","county":"Hendricks","countyFips":"63","wfo":"","scale":0,"scaleLabel":"F0","lengthMiles":0,"widthYards":33,"deaths":0,"injuries":0,"propertyDamage":0,"cropDamage":0,"source":"","dataSource":"PUB"}},{"type":"Feature","geometry":{"type":"LineString","coordinates":[[-85.5,41.32],[-85.5,41.32]]},"properties":{"id":"ncei-1967-10004231","eventId":"10004231","episodeId":"","year":1967,"month":6,"date":"1967-06-21","beginTime":"1967-06-21T13:45:00","endTime":"1967-06-21T13:45:00","timezone":"CST","state":"IN","stateName":"Indiana","county":"Whitley","countyFips":"183","wfo":"","scale":1,"scaleLabel":"F1","lengthMiles":2,"widthYards":30,"deaths":0,"injuries":0,"propertyDamage":25000,"cropDamage":0,"source":"","dataSource":"PUB"}},{"type":"Feature","geometry":{"type":"LineString","coordinates":[[-86.78,40.27],[-86.78,40.27]]},"properties":{"id":"ncei-1967-10004233","eventId":"10004233","episodeId":"","year":1967,"month":6,"date":"1967-06-24","beginTime":"1967-06-24T12:30:00","endTime":"1967-06-24T12:30:00","timezone":"CST","state":"IN","stateName":"Indiana","county":"Tippecanoe","countyFips":"157","wfo":"","scale":2,"scaleLabel":"F2","lengthMiles":0,"widthYards":50,"deaths":0,"injuries":0,"propertyDamage":2500,"cropDamage":0,"source":"","dataSource":"PUB"}},{"type":"Feature","geometry":{"type":"LineString","coordinates":[[-85.48,40.88],[-85.48,40.88]]},"properties":{"id":"ncei-1967-10004234","eventId":"10004234","episodeId":"","year":1967,"month":7,"date":"1967-07-01","beginTime":"1967-07-01T22:55:00","endTime":"1967-07-01T22:55:00","timezone":"CST","state":"IN","stateName":"Indiana","county":"Huntington","countyFips":"69","wfo":"","scale":2,"scaleLabel":"F2","lengthMiles":0.5,"widthYards":300,"deaths":0,"injuries":2,"propertyDamage":25000,"cropDamage":0,"source":"","dataSource":"PUB"}},{"type":"Feature","geometry":{"type":"LineString","coordinates":[[-85.75,39.78],[-85.75,39.78]]},"properties":{"id":"ncei-1967-10004242","eventId":"10004242","episodeId":"","year":1967,"month":7,"date":"1967-07-23","beginTime":"1967-07-23T13:10:00","endTime":"1967-07-23T13:10:00","timezone":"CST","state":"IN","stateName":"Indiana","county":"Hancock","countyFips":"59","wfo":"","scale":0,"scaleLabel":"F0","lengthMiles":0,"widthYards":33,"deaths":0,"injuries":0,"propertyDamage":0,"cropDamage":0,"source":"","dataSource":"PUB"}},{"type":"Feature","geometry":{"type":"LineString","coordinates":[[-87.05,41.2],[-87.05,41.2]]},"properties":{"id":"ncei-1967-10004246","eventId":"10004246","episodeId":"","year":1967,"month":9,"date":"1967-09-26","beginTime":"1967-09-26T20:10:00","endTime":"1967-09-26T20:10:00","timezone":"CST","state":"IN","stateName":"Indiana","county":"Jasper","countyFips":"73","wfo":"","scale":2,"scaleLabel":"F2","lengthMiles":0.5,"widthYards":33,"deaths":0,"injuries":1,"propertyDamage":25000,"cropDamage":0,"source":"","dataSource":"PUB"}},{"type":"Feature","geometry":{"type":"LineString","coordinates":[[-87.45,39.58],[-87.45,39.58]]},"properties":{"id":"ncei-1967-10004247","eventId":"10004247","episodeId":"","year":1967,"month":10,"date":"1967-10-24","beginTime":"1967-10-24T15:00:00","endTime":"1967-10-24T15:00:00","timezone":"CST","state":"IN","stateName":"Indiana","county":"Vigo","countyFips":"167","wfo":"","scale":2,"scaleLabel":"F2","lengthMiles":0,"widthYards":33,"deaths":0,"injuries":1,"propertyDamage":2500,"cropDamage":0,"source":"","dataSource":"PUB"}},{"type":"Feature","geometry":{"type":"LineString","coordinates":[[-87.17,39.57],[-87.17,39.57]]},"properties":{"id":"ncei-1967-10004249","eventId":"10004249","episodeId":"","year":1967,"month":10,"date":"1967-10-24","beginTime":"1967-10-24T15:20:00","endTime":"1967-10-24T15:20:00","timezone":"CST","state":"IN","stateName":"Indiana","county":"Daviess","countyFips":"27","wfo":"","scale":1,"scaleLabel":"F1","lengthMiles":0,"widthYards":33,"deaths":0,"injuries":0,"propertyDamage":25000,"cropDamage":0,"source":"","dataSource":"PUB"}},{"type":"Feature","geometry":{"type":"LineString","coordinates":[[-86.8,38.48],[-86.8,38.48]]},"properties":{"id":"ncei-1967-10004250","eventId":"10004250","episodeId":"","year":1967,"month":10,"date":"1967-10-24","beginTime":"1967-10-24T15:45:00","endTime":"1967-10-24T15:45:00","timezone":"CST","state":"IN","stateName":"Indiana","county":"Dubois","countyFips":"37","wfo":"","scale":3,"scaleLabel":"F3","lengthMiles":0,"widthYards":33,"deaths":0,"injuries":1,"propertyDamage":25000,"cropDamage":0,"source":"","dataSource":"PUB"}},{"type":"Feature","geometry":{"type":"LineString","coordinates":[[-87.22,41.55],[-87.22,41.55]]},"properties":{"id":"ncei-1967-10004251","eventId":"10004251","episodeId":"","year":1967,"month":10,"date":"1967-10-24","beginTime":"1967-10-24T15:53:00","endTime":"1967-10-24T15:53:00","timezone":"CST","state":"IN","stateName":"Indiana","county":"Porter","countyFips":"127","wfo":"","scale":3,"scaleLabel":"F3","lengthMiles":0,"widthYards":33,"deaths":0,"injuries":0,"propertyDamage":25000,"cropDamage":0,"source":"","dataSource":"PUB"}},{"type":"Feature","geometry":{"type":"LineString","coordinates":[[-87.42,39.47],[-87.42,39.47]]},"properties":{"id":"ncei-1967-10004252","eventId":"10004252","episodeId":"","year":1967,"month":10,"date":"1967-10-24","beginTime":"1967-10-24T15:57:00","endTime":"1967-10-24T15:57:00","timezone":"CST","state":"IN","stateName":"Indiana","county":"Vigo","countyFips":"167","wfo":"","scale":2,"scaleLabel":"F2","lengthMiles":0,"widthYards":33,"deaths":0,"injuries":0,"propertyDamage":2500,"cropDamage":0,"source":"","dataSource":"PUB"}},{"type":"Feature","geometry":{"type":"LineString","coordinates":[[-86.02,41.58],[-86.02,41.58]]},"properties":{"id":"ncei-1967-10004256","eventId":"10004256","episodeId":"","year":1967,"month":10,"date":"1967-10-24","beginTime":"1967-10-24T17:10:00","endTime":"1967-10-24T17:10:00","timezone":"CST","state":"IN","stateName":"Indiana","county":"Elkhart","countyFips":"39","wfo":"","scale":2,"scaleLabel":"F2","lengthMiles":0,"widthYards":33,"deaths":0,"injuries":0,"propertyDamage":2500,"cropDamage":0,"source":"","dataSource":"PUB"}},{"type":"Feature","geometry":{"type":"LineString","coordinates":[[-85.78,41.5],[-85.78,41.5]]},"properties":{"id":"ncei-1967-10004257","eventId":"10004257","episodeId":"","year":1967,"month":10,"date":"1967-10-24","beginTime":"1967-10-24T17:30:00","endTime":"1967-10-24T17:30:00","timezone":"CST","state":"IN","stateName":"Indiana","county":"Elkhart","countyFips":"39","wfo":"","scale":1,"scaleLabel":"F1","lengthMiles":0,"widthYards":33,"deaths":0,"injuries":0,"propertyDamage":25000,"cropDamage":0,"source":"","dataSource":"PUB"}},{"type":"Feature","geometry":{"type":"LineString","coordinates":[[-86.23,41.48],[-86.23,41.48]]},"properties":{"id":"ncei-1967-10004258","eventId":"10004258","episodeId":"","year":1967,"month":10,"date":"1967-10-24","beginTime":"1967-10-24T17:40:00","endTime":"1967-10-24T17:40:00","timezone":"CST","state":"IN","stateName":"Indiana","county":"St. Joseph","countyFips":"141","wfo":"","scale":1,"scaleLabel":"F1","lengthMiles":0,"widthYards":100,"deaths":0,"injuries":0,"propertyDamage":2500,"cropDamage":0,"source":"","dataSource":"PUB"}},{"type":"Feature","geometry":{"type":"LineString","coordinates":[[-85.67,41.43],[-85.67,41.43]]},"properties":{"id":"ncei-1967-10004259","eventId":"10004259","episodeId":"","year":1967,"month":10,"date":"1967-10-24","beginTime":"1967-10-24T17:40:00","endTime":"1967-10-24T17:40:00","timezone":"CST","state":"IN","stateName":"Indiana","county":"Kosciusko","countyFips":"85","wfo":"","scale":2,"scaleLabel":"F2","lengthMiles":0,"widthYards":33,"deaths":0,"injuries":5,"propertyDamage":250000,"cropDamage":0,"source":"","dataSource":"PUB"}},{"type":"Feature","geometry":{"type":"LineString","coordinates":[[-86.72,39.7],[-86.72,39.7]]},"properties":{"id":"ncei-1967-10004261","eventId":"10004261","episodeId":"","year":1967,"month":12,"date":"1967-12-11","beginTime":"1967-12-11T13:00:00","endTime":"1967-12-11T13:00:00","timezone":"CST","state":"IN","stateName":"Indiana","county":"Putnam","countyFips":"133","wfo":"","scale":-1,"scaleLabel":"Unknown","lengthMiles":0,"widthYards":33,"deaths":0,"injuries":1,"propertyDamage":2500,"cropDamage":0,"source":"","dataSource":"PUB"}},{"type":"Feature","geometry":{"type":"LineString","coordinates":[[-86.22,38.43],[-86.22,38.43]]},"properties":{"id":"ncei-1967-10004262","eventId":"10004262","episodeId":"","year":1967,"month":12,"date":"1967-12-11","beginTime":"1967-12-11T13:30:00","endTime":"1967-12-11T13:30:00","timezone":"CST","state":"IN","stateName":"Indiana","county":"Washington","countyFips":"175","wfo":"","scale":1,"scaleLabel":"F1","lengthMiles":1,"widthYards":33,"deaths":0,"injuries":0,"propertyDamage":25000,"cropDamage":0,"source":"","dataSource":"PUB"}},{"type":"Feature","geometry":{"type":"LineString","coordinates":[[-87.7,37.97],[-87.7,37.97]]},"properties":{"id":"ncei-1967-10004263","eventId":"10004263","episodeId":"","year":1967,"month":12,"date":"1967-12-11","beginTime":"1967-12-11T13:40:00","endTime":"1967-12-11T13:40:00","timezone":"CST","state":"IN","stateName":"Indiana","county":"Vanderburgh","countyFips":"163","wfo":"","scale":1,"scaleLabel":"F1","lengthMiles":0,"widthYards":33,"deaths":0,"injuries":0,"propertyDamage":25000,"cropDamage":0,"source":"","dataSource":"PUB"}},{"type":"Feature","geometry":{"type":"LineString","coordinates":[[-87.15,38.57],[-87.15,38.57]]},"properties":{"id":"ncei-1967-10004266","eventId":"10004266","episodeId":"","year":1967,"month":12,"date":"1967-12-11","beginTime":"1967-12-11T15:30:00","endTime":"1967-12-11T15:30:00","timezone":"CST","state":"IN","stateName":"Indiana","county":"Daviess","countyFips":"27","wfo":"","scale":1,"scaleLabel":"F1","lengthMiles":0,"widthYards":33,"deaths":0,"injuries":0,"propertyDamage":25000,"cropDamage":0,"source":"","dataSource":"PUB"}},{"type":"Feature","geometry":{"type":"LineString","coordinates":[[-87.52,38.52],[-87.52,38.52]]},"properties":{"id":"ncei-1967-10004267","eventId":"10004267","episodeId":"","year":1967,"month":12,"date":"1967-12-11","beginTime":"1967-12-11T15:45:00","endTime":"1967-12-11T15:45:00","timezone":"CST","state":"IN","stateName":"Indiana","county":"Knox","countyFips":"83","wfo":"","scale":2,"scaleLabel":"F2","lengthMiles":0,"widthYards":33,"deaths":0,"injuries":0,"propertyDamage":25000,"cropDamage":0,"source":"","dataSource":"PUB"}},{"type":"Feature","geometry":{"type":"LineString","coordinates":[[-86.17,39.42],[-86.17,39.42]]},"properties":{"id":"ncei-1967-10004268","eventId":"10004268","episodeId":"","year":1967,"month":12,"date":"1967-12-11","beginTime":"1967-12-11T17:48:00","endTime":"1967-12-11T17:48:00","timezone":"CST","state":"IN","stateName":"Indiana","county":"Johnson","countyFips":"81","wfo":"","scale":1,"scaleLabel":"F1","lengthMiles":0,"widthYards":33,"deaths":0,"injuries":0,"propertyDamage":250000,"cropDamage":0,"source":"","dataSource":"PUB"}},{"type":"Feature","geometry":{"type":"LineString","coordinates":[[-85.7,39.27],[-85.7,39.27]]},"properties":{"id":"ncei-1967-10004269","eventId":"10004269","episodeId":"","year":1967,"month":12,"date":"1967-12-11","beginTime":"1967-12-11T18:00:00","endTime":"1967-12-11T18:00:00","timezone":"CST","state":"IN","stateName":"Indiana","county":"Bartholomew","countyFips":"5","wfo":"","scale":2,"scaleLabel":"F2","lengthMiles":0,"widthYards":33,"deaths":0,"injuries":0,"propertyDamage":2500,"cropDamage":0,"source":"","dataSource":"PUB"}},{"type":"Feature","geometry":{"type":"LineString","coordinates":[[-85.4,40.55],[-85.4,40.55]]},"properties":{"id":"ncei-1967-10004271","eventId":"10004271","episodeId":"","year":1967,"month":12,"date":"1967-12-21","beginTime":"1967-12-21T14:15:00","endTime":"1967-12-21T14:15:00","timezone":"CST","state":"IN","stateName":"Indiana","county":"Blackford","countyFips":"9","wfo":"","scale":3,"scaleLabel":"F3","lengthMiles":0,"widthYards":33,"deaths":0,"injuries":0,"propertyDamage":25000,"cropDamage":0,"source":"","dataSource":"PUB"}},{"type":"Feature","geometry":{"type":"LineString","coordinates":[[-85.6,40.48],[-85.6,40.48]]},"properties":{"id":"ncei-1967-10004272","eventId":"10004272","episodeId":"","year":1967,"month":12,"date":"1967-12-21","beginTime":"1967-12-21T14:15:00","endTime":"1967-12-21T14:15:00","timezone":"CST","state":"IN","stateName":"Indiana","county":"Grant","countyFips":"53","wfo":"","scale":3,"scaleLabel":"F3","lengthMiles":0,"widthYards":33,"deaths":0,"injuries":1,"propertyDamage":250000,"cropDamage":0,"source":"","dataSource":"PUB"}},{"type":"Feature","geometry":{"type":"LineString","coordinates":[[-85.02,40.83],[-85.02,40.83]]},"properties":{"id":"ncei-1967-10004273","eventId":"10004273","episodeId":"","year":1967,"month":12,"date":"1967-12-21","beginTime":"1967-12-21T14:45:00","endTime":"1967-12-21T14:45:00","timezone":"CST","state":"IN","stateName":"Indiana","county":"Adams","countyFips":"1","wfo":"","scale":-1,"scaleLabel":"Unknown","lengthMiles":0,"widthYards":33,"deaths":0,"injuries":0,"propertyDamage":0,"cropDamage":0,"source":"","dataSource":"PUB"}},{"type":"Feature","geometry":{"type":"LineString","coordinates":[[-85.17,40.73],[-85.17,40.73]]},"properties":{"id":"ncei-1967-10004274","eventId":"10004274","episodeId":"","year":1967,"month":12,"date":"1967-12-21","beginTime":"1967-12-21T14:45:00","endTime":"1967-12-21T14:45:00","timezone":"CST","state":"IN","stateName":"Indiana","county":"Wells","countyFips":"179","wfo":"","scale":2,"scaleLabel":"F2","lengthMiles":0,"widthYards":33,"deaths":0,"injuries":2,"propertyDamage":25000,"cropDamage":0,"source":"","dataSource":"PUB"}},{"type":"Feature","geometry":{"type":"LineString","coordinates":[[-85.45,39.62],[-85.45,39.62]]},"properties":{"id":"ncei-1967-10005135","eventId":"10005135","episodeId":"","year":1967,"month":4,"date":"1967-04-21","beginTime":"1967-04-21T12:33:00","endTime":"1967-04-21T12:33:00","timezone":"UNK","state":"IN","stateName":"Indiana","county":"Rush","countyFips":"139","wfo":"","scale":1,"scaleLabel":"F1","lengthMiles":0,"widthYards":33,"deaths":0,"injuries":0,"propertyDamage":0,"cropDamage":0,"source":"","dataSource":"PUB"}},{"type":"Feature","geometry":{"type":"LineString","coordinates":[[-85.13,40.05],[-85.13,40.05]]},"properties":{"id":"ncei-1967-10006180","eventId":"10006180","episodeId":"","year":1967,"month":2,"date":"1967-02-15","beginTime":"1967-02-15T20:45:00","endTime":"1967-02-15T20:45:00","timezone":"CST","state":"IN","stateName":"Indiana","county":"Randolph","countyFips":"135","wfo":"","scale":2,"scaleLabel":"F2","lengthMiles":0.5,"widthYards":10,"deaths":0,"injuries":0,"propertyDamage":2500,"cropDamage":0,"source":"","dataSource":"PUB"}},{"type":"Feature","geometry":{"type":"LineString","coordinates":[[-90.93,40.85],[-90.85,40.92]]},"properties":{"id":"ncei-1967-10009966","eventId":"10009966","episodeId":"","year":1967,"month":1,"date":"1967-01-24","beginTime":"1967-01-24T16:40:00","endTime":"1967-01-24T16:40:00","timezone":"CST","state":"IL","stateName":"Illinois","county":"Henderson","countyFips":"71","wfo":"","scale":2,"scaleLabel":"F2","lengthMiles":5.7,"widthYards":77,"deaths":0,"injuries":0,"propertyDamage":25000,"cropDamage":0,"source":"","dataSource":"PUB"}},{"type":"Feature","geometry":{"type":"LineString","coordinates":[[-90.17,40.1],[-90.1,40.15]]},"properties":{"id":"ncei-1967-10009968","eventId":"10009968","episodeId":"","year":1967,"month":1,"date":"1967-01-24","beginTime":"1967-01-24T17:30:00","endTime":"1967-01-24T17:30:00","timezone":"CST","state":"IL","stateName":"Illinois","county":"Mason","countyFips":"125","wfo":"","scale":1,"scaleLabel":"F1","lengthMiles":4.5,"widthYards":30,"deaths":0,"injuries":1,"propertyDamage":0,"cropDamage":0,"source":"","dataSource":"PUB"}},{"type":"Feature","geometry":{"type":"LineString","coordinates":[[-90.03,42.05],[-89.93,42.13]]},"properties":{"id":"ncei-1967-10009969","eventId":"10009969","episodeId":"","year":1967,"month":1,"date":"1967-01-24","beginTime":"1967-01-24T17:30:00","endTime":"1967-01-24T17:30:00","timezone":"CST","state":"IL","stateName":"Illinois","county":"Carroll","countyFips":"15","wfo":"","scale":3,"scaleLabel":"F3","lengthMiles":7.4,"widthYards":77,"deaths":0,"injuries":12,"propertyDamage":250000,"cropDamage":0,"source":"","dataSource":"PUB"}},{"type":"Feature","geometry":{"type":"LineString","coordinates":[[-90.22,40.12],[-90.13,40.17]]},"properties":{"id":"ncei-1967-10009970","eventId":"10009970","episodeId":"","year":1967,"month":1,"date":"1967-01-24","beginTime":"1967-01-24T17:30:00","endTime":"1967-01-24T17:30:00","timezone":"CST","state":"IL","stateName":"Illinois","county":"Mason","countyFips":"125","wfo":"","scale":3,"scaleLabel":"F3","lengthMiles":5.1,"widthYards":80,"deaths":1,"injuries":3,"propertyDamage":25000,"cropDamage":0,"source":"","dataSource":"PUB"}},{"type":"Feature","geometry":{"type":"LineString","coordinates":[[-89.38,40.67],[-89.32,40.7]]},"properties":{"id":"ncei-1967-10009973","eventId":"10009973","episodeId":"","year":1967,"month":1,"date":"1967-01-24","beginTime":"1967-01-24T18:30:00","endTime":"1967-01-24T18:30:00","timezone":"CST","state":"IL","stateName":"Illinois","county":"Tazewell","countyFips":"179","wfo":"","scale":2,"scaleLabel":"F2","lengthMiles":3.3,"widthYards":77,"deaths":0,"injuries":0,"propertyDamage":2500,"cropDamage":0,"source":"","dataSource":"PUB"}},{"type":"Feature","geometry":{"type":"LineString","coordinates":[[-89.77,39.48],[-89.77,39.48]]},"properties":{"id":"ncei-1967-10009974","eventId":"10009974","episodeId":"","year":1967,"month":1,"date":"1967-01-24","beginTime":"1967-01-24T18:50:00","endTime":"1967-01-24T18:50:00","timezone":"CST","state":"IL","stateName":"Illinois","county":"Macoupin","countyFips":"117","wfo":"","scale":2,"scaleLabel":"F2","lengthMiles":2.5,"widthYards":100,"deaths":0,"injuries":0,"propertyDamage":250000,"cropDamage":0,"source":"","dataSource":"PUB"}},{"type":"Feature","geometry":{"type":"LineString","coordinates":[[-89.4,40.8],[-89.4,40.8]]},"properties":{"id":"ncei-1967-10009975","eventId":"10009975","episodeId":"","year":1967,"month":1,"date":"1967-01-24","beginTime":"1967-01-24T18:50:00","endTime":"1967-01-24T18:50:00","timezone":"CST","state":"IL","stateName":"Illinois","county":"Mclean","countyFips":"113","wfo":"","scale":2,"scaleLabel":"F2","lengthMiles":2.5,"widthYards":73,"deaths":0,"injuries":0,"propertyDamage":25000,"cropDamage":0,"source":"","dataSource":"PUB"}},{"type":"Feature","geometry":{"type":"LineString","coordinates":[[-88.32,40.08],[-88.13,40.15]]},"properties":{"id":"ncei-1967-10009978","eventId":"10009978","episodeId":"","year":1967,"month":1,"date":"1967-01-24","beginTime":"1967-01-24T20:40:00","endTime":"1967-01-24T20:40:00","timezone":"CST","state":"IL","stateName":"Illinois","county":"Champaign","countyFips":"19","wfo":"","scale":2,"scaleLabel":"F2","lengthMiles":10.4,"widthYards":50,"deaths":0,"injuries":5,"propertyDamage":25000,"cropDamage":0,"source":"","dataSource":"PUB"}},{"type":"Feature","geometry":{"type":"LineString","coordinates":[[-90.1,40.7],[-90.07,40.78]]},"properties":{"id":"ncei-1967-10009983","eventId":"10009983","episodeId":"","year":1967,"month":3,"date":"1967-03-31","beginTime":"1967-03-31T16:30:00","endTime":"1967-03-31T16:30:00","timezone":"CST","state":"IL","stateName":"Illinois","county":"Fulton","countyFips":"57","wfo":"","scale":1,"scaleLabel":"F1","lengthMiles":5.2,"widthYards":100,"deaths":0,"injuries":0,"propertyDamage":25000,"cropDamage":0,"source":"","dataSource":"PUB"}},{"type":"Feature","geometry":{"type":"LineString","coordinates":[[-90.1,41.6],[-90.1,41.6]]},"properties":{"id":"ncei-1967-10009994","eventId":"10009994","episodeId":"","year":1967,"month":4,"date":"1967-04-21","beginTime":"1967-04-21T15:30:00","endTime":"1967-04-21T15:30:00","timezone":"CST","state":"IL","stateName":"Illinois","county":"Whiteside","countyFips":"195","wfo":"","scale":1,"scaleLabel":"F1","lengthMiles":0.3,"widthYards":30,"deaths":0,"injuries":0,"propertyDamage":2500,"cropDamage":0,"source":"","dataSource":"PUB"}},{"type":"Feature","geometry":{"type":"LineString","coordinates":[[-90.4,41.43],[-89.92,41.48]]},"properties":{"id":"ncei-1967-10009996","eventId":"10009996","episodeId":"","year":1967,"month":4,"date":"1967-04-21","beginTime":"1967-04-21T15:35:00","endTime":"1967-04-21T15:35:00","timezone":"CST","state":"IL","stateName":"Illinois","county":"Henry","countyFips":"73","wfo":"","scale":2,"scaleLabel":"F2","lengthMiles":25.1,"widthYards":300,"deaths":0,"injuries":0,"propertyDamage":250000,"cropDamage":0,"source":"","dataSource":"PUB"}},{"type":"Feature","geometry":{"type":"LineString","coordinates":[[-89.97,41.53],[-89.87,41.53]]},"properties":{"id":"ncei-1967-10009997","eventId":"10009997","episodeId":"","year":1967,"month":4,"date":"1967-04-21","beginTime":"1967-04-21T15:50:00","endTime":"1967-04-21T15:50:00","timezone":"CST","state":"IL","stateName":"Illinois","county":"Henry","countyFips":"73","wfo":"","scale":2,"scaleLabel":"F2","lengthMiles":4.5,"widthYards":300,"deaths":0,"injuries":0,"propertyDamage":25000,"cropDamage":0,"source":"","dataSource":"PUB"}},{"type":"Feature","geometry":{"type":"LineString","coordinates":[[-88.92,42.22],[-88.7,42.28]]},"properties":{"id":"ncei-1967-10009998","eventId":"10009998","episodeId":"","year":1967,"month":4,"date":"1967-04-21","beginTime":"1967-04-21T15:50:00","endTime":"1967-04-21T15:50:00","timezone":"CST","state":"IL","stateName":"Illinois","county":"Boone","countyFips":"7","wfo":"","scale":4,"scaleLabel":"F4","lengthMiles":11.5,"widthYards":1200,"deaths":24,"injuries":410,"propertyDamage":250000,"cropDamage":0,"source":"","dataSource":"PUB"}},{"type":"Feature","geometry":{"type":"LineString","coordinates":[[-89.33,41.95],[-89.33,41.95]]},"properties":{"id":"ncei-1967-10009999","eventId":"10009999","episodeId":"","year":1967,"month":4,"date":"1967-04-21","beginTime":"1967-04-21T16:00:00","endTime":"1967-04-21T16:00:00","timezone":"CST","state":"IL","stateName":"Illinois","county":"Ogle","countyFips":"141","wfo":"","scale":1,"scaleLabel":"F1","lengthMiles":1,"widthYards":13,"deaths":0,"injuries":0,"propertyDamage":25000,"cropDamage":0,"source":"","dataSource":"PUB"}},{"type":"Feature","geometry":{"type":"LineString","coordinates":[[-89.48,41.62],[-89.37,41.63]]},"properties":{"id":"ncei-1967-10010000","eventId":"10010000","episodeId":"","year":1967,"month":4,"date":"1967-04-21","beginTime":"1967-04-21T16:02:00","endTime":"1967-04-21T16:02:00","timezone":"CST","state":"IL","stateName":"Illinois","county":"Lee","countyFips":"103","wfo":"","scale":2,"scaleLabel":"F2","lengthMiles":5.6,"widthYards":77,"deaths":0,"injuries":0,"propertyDamage":25000,"cropDamage":0,"source":"","dataSource":"PUB"}},{"type":"Feature","geometry":{"type":"LineString","coordinates":[[-88.7,42.28],[-88.43,42.35]]},"properties":{"id":"ncei-1967-10010001","eventId":"10010001","episodeId":"","year":1967,"month":4,"date":"1967-04-21","beginTime":"1967-04-21T16:05:00","endTime":"1967-04-21T16:05:00","timezone":"CST","state":"IL","stateName":"Illinois","county":"Mchenry","countyFips":"111","wfo":"","scale":4,"scaleLabel":"F4","lengthMiles":14,"widthYards":1200,"deaths":0,"injuries":40,"propertyDamage":25000000,"cropDamage":0,"source":"","dataSource":"PUB"}},{"type":"Feature","geometry":{"type":"LineString","coordinates":[[-89.28,41.7],[-89.17,41.7]]},"properties":{"id":"ncei-1967-10010002","eventId":"10010002","episodeId":"","year":1967,"month":4,"date":"1967-04-21","beginTime":"1967-04-21T16:15:00","endTime":"1967-04-21T16:15:00","timezone":"CST","state":"IL","stateName":"Illinois","county":"Lee","countyFips":"103","wfo":"","scale":1,"scaleLabel":"F1","lengthMiles":5.6,"widthYards":100,"deaths":0,"injuries":0,"propertyDamage":250000,"cropDamage":0,"source":"","dataSource":"PUB"}},{"type":"Feature","geometry":{"type":"LineString","coordinates":[[-89.5,41.5],[-89.5,41.5]]},"properties":{"id":"ncei-1967-10010004","eventId":"10010004","episodeId":"","year":1967,"month":4,"date":"1967-04-21","beginTime":"1967-04-21T16:30:00","endTime":"1967-04-21T16:30:00","timezone":"CST","state":"IL","stateName":"Illinois","county":"Bureau","countyFips":"11","wfo":"","scale":1,"scaleLabel":"F1","lengthMiles":0.5,"widthYards":150,"deaths":0,"injuries":0,"propertyDamage":25000,"cropDamage":0,"source":"","dataSource":"PUB"}},{"type":"Feature","geometry":{"type":"LineString","coordinates":[[-89.33,41.25],[-89.33,41.25]]},"properties":{"id":"ncei-1967-10010005","eventId":"10010005","episodeId":"","year":1967,"month":4,"date":"1967-04-21","beginTime":"1967-04-21T16:30:00","endTime":"1967-04-21T16:30:00","timezone":"CST","state":"IL","stateName":"Illinois","county":"Putnam","countyFips":"155","wfo":"","scale":2,"scaleLabel":"F2","lengthMiles":0.3,"widthYards":30,"deaths":0,"injuries":1,"propertyDamage":2500,"cropDamage":0,"source":"","dataSource":"PUB"}},{"type":"Feature","geometry":{"type":"LineString","coordinates":[[-88.7,41.9],[-88.7,41.9]]},"properties":{"id":"ncei-1967-10010006","eventId":"10010006","episodeId":"","year":1967,"month":4,"date":"1967-04-21","beginTime":"1967-04-21T16:40:00","endTime":"1967-04-21T16:40:00","timezone":"CST","state":"IL","stateName":"Illinois","county":"De Kalb","countyFips":"37","wfo":"","scale":1,"scaleLabel":"F1","lengthMiles":2,"widthYards":40,"deaths":0,"injuries":0,"propertyDamage":25000,"cropDamage":0,"source":"","dataSource":"PUB"}},{"type":"Feature","geometry":{"type":"LineString","coordinates":[[-88.27,42.15],[-88.2,42.2]]},"properties":{"id":"ncei-1967-10010008","eventId":"10010008","episodeId":"","year":1967,"month":4,"date":"1967-04-21","beginTime":"1967-04-21T17:00:00","endTime":"1967-04-21T17:00:00","timezone":"CST","state":"IL","stateName":"Illinois","county":"Mchenry","countyFips":"111","wfo":"","scale":4,"scaleLabel":"F4","lengthMiles":4.3,"widthYards":150,"deaths":0,"injuries":3,"propertyDamage":2500000,"cropDamage":0,"source":"","dataSource":"PUB"}},{"type":"Feature","geometry":{"type":"LineString","coordinates":[[-88.12,41.97],[-88.12,41.97]]},"properties":{"id":"ncei-1967-10010009","eventId":"10010009","episodeId":"","year":1967,"month":4,"date":"1967-04-21","beginTime":"1967-04-21T17:10:00","endTime":"1967-04-21T17:10:00","timezone":"CST","state":"IL","stateName":"Illinois","county":"Du Page","countyFips":"43","wfo":"","scale":1,"scaleLabel":"F1","lengthMiles":0.5,"widthYards":33,"deaths":0,"injuries":0,"propertyDamage":25000,"cropDamage":0,"source":"","dataSource":"PUB"}},{"type":"Feature","geometry":{"type":"LineString","coordinates":[[-88,41.92],[-87.87,41.95]]},"properties":{"id":"ncei-1967-10010010","eventId":"10010010","episodeId":"","year":1967,"month":4,"date":"1967-04-21","beginTime":"1967-04-21T17:10:00","endTime":"1967-04-21T17:10:00","timezone":"CST","state":"IL","stateName":"Illinois","county":"Du Page","countyFips":"43","wfo":"","scale":1,"scaleLabel":"F1","lengthMiles":6.8,"widthYards":20,"deaths":0,"injuries":0,"propertyDamage":250000,"cropDamage":0,"source":"","dataSource":"PUB"}},{"type":"Feature","geometry":{"type":"LineString","coordinates":[[-88.28,42],[-88.28,42]]},"properties":{"id":"ncei-1967-10010011","eventId":"10010011","episodeId":"","year":1967,"month":4,"date":"1967-04-21","beginTime":"1967-04-21T17:10:00","endTime":"1967-04-21T17:10:00","timezone":"CST","state":"IL","stateName":"Illinois","county":"Kane","countyFips":"89","wfo":"","scale":2,"scaleLabel":"F2","lengthMiles":0.3,"widthYards":33,"deaths":0,"injuries":0,"propertyDamage":250000,"cropDamage":0,"source":"","dataSource":"PUB"}},{"type":"Feature","geometry":{"type":"LineString","coordinates":[[-88.2,42.2],[-88.1,42.22]]},"properties":{"id":"ncei-1967-10010012","eventId":"10010012","episodeId":"","year":1967,"month":4,"date":"1967-04-21","beginTime":"1967-04-21T17:10:00","endTime":"1967-04-21T17:10:00","timezone":"CST","state":"IL","stateName":"Illinois","county":"Lake","countyFips":"97","wfo":"","scale":4,"scaleLabel":"F4","lengthMiles":4.5,"widthYards":150,"deaths":1,"injuries":97,"propertyDamage":2500000,"cropDamage":0,"source":"","dataSource":"PUB"}},{"type":"Feature","geometry":{"type":"LineString","coordinates":[[-87.83,41.67],[-87.55,41.73]]},"properties":{"id":"ncei-1967-10010014","eventId":"10010014","episodeId":"","year":1967,"month":4,"date":"1967-04-21","beginTime":"1967-04-21T17:24:00","endTime":"1967-04-21T17:24:00","timezone":"CST","state":"IL","stateName":"Illinois","county":"Cook","countyFips":"31","wfo":"","scale":4,"scaleLabel":"F4","lengthMiles":15,"widthYards":200,"deaths":33,"injuries":500,"propertyDamage":25000000,"cropDamage":0,"source":"","dataSource":"PUB"}},{"type":"Feature","geometry":{"type":"LineString","coordinates":[[-87.6,41.6],[-87.6,41.6]]},"properties":{"id":"ncei-1967-10010015","eventId":"10010015","episodeId":"","year":1967,"month":4,"date":"1967-04-21","beginTime":"1967-04-21T17:40:00","endTime":"1967-04-21T17:40:00","timezone":"CST","state":"IL","stateName":"Illinois","county":"Cook","countyFips":"31","wfo":"","scale":1,"scaleLabel":"F1","lengthMiles":0.3,"widthYards":10,"deaths":0,"injuries":0,"propertyDamage":25000,"cropDamage":0,"source":"","dataSource":"PUB"}},{"type":"Feature","geometry":{"type":"LineString","coordinates":[[-88.3,40.1],[-88.3,40.1]]},"properties":{"id":"ncei-1967-10010018","eventId":"10010018","episodeId":"","year":1967,"month":4,"date":"1967-04-21","beginTime":"1967-04-21T20:50:00","endTime":"1967-04-21T20:50:00","timezone":"CST","state":"IL","stateName":"Illinois","county":"Champaign","countyFips":"19","wfo":"","scale":1,"scaleLabel":"F1","lengthMiles":0,"widthYards":33,"deaths":0,"injuries":0,"propertyDamage":2500,"cropDamage":0,"source":"","dataSource":"PUB"}},{"type":"Feature","geometry":{"type":"LineString","coordinates":[[-90.43,40.93],[-90.38,40.92]]},"properties":{"id":"ncei-1967-10010020","eventId":"10010020","episodeId":"","year":1967,"month":5,"date":"1967-05-07","beginTime":"1967-05-07T18:15:00","endTime":"1967-05-07T18:15:00","timezone":"CST","state":"IL","stateName":"Illinois","county":"Knox","countyFips":"95","wfo":"","scale":1,"scaleLabel":"F1","lengthMiles":1.3,"widthYards":150,"deaths":0,"injuries":0,"propertyDamage":250000,"cropDamage":0,"source":"","dataSource":"PUB"}},{"type":"Feature","geometry":{"type":"LineString","coordinates":[[-156.5,20.83],[-156.5,20.83]]},"properties":{"id":"ncei-1967-10010626","eventId":"10010626","episodeId":"","year":1967,"month":4,"date":"1967-04-22","beginTime":"1967-04-22T13:50:00","endTime":"1967-04-22T13:50:00","timezone":"PST","state":"HI","stateName":"Hawaii","county":"Maui","countyFips":"9","wfo":"","scale":-1,"scaleLabel":"Unknown","lengthMiles":0,"widthYards":33,"deaths":0,"injuries":0,"propertyDamage":2500,"cropDamage":0,"source":"","dataSource":"PUB"}},{"type":"Feature","geometry":{"type":"LineString","coordinates":[[-159.67,21.93],[-159.67,21.93]]},"properties":{"id":"ncei-1967-10010627","eventId":"10010627","episodeId":"","year":1967,"month":12,"date":"1967-12-17","beginTime":"1967-12-17T06:30:00","endTime":"1967-12-17T06:30:00","timezone":"PST","state":"HI","stateName":"Hawaii","county":"Kauai","countyFips":"7","wfo":"","scale":-1,"scaleLabel":"Unknown","lengthMiles":2.5,"widthYards":70,"deaths":0,"injuries":0,"propertyDamage":250000,"cropDamage":0,"source":"","dataSource":"PUB"}},{"type":"Feature","geometry":{"type":"LineString","coordinates":[[-116.3,43.63],[-116.22,43.67]]},"properties":{"id":"ncei-1967-10010700","eventId":"10010700","episodeId":"","year":1967,"month":6,"date":"1967-06-02","beginTime":"1967-06-02T15:12:00","endTime":"1967-06-02T15:12:00","timezone":"CST","state":"ID","stateName":"Idaho","county":"Ada","countyFips":"1","wfo":"","scale":-1,"scaleLabel":"Unknown","lengthMiles":3.8,"widthYards":17,"deaths":0,"injuries":0,"propertyDamage":0,"cropDamage":0,"source":"","dataSource":"PUB"}},{"type":"Feature","geometry":{"type":"LineString","coordinates":[[-112.63,43.58],[-112.63,43.58]]},"properties":{"id":"ncei-1967-10010701","eventId":"10010701","episodeId":"","year":1967,"month":6,"date":"1967-06-06","beginTime":"1967-06-06T13:00:00","endTime":"1967-06-06T13:00:00","timezone":"CST","state":"ID","stateName":"Idaho","county":"Bingham","countyFips":"11","wfo":"","scale":-1,"scaleLabel":"Unknown","lengthMiles":0.5,"widthYards":17,"deaths":0,"injuries":0,"propertyDamage":0,"cropDamage":0,"source":"","dataSource":"PUB"}},{"type":"Feature","geometry":{"type":"LineString","coordinates":[[-114.75,43.35],[-114.75,43.35]]},"properties":{"id":"ncei-1967-10010702","eventId":"10010702","episodeId":"","year":1967,"month":6,"date":"1967-06-08","beginTime":"1967-06-08T15:30:00","endTime":"1967-06-08T15:30:00","timezone":"CST","state":"ID","stateName":"Idaho","county":"Camas","countyFips":"25","wfo":"","scale":0,"scaleLabel":"F0","lengthMiles":0.5,"widthYards":17,"deaths":0,"injuries":0,"propertyDamage":0,"cropDamage":0,"source":"","dataSource":"PUB"}},{"type":"Feature","geometry":{"type":"LineString","coordinates":[[-113.22,42.92],[-113.22,42.92]]},"properties":{"id":"ncei-1967-10010703","eventId":"10010703","episodeId":"","year":1967,"month":6,"date":"1967-06-08","beginTime":"1967-06-08T17:20:00","endTime":"1967-06-08T17:20:00","timezone":"CST","state":"ID","stateName":"Idaho","county":"Power","countyFips":"77","wfo":"","scale":-1,"scaleLabel":"Unknown","lengthMiles":0,"widthYards":33,"deaths":0,"injuries":0,"propertyDamage":0,"cropDamage":0,"source":"","dataSource":"PUB"}},{"type":"Feature","geometry":{"type":"LineString","coordinates":[[-112.43,43.03],[-112.43,43.03]]},"properties":{"id":"ncei-1967-10010704","eventId":"10010704","episodeId":"","year":1967,"month":6,"date":"1967-06-09","beginTime":"1967-06-09T16:18:00","endTime":"1967-06-09T16:18:00","timezone":"CST","state":"ID","stateName":"Idaho","county":"Bingham","countyFips":"11","wfo":"","scale":0,"scaleLabel":"F0","lengthMiles":0.5,"widthYards":17,"deaths":0,"injuries":0,"propertyDamage":0,"cropDamage":0,"source":"","dataSource":"PUB"}},{"type":"Feature","geometry":{"type":"LineString","coordinates":[[-88.6,39],[-88.6,39]]},"properties":{"id":"ncei-1967-10010876","eventId":"10010876","episodeId":"","year":1967,"month":5,"date":"1967-05-15","beginTime":"1967-05-15T13:45:00","endTime":"1967-05-15T13:45:00","timezone":"CST","state":"IL","stateName":"Illinois","county":"Effingham","countyFips":"49","wfo":"","scale":1,"scaleLabel":"F1","lengthMiles":0.5,"widthYards":20,"deaths":0,"injuries":0,"propertyDamage":2500,"cropDamage":0,"source":"","dataSource":"PUB"}},{"type":"Feature","geometry":{"type":"LineString","coordinates":[[-90.1,38.9],[-90.1,38.9]]},"properties":{"id":"ncei-1967-10010877","eventId":"10010877","episodeId":"","year":1967,"month":5,"date":"1967-05-16","beginTime":"1967-05-16T16:30:00","endTime":"1967-05-16T16:30:00","timezone":"CST","state":"IL","stateName":"Illinois","county":"Madison","countyFips":"119","wfo":"","scale":1,"scaleLabel":"F1","lengthMiles":0.5,"widthYards":20,"deaths":0,"injuries":0,"propertyDamage":2500,"cropDamage":0,"source":"","dataSource":"PUB"}},{"type":"Feature","geometry":{"type":"LineString","coordinates":[[-88.05,41.63],[-88.05,41.63]]},"properties":{"id":"ncei-1967-10011102","eventId":"10011102","episodeId":"","year":1967,"month":6,"date":"1967-06-10","beginTime":"1967-06-10T17:30:00","endTime":"1967-06-10T17:30:00","timezone":"CST","state":"IL","stateName":"Illinois","county":"Will","countyFips":"197","wfo":"","scale":1,"scaleLabel":"F1","lengthMiles":0.2,"widthYards":100,"deaths":0,"injuries":0,"propertyDamage":25000,"cropDamage":0,"source":"","dataSource":"PUB"}},{"type":"Feature","geometry":{"type":"LineString","coordinates":[[-90.1,42.4],[-90.02,42.43]]},"properties":{"id":"ncei-1967-10011103","eventId":"10011103","episodeId":"","year":1967,"month":6,"date":"1967-06-11","beginTime":"1967-06-11T12:20:00","endTime":"1967-06-11T12:20:00","timezone":"CST","state":"IL","stateName":"Illinois","county":"Jo Daviess","countyFips":"85","wfo":"","scale":2,"scaleLabel":"F2","lengthMiles":4.3,"widthYards":500,"deaths":0,"injuries":0,"propertyDamage":250000,"cropDamage":0,"source":"","dataSource":"PUB"}},{"type":"Feature","geometry":{"type":"LineString","coordinates":[[-89,42.2],[-89,42.2]]},"properties":{"id":"ncei-1967-10011104","eventId":"10011104","episodeId":"","year":1967,"month":6,"date":"1967-06-11","beginTime":"1967-06-11T13:20:00","endTime":"1967-06-11T13:20:00","timezone":"CST","state":"IL","stateName":"Illinois","county":"Winnebago","countyFips":"201","wfo":"","scale":-1,"scaleLabel":"Unknown","lengthMiles":0,"widthYards":33,"deaths":0,"injuries":0,"propertyDamage":25000,"cropDamage":0,"source":"","dataSource":"PUB"}},{"type":"Feature","geometry":{"type":"LineString","coordinates":[[-90.1,38.8],[-90.1,38.8]]},"properties":{"id":"ncei-1967-10011112","eventId":"10011112","episodeId":"","year":1967,"month":6,"date":"1967-06-20","beginTime":"1967-06-20T16:15:00","endTime":"1967-06-20T16:15:00","timezone":"CST","state":"IL","stateName":"Illinois","county":"Madison","countyFips":"119","wfo":"","scale":-1,"scaleLabel":"Unknown","lengthMiles":0.8,"widthYards":20,"deaths":0,"injuries":0,"propertyDamage":2500,"cropDamage":0,"source":"","dataSource":"PUB"}},{"type":"Feature","geometry":{"type":"LineString","coordinates":[[-89.1,37.1],[-89.1,37.1]]},"properties":{"id":"ncei-1967-10011113","eventId":"10011113","episodeId":"","year":1967,"month":6,"date":"1967-06-21","beginTime":"1967-06-21T19:00:00","endTime":"1967-06-21T19:00:00","timezone":"CST","state":"IL","stateName":"Illinois","county":"Pulaski","countyFips":"153","wfo":"","scale":2,"scaleLabel":"F2","lengthMiles":0,"widthYards":33,"deaths":0,"injuries":0,"propertyDamage":25000,"cropDamage":0,"source":"","dataSource":"PUB"}},{"type":"Feature","geometry":{"type":"LineString","coordinates":[[-89.68,41.12],[-89.52,41.05]]},"properties":{"id":"ncei-1967-10011126","eventId":"10011126","episodeId":"","year":1967,"month":7,"date":"1967-07-23","beginTime":"1967-07-23T17:00:00","endTime":"1967-07-23T17:00:00","timezone":"CST","state":"IL","stateName":"Illinois","county":"Stark","countyFips":"175","wfo":"","scale":2,"scaleLabel":"F2","lengthMiles":9.4,"widthYards":50,"deaths":0,"injuries":0,"propertyDamage":25000,"cropDamage":0,"source":"","dataSource":"PUB"}},{"type":"Feature","geometry":{"type":"LineString","coordinates":[[-89.72,38.45],[-89.72,38.45]]},"properties":{"id":"ncei-1967-10011135","eventId":"10011135","episodeId":"","year":1967,"month":8,"date":"1967-08-03","beginTime":"1967-08-03T14:45:00","endTime":"1967-08-03T14:45:00","timezone":"CST","state":"IL","stateName":"Illinois","county":"St. Clair","countyFips":"163","wfo":"","scale":-1,"scaleLabel":"Unknown","lengthMiles":0.5,"widthYards":67,"deaths":0,"injuries":0,"propertyDamage":2500,"cropDamage":0,"source":"","dataSource":"PUB"}},{"type":"Feature","geometry":{"type":"LineString","coordinates":[[-87.68,39],[-87.68,39]]},"properties":{"id":"ncei-1967-10011143","eventId":"10011143","episodeId":"","year":1967,"month":10,"date":"1967-10-24","beginTime":"1967-10-24T14:15:00","endTime":"1967-10-24T14:15:00","timezone":"CST","state":"IL","stateName":"Illinois","county":"Crawford","countyFips":"33","wfo":"","scale":-1,"scaleLabel":"Unknown","lengthMiles":0.3,"widthYards":30,"deaths":0,"injuries":0,"propertyDamage":2500,"cropDamage":0,"source":"","dataSource":"PUB"}},{"type":"Feature","geometry":{"type":"LineString","coordinates":[[-90.3,39.1],[-90.3,39.1]]},"properties":{"id":"ncei-1967-10011145","eventId":"10011145","episodeId":"","year":1967,"month":12,"date":"1967-12-21","beginTime":"1967-12-21T01:15:00","endTime":"1967-12-21T01:15:00","timezone":"CST","state":"IL","stateName":"Illinois","county":"Jersey","countyFips":"83","wfo":"","scale":1,"scaleLabel":"F1","lengthMiles":1.5,"widthYards":127,"deaths":0,"injuries":0,"propertyDamage":25000,"cropDamage":0,"source":"","dataSource":"PUB"}},{"type":"Feature","geometry":{"type":"LineString","coordinates":[[-89.53,38.63],[-89.53,38.63]]},"properties":{"id":"ncei-1967-10011146","eventId":"10011146","episodeId":"","year":1967,"month":12,"date":"1967-12-21","beginTime":"1967-12-21T10:15:00","endTime":"1967-12-21T10:15:00","timezone":"CST","state":"IL","stateName":"Illinois","county":"Clinton","countyFips":"27","wfo":"","scale":2,"scaleLabel":"F2","lengthMiles":1,"widthYards":50,"deaths":0,"injuries":0,"propertyDamage":2500000,"cropDamage":0,"source":"","dataSource":"PUB"}},{"type":"Feature","geometry":{"type":"LineString","coordinates":[[-89.83,37.88],[-89.6,38.02]]},"properties":{"id":"ncei-1967-10011147","eventId":"10011147","episodeId":"","year":1967,"month":12,"date":"1967-12-21","beginTime":"1967-12-21T11:00:00","endTime":"1967-12-21T11:00:00","timezone":"CST","state":"IL","stateName":"Illinois","county":"Randolph","countyFips":"157","wfo":"","scale":3,"scaleLabel":"F3","lengthMiles":15.7,"widthYards":400,"deaths":0,"injuries":2,"propertyDamage":250000,"cropDamage":0,"source":"","dataSource":"PUB"}},{"type":"Feature","geometry":{"type":"LineString","coordinates":[[-89.6,38.02],[-89.47,38.07]]},"properties":{"id":"ncei-1967-10011148","eventId":"10011148","episodeId":"","year":1967,"month":12,"date":"1967-12-21","beginTime":"1967-12-21T11:30:00","endTime":"1967-12-21T11:30:00","timezone":"CST","state":"IL","stateName":"Illinois","county":"Perry","countyFips":"145","wfo":"","scale":3,"scaleLabel":"F3","lengthMiles":7.9,"widthYards":400,"deaths":0,"injuries":0,"propertyDamage":250000,"cropDamage":0,"source":"","dataSource":"PUB"}},{"type":"Feature","geometry":{"type":"LineString","coordinates":[[-92.27,40.58],[-92.23,40.68]]},"properties":{"id":"ncei-1967-10011998","eventId":"10011998","episodeId":"","year":1967,"month":1,"date":"1967-01-24","beginTime":"1967-01-24T15:00:00","endTime":"1967-01-24T15:00:00","timezone":"CST","state":"IA","stateName":"Iowa","county":"Davis","countyFips":"51","wfo":"","scale":4,"scaleLabel":"F4","lengthMiles":6.8,"widthYards":150,"deaths":0,"injuries":0,"propertyDamage":25000,"cropDamage":0,"source":"","dataSource":"PUB"}},{"type":"Feature","geometry":{"type":"LineString","coordinates":[[-92.08,40.87],[-92.08,40.87]]},"properties":{"id":"ncei-1967-10011999","eventId":"10011999","episodeId":"","year":1967,"month":1,"date":"1967-01-24","beginTime":"1967-01-24T15:15:00","endTime":"1967-01-24T15:15:00","timezone":"CST","state":"IA","stateName":"Iowa","county":"Van Buren","countyFips":"177","wfo":"","scale":3,"scaleLabel":"F3","lengthMiles":25,"widthYards":400,"deaths":0,"injuries":0,"propertyDamage":250000,"cropDamage":0,"source":"","dataSource":"PUB"}},{"type":"Feature","geometry":{"type":"LineString","coordinates":[[-91.7,41.3],[-91.7,41.3]]},"properties":{"id":"ncei-1967-10012000","eventId":"10012000","episodeId":"","year":1967,"month":1,"date":"1967-01-24","beginTime":"1967-01-24T15:45:00","endTime":"1967-01-24T15:45:00","timezone":"CST","state":"IA","stateName":"Iowa","county":"Washington","countyFips":"183","wfo":"","scale":1,"scaleLabel":"F1","lengthMiles":1,"widthYards":200,"deaths":0,"injuries":0,"propertyDamage":2500,"cropDamage":0,"source":"","dataSource":"PUB"}},{"type":"Feature","geometry":{"type":"LineString","coordinates":[[-91.43,41.15],[-91.43,41.15]]},"properties":{"id":"ncei-1967-10012001","eventId":"10012001","episodeId":"","year":1967,"month":1,"date":"1967-01-24","beginTime":"1967-01-24T15:50:00","endTime":"1967-01-24T15:50:00","timezone":"CST","state":"IA","stateName":"Iowa","county":"Henry","countyFips":"87","wfo":"","scale":0,"scaleLabel":"F0","lengthMiles":0,"widthYards":150,"deaths":0,"injuries":0,"propertyDamage":250000,"cropDamage":0,"source":"","dataSource":"PUB"}},{"type":"Feature","geometry":{"type":"LineString","coordinates":[[-91.37,41.3],[-91.33,41.35]]},"properties":{"id":"ncei-1967-10012002","eventId":"10012002","episodeId":"","year":1967,"month":1,"date":"1967-01-24","beginTime":"1967-01-24T16:00:00","endTime":"1967-01-24T16:00:00","timezone":"CST","state":"IA","stateName":"Iowa","county":"Louisa","countyFips":"115","wfo":"","scale":2,"scaleLabel":"F2","lengthMiles":3,"widthYards":250,"deaths":0,"injuries":0,"propertyDamage":0,"cropDamage":0,"source":"","dataSource":"PUB"}},{"type":"Feature","geometry":{"type":"LineString","coordinates":[[-91.32,40.67],[-91.23,40.7]]},"properties":{"id":"ncei-1967-10012003","eventId":"10012003","episodeId":"","year":1967,"month":1,"date":"1967-01-24","beginTime":"1967-01-24T16:15:00","endTime":"1967-01-24T16:15:00","timezone":"CST","state":"IA","stateName":"Iowa","county":"Lee","countyFips":"111","wfo":"","scale":3,"scaleLabel":"F3","lengthMiles":4.3,"widthYards":300,"deaths":1,"injuries":6,"propertyDamage":250000,"cropDamage":0,"source":"","dataSource":"PUB"}},{"type":"Feature","geometry":{"type":"LineString","coordinates":[[-91.23,40.7],[-91.2,40.75]]},"properties":{"id":"ncei-1967-10012004","eventId":"10012004","episodeId":"","year":1967,"month":1,"date":"1967-01-24","beginTime":"1967-01-24T16:20:00","endTime":"1967-01-24T16:20:00","timezone":"CST","state":"IA","stateName":"Iowa","county":"Lee","countyFips":"111","wfo":"","scale":2,"scaleLabel":"F2","lengthMiles":3,"widthYards":200,"deaths":0,"injuries":4,"propertyDamage":250000,"cropDamage":0,"source":"","dataSource":"PUB"}},{"type":"Feature","geometry":{"type":"LineString","coordinates":[[-91.28,41.2],[-91.28,41.2]]},"properties":{"id":"ncei-1967-10012005","eventId":"10012005","episodeId":"","year":1967,"month":1,"date":"1967-01-24","beginTime":"1967-01-24T16:20:00","endTime":"1967-01-24T16:20:00","timezone":"CST","state":"IA","stateName":"Iowa","county":"Louisa","countyFips":"115","wfo":"","scale":2,"scaleLabel":"F2","lengthMiles":2,"widthYards":150,"deaths":0,"injuries":1,"propertyDamage":25000,"cropDamage":0,"source":"","dataSource":"PUB"}},{"type":"Feature","geometry":{"type":"LineString","coordinates":[[-90.83,41.8],[-90.83,41.8]]},"properties":{"id":"ncei-1967-10012006","eventId":"10012006","episodeId":"","year":1967,"month":1,"date":"1967-01-24","beginTime":"1967-01-24T16:45:00","endTime":"1967-01-24T16:45:00","timezone":"CST","state":"IA","stateName":"Iowa","county":"Clinton","countyFips":"45","wfo":"","scale":2,"scaleLabel":"F2","lengthMiles":2,"widthYards":150,"deaths":0,"injuries":0,"propertyDamage":25000,"cropDamage":0,"source":"","dataSource":"PUB"}},{"type":"Feature","geometry":{"type":"LineString","coordinates":[[-90.77,41.78],[-90.77,41.78]]},"properties":{"id":"ncei-1967-10012007","eventId":"10012007","episodeId":"","year":1967,"month":1,"date":"1967-01-24","beginTime":"1967-01-24T16:50:00","endTime":"1967-01-24T16:50:00","timezone":"CST","state":"IA","stateName":"Iowa","county":"Scott","countyFips":"163","wfo":"","scale":2,"scaleLabel":"F2","lengthMiles":2,"widthYards":143,"deaths":0,"injuries":0,"propertyDamage":25000,"cropDamage":0,"source":"","dataSource":"PUB"}},{"type":"Feature","geometry":{"type":"LineString","coordinates":[[-90.58,41.62],[-90.58,41.62]]},"properties":{"id":"ncei-1967-10012008","eventId":"10012008","episodeId":"","year":1967,"month":1,"date":"1967-01-24","beginTime":"1967-01-24T17:11:00","endTime":"1967-01-24T17:11:00","timezone":"CST","state":"IA","stateName":"Iowa","county":"Scott","countyFips":"163","wfo":"","scale":2,"scaleLabel":"F2","lengthMiles":2,"widthYards":250,"deaths":0,"injuries":0,"propertyDamage":250000,"cropDamage":0,"source":"","dataSource":"PUB"}},{"type":"Feature","geometry":{"type":"LineString","coordinates":[[-90.37,41.87],[-90.37,41.87]]},"properties":{"id":"ncei-1967-10012009","eventId":"10012009","episodeId":"","year":1967,"month":1,"date":"1967-01-24","beginTime":"1967-01-24T17:15:00","endTime":"1967-01-24T17:15:00","timezone":"CST","state":"IA","stateName":"Iowa","county":"Clinton","countyFips":"45","wfo":"","scale":2,"scaleLabel":"F2","lengthMiles":1,"widthYards":200,"deaths":0,"injuries":0,"propertyDamage":25000,"cropDamage":0,"source":"","dataSource":"PUB"}},{"type":"Feature","geometry":{"type":"LineString","coordinates":[[-90.33,41.95],[-90.33,41.95]]},"properties":{"id":"ncei-1967-10012010","eventId":"10012010","episodeId":"","year":1967,"month":1,"date":"1967-01-24","beginTime":"1967-01-24T17:15:00","endTime":"1967-01-24T17:15:00","timezone":"CST","state":"IA","stateName":"Iowa","county":"Clinton","countyFips":"45","wfo":"","scale":2,"scaleLabel":"F2","lengthMiles":0,"widthYards":100,"deaths":0,"injuries":0,"propertyDamage":250000,"cropDamage":0,"source":"","dataSource":"PUB"}},{"type":"Feature","geometry":{"type":"LineString","coordinates":[[-92.1,43.18],[-92.03,43.23]]},"properties":{"id":"ncei-1967-10012013","eventId":"10012013","episodeId":"","year":1967,"month":3,"date":"1967-03-30","beginTime":"1967-03-30T22:40:00","endTime":"1967-03-30T22:40:00","timezone":"CST","state":"IA","stateName":"Iowa","county":"Howard","countyFips":"89","wfo":"","scale":2,"scaleLabel":"F2","lengthMiles":4.1,"widthYards":100,"deaths":0,"injuries":0,"propertyDamage":25000,"cropDamage":0,"source":"","dataSource":"PUB"}},{"type":"Feature","geometry":{"type":"LineString","coordinates":[[-93.9,43.47],[-93.87,43.5]]},"properties":{"id":"ncei-1967-10012015","eventId":"10012015","episodeId":"","year":1967,"month":4,"date":"1967-04-02","beginTime":"1967-04-02T00:30:00","endTime":"1967-04-02T00:30:00","timezone":"CST","state":"IA","stateName":"Iowa","county":"Winnebago","countyFips":"189","wfo":"","scale":1,"scaleLabel":"F1","lengthMiles":0,"widthYards":200,"deaths":0,"injuries":0,"propertyDamage":250000,"cropDamage":0,"source":"","dataSource":"PUB"}},{"type":"Feature","geometry":{"type":"LineString","coordinates":[[-92.1,40.7],[-91.83,40.9]]},"properties":{"id":"ncei-1967-10012875","eventId":"10012875","episodeId":"","year":1967,"month":4,"date":"1967-04-16","beginTime":"1967-04-16T16:00:00","endTime":"1967-04-16T16:00:00","timezone":"CST","state":"IA","stateName":"Iowa","county":"Van Buren","countyFips":"177","wfo":"","scale":3,"scaleLabel":"F3","lengthMiles":19.4,"widthYards":500,"deaths":2,"injuries":16,"propertyDamage":2500000,"cropDamage":0,"source":"","dataSource":"PUB"}},{"type":"Feature","geometry":{"type":"LineString","coordinates":[[-91.93,41],[-91.93,41]]},"properties":{"id":"ncei-1967-10013096","eventId":"10013096","episodeId":"","year":1967,"month":4,"date":"1967-04-21","beginTime":"1967-04-21T14:00:00","endTime":"1967-04-21T14:00:00","timezone":"CST","state":"IA","stateName":"Iowa","county":"Jefferson","countyFips":"101","wfo":"","scale":3,"scaleLabel":"F3","lengthMiles":0,"widthYards":200,"deaths":0,"injuries":0,"propertyDamage":0,"cropDamage":0,"source":"","dataSource":"PUB"}},{"type":"Feature","geometry":{"type":"LineString","coordinates":[[-91.93,40.88],[-91.35,41.07]]},"properties":{"id":"ncei-1967-10013097","eventId":"10013097","episodeId":"","year":1967,"month":4,"date":"1967-04-21","beginTime":"1967-04-21T15:00:00","endTime":"1967-04-21T15:00:00","timezone":"CST","state":"IA","stateName":"Iowa","county":"Van Buren","countyFips":"177","wfo":"","scale":2,"scaleLabel":"F2","lengthMiles":32.8,"widthYards":100,"deaths":0,"injuries":0,"propertyDamage":250000,"cropDamage":0,"source":"","dataSource":"PUB"}},{"type":"Feature","geometry":{"type":"LineString","coordinates":[[-94.03,42.6],[-93.98,42.7]]},"properties":{"id":"ncei-1967-10013100","eventId":"10013100","episodeId":"","year":1967,"month":4,"date":"1967-04-30","beginTime":"1967-04-30T15:50:00","endTime":"1967-04-30T15:50:00","timezone":"CST","state":"IA","stateName":"Iowa","county":"Webster","countyFips":"187","wfo":"","scale":2,"scaleLabel":"F2","lengthMiles":6.8,"widthYards":200,"deaths":0,"injuries":0,"propertyDamage":0,"cropDamage":0,"source":"","dataSource":"PUB"}},{"type":"Feature","geometry":{"type":"LineString","coordinates":[[-94.68,43.38],[-94.78,43.48]]},"properties":{"id":"ncei-1967-10013101","eventId":"10013101","episodeId":"","year":1967,"month":4,"date":"1967-04-30","beginTime":"1967-04-30T16:00:00","endTime":"1967-04-30T16:00:00","timezone":"CST","state":"IA","stateName":"Iowa","county":"Emmet","countyFips":"63","wfo":"","scale":2,"scaleLabel":"F2","lengthMiles":8.2,"widthYards":300,"deaths":0,"injuries":0,"propertyDamage":2500000,"cropDamage":0,"source":"","dataSource":"PUB"}},{"type":"Feature","geometry":{"type":"LineString","coordinates":[[-94.67,43.12],[-94.53,43.3]]},"properties":{"id":"ncei-1967-10013103","eventId":"10013103","episodeId":"","year":1967,"month":4,"date":"1967-04-30","beginTime":"1967-04-30T16:10:00","endTime":"1967-04-30T16:10:00","timezone":"CST","state":"IA","stateName":"Iowa","county":"Palo Alto","countyFips":"147","wfo":"","scale":2,"scaleLabel":"F2","lengthMiles":14,"widthYards":300,"deaths":0,"injuries":0,"propertyDamage":250000,"cropDamage":0,"source":"","dataSource":"PUB"}},{"type":"Feature","geometry":{"type":"LineString","coordinates":[[-93.8,43.22],[-93.7,43.23]]},"properties":{"id":"ncei-1967-10013105","eventId":"10013105","episodeId":"","year":1967,"month":4,"date":"1967-04-30","beginTime":"1967-04-30T16:30:00","endTime":"1967-04-30T16:30:00","timezone":"CST","state":"IA","stateName":"Iowa","county":"Hancock","countyFips":"81","wfo":"","scale":2,"scaleLabel":"F2","lengthMiles":4.3,"widthYards":300,"deaths":0,"injuries":0,"propertyDamage":2500000,"cropDamage":0,"source":"","dataSource":"PUB"}},{"type":"Feature","geometry":{"type":"LineString","coordinates":[[-94.68,43.42],[-94.68,43.42]]},"properties":{"id":"ncei-1967-10013107","eventId":"10013107","episodeId":"","year":1967,"month":4,"date":"1967-04-30","beginTime":"1967-04-30T16:33:00","endTime":"1967-04-30T16:33:00","timezone":"CST","state":"IA","stateName":"Iowa","county":"Emmet","countyFips":"63","wfo":"","scale":2,"scaleLabel":"F2","lengthMiles":1,"widthYards":200,"deaths":0,"injuries":0,"propertyDamage":250000,"cropDamage":0,"source":"","dataSource":"PUB"}},{"type":"Feature","geometry":{"type":"LineString","coordinates":[[-93.42,43.1],[-93.3,43.18]]},"properties":{"id":"ncei-1967-10013110","eventId":"10013110","episodeId":"","year":1967,"month":4,"date":"1967-04-30","beginTime":"1967-04-30T17:05:00","endTime":"1967-04-30T17:05:00","timezone":"CST","state":"IA","stateName":"Iowa","county":"Cerro Gordo","countyFips":"33","wfo":"","scale":3,"scaleLabel":"F3","lengthMiles":7.7,"widthYards":250,"deaths":0,"injuries":0,"propertyDamage":250000,"cropDamage":0,"source":"","dataSource":"PUB"}},{"type":"Feature","geometry":{"type":"LineString","coordinates":[[-91.32,40.63],[-91.27,40.67]]},"properties":{"id":"ncei-1967-10013111","eventId":"10013111","episodeId":"","year":1967,"month":4,"date":"1967-04-30","beginTime":"1967-04-30T17:20:00","endTime":"1967-04-30T17:20:00","timezone":"CST","state":"IA","stateName":"Iowa","county":"Lee","countyFips":"111","wfo":"","scale":2,"scaleLabel":"F2","lengthMiles":2.3,"widthYards":400,"deaths":0,"injuries":0,"propertyDamage":250000,"cropDamage":0,"source":"","dataSource":"PUB"}},{"type":"Feature","geometry":{"type":"LineString","coordinates":[[-93.17,43.3],[-92.97,43.43]]},"properties":{"id":"ncei-1967-10013114","eventId":"10013114","episodeId":"","year":1967,"month":4,"date":"1967-04-30","beginTime":"1967-04-30T17:28:00","endTime":"1967-04-30T17:28:00","timezone":"CST","state":"IA","stateName":"Iowa","county":"Worth","countyFips":"195","wfo":"","scale":4,"scaleLabel":"F4","lengthMiles":13.3,"widthYards":400,"deaths":0,"injuries":0,"propertyDamage":250000,"cropDamage":0,"source":"","dataSource":"PUB"}},{"type":"Feature","geometry":{"type":"LineString","coordinates":[[-93.2,43.33],[-93.07,43.57]]},"properties":{"id":"ncei-1967-10013115","eventId":"10013115","episodeId":"","year":1967,"month":4,"date":"1967-04-30","beginTime":"1967-04-30T17:30:00","endTime":"1967-04-30T17:30:00","timezone":"CST","state":"IA","stateName":"Iowa","county":"Worth","countyFips":"195","wfo":"","scale":3,"scaleLabel":"F3","lengthMiles":17.2,"widthYards":800,"deaths":0,"injuries":0,"propertyDamage":2500000,"cropDamage":0,"source":"","dataSource":"PUB"}},{"type":"Feature","geometry":{"type":"LineString","coordinates":[[-93.17,43.45],[-93.12,43.5]]},"properties":{"id":"ncei-1967-10013117","eventId":"10013117","episodeId":"","year":1967,"month":4,"date":"1967-04-30","beginTime":"1967-04-30T18:20:00","endTime":"1967-04-30T18:20:00","timezone":"CST","state":"IA","stateName":"Iowa","county":"Worth","countyFips":"195","wfo":"","scale":4,"scaleLabel":"F4","lengthMiles":3,"widthYards":500,"deaths":0,"injuries":1,"propertyDamage":2500000,"cropDamage":0,"source":"","dataSource":"PUB"}},{"type":"Feature","geometry":{"type":"LineString","coordinates":[[-92.05,42.55],[-92.05,42.55]]},"properties":{"id":"ncei-1967-10013119","eventId":"10013119","episodeId":"","year":1967,"month":4,"date":"1967-04-30","beginTime":"1967-04-30T19:00:00","endTime":"1967-04-30T19:00:00","timezone":"CST","state":"IA","stateName":"Iowa","county":"Buchanan","countyFips":"19","wfo":"","scale":1,"scaleLabel":"F1","lengthMiles":0,"widthYards":50,"deaths":0,"injuries":0,"propertyDamage":0,"cropDamage":0,"source":"","dataSource":"PUB"}},{"type":"Feature","geometry":{"type":"LineString","coordinates":[[-92.55,41.6],[-92.55,41.6]]},"properties":{"id":"ncei-1967-10013120","eventId":"10013120","episodeId":"","year":1967,"month":4,"date":"1967-04-30","beginTime":"1967-04-30T19:00:00","endTime":"1967-04-30T19:00:00","timezone":"CST","state":"IA","stateName":"Iowa","county":"Poweshiek","countyFips":"157","wfo":"","scale":1,"scaleLabel":"F1","lengthMiles":0,"widthYards":33,"deaths":0,"injuries":0,"propertyDamage":25000,"cropDamage":0,"source":"","dataSource":"PUB"}},{"type":"Feature","geometry":{"type":"LineString","coordinates":[[-90.9,42.4],[-90.9,42.4]]},"properties":{"id":"ncei-1967-10013121","eventId":"10013121","episodeId":"","year":1967,"month":4,"date":"1967-04-30","beginTime":"1967-04-30T21:00:00","endTime":"1967-04-30T21:00:00","timezone":"CST","state":"IA","stateName":"Iowa","county":"Dubuque","countyFips":"61","wfo":"","scale":2,"scaleLabel":"F2","lengthMiles":2,"widthYards":400,"deaths":0,"injuries":0,"propertyDamage":250000,"cropDamage":0,"source":"","dataSource":"PUB"}},{"type":"Feature","geometry":{"type":"LineString","coordinates":[[-90.9,41.53],[-90.75,41.48]]},"properties":{"id":"ncei-1967-10013122","eventId":"10013122","episodeId":"","year":1967,"month":5,"date":"1967-05-07","beginTime":"1967-05-07T16:34:00","endTime":"1967-05-07T16:34:00","timezone":"CST","state":"IA","stateName":"Iowa","county":"Muscatine","countyFips":"139","wfo":"","scale":2,"scaleLabel":"F2","lengthMiles":8,"widthYards":200,"deaths":0,"injuries":0,"propertyDamage":25000,"cropDamage":0,"source":"","dataSource":"PUB"}},{"type":"Feature","geometry":{"type":"LineString","coordinates":[[-93.15,43.37],[-93.15,43.37]]},"properties":{"id":"ncei-1967-10013123","eventId":"10013123","episodeId":"","year":1967,"month":5,"date":"1967-05-07","beginTime":"1967-05-07T16:40:00","endTime":"1967-05-07T16:40:00","timezone":"CST","state":"IA","stateName":"Iowa","county":"Worth","countyFips":"195","wfo":"","scale":0,"scaleLabel":"F0","lengthMiles":0,"widthYards":200,"deaths":0,"injuries":0,"propertyDamage":0,"cropDamage":0,"source":"","dataSource":"PUB"}},{"type":"Feature","geometry":{"type":"LineString","coordinates":[[-91.63,42.6],[-91.63,42.6]]},"properties":{"id":"ncei-1967-10013126","eventId":"10013126","episodeId":"","year":1967,"month":5,"date":"1967-05-18","beginTime":"1967-05-18T17:30:00","endTime":"1967-05-18T17:30:00","timezone":"CST","state":"IA","stateName":"Iowa","county":"Buchanan","countyFips":"19","wfo":"","scale":-1,"scaleLabel":"Unknown","lengthMiles":0,"widthYards":33,"deaths":0,"injuries":0,"propertyDamage":25000,"cropDamage":0,"source":"","dataSource":"PUB"}},{"type":"Feature","geometry":{"type":"LineString","coordinates":[[-93.72,42.47],[-93.72,42.47]]},"properties":{"id":"ncei-1967-10013133","eventId":"10013133","episodeId":"","year":1967,"month":6,"date":"1967-06-07","beginTime":"1967-06-07T15:10:00","endTime":"1967-06-07T15:10:00","timezone":"CST","state":"IA","stateName":"Iowa","county":"Hamilton","countyFips":"79","wfo":"","scale":-1,"scaleLabel":"Unknown","lengthMiles":0,"widthYards":33,"deaths":0,"injuries":0,"propertyDamage":25000,"cropDamage":0,"source":"","dataSource":"PUB"}},{"type":"Feature","geometry":{"type":"LineString","coordinates":[[-95.05,40.63],[-95.05,40.63]]},"properties":{"id":"ncei-1967-10013134","eventId":"10013134","episodeId":"","year":1967,"month":6,"date":"1967-06-07","beginTime":"1967-06-07T19:00:00","endTime":"1967-06-07T19:00:00","timezone":"CST","state":"IA","stateName":"Iowa","county":"Page","countyFips":"145","wfo":"","scale":1,"scaleLabel":"F1","lengthMiles":2,"widthYards":200,"deaths":0,"injuries":0,"propertyDamage":250000,"cropDamage":0,"source":"","dataSource":"PUB"}},{"type":"Feature","geometry":{"type":"LineString","coordinates":[[-93.62,42.05],[-93.62,42.05]]},"properties":{"id":"ncei-1967-10013135","eventId":"10013135","episodeId":"","year":1967,"month":6,"date":"1967-06-07","beginTime":"1967-06-07T20:42:00","endTime":"1967-06-07T20:42:00","timezone":"CST","state":"IA","stateName":"Iowa","county":"Story","countyFips":"169","wfo":"","scale":2,"scaleLabel":"F2","lengthMiles":1,"widthYards":100,"deaths":0,"injuries":0,"propertyDamage":25000,"cropDamage":0,"source":"","dataSource":"PUB"}},{"type":"Feature","geometry":{"type":"LineString","coordinates":[[-93.68,41.87],[-93.62,41.88]]},"properties":{"id":"ncei-1967-10013139","eventId":"10013139","episodeId":"","year":1967,"month":6,"date":"1967-06-08","beginTime":"1967-06-08T19:50:00","endTime":"1967-06-08T19:50:00","timezone":"CST","state":"IA","stateName":"Iowa","county":"Story","countyFips":"169","wfo":"","scale":1,"scaleLabel":"F1","lengthMiles":2.3,"widthYards":100,"deaths":0,"injuries":0,"propertyDamage":25000,"cropDamage":0,"source":"","dataSource":"PUB"}},{"type":"Feature","geometry":{"type":"LineString","coordinates":[[-93.6,42],[-93.32,42.03]]},"properties":{"id":"ncei-1967-10013140","eventId":"10013140","episodeId":"","year":1967,"month":6,"date":"1967-06-08","beginTime":"1967-06-08T20:00:00","endTime":"1967-06-08T20:00:00","timezone":"CST","state":"IA","stateName":"Iowa","county":"Story","countyFips":"169","wfo":"","scale":2,"scaleLabel":"F2","lengthMiles":14.4,"widthYards":100,"deaths":0,"injuries":0,"propertyDamage":250000,"cropDamage":0,"source":"","dataSource":"PUB"}},{"type":"Feature","geometry":{"type":"LineString","coordinates":[[-94.18,42.52],[-94.18,42.52]]},"properties":{"id":"ncei-1967-10013141","eventId":"10013141","episodeId":"","year":1967,"month":6,"date":"1967-06-08","beginTime":"1967-06-08T21:00:00","endTime":"1967-06-08T21:00:00","timezone":"CST","state":"IA","stateName":"Iowa","county":"Webster","countyFips":"187","wfo":"","scale":4,"scaleLabel":"F4","lengthMiles":2,"widthYards":200,"deaths":0,"injuries":0,"propertyDamage":0,"cropDamage":0,"source":"","dataSource":"PUB"}},{"type":"Feature","geometry":{"type":"LineString","coordinates":[[-95.7,42.08],[-95.6,42.12]]},"properties":{"id":"ncei-1967-10013142","eventId":"10013142","episodeId":"","year":1967,"month":6,"date":"1967-06-08","beginTime":"1967-06-08T21:30:00","endTime":"1967-06-08T21:30:00","timezone":"CST","state":"IA","stateName":"Iowa","county":"Monona","countyFips":"133","wfo":"","scale":1,"scaleLabel":"F1","lengthMiles":5.1,"widthYards":300,"deaths":0,"injuries":0,"propertyDamage":25000,"cropDamage":0,"source":"","dataSource":"PUB"}},{"type":"Feature","geometry":{"type":"LineString","coordinates":[[-94.38,42.37],[-94.17,42.5]]},"properties":{"id":"ncei-1967-10013143","eventId":"10013143","episodeId":"","year":1967,"month":6,"date":"1967-06-08","beginTime":"1967-06-08T21:30:00","endTime":"1967-06-08T21:30:00","timezone":"CST","state":"IA","stateName":"Iowa","county":"Webster","countyFips":"187","wfo":"","scale":2,"scaleLabel":"F2","lengthMiles":14.2,"widthYards":100,"deaths":0,"injuries":5,"propertyDamage":250000,"cropDamage":0,"source":"","dataSource":"PUB"}},{"type":"Feature","geometry":{"type":"LineString","coordinates":[[-93.78,41.05],[-93.67,41.13]]},"properties":{"id":"ncei-1967-10013146","eventId":"10013146","episodeId":"","year":1967,"month":6,"date":"1967-06-09","beginTime":"1967-06-09T23:00:00","endTime":"1967-06-09T23:00:00","timezone":"CST","state":"IA","stateName":"Iowa","county":"Clarke","countyFips":"39","wfo":"","scale":2,"scaleLabel":"F2","lengthMiles":7.8,"widthYards":300,"deaths":0,"injuries":0,"propertyDamage":250000,"cropDamage":0,"source":"","dataSource":"PUB"}},{"type":"Feature","geometry":{"type":"LineString","coordinates":[[-93.32,41.03],[-93.32,41.03]]},"properties":{"id":"ncei-1967-10013147","eventId":"10013147","episodeId":"","year":1967,"month":6,"date":"1967-06-09","beginTime":"1967-06-09T23:30:00","endTime":"1967-06-09T23:30:00","timezone":"CST","state":"IA","stateName":"Iowa","county":"Lucas","countyFips":"117","wfo":"","scale":2,"scaleLabel":"F2","lengthMiles":2,"widthYards":400,"deaths":0,"injuries":0,"propertyDamage":25000,"cropDamage":0,"source":"","dataSource":"PUB"}},{"type":"Feature","geometry":{"type":"LineString","coordinates":[[-92.78,42.9],[-92.78,42.9]]},"properties":{"id":"ncei-1967-10013148","eventId":"10013148","episodeId":"","year":1967,"month":6,"date":"1967-06-12","beginTime":"1967-06-12T18:15:00","endTime":"1967-06-12T18:15:00","timezone":"CST","state":"IA","stateName":"Iowa","county":"Appanoose","countyFips":"7","wfo":"","scale":1,"scaleLabel":"F1","lengthMiles":0,"widthYards":33,"deaths":0,"injuries":0,"propertyDamage":25000,"cropDamage":0,"source":"","dataSource":"PUB"}},{"type":"Feature","geometry":{"type":"LineString","coordinates":[[-96.58,42.8],[-96.48,42.87]]},"properties":{"id":"ncei-1967-10013152","eventId":"10013152","episodeId":"","year":1967,"month":6,"date":"1967-06-14","beginTime":"1967-06-14T21:10:00","endTime":"1967-06-14T21:10:00","timezone":"CST","state":"IA","stateName":"Iowa","county":"Plymouth","countyFips":"149","wfo":"","scale":3,"scaleLabel":"F3","lengthMiles":6.2,"widthYards":500,"deaths":0,"injuries":3,"propertyDamage":250000,"cropDamage":0,"source":"","dataSource":"PUB"}},{"type":"Feature","geometry":{"type":"LineString","coordinates":[[-96.17,42.88],[-96.17,42.88]]},"properties":{"id":"ncei-1967-10013154","eventId":"10013154","episodeId":"","year":1967,"month":6,"date":"1967-06-14","beginTime":"1967-06-14T21:45:00","endTime":"1967-06-14T21:45:00","timezone":"CST","state":"IA","stateName":"Iowa","county":"Plymouth","countyFips":"149","wfo":"","scale":2,"scaleLabel":"F2","lengthMiles":1,"widthYards":100,"deaths":0,"injuries":0,"propertyDamage":25000,"cropDamage":0,"source":"","dataSource":"PUB"}},{"type":"Feature","geometry":{"type":"LineString","coordinates":[[-94.83,43.07],[-94.83,43.07]]},"properties":{"id":"ncei-1967-10013155","eventId":"10013155","episodeId":"","year":1967,"month":6,"date":"1967-06-14","beginTime":"1967-06-14T22:00:00","endTime":"1967-06-14T22:00:00","timezone":"CST","state":"IA","stateName":"Iowa","county":"Palo Alto","countyFips":"147","wfo":"","scale":0,"scaleLabel":"F0","lengthMiles":0,"widthYards":33,"deaths":0,"injuries":0,"propertyDamage":250000,"cropDamage":0,"source":"","dataSource":"PUB"}},{"type":"Feature","geometry":{"type":"LineString","coordinates":[[-93.87,42.1],[-93.87,42.1]]},"properties":{"id":"ncei-1967-10014015","eventId":"10014015","episodeId":"","year":1967,"month":6,"date":"1967-06-16","beginTime":"1967-06-16T18:30:00","endTime":"1967-06-16T18:30:00","timezone":"CST","state":"IA","stateName":"Iowa","county":"Boone","countyFips":"15","wfo":"","scale":1,"scaleLabel":"F1","lengthMiles":1,"widthYards":100,"deaths":0,"injuries":0,"propertyDamage":25000,"cropDamage":0,"source":"","dataSource":"PUB"}},{"type":"Feature","geometry":{"type":"LineString","coordinates":[[-90.63,42.37],[-90.63,42.37]]},"properties":{"id":"ncei-1967-10014017","eventId":"10014017","episodeId":"","year":1967,"month":6,"date":"1967-06-19","beginTime":"1967-06-19T19:30:00","endTime":"1967-06-19T19:30:00","timezone":"CST","state":"IA","stateName":"Iowa","county":"Jackson","countyFips":"97","wfo":"","scale":0,"scaleLabel":"F0","lengthMiles":0,"widthYards":33,"deaths":0,"injuries":0,"propertyDamage":0,"cropDamage":0,"source":"","dataSource":"PUB"}},{"type":"Feature","geometry":{"type":"LineString","coordinates":[[-95.7,41.7],[-95.7,41.7]]},"properties":{"id":"ncei-1967-10014230","eventId":"10014230","episodeId":"","year":1967,"month":6,"date":"1967-06-20","beginTime":"1967-06-20T23:00:00","endTime":"1967-06-20T23:00:00","timezone":"CST","state":"IA","stateName":"Iowa","county":"Harrison","countyFips":"85","wfo":"","scale":-1,"scaleLabel":"Unknown","lengthMiles":0,"widthYards":33,"deaths":0,"injuries":0,"propertyDamage":25000,"cropDamage":0,"source":"","dataSource":"PUB"}},{"type":"Feature","geometry":{"type":"LineString","coordinates":[[-94.98,43.32],[-94.98,43.32]]},"properties":{"id":"ncei-1967-10014236","eventId":"10014236","episodeId":"","year":1967,"month":6,"date":"1967-06-27","beginTime":"1967-06-27T16:30:00","endTime":"1967-06-27T16:30:00","timezone":"CST","state":"IA","stateName":"Iowa","county":"Dickinson","countyFips":"59","wfo":"","scale":1,"scaleLabel":"F1","lengthMiles":1,"widthYards":250,"deaths":0,"injuries":0,"propertyDamage":25000,"cropDamage":0,"source":"","dataSource":"PUB"}},{"type":"Feature","geometry":{"type":"LineString","coordinates":[[-93.57,41.63],[-93.57,41.63]]},"properties":{"id":"ncei-1967-10014248","eventId":"10014248","episodeId":"","year":1967,"month":7,"date":"1967-07-30","beginTime":"1967-07-30T19:50:00","endTime":"1967-07-30T19:50:00","timezone":"CST","state":"IA","stateName":"Iowa","county":"Polk","countyFips":"153","wfo":"","scale":-1,"scaleLabel":"Unknown","lengthMiles":0,"widthYards":33,"deaths":0,"injuries":0,"propertyDamage":0,"cropDamage":0,"source":"","dataSource":"PUB"}},{"type":"Feature","geometry":{"type":"LineString","coordinates":[[-100.9,37.1],[-100.9,37.1]]},"properties":{"id":"ncei-1967-10026895","eventId":"10026895","episodeId":"","year":1967,"month":7,"date":"1967-07-03","beginTime":"1967-07-03T17:25:00","endTime":"1967-07-03T17:25:00","timezone":"CST","state":"KS","stateName":"Kansas","county":"Seward","countyFips":"175","wfo":"","scale":1,"scaleLabel":"F1","lengthMiles":0,"widthYards":33,"deaths":0,"injuries":0,"propertyDamage":0,"cropDamage":0,"source":"","dataSource":"PUB"}},{"type":"Feature","geometry":{"type":"LineString","coordinates":[[-101.6,37.4],[-101.6,37.4]]},"properties":{"id":"ncei-1967-10027119","eventId":"10027119","episodeId":"","year":1967,"month":7,"date":"1967-07-25","beginTime":"1967-07-25T18:30:00","endTime":"1967-07-25T18:30:00","timezone":"CST","state":"KS","stateName":"Kansas","county":"Stanton","countyFips":"187","wfo":"","scale":2,"scaleLabel":"F2","lengthMiles":2,"widthYards":13,"deaths":0,"injuries":0,"propertyDamage":25000,"cropDamage":0,"source":"","dataSource":"PUB"}},{"type":"Feature","geometry":{"type":"LineString","coordinates":[[-97,37.7],[-97,37.7]]},"properties":{"id":"ncei-1967-10027140","eventId":"10027140","episodeId":"","year":1967,"month":8,"date":"1967-08-29","beginTime":"1967-08-29T16:00:00","endTime":"1967-08-29T16:00:00","timezone":"CST","state":"KS","stateName":"Kansas","county":"Butler","countyFips":"15","wfo":"","scale":1,"scaleLabel":"F1","lengthMiles":0,"widthYards":33,"deaths":0,"injuries":0,"propertyDamage":2500,"cropDamage":0,"source":"","dataSource":"PUB"}},{"type":"Feature","geometry":{"type":"LineString","coordinates":[[-99.8,38],[-99.8,38]]},"properties":{"id":"ncei-1967-10027146","eventId":"10027146","episodeId":"","year":1967,"month":9,"date":"1967-09-19","beginTime":"1967-09-19T18:00:00","endTime":"1967-09-19T18:00:00","timezone":"CST","state":"KS","stateName":"Kansas","county":"Hodgeman","countyFips":"83","wfo":"","scale":0,"scaleLabel":"F0","lengthMiles":0,"widthYards":33,"deaths":0,"injuries":0,"propertyDamage":0,"cropDamage":0,"source":"","dataSource":"PUB"}},{"type":"Feature","geometry":{"type":"LineString","coordinates":[[-97.7,39.9],[-97.7,39.9]]},"properties":{"id":"ncei-1967-10027148","eventId":"10027148","episodeId":"","year":1967,"month":9,"date":"1967-09-20","beginTime":"1967-09-20T16:55:00","endTime":"1967-09-20T16:55:00","timezone":"CST","state":"KS","stateName":"Kansas","county":"Republic","countyFips":"157","wfo":"","scale":1,"scaleLabel":"F1","lengthMiles":3,"widthYards":33,"deaths":0,"injuries":0,"propertyDamage":2500,"cropDamage":0,"source":"","dataSource":"PUB"}},{"type":"Feature","geometry":{"type":"LineString","coordinates":[[-99.32,39.78],[-99.32,39.78]]},"properties":{"id":"ncei-1967-10028207","eventId":"10028207","episodeId":"","year":1967,"month":5,"date":"1967-05-26","beginTime":"1967-05-26T18:00:00","endTime":"1967-05-26T18:00:00","timezone":"CST","state":"KS","stateName":"Kansas","county":"Phillips","countyFips":"147","wfo":"","scale":1,"scaleLabel":"F1","lengthMiles":0.9,"widthYards":100,"deaths":0,"injuries":0,"propertyDamage":25000,"cropDamage":0,"source":"","dataSource":"PUB"}},{"type":"Feature","geometry":{"type":"LineString","coordinates":[[-101.05,37.83],[-101.05,37.83]]},"properties":{"id":"ncei-1967-10028222","eventId":"10028222","episodeId":"","year":1967,"month":6,"date":"1967-06-06","beginTime":"1967-06-06T16:00:00","endTime":"1967-06-06T16:00:00","timezone":"CST","state":"KS","stateName":"Kansas","county":"Finney","countyFips":"55","wfo":"","scale":1,"scaleLabel":"F1","lengthMiles":2,"widthYards":33,"deaths":0,"injuries":0,"propertyDamage":25000,"cropDamage":0,"source":"","dataSource":"PUB"}},{"type":"Feature","geometry":{"type":"LineString","coordinates":[[-100.4,38.1],[-100.4,38.1]]},"properties":{"id":"ncei-1967-10028223","eventId":"10028223","episodeId":"","year":1967,"month":6,"date":"1967-06-06","beginTime":"1967-06-06T16:15:00","endTime":"1967-06-06T16:15:00","timezone":"CST","state":"KS","stateName":"Kansas","county":"Finney","countyFips":"55","wfo":"","scale":0,"scaleLabel":"F0","lengthMiles":0,"widthYards":33,"deaths":0,"injuries":0,"propertyDamage":0,"cropDamage":0,"source":"","dataSource":"PUB"}},{"type":"Feature","geometry":{"type":"LineString","coordinates":[[-99.2,39.77],[-99.2,39.77]]},"properties":{"id":"ncei-1967-10028228","eventId":"10028228","episodeId":"","year":1967,"month":6,"date":"1967-06-07","beginTime":"1967-06-07T14:15:00","endTime":"1967-06-07T14:15:00","timezone":"CST","state":"KS","stateName":"Kansas","county":"Phillips","countyFips":"147","wfo":"","scale":0,"scaleLabel":"F0","lengthMiles":0,"widthYards":33,"deaths":0,"injuries":0,"propertyDamage":0,"cropDamage":0,"source":"","dataSource":"PUB"}},{"type":"Feature","geometry":{"type":"LineString","coordinates":[[-95.68,39.77],[-95.68,39.77]]},"properties":{"id":"ncei-1967-10028229","eventId":"10028229","episodeId":"","year":1967,"month":6,"date":"1967-06-07","beginTime":"1967-06-07T18:25:00","endTime":"1967-06-07T18:25:00","timezone":"CST","state":"KS","stateName":"Kansas","county":"Brown","countyFips":"13","wfo":"","scale":-1,"scaleLabel":"Unknown","lengthMiles":0,"widthYards":33,"deaths":0,"injuries":0,"propertyDamage":0,"cropDamage":0,"source":"","dataSource":"PUB"}},{"type":"Feature","geometry":{"type":"LineString","coordinates":[[-97.83,38.07],[-97.83,38.07]]},"properties":{"id":"ncei-1967-10028232","eventId":"10028232","episodeId":"","year":1967,"month":6,"date":"1967-06-07","beginTime":"1967-06-07T19:45:00","endTime":"1967-06-07T19:45:00","timezone":"CST","state":"KS","stateName":"Kansas","county":"Reno","countyFips":"155","wfo":"","scale":0,"scaleLabel":"F0","lengthMiles":0,"widthYards":33,"deaths":0,"injuries":0,"propertyDamage":0,"cropDamage":0,"source":"","dataSource":"PUB"}},{"type":"Feature","geometry":{"type":"LineString","coordinates":[[-98.1,39.4],[-97.92,39.45]]},"properties":{"id":"ncei-1967-10028240","eventId":"10028240","episodeId":"","year":1967,"month":6,"date":"1967-06-09","beginTime":"1967-06-09T17:35:00","endTime":"1967-06-09T17:35:00","timezone":"CST","state":"KS","stateName":"Kansas","county":"Mitchell","countyFips":"123","wfo":"","scale":2,"scaleLabel":"F2","lengthMiles":10.2,"widthYards":1320,"deaths":0,"injuries":5,"propertyDamage":2500000,"cropDamage":0,"source":"","dataSource":"PUB"}},{"type":"Feature","geometry":{"type":"LineString","coordinates":[[-97.92,39.45],[-97.65,39.52]]},"properties":{"id":"ncei-1967-10028244","eventId":"10028244","episodeId":"","year":1967,"month":6,"date":"1967-06-09","beginTime":"1967-06-09T17:50:00","endTime":"1967-06-09T17:50:00","timezone":"CST","state":"KS","stateName":"Kansas","county":"Cloud","countyFips":"29","wfo":"","scale":2,"scaleLabel":"F2","lengthMiles":14.8,"widthYards":1320,"deaths":1,"injuries":5,"propertyDamage":2500000,"cropDamage":0,"source":"","dataSource":"PUB"}},{"type":"Feature","geometry":{"type":"LineString","coordinates":[[-97.65,39.52],[-97.37,39.65]]},"properties":{"id":"ncei-1967-10028245","eventId":"10028245","episodeId":"","year":1967,"month":6,"date":"1967-06-09","beginTime":"1967-06-09T18:15:00","endTime":"1967-06-09T18:15:00","timezone":"CST","state":"KS","stateName":"Kansas","county":"Cloud","countyFips":"29","wfo":"","scale":2,"scaleLabel":"F2","lengthMiles":17.5,"widthYards":1320,"deaths":0,"injuries":0,"propertyDamage":2500000,"cropDamage":0,"source":"","dataSource":"PUB"}},{"type":"Feature","geometry":{"type":"LineString","coordinates":[[-100.3,38.2],[-100.3,38.2]]},"properties":{"id":"ncei-1967-10028253","eventId":"10028253","episodeId":"","year":1967,"month":6,"date":"1967-06-10","beginTime":"1967-06-10T16:30:00","endTime":"1967-06-10T16:30:00","timezone":"CST","state":"KS","stateName":"Kansas","county":"Finney","countyFips":"55","wfo":"","scale":0,"scaleLabel":"F0","lengthMiles":1,"widthYards":440,"deaths":0,"injuries":0,"propertyDamage":25000,"cropDamage":0,"source":"","dataSource":"PUB"}},{"type":"Feature","geometry":{"type":"LineString","coordinates":[[-100.1,37.8],[-100.1,37.8]]},"properties":{"id":"ncei-1967-10028255","eventId":"10028255","episodeId":"","year":1967,"month":6,"date":"1967-06-10","beginTime":"1967-06-10T17:50:00","endTime":"1967-06-10T17:50:00","timezone":"CST","state":"KS","stateName":"Kansas","county":"Ford","countyFips":"57","wfo":"","scale":0,"scaleLabel":"F0","lengthMiles":0,"widthYards":33,"deaths":0,"injuries":0,"propertyDamage":0,"cropDamage":0,"source":"","dataSource":"PUB"}},{"type":"Feature","geometry":{"type":"LineString","coordinates":[[-99.9,37.8],[-99.9,37.8]]},"properties":{"id":"ncei-1967-10028256","eventId":"10028256","episodeId":"","year":1967,"month":6,"date":"1967-06-10","beginTime":"1967-06-10T17:55:00","endTime":"1967-06-10T17:55:00","timezone":"CST","state":"KS","stateName":"Kansas","county":"Ford","countyFips":"57","wfo":"","scale":0,"scaleLabel":"F0","lengthMiles":0,"widthYards":33,"deaths":0,"injuries":0,"propertyDamage":0,"cropDamage":0,"source":"","dataSource":"PUB"}},{"type":"Feature","geometry":{"type":"LineString","coordinates":[[-99.6,38],[-99.6,38]]},"properties":{"id":"ncei-1967-10028257","eventId":"10028257","episodeId":"","year":1967,"month":6,"date":"1967-06-10","beginTime":"1967-06-10T18:35:00","endTime":"1967-06-10T18:35:00","timezone":"CST","state":"KS","stateName":"Kansas","county":"Ford","countyFips":"57","wfo":"","scale":1,"scaleLabel":"F1","lengthMiles":0,"widthYards":33,"deaths":0,"injuries":0,"propertyDamage":250000,"cropDamage":0,"source":"","dataSource":"PUB"}},{"type":"Feature","geometry":{"type":"LineString","coordinates":[[-99.5,38.2],[-99.5,38.2]]},"properties":{"id":"ncei-1967-10028260","eventId":"10028260","episodeId":"","year":1967,"month":6,"date":"1967-06-10","beginTime":"1967-06-10T19:48:00","endTime":"1967-06-10T19:48:00","timezone":"CST","state":"KS","stateName":"Kansas","county":"Pawnee","countyFips":"145","wfo":"","scale":-1,"scaleLabel":"Unknown","lengthMiles":0,"widthYards":33,"deaths":0,"injuries":0,"propertyDamage":0,"cropDamage":0,"source":"","dataSource":"PUB"}},{"type":"Feature","geometry":{"type":"LineString","coordinates":[[-100.6,38],[-100.6,38]]},"properties":{"id":"ncei-1967-10028262","eventId":"10028262","episodeId":"","year":1967,"month":6,"date":"1967-06-10","beginTime":"1967-06-10T20:40:00","endTime":"1967-06-10T20:40:00","timezone":"CST","state":"KS","stateName":"Kansas","county":"Finney","countyFips":"55","wfo":"","scale":0,"scaleLabel":"F0","lengthMiles":0,"widthYards":33,"deaths":0,"injuries":0,"propertyDamage":0,"cropDamage":0,"source":"","dataSource":"PUB"}},{"type":"Feature","geometry":{"type":"LineString","coordinates":[[-96,39.1],[-95.78,39.42]]},"properties":{"id":"ncei-1967-10028266","eventId":"10028266","episodeId":"","year":1967,"month":6,"date":"1967-06-11","beginTime":"1967-06-11T17:25:00","endTime":"1967-06-11T17:25:00","timezone":"CST","state":"KS","stateName":"Kansas","county":"Wabaunsee","countyFips":"197","wfo":"","scale":1,"scaleLabel":"F1","lengthMiles":24.7,"widthYards":33,"deaths":0,"injuries":0,"propertyDamage":250000,"cropDamage":0,"source":"","dataSource":"PUB"}},{"type":"Feature","geometry":{"type":"LineString","coordinates":[[-95.67,39.17],[-95.45,39.53]]},"properties":{"id":"ncei-1967-10028268","eventId":"10028268","episodeId":"","year":1967,"month":6,"date":"1967-06-11","beginTime":"1967-06-11T18:00:00","endTime":"1967-06-11T18:00:00","timezone":"CST","state":"KS","stateName":"Kansas","county":"Shawnee","countyFips":"177","wfo":"","scale":3,"scaleLabel":"F3","lengthMiles":27.8,"widthYards":33,"deaths":0,"injuries":0,"propertyDamage":250000,"cropDamage":0,"source":"","dataSource":"PUB"}},{"type":"Feature","geometry":{"type":"LineString","coordinates":[[-95.45,39.53],[-95.33,39.75]]},"properties":{"id":"ncei-1967-10028269","eventId":"10028269","episodeId":"","year":1967,"month":6,"date":"1967-06-11","beginTime":"1967-06-11T18:00:00","endTime":"1967-06-11T18:00:00","timezone":"CST","state":"KS","stateName":"Kansas","county":"Atchison","countyFips":"5","wfo":"","scale":3,"scaleLabel":"F3","lengthMiles":16.1,"widthYards":33,"deaths":0,"injuries":0,"propertyDamage":0,"cropDamage":0,"source":"","dataSource":"PUB"}},{"type":"Feature","geometry":{"type":"LineString","coordinates":[[-98.58,37.1],[-98.13,37.4]]},"properties":{"id":"ncei-1967-10028270","eventId":"10028270","episodeId":"","year":1967,"month":6,"date":"1967-06-11","beginTime":"1967-06-11T19:35:00","endTime":"1967-06-11T19:35:00","timezone":"CST","state":"KS","stateName":"Kansas","county":"Barber","countyFips":"7","wfo":"","scale":2,"scaleLabel":"F2","lengthMiles":32.2,"widthYards":33,"deaths":0,"injuries":0,"propertyDamage":250000,"cropDamage":0,"source":"","dataSource":"PUB"}},{"type":"Feature","geometry":{"type":"LineString","coordinates":[[-98.3,37.3],[-98.3,37.3]]},"properties":{"id":"ncei-1967-10028271","eventId":"10028271","episodeId":"","year":1967,"month":6,"date":"1967-06-11","beginTime":"1967-06-11T20:00:00","endTime":"1967-06-11T20:00:00","timezone":"CST","state":"KS","stateName":"Kansas","county":"Reno","countyFips":"155","wfo":"","scale":1,"scaleLabel":"F1","lengthMiles":14,"widthYards":33,"deaths":0,"injuries":0,"propertyDamage":250000,"cropDamage":0,"source":"","dataSource":"PUB"}},{"type":"Feature","geometry":{"type":"LineString","coordinates":[[-99.1,39.5],[-99.1,39.5]]},"properties":{"id":"ncei-1967-10028274","eventId":"10028274","episodeId":"","year":1967,"month":6,"date":"1967-06-12","beginTime":"1967-06-12T15:15:00","endTime":"1967-06-12T15:15:00","timezone":"CST","state":"KS","stateName":"Kansas","county":"Rooks","countyFips":"163","wfo":"","scale":-1,"scaleLabel":"Unknown","lengthMiles":0,"widthYards":33,"deaths":0,"injuries":0,"propertyDamage":0,"cropDamage":0,"source":"","dataSource":"PUB"}},{"type":"Feature","geometry":{"type":"LineString","coordinates":[[-100.1,39.3],[-100.1,39.3]]},"properties":{"id":"ncei-1967-10028278","eventId":"10028278","episodeId":"","year":1967,"month":6,"date":"1967-06-14","beginTime":"1967-06-14T19:55:00","endTime":"1967-06-14T19:55:00","timezone":"CST","state":"KS","stateName":"Kansas","county":"Graham","countyFips":"65","wfo":"","scale":-1,"scaleLabel":"Unknown","lengthMiles":0,"widthYards":33,"deaths":0,"injuries":0,"propertyDamage":0,"cropDamage":0,"source":"","dataSource":"PUB"}},{"type":"Feature","geometry":{"type":"LineString","coordinates":[[-101.25,38.15],[-101,38.03]]},"properties":{"id":"ncei-1967-10028300","eventId":"10028300","episodeId":"","year":1967,"month":6,"date":"1967-06-23","beginTime":"1967-06-23T20:00:00","endTime":"1967-06-23T20:00:00","timezone":"CST","state":"KS","stateName":"Kansas","county":"Kearny","countyFips":"93","wfo":"","scale":3,"scaleLabel":"F3","lengthMiles":15.8,"widthYards":33,"deaths":0,"injuries":0,"propertyDamage":0,"cropDamage":0,"source":"","dataSource":"PUB"}},{"type":"Feature","geometry":{"type":"LineString","coordinates":[[-101,38.03],[-100.67,37.92]]},"properties":{"id":"ncei-1967-10028301","eventId":"10028301","episodeId":"","year":1967,"month":6,"date":"1967-06-23","beginTime":"1967-06-23T20:30:00","endTime":"1967-06-23T20:30:00","timezone":"CST","state":"KS","stateName":"Kansas","county":"Finney","countyFips":"55","wfo":"","scale":3,"scaleLabel":"F3","lengthMiles":19.8,"widthYards":33,"deaths":1,"injuries":30,"propertyDamage":25000000,"cropDamage":0,"source":"","dataSource":"PUB"}},{"type":"Feature","geometry":{"type":"LineString","coordinates":[[-100.9,37.6],[-100.9,37.6]]},"properties":{"id":"ncei-1967-10028307","eventId":"10028307","episodeId":"","year":1967,"month":6,"date":"1967-06-26","beginTime":"1967-06-26T19:00:00","endTime":"1967-06-26T19:00:00","timezone":"CST","state":"KS","stateName":"Kansas","county":"Haskell","countyFips":"81","wfo":"","scale":0,"scaleLabel":"F0","lengthMiles":0,"widthYards":33,"deaths":0,"injuries":0,"propertyDamage":0,"cropDamage":0,"source":"","dataSource":"PUB"}},{"type":"Feature","geometry":{"type":"LineString","coordinates":[[-93.13,31.4],[-93.13,31.4]]},"properties":{"id":"ncei-1967-10033046","eventId":"10033046","episodeId":"","year":1967,"month":1,"date":"1967-01-26","beginTime":"1967-01-26T14:00:00","endTime":"1967-01-26T14:00:00","timezone":"CST","state":"LA","stateName":"Louisiana","county":"Grant","countyFips":"43","wfo":"","scale":2,"scaleLabel":"F2","lengthMiles":1,"widthYards":33,"deaths":0,"injuries":0,"propertyDamage":2500,"cropDamage":0,"source":"","dataSource":"PUB"}},{"type":"Feature","geometry":{"type":"LineString","coordinates":[[-93.17,32.23],[-93.17,32.23]]},"properties":{"id":"ncei-1967-10033049","eventId":"10033049","episodeId":"","year":1967,"month":4,"date":"1967-04-13","beginTime":"1967-04-13T13:45:00","endTime":"1967-04-13T13:45:00","timezone":"CST","state":"LA","stateName":"Louisiana","county":"Bienville","countyFips":"13","wfo":"","scale":1,"scaleLabel":"F1","lengthMiles":0.5,"widthYards":67,"deaths":0,"injuries":1,"propertyDamage":25000,"cropDamage":0,"source":"","dataSource":"PUB"}},{"type":"Feature","geometry":{"type":"LineString","coordinates":[[-93.33,32.17],[-93.33,32.17]]},"properties":{"id":"ncei-1967-10033050","eventId":"10033050","episodeId":"","year":1967,"month":4,"date":"1967-04-13","beginTime":"1967-04-13T13:50:00","endTime":"1967-04-13T13:50:00","timezone":"CST","state":"LA","stateName":"Louisiana","county":"Red River","countyFips":"81","wfo":"","scale":2,"scaleLabel":"F2","lengthMiles":2,"widthYards":100,"deaths":0,"injuries":1,"propertyDamage":25000,"cropDamage":0,"source":"","dataSource":"PUB"}},{"type":"Feature","geometry":{"type":"LineString","coordinates":[[-92.83,32.52],[-92.83,32.52]]},"properties":{"id":"ncei-1967-10033051","eventId":"10033051","episodeId":"","year":1967,"month":4,"date":"1967-04-13","beginTime":"1967-04-13T14:15:00","endTime":"1967-04-13T14:15:00","timezone":"CST","state":"LA","stateName":"Louisiana","county":"Lincoln","countyFips":"61","wfo":"","scale":1,"scaleLabel":"F1","lengthMiles":0.5,"widthYards":33,"deaths":0,"injuries":1,"propertyDamage":25000,"cropDamage":0,"source":"","dataSource":"PUB"}},{"type":"Feature","geometry":{"type":"LineString","coordinates":[[-93.05,32.52],[-93.05,32.52]]},"properties":{"id":"ncei-1967-10033052","eventId":"10033052","episodeId":"","year":1967,"month":4,"date":"1967-04-13","beginTime":"1967-04-13T14:15:00","endTime":"1967-04-13T14:15:00","timezone":"CST","state":"LA","stateName":"Louisiana","county":"Bienville","countyFips":"13","wfo":"","scale":1,"scaleLabel":"F1","lengthMiles":0.5,"widthYards":33,"deaths":0,"injuries":0,"propertyDamage":25000,"cropDamage":0,"source":"","dataSource":"PUB"}},{"type":"Feature","geometry":{"type":"LineString","coordinates":[[-92.92,32.52],[-92.92,32.52]]},"properties":{"id":"ncei-1967-10033053","eventId":"10033053","episodeId":"","year":1967,"month":4,"date":"1967-04-13","beginTime":"1967-04-13T14:15:00","endTime":"1967-04-13T14:15:00","timezone":"CST","state":"LA","stateName":"Louisiana","county":"Bienville","countyFips":"13","wfo":"","scale":1,"scaleLabel":"F1","lengthMiles":0.5,"widthYards":33,"deaths":0,"injuries":0,"propertyDamage":25000,"cropDamage":0,"source":"","dataSource":"PUB"}},{"type":"Feature","geometry":{"type":"LineString","coordinates":[[-92.5,30.17],[-92.5,30.17]]},"properties":{"id":"ncei-1967-10033054","eventId":"10033054","episodeId":"","year":1967,"month":4,"date":"1967-04-18","beginTime":"1967-04-18T18:06:00","endTime":"1967-04-18T18:06:00","timezone":"CST","state":"LA","stateName":"Louisiana","county":"Acadia","countyFips":"1","wfo":"","scale":0,"scaleLabel":"F0","lengthMiles":0.1,"widthYards":33,"deaths":0,"injuries":0,"propertyDamage":0,"cropDamage":0,"source":"","dataSource":"PUB"}},{"type":"Feature","geometry":{"type":"LineString","coordinates":[[-92.73,30.07],[-92.73,30.07]]},"properties":{"id":"ncei-1967-10033055","eventId":"10033055","episodeId":"","year":1967,"month":4,"date":"1967-04-19","beginTime":"1967-04-19T17:45:00","endTime":"1967-04-19T17:45:00","timezone":"CST","state":"LA","stateName":"Louisiana","county":"Jefferson Davis","countyFips":"53","wfo":"","scale":0,"scaleLabel":"F0","lengthMiles":0.5,"widthYards":67,"deaths":0,"injuries":0,"propertyDamage":2500,"cropDamage":0,"source":"","dataSource":"PUB"}},{"type":"Feature","geometry":{"type":"LineString","coordinates":[[-93.6,31.47],[-93.6,31.47]]},"properties":{"id":"ncei-1967-10033057","eventId":"10033057","episodeId":"","year":1967,"month":5,"date":"1967-05-01","beginTime":"1967-05-01T12:50:00","endTime":"1967-05-01T12:50:00","timezone":"CST","state":"LA","stateName":"Louisiana","county":"Sabine","countyFips":"85","wfo":"","scale":1,"scaleLabel":"F1","lengthMiles":1,"widthYards":33,"deaths":0,"injuries":0,"propertyDamage":2500,"cropDamage":0,"source":"","dataSource":"PUB"}},{"type":"Feature","geometry":{"type":"LineString","coordinates":[[-92.93,30.67],[-92.87,30.72]]},"properties":{"id":"ncei-1967-10033059","eventId":"10033059","episodeId":"","year":1967,"month":5,"date":"1967-05-01","beginTime":"1967-05-01T18:15:00","endTime":"1967-05-01T18:15:00","timezone":"CST","state":"LA","stateName":"Louisiana","county":"Allen","countyFips":"3","wfo":"","scale":3,"scaleLabel":"F3","lengthMiles":5.2,"widthYards":750,"deaths":0,"injuries":2,"propertyDamage":25000,"cropDamage":0,"source":"","dataSource":"PUB"}},{"type":"Feature","geometry":{"type":"LineString","coordinates":[[-92.28,30],[-92.28,30]]},"properties":{"id":"ncei-1967-10033060","eventId":"10033060","episodeId":"","year":1967,"month":5,"date":"1967-05-01","beginTime":"1967-05-01T22:40:00","endTime":"1967-05-01T22:40:00","timezone":"CST","state":"LA","stateName":"Louisiana","county":"Vermilion","countyFips":"113","wfo":"","scale":2,"scaleLabel":"F2","lengthMiles":2,"widthYards":50,"deaths":0,"injuries":4,"propertyDamage":250000,"cropDamage":0,"source":"","dataSource":"PUB"}},{"type":"Feature","geometry":{"type":"LineString","coordinates":[[-91.22,30.08],[-91.22,30.08]]},"properties":{"id":"ncei-1967-10033061","eventId":"10033061","episodeId":"","year":1967,"month":5,"date":"1967-05-01","beginTime":"1967-05-01T23:30:00","endTime":"1967-05-01T23:30:00","timezone":"CST","state":"LA","stateName":"Louisiana","county":"Iberville","countyFips":"47","wfo":"","scale":2,"scaleLabel":"F2","lengthMiles":1,"widthYards":50,"deaths":0,"injuries":1,"propertyDamage":25000,"cropDamage":0,"source":"","dataSource":"PUB"}},{"type":"Feature","geometry":{"type":"LineString","coordinates":[[-92.95,32.4],[-92.95,32.4]]},"properties":{"id":"ncei-1967-10033064","eventId":"10033064","episodeId":"","year":1967,"month":5,"date":"1967-05-06","beginTime":"1967-05-06T17:00:00","endTime":"1967-05-06T17:00:00","timezone":"CST","state":"LA","stateName":"Louisiana","county":"Bienville","countyFips":"13","wfo":"","scale":0,"scaleLabel":"F0","lengthMiles":1,"widthYards":33,"deaths":0,"injuries":0,"propertyDamage":25000,"cropDamage":0,"source":"","dataSource":"PUB"}},{"type":"Feature","geometry":{"type":"LineString","coordinates":[[-93.78,32.82],[-93.78,32.83]]},"properties":{"id":"ncei-1967-10033068","eventId":"10033068","episodeId":"","year":1967,"month":5,"date":"1967-05-06","beginTime":"1967-05-06T19:15:00","endTime":"1967-05-06T19:15:00","timezone":"CST","state":"LA","stateName":"Louisiana","county":"Sabine","countyFips":"85","wfo":"","scale":2,"scaleLabel":"F2","lengthMiles":1.1,"widthYards":33,"deaths":0,"injuries":0,"propertyDamage":2500,"cropDamage":0,"source":"","dataSource":"PUB"}},{"type":"Feature","geometry":{"type":"LineString","coordinates":[[-93.78,32.83],[-93.78,32.85]]},"properties":{"id":"ncei-1967-10033069","eventId":"10033069","episodeId":"","year":1967,"month":5,"date":"1967-05-06","beginTime":"1967-05-06T19:15:00","endTime":"1967-05-06T19:15:00","timezone":"CST","state":"LA","stateName":"Louisiana","county":"De Soto","countyFips":"31","wfo":"","scale":2,"scaleLabel":"F2","lengthMiles":1.1,"widthYards":33,"deaths":0,"injuries":1,"propertyDamage":2500,"cropDamage":0,"source":"","dataSource":"PUB"}},{"type":"Feature","geometry":{"type":"LineString","coordinates":[[-92.3,30],[-92.3,30]]},"properties":{"id":"ncei-1967-10033070","eventId":"10033070","episodeId":"","year":1967,"month":5,"date":"1967-05-21","beginTime":"1967-05-21T05:45:00","endTime":"1967-05-21T05:45:00","timezone":"CST","state":"LA","stateName":"Louisiana","county":"Vermilion","countyFips":"113","wfo":"","scale":1,"scaleLabel":"F1","lengthMiles":0.5,"widthYards":50,"deaths":0,"injuries":0,"propertyDamage":2500,"cropDamage":0,"source":"","dataSource":"PUB"}},{"type":"Feature","geometry":{"type":"LineString","coordinates":[[-89.65,29.47],[-89.65,29.47]]},"properties":{"id":"ncei-1967-10033085","eventId":"10033085","episodeId":"","year":1967,"month":9,"date":"1967-09-06","beginTime":"1967-09-06T05:00:00","endTime":"1967-09-06T05:00:00","timezone":"CST","state":"LA","stateName":"Louisiana","county":"Plaquemines","countyFips":"75","wfo":"","scale":1,"scaleLabel":"F1","lengthMiles":0.1,"widthYards":7,"deaths":0,"injuries":0,"propertyDamage":25000,"cropDamage":0,"source":"","dataSource":"PUB"}},{"type":"Feature","geometry":{"type":"LineString","coordinates":[[-90.72,29.6],[-90.72,29.6]]},"properties":{"id":"ncei-1967-10033086","eventId":"10033086","episodeId":"","year":1967,"month":9,"date":"1967-09-06","beginTime":"1967-09-06T09:00:00","endTime":"1967-09-06T09:00:00","timezone":"CST","state":"LA","stateName":"Louisiana","county":"Terrebonne","countyFips":"109","wfo":"","scale":1,"scaleLabel":"F1","lengthMiles":0.2,"widthYards":7,"deaths":0,"injuries":0,"propertyDamage":25000,"cropDamage":0,"source":"","dataSource":"PUB"}},{"type":"Feature","geometry":{"type":"LineString","coordinates":[[-89.75,29.6],[-89.75,29.6]]},"properties":{"id":"ncei-1967-10033088","eventId":"10033088","episodeId":"","year":1967,"month":10,"date":"1967-10-30","beginTime":"1967-10-30T07:15:00","endTime":"1967-10-30T07:15:00","timezone":"CST","state":"LA","stateName":"Louisiana","county":"Plaquemines","countyFips":"75","wfo":"","scale":2,"scaleLabel":"F2","lengthMiles":1,"widthYards":10,"deaths":0,"injuries":5,"propertyDamage":250000,"cropDamage":0,"source":"","dataSource":"PUB"}},{"type":"Feature","geometry":{"type":"LineString","coordinates":[[-89.53,29.35],[-89.53,29.35]]},"properties":{"id":"ncei-1967-10033090","eventId":"10033090","episodeId":"","year":1967,"month":10,"date":"1967-10-30","beginTime":"1967-10-30T12:00:00","endTime":"1967-10-30T12:00:00","timezone":"CST","state":"LA","stateName":"Louisiana","county":"Plaquemines","countyFips":"75","wfo":"","scale":2,"scaleLabel":"F2","lengthMiles":0.2,"widthYards":10,"deaths":0,"injuries":1,"propertyDamage":25000,"cropDamage":0,"source":"","dataSource":"PUB"}},{"type":"Feature","geometry":{"type":"LineString","coordinates":[[-84.62,39],[-84.62,39]]},"properties":{"id":"ncei-1967-10034883","eventId":"10034883","episodeId":"","year":1967,"month":2,"date":"1967-02-15","beginTime":"1967-02-15T19:03:00","endTime":"1967-02-15T19:03:00","timezone":"CST","state":"KY","stateName":"Kentucky","county":"Boone","countyFips":"15","wfo":"","scale":1,"scaleLabel":"F1","lengthMiles":0.1,"widthYards":50,"deaths":0,"injuries":0,"propertyDamage":25000,"cropDamage":0,"source":"","dataSource":"PUB"}},{"type":"Feature","geometry":{"type":"LineString","coordinates":[[-84.62,39],[-84.62,39]]},"properties":{"id":"ncei-1967-10034885","eventId":"10034885","episodeId":"","year":1967,"month":2,"date":"1967-02-15","beginTime":"1967-02-15T20:30:00","endTime":"1967-02-15T20:30:00","timezone":"CST","state":"KY","stateName":"Kentucky","county":"Boone","countyFips":"15","wfo":"","scale":1,"scaleLabel":"F1","lengthMiles":0.1,"widthYards":50,"deaths":0,"injuries":0,"propertyDamage":25000,"cropDamage":0,"source":"","dataSource":"PUB"}},{"type":"Feature","geometry":{"type":"LineString","coordinates":[[-85.2,38.7],[-85.2,38.7]]},"properties":{"id":"ncei-1967-10034888","eventId":"10034888","episodeId":"","year":1967,"month":3,"date":"1967-03-04","beginTime":"1967-03-04T19:20:00","endTime":"1967-03-04T19:20:00","timezone":"CST","state":"KY","stateName":"Kentucky","county":"Carroll","countyFips":"41","wfo":"","scale":-1,"scaleLabel":"Unknown","lengthMiles":0,"widthYards":33,"deaths":0,"injuries":0,"propertyDamage":0,"cropDamage":0,"source":"","dataSource":"PUB"}},{"type":"Feature","geometry":{"type":"LineString","coordinates":[[-84.52,36.82],[-84.33,36.75]]},"properties":{"id":"ncei-1967-10034889","eventId":"10034889","episodeId":"","year":1967,"month":3,"date":"1967-03-12","beginTime":"1967-03-12T04:20:00","endTime":"1967-03-12T04:20:00","timezone":"CST","state":"KY","stateName":"Kentucky","county":"Mccreary","countyFips":"147","wfo":"","scale":3,"scaleLabel":"F3","lengthMiles":11.1,"widthYards":100,"deaths":0,"injuries":0,"propertyDamage":250000,"cropDamage":0,"source":"","dataSource":"PUB"}},{"type":"Feature","geometry":{"type":"LineString","coordinates":[[-84.33,36.75],[-84.13,36.67]]},"properties":{"id":"ncei-1967-10034890","eventId":"10034890","episodeId":"","year":1967,"month":3,"date":"1967-03-12","beginTime":"1967-03-12T04:37:00","endTime":"1967-03-12T04:37:00","timezone":"CST","state":"KY","stateName":"Kentucky","county":"Whitley","countyFips":"235","wfo":"","scale":3,"scaleLabel":"F3","lengthMiles":12.5,"widthYards":100,"deaths":0,"injuries":5,"propertyDamage":250000,"cropDamage":0,"source":"","dataSource":"PUB"}},{"type":"Feature","geometry":{"type":"LineString","coordinates":[[-84.12,36.67],[-84.12,36.67]]},"properties":{"id":"ncei-1967-10034891","eventId":"10034891","episodeId":"","year":1967,"month":3,"date":"1967-03-12","beginTime":"1967-03-12T05:30:00","endTime":"1967-03-12T05:30:00","timezone":"CST","state":"KY","stateName":"Kentucky","county":"Whitley","countyFips":"235","wfo":"","scale":3,"scaleLabel":"F3","lengthMiles":2,"widthYards":100,"deaths":0,"injuries":0,"propertyDamage":0,"cropDamage":0,"source":"","dataSource":"PUB"}},{"type":"Feature","geometry":{"type":"LineString","coordinates":[[-84.37,37.68],[-84.37,37.68]]},"properties":{"id":"ncei-1967-10034892","eventId":"10034892","episodeId":"","year":1967,"month":3,"date":"1967-03-12","beginTime":"1967-03-12T20:20:00","endTime":"1967-03-12T20:20:00","timezone":"CST","state":"KY","stateName":"Kentucky","county":"Mccreary","countyFips":"147","wfo":"","scale":2,"scaleLabel":"F2","lengthMiles":0,"widthYards":33,"deaths":0,"injuries":0,"propertyDamage":25000,"cropDamage":0,"source":"","dataSource":"PUB"}},{"type":"Feature","geometry":{"type":"LineString","coordinates":[[-88.35,36.5],[-88.35,36.5]]},"properties":{"id":"ncei-1967-10034897","eventId":"10034897","episodeId":"","year":1967,"month":5,"date":"1967-05-01","beginTime":"1967-05-01T14:15:00","endTime":"1967-05-01T14:15:00","timezone":"CST","state":"KY","stateName":"Kentucky","county":"Calloway","countyFips":"35","wfo":"","scale":1,"scaleLabel":"F1","lengthMiles":1,"widthYards":50,"deaths":0,"injuries":0,"propertyDamage":2500,"cropDamage":0,"source":"","dataSource":"PUB"}},{"type":"Feature","geometry":{"type":"LineString","coordinates":[[-87.88,37.43],[-87.8,37.53]]},"properties":{"id":"ncei-1967-10034898","eventId":"10034898","episodeId":"","year":1967,"month":5,"date":"1967-05-06","beginTime":"1967-05-06T21:15:00","endTime":"1967-05-06T21:15:00","timezone":"CST","state":"KY","stateName":"Kentucky","county":"Webster","countyFips":"233","wfo":"","scale":2,"scaleLabel":"F2","lengthMiles":8.2,"widthYards":50,"deaths":0,"injuries":2,"propertyDamage":250000,"cropDamage":0,"source":"","dataSource":"PUB"}},{"type":"Feature","geometry":{"type":"LineString","coordinates":[[-83.7,38.6],[-83.7,38.6]]},"properties":{"id":"ncei-1967-10034901","eventId":"10034901","episodeId":"","year":1967,"month":5,"date":"1967-05-07","beginTime":"1967-05-07T06:25:00","endTime":"1967-05-07T06:25:00","timezone":"CST","state":"KY","stateName":"Kentucky","county":"Mason","countyFips":"161","wfo":"","scale":3,"scaleLabel":"F3","lengthMiles":2,"widthYards":33,"deaths":0,"injuries":0,"propertyDamage":25000,"cropDamage":0,"source":"","dataSource":"PUB"}},{"type":"Feature","geometry":{"type":"LineString","coordinates":[[-84.6,37.9],[-84.6,37.9]]},"properties":{"id":"ncei-1967-10034908","eventId":"10034908","episodeId":"","year":1967,"month":5,"date":"1967-05-14","beginTime":"1967-05-14T07:00:00","endTime":"1967-05-14T07:00:00","timezone":"CST","state":"KY","stateName":"Kentucky","county":"Jessamine","countyFips":"113","wfo":"","scale":0,"scaleLabel":"F0","lengthMiles":0,"widthYards":33,"deaths":0,"injuries":0,"propertyDamage":0,"cropDamage":0,"source":"","dataSource":"PUB"}},{"type":"Feature","geometry":{"type":"LineString","coordinates":[[-84.9,37.02],[-84.83,37.05]]},"properties":{"id":"ncei-1967-10034909","eventId":"10034909","episodeId":"","year":1967,"month":5,"date":"1967-05-30","beginTime":"1967-05-30T05:10:00","endTime":"1967-05-30T05:10:00","timezone":"CST","state":"KY","stateName":"Kentucky","county":"Pulaski","countyFips":"199","wfo":"","scale":2,"scaleLabel":"F2","lengthMiles":4.3,"widthYards":33,"deaths":0,"injuries":0,"propertyDamage":25000,"cropDamage":0,"source":"","dataSource":"PUB"}},{"type":"Feature","geometry":{"type":"LineString","coordinates":[[-88.75,37.17],[-88.75,37.17]]},"properties":{"id":"ncei-1967-10034916","eventId":"10034916","episodeId":"","year":1967,"month":7,"date":"1967-07-10","beginTime":"1967-07-10T19:30:00","endTime":"1967-07-10T19:30:00","timezone":"CST","state":"KY","stateName":"Kentucky","county":"Mccracken","countyFips":"145","wfo":"","scale":1,"scaleLabel":"F1","lengthMiles":0,"widthYards":33,"deaths":0,"injuries":0,"propertyDamage":2500,"cropDamage":0,"source":"","dataSource":"PUB"}},{"type":"Feature","geometry":{"type":"LineString","coordinates":[[-88.9,36.5],[-88.9,36.63]]},"properties":{"id":"ncei-1967-10034922","eventId":"10034922","episodeId":"","year":1967,"month":12,"date":"1967-12-11","beginTime":"1967-12-11T11:45:00","endTime":"1967-12-11T11:45:00","timezone":"CST","state":"KY","stateName":"Kentucky","county":"Clay","countyFips":"51","wfo":"","scale":2,"scaleLabel":"F2","lengthMiles":0,"widthYards":33,"deaths":0,"injuries":0,"propertyDamage":0,"cropDamage":0,"source":"","dataSource":"PUB"}},{"type":"Feature","geometry":{"type":"LineString","coordinates":[[-88.75,36.53],[-88.75,36.53]]},"properties":{"id":"ncei-1967-10034924","eventId":"10034924","episodeId":"","year":1967,"month":12,"date":"1967-12-11","beginTime":"1967-12-11T12:45:00","endTime":"1967-12-11T12:45:00","timezone":"CST","state":"KY","stateName":"Kentucky","county":"Graves","countyFips":"83","wfo":"","scale":1,"scaleLabel":"F1","lengthMiles":0,"widthYards":33,"deaths":0,"injuries":0,"propertyDamage":0,"cropDamage":0,"source":"","dataSource":"PUB"}},{"type":"Feature","geometry":{"type":"LineString","coordinates":[[-88.08,37.33],[-87.92,37.45]]},"properties":{"id":"ncei-1967-10034925","eventId":"10034925","episodeId":"","year":1967,"month":12,"date":"1967-12-11","beginTime":"1967-12-11T13:45:00","endTime":"1967-12-11T13:45:00","timezone":"CST","state":"KY","stateName":"Kentucky","county":"Crittenden","countyFips":"55","wfo":"","scale":2,"scaleLabel":"F2","lengthMiles":12.1,"widthYards":33,"deaths":0,"injuries":0,"propertyDamage":0,"cropDamage":0,"source":"","dataSource":"PUB"}},{"type":"Feature","geometry":{"type":"LineString","coordinates":[[-87.72,37.75],[-87.72,37.75]]},"properties":{"id":"ncei-1967-10034926","eventId":"10034926","episodeId":"","year":1967,"month":12,"date":"1967-12-11","beginTime":"1967-12-11T14:30:00","endTime":"1967-12-11T14:30:00","timezone":"CST","state":"KY","stateName":"Kentucky","county":"Henderson","countyFips":"101","wfo":"","scale":2,"scaleLabel":"F2","lengthMiles":0,"widthYards":33,"deaths":0,"injuries":0,"propertyDamage":0,"cropDamage":0,"source":"","dataSource":"PUB"}},{"type":"Feature","geometry":{"type":"LineString","coordinates":[[-84.73,42.63],[-84.53,42.7]]},"properties":{"id":"ncei-1967-10039900","eventId":"10039900","episodeId":"","year":1967,"month":4,"date":"1967-04-21","beginTime":"1967-04-21T20:10:00","endTime":"1967-04-21T20:10:00","timezone":"CST","state":"MI","stateName":"Michigan","county":"Eaton","countyFips":"45","wfo":"","scale":2,"scaleLabel":"F2","lengthMiles":10.9,"widthYards":33,"deaths":0,"injuries":0,"propertyDamage":25000,"cropDamage":0,"source":"","dataSource":"PUB"}},{"type":"Feature","geometry":{"type":"LineString","coordinates":[[-86.52,42.02],[-86.52,42.02]]},"properties":{"id":"ncei-1967-10040681","eventId":"10040681","episodeId":"","year":1967,"month":6,"date":"1967-06-11","beginTime":"1967-06-11T16:20:00","endTime":"1967-06-11T16:20:00","timezone":"CST","state":"MI","stateName":"Michigan","county":"Berrien","countyFips":"21","wfo":"","scale":0,"scaleLabel":"F0","lengthMiles":0,"widthYards":33,"deaths":0,"injuries":0,"propertyDamage":0,"cropDamage":0,"source":"","dataSource":"PUB"}},{"type":"Feature","geometry":{"type":"LineString","coordinates":[[-86.22,43.58],[-86.22,43.58]]},"properties":{"id":"ncei-1967-10040693","eventId":"10040693","episodeId":"","year":1967,"month":7,"date":"1967-07-11","beginTime":"1967-07-11T15:30:00","endTime":"1967-07-11T15:30:00","timezone":"CST","state":"MI","stateName":"Michigan","county":"Oceana","countyFips":"127","wfo":"","scale":1,"scaleLabel":"F1","lengthMiles":1,"widthYards":333,"deaths":0,"injuries":0,"propertyDamage":25000,"cropDamage":0,"source":"","dataSource":"PUB"}},{"type":"Feature","geometry":{"type":"LineString","coordinates":[[-83.43,45.07],[-83.43,45.07]]},"properties":{"id":"ncei-1967-10040696","eventId":"10040696","episodeId":"","year":1967,"month":7,"date":"1967-07-22","beginTime":"1967-07-22T17:55:00","endTime":"1967-07-22T17:55:00","timezone":"CST","state":"MI","stateName":"Michigan","county":"Alcona","countyFips":"1","wfo":"","scale":1,"scaleLabel":"F1","lengthMiles":0,"widthYards":27,"deaths":0,"injuries":0,"propertyDamage":2500,"cropDamage":0,"source":"","dataSource":"PUB"}},{"type":"Feature","geometry":{"type":"LineString","coordinates":[[-84.6,42.75],[-84.6,42.75]]},"properties":{"id":"ncei-1967-10040702","eventId":"10040702","episodeId":"","year":1967,"month":9,"date":"1967-09-21","beginTime":"1967-09-21T09:45:00","endTime":"1967-09-21T09:45:00","timezone":"CST","state":"MI","stateName":"Michigan","county":"Clinton","countyFips":"37","wfo":"","scale":1,"scaleLabel":"F1","lengthMiles":0.1,"widthYards":17,"deaths":0,"injuries":0,"propertyDamage":0,"cropDamage":0,"source":"","dataSource":"PUB"}},{"type":"Feature","geometry":{"type":"LineString","coordinates":[[-85.82,42.63],[-85.82,42.63]]},"properties":{"id":"ncei-1967-10040704","eventId":"10040704","episodeId":"","year":1967,"month":10,"date":"1967-10-24","beginTime":"1967-10-24T19:15:00","endTime":"1967-10-24T19:15:00","timezone":"CST","state":"MI","stateName":"Michigan","county":"Allegan","countyFips":"5","wfo":"","scale":2,"scaleLabel":"F2","lengthMiles":0,"widthYards":33,"deaths":0,"injuries":4,"propertyDamage":25000,"cropDamage":0,"source":"","dataSource":"PUB"}},{"type":"Feature","geometry":{"type":"LineString","coordinates":[[-83.72,43.33],[-83.67,43.35]]},"properties":{"id":"ncei-1967-10041012","eventId":"10041012","episodeId":"","year":1967,"month":4,"date":"1967-04-14","beginTime":"1967-04-14T19:20:00","endTime":"1967-04-14T19:20:00","timezone":"CST","state":"MI","stateName":"Michigan","county":"Saginaw","countyFips":"145","wfo":"","scale":1,"scaleLabel":"F1","lengthMiles":1.3,"widthYards":50,"deaths":0,"injuries":0,"propertyDamage":250000,"cropDamage":0,"source":"","dataSource":"PUB"}},{"type":"Feature","geometry":{"type":"LineString","coordinates":[[-84.03,42.32],[-84.03,42.32]]},"properties":{"id":"ncei-1967-10041013","eventId":"10041013","episodeId":"","year":1967,"month":4,"date":"1967-04-14","beginTime":"1967-04-14T19:30:00","endTime":"1967-04-14T19:30:00","timezone":"CST","state":"MI","stateName":"Michigan","county":"Washtenaw","countyFips":"161","wfo":"","scale":1,"scaleLabel":"F1","lengthMiles":0,"widthYards":20,"deaths":0,"injuries":0,"propertyDamage":2500,"cropDamage":0,"source":"","dataSource":"PUB"}},{"type":"Feature","geometry":{"type":"LineString","coordinates":[[-86.37,43.4],[-86.37,43.4]]},"properties":{"id":"ncei-1967-10041015","eventId":"10041015","episodeId":"","year":1967,"month":4,"date":"1967-04-16","beginTime":"1967-04-16T19:40:00","endTime":"1967-04-16T19:40:00","timezone":"CST","state":"MI","stateName":"Michigan","county":"Muskegon","countyFips":"121","wfo":"","scale":1,"scaleLabel":"F1","lengthMiles":0,"widthYards":20,"deaths":0,"injuries":0,"propertyDamage":2500,"cropDamage":0,"source":"","dataSource":"PUB"}},{"type":"Feature","geometry":{"type":"LineString","coordinates":[[-84.2,43],[-84.2,43]]},"properties":{"id":"ncei-1967-10041016","eventId":"10041016","episodeId":"","year":1967,"month":4,"date":"1967-04-16","beginTime":"1967-04-16T22:18:00","endTime":"1967-04-16T22:18:00","timezone":"CST","state":"MI","stateName":"Michigan","county":"Shiawassee","countyFips":"155","wfo":"","scale":2,"scaleLabel":"F2","lengthMiles":0.3,"widthYards":20,"deaths":0,"injuries":1,"propertyDamage":250000,"cropDamage":0,"source":"","dataSource":"PUB"}},{"type":"Feature","geometry":{"type":"LineString","coordinates":[[-86.13,42.5],[-85.88,42.7]]},"properties":{"id":"ncei-1967-10041017","eventId":"10041017","episodeId":"","year":1967,"month":4,"date":"1967-04-21","beginTime":"1967-04-21T17:55:00","endTime":"1967-04-21T17:55:00","timezone":"CST","state":"MI","stateName":"Michigan","county":"Allegan","countyFips":"5","wfo":"","scale":2,"scaleLabel":"F2","lengthMiles":18.6,"widthYards":50,"deaths":0,"injuries":4,"propertyDamage":250000,"cropDamage":0,"source":"","dataSource":"PUB"}},{"type":"Feature","geometry":{"type":"LineString","coordinates":[[-85.77,42.9],[-85.5,42.95]]},"properties":{"id":"ncei-1967-10041018","eventId":"10041018","episodeId":"","year":1967,"month":4,"date":"1967-04-21","beginTime":"1967-04-21T17:58:00","endTime":"1967-04-21T17:58:00","timezone":"CST","state":"MI","stateName":"Michigan","county":"Kent","countyFips":"81","wfo":"","scale":3,"scaleLabel":"F3","lengthMiles":13.6,"widthYards":400,"deaths":0,"injuries":32,"propertyDamage":25000000,"cropDamage":0,"source":"","dataSource":"PUB"}},{"type":"Feature","geometry":{"type":"LineString","coordinates":[[-85.45,42.72],[-85.18,42.8]]},"properties":{"id":"ncei-1967-10041019","eventId":"10041019","episodeId":"","year":1967,"month":4,"date":"1967-04-21","beginTime":"1967-04-21T18:00:00","endTime":"1967-04-21T18:00:00","timezone":"CST","state":"MI","stateName":"Michigan","county":"Barry","countyFips":"15","wfo":"","scale":2,"scaleLabel":"F2","lengthMiles":14.5,"widthYards":500,"deaths":0,"injuries":1,"propertyDamage":25000,"cropDamage":0,"source":"","dataSource":"PUB"}},{"type":"Feature","geometry":{"type":"LineString","coordinates":[[-86.5,42.02],[-86.5,42.02]]},"properties":{"id":"ncei-1967-10041021","eventId":"10041021","episodeId":"","year":1967,"month":4,"date":"1967-04-21","beginTime":"1967-04-21T18:25:00","endTime":"1967-04-21T18:25:00","timezone":"CST","state":"MI","stateName":"Michigan","county":"Berrien","countyFips":"21","wfo":"","scale":2,"scaleLabel":"F2","lengthMiles":1,"widthYards":27,"deaths":0,"injuries":0,"propertyDamage":250000,"cropDamage":0,"source":"","dataSource":"PUB"}},{"type":"Feature","geometry":{"type":"LineString","coordinates":[[-86.08,43.4],[-86.08,43.4]]},"properties":{"id":"ncei-1967-10041023","eventId":"10041023","episodeId":"","year":1967,"month":4,"date":"1967-04-21","beginTime":"1967-04-21T19:10:00","endTime":"1967-04-21T19:10:00","timezone":"CST","state":"MI","stateName":"Michigan","county":"Muskegon","countyFips":"121","wfo":"","scale":0,"scaleLabel":"F0","lengthMiles":0,"widthYards":33,"deaths":0,"injuries":0,"propertyDamage":0,"cropDamage":0,"source":"","dataSource":"PUB"}},{"type":"Feature","geometry":{"type":"LineString","coordinates":[[-84.92,42.87],[-84.88,42.88]]},"properties":{"id":"ncei-1967-10041024","eventId":"10041024","episodeId":"","year":1967,"month":4,"date":"1967-04-21","beginTime":"1967-04-21T19:15:00","endTime":"1967-04-21T19:15:00","timezone":"CST","state":"MI","stateName":"Michigan","county":"Ionia","countyFips":"67","wfo":"","scale":2,"scaleLabel":"F2","lengthMiles":0,"widthYards":33,"deaths":0,"injuries":6,"propertyDamage":250000,"cropDamage":0,"source":"","dataSource":"PUB"}},{"type":"Feature","geometry":{"type":"LineString","coordinates":[[-84.8,42.93],[-84.58,43.02]]},"properties":{"id":"ncei-1967-10041025","eventId":"10041025","episodeId":"","year":1967,"month":4,"date":"1967-04-21","beginTime":"1967-04-21T19:15:00","endTime":"1967-04-21T19:15:00","timezone":"CST","state":"MI","stateName":"Michigan","county":"Clinton","countyFips":"37","wfo":"","scale":4,"scaleLabel":"F4","lengthMiles":12,"widthYards":50,"deaths":0,"injuries":8,"propertyDamage":2500000,"cropDamage":0,"source":"","dataSource":"PUB"}},{"type":"Feature","geometry":{"type":"LineString","coordinates":[[-85.5,42.92],[-85.5,42.92]]},"properties":{"id":"ncei-1967-10041026","eventId":"10041026","episodeId":"","year":1967,"month":4,"date":"1967-04-21","beginTime":"1967-04-21T19:30:00","endTime":"1967-04-21T19:30:00","timezone":"CST","state":"MI","stateName":"Michigan","county":"Kent","countyFips":"81","wfo":"","scale":2,"scaleLabel":"F2","lengthMiles":0.3,"widthYards":27,"deaths":0,"injuries":0,"propertyDamage":25000,"cropDamage":0,"source":"","dataSource":"PUB"}},{"type":"Feature","geometry":{"type":"LineString","coordinates":[[-85,42.77],[-85,42.77]]},"properties":{"id":"ncei-1967-10041028","eventId":"10041028","episodeId":"","year":1967,"month":4,"date":"1967-04-21","beginTime":"1967-04-21T19:48:00","endTime":"1967-04-21T19:48:00","timezone":"CST","state":"MI","stateName":"Michigan","county":"Eaton","countyFips":"45","wfo":"","scale":1,"scaleLabel":"F1","lengthMiles":0,"widthYards":33,"deaths":0,"injuries":0,"propertyDamage":25000,"cropDamage":0,"source":"","dataSource":"PUB"}},{"type":"Feature","geometry":{"type":"LineString","coordinates":[[-76.58,38.33],[-76.57,38.35]]},"properties":{"id":"ncei-1967-10041177","eventId":"10041177","episodeId":"","year":1967,"month":1,"date":"1967-01-27","beginTime":"1967-01-27T11:05:00","endTime":"1967-01-27T11:05:00","timezone":"CST","state":"MD","stateName":"Maryland","county":"St. Mary's","countyFips":"37","wfo":"","scale":1,"scaleLabel":"F1","lengthMiles":0,"widthYards":50,"deaths":0,"injuries":0,"propertyDamage":2500,"cropDamage":0,"source":"","dataSource":"PUB"}},{"type":"Feature","geometry":{"type":"LineString","coordinates":[[-79.33,39.38],[-79.33,39.38]]},"properties":{"id":"ncei-1967-10041183","eventId":"10041183","episodeId":"","year":1967,"month":5,"date":"1967-05-19","beginTime":"1967-05-19T18:15:00","endTime":"1967-05-19T18:15:00","timezone":"CST","state":"MD","stateName":"Maryland","county":"Garrett","countyFips":"23","wfo":"","scale":3,"scaleLabel":"F3","lengthMiles":0.3,"widthYards":33,"deaths":1,"injuries":0,"propertyDamage":25000,"cropDamage":0,"source":"","dataSource":"PUB"}},{"type":"Feature","geometry":{"type":"LineString","coordinates":[[-76.3,38.72],[-76.28,38.77]]},"properties":{"id":"ncei-1967-10041184","eventId":"10041184","episodeId":"","year":1967,"month":7,"date":"1967-07-28","beginTime":"1967-07-28T13:13:00","endTime":"1967-07-28T13:13:00","timezone":"CST","state":"MD","stateName":"Maryland","county":"Talbot","countyFips":"41","wfo":"","scale":1,"scaleLabel":"F1","lengthMiles":3.3,"widthYards":20,"deaths":0,"injuries":0,"propertyDamage":25000,"cropDamage":0,"source":"","dataSource":"PUB"}},{"type":"Feature","geometry":{"type":"LineString","coordinates":[[-76.02,39.55],[-76.02,39.55]]},"properties":{"id":"ncei-1967-10041186","eventId":"10041186","episodeId":"","year":1967,"month":8,"date":"1967-08-03","beginTime":"1967-08-03T17:15:00","endTime":"1967-08-03T17:15:00","timezone":"CST","state":"MD","stateName":"Maryland","county":"Cecil","countyFips":"15","wfo":"","scale":1,"scaleLabel":"F1","lengthMiles":0.3,"widthYards":17,"deaths":0,"injuries":0,"propertyDamage":2500,"cropDamage":0,"source":"","dataSource":"PUB"}},{"type":"Feature","geometry":{"type":"LineString","coordinates":[[-77.27,39.15],[-77.27,39.15]]},"properties":{"id":"ncei-1967-10041189","eventId":"10041189","episodeId":"","year":1967,"month":8,"date":"1967-08-26","beginTime":"1967-08-26T16:12:00","endTime":"1967-08-26T16:12:00","timezone":"CST","state":"MD","stateName":"Maryland","county":"Montgomery","countyFips":"31","wfo":"","scale":1,"scaleLabel":"F1","lengthMiles":2,"widthYards":100,"deaths":0,"injuries":0,"propertyDamage":25000,"cropDamage":0,"source":"","dataSource":"PUB"}},{"type":"Feature","geometry":{"type":"LineString","coordinates":[[-70.9,41.97],[-70.9,41.97]]},"properties":{"id":"ncei-1967-10041520","eventId":"10041520","episodeId":"","year":1967,"month":11,"date":"1967-11-18","beginTime":"1967-11-18T19:15:00","endTime":"1967-11-18T19:15:00","timezone":"CST","state":"MA","stateName":"Massachusetts","county":"Plymouth","countyFips":"23","wfo":"","scale":2,"scaleLabel":"F2","lengthMiles":0.1,"widthYards":17,"deaths":0,"injuries":0,"propertyDamage":0,"cropDamage":0,"source":"","dataSource":"PUB"}},{"type":"Feature","geometry":{"type":"LineString","coordinates":[[-69.98,44.52],[-69.98,44.52]]},"properties":{"id":"ncei-1967-10043764","eventId":"10043764","episodeId":"","year":1967,"month":6,"date":"1967-06-17","beginTime":"1967-06-17T14:00:00","endTime":"1967-06-17T14:00:00","timezone":"CST","state":"ME","stateName":"Maine","county":"Kennebec","countyFips":"11","wfo":"","scale":1,"scaleLabel":"F1","lengthMiles":1,"widthYards":17,"deaths":0,"injuries":0,"propertyDamage":25000,"cropDamage":0,"source":"","dataSource":"PUB"}},{"type":"Feature","geometry":{"type":"LineString","coordinates":[[-90.37,33.48],[-90.37,33.48]]},"properties":{"id":"ncei-1967-10047204","eventId":"10047204","episodeId":"","year":1967,"month":1,"date":"1967-01-26","beginTime":"1967-01-26T14:30:00","endTime":"1967-01-26T14:30:00","timezone":"CST","state":"MS","stateName":"Mississippi","county":"Leflore","countyFips":"83","wfo":"","scale":2,"scaleLabel":"F2","lengthMiles":0.3,"widthYards":20,"deaths":0,"injuries":7,"propertyDamage":250000,"cropDamage":0,"source":"","dataSource":"PUB"}},{"type":"Feature","geometry":{"type":"LineString","coordinates":[[-90.23,32.35],[-90.23,32.35]]},"properties":{"id":"ncei-1967-10047414","eventId":"10047414","episodeId":"","year":1967,"month":2,"date":"1967-02-20","beginTime":"1967-02-20T07:00:00","endTime":"1967-02-20T07:00:00","timezone":"CST","state":"MS","stateName":"Mississippi","county":"Hinds","countyFips":"49","wfo":"","scale":1,"scaleLabel":"F1","lengthMiles":0,"widthYards":33,"deaths":0,"injuries":0,"propertyDamage":25000,"cropDamage":0,"source":"","dataSource":"PUB"}},{"type":"Feature","geometry":{"type":"LineString","coordinates":[[-89.12,32.67],[-89.12,32.67]]},"properties":{"id":"ncei-1967-10047419","eventId":"10047419","episodeId":"","year":1967,"month":3,"date":"1967-03-06","beginTime":"1967-03-06T12:45:00","endTime":"1967-03-06T12:45:00","timezone":"CST","state":"MS","stateName":"Mississippi","county":"Neshoba","countyFips":"99","wfo":"","scale":1,"scaleLabel":"F1","lengthMiles":0,"widthYards":33,"deaths":0,"injuries":0,"propertyDamage":2500,"cropDamage":0,"source":"","dataSource":"PUB"}},{"type":"Feature","geometry":{"type":"LineString","coordinates":[[-90.77,33.77],[-90.77,33.77]]},"properties":{"id":"ncei-1967-10047423","eventId":"10047423","episodeId":"","year":1967,"month":4,"date":"1967-04-13","beginTime":"1967-04-13T17:00:00","endTime":"1967-04-13T17:00:00","timezone":"CST","state":"MS","stateName":"Mississippi","county":"Bolivar","countyFips":"11","wfo":"","scale":1,"scaleLabel":"F1","lengthMiles":0,"widthYards":33,"deaths":0,"injuries":0,"propertyDamage":25000,"cropDamage":0,"source":"","dataSource":"PUB"}},{"type":"Feature","geometry":{"type":"LineString","coordinates":[[-90.57,33.7],[-90.57,33.7]]},"properties":{"id":"ncei-1967-10047424","eventId":"10047424","episodeId":"","year":1967,"month":4,"date":"1967-04-13","beginTime":"1967-04-13T17:30:00","endTime":"1967-04-13T17:30:00","timezone":"CST","state":"MS","stateName":"Mississippi","county":"Sunflower","countyFips":"133","wfo":"","scale":-1,"scaleLabel":"Unknown","lengthMiles":0,"widthYards":33,"deaths":0,"injuries":0,"propertyDamage":0,"cropDamage":0,"source":"","dataSource":"PUB"}},{"type":"Feature","geometry":{"type":"LineString","coordinates":[[-90.13,32.18],[-90.13,32.18]]},"properties":{"id":"ncei-1967-10047425","eventId":"10047425","episodeId":"","year":1967,"month":4,"date":"1967-04-14","beginTime":"1967-04-14T02:05:00","endTime":"1967-04-14T02:05:00","timezone":"CST","state":"MS","stateName":"Mississippi","county":"Rankin","countyFips":"121","wfo":"","scale":1,"scaleLabel":"F1","lengthMiles":0.6,"widthYards":20,"deaths":0,"injuries":0,"propertyDamage":25000,"cropDamage":0,"source":"","dataSource":"PUB"}},{"type":"Feature","geometry":{"type":"LineString","coordinates":[[-89.22,31.98],[-89.22,31.98]]},"properties":{"id":"ncei-1967-10047427","eventId":"10047427","episodeId":"","year":1967,"month":4,"date":"1967-04-14","beginTime":"1967-04-14T03:00:00","endTime":"1967-04-14T03:00:00","timezone":"CST","state":"MS","stateName":"Mississippi","county":"Jasper","countyFips":"61","wfo":"","scale":1,"scaleLabel":"F1","lengthMiles":0.3,"widthYards":100,"deaths":0,"injuries":0,"propertyDamage":0,"cropDamage":0,"source":"","dataSource":"PUB"}},{"type":"Feature","geometry":{"type":"LineString","coordinates":[[-88.55,34.63],[-88.48,34.67]]},"properties":{"id":"ncei-1967-10047431","eventId":"10047431","episodeId":"","year":1967,"month":4,"date":"1967-04-23","beginTime":"1967-04-23T22:00:00","endTime":"1967-04-23T22:00:00","timezone":"CST","state":"MS","stateName":"Mississippi","county":"Prentiss","countyFips":"117","wfo":"","scale":-1,"scaleLabel":"Unknown","lengthMiles":4.7,"widthYards":100,"deaths":0,"injuries":0,"propertyDamage":2500,"cropDamage":0,"source":"","dataSource":"PUB"}},{"type":"Feature","geometry":{"type":"LineString","coordinates":[[-90.85,33.83],[-90.85,33.83]]},"properties":{"id":"ncei-1967-10047438","eventId":"10047438","episodeId":"","year":1967,"month":5,"date":"1967-05-01","beginTime":"1967-05-01T13:45:00","endTime":"1967-05-01T13:45:00","timezone":"CST","state":"MS","stateName":"Mississippi","county":"Bolivar","countyFips":"11","wfo":"","scale":2,"scaleLabel":"F2","lengthMiles":1,"widthYards":200,"deaths":0,"injuries":0,"propertyDamage":25000,"cropDamage":0,"source":"","dataSource":"PUB"}},{"type":"Feature","geometry":{"type":"LineString","coordinates":[[-88.58,30.9],[-88.58,30.9]]},"properties":{"id":"ncei-1967-10047448","eventId":"10047448","episodeId":"","year":1967,"month":5,"date":"1967-05-02","beginTime":"1967-05-02T01:25:00","endTime":"1967-05-02T01:25:00","timezone":"CST","state":"MS","stateName":"Mississippi","county":"George","countyFips":"39","wfo":"","scale":2,"scaleLabel":"F2","lengthMiles":0,"widthYards":33,"deaths":0,"injuries":0,"propertyDamage":0,"cropDamage":0,"source":"","dataSource":"PUB"}},{"type":"Feature","geometry":{"type":"LineString","coordinates":[[-90.02,34.9],[-90.02,34.9]]},"properties":{"id":"ncei-1967-10047463","eventId":"10047463","episodeId":"","year":1967,"month":6,"date":"1967-06-30","beginTime":"1967-06-30T17:00:00","endTime":"1967-06-30T17:00:00","timezone":"CST","state":"MS","stateName":"Mississippi","county":"De Soto","countyFips":"33","wfo":"","scale":1,"scaleLabel":"F1","lengthMiles":0,"widthYards":33,"deaths":0,"injuries":0,"propertyDamage":0,"cropDamage":0,"source":"","dataSource":"PUB"}},{"type":"Feature","geometry":{"type":"LineString","coordinates":[[-88.98,34.68],[-88.87,34.82]]},"properties":{"id":"ncei-1967-10047467","eventId":"10047467","episodeId":"","year":1967,"month":7,"date":"1967-07-05","beginTime":"1967-07-05T13:25:00","endTime":"1967-07-05T13:25:00","timezone":"CST","state":"MS","stateName":"Mississippi","county":"Tate","countyFips":"137","wfo":"","scale":1,"scaleLabel":"F1","lengthMiles":11.4,"widthYards":33,"deaths":0,"injuries":0,"propertyDamage":0,"cropDamage":0,"source":"","dataSource":"PUB"}},{"type":"Feature","geometry":{"type":"LineString","coordinates":[[-89.72,31.85],[-89.72,31.85]]},"properties":{"id":"ncei-1967-10047468","eventId":"10047468","episodeId":"","year":1967,"month":7,"date":"1967-07-05","beginTime":"1967-07-05T14:55:00","endTime":"1967-07-05T14:55:00","timezone":"CST","state":"MS","stateName":"Mississippi","county":"Simpson","countyFips":"127","wfo":"","scale":-1,"scaleLabel":"Unknown","lengthMiles":0,"widthYards":33,"deaths":0,"injuries":0,"propertyDamage":0,"cropDamage":0,"source":"","dataSource":"PUB"}},{"type":"Feature","geometry":{"type":"LineString","coordinates":[[-89.08,30.38],[-89.08,30.38]]},"properties":{"id":"ncei-1967-10047477","eventId":"10047477","episodeId":"","year":1967,"month":10,"date":"1967-10-30","beginTime":"1967-10-30T07:54:00","endTime":"1967-10-30T07:54:00","timezone":"CST","state":"MS","stateName":"Mississippi","county":"Harrison","countyFips":"47","wfo":"","scale":3,"scaleLabel":"F3","lengthMiles":2,"widthYards":400,"deaths":4,"injuries":17,"propertyDamage":25000000,"cropDamage":0,"source":"","dataSource":"PUB"}},{"type":"Feature","geometry":{"type":"LineString","coordinates":[[-90.77,32.35],[-89.53,32.93]]},"properties":{"id":"ncei-1967-10047480","eventId":"10047480","episodeId":"","year":1967,"month":12,"date":"1967-12-02","beginTime":"1967-12-02T08:30:00","endTime":"1967-12-02T08:30:00","timezone":"CST","state":"MS","stateName":"Mississippi","county":"Warren","countyFips":"149","wfo":"","scale":3,"scaleLabel":"F3","lengthMiles":82.3,"widthYards":50,"deaths":0,"injuries":3,"propertyDamage":250000,"cropDamage":0,"source":"","dataSource":"PUB"}},{"type":"Feature","geometry":{"type":"LineString","coordinates":[[-90.6,31.37],[-90.52,31.52]]},"properties":{"id":"ncei-1967-10048338","eventId":"10048338","episodeId":"","year":1967,"month":12,"date":"1967-12-02","beginTime":"1967-12-02T12:10:00","endTime":"1967-12-02T12:10:00","timezone":"CST","state":"MS","stateName":"Mississippi","county":"Lincoln","countyFips":"85","wfo":"","scale":3,"scaleLabel":"F3","lengthMiles":11.5,"widthYards":300,"deaths":0,"injuries":0,"propertyDamage":25000,"cropDamage":0,"source":"","dataSource":"PUB"}},{"type":"Feature","geometry":{"type":"LineString","coordinates":[[-89.47,32.47],[-89.35,32.52]]},"properties":{"id":"ncei-1967-10048550","eventId":"10048550","episodeId":"","year":1967,"month":12,"date":"1967-12-02","beginTime":"1967-12-02T12:30:00","endTime":"1967-12-02T12:30:00","timezone":"CST","state":"MS","stateName":"Mississippi","county":"Scott","countyFips":"123","wfo":"","scale":4,"scaleLabel":"F4","lengthMiles":7.6,"widthYards":300,"deaths":2,"injuries":10,"propertyDamage":25000,"cropDamage":0,"source":"","dataSource":"PUB"}},{"type":"Feature","geometry":{"type":"LineString","coordinates":[[-89.27,31.8],[-89.22,31.82]]},"properties":{"id":"ncei-1967-10048552","eventId":"10048552","episodeId":"","year":1967,"month":12,"date":"1967-12-02","beginTime":"1967-12-02T14:00:00","endTime":"1967-12-02T14:00:00","timezone":"CST","state":"MS","stateName":"Mississippi","county":"Jones","countyFips":"67","wfo":"","scale":1,"scaleLabel":"F1","lengthMiles":3.8,"widthYards":33,"deaths":0,"injuries":0,"propertyDamage":25000,"cropDamage":0,"source":"","dataSource":"PUB"}},{"type":"Feature","geometry":{"type":"LineString","coordinates":[[-89.02,30.7],[-89.02,30.7]]},"properties":{"id":"ncei-1967-10048553","eventId":"10048553","episodeId":"","year":1967,"month":12,"date":"1967-12-10","beginTime":"1967-12-10T23:45:00","endTime":"1967-12-10T23:45:00","timezone":"CST","state":"MS","stateName":"Mississippi","county":"Stone","countyFips":"131","wfo":"","scale":1,"scaleLabel":"F1","lengthMiles":2,"widthYards":33,"deaths":0,"injuries":1,"propertyDamage":25000,"cropDamage":0,"source":"","dataSource":"PUB"}},{"type":"Feature","geometry":{"type":"LineString","coordinates":[[-88.97,33.3],[-88.97,33.3]]},"properties":{"id":"ncei-1967-10048554","eventId":"10048554","episodeId":"","year":1967,"month":12,"date":"1967-12-17","beginTime":"1967-12-17T16:30:00","endTime":"1967-12-17T16:30:00","timezone":"CST","state":"MS","stateName":"Mississippi","county":"Oktibbeha","countyFips":"105","wfo":"","scale":0,"scaleLabel":"F0","lengthMiles":0.3,"widthYards":100,"deaths":0,"injuries":0,"propertyDamage":25000,"cropDamage":0,"source":"","dataSource":"PUB"}},{"type":"Feature","geometry":{"type":"LineString","coordinates":[[-90.28,32.08],[-90.28,32.08]]},"properties":{"id":"ncei-1967-10048555","eventId":"10048555","episodeId":"","year":1967,"month":12,"date":"1967-12-20","beginTime":"1967-12-20T17:45:00","endTime":"1967-12-20T17:45:00","timezone":"CST","state":"MS","stateName":"Mississippi","county":"Hinds","countyFips":"49","wfo":"","scale":2,"scaleLabel":"F2","lengthMiles":0.5,"widthYards":100,"deaths":0,"injuries":0,"propertyDamage":2500,"cropDamage":0,"source":"","dataSource":"PUB"}},{"type":"Feature","geometry":{"type":"LineString","coordinates":[[-88.62,34.73],[-88.62,34.73]]},"properties":{"id":"ncei-1967-10048558","eventId":"10048558","episodeId":"","year":1967,"month":12,"date":"1967-12-21","beginTime":"1967-12-21T16:05:00","endTime":"1967-12-21T16:05:00","timezone":"CST","state":"MS","stateName":"Mississippi","county":"Prentiss","countyFips":"117","wfo":"","scale":2,"scaleLabel":"F2","lengthMiles":0,"widthYards":33,"deaths":1,"injuries":1,"propertyDamage":25000,"cropDamage":0,"source":"","dataSource":"PUB"}},{"type":"Feature","geometry":{"type":"LineString","coordinates":[[-93.87,43.5],[-93.72,43.53]]},"properties":{"id":"ncei-1967-10052240","eventId":"10052240","episodeId":"","year":1967,"month":4,"date":"1967-04-02","beginTime":"1967-04-02T00:30:00","endTime":"1967-04-02T00:30:00","timezone":"CST","state":"MN","stateName":"Minnesota","county":"Faribault","countyFips":"43","wfo":"","scale":1,"scaleLabel":"F1","lengthMiles":7.2,"widthYards":33,"deaths":0,"injuries":2,"propertyDamage":0,"cropDamage":0,"source":"","dataSource":"PUB"}},{"type":"Feature","geometry":{"type":"LineString","coordinates":[[-93.42,43.98],[-93.42,44.12]]},"properties":{"id":"ncei-1967-10052247","eventId":"10052247","episodeId":"","year":1967,"month":4,"date":"1967-04-30","beginTime":"1967-04-30T18:00:00","endTime":"1967-04-30T18:00:00","timezone":"CST","state":"MN","stateName":"Minnesota","county":"Waseca","countyFips":"161","wfo":"","scale":2,"scaleLabel":"F2","lengthMiles":9.2,"widthYards":67,"deaths":0,"injuries":0,"propertyDamage":25000000,"cropDamage":0,"source":"","dataSource":"PUB"}},{"type":"Feature","geometry":{"type":"LineString","coordinates":[[-93.2,43.87],[-93.2,43.87]]},"properties":{"id":"ncei-1967-10052248","eventId":"10052248","episodeId":"","year":1967,"month":4,"date":"1967-04-30","beginTime":"1967-04-30T18:05:00","endTime":"1967-04-30T18:05:00","timezone":"CST","state":"MN","stateName":"Minnesota","county":"Steele","countyFips":"147","wfo":"","scale":1,"scaleLabel":"F1","lengthMiles":0.2,"widthYards":33,"deaths":0,"injuries":0,"propertyDamage":25000000,"cropDamage":0,"source":"","dataSource":"PUB"}},{"type":"Feature","geometry":{"type":"LineString","coordinates":[[-93.58,43.67],[-93.6,43.85]]},"properties":{"id":"ncei-1967-10052249","eventId":"10052249","episodeId":"","year":1967,"month":4,"date":"1967-04-30","beginTime":"1967-04-30T18:05:00","endTime":"1967-04-30T18:05:00","timezone":"CST","state":"MN","stateName":"Minnesota","county":"Freeborn","countyFips":"47","wfo":"","scale":3,"scaleLabel":"F3","lengthMiles":12.3,"widthYards":100,"deaths":2,"injuries":23,"propertyDamage":25000000,"cropDamage":0,"source":"","dataSource":"PUB"}},{"type":"Feature","geometry":{"type":"LineString","coordinates":[[-93.6,43.85],[-93.67,43.93]]},"properties":{"id":"ncei-1967-10052250","eventId":"10052250","episodeId":"","year":1967,"month":4,"date":"1967-04-30","beginTime":"1967-04-30T18:15:00","endTime":"1967-04-30T18:15:00","timezone":"CST","state":"MN","stateName":"Minnesota","county":"Waseca","countyFips":"161","wfo":"","scale":3,"scaleLabel":"F3","lengthMiles":6.1,"widthYards":100,"deaths":0,"injuries":0,"propertyDamage":25000000,"cropDamage":0,"source":"","dataSource":"PUB"}},{"type":"Feature","geometry":{"type":"LineString","coordinates":[[-93.43,43.57],[-93.23,43.85]]},"properties":{"id":"ncei-1967-10052251","eventId":"10052251","episodeId":"","year":1967,"month":4,"date":"1967-04-30","beginTime":"1967-04-30T18:23:00","endTime":"1967-04-30T18:23:00","timezone":"CST","state":"MN","stateName":"Minnesota","county":"Freeborn","countyFips":"47","wfo":"","scale":4,"scaleLabel":"F4","lengthMiles":21.7,"widthYards":100,"deaths":5,"injuries":35,"propertyDamage":25000000,"cropDamage":0,"source":"","dataSource":"PUB"}},{"type":"Feature","geometry":{"type":"LineString","coordinates":[[-93.12,43.5],[-93.12,43.57]]},"properties":{"id":"ncei-1967-10052252","eventId":"10052252","episodeId":"","year":1967,"month":4,"date":"1967-04-30","beginTime":"1967-04-30T18:30:00","endTime":"1967-04-30T18:30:00","timezone":"CST","state":"MN","stateName":"Minnesota","county":"Freeborn","countyFips":"47","wfo":"","scale":4,"scaleLabel":"F4","lengthMiles":4.6,"widthYards":33,"deaths":0,"injuries":0,"propertyDamage":25000000,"cropDamage":0,"source":"","dataSource":"PUB"}},{"type":"Feature","geometry":{"type":"LineString","coordinates":[[-93.52,43.8],[-93.5,43.85]]},"properties":{"id":"ncei-1967-10052253","eventId":"10052253","episodeId":"","year":1967,"month":4,"date":"1967-04-30","beginTime":"1967-04-30T18:52:00","endTime":"1967-04-30T18:52:00","timezone":"CST","state":"MN","stateName":"Minnesota","county":"Freeborn","countyFips":"47","wfo":"","scale":4,"scaleLabel":"F4","lengthMiles":1.9,"widthYards":267,"deaths":0,"injuries":0,"propertyDamage":25000000,"cropDamage":0,"source":"","dataSource":"PUB"}},{"type":"Feature","geometry":{"type":"LineString","coordinates":[[-93.23,43.85],[-93.22,44.1]]},"properties":{"id":"ncei-1967-10052254","eventId":"10052254","episodeId":"","year":1967,"month":4,"date":"1967-04-30","beginTime":"1967-04-30T19:00:00","endTime":"1967-04-30T19:00:00","timezone":"CST","state":"MN","stateName":"Minnesota","county":"Steele","countyFips":"147","wfo":"","scale":4,"scaleLabel":"F4","lengthMiles":17,"widthYards":100,"deaths":0,"injuries":0,"propertyDamage":25000000,"cropDamage":0,"source":"","dataSource":"PUB"}},{"type":"Feature","geometry":{"type":"LineString","coordinates":[[-93.5,43.85],[-93.48,44.12]]},"properties":{"id":"ncei-1967-10052255","eventId":"10052255","episodeId":"","year":1967,"month":4,"date":"1967-04-30","beginTime":"1967-04-30T19:00:00","endTime":"1967-04-30T19:00:00","timezone":"CST","state":"MN","stateName":"Minnesota","county":"Waseca","countyFips":"161","wfo":"","scale":4,"scaleLabel":"F4","lengthMiles":18.2,"widthYards":267,"deaths":6,"injuries":22,"propertyDamage":25000000,"cropDamage":0,"source":"","dataSource":"PUB"}},{"type":"Feature","geometry":{"type":"LineString","coordinates":[[-92.93,43.63],[-92.85,43.67]]},"properties":{"id":"ncei-1967-10052257","eventId":"10052257","episodeId":"","year":1967,"month":4,"date":"1967-04-30","beginTime":"1967-04-30T19:15:00","endTime":"1967-04-30T19:15:00","timezone":"CST","state":"MN","stateName":"Minnesota","county":"Mower","countyFips":"99","wfo":"","scale":2,"scaleLabel":"F2","lengthMiles":3.8,"widthYards":33,"deaths":0,"injuries":0,"propertyDamage":25000000,"cropDamage":0,"source":"","dataSource":"PUB"}},{"type":"Feature","geometry":{"type":"LineString","coordinates":[[-92.35,43.93],[-92.23,44]]},"properties":{"id":"ncei-1967-10052258","eventId":"10052258","episodeId":"","year":1967,"month":4,"date":"1967-04-30","beginTime":"1967-04-30T20:10:00","endTime":"1967-04-30T20:10:00","timezone":"CST","state":"MN","stateName":"Minnesota","county":"Olmsted","countyFips":"109","wfo":"","scale":2,"scaleLabel":"F2","lengthMiles":6.8,"widthYards":33,"deaths":0,"injuries":0,"propertyDamage":25000000,"cropDamage":0,"source":"","dataSource":"PUB"}},{"type":"Feature","geometry":{"type":"LineString","coordinates":[[-95.25,44.38],[-95.25,44.38]]},"properties":{"id":"ncei-1967-10052260","eventId":"10052260","episodeId":"","year":1967,"month":6,"date":"1967-06-07","beginTime":"1967-06-07T15:00:00","endTime":"1967-06-07T15:00:00","timezone":"CST","state":"MN","stateName":"Minnesota","county":"Redwood","countyFips":"127","wfo":"","scale":0,"scaleLabel":"F0","lengthMiles":0,"widthYards":33,"deaths":0,"injuries":0,"propertyDamage":0,"cropDamage":0,"source":"","dataSource":"PUB"}},{"type":"Feature","geometry":{"type":"LineString","coordinates":[[-94.45,46.37],[-94.45,46.37]]},"properties":{"id":"ncei-1967-10052268","eventId":"10052268","episodeId":"","year":1967,"month":6,"date":"1967-06-14","beginTime":"1967-06-14T01:00:00","endTime":"1967-06-14T01:00:00","timezone":"CST","state":"MN","stateName":"Minnesota","county":"Cass","countyFips":"21","wfo":"","scale":1,"scaleLabel":"F1","lengthMiles":0.5,"widthYards":33,"deaths":0,"injuries":0,"propertyDamage":25000,"cropDamage":0,"source":"","dataSource":"PUB"}},{"type":"Feature","geometry":{"type":"LineString","coordinates":[[-96.2,45.17],[-96.22,45.02]]},"properties":{"id":"ncei-1967-10052270","eventId":"10052270","episodeId":"","year":1967,"month":6,"date":"1967-06-14","beginTime":"1967-06-14T14:15:00","endTime":"1967-06-14T14:15:00","timezone":"CST","state":"MN","stateName":"Minnesota","county":"Lac Qui Parle","countyFips":"73","wfo":"","scale":1,"scaleLabel":"F1","lengthMiles":10.1,"widthYards":33,"deaths":0,"injuries":0,"propertyDamage":0,"cropDamage":0,"source":"","dataSource":"PUB"}},{"type":"Feature","geometry":{"type":"LineString","coordinates":[[-94.05,43.5],[-93.37,43.65]]},"properties":{"id":"ncei-1967-10052271","eventId":"10052271","episodeId":"","year":1967,"month":6,"date":"1967-06-14","beginTime":"1967-06-14T23:30:00","endTime":"1967-06-14T23:30:00","timezone":"CST","state":"MN","stateName":"Minnesota","county":"Faribault","countyFips":"43","wfo":"","scale":1,"scaleLabel":"F1","lengthMiles":35.6,"widthYards":33,"deaths":0,"injuries":0,"propertyDamage":250000,"cropDamage":0,"source":"","dataSource":"PUB"}},{"type":"Feature","geometry":{"type":"LineString","coordinates":[[-93.15,44.63],[-93.15,44.63]]},"properties":{"id":"ncei-1967-10052275","eventId":"10052275","episodeId":"","year":1967,"month":6,"date":"1967-06-15","beginTime":"1967-06-15T01:15:00","endTime":"1967-06-15T01:15:00","timezone":"CST","state":"MN","stateName":"Minnesota","county":"Dakota","countyFips":"37","wfo":"","scale":0,"scaleLabel":"F0","lengthMiles":0.1,"widthYards":33,"deaths":0,"injuries":0,"propertyDamage":25000,"cropDamage":0,"source":"","dataSource":"PUB"}},{"type":"Feature","geometry":{"type":"LineString","coordinates":[[-92.07,43.97],[-92.02,44.03]]},"properties":{"id":"ncei-1967-10052276","eventId":"10052276","episodeId":"","year":1967,"month":6,"date":"1967-06-15","beginTime":"1967-06-15T02:20:00","endTime":"1967-06-15T02:20:00","timezone":"CST","state":"MN","stateName":"Minnesota","county":"Winona","countyFips":"169","wfo":"","scale":1,"scaleLabel":"F1","lengthMiles":4.5,"widthYards":300,"deaths":0,"injuries":0,"propertyDamage":25000,"cropDamage":0,"source":"","dataSource":"PUB"}},{"type":"Feature","geometry":{"type":"LineString","coordinates":[[-96.27,44.32],[-96.23,44.35]]},"properties":{"id":"ncei-1967-10052278","eventId":"10052278","episodeId":"","year":1967,"month":6,"date":"1967-06-15","beginTime":"1967-06-15T16:00:00","endTime":"1967-06-15T16:00:00","timezone":"CST","state":"MN","stateName":"Minnesota","county":"Lincoln","countyFips":"81","wfo":"","scale":0,"scaleLabel":"F0","lengthMiles":0,"widthYards":33,"deaths":0,"injuries":0,"propertyDamage":25000,"cropDamage":0,"source":"","dataSource":"PUB"}},{"type":"Feature","geometry":{"type":"LineString","coordinates":[[-92.87,46.58],[-92.55,46.77]]},"properties":{"id":"ncei-1967-10052281","eventId":"10052281","episodeId":"","year":1967,"month":6,"date":"1967-06-19","beginTime":"1967-06-19T15:30:00","endTime":"1967-06-19T15:30:00","timezone":"CST","state":"MN","stateName":"Minnesota","county":"Carlton","countyFips":"17","wfo":"","scale":0,"scaleLabel":"F0","lengthMiles":19.4,"widthYards":33,"deaths":0,"injuries":0,"propertyDamage":25000,"cropDamage":0,"source":"","dataSource":"PUB"}},{"type":"Feature","geometry":{"type":"LineString","coordinates":[[-94.98,44.78],[-94.98,44.78]]},"properties":{"id":"ncei-1967-10052284","eventId":"10052284","episodeId":"","year":1967,"month":6,"date":"1967-06-26","beginTime":"1967-06-26T14:45:00","endTime":"1967-06-26T14:45:00","timezone":"CST","state":"MN","stateName":"Minnesota","county":"Renville","countyFips":"129","wfo":"","scale":0,"scaleLabel":"F0","lengthMiles":2,"widthYards":33,"deaths":0,"injuries":0,"propertyDamage":0,"cropDamage":0,"source":"","dataSource":"PUB"}},{"type":"Feature","geometry":{"type":"LineString","coordinates":[[-94.12,44.78],[-94.12,44.78]]},"properties":{"id":"ncei-1967-10052285","eventId":"10052285","episodeId":"","year":1967,"month":6,"date":"1967-06-26","beginTime":"1967-06-26T14:45:00","endTime":"1967-06-26T14:45:00","timezone":"CST","state":"MN","stateName":"Minnesota","county":"Mcleod","countyFips":"85","wfo":"","scale":0,"scaleLabel":"F0","lengthMiles":0,"widthYards":33,"deaths":0,"injuries":0,"propertyDamage":0,"cropDamage":0,"source":"","dataSource":"PUB"}},{"type":"Feature","geometry":{"type":"LineString","coordinates":[[-94.43,45.53],[-94.43,45.53]]},"properties":{"id":"ncei-1967-10052287","eventId":"10052287","episodeId":"","year":1967,"month":6,"date":"1967-06-30","beginTime":"1967-06-30T17:55:00","endTime":"1967-06-30T17:55:00","timezone":"CST","state":"MN","stateName":"Minnesota","county":"Stearns","countyFips":"145","wfo":"","scale":1,"scaleLabel":"F1","lengthMiles":0,"widthYards":33,"deaths":0,"injuries":0,"propertyDamage":0,"cropDamage":0,"source":"","dataSource":"PUB"}},{"type":"Feature","geometry":{"type":"LineString","coordinates":[[-95.03,45.12],[-95.03,45.12]]},"properties":{"id":"ncei-1967-10052288","eventId":"10052288","episodeId":"","year":1967,"month":6,"date":"1967-06-30","beginTime":"1967-06-30T18:45:00","endTime":"1967-06-30T18:45:00","timezone":"CST","state":"MN","stateName":"Minnesota","county":"Kandiyohi","countyFips":"67","wfo":"","scale":0,"scaleLabel":"F0","lengthMiles":0,"widthYards":33,"deaths":0,"injuries":0,"propertyDamage":0,"cropDamage":0,"source":"","dataSource":"PUB"}},{"type":"Feature","geometry":{"type":"LineString","coordinates":[[-93.65,44.42],[-93.65,44.42]]},"properties":{"id":"ncei-1967-10053148","eventId":"10053148","episodeId":"","year":1967,"month":7,"date":"1967-07-16","beginTime":"1967-07-16T17:02:00","endTime":"1967-07-16T17:02:00","timezone":"CST","state":"MN","stateName":"Minnesota","county":"Le Sueur","countyFips":"79","wfo":"","scale":0,"scaleLabel":"F0","lengthMiles":0,"widthYards":33,"deaths":0,"injuries":0,"propertyDamage":0,"cropDamage":0,"source":"","dataSource":"PUB"}},{"type":"Feature","geometry":{"type":"LineString","coordinates":[[-92.53,44.48],[-92.53,44.48]]},"properties":{"id":"ncei-1967-10053364","eventId":"10053364","episodeId":"","year":1967,"month":7,"date":"1967-07-16","beginTime":"1967-07-16T18:58:00","endTime":"1967-07-16T18:58:00","timezone":"CST","state":"MN","stateName":"Minnesota","county":"Goodhue","countyFips":"49","wfo":"","scale":0,"scaleLabel":"F0","lengthMiles":0.1,"widthYards":33,"deaths":0,"injuries":0,"propertyDamage":0,"cropDamage":0,"source":"","dataSource":"PUB"}},{"type":"Feature","geometry":{"type":"LineString","coordinates":[[-94.18,45.47],[-94.13,45.47]]},"properties":{"id":"ncei-1967-10053367","eventId":"10053367","episodeId":"","year":1967,"month":7,"date":"1967-07-22","beginTime":"1967-07-22T19:05:00","endTime":"1967-07-22T19:05:00","timezone":"CST","state":"MN","stateName":"Minnesota","county":"Stearns","countyFips":"145","wfo":"","scale":2,"scaleLabel":"F2","lengthMiles":1.9,"widthYards":200,"deaths":0,"injuries":0,"propertyDamage":2500000,"cropDamage":0,"source":"","dataSource":"PUB"}},{"type":"Feature","geometry":{"type":"LineString","coordinates":[[-94.13,45.47],[-93.83,45.43]]},"properties":{"id":"ncei-1967-10053368","eventId":"10053368","episodeId":"","year":1967,"month":7,"date":"1967-07-22","beginTime":"1967-07-22T19:10:00","endTime":"1967-07-22T19:10:00","timezone":"CST","state":"MN","stateName":"Minnesota","county":"Sherburne","countyFips":"141","wfo":"","scale":2,"scaleLabel":"F2","lengthMiles":14.5,"widthYards":200,"deaths":1,"injuries":12,"propertyDamage":2500000,"cropDamage":0,"source":"","dataSource":"PUB"}},{"type":"Feature","geometry":{"type":"LineString","coordinates":[[-94.35,46.08],[-94.35,46.08]]},"properties":{"id":"ncei-1967-10053369","eventId":"10053369","episodeId":"","year":1967,"month":7,"date":"1967-07-22","beginTime":"1967-07-22T19:30:00","endTime":"1967-07-22T19:30:00","timezone":"CST","state":"MN","stateName":"Minnesota","county":"Morrison","countyFips":"97","wfo":"","scale":0,"scaleLabel":"F0","lengthMiles":0.5,"widthYards":33,"deaths":0,"injuries":0,"propertyDamage":25000,"cropDamage":0,"source":"","dataSource":"PUB"}},{"type":"Feature","geometry":{"type":"LineString","coordinates":[[-95.73,48.77],[-95.73,48.77]]},"properties":{"id":"ncei-1967-10053372","eventId":"10053372","episodeId":"","year":1967,"month":7,"date":"1967-07-25","beginTime":"1967-07-25T18:35:00","endTime":"1967-07-25T18:35:00","timezone":"CST","state":"MN","stateName":"Minnesota","county":"Roseau","countyFips":"135","wfo":"","scale":1,"scaleLabel":"F1","lengthMiles":0.2,"widthYards":33,"deaths":0,"injuries":0,"propertyDamage":25000,"cropDamage":0,"source":"","dataSource":"PUB"}},{"type":"Feature","geometry":{"type":"LineString","coordinates":[[-95.85,47.77],[-95.85,47.77]]},"properties":{"id":"ncei-1967-10053373","eventId":"10053373","episodeId":"","year":1967,"month":7,"date":"1967-07-25","beginTime":"1967-07-25T18:50:00","endTime":"1967-07-25T18:50:00","timezone":"CST","state":"MN","stateName":"Minnesota","county":"Red Lake","countyFips":"125","wfo":"","scale":1,"scaleLabel":"F1","lengthMiles":0.2,"widthYards":33,"deaths":0,"injuries":0,"propertyDamage":25000,"cropDamage":0,"source":"","dataSource":"PUB"}},{"type":"Feature","geometry":{"type":"LineString","coordinates":[[-93,44.03],[-93,44.03]]},"properties":{"id":"ncei-1967-10053380","eventId":"10053380","episodeId":"","year":1967,"month":8,"date":"1967-08-01","beginTime":"1967-08-01T15:30:00","endTime":"1967-08-01T15:30:00","timezone":"CST","state":"MN","stateName":"Minnesota","county":"Dodge","countyFips":"39","wfo":"","scale":0,"scaleLabel":"F0","lengthMiles":0,"widthYards":33,"deaths":0,"injuries":0,"propertyDamage":0,"cropDamage":0,"source":"","dataSource":"PUB"}},{"type":"Feature","geometry":{"type":"LineString","coordinates":[[-94.93,39.6],[-94.88,39.68]]},"properties":{"id":"ncei-1967-10056784","eventId":"10056784","episodeId":"","year":1967,"month":1,"date":"1967-01-24","beginTime":"1967-01-24T11:50:00","endTime":"1967-01-24T11:50:00","timezone":"CST","state":"MO","stateName":"Missouri","county":"Buchanan","countyFips":"21","wfo":"","scale":2,"scaleLabel":"F2","lengthMiles":6.1,"widthYards":100,"deaths":0,"injuries":0,"propertyDamage":250000,"cropDamage":0,"source":"","dataSource":"PUB"}},{"type":"Feature","geometry":{"type":"LineString","coordinates":[[-94.23,39.45],[-94.23,39.45]]},"properties":{"id":"ncei-1967-10056790","eventId":"10056790","episodeId":"","year":1967,"month":1,"date":"1967-01-24","beginTime":"1967-01-24T12:35:00","endTime":"1967-01-24T12:35:00","timezone":"CST","state":"MO","stateName":"Missouri","county":"Clinton","countyFips":"49","wfo":"","scale":2,"scaleLabel":"F2","lengthMiles":2.5,"widthYards":50,"deaths":0,"injuries":0,"propertyDamage":25000,"cropDamage":0,"source":"","dataSource":"PUB"}},{"type":"Feature","geometry":{"type":"LineString","coordinates":[[-94.25,39.1],[-94.17,39.17]]},"properties":{"id":"ncei-1967-10056791","eventId":"10056791","episodeId":"","year":1967,"month":1,"date":"1967-01-24","beginTime":"1967-01-24T12:40:00","endTime":"1967-01-24T12:40:00","timezone":"CST","state":"MO","stateName":"Missouri","county":"Jackson","countyFips":"95","wfo":"","scale":3,"scaleLabel":"F3","lengthMiles":6.2,"widthYards":200,"deaths":0,"injuries":0,"propertyDamage":2500000,"cropDamage":0,"source":"","dataSource":"PUB"}},{"type":"Feature","geometry":{"type":"LineString","coordinates":[[-94.05,39.55],[-94.05,39.55]]},"properties":{"id":"ncei-1967-10056792","eventId":"10056792","episodeId":"","year":1967,"month":1,"date":"1967-01-24","beginTime":"1967-01-24T12:50:00","endTime":"1967-01-24T12:50:00","timezone":"CST","state":"MO","stateName":"Missouri","county":"Caldwell","countyFips":"25","wfo":"","scale":0,"scaleLabel":"F0","lengthMiles":2,"widthYards":100,"deaths":0,"injuries":0,"propertyDamage":25000,"cropDamage":0,"source":"","dataSource":"PUB"}},{"type":"Feature","geometry":{"type":"LineString","coordinates":[[-94.17,39.17],[-94.05,39.25]]},"properties":{"id":"ncei-1967-10056793","eventId":"10056793","episodeId":"","year":1967,"month":1,"date":"1967-01-24","beginTime":"1967-01-24T12:50:00","endTime":"1967-01-24T12:50:00","timezone":"CST","state":"MO","stateName":"Missouri","county":"Ray","countyFips":"177","wfo":"","scale":3,"scaleLabel":"F3","lengthMiles":8.3,"widthYards":200,"deaths":2,"injuries":18,"propertyDamage":2500000,"cropDamage":0,"source":"","dataSource":"PUB"}},{"type":"Feature","geometry":{"type":"LineString","coordinates":[[-93.48,39.88],[-93.48,39.88]]},"properties":{"id":"ncei-1967-10056795","eventId":"10056795","episodeId":"","year":1967,"month":1,"date":"1967-01-24","beginTime":"1967-01-24T14:00:00","endTime":"1967-01-24T14:00:00","timezone":"CST","state":"MO","stateName":"Missouri","county":"Livingston","countyFips":"117","wfo":"","scale":0,"scaleLabel":"F0","lengthMiles":0.1,"widthYards":10,"deaths":0,"injuries":0,"propertyDamage":0,"cropDamage":0,"source":"","dataSource":"PUB"}},{"type":"Feature","geometry":{"type":"LineString","coordinates":[[-93.02,40.27],[-92.95,40.37]]},"properties":{"id":"ncei-1967-10056796","eventId":"10056796","episodeId":"","year":1967,"month":1,"date":"1967-01-24","beginTime":"1967-01-24T14:20:00","endTime":"1967-01-24T14:20:00","timezone":"CST","state":"MO","stateName":"Missouri","county":"Sullivan","countyFips":"211","wfo":"","scale":1,"scaleLabel":"F1","lengthMiles":7.3,"widthYards":50,"deaths":0,"injuries":0,"propertyDamage":25000,"cropDamage":0,"source":"","dataSource":"PUB"}},{"type":"Feature","geometry":{"type":"LineString","coordinates":[[-92.77,40.48],[-92.77,40.48]]},"properties":{"id":"ncei-1967-10056797","eventId":"10056797","episodeId":"","year":1967,"month":1,"date":"1967-01-24","beginTime":"1967-01-24T14:45:00","endTime":"1967-01-24T14:45:00","timezone":"CST","state":"MO","stateName":"Missouri","county":"Putnam","countyFips":"171","wfo":"","scale":1,"scaleLabel":"F1","lengthMiles":2.5,"widthYards":50,"deaths":0,"injuries":0,"propertyDamage":2500,"cropDamage":0,"source":"","dataSource":"PUB"}},{"type":"Feature","geometry":{"type":"LineString","coordinates":[[-92.53,40.4],[-92.27,40.58]]},"properties":{"id":"ncei-1967-10056798","eventId":"10056798","episodeId":"","year":1967,"month":1,"date":"1967-01-24","beginTime":"1967-01-24T14:45:00","endTime":"1967-01-24T14:45:00","timezone":"CST","state":"MO","stateName":"Missouri","county":"Schuyler","countyFips":"197","wfo":"","scale":4,"scaleLabel":"F4","lengthMiles":18.9,"widthYards":440,"deaths":0,"injuries":2,"propertyDamage":2500000,"cropDamage":0,"source":"","dataSource":"PUB"}},{"type":"Feature","geometry":{"type":"LineString","coordinates":[[-90.55,38.68],[-90.12,38.82]]},"properties":{"id":"ncei-1967-10056801","eventId":"10056801","episodeId":"","year":1967,"month":1,"date":"1967-01-24","beginTime":"1967-01-24T18:55:00","endTime":"1967-01-24T18:55:00","timezone":"CST","state":"MO","stateName":"Missouri","county":"St. Louis","countyFips":"189","wfo":"","scale":4,"scaleLabel":"F4","lengthMiles":25,"widthYards":200,"deaths":3,"injuries":216,"propertyDamage":25000000,"cropDamage":0,"source":"","dataSource":"PUB"}},{"type":"Feature","geometry":{"type":"LineString","coordinates":[[-94.17,37.02],[-94.1,37.07]]},"properties":{"id":"ncei-1967-10056804","eventId":"10056804","episodeId":"","year":1967,"month":1,"date":"1967-01-27","beginTime":"1967-01-27T00:20:00","endTime":"1967-01-27T00:20:00","timezone":"CST","state":"MO","stateName":"Missouri","county":"Newton","countyFips":"145","wfo":"","scale":2,"scaleLabel":"F2","lengthMiles":4.9,"widthYards":200,"deaths":0,"injuries":0,"propertyDamage":250000,"cropDamage":0,"source":"","dataSource":"PUB"}},{"type":"Feature","geometry":{"type":"LineString","coordinates":[[-93.42,36.88],[-93.42,36.88]]},"properties":{"id":"ncei-1967-10056807","eventId":"10056807","episodeId":"","year":1967,"month":4,"date":"1967-04-13","beginTime":"1967-04-13T10:30:00","endTime":"1967-04-13T10:30:00","timezone":"CST","state":"MO","stateName":"Missouri","county":"Stone","countyFips":"209","wfo":"","scale":1,"scaleLabel":"F1","lengthMiles":1,"widthYards":50,"deaths":0,"injuries":0,"propertyDamage":2500,"cropDamage":0,"source":"","dataSource":"PUB"}},{"type":"Feature","geometry":{"type":"LineString","coordinates":[[-94.57,38.5],[-94.57,38.5]]},"properties":{"id":"ncei-1967-10056808","eventId":"10056808","episodeId":"","year":1967,"month":4,"date":"1967-04-16","beginTime":"1967-04-16T19:45:00","endTime":"1967-04-16T19:45:00","timezone":"CST","state":"MO","stateName":"Missouri","county":"Cass","countyFips":"37","wfo":"","scale":0,"scaleLabel":"F0","lengthMiles":0.1,"widthYards":10,"deaths":0,"injuries":0,"propertyDamage":0,"cropDamage":0,"source":"","dataSource":"PUB"}},{"type":"Feature","geometry":{"type":"LineString","coordinates":[[-94.5,38.77],[-94.5,38.77]]},"properties":{"id":"ncei-1967-10056809","eventId":"10056809","episodeId":"","year":1967,"month":4,"date":"1967-04-16","beginTime":"1967-04-16T19:45:00","endTime":"1967-04-16T19:45:00","timezone":"CST","state":"MO","stateName":"Missouri","county":"Cass","countyFips":"37","wfo":"","scale":0,"scaleLabel":"F0","lengthMiles":0.1,"widthYards":10,"deaths":0,"injuries":0,"propertyDamage":0,"cropDamage":0,"source":"","dataSource":"PUB"}},{"type":"Feature","geometry":{"type":"LineString","coordinates":[[-94.35,38.33],[-94.28,38.37]]},"properties":{"id":"ncei-1967-10056810","eventId":"10056810","episodeId":"","year":1967,"month":4,"date":"1967-04-16","beginTime":"1967-04-16T19:45:00","endTime":"1967-04-16T19:45:00","timezone":"CST","state":"MO","stateName":"Missouri","county":"Bates","countyFips":"13","wfo":"","scale":1,"scaleLabel":"F1","lengthMiles":3.8,"widthYards":50,"deaths":0,"injuries":0,"propertyDamage":25000,"cropDamage":0,"source":"","dataSource":"PUB"}},{"type":"Feature","geometry":{"type":"LineString","coordinates":[[-91.97,40.58],[-91.97,40.58]]},"properties":{"id":"ncei-1967-10056817","eventId":"10056817","episodeId":"","year":1967,"month":4,"date":"1967-04-21","beginTime":"1967-04-21T08:00:00","endTime":"1967-04-21T08:00:00","timezone":"CST","state":"MO","stateName":"Missouri","county":"Scotland","countyFips":"199","wfo":"","scale":0,"scaleLabel":"F0","lengthMiles":1,"widthYards":10,"deaths":0,"injuries":0,"propertyDamage":0,"cropDamage":0,"source":"","dataSource":"PUB"}},{"type":"Feature","geometry":{"type":"LineString","coordinates":[[-94.58,39.62],[-94.58,39.62]]},"properties":{"id":"ncei-1967-10056819","eventId":"10056819","episodeId":"","year":1967,"month":4,"date":"1967-04-21","beginTime":"1967-04-21T12:30:00","endTime":"1967-04-21T12:30:00","timezone":"CST","state":"MO","stateName":"Missouri","county":"Clinton","countyFips":"49","wfo":"","scale":1,"scaleLabel":"F1","lengthMiles":0.2,"widthYards":10,"deaths":0,"injuries":0,"propertyDamage":0,"cropDamage":0,"source":"","dataSource":"PUB"}},{"type":"Feature","geometry":{"type":"LineString","coordinates":[[-94.23,39.73],[-94.23,39.73]]},"properties":{"id":"ncei-1967-10056821","eventId":"10056821","episodeId":"","year":1967,"month":4,"date":"1967-04-21","beginTime":"1967-04-21T13:00:00","endTime":"1967-04-21T13:00:00","timezone":"CST","state":"MO","stateName":"Missouri","county":"Clinton","countyFips":"49","wfo":"","scale":1,"scaleLabel":"F1","lengthMiles":0.1,"widthYards":50,"deaths":0,"injuries":0,"propertyDamage":2500,"cropDamage":0,"source":"","dataSource":"PUB"}},{"type":"Feature","geometry":{"type":"LineString","coordinates":[[-94.1,40.02],[-93.95,40.07]]},"properties":{"id":"ncei-1967-10056822","eventId":"10056822","episodeId":"","year":1967,"month":4,"date":"1967-04-21","beginTime":"1967-04-21T13:00:00","endTime":"1967-04-21T13:00:00","timezone":"CST","state":"MO","stateName":"Missouri","county":"Daviess","countyFips":"61","wfo":"","scale":2,"scaleLabel":"F2","lengthMiles":8.4,"widthYards":90,"deaths":0,"injuries":0,"propertyDamage":25000,"cropDamage":0,"source":"","dataSource":"PUB"}},{"type":"Feature","geometry":{"type":"LineString","coordinates":[[-93.92,39.92],[-93.92,39.92]]},"properties":{"id":"ncei-1967-10056823","eventId":"10056823","episodeId":"","year":1967,"month":4,"date":"1967-04-21","beginTime":"1967-04-21T13:15:00","endTime":"1967-04-21T13:15:00","timezone":"CST","state":"MO","stateName":"Missouri","county":"Daviess","countyFips":"61","wfo":"","scale":0,"scaleLabel":"F0","lengthMiles":0.1,"widthYards":10,"deaths":0,"injuries":0,"propertyDamage":0,"cropDamage":0,"source":"","dataSource":"PUB"}},{"type":"Feature","geometry":{"type":"LineString","coordinates":[[-93.77,39.47],[-93.55,39.6]]},"properties":{"id":"ncei-1967-10056824","eventId":"10056824","episodeId":"","year":1967,"month":4,"date":"1967-04-21","beginTime":"1967-04-21T13:20:00","endTime":"1967-04-21T13:20:00","timezone":"CST","state":"MO","stateName":"Missouri","county":"Ray","countyFips":"177","wfo":"","scale":3,"scaleLabel":"F3","lengthMiles":14.6,"widthYards":440,"deaths":0,"injuries":0,"propertyDamage":250000,"cropDamage":0,"source":"","dataSource":"PUB"}},{"type":"Feature","geometry":{"type":"LineString","coordinates":[[-93.42,40.12],[-93.33,40.12]]},"properties":{"id":"ncei-1967-10056825","eventId":"10056825","episodeId":"","year":1967,"month":4,"date":"1967-04-21","beginTime":"1967-04-21T14:00:00","endTime":"1967-04-21T14:00:00","timezone":"CST","state":"MO","stateName":"Missouri","county":"Grundy","countyFips":"79","wfo":"","scale":2,"scaleLabel":"F2","lengthMiles":3.6,"widthYards":50,"deaths":0,"injuries":0,"propertyDamage":25000,"cropDamage":0,"source":"","dataSource":"PUB"}},{"type":"Feature","geometry":{"type":"LineString","coordinates":[[-93.33,40.12],[-93.27,40.12]]},"properties":{"id":"ncei-1967-10056827","eventId":"10056827","episodeId":"","year":1967,"month":4,"date":"1967-04-21","beginTime":"1967-04-21T14:10:00","endTime":"1967-04-21T14:10:00","timezone":"CST","state":"MO","stateName":"Missouri","county":"Grundy","countyFips":"79","wfo":"","scale":2,"scaleLabel":"F2","lengthMiles":2.7,"widthYards":50,"deaths":0,"injuries":7,"propertyDamage":25000,"cropDamage":0,"source":"","dataSource":"PUB"}},{"type":"Feature","geometry":{"type":"LineString","coordinates":[[-93.23,39.65],[-93.18,39.68]]},"properties":{"id":"ncei-1967-10056828","eventId":"10056828","episodeId":"","year":1967,"month":4,"date":"1967-04-21","beginTime":"1967-04-21T14:10:00","endTime":"1967-04-21T14:10:00","timezone":"CST","state":"MO","stateName":"Missouri","county":"Chariton","countyFips":"41","wfo":"","scale":2,"scaleLabel":"F2","lengthMiles":3,"widthYards":200,"deaths":0,"injuries":0,"propertyDamage":250000,"cropDamage":0,"source":"","dataSource":"PUB"}},{"type":"Feature","geometry":{"type":"LineString","coordinates":[[-93.33,39.08],[-93.08,39.12]]},"properties":{"id":"ncei-1967-10056830","eventId":"10056830","episodeId":"","year":1967,"month":4,"date":"1967-04-21","beginTime":"1967-04-21T14:20:00","endTime":"1967-04-21T14:20:00","timezone":"CST","state":"MO","stateName":"Missouri","county":"Saline","countyFips":"195","wfo":"","scale":2,"scaleLabel":"F2","lengthMiles":13.5,"widthYards":100,"deaths":0,"injuries":0,"propertyDamage":25000,"cropDamage":0,"source":"","dataSource":"PUB"}},{"type":"Feature","geometry":{"type":"LineString","coordinates":[[-93.17,39.7],[-92.12,39.98]]},"properties":{"id":"ncei-1967-10056831","eventId":"10056831","episodeId":"","year":1967,"month":4,"date":"1967-04-21","beginTime":"1967-04-21T14:20:00","endTime":"1967-04-21T14:20:00","timezone":"CST","state":"MO","stateName":"Missouri","county":"Linn","countyFips":"115","wfo":"","scale":4,"scaleLabel":"F4","lengthMiles":59,"widthYards":500,"deaths":0,"injuries":2,"propertyDamage":250000,"cropDamage":0,"source":"","dataSource":"PUB"}},{"type":"Feature","geometry":{"type":"LineString","coordinates":[[-93.08,39.12],[-93.05,39.17]]},"properties":{"id":"ncei-1967-10056832","eventId":"10056832","episodeId":"","year":1967,"month":4,"date":"1967-04-21","beginTime":"1967-04-21T14:45:00","endTime":"1967-04-21T14:45:00","timezone":"CST","state":"MO","stateName":"Missouri","county":"Saline","countyFips":"195","wfo":"","scale":2,"scaleLabel":"F2","lengthMiles":3.6,"widthYards":33,"deaths":0,"injuries":0,"propertyDamage":25000,"cropDamage":0,"source":"","dataSource":"PUB"}},{"type":"Feature","geometry":{"type":"LineString","coordinates":[[-93.05,39.17],[-92.98,39.18]]},"properties":{"id":"ncei-1967-10056833","eventId":"10056833","episodeId":"","year":1967,"month":4,"date":"1967-04-21","beginTime":"1967-04-21T15:00:00","endTime":"1967-04-21T15:00:00","timezone":"CST","state":"MO","stateName":"Missouri","county":"Saline","countyFips":"195","wfo":"","scale":2,"scaleLabel":"F2","lengthMiles":3.3,"widthYards":33,"deaths":0,"injuries":0,"propertyDamage":25000,"cropDamage":0,"source":"","dataSource":"PUB"}},{"type":"Feature","geometry":{"type":"LineString","coordinates":[[-93.65,39.1],[-93.65,39.1]]},"properties":{"id":"ncei-1967-10056834","eventId":"10056834","episodeId":"","year":1967,"month":4,"date":"1967-04-21","beginTime":"1967-04-21T15:03:00","endTime":"1967-04-21T15:03:00","timezone":"CST","state":"MO","stateName":"Missouri","county":"Lafayette","countyFips":"107","wfo":"","scale":0,"scaleLabel":"F0","lengthMiles":0.1,"widthYards":10,"deaths":0,"injuries":0,"propertyDamage":0,"cropDamage":0,"source":"","dataSource":"PUB"}},{"type":"Feature","geometry":{"type":"LineString","coordinates":[[-94.33,38.4],[-94.33,38.4]]},"properties":{"id":"ncei-1967-10056835","eventId":"10056835","episodeId":"","year":1967,"month":4,"date":"1967-04-21","beginTime":"1967-04-21T15:10:00","endTime":"1967-04-21T15:10:00","timezone":"CST","state":"MO","stateName":"Missouri","county":"Bates","countyFips":"13","wfo":"","scale":1,"scaleLabel":"F1","lengthMiles":0.1,"widthYards":10,"deaths":0,"injuries":0,"propertyDamage":2500,"cropDamage":0,"source":"","dataSource":"PUB"}},{"type":"Feature","geometry":{"type":"LineString","coordinates":[[-93.05,37.2],[-93.05,37.2]]},"properties":{"id":"ncei-1967-10056840","eventId":"10056840","episodeId":"","year":1967,"month":4,"date":"1967-04-23","beginTime":"1967-04-23T06:20:00","endTime":"1967-04-23T06:20:00","timezone":"CST","state":"MO","stateName":"Missouri","county":"Webster","countyFips":"225","wfo":"","scale":1,"scaleLabel":"F1","lengthMiles":0.1,"widthYards":10,"deaths":0,"injuries":1,"propertyDamage":2500,"cropDamage":0,"source":"","dataSource":"PUB"}},{"type":"Feature","geometry":{"type":"LineString","coordinates":[[-93.13,37.25],[-93.13,37.25]]},"properties":{"id":"ncei-1967-10056841","eventId":"10056841","episodeId":"","year":1967,"month":4,"date":"1967-04-23","beginTime":"1967-04-23T06:30:00","endTime":"1967-04-23T06:30:00","timezone":"CST","state":"MO","stateName":"Missouri","county":"Greene","countyFips":"77","wfo":"","scale":1,"scaleLabel":"F1","lengthMiles":1,"widthYards":50,"deaths":0,"injuries":0,"propertyDamage":25000,"cropDamage":0,"source":"","dataSource":"PUB"}},{"type":"Feature","geometry":{"type":"LineString","coordinates":[[-92.9,37.17],[-92.7,37.17]]},"properties":{"id":"ncei-1967-10056842","eventId":"10056842","episodeId":"","year":1967,"month":4,"date":"1967-04-23","beginTime":"1967-04-23T06:30:00","endTime":"1967-04-23T06:30:00","timezone":"CST","state":"MO","stateName":"Missouri","county":"Webster","countyFips":"225","wfo":"","scale":2,"scaleLabel":"F2","lengthMiles":11.1,"widthYards":50,"deaths":0,"injuries":1,"propertyDamage":25000,"cropDamage":0,"source":"","dataSource":"PUB"}},{"type":"Feature","geometry":{"type":"LineString","coordinates":[[-91.72,37],[-91.72,37]]},"properties":{"id":"ncei-1967-10057418","eventId":"10057418","episodeId":"","year":1967,"month":4,"date":"1967-04-23","beginTime":"1967-04-23T08:45:00","endTime":"1967-04-23T08:45:00","timezone":"CST","state":"MO","stateName":"Missouri","county":"Howell","countyFips":"91","wfo":"","scale":1,"scaleLabel":"F1","lengthMiles":0.5,"widthYards":50,"deaths":0,"injuries":0,"propertyDamage":25000,"cropDamage":0,"source":"","dataSource":"PUB"}},{"type":"Feature","geometry":{"type":"LineString","coordinates":[[-89.98,36.6],[-89.98,36.6]]},"properties":{"id":"ncei-1967-10058211","eventId":"10058211","episodeId":"","year":1967,"month":4,"date":"1967-04-23","beginTime":"1967-04-23T10:45:00","endTime":"1967-04-23T10:45:00","timezone":"CST","state":"MO","stateName":"Missouri","county":"Dunklin","countyFips":"69","wfo":"","scale":1,"scaleLabel":"F1","lengthMiles":0.3,"widthYards":200,"deaths":0,"injuries":0,"propertyDamage":25000,"cropDamage":0,"source":"","dataSource":"PUB"}},{"type":"Feature","geometry":{"type":"LineString","coordinates":[[-91.87,37.5],[-91.87,37.5]]},"properties":{"id":"ncei-1967-10058215","eventId":"10058215","episodeId":"","year":1967,"month":5,"date":"1967-05-06","beginTime":"1967-05-06T18:00:00","endTime":"1967-05-06T18:00:00","timezone":"CST","state":"MO","stateName":"Missouri","county":"Texas","countyFips":"215","wfo":"","scale":0,"scaleLabel":"F0","lengthMiles":0.1,"widthYards":17,"deaths":0,"injuries":0,"propertyDamage":0,"cropDamage":0,"source":"","dataSource":"PUB"}},{"type":"Feature","geometry":{"type":"LineString","coordinates":[[-92.8,39.45],[-92.72,39.43]]},"properties":{"id":"ncei-1967-10058217","eventId":"10058217","episodeId":"","year":1967,"month":5,"date":"1967-05-07","beginTime":"1967-05-07T17:05:00","endTime":"1967-05-07T17:05:00","timezone":"CST","state":"MO","stateName":"Missouri","county":"Chariton","countyFips":"41","wfo":"","scale":1,"scaleLabel":"F1","lengthMiles":4.3,"widthYards":50,"deaths":0,"injuries":0,"propertyDamage":25000,"cropDamage":0,"source":"","dataSource":"PUB"}},{"type":"Feature","geometry":{"type":"LineString","coordinates":[[-89.65,36.18],[-89.65,36.18]]},"properties":{"id":"ncei-1967-10058222","eventId":"10058222","episodeId":"","year":1967,"month":5,"date":"1967-05-12","beginTime":"1967-05-12T20:30:00","endTime":"1967-05-12T20:30:00","timezone":"CST","state":"MO","stateName":"Missouri","county":"Pemiscot","countyFips":"155","wfo":"","scale":1,"scaleLabel":"F1","lengthMiles":0.1,"widthYards":17,"deaths":0,"injuries":0,"propertyDamage":2500,"cropDamage":0,"source":"","dataSource":"PUB"}},{"type":"Feature","geometry":{"type":"LineString","coordinates":[[-95.38,40.43],[-95.38,40.43]]},"properties":{"id":"ncei-1967-10058230","eventId":"10058230","episodeId":"","year":1967,"month":5,"date":"1967-05-18","beginTime":"1967-05-18T18:55:00","endTime":"1967-05-18T18:55:00","timezone":"CST","state":"MO","stateName":"Missouri","county":"Atchison","countyFips":"5","wfo":"","scale":0,"scaleLabel":"F0","lengthMiles":0.1,"widthYards":10,"deaths":0,"injuries":0,"propertyDamage":2500,"cropDamage":0,"source":"","dataSource":"PUB"}},{"type":"Feature","geometry":{"type":"LineString","coordinates":[[-95.15,40.4],[-95.15,40.43]]},"properties":{"id":"ncei-1967-10058232","eventId":"10058232","episodeId":"","year":1967,"month":5,"date":"1967-05-27","beginTime":"1967-05-27T16:30:00","endTime":"1967-05-27T16:30:00","timezone":"CST","state":"MO","stateName":"Missouri","county":"Nodaway","countyFips":"147","wfo":"","scale":1,"scaleLabel":"F1","lengthMiles":2.3,"widthYards":50,"deaths":0,"injuries":0,"propertyDamage":2500,"cropDamage":0,"source":"","dataSource":"PUB"}},{"type":"Feature","geometry":{"type":"LineString","coordinates":[[-90.57,38.4],[-90.57,38.4]]},"properties":{"id":"ncei-1967-10058235","eventId":"10058235","episodeId":"","year":1967,"month":5,"date":"1967-05-28","beginTime":"1967-05-28T16:50:00","endTime":"1967-05-28T16:50:00","timezone":"CST","state":"MO","stateName":"Missouri","county":"Jefferson","countyFips":"99","wfo":"","scale":2,"scaleLabel":"F2","lengthMiles":2.5,"widthYards":50,"deaths":0,"injuries":0,"propertyDamage":25000,"cropDamage":0,"source":"","dataSource":"PUB"}},{"type":"Feature","geometry":{"type":"LineString","coordinates":[[-94.6,39.4],[-94.53,39.43]]},"properties":{"id":"ncei-1967-10058237","eventId":"10058237","episodeId":"","year":1967,"month":6,"date":"1967-06-07","beginTime":"1967-06-07T19:00:00","endTime":"1967-06-07T19:00:00","timezone":"CST","state":"MO","stateName":"Missouri","county":"Clay","countyFips":"47","wfo":"","scale":1,"scaleLabel":"F1","lengthMiles":3.8,"widthYards":50,"deaths":0,"injuries":0,"propertyDamage":25000,"cropDamage":0,"source":"","dataSource":"PUB"}},{"type":"Feature","geometry":{"type":"LineString","coordinates":[[-95.08,40.25],[-95.08,40.25]]},"properties":{"id":"ncei-1967-10058239","eventId":"10058239","episodeId":"","year":1967,"month":6,"date":"1967-06-09","beginTime":"1967-06-09T21:45:00","endTime":"1967-06-09T21:45:00","timezone":"CST","state":"MO","stateName":"Missouri","county":"Holt","countyFips":"87","wfo":"","scale":0,"scaleLabel":"F0","lengthMiles":0.1,"widthYards":10,"deaths":0,"injuries":0,"propertyDamage":0,"cropDamage":0,"source":"","dataSource":"PUB"}},{"type":"Feature","geometry":{"type":"LineString","coordinates":[[-94.22,36.72],[-94.22,36.72]]},"properties":{"id":"ncei-1967-10058240","eventId":"10058240","episodeId":"","year":1967,"month":6,"date":"1967-06-10","beginTime":"1967-06-10T02:00:00","endTime":"1967-06-10T02:00:00","timezone":"CST","state":"MO","stateName":"Missouri","county":"Mcdonald","countyFips":"119","wfo":"","scale":1,"scaleLabel":"F1","lengthMiles":1,"widthYards":50,"deaths":0,"injuries":0,"propertyDamage":2500,"cropDamage":0,"source":"","dataSource":"PUB"}},{"type":"Feature","geometry":{"type":"LineString","coordinates":[[-93.58,39.02],[-93.58,39.02]]},"properties":{"id":"ncei-1967-10058241","eventId":"10058241","episodeId":"","year":1967,"month":6,"date":"1967-06-10","beginTime":"1967-06-10T11:00:00","endTime":"1967-06-10T11:00:00","timezone":"CST","state":"MO","stateName":"Missouri","county":"Lafayette","countyFips":"107","wfo":"","scale":0,"scaleLabel":"F0","lengthMiles":0.2,"widthYards":17,"deaths":0,"injuries":0,"propertyDamage":0,"cropDamage":0,"source":"","dataSource":"PUB"}},{"type":"Feature","geometry":{"type":"LineString","coordinates":[[-90.57,38.42],[-90.57,38.42]]},"properties":{"id":"ncei-1967-10058244","eventId":"10058244","episodeId":"","year":1967,"month":6,"date":"1967-06-10","beginTime":"1967-06-10T17:00:00","endTime":"1967-06-10T17:00:00","timezone":"CST","state":"MO","stateName":"Missouri","county":"Jefferson","countyFips":"99","wfo":"","scale":2,"scaleLabel":"F2","lengthMiles":0.2,"widthYards":17,"deaths":0,"injuries":0,"propertyDamage":25000,"cropDamage":0,"source":"","dataSource":"PUB"}},{"type":"Feature","geometry":{"type":"LineString","coordinates":[[-94.48,39.18],[-94.48,39.18]]},"properties":{"id":"ncei-1967-10058245","eventId":"10058245","episodeId":"","year":1967,"month":6,"date":"1967-06-12","beginTime":"1967-06-12T00:15:00","endTime":"1967-06-12T00:15:00","timezone":"CST","state":"MO","stateName":"Missouri","county":"Clay","countyFips":"47","wfo":"","scale":1,"scaleLabel":"F1","lengthMiles":1,"widthYards":50,"deaths":0,"injuries":0,"propertyDamage":25000,"cropDamage":0,"source":"","dataSource":"PUB"}},{"type":"Feature","geometry":{"type":"LineString","coordinates":[[-94.03,40.27],[-94.03,40.27]]},"properties":{"id":"ncei-1967-10058246","eventId":"10058246","episodeId":"","year":1967,"month":6,"date":"1967-06-12","beginTime":"1967-06-12T01:00:00","endTime":"1967-06-12T01:00:00","timezone":"CST","state":"MO","stateName":"Missouri","county":"Harrison","countyFips":"81","wfo":"","scale":1,"scaleLabel":"F1","lengthMiles":0.1,"widthYards":50,"deaths":0,"injuries":0,"propertyDamage":2500,"cropDamage":0,"source":"","dataSource":"PUB"}},{"type":"Feature","geometry":{"type":"LineString","coordinates":[[-92.52,38.28],[-92.52,38.28]]},"properties":{"id":"ncei-1967-10058252","eventId":"10058252","episodeId":"","year":1967,"month":6,"date":"1967-06-16","beginTime":"1967-06-16T15:10:00","endTime":"1967-06-16T15:10:00","timezone":"CST","state":"MO","stateName":"Missouri","county":"Miller","countyFips":"131","wfo":"","scale":0,"scaleLabel":"F0","lengthMiles":0.1,"widthYards":10,"deaths":0,"injuries":0,"propertyDamage":0,"cropDamage":0,"source":"","dataSource":"PUB"}},{"type":"Feature","geometry":{"type":"LineString","coordinates":[[-91.75,39.67],[-91.75,39.67]]},"properties":{"id":"ncei-1967-10058270","eventId":"10058270","episodeId":"","year":1967,"month":7,"date":"1967-07-26","beginTime":"1967-07-26T20:45:00","endTime":"1967-07-26T20:45:00","timezone":"CST","state":"MO","stateName":"Missouri","county":"Monroe","countyFips":"137","wfo":"","scale":0,"scaleLabel":"F0","lengthMiles":0.1,"widthYards":10,"deaths":0,"injuries":0,"propertyDamage":0,"cropDamage":0,"source":"","dataSource":"PUB"}},{"type":"Feature","geometry":{"type":"LineString","coordinates":[[-94.53,37.57],[-94.53,37.57]]},"properties":{"id":"ncei-1967-10058271","eventId":"10058271","episodeId":"","year":1967,"month":7,"date":"1967-07-28","beginTime":"1967-07-28T03:00:00","endTime":"1967-07-28T03:00:00","timezone":"CST","state":"MO","stateName":"Missouri","county":"Barton","countyFips":"11","wfo":"","scale":0,"scaleLabel":"F0","lengthMiles":0.2,"widthYards":20,"deaths":0,"injuries":0,"propertyDamage":0,"cropDamage":0,"source":"","dataSource":"PUB"}},{"type":"Feature","geometry":{"type":"LineString","coordinates":[[-92.75,38.05],[-92.63,38.12]]},"properties":{"id":"ncei-1967-10058275","eventId":"10058275","episodeId":"","year":1967,"month":7,"date":"1967-07-28","beginTime":"1967-07-28T05:00:00","endTime":"1967-07-28T05:00:00","timezone":"CST","state":"MO","stateName":"Missouri","county":"Camden","countyFips":"29","wfo":"","scale":1,"scaleLabel":"F1","lengthMiles":7.6,"widthYards":33,"deaths":0,"injuries":0,"propertyDamage":2500,"cropDamage":0,"source":"","dataSource":"PUB"}},{"type":"Feature","geometry":{"type":"LineString","coordinates":[[-93.13,37.35],[-93.13,37.35]]},"properties":{"id":"ncei-1967-10058276","eventId":"10058276","episodeId":"","year":1967,"month":7,"date":"1967-07-28","beginTime":"1967-07-28T05:00:00","endTime":"1967-07-28T05:00:00","timezone":"CST","state":"MO","stateName":"Missouri","county":"Greene","countyFips":"77","wfo":"","scale":1,"scaleLabel":"F1","lengthMiles":0.2,"widthYards":33,"deaths":0,"injuries":0,"propertyDamage":2500,"cropDamage":0,"source":"","dataSource":"PUB"}},{"type":"Feature","geometry":{"type":"LineString","coordinates":[[-92.9,37.28],[-92.9,37.28]]},"properties":{"id":"ncei-1967-10058277","eventId":"10058277","episodeId":"","year":1967,"month":7,"date":"1967-07-28","beginTime":"1967-07-28T05:10:00","endTime":"1967-07-28T05:10:00","timezone":"CST","state":"MO","stateName":"Missouri","county":"Webster","countyFips":"225","wfo":"","scale":0,"scaleLabel":"F0","lengthMiles":0.1,"widthYards":10,"deaths":0,"injuries":0,"propertyDamage":0,"cropDamage":0,"source":"","dataSource":"PUB"}},{"type":"Feature","geometry":{"type":"LineString","coordinates":[[-91.85,37.73],[-91.85,37.73]]},"properties":{"id":"ncei-1967-10058278","eventId":"10058278","episodeId":"","year":1967,"month":7,"date":"1967-07-28","beginTime":"1967-07-28T09:00:00","endTime":"1967-07-28T09:00:00","timezone":"CST","state":"MO","stateName":"Missouri","county":"Phelps","countyFips":"161","wfo":"","scale":1,"scaleLabel":"F1","lengthMiles":0.2,"widthYards":33,"deaths":0,"injuries":0,"propertyDamage":2500,"cropDamage":0,"source":"","dataSource":"PUB"}},{"type":"Feature","geometry":{"type":"LineString","coordinates":[[-92.23,40.1],[-92.23,40.1]]},"properties":{"id":"ncei-1967-10060648","eventId":"10060648","episodeId":"","year":1967,"month":8,"date":"1967-08-18","beginTime":"1967-08-18T14:20:00","endTime":"1967-08-18T14:20:00","timezone":"CST","state":"MO","stateName":"Missouri","county":"Knox","countyFips":"103","wfo":"","scale":0,"scaleLabel":"F0","lengthMiles":1,"widthYards":33,"deaths":0,"injuries":0,"propertyDamage":0,"cropDamage":0,"source":"","dataSource":"PUB"}},{"type":"Feature","geometry":{"type":"LineString","coordinates":[[-94.35,38.73],[-94.28,38.65]]},"properties":{"id":"ncei-1967-10060649","eventId":"10060649","episodeId":"","year":1967,"month":8,"date":"1967-08-18","beginTime":"1967-08-18T17:30:00","endTime":"1967-08-18T17:30:00","timezone":"CST","state":"MO","stateName":"Missouri","county":"Cass","countyFips":"37","wfo":"","scale":1,"scaleLabel":"F1","lengthMiles":6.5,"widthYards":50,"deaths":0,"injuries":0,"propertyDamage":0,"cropDamage":0,"source":"","dataSource":"PUB"}},{"type":"Feature","geometry":{"type":"LineString","coordinates":[[-93.33,37.87],[-93.33,37.87]]},"properties":{"id":"ncei-1967-10060651","eventId":"10060651","episodeId":"","year":1967,"month":10,"date":"1967-10-24","beginTime":"1967-10-24T07:05:00","endTime":"1967-10-24T07:05:00","timezone":"CST","state":"MO","stateName":"Missouri","county":"Hickory","countyFips":"85","wfo":"","scale":1,"scaleLabel":"F1","lengthMiles":2,"widthYards":30,"deaths":0,"injuries":0,"propertyDamage":2500,"cropDamage":0,"source":"","dataSource":"PUB"}},{"type":"Feature","geometry":{"type":"LineString","coordinates":[[-92.57,38.63],[-92.57,38.63]]},"properties":{"id":"ncei-1967-10060652","eventId":"10060652","episodeId":"","year":1967,"month":10,"date":"1967-10-24","beginTime":"1967-10-24T07:55:00","endTime":"1967-10-24T07:55:00","timezone":"CST","state":"MO","stateName":"Missouri","county":"Moniteau","countyFips":"135","wfo":"","scale":2,"scaleLabel":"F2","lengthMiles":0.5,"widthYards":50,"deaths":0,"injuries":0,"propertyDamage":2500,"cropDamage":0,"source":"","dataSource":"PUB"}},{"type":"Feature","geometry":{"type":"LineString","coordinates":[[-90.85,38.82],[-90.85,38.82]]},"properties":{"id":"ncei-1967-10060653","eventId":"10060653","episodeId":"","year":1967,"month":10,"date":"1967-10-24","beginTime":"1967-10-24T09:50:00","endTime":"1967-10-24T09:50:00","timezone":"CST","state":"MO","stateName":"Missouri","county":"St. Charles","countyFips":"183","wfo":"","scale":2,"scaleLabel":"F2","lengthMiles":0.5,"widthYards":50,"deaths":0,"injuries":5,"propertyDamage":25000,"cropDamage":0,"source":"","dataSource":"PUB"}},{"type":"Feature","geometry":{"type":"LineString","coordinates":[[-90.48,38.72],[-90.18,38.82]]},"properties":{"id":"ncei-1967-10060654","eventId":"10060654","episodeId":"","year":1967,"month":10,"date":"1967-10-24","beginTime":"1967-10-24T10:45:00","endTime":"1967-10-24T10:45:00","timezone":"CST","state":"MO","stateName":"Missouri","county":"St. Louis","countyFips":"189","wfo":"","scale":3,"scaleLabel":"F3","lengthMiles":17.5,"widthYards":100,"deaths":0,"injuries":2,"propertyDamage":250000,"cropDamage":0,"source":"","dataSource":"PUB"}},{"type":"Feature","geometry":{"type":"LineString","coordinates":[[-90.38,38.43],[-90.38,38.43]]},"properties":{"id":"ncei-1967-10060655","eventId":"10060655","episodeId":"","year":1967,"month":10,"date":"1967-10-24","beginTime":"1967-10-24T10:55:00","endTime":"1967-10-24T10:55:00","timezone":"CST","state":"MO","stateName":"Missouri","county":"Jefferson","countyFips":"99","wfo":"","scale":1,"scaleLabel":"F1","lengthMiles":2,"widthYards":50,"deaths":0,"injuries":0,"propertyDamage":25000,"cropDamage":0,"source":"","dataSource":"PUB"}},{"type":"Feature","geometry":{"type":"LineString","coordinates":[[-90.18,38.82],[-90.12,38.85]]},"properties":{"id":"ncei-1967-10060656","eventId":"10060656","episodeId":"","year":1967,"month":10,"date":"1967-10-24","beginTime":"1967-10-24T11:00:00","endTime":"1967-10-24T11:00:00","timezone":"CST","state":"MO","stateName":"Missouri","county":"St. Charles","countyFips":"183","wfo":"","scale":3,"scaleLabel":"F3","lengthMiles":4.3,"widthYards":100,"deaths":0,"injuries":0,"propertyDamage":250000,"cropDamage":0,"source":"","dataSource":"PUB"}},{"type":"Feature","geometry":{"type":"LineString","coordinates":[[-89.98,37.62],[-89.75,37.63]]},"properties":{"id":"ncei-1967-10060661","eventId":"10060661","episodeId":"","year":1967,"month":10,"date":"1967-10-24","beginTime":"1967-10-24T12:15:00","endTime":"1967-10-24T12:15:00","timezone":"CST","state":"MO","stateName":"Missouri","county":"Perry","countyFips":"157","wfo":"","scale":1,"scaleLabel":"F1","lengthMiles":12.8,"widthYards":100,"deaths":0,"injuries":1,"propertyDamage":25000,"cropDamage":0,"source":"","dataSource":"PUB"}},{"type":"Feature","geometry":{"type":"LineString","coordinates":[[-89.6,37.5],[-89.6,37.5]]},"properties":{"id":"ncei-1967-10060662","eventId":"10060662","episodeId":"","year":1967,"month":10,"date":"1967-10-24","beginTime":"1967-10-24T13:00:00","endTime":"1967-10-24T13:00:00","timezone":"CST","state":"MO","stateName":"Missouri","county":"Cape Girardeau","countyFips":"31","wfo":"","scale":0,"scaleLabel":"F0","lengthMiles":0.5,"widthYards":17,"deaths":0,"injuries":0,"propertyDamage":0,"cropDamage":0,"source":"","dataSource":"PUB"}},{"type":"Feature","geometry":{"type":"LineString","coordinates":[[-89.7,36.9],[-89.7,36.9]]},"properties":{"id":"ncei-1967-10060663","eventId":"10060663","episodeId":"","year":1967,"month":10,"date":"1967-10-24","beginTime":"1967-10-24T13:15:00","endTime":"1967-10-24T13:15:00","timezone":"CST","state":"MO","stateName":"Missouri","county":"Scott","countyFips":"201","wfo":"","scale":2,"scaleLabel":"F2","lengthMiles":0,"widthYards":17,"deaths":0,"injuries":0,"propertyDamage":25000,"cropDamage":0,"source":"","dataSource":"PUB"}},{"type":"Feature","geometry":{"type":"LineString","coordinates":[[-92.07,36.88],[-91.92,37.02]]},"properties":{"id":"ncei-1967-10060664","eventId":"10060664","episodeId":"","year":1967,"month":12,"date":"1967-12-20","beginTime":"1967-12-20T23:15:00","endTime":"1967-12-20T23:15:00","timezone":"CST","state":"MO","stateName":"Missouri","county":"Howell","countyFips":"91","wfo":"","scale":2,"scaleLabel":"F2","lengthMiles":12.3,"widthYards":150,"deaths":0,"injuries":2,"propertyDamage":25000,"cropDamage":0,"source":"","dataSource":"PUB"}},{"type":"Feature","geometry":{"type":"LineString","coordinates":[[-92.45,36.55],[-92.35,36.6]]},"properties":{"id":"ncei-1967-10060665","eventId":"10060665","episodeId":"","year":1967,"month":12,"date":"1967-12-20","beginTime":"1967-12-20T23:30:00","endTime":"1967-12-20T23:30:00","timezone":"CST","state":"MO","stateName":"Missouri","county":"Ozark","countyFips":"153","wfo":"","scale":1,"scaleLabel":"F1","lengthMiles":6.4,"widthYards":50,"deaths":0,"injuries":0,"propertyDamage":25000,"cropDamage":0,"source":"","dataSource":"PUB"}},{"type":"Feature","geometry":{"type":"LineString","coordinates":[[-91.45,38.55],[-91.27,38.6]]},"properties":{"id":"ncei-1967-10060666","eventId":"10060666","episodeId":"","year":1967,"month":12,"date":"1967-12-20","beginTime":"1967-12-20T23:45:00","endTime":"1967-12-20T23:45:00","timezone":"CST","state":"MO","stateName":"Missouri","county":"Gasconade","countyFips":"73","wfo":"","scale":1,"scaleLabel":"F1","lengthMiles":10.3,"widthYards":100,"deaths":0,"injuries":0,"propertyDamage":25000,"cropDamage":0,"source":"","dataSource":"PUB"}},{"type":"Feature","geometry":{"type":"LineString","coordinates":[[-91.13,37.68],[-91.07,37.73]]},"properties":{"id":"ncei-1967-10060669","eventId":"10060669","episodeId":"","year":1967,"month":12,"date":"1967-12-21","beginTime":"1967-12-21T00:45:00","endTime":"1967-12-21T00:45:00","timezone":"CST","state":"MO","stateName":"Missouri","county":"Iron","countyFips":"93","wfo":"","scale":4,"scaleLabel":"F4","lengthMiles":5.1,"widthYards":200,"deaths":0,"injuries":5,"propertyDamage":2500000,"cropDamage":0,"source":"","dataSource":"PUB"}},{"type":"Feature","geometry":{"type":"LineString","coordinates":[[-91.07,37.73],[-90.75,37.95]]},"properties":{"id":"ncei-1967-10060670","eventId":"10060670","episodeId":"","year":1967,"month":12,"date":"1967-12-21","beginTime":"1967-12-21T00:45:00","endTime":"1967-12-21T00:45:00","timezone":"CST","state":"MO","stateName":"Missouri","county":"Washington","countyFips":"221","wfo":"","scale":4,"scaleLabel":"F4","lengthMiles":22.8,"widthYards":200,"deaths":3,"injuries":47,"propertyDamage":2500000,"cropDamage":0,"source":"","dataSource":"PUB"}},{"type":"Feature","geometry":{"type":"LineString","coordinates":[[-91.63,36.7],[-91.63,36.7]]},"properties":{"id":"ncei-1967-10060671","eventId":"10060671","episodeId":"","year":1967,"month":12,"date":"1967-12-21","beginTime":"1967-12-21T03:45:00","endTime":"1967-12-21T03:45:00","timezone":"CST","state":"MO","stateName":"Missouri","county":"Oregon","countyFips":"149","wfo":"","scale":2,"scaleLabel":"F2","lengthMiles":1.5,"widthYards":50,"deaths":0,"injuries":1,"propertyDamage":25000,"cropDamage":0,"source":"","dataSource":"PUB"}},{"type":"Feature","geometry":{"type":"LineString","coordinates":[[-90.97,36.5],[-90.93,36.52]]},"properties":{"id":"ncei-1967-10060672","eventId":"10060672","episodeId":"","year":1967,"month":12,"date":"1967-12-21","beginTime":"1967-12-21T06:20:00","endTime":"1967-12-21T06:20:00","timezone":"CST","state":"MO","stateName":"Missouri","county":"Ripley","countyFips":"181","wfo":"","scale":2,"scaleLabel":"F2","lengthMiles":1.9,"widthYards":50,"deaths":0,"injuries":0,"propertyDamage":250000,"cropDamage":0,"source":"","dataSource":"PUB"}},{"type":"Feature","geometry":{"type":"LineString","coordinates":[[-89.9,37.83],[-89.8,37.88]]},"properties":{"id":"ncei-1967-10060674","eventId":"10060674","episodeId":"","year":1967,"month":12,"date":"1967-12-21","beginTime":"1967-12-21T10:45:00","endTime":"1967-12-21T10:45:00","timezone":"CST","state":"MO","stateName":"Missouri","county":"Perry","countyFips":"157","wfo":"","scale":3,"scaleLabel":"F3","lengthMiles":6.2,"widthYards":200,"deaths":0,"injuries":13,"propertyDamage":25000000,"cropDamage":0,"source":"","dataSource":"PUB"}},{"type":"Feature","geometry":{"type":"LineString","coordinates":[[-89.63,37.63],[-89.63,37.63]]},"properties":{"id":"ncei-1967-10060675","eventId":"10060675","episodeId":"","year":1967,"month":12,"date":"1967-12-21","beginTime":"1967-12-21T11:05:00","endTime":"1967-12-21T11:05:00","timezone":"CST","state":"MO","stateName":"Missouri","county":"Perry","countyFips":"157","wfo":"","scale":1,"scaleLabel":"F1","lengthMiles":0.2,"widthYards":17,"deaths":0,"injuries":0,"propertyDamage":25000,"cropDamage":0,"source":"","dataSource":"PUB"}},{"type":"Feature","geometry":{"type":"LineString","coordinates":[[-92.95,39.72],[-92.95,39.72]]},"properties":{"id":"ncei-1967-10062904","eventId":"10062904","episodeId":"","year":1967,"month":8,"date":"1967-08-02","beginTime":"1967-08-02T15:30:00","endTime":"1967-08-02T15:30:00","timezone":"CST","state":"MO","stateName":"Missouri","county":"Chariton","countyFips":"41","wfo":"","scale":0,"scaleLabel":"F0","lengthMiles":0.1,"widthYards":10,"deaths":0,"injuries":0,"propertyDamage":0,"cropDamage":0,"source":"","dataSource":"PUB"}},{"type":"Feature","geometry":{"type":"LineString","coordinates":[[-96.33,41.32],[-96.33,41.32]]},"properties":{"id":"ncei-1967-10067211","eventId":"10067211","episodeId":"","year":1967,"month":3,"date":"1967-03-30","beginTime":"1967-03-30T18:45:00","endTime":"1967-03-30T18:45:00","timezone":"CST","state":"NE","stateName":"Nebraska","county":"Douglas","countyFips":"55","wfo":"","scale":-1,"scaleLabel":"Unknown","lengthMiles":0,"widthYards":33,"deaths":0,"injuries":0,"propertyDamage":2500,"cropDamage":0,"source":"","dataSource":"PUB"}},{"type":"Feature","geometry":{"type":"LineString","coordinates":[[-96.8,40.53],[-96.8,40.53]]},"properties":{"id":"ncei-1967-10067217","eventId":"10067217","episodeId":"","year":1967,"month":5,"date":"1967-05-10","beginTime":"1967-05-10T18:45:00","endTime":"1967-05-10T18:45:00","timezone":"CST","state":"NE","stateName":"Nebraska","county":"Lancaster","countyFips":"109","wfo":"","scale":-1,"scaleLabel":"Unknown","lengthMiles":0,"widthYards":33,"deaths":0,"injuries":0,"propertyDamage":250000,"cropDamage":0,"source":"","dataSource":"PUB"}},{"type":"Feature","geometry":{"type":"LineString","coordinates":[[-98.85,42.92],[-98.37,42.87]]},"properties":{"id":"ncei-1967-10067229","eventId":"10067229","episodeId":"","year":1967,"month":6,"date":"1967-06-06","beginTime":"1967-06-06T17:45:00","endTime":"1967-06-06T17:45:00","timezone":"CST","state":"NE","stateName":"Nebraska","county":"Boyd","countyFips":"15","wfo":"","scale":0,"scaleLabel":"F0","lengthMiles":24.5,"widthYards":33,"deaths":0,"injuries":0,"propertyDamage":0,"cropDamage":0,"source":"","dataSource":"PUB"}},{"type":"Feature","geometry":{"type":"LineString","coordinates":[[-101.95,40.18],[-101.23,40.38]]},"properties":{"id":"ncei-1967-10067230","eventId":"10067230","episodeId":"","year":1967,"month":6,"date":"1967-06-06","beginTime":"1967-06-06T19:00:00","endTime":"1967-06-06T19:00:00","timezone":"CST","state":"NE","stateName":"Nebraska","county":"Dundy","countyFips":"57","wfo":"","scale":-1,"scaleLabel":"Unknown","lengthMiles":40.1,"widthYards":33,"deaths":0,"injuries":1,"propertyDamage":25000,"cropDamage":0,"source":"","dataSource":"PUB"}},{"type":"Feature","geometry":{"type":"LineString","coordinates":[[-100.88,41.13],[-100.88,41.13]]},"properties":{"id":"ncei-1967-10067231","eventId":"10067231","episodeId":"","year":1967,"month":6,"date":"1967-06-06","beginTime":"1967-06-06T20:07:00","endTime":"1967-06-06T20:07:00","timezone":"CST","state":"NE","stateName":"Nebraska","county":"Lincoln","countyFips":"111","wfo":"","scale":1,"scaleLabel":"F1","lengthMiles":1,"widthYards":50,"deaths":0,"injuries":0,"propertyDamage":2500,"cropDamage":0,"source":"","dataSource":"PUB"}},{"type":"Feature","geometry":{"type":"LineString","coordinates":[[-101.72,41.15],[-101.72,41.15]]},"properties":{"id":"ncei-1967-10067234","eventId":"10067234","episodeId":"","year":1967,"month":6,"date":"1967-06-07","beginTime":"1967-06-07T14:20:00","endTime":"1967-06-07T14:20:00","timezone":"CST","state":"NE","stateName":"Nebraska","county":"Keith","countyFips":"101","wfo":"","scale":-1,"scaleLabel":"Unknown","lengthMiles":0,"widthYards":33,"deaths":0,"injuries":0,"propertyDamage":0,"cropDamage":0,"source":"","dataSource":"PUB"}},{"type":"Feature","geometry":{"type":"LineString","coordinates":[[-96.93,40.12],[-95.67,40.23]]},"properties":{"id":"ncei-1967-10067236","eventId":"10067236","episodeId":"","year":1967,"month":6,"date":"1967-06-07","beginTime":"1967-06-07T17:15:00","endTime":"1967-06-07T17:15:00","timezone":"CST","state":"NE","stateName":"Nebraska","county":"Jefferson","countyFips":"95","wfo":"","scale":2,"scaleLabel":"F2","lengthMiles":67.3,"widthYards":33,"deaths":0,"injuries":0,"propertyDamage":250000,"cropDamage":0,"source":"","dataSource":"PUB"}},{"type":"Feature","geometry":{"type":"LineString","coordinates":[[-97.57,40.3],[-96.9,40.42]]},"properties":{"id":"ncei-1967-10067251","eventId":"10067251","episodeId":"","year":1967,"month":6,"date":"1967-06-09","beginTime":"1967-06-09T18:55:00","endTime":"1967-06-09T18:55:00","timezone":"CST","state":"NE","stateName":"Nebraska","county":"Thayer","countyFips":"169","wfo":"","scale":2,"scaleLabel":"F2","lengthMiles":35.9,"widthYards":33,"deaths":0,"injuries":0,"propertyDamage":250000,"cropDamage":0,"source":"","dataSource":"PUB"}},{"type":"Feature","geometry":{"type":"LineString","coordinates":[[-96.9,40.42],[-96.67,40.47]]},"properties":{"id":"ncei-1967-10067252","eventId":"10067252","episodeId":"","year":1967,"month":6,"date":"1967-06-09","beginTime":"1967-06-09T19:15:00","endTime":"1967-06-09T19:15:00","timezone":"CST","state":"NE","stateName":"Nebraska","county":"Gage","countyFips":"67","wfo":"","scale":2,"scaleLabel":"F2","lengthMiles":12.6,"widthYards":33,"deaths":0,"injuries":2,"propertyDamage":250000,"cropDamage":0,"source":"","dataSource":"PUB"}},{"type":"Feature","geometry":{"type":"LineString","coordinates":[[-96.38,40.58],[-96.18,40.65]]},"properties":{"id":"ncei-1967-10067253","eventId":"10067253","episodeId":"","year":1967,"month":6,"date":"1967-06-09","beginTime":"1967-06-09T19:38:00","endTime":"1967-06-09T19:38:00","timezone":"CST","state":"NE","stateName":"Nebraska","county":"Otoe","countyFips":"131","wfo":"","scale":2,"scaleLabel":"F2","lengthMiles":11.3,"widthYards":33,"deaths":0,"injuries":0,"propertyDamage":25000,"cropDamage":0,"source":"","dataSource":"PUB"}},{"type":"Feature","geometry":{"type":"LineString","coordinates":[[-98.28,40.08],[-98.28,40.08]]},"properties":{"id":"ncei-1967-10067255","eventId":"10067255","episodeId":"","year":1967,"month":6,"date":"1967-06-11","beginTime":"1967-06-11T15:35:00","endTime":"1967-06-11T15:35:00","timezone":"CST","state":"NE","stateName":"Nebraska","county":"Webster","countyFips":"181","wfo":"","scale":-1,"scaleLabel":"Unknown","lengthMiles":0,"widthYards":33,"deaths":0,"injuries":0,"propertyDamage":0,"cropDamage":0,"source":"","dataSource":"PUB"}},{"type":"Feature","geometry":{"type":"LineString","coordinates":[[-98.55,40.58],[-98.55,40.58]]},"properties":{"id":"ncei-1967-10067256","eventId":"10067256","episodeId":"","year":1967,"month":6,"date":"1967-06-11","beginTime":"1967-06-11T15:45:00","endTime":"1967-06-11T15:45:00","timezone":"CST","state":"NE","stateName":"Nebraska","county":"Adams","countyFips":"1","wfo":"","scale":-1,"scaleLabel":"Unknown","lengthMiles":0,"widthYards":33,"deaths":0,"injuries":0,"propertyDamage":0,"cropDamage":0,"source":"","dataSource":"PUB"}},{"type":"Feature","geometry":{"type":"LineString","coordinates":[[-98.27,40.07],[-98.27,40.07]]},"properties":{"id":"ncei-1967-10067257","eventId":"10067257","episodeId":"","year":1967,"month":6,"date":"1967-06-11","beginTime":"1967-06-11T16:00:00","endTime":"1967-06-11T16:00:00","timezone":"CST","state":"NE","stateName":"Nebraska","county":"Webster","countyFips":"181","wfo":"","scale":-1,"scaleLabel":"Unknown","lengthMiles":0,"widthYards":33,"deaths":0,"injuries":0,"propertyDamage":2500,"cropDamage":0,"source":"","dataSource":"PUB"}},{"type":"Feature","geometry":{"type":"LineString","coordinates":[[-99.05,40.67],[-98.42,40.8]]},"properties":{"id":"ncei-1967-10067259","eventId":"10067259","episodeId":"","year":1967,"month":6,"date":"1967-06-12","beginTime":"1967-06-12T18:15:00","endTime":"1967-06-12T18:15:00","timezone":"CST","state":"NE","stateName":"Nebraska","county":"Buffalo","countyFips":"19","wfo":"","scale":2,"scaleLabel":"F2","lengthMiles":34.3,"widthYards":50,"deaths":0,"injuries":0,"propertyDamage":25000,"cropDamage":0,"source":"","dataSource":"PUB"}},{"type":"Feature","geometry":{"type":"LineString","coordinates":[[-99.17,40.87],[-98.78,41.25]]},"properties":{"id":"ncei-1967-10067260","eventId":"10067260","episodeId":"","year":1967,"month":6,"date":"1967-06-13","beginTime":"1967-06-13T16:55:00","endTime":"1967-06-13T16:55:00","timezone":"CST","state":"NE","stateName":"Nebraska","county":"Buffalo","countyFips":"19","wfo":"","scale":2,"scaleLabel":"F2","lengthMiles":33,"widthYards":33,"deaths":0,"injuries":0,"propertyDamage":0,"cropDamage":0,"source":"","dataSource":"PUB"}},{"type":"Feature","geometry":{"type":"LineString","coordinates":[[-97.78,40],[-97.78,40]]},"properties":{"id":"ncei-1967-10068914","eventId":"10068914","episodeId":"","year":1967,"month":9,"date":"1967-09-20","beginTime":"1967-09-20T17:10:00","endTime":"1967-09-20T17:10:00","timezone":"CST","state":"NE","stateName":"Nebraska","county":"Thayer","countyFips":"169","wfo":"","scale":-1,"scaleLabel":"Unknown","lengthMiles":0,"widthYards":33,"deaths":0,"injuries":0,"propertyDamage":0,"cropDamage":0,"source":"","dataSource":"PUB"}},{"type":"Feature","geometry":{"type":"LineString","coordinates":[[-97.38,41.98],[-97.28,41.08]]},"properties":{"id":"ncei-1967-10069630","eventId":"10069630","episodeId":"","year":1967,"month":6,"date":"1967-06-13","beginTime":"1967-06-13T18:55:00","endTime":"1967-06-13T18:55:00","timezone":"CST","state":"NE","stateName":"Nebraska","county":"Stanton","countyFips":"167","wfo":"","scale":2,"scaleLabel":"F2","lengthMiles":62.3,"widthYards":33,"deaths":0,"injuries":0,"propertyDamage":250000,"cropDamage":0,"source":"","dataSource":"PUB"}},{"type":"Feature","geometry":{"type":"LineString","coordinates":[[-98.73,40.78],[-98.73,40.78]]},"properties":{"id":"ncei-1967-10069633","eventId":"10069633","episodeId":"","year":1967,"month":6,"date":"1967-06-13","beginTime":"1967-06-13T20:00:00","endTime":"1967-06-13T20:00:00","timezone":"CST","state":"NE","stateName":"Nebraska","county":"Buffalo","countyFips":"19","wfo":"","scale":0,"scaleLabel":"F0","lengthMiles":0,"widthYards":33,"deaths":0,"injuries":0,"propertyDamage":0,"cropDamage":0,"source":"","dataSource":"PUB"}},{"type":"Feature","geometry":{"type":"LineString","coordinates":[[-96.47,41.93],[-96.47,41.93]]},"properties":{"id":"ncei-1967-10069634","eventId":"10069634","episodeId":"","year":1967,"month":6,"date":"1967-06-13","beginTime":"1967-06-13T20:00:00","endTime":"1967-06-13T20:00:00","timezone":"CST","state":"NE","stateName":"Nebraska","county":"Burt","countyFips":"21","wfo":"","scale":0,"scaleLabel":"F0","lengthMiles":0,"widthYards":33,"deaths":0,"injuries":0,"propertyDamage":0,"cropDamage":0,"source":"","dataSource":"PUB"}},{"type":"Feature","geometry":{"type":"LineString","coordinates":[[-99.03,40.33],[-98.77,40.62]]},"properties":{"id":"ncei-1967-10069635","eventId":"10069635","episodeId":"","year":1967,"month":6,"date":"1967-06-13","beginTime":"1967-06-13T20:00:00","endTime":"1967-06-13T20:00:00","timezone":"CST","state":"NE","stateName":"Nebraska","county":"Franklin","countyFips":"61","wfo":"","scale":1,"scaleLabel":"F1","lengthMiles":23.9,"widthYards":33,"deaths":0,"injuries":0,"propertyDamage":0,"cropDamage":0,"source":"","dataSource":"PUB"}},{"type":"Feature","geometry":{"type":"LineString","coordinates":[[-98.6,41.02],[-98.6,41.02]]},"properties":{"id":"ncei-1967-10069636","eventId":"10069636","episodeId":"","year":1967,"month":6,"date":"1967-06-13","beginTime":"1967-06-13T20:00:00","endTime":"1967-06-13T20:00:00","timezone":"CST","state":"NE","stateName":"Nebraska","county":"Hall","countyFips":"79","wfo":"","scale":1,"scaleLabel":"F1","lengthMiles":1.1,"widthYards":33,"deaths":0,"injuries":0,"propertyDamage":0,"cropDamage":0,"source":"","dataSource":"PUB"}},{"type":"Feature","geometry":{"type":"LineString","coordinates":[[-98.4,40.52],[-98.4,40.52]]},"properties":{"id":"ncei-1967-10069637","eventId":"10069637","episodeId":"","year":1967,"month":6,"date":"1967-06-13","beginTime":"1967-06-13T20:00:00","endTime":"1967-06-13T20:00:00","timezone":"CST","state":"NE","stateName":"Nebraska","county":"Adams","countyFips":"1","wfo":"","scale":1,"scaleLabel":"F1","lengthMiles":0,"widthYards":33,"deaths":0,"injuries":0,"propertyDamage":0,"cropDamage":0,"source":"","dataSource":"PUB"}},{"type":"Feature","geometry":{"type":"LineString","coordinates":[[-99.08,40.72],[-99.08,40.72]]},"properties":{"id":"ncei-1967-10069638","eventId":"10069638","episodeId":"","year":1967,"month":6,"date":"1967-06-13","beginTime":"1967-06-13T20:00:00","endTime":"1967-06-13T20:00:00","timezone":"CST","state":"NE","stateName":"Nebraska","county":"Buffalo","countyFips":"19","wfo":"","scale":2,"scaleLabel":"F2","lengthMiles":0.5,"widthYards":33,"deaths":0,"injuries":0,"propertyDamage":0,"cropDamage":0,"source":"","dataSource":"PUB"}},{"type":"Feature","geometry":{"type":"LineString","coordinates":[[-97.08,42.05],[-97.08,42.05]]},"properties":{"id":"ncei-1967-10069640","eventId":"10069640","episodeId":"","year":1967,"month":6,"date":"1967-06-13","beginTime":"1967-06-13T21:00:00","endTime":"1967-06-13T21:00:00","timezone":"CST","state":"NE","stateName":"Nebraska","county":"Stanton","countyFips":"167","wfo":"","scale":0,"scaleLabel":"F0","lengthMiles":0,"widthYards":33,"deaths":0,"injuries":0,"propertyDamage":0,"cropDamage":0,"source":"","dataSource":"PUB"}},{"type":"Feature","geometry":{"type":"LineString","coordinates":[[-98.17,40.8],[-97.92,41]]},"properties":{"id":"ncei-1967-10069641","eventId":"10069641","episodeId":"","year":1967,"month":6,"date":"1967-06-13","beginTime":"1967-06-13T22:45:00","endTime":"1967-06-13T22:45:00","timezone":"CST","state":"NE","stateName":"Nebraska","county":"Hamilton","countyFips":"81","wfo":"","scale":2,"scaleLabel":"F2","lengthMiles":18.8,"widthYards":33,"deaths":0,"injuries":0,"propertyDamage":0,"cropDamage":0,"source":"","dataSource":"PUB"}},{"type":"Feature","geometry":{"type":"LineString","coordinates":[[-96.48,42.15],[-96.48,42.15]]},"properties":{"id":"ncei-1967-10069644","eventId":"10069644","episodeId":"","year":1967,"month":6,"date":"1967-06-14","beginTime":"1967-06-14T01:30:00","endTime":"1967-06-14T01:30:00","timezone":"CST","state":"NE","stateName":"Nebraska","county":"Thurston","countyFips":"173","wfo":"","scale":2,"scaleLabel":"F2","lengthMiles":0.5,"widthYards":33,"deaths":0,"injuries":0,"propertyDamage":250000,"cropDamage":0,"source":"","dataSource":"PUB"}},{"type":"Feature","geometry":{"type":"LineString","coordinates":[[-101.62,40.88],[-101.62,40.88]]},"properties":{"id":"ncei-1967-10069647","eventId":"10069647","episodeId":"","year":1967,"month":6,"date":"1967-06-14","beginTime":"1967-06-14T19:00:00","endTime":"1967-06-14T19:00:00","timezone":"CST","state":"NE","stateName":"Nebraska","county":"Perkins","countyFips":"135","wfo":"","scale":0,"scaleLabel":"F0","lengthMiles":0,"widthYards":33,"deaths":0,"injuries":0,"propertyDamage":0,"cropDamage":0,"source":"","dataSource":"PUB"}},{"type":"Feature","geometry":{"type":"LineString","coordinates":[[-101.68,40.55],[-101.68,40.55]]},"properties":{"id":"ncei-1967-10069648","eventId":"10069648","episodeId":"","year":1967,"month":6,"date":"1967-06-14","beginTime":"1967-06-14T19:00:00","endTime":"1967-06-14T19:00:00","timezone":"CST","state":"NE","stateName":"Nebraska","county":"Chase","countyFips":"29","wfo":"","scale":2,"scaleLabel":"F2","lengthMiles":0,"widthYards":33,"deaths":0,"injuries":0,"propertyDamage":0,"cropDamage":0,"source":"","dataSource":"PUB"}},{"type":"Feature","geometry":{"type":"LineString","coordinates":[[-100.75,40.98],[-100.75,40.98]]},"properties":{"id":"ncei-1967-10069651","eventId":"10069651","episodeId":"","year":1967,"month":6,"date":"1967-06-14","beginTime":"1967-06-14T19:58:00","endTime":"1967-06-14T19:58:00","timezone":"CST","state":"NE","stateName":"Nebraska","county":"Lincoln","countyFips":"111","wfo":"","scale":2,"scaleLabel":"F2","lengthMiles":7,"widthYards":33,"deaths":0,"injuries":0,"propertyDamage":0,"cropDamage":0,"source":"","dataSource":"PUB"}},{"type":"Feature","geometry":{"type":"LineString","coordinates":[[-98.5,41.57],[-98.5,41.57]]},"properties":{"id":"ncei-1967-10069652","eventId":"10069652","episodeId":"","year":1967,"month":6,"date":"1967-06-14","beginTime":"1967-06-14T20:00:00","endTime":"1967-06-14T20:00:00","timezone":"CST","state":"NE","stateName":"Nebraska","county":"Greeley","countyFips":"77","wfo":"","scale":0,"scaleLabel":"F0","lengthMiles":0,"widthYards":33,"deaths":0,"injuries":0,"propertyDamage":0,"cropDamage":0,"source":"","dataSource":"PUB"}},{"type":"Feature","geometry":{"type":"LineString","coordinates":[[-98.5,40.53],[-98.5,40.53]]},"properties":{"id":"ncei-1967-10069653","eventId":"10069653","episodeId":"","year":1967,"month":6,"date":"1967-06-14","beginTime":"1967-06-14T20:00:00","endTime":"1967-06-14T20:00:00","timezone":"CST","state":"NE","stateName":"Nebraska","county":"Adams","countyFips":"1","wfo":"","scale":1,"scaleLabel":"F1","lengthMiles":0,"widthYards":33,"deaths":0,"injuries":0,"propertyDamage":0,"cropDamage":0,"source":"","dataSource":"PUB"}},{"type":"Feature","geometry":{"type":"LineString","coordinates":[[-98.07,41.75],[-98.07,41.75]]},"properties":{"id":"ncei-1967-10069656","eventId":"10069656","episodeId":"","year":1967,"month":6,"date":"1967-06-14","beginTime":"1967-06-14T21:00:00","endTime":"1967-06-14T21:00:00","timezone":"CST","state":"NE","stateName":"Nebraska","county":"Boone","countyFips":"11","wfo":"","scale":0,"scaleLabel":"F0","lengthMiles":0,"widthYards":33,"deaths":0,"injuries":0,"propertyDamage":0,"cropDamage":0,"source":"","dataSource":"PUB"}},{"type":"Feature","geometry":{"type":"LineString","coordinates":[[-98.13,42.23],[-98.13,42.23]]},"properties":{"id":"ncei-1967-10069657","eventId":"10069657","episodeId":"","year":1967,"month":6,"date":"1967-06-14","beginTime":"1967-06-14T21:00:00","endTime":"1967-06-14T21:00:00","timezone":"CST","state":"NE","stateName":"Nebraska","county":"Antelope","countyFips":"3","wfo":"","scale":0,"scaleLabel":"F0","lengthMiles":0,"widthYards":33,"deaths":0,"injuries":0,"propertyDamage":0,"cropDamage":0,"source":"","dataSource":"PUB"}},{"type":"Feature","geometry":{"type":"LineString","coordinates":[[-97.6,41.92],[-97.6,41.92]]},"properties":{"id":"ncei-1967-10069658","eventId":"10069658","episodeId":"","year":1967,"month":6,"date":"1967-06-14","beginTime":"1967-06-14T21:00:00","endTime":"1967-06-14T21:00:00","timezone":"CST","state":"NE","stateName":"Nebraska","county":"Madison","countyFips":"119","wfo":"","scale":0,"scaleLabel":"F0","lengthMiles":0,"widthYards":33,"deaths":0,"injuries":0,"propertyDamage":0,"cropDamage":0,"source":"","dataSource":"PUB"}},{"type":"Feature","geometry":{"type":"LineString","coordinates":[[-97.6,42.27],[-97.6,42.27]]},"properties":{"id":"ncei-1967-10069660","eventId":"10069660","episodeId":"","year":1967,"month":6,"date":"1967-06-14","beginTime":"1967-06-14T22:00:00","endTime":"1967-06-14T22:00:00","timezone":"CST","state":"NE","stateName":"Nebraska","county":"Madison","countyFips":"119","wfo":"","scale":1,"scaleLabel":"F1","lengthMiles":1,"widthYards":33,"deaths":0,"injuries":0,"propertyDamage":0,"cropDamage":0,"source":"","dataSource":"PUB"}},{"type":"Feature","geometry":{"type":"LineString","coordinates":[[-97.22,40.83],[-96.22,41.73]]},"properties":{"id":"ncei-1967-10069662","eventId":"10069662","episodeId":"","year":1967,"month":6,"date":"1967-06-15","beginTime":"1967-06-15T16:30:00","endTime":"1967-06-15T16:30:00","timezone":"CST","state":"NE","stateName":"Nebraska","county":"Seward","countyFips":"159","wfo":"","scale":0,"scaleLabel":"F0","lengthMiles":80.9,"widthYards":33,"deaths":0,"injuries":0,"propertyDamage":250000,"cropDamage":0,"source":"","dataSource":"PUB"}},{"type":"Feature","geometry":{"type":"LineString","coordinates":[[-100.05,42.57],[-100.05,42.57]]},"properties":{"id":"ncei-1967-10069670","eventId":"10069670","episodeId":"","year":1967,"month":6,"date":"1967-06-27","beginTime":"1967-06-27T14:30:00","endTime":"1967-06-27T14:30:00","timezone":"CST","state":"NE","stateName":"Nebraska","county":"Brown","countyFips":"17","wfo":"","scale":-1,"scaleLabel":"Unknown","lengthMiles":0,"widthYards":33,"deaths":0,"injuries":0,"propertyDamage":0,"cropDamage":0,"source":"","dataSource":"PUB"}},{"type":"Feature","geometry":{"type":"LineString","coordinates":[[-96.83,41.98],[-96.83,41.98]]},"properties":{"id":"ncei-1967-10069697","eventId":"10069697","episodeId":"","year":1967,"month":8,"date":"1967-08-01","beginTime":"1967-08-01T15:00:00","endTime":"1967-08-01T15:00:00","timezone":"CST","state":"NE","stateName":"Nebraska","county":"Cuming","countyFips":"39","wfo":"","scale":2,"scaleLabel":"F2","lengthMiles":2,"widthYards":33,"deaths":0,"injuries":0,"propertyDamage":25000,"cropDamage":0,"source":"","dataSource":"PUB"}},{"type":"Feature","geometry":{"type":"LineString","coordinates":[[-98.98,40.7],[-97.83,41.22]]},"properties":{"id":"ncei-1967-10071903","eventId":"10071903","episodeId":"","year":1967,"month":6,"date":"1967-06-13","beginTime":"1967-06-13T17:40:00","endTime":"1967-06-13T17:40:00","timezone":"CST","state":"NE","stateName":"Nebraska","county":"Buffalo","countyFips":"19","wfo":"","scale":2,"scaleLabel":"F2","lengthMiles":69.7,"widthYards":33,"deaths":0,"injuries":0,"propertyDamage":0,"cropDamage":0,"source":"","dataSource":"PUB"}},{"type":"Feature","geometry":{"type":"LineString","coordinates":[[-97.78,41.75],[-97.38,41.98]]},"properties":{"id":"ncei-1967-10071904","eventId":"10071904","episodeId":"","year":1967,"month":6,"date":"1967-06-13","beginTime":"1967-06-13T18:30:00","endTime":"1967-06-13T18:30:00","timezone":"CST","state":"NE","stateName":"Nebraska","county":"Madison","countyFips":"119","wfo":"","scale":2,"scaleLabel":"F2","lengthMiles":26,"widthYards":33,"deaths":0,"injuries":1,"propertyDamage":250000,"cropDamage":0,"source":"","dataSource":"PUB"}},{"type":"Feature","geometry":{"type":"LineString","coordinates":[[-97.73,41.58],[-97.73,41.58]]},"properties":{"id":"ncei-1967-10071905","eventId":"10071905","episodeId":"","year":1967,"month":6,"date":"1967-06-13","beginTime":"1967-06-13T18:40:00","endTime":"1967-06-13T18:40:00","timezone":"CST","state":"NE","stateName":"Nebraska","county":"Platte","countyFips":"141","wfo":"","scale":1,"scaleLabel":"F1","lengthMiles":1.7,"widthYards":33,"deaths":0,"injuries":0,"propertyDamage":0,"cropDamage":0,"source":"","dataSource":"PUB"}},{"type":"Feature","geometry":{"type":"LineString","coordinates":[[-75.67,43],[-75.67,43]]},"properties":{"id":"ncei-1967-10074949","eventId":"10074949","episodeId":"","year":1967,"month":7,"date":"1967-07-01","beginTime":"1967-07-01T18:30:00","endTime":"1967-07-01T18:30:00","timezone":"CST","state":"NY","stateName":"New York","county":"Oneida","countyFips":"65","wfo":"","scale":-1,"scaleLabel":"Unknown","lengthMiles":0,"widthYards":33,"deaths":0,"injuries":0,"propertyDamage":0,"cropDamage":0,"source":"","dataSource":"PUB"}},{"type":"Feature","geometry":{"type":"LineString","coordinates":[[-78.67,42.42],[-78.47,42.33]]},"properties":{"id":"ncei-1967-10074951","eventId":"10074951","episodeId":"","year":1967,"month":7,"date":"1967-07-24","beginTime":"1967-07-24T14:00:00","endTime":"1967-07-24T14:00:00","timezone":"CST","state":"NY","stateName":"New York","county":"Cattaraugus","countyFips":"9","wfo":"","scale":3,"scaleLabel":"F3","lengthMiles":11.4,"widthYards":250,"deaths":0,"injuries":0,"propertyDamage":25000,"cropDamage":0,"source":"","dataSource":"PUB"}},{"type":"Feature","geometry":{"type":"LineString","coordinates":[[-74.78,40.33],[-74.78,40.33]]},"properties":{"id":"ncei-1967-10079261","eventId":"10079261","episodeId":"","year":1967,"month":10,"date":"1967-10-18","beginTime":"1967-10-18T17:40:00","endTime":"1967-10-18T17:40:00","timezone":"CST","state":"NJ","stateName":"New Jersey","county":"Mercer","countyFips":"21","wfo":"","scale":1,"scaleLabel":"F1","lengthMiles":0.5,"widthYards":100,"deaths":0,"injuries":0,"propertyDamage":25000,"cropDamage":0,"source":"","dataSource":"PUB"}},{"type":"Feature","geometry":{"type":"LineString","coordinates":[[-104.5,33.5],[-104.5,33.5]]},"properties":{"id":"ncei-1967-10079556","eventId":"10079556","episodeId":"","year":1967,"month":6,"date":"1967-06-04","beginTime":"1967-06-04T17:00:00","endTime":"1967-06-04T17:00:00","timezone":"CST","state":"NM","stateName":"New Mexico","county":"Chaves","countyFips":"5","wfo":"","scale":1,"scaleLabel":"F1","lengthMiles":1.5,"widthYards":33,"deaths":0,"injuries":0,"propertyDamage":25000,"cropDamage":0,"source":"","dataSource":"PUB"}},{"type":"Feature","geometry":{"type":"LineString","coordinates":[[-103.17,34.1],[-103.17,34.1]]},"properties":{"id":"ncei-1967-10079557","eventId":"10079557","episodeId":"","year":1967,"month":6,"date":"1967-06-14","beginTime":"1967-06-14T19:40:00","endTime":"1967-06-14T19:40:00","timezone":"CST","state":"NM","stateName":"New Mexico","county":"Roosevelt","countyFips":"41","wfo":"","scale":0,"scaleLabel":"F0","lengthMiles":0,"widthYards":33,"deaths":0,"injuries":0,"propertyDamage":0,"cropDamage":0,"source":"","dataSource":"PUB"}},{"type":"Feature","geometry":{"type":"LineString","coordinates":[[-108.28,32.78],[-108.28,32.78]]},"properties":{"id":"ncei-1967-10079559","eventId":"10079559","episodeId":"","year":1967,"month":6,"date":"1967-06-15","beginTime":"1967-06-15T14:20:00","endTime":"1967-06-15T14:20:00","timezone":"CST","state":"NM","stateName":"New Mexico","county":"Grant","countyFips":"17","wfo":"","scale":1,"scaleLabel":"F1","lengthMiles":0,"widthYards":33,"deaths":0,"injuries":0,"propertyDamage":2500,"cropDamage":0,"source":"","dataSource":"PUB"}},{"type":"Feature","geometry":{"type":"LineString","coordinates":[[-103.33,34.2],[-103.33,34.2]]},"properties":{"id":"ncei-1967-10079565","eventId":"10079565","episodeId":"","year":1967,"month":6,"date":"1967-06-28","beginTime":"1967-06-28T17:45:00","endTime":"1967-06-28T17:45:00","timezone":"CST","state":"NM","stateName":"New Mexico","county":"Roosevelt","countyFips":"41","wfo":"","scale":1,"scaleLabel":"F1","lengthMiles":0,"widthYards":33,"deaths":0,"injuries":0,"propertyDamage":0,"cropDamage":0,"source":"","dataSource":"PUB"}},{"type":"Feature","geometry":{"type":"LineString","coordinates":[[-103.05,36.55],[-103.05,36.55]]},"properties":{"id":"ncei-1967-10079571","eventId":"10079571","episodeId":"","year":1967,"month":7,"date":"1967-07-03","beginTime":"1967-07-03T15:30:00","endTime":"1967-07-03T15:30:00","timezone":"CST","state":"NM","stateName":"New Mexico","county":"Union","countyFips":"59","wfo":"","scale":0,"scaleLabel":"F0","lengthMiles":0,"widthYards":33,"deaths":0,"injuries":0,"propertyDamage":0,"cropDamage":0,"source":"","dataSource":"PUB"}},{"type":"Feature","geometry":{"type":"LineString","coordinates":[[-103.08,36.5],[-103.08,36.5]]},"properties":{"id":"ncei-1967-10079572","eventId":"10079572","episodeId":"","year":1967,"month":7,"date":"1967-07-03","beginTime":"1967-07-03T15:30:00","endTime":"1967-07-03T15:30:00","timezone":"CST","state":"NM","stateName":"New Mexico","county":"Union","countyFips":"59","wfo":"","scale":0,"scaleLabel":"F0","lengthMiles":0,"widthYards":33,"deaths":0,"injuries":0,"propertyDamage":0,"cropDamage":0,"source":"","dataSource":"PUB"}},{"type":"Feature","geometry":{"type":"LineString","coordinates":[[-103,36.68],[-103,36.68]]},"properties":{"id":"ncei-1967-10079573","eventId":"10079573","episodeId":"","year":1967,"month":7,"date":"1967-07-03","beginTime":"1967-07-03T15:30:00","endTime":"1967-07-03T15:30:00","timezone":"CST","state":"NM","stateName":"New Mexico","county":"Union","countyFips":"59","wfo":"","scale":0,"scaleLabel":"F0","lengthMiles":0,"widthYards":33,"deaths":0,"injuries":0,"propertyDamage":0,"cropDamage":0,"source":"","dataSource":"PUB"}},{"type":"Feature","geometry":{"type":"LineString","coordinates":[[-114.62,38.38],[-114.62,38.38]]},"properties":{"id":"ncei-1967-10080174","eventId":"10080174","episodeId":"","year":1967,"month":5,"date":"1967-05-22","beginTime":"1967-05-22T13:45:00","endTime":"1967-05-22T13:45:00","timezone":"CST","state":"NV","stateName":"Nevada","county":"Lincoln","countyFips":"17","wfo":"","scale":-1,"scaleLabel":"Unknown","lengthMiles":1,"widthYards":70,"deaths":0,"injuries":0,"propertyDamage":0,"cropDamage":0,"source":"","dataSource":"PUB"}},{"type":"Feature","geometry":{"type":"LineString","coordinates":[[-115,39.5],[-115,39.5]]},"properties":{"id":"ncei-1967-10080176","eventId":"10080176","episodeId":"","year":1967,"month":9,"date":"1967-09-08","beginTime":"1967-09-08T15:40:00","endTime":"1967-09-08T15:40:00","timezone":"CST","state":"NV","stateName":"Nevada","county":"White Pine","countyFips":"33","wfo":"","scale":-1,"scaleLabel":"Unknown","lengthMiles":0,"widthYards":33,"deaths":0,"injuries":0,"propertyDamage":0,"cropDamage":0,"source":"","dataSource":"PUB"}},{"type":"Feature","geometry":{"type":"LineString","coordinates":[[-103.1,34.4],[-103.1,34.4]]},"properties":{"id":"ncei-1967-10080684","eventId":"10080684","episodeId":"","year":1967,"month":3,"date":"1967-03-23","beginTime":"1967-03-23T17:00:00","endTime":"1967-03-23T17:00:00","timezone":"CST","state":"NM","stateName":"New Mexico","county":"Curry","countyFips":"9","wfo":"","scale":0,"scaleLabel":"F0","lengthMiles":0,"widthYards":33,"deaths":0,"injuries":0,"propertyDamage":0,"cropDamage":0,"source":"","dataSource":"PUB"}},{"type":"Feature","geometry":{"type":"LineString","coordinates":[[-71.3,43.2],[-71.3,43.2]]},"properties":{"id":"ncei-1967-10082520","eventId":"10082520","episodeId":"","year":1967,"month":7,"date":"1967-07-12","beginTime":"1967-07-12T15:35:00","endTime":"1967-07-12T15:35:00","timezone":"CST","state":"NH","stateName":"New Hampshire","county":"Merrimack","countyFips":"13","wfo":"","scale":1,"scaleLabel":"F1","lengthMiles":0.5,"widthYards":30,"deaths":0,"injuries":5,"propertyDamage":25000,"cropDamage":0,"source":"","dataSource":"PUB"}},{"type":"Feature","geometry":{"type":"LineString","coordinates":[[-98.5,46.7],[-98.5,46.7]]},"properties":{"id":"ncei-1967-10085142","eventId":"10085142","episodeId":"","year":1967,"month":6,"date":"1967-06-07","beginTime":"1967-06-07T13:00:00","endTime":"1967-06-07T13:00:00","timezone":"CST","state":"ND","stateName":"North Dakota","county":"Stutsman","countyFips":"93","wfo":"","scale":-1,"scaleLabel":"Unknown","lengthMiles":0,"widthYards":33,"deaths":0,"injuries":0,"propertyDamage":0,"cropDamage":0,"source":"","dataSource":"PUB"}},{"type":"Feature","geometry":{"type":"LineString","coordinates":[[-97.7,46.4],[-97.7,46.4]]},"properties":{"id":"ncei-1967-10085143","eventId":"10085143","episodeId":"","year":1967,"month":6,"date":"1967-06-07","beginTime":"1967-06-07T16:50:00","endTime":"1967-06-07T16:50:00","timezone":"CST","state":"ND","stateName":"North Dakota","county":"Ransom","countyFips":"73","wfo":"","scale":-1,"scaleLabel":"Unknown","lengthMiles":0,"widthYards":33,"deaths":0,"injuries":0,"propertyDamage":0,"cropDamage":0,"source":"","dataSource":"PUB"}},{"type":"Feature","geometry":{"type":"LineString","coordinates":[[-98.05,46.2],[-98.05,46.2]]},"properties":{"id":"ncei-1967-10085147","eventId":"10085147","episodeId":"","year":1967,"month":6,"date":"1967-06-30","beginTime":"1967-06-30T14:40:00","endTime":"1967-06-30T14:40:00","timezone":"CST","state":"ND","stateName":"North Dakota","county":"Dickey","countyFips":"21","wfo":"","scale":1,"scaleLabel":"F1","lengthMiles":0,"widthYards":33,"deaths":0,"injuries":0,"propertyDamage":25000,"cropDamage":0,"source":"","dataSource":"PUB"}},{"type":"Feature","geometry":{"type":"LineString","coordinates":[[-98.1,46.25],[-98.1,46.25]]},"properties":{"id":"ncei-1967-10085150","eventId":"10085150","episodeId":"","year":1967,"month":6,"date":"1967-06-30","beginTime":"1967-06-30T20:00:00","endTime":"1967-06-30T20:00:00","timezone":"CST","state":"ND","stateName":"North Dakota","county":"Dickey","countyFips":"21","wfo":"","scale":0,"scaleLabel":"F0","lengthMiles":0,"widthYards":33,"deaths":0,"injuries":0,"propertyDamage":0,"cropDamage":0,"source":"","dataSource":"PUB"}},{"type":"Feature","geometry":{"type":"LineString","coordinates":[[-99.62,48.87],[-99.62,48.87]]},"properties":{"id":"ncei-1967-10085152","eventId":"10085152","episodeId":"","year":1967,"month":7,"date":"1967-07-05","beginTime":"1967-07-05T19:00:00","endTime":"1967-07-05T19:00:00","timezone":"CST","state":"ND","stateName":"North Dakota","county":"Rolette","countyFips":"79","wfo":"","scale":0,"scaleLabel":"F0","lengthMiles":0,"widthYards":33,"deaths":0,"injuries":0,"propertyDamage":25000,"cropDamage":0,"source":"","dataSource":"PUB"}},{"type":"Feature","geometry":{"type":"LineString","coordinates":[[-98.5,46.7],[-98.5,46.7]]},"properties":{"id":"ncei-1967-10085154","eventId":"10085154","episodeId":"","year":1967,"month":7,"date":"1967-07-07","beginTime":"1967-07-07T13:05:00","endTime":"1967-07-07T13:05:00","timezone":"CST","state":"ND","stateName":"North Dakota","county":"Stutsman","countyFips":"93","wfo":"","scale":0,"scaleLabel":"F0","lengthMiles":0,"widthYards":33,"deaths":0,"injuries":0,"propertyDamage":0,"cropDamage":0,"source":"","dataSource":"PUB"}},{"type":"Feature","geometry":{"type":"LineString","coordinates":[[-97.7,46.5],[-97.7,46.5]]},"properties":{"id":"ncei-1967-10085155","eventId":"10085155","episodeId":"","year":1967,"month":7,"date":"1967-07-07","beginTime":"1967-07-07T18:50:00","endTime":"1967-07-07T18:50:00","timezone":"CST","state":"ND","stateName":"North Dakota","county":"Ransom","countyFips":"73","wfo":"","scale":0,"scaleLabel":"F0","lengthMiles":0,"widthYards":33,"deaths":0,"injuries":0,"propertyDamage":0,"cropDamage":0,"source":"","dataSource":"PUB"}},{"type":"Feature","geometry":{"type":"LineString","coordinates":[[-98.75,46.3],[-98.75,46.3]]},"properties":{"id":"ncei-1967-10085156","eventId":"10085156","episodeId":"","year":1967,"month":7,"date":"1967-07-09","beginTime":"1967-07-09T12:15:00","endTime":"1967-07-09T12:15:00","timezone":"CST","state":"ND","stateName":"North Dakota","county":"La Moure","countyFips":"45","wfo":"","scale":0,"scaleLabel":"F0","lengthMiles":0,"widthYards":33,"deaths":0,"injuries":0,"propertyDamage":0,"cropDamage":0,"source":"","dataSource":"PUB"}},{"type":"Feature","geometry":{"type":"LineString","coordinates":[[-97.6,46.8],[-97.6,46.8]]},"properties":{"id":"ncei-1967-10085157","eventId":"10085157","episodeId":"","year":1967,"month":7,"date":"1967-07-09","beginTime":"1967-07-09T14:19:00","endTime":"1967-07-09T14:19:00","timezone":"CST","state":"ND","stateName":"North Dakota","county":"Cass","countyFips":"17","wfo":"","scale":0,"scaleLabel":"F0","lengthMiles":0,"widthYards":33,"deaths":0,"injuries":0,"propertyDamage":0,"cropDamage":0,"source":"","dataSource":"PUB"}},{"type":"Feature","geometry":{"type":"LineString","coordinates":[[-97.62,46.65],[-97.62,46.65]]},"properties":{"id":"ncei-1967-10085158","eventId":"10085158","episodeId":"","year":1967,"month":7,"date":"1967-07-09","beginTime":"1967-07-09T14:19:00","endTime":"1967-07-09T14:19:00","timezone":"CST","state":"ND","stateName":"North Dakota","county":"Cass","countyFips":"17","wfo":"","scale":0,"scaleLabel":"F0","lengthMiles":0,"widthYards":33,"deaths":0,"injuries":0,"propertyDamage":0,"cropDamage":0,"source":"","dataSource":"PUB"}},{"type":"Feature","geometry":{"type":"LineString","coordinates":[[-98.08,46.7],[-98.08,46.7]]},"properties":{"id":"ncei-1967-10085159","eventId":"10085159","episodeId":"","year":1967,"month":7,"date":"1967-07-09","beginTime":"1967-07-09T14:27:00","endTime":"1967-07-09T14:27:00","timezone":"CST","state":"ND","stateName":"North Dakota","county":"Barnes","countyFips":"3","wfo":"","scale":0,"scaleLabel":"F0","lengthMiles":0,"widthYards":33,"deaths":0,"injuries":0,"propertyDamage":0,"cropDamage":0,"source":"","dataSource":"PUB"}},{"type":"Feature","geometry":{"type":"LineString","coordinates":[[-97.8,46.7],[-97.8,46.7]]},"properties":{"id":"ncei-1967-10085160","eventId":"10085160","episodeId":"","year":1967,"month":7,"date":"1967-07-09","beginTime":"1967-07-09T14:50:00","endTime":"1967-07-09T14:50:00","timezone":"CST","state":"ND","stateName":"North Dakota","county":"Barnes","countyFips":"3","wfo":"","scale":1,"scaleLabel":"F1","lengthMiles":0,"widthYards":33,"deaths":0,"injuries":0,"propertyDamage":25000,"cropDamage":0,"source":"","dataSource":"PUB"}},{"type":"Feature","geometry":{"type":"LineString","coordinates":[[-97.82,46.6],[-97.82,46.6]]},"properties":{"id":"ncei-1967-10085161","eventId":"10085161","episodeId":"","year":1967,"month":7,"date":"1967-07-09","beginTime":"1967-07-09T15:00:00","endTime":"1967-07-09T15:00:00","timezone":"CST","state":"ND","stateName":"North Dakota","county":"Barnes","countyFips":"3","wfo":"","scale":0,"scaleLabel":"F0","lengthMiles":0,"widthYards":33,"deaths":0,"injuries":0,"propertyDamage":0,"cropDamage":0,"source":"","dataSource":"PUB"}},{"type":"Feature","geometry":{"type":"LineString","coordinates":[[-81.9,38.95],[-81.9,38.95]]},"properties":{"id":"ncei-1967-10086562","eventId":"10086562","episodeId":"","year":1967,"month":3,"date":"1967-03-13","beginTime":"1967-03-13T20:00:00","endTime":"1967-03-13T20:00:00","timezone":"CST","state":"OH","stateName":"Ohio","county":"Meigs","countyFips":"105","wfo":"","scale":2,"scaleLabel":"F2","lengthMiles":0,"widthYards":60,"deaths":0,"injuries":0,"propertyDamage":25000,"cropDamage":0,"source":"","dataSource":"PUB"}},{"type":"Feature","geometry":{"type":"LineString","coordinates":[[-80.7,40.8],[-80.7,40.8]]},"properties":{"id":"ncei-1967-10086577","eventId":"10086577","episodeId":"","year":1967,"month":6,"date":"1967-06-13","beginTime":"1967-06-13T13:30:00","endTime":"1967-06-13T13:30:00","timezone":"CST","state":"OH","stateName":"Ohio","county":"Columbiana","countyFips":"29","wfo":"","scale":1,"scaleLabel":"F1","lengthMiles":0,"widthYards":30,"deaths":0,"injuries":0,"propertyDamage":2500,"cropDamage":0,"source":"","dataSource":"PUB"}},{"type":"Feature","geometry":{"type":"LineString","coordinates":[[-84.45,40.85],[-84,41.05]]},"properties":{"id":"ncei-1967-10086581","eventId":"10086581","episodeId":"","year":1967,"month":6,"date":"1967-06-28","beginTime":"1967-06-28T17:40:00","endTime":"1967-06-28T17:40:00","timezone":"CST","state":"OH","stateName":"Ohio","county":"Van Wert","countyFips":"161","wfo":"","scale":1,"scaleLabel":"F1","lengthMiles":27.1,"widthYards":33,"deaths":0,"injuries":0,"propertyDamage":2500,"cropDamage":0,"source":"","dataSource":"PUB"}},{"type":"Feature","geometry":{"type":"LineString","coordinates":[[-84.4,39.7],[-84.4,39.7]]},"properties":{"id":"ncei-1967-10086583","eventId":"10086583","episodeId":"","year":1967,"month":6,"date":"1967-06-28","beginTime":"1967-06-28T18:45:00","endTime":"1967-06-28T18:45:00","timezone":"CST","state":"OH","stateName":"Ohio","county":"Montgomery","countyFips":"113","wfo":"","scale":1,"scaleLabel":"F1","lengthMiles":0,"widthYards":33,"deaths":0,"injuries":0,"propertyDamage":2500,"cropDamage":0,"source":"","dataSource":"PUB"}},{"type":"Feature","geometry":{"type":"LineString","coordinates":[[-80.95,41.6],[-80.7,41.75]]},"properties":{"id":"ncei-1967-10086592","eventId":"10086592","episodeId":"","year":1967,"month":7,"date":"1967-07-24","beginTime":"1967-07-24T14:00:00","endTime":"1967-07-24T14:00:00","timezone":"CST","state":"OH","stateName":"Ohio","county":"Ashtabula","countyFips":"7","wfo":"","scale":2,"scaleLabel":"F2","lengthMiles":16.4,"widthYards":600,"deaths":0,"injuries":2,"propertyDamage":250000,"cropDamage":0,"source":"","dataSource":"PUB"}},{"type":"Feature","geometry":{"type":"LineString","coordinates":[[-80.68,40.82],[-80.55,40.82]]},"properties":{"id":"ncei-1967-10086593","eventId":"10086593","episodeId":"","year":1967,"month":7,"date":"1967-07-24","beginTime":"1967-07-24T18:30:00","endTime":"1967-07-24T18:30:00","timezone":"CST","state":"OH","stateName":"Ohio","county":"Columbiana","countyFips":"29","wfo":"","scale":2,"scaleLabel":"F2","lengthMiles":6.5,"widthYards":277,"deaths":0,"injuries":2,"propertyDamage":250000,"cropDamage":0,"source":"","dataSource":"PUB"}},{"type":"Feature","geometry":{"type":"LineString","coordinates":[[-100.25,46.2],[-100.25,46.2]]},"properties":{"id":"ncei-1967-10087537","eventId":"10087537","episodeId":"","year":1967,"month":8,"date":"1967-08-17","beginTime":"1967-08-17T15:00:00","endTime":"1967-08-17T15:00:00","timezone":"CST","state":"ND","stateName":"North Dakota","county":"Emmons","countyFips":"29","wfo":"","scale":-1,"scaleLabel":"Unknown","lengthMiles":0,"widthYards":33,"deaths":0,"injuries":0,"propertyDamage":25000,"cropDamage":0,"source":"","dataSource":"PUB"}},{"type":"Feature","geometry":{"type":"LineString","coordinates":[[-101.3,47.77],[-101.3,47.77]]},"properties":{"id":"ncei-1967-10087538","eventId":"10087538","episodeId":"","year":1967,"month":10,"date":"1967-10-02","beginTime":"1967-10-02T17:00:00","endTime":"1967-10-02T17:00:00","timezone":"CST","state":"ND","stateName":"North Dakota","county":"Mercer","countyFips":"57","wfo":"","scale":-1,"scaleLabel":"Unknown","lengthMiles":0.6,"widthYards":33,"deaths":0,"injuries":0,"propertyDamage":2500,"cropDamage":0,"source":"","dataSource":"PUB"}},{"type":"Feature","geometry":{"type":"LineString","coordinates":[[-97.6,48.87],[-97.6,48.87]]},"properties":{"id":"ncei-1967-10089791","eventId":"10089791","episodeId":"","year":1967,"month":7,"date":"1967-07-21","beginTime":"1967-07-21T15:49:00","endTime":"1967-07-21T15:49:00","timezone":"CST","state":"ND","stateName":"North Dakota","county":"Pembina","countyFips":"67","wfo":"","scale":0,"scaleLabel":"F0","lengthMiles":0,"widthYards":33,"deaths":0,"injuries":0,"propertyDamage":0,"cropDamage":0,"source":"","dataSource":"PUB"}},{"type":"Feature","geometry":{"type":"LineString","coordinates":[[-79.57,36.08],[-79.57,36.08]]},"properties":{"id":"ncei-1967-10090884","eventId":"10090884","episodeId":"","year":1967,"month":4,"date":"1967-04-17","beginTime":"1967-04-17T14:15:00","endTime":"1967-04-17T14:15:00","timezone":"CST","state":"NC","stateName":"North Carolina","county":"Guilford","countyFips":"81","wfo":"","scale":1,"scaleLabel":"F1","lengthMiles":2,"widthYards":100,"deaths":0,"injuries":0,"propertyDamage":25000,"cropDamage":0,"source":"","dataSource":"PUB"}},{"type":"Feature","geometry":{"type":"LineString","coordinates":[[-78.7,36.07],[-78.7,36.07]]},"properties":{"id":"ncei-1967-10090891","eventId":"10090891","episodeId":"","year":1967,"month":5,"date":"1967-05-14","beginTime":"1967-05-14T16:30:00","endTime":"1967-05-14T16:30:00","timezone":"CST","state":"NC","stateName":"North Carolina","county":"Wake","countyFips":"183","wfo":"","scale":0,"scaleLabel":"F0","lengthMiles":0,"widthYards":33,"deaths":0,"injuries":0,"propertyDamage":0,"cropDamage":0,"source":"","dataSource":"PUB"}},{"type":"Feature","geometry":{"type":"LineString","coordinates":[[-79.58,36.2],[-79.48,36.23]]},"properties":{"id":"ncei-1967-10090892","eventId":"10090892","episodeId":"","year":1967,"month":5,"date":"1967-05-14","beginTime":"1967-05-14T16:30:00","endTime":"1967-05-14T16:30:00","timezone":"CST","state":"NC","stateName":"North Carolina","county":"Guilford","countyFips":"81","wfo":"","scale":1,"scaleLabel":"F1","lengthMiles":6.1,"widthYards":900,"deaths":0,"injuries":0,"propertyDamage":250000,"cropDamage":0,"source":"","dataSource":"PUB"}},{"type":"Feature","geometry":{"type":"LineString","coordinates":[[-79.93,36.4],[-79.93,36.4]]},"properties":{"id":"ncei-1967-10090899","eventId":"10090899","episodeId":"","year":1967,"month":5,"date":"1967-05-15","beginTime":"1967-05-15T14:45:00","endTime":"1967-05-15T14:45:00","timezone":"CST","state":"NC","stateName":"North Carolina","county":"Rockingham","countyFips":"157","wfo":"","scale":1,"scaleLabel":"F1","lengthMiles":0,"widthYards":33,"deaths":0,"injuries":0,"propertyDamage":25000,"cropDamage":0,"source":"","dataSource":"PUB"}},{"type":"Feature","geometry":{"type":"LineString","coordinates":[[-78.83,35.75],[-78.83,35.75]]},"properties":{"id":"ncei-1967-10090909","eventId":"10090909","episodeId":"","year":1967,"month":7,"date":"1967-07-11","beginTime":"1967-07-11T13:25:00","endTime":"1967-07-11T13:25:00","timezone":"CST","state":"NC","stateName":"North Carolina","county":"Wake","countyFips":"183","wfo":"","scale":1,"scaleLabel":"F1","lengthMiles":1,"widthYards":27,"deaths":0,"injuries":0,"propertyDamage":25000,"cropDamage":0,"source":"","dataSource":"PUB"}},{"type":"Feature","geometry":{"type":"LineString","coordinates":[[-76.2,36.3],[-76.2,36.3]]},"properties":{"id":"ncei-1967-10090911","eventId":"10090911","episodeId":"","year":1967,"month":7,"date":"1967-07-16","beginTime":"1967-07-16T00:30:00","endTime":"1967-07-16T00:30:00","timezone":"CST","state":"NC","stateName":"North Carolina","county":"Perquimans","countyFips":"143","wfo":"","scale":2,"scaleLabel":"F2","lengthMiles":0.3,"widthYards":100,"deaths":0,"injuries":0,"propertyDamage":25000,"cropDamage":0,"source":"","dataSource":"PUB"}},{"type":"Feature","geometry":{"type":"LineString","coordinates":[[-78.85,34.13],[-78.8,34.17]]},"properties":{"id":"ncei-1967-10090918","eventId":"10090918","episodeId":"","year":1967,"month":12,"date":"1967-12-01","beginTime":"1967-12-01T18:30:00","endTime":"1967-12-01T18:30:00","timezone":"CST","state":"NC","stateName":"North Carolina","county":"Columbus","countyFips":"47","wfo":"","scale":2,"scaleLabel":"F2","lengthMiles":3.8,"widthYards":33,"deaths":0,"injuries":0,"propertyDamage":0,"cropDamage":0,"source":"","dataSource":"PUB"}},{"type":"Feature","geometry":{"type":"LineString","coordinates":[[-76.75,34.7],[-76.75,34.7]]},"properties":{"id":"ncei-1967-10090919","eventId":"10090919","episodeId":"","year":1967,"month":12,"date":"1967-12-03","beginTime":"1967-12-03T08:15:00","endTime":"1967-12-03T08:15:00","timezone":"CST","state":"NC","stateName":"North Carolina","county":"Carteret","countyFips":"31","wfo":"","scale":2,"scaleLabel":"F2","lengthMiles":0.1,"widthYards":27,"deaths":0,"injuries":0,"propertyDamage":250000,"cropDamage":0,"source":"","dataSource":"PUB"}},{"type":"Feature","geometry":{"type":"LineString","coordinates":[[-99.5,36.1],[-99.5,36.1]]},"properties":{"id":"ncei-1967-10092069","eventId":"10092069","episodeId":"","year":1967,"month":6,"date":"1967-06-10","beginTime":"1967-06-10T00:10:00","endTime":"1967-06-10T00:10:00","timezone":"CST","state":"OK","stateName":"Oklahoma","county":"Ellis","countyFips":"45","wfo":"","scale":2,"scaleLabel":"F2","lengthMiles":0,"widthYards":33,"deaths":0,"injuries":0,"propertyDamage":2500,"cropDamage":0,"source":"","dataSource":"PUB"}},{"type":"Feature","geometry":{"type":"LineString","coordinates":[[-99.9,36.08],[-99.93,36.13]]},"properties":{"id":"ncei-1967-10092070","eventId":"10092070","episodeId":"","year":1967,"month":6,"date":"1967-06-10","beginTime":"1967-06-10T15:30:00","endTime":"1967-06-10T15:30:00","timezone":"CST","state":"OK","stateName":"Oklahoma","county":"Ellis","countyFips":"45","wfo":"","scale":1,"scaleLabel":"F1","lengthMiles":3.8,"widthYards":100,"deaths":0,"injuries":0,"propertyDamage":2500,"cropDamage":0,"source":"","dataSource":"PUB"}},{"type":"Feature","geometry":{"type":"LineString","coordinates":[[-99.7,36.08],[-99.7,36.08]]},"properties":{"id":"ncei-1967-10092071","eventId":"10092071","episodeId":"","year":1967,"month":6,"date":"1967-06-10","beginTime":"1967-06-10T16:30:00","endTime":"1967-06-10T16:30:00","timezone":"CST","state":"OK","stateName":"Oklahoma","county":"Ellis","countyFips":"45","wfo":"","scale":0,"scaleLabel":"F0","lengthMiles":0,"widthYards":33,"deaths":0,"injuries":0,"propertyDamage":0,"cropDamage":0,"source":"","dataSource":"PUB"}},{"type":"Feature","geometry":{"type":"LineString","coordinates":[[-99.38,35.6],[-99.27,35.68]]},"properties":{"id":"ncei-1967-10092072","eventId":"10092072","episodeId":"","year":1967,"month":6,"date":"1967-06-10","beginTime":"1967-06-10T17:04:00","endTime":"1967-06-10T17:04:00","timezone":"CST","state":"OK","stateName":"Oklahoma","county":"Custer","countyFips":"39","wfo":"","scale":4,"scaleLabel":"F4","lengthMiles":8.7,"widthYards":300,"deaths":4,"injuries":1,"propertyDamage":250000,"cropDamage":0,"source":"","dataSource":"PUB"}},{"type":"Feature","geometry":{"type":"LineString","coordinates":[[-99.3,35.75],[-99.3,35.75]]},"properties":{"id":"ncei-1967-10092073","eventId":"10092073","episodeId":"","year":1967,"month":6,"date":"1967-06-10","beginTime":"1967-06-10T17:09:00","endTime":"1967-06-10T17:09:00","timezone":"CST","state":"OK","stateName":"Oklahoma","county":"Custer","countyFips":"39","wfo":"","scale":0,"scaleLabel":"F0","lengthMiles":0,"widthYards":33,"deaths":0,"injuries":0,"propertyDamage":0,"cropDamage":0,"source":"","dataSource":"PUB"}},{"type":"Feature","geometry":{"type":"LineString","coordinates":[[-98.75,35.75],[-98.75,35.75]]},"properties":{"id":"ncei-1967-10092076","eventId":"10092076","episodeId":"","year":1967,"month":6,"date":"1967-06-10","beginTime":"1967-06-10T18:30:00","endTime":"1967-06-10T18:30:00","timezone":"CST","state":"OK","stateName":"Oklahoma","county":"Custer","countyFips":"39","wfo":"","scale":1,"scaleLabel":"F1","lengthMiles":0,"widthYards":33,"deaths":0,"injuries":0,"propertyDamage":0,"cropDamage":0,"source":"","dataSource":"PUB"}},{"type":"Feature","geometry":{"type":"LineString","coordinates":[[-98.42,35.85],[-98.42,35.85]]},"properties":{"id":"ncei-1967-10092080","eventId":"10092080","episodeId":"","year":1967,"month":6,"date":"1967-06-10","beginTime":"1967-06-10T20:30:00","endTime":"1967-06-10T20:30:00","timezone":"CST","state":"OK","stateName":"Oklahoma","county":"Blaine","countyFips":"11","wfo":"","scale":2,"scaleLabel":"F2","lengthMiles":0.3,"widthYards":33,"deaths":0,"injuries":0,"propertyDamage":250000,"cropDamage":0,"source":"","dataSource":"PUB"}},{"type":"Feature","geometry":{"type":"LineString","coordinates":[[-98.3,35.83],[-98.3,35.83]]},"properties":{"id":"ncei-1967-10092081","eventId":"10092081","episodeId":"","year":1967,"month":6,"date":"1967-06-10","beginTime":"1967-06-10T20:45:00","endTime":"1967-06-10T20:45:00","timezone":"CST","state":"OK","stateName":"Oklahoma","county":"Blaine","countyFips":"11","wfo":"","scale":4,"scaleLabel":"F4","lengthMiles":0,"widthYards":33,"deaths":0,"injuries":0,"propertyDamage":2500000,"cropDamage":0,"source":"","dataSource":"PUB"}},{"type":"Feature","geometry":{"type":"LineString","coordinates":[[-97.93,36.33],[-97.93,36.33]]},"properties":{"id":"ncei-1967-10092082","eventId":"10092082","episodeId":"","year":1967,"month":6,"date":"1967-06-10","beginTime":"1967-06-10T21:00:00","endTime":"1967-06-10T21:00:00","timezone":"CST","state":"OK","stateName":"Oklahoma","county":"Garfield","countyFips":"47","wfo":"","scale":0,"scaleLabel":"F0","lengthMiles":0,"widthYards":33,"deaths":0,"injuries":0,"propertyDamage":0,"cropDamage":0,"source":"","dataSource":"PUB"}},{"type":"Feature","geometry":{"type":"LineString","coordinates":[[-98.95,35.5],[-98.95,35.5]]},"properties":{"id":"ncei-1967-10092086","eventId":"10092086","episodeId":"","year":1967,"month":6,"date":"1967-06-10","beginTime":"1967-06-10T21:30:00","endTime":"1967-06-10T21:30:00","timezone":"CST","state":"OK","stateName":"Oklahoma","county":"Custer","countyFips":"39","wfo":"","scale":0,"scaleLabel":"F0","lengthMiles":0,"widthYards":33,"deaths":0,"injuries":0,"propertyDamage":0,"cropDamage":0,"source":"","dataSource":"PUB"}},{"type":"Feature","geometry":{"type":"LineString","coordinates":[[-97.95,35.6],[-97.65,35.62]]},"properties":{"id":"ncei-1967-10092087","eventId":"10092087","episodeId":"","year":1967,"month":6,"date":"1967-06-10","beginTime":"1967-06-10T21:35:00","endTime":"1967-06-10T21:35:00","timezone":"CST","state":"OK","stateName":"Oklahoma","county":"Canadian","countyFips":"17","wfo":"","scale":0,"scaleLabel":"F0","lengthMiles":16.9,"widthYards":33,"deaths":0,"injuries":0,"propertyDamage":2500000,"cropDamage":0,"source":"","dataSource":"PUB"}},{"type":"Feature","geometry":{"type":"LineString","coordinates":[[-97.57,35.57],[-97.57,35.57]]},"properties":{"id":"ncei-1967-10092088","eventId":"10092088","episodeId":"","year":1967,"month":6,"date":"1967-06-10","beginTime":"1967-06-10T21:35:00","endTime":"1967-06-10T21:35:00","timezone":"CST","state":"OK","stateName":"Oklahoma","county":"Oklahoma","countyFips":"109","wfo":"","scale":0,"scaleLabel":"F0","lengthMiles":0,"widthYards":33,"deaths":0,"injuries":0,"propertyDamage":25000,"cropDamage":0,"source":"","dataSource":"PUB"}},{"type":"Feature","geometry":{"type":"LineString","coordinates":[[-98.18,35.85],[-97.97,36.02]]},"properties":{"id":"ncei-1967-10092090","eventId":"10092090","episodeId":"","year":1967,"month":6,"date":"1967-06-10","beginTime":"1967-06-10T22:00:00","endTime":"1967-06-10T22:00:00","timezone":"CST","state":"OK","stateName":"Oklahoma","county":"Kingfisher","countyFips":"73","wfo":"","scale":3,"scaleLabel":"F3","lengthMiles":16.7,"widthYards":33,"deaths":0,"injuries":1,"propertyDamage":2500000,"cropDamage":0,"source":"","dataSource":"PUB"}},{"type":"Feature","geometry":{"type":"LineString","coordinates":[[-95.63,36.78],[-95.63,36.78]]},"properties":{"id":"ncei-1967-10092096","eventId":"10092096","episodeId":"","year":1967,"month":6,"date":"1967-06-11","beginTime":"1967-06-11T00:32:00","endTime":"1967-06-11T00:32:00","timezone":"CST","state":"OK","stateName":"Oklahoma","county":"Nowata","countyFips":"105","wfo":"","scale":1,"scaleLabel":"F1","lengthMiles":0,"widthYards":33,"deaths":0,"injuries":0,"propertyDamage":0,"cropDamage":0,"source":"","dataSource":"PUB"}},{"type":"Feature","geometry":{"type":"LineString","coordinates":[[-94.9,36.87],[-94.9,36.87]]},"properties":{"id":"ncei-1967-10092097","eventId":"10092097","episodeId":"","year":1967,"month":6,"date":"1967-06-11","beginTime":"1967-06-11T01:36:00","endTime":"1967-06-11T01:36:00","timezone":"CST","state":"OK","stateName":"Oklahoma","county":"Ottawa","countyFips":"115","wfo":"","scale":0,"scaleLabel":"F0","lengthMiles":0,"widthYards":33,"deaths":0,"injuries":0,"propertyDamage":0,"cropDamage":0,"source":"","dataSource":"PUB"}},{"type":"Feature","geometry":{"type":"LineString","coordinates":[[-97.03,35.33],[-97.03,35.33]]},"properties":{"id":"ncei-1967-10092101","eventId":"10092101","episodeId":"","year":1967,"month":6,"date":"1967-06-11","beginTime":"1967-06-11T17:05:00","endTime":"1967-06-11T17:05:00","timezone":"CST","state":"OK","stateName":"Oklahoma","county":"Pottawatomie","countyFips":"125","wfo":"","scale":0,"scaleLabel":"F0","lengthMiles":0.5,"widthYards":33,"deaths":0,"injuries":0,"propertyDamage":0,"cropDamage":0,"source":"","dataSource":"PUB"}},{"type":"Feature","geometry":{"type":"LineString","coordinates":[[-96.65,35.52],[-96.65,35.52]]},"properties":{"id":"ncei-1967-10092102","eventId":"10092102","episodeId":"","year":1967,"month":6,"date":"1967-06-11","beginTime":"1967-06-11T18:45:00","endTime":"1967-06-11T18:45:00","timezone":"CST","state":"OK","stateName":"Oklahoma","county":"Lincoln","countyFips":"81","wfo":"","scale":0,"scaleLabel":"F0","lengthMiles":0,"widthYards":33,"deaths":0,"injuries":0,"propertyDamage":0,"cropDamage":0,"source":"","dataSource":"PUB"}},{"type":"Feature","geometry":{"type":"LineString","coordinates":[[-96.65,35.52],[-96.65,35.52]]},"properties":{"id":"ncei-1967-10092103","eventId":"10092103","episodeId":"","year":1967,"month":6,"date":"1967-06-11","beginTime":"1967-06-11T18:45:00","endTime":"1967-06-11T18:45:00","timezone":"CST","state":"OK","stateName":"Oklahoma","county":"Lincoln","countyFips":"81","wfo":"","scale":1,"scaleLabel":"F1","lengthMiles":0,"widthYards":33,"deaths":0,"injuries":0,"propertyDamage":0,"cropDamage":0,"source":"","dataSource":"PUB"}},{"type":"Feature","geometry":{"type":"LineString","coordinates":[[-96.63,35.68],[-96.63,35.68]]},"properties":{"id":"ncei-1967-10092104","eventId":"10092104","episodeId":"","year":1967,"month":6,"date":"1967-06-11","beginTime":"1967-06-11T18:55:00","endTime":"1967-06-11T18:55:00","timezone":"CST","state":"OK","stateName":"Oklahoma","county":"Lincoln","countyFips":"81","wfo":"","scale":0,"scaleLabel":"F0","lengthMiles":0.3,"widthYards":50,"deaths":0,"injuries":0,"propertyDamage":25000,"cropDamage":0,"source":"","dataSource":"PUB"}},{"type":"Feature","geometry":{"type":"LineString","coordinates":[[-96.62,35.75],[-96.62,35.75]]},"properties":{"id":"ncei-1967-10092105","eventId":"10092105","episodeId":"","year":1967,"month":6,"date":"1967-06-11","beginTime":"1967-06-11T18:55:00","endTime":"1967-06-11T18:55:00","timezone":"CST","state":"OK","stateName":"Oklahoma","county":"Lincoln","countyFips":"81","wfo":"","scale":2,"scaleLabel":"F2","lengthMiles":0,"widthYards":33,"deaths":0,"injuries":0,"propertyDamage":0,"cropDamage":0,"source":"","dataSource":"PUB"}},{"type":"Feature","geometry":{"type":"LineString","coordinates":[[-101.4,36.52],[-101.4,36.52]]},"properties":{"id":"ncei-1967-10092108","eventId":"10092108","episodeId":"","year":1967,"month":6,"date":"1967-06-14","beginTime":"1967-06-14T21:24:00","endTime":"1967-06-14T21:24:00","timezone":"CST","state":"OK","stateName":"Oklahoma","county":"Texas","countyFips":"139","wfo":"","scale":0,"scaleLabel":"F0","lengthMiles":0,"widthYards":33,"deaths":0,"injuries":0,"propertyDamage":0,"cropDamage":0,"source":"","dataSource":"PUB"}},{"type":"Feature","geometry":{"type":"LineString","coordinates":[[-101.07,36.98],[-101.07,36.98]]},"properties":{"id":"ncei-1967-10092109","eventId":"10092109","episodeId":"","year":1967,"month":6,"date":"1967-06-14","beginTime":"1967-06-14T21:45:00","endTime":"1967-06-14T21:45:00","timezone":"CST","state":"OK","stateName":"Oklahoma","county":"Texas","countyFips":"139","wfo":"","scale":0,"scaleLabel":"F0","lengthMiles":0.3,"widthYards":150,"deaths":0,"injuries":0,"propertyDamage":0,"cropDamage":0,"source":"","dataSource":"PUB"}},{"type":"Feature","geometry":{"type":"LineString","coordinates":[[-96.72,35.27],[-96.72,35.27]]},"properties":{"id":"ncei-1967-10092110","eventId":"10092110","episodeId":"","year":1967,"month":6,"date":"1967-06-16","beginTime":"1967-06-16T18:28:00","endTime":"1967-06-16T18:28:00","timezone":"CST","state":"OK","stateName":"Oklahoma","county":"Seminole","countyFips":"133","wfo":"","scale":0,"scaleLabel":"F0","lengthMiles":0,"widthYards":33,"deaths":0,"injuries":0,"propertyDamage":0,"cropDamage":0,"source":"","dataSource":"PUB"}},{"type":"Feature","geometry":{"type":"LineString","coordinates":[[-102.85,36.55],[-102.78,36.63]]},"properties":{"id":"ncei-1967-10092116","eventId":"10092116","episodeId":"","year":1967,"month":7,"date":"1967-07-03","beginTime":"1967-07-03T15:00:00","endTime":"1967-07-03T15:00:00","timezone":"CST","state":"OK","stateName":"Oklahoma","county":"Cimarron","countyFips":"25","wfo":"","scale":0,"scaleLabel":"F0","lengthMiles":6.8,"widthYards":33,"deaths":0,"injuries":0,"propertyDamage":0,"cropDamage":0,"source":"","dataSource":"PUB"}},{"type":"Feature","geometry":{"type":"LineString","coordinates":[[-102.9,36.7],[-102.9,36.7]]},"properties":{"id":"ncei-1967-10092117","eventId":"10092117","episodeId":"","year":1967,"month":7,"date":"1967-07-03","beginTime":"1967-07-03T15:00:00","endTime":"1967-07-03T15:00:00","timezone":"CST","state":"OK","stateName":"Oklahoma","county":"Cimarron","countyFips":"25","wfo":"","scale":0,"scaleLabel":"F0","lengthMiles":0.1,"widthYards":33,"deaths":0,"injuries":0,"propertyDamage":0,"cropDamage":0,"source":"","dataSource":"PUB"}},{"type":"Feature","geometry":{"type":"LineString","coordinates":[[-102.85,36.7],[-102.85,36.7]]},"properties":{"id":"ncei-1967-10092118","eventId":"10092118","episodeId":"","year":1967,"month":7,"date":"1967-07-03","beginTime":"1967-07-03T15:00:00","endTime":"1967-07-03T15:00:00","timezone":"CST","state":"OK","stateName":"Oklahoma","county":"Cimarron","countyFips":"25","wfo":"","scale":0,"scaleLabel":"F0","lengthMiles":0.1,"widthYards":33,"deaths":0,"injuries":0,"propertyDamage":0,"cropDamage":0,"source":"","dataSource":"PUB"}},{"type":"Feature","geometry":{"type":"LineString","coordinates":[[-101.27,36.83],[-101.27,36.83]]},"properties":{"id":"ncei-1967-10092119","eventId":"10092119","episodeId":"","year":1967,"month":7,"date":"1967-07-03","beginTime":"1967-07-03T18:00:00","endTime":"1967-07-03T18:00:00","timezone":"CST","state":"OK","stateName":"Oklahoma","county":"Texas","countyFips":"139","wfo":"","scale":2,"scaleLabel":"F2","lengthMiles":0,"widthYards":33,"deaths":0,"injuries":1,"propertyDamage":25000,"cropDamage":0,"source":"","dataSource":"PUB"}},{"type":"Feature","geometry":{"type":"LineString","coordinates":[[-99,35.48],[-98.58,35.63]]},"properties":{"id":"ncei-1967-10093168","eventId":"10093168","episodeId":"","year":1967,"month":1,"date":"1967-01-25","beginTime":"1967-01-25T18:40:00","endTime":"1967-01-25T18:40:00","timezone":"CST","state":"OK","stateName":"Oklahoma","county":"Custer","countyFips":"39","wfo":"","scale":2,"scaleLabel":"F2","lengthMiles":25.5,"widthYards":150,"deaths":0,"injuries":0,"propertyDamage":250000,"cropDamage":0,"source":"","dataSource":"PUB"}},{"type":"Feature","geometry":{"type":"LineString","coordinates":[[-95.6,36.37],[-95.43,36.5]]},"properties":{"id":"ncei-1967-10093174","eventId":"10093174","episodeId":"","year":1967,"month":1,"date":"1967-01-25","beginTime":"1967-01-25T22:20:00","endTime":"1967-01-25T22:20:00","timezone":"CST","state":"OK","stateName":"Oklahoma","county":"Rogers","countyFips":"131","wfo":"","scale":2,"scaleLabel":"F2","lengthMiles":12.9,"widthYards":33,"deaths":0,"injuries":0,"propertyDamage":25000,"cropDamage":0,"source":"","dataSource":"PUB"}},{"type":"Feature","geometry":{"type":"LineString","coordinates":[[-95.43,36.5],[-95.17,36.53]]},"properties":{"id":"ncei-1967-10093175","eventId":"10093175","episodeId":"","year":1967,"month":1,"date":"1967-01-25","beginTime":"1967-01-25T22:50:00","endTime":"1967-01-25T22:50:00","timezone":"CST","state":"OK","stateName":"Oklahoma","county":"Mayes","countyFips":"97","wfo":"","scale":2,"scaleLabel":"F2","lengthMiles":14.9,"widthYards":33,"deaths":0,"injuries":0,"propertyDamage":25000,"cropDamage":0,"source":"","dataSource":"PUB"}},{"type":"Feature","geometry":{"type":"LineString","coordinates":[[-95,36.7],[-95,36.7]]},"properties":{"id":"ncei-1967-10093178","eventId":"10093178","episodeId":"","year":1967,"month":1,"date":"1967-01-25","beginTime":"1967-01-25T23:03:00","endTime":"1967-01-25T23:03:00","timezone":"CST","state":"OK","stateName":"Oklahoma","county":"Ottawa","countyFips":"115","wfo":"","scale":2,"scaleLabel":"F2","lengthMiles":2,"widthYards":33,"deaths":0,"injuries":6,"propertyDamage":25000,"cropDamage":0,"source":"","dataSource":"PUB"}},{"type":"Feature","geometry":{"type":"LineString","coordinates":[[-95.17,36.53],[-95.13,36.6]]},"properties":{"id":"ncei-1967-10093181","eventId":"10093181","episodeId":"","year":1967,"month":1,"date":"1967-01-25","beginTime":"1967-01-25T23:20:00","endTime":"1967-01-25T23:20:00","timezone":"CST","state":"OK","stateName":"Oklahoma","county":"Mayes","countyFips":"97","wfo":"","scale":2,"scaleLabel":"F2","lengthMiles":4.7,"widthYards":33,"deaths":0,"injuries":0,"propertyDamage":0,"cropDamage":0,"source":"","dataSource":"PUB"}},{"type":"Feature","geometry":{"type":"LineString","coordinates":[[-95.13,36.6],[-95.12,36.65]]},"properties":{"id":"ncei-1967-10093182","eventId":"10093182","episodeId":"","year":1967,"month":1,"date":"1967-01-25","beginTime":"1967-01-25T23:30:00","endTime":"1967-01-25T23:30:00","timezone":"CST","state":"OK","stateName":"Oklahoma","county":"Craig","countyFips":"35","wfo":"","scale":2,"scaleLabel":"F2","lengthMiles":3.3,"widthYards":33,"deaths":0,"injuries":2,"propertyDamage":25000,"cropDamage":0,"source":"","dataSource":"PUB"}},{"type":"Feature","geometry":{"type":"LineString","coordinates":[[-94.62,35.05],[-94.62,35.05]]},"properties":{"id":"ncei-1967-10093187","eventId":"10093187","episodeId":"","year":1967,"month":1,"date":"1967-01-26","beginTime":"1967-01-26T04:10:00","endTime":"1967-01-26T04:10:00","timezone":"CST","state":"OK","stateName":"Oklahoma","county":"Le Flore","countyFips":"79","wfo":"","scale":1,"scaleLabel":"F1","lengthMiles":0.5,"widthYards":500,"deaths":0,"injuries":0,"propertyDamage":25000,"cropDamage":0,"source":"","dataSource":"PUB"}},{"type":"Feature","geometry":{"type":"LineString","coordinates":[[-99.12,34.43],[-99.12,34.43]]},"properties":{"id":"ncei-1967-10093204","eventId":"10093204","episodeId":"","year":1967,"month":4,"date":"1967-04-09","beginTime":"1967-04-09T15:20:00","endTime":"1967-04-09T15:20:00","timezone":"CST","state":"OK","stateName":"Oklahoma","county":"Tillman","countyFips":"141","wfo":"","scale":1,"scaleLabel":"F1","lengthMiles":0.5,"widthYards":300,"deaths":0,"injuries":0,"propertyDamage":25000,"cropDamage":0,"source":"","dataSource":"PUB"}},{"type":"Feature","geometry":{"type":"LineString","coordinates":[[-95.03,36.47],[-95.03,36.47]]},"properties":{"id":"ncei-1967-10093857","eventId":"10093857","episodeId":"","year":1967,"month":9,"date":"1967-09-18","beginTime":"1967-09-18T16:10:00","endTime":"1967-09-18T16:10:00","timezone":"CST","state":"OK","stateName":"Oklahoma","county":"Mayes","countyFips":"97","wfo":"","scale":0,"scaleLabel":"F0","lengthMiles":0.5,"widthYards":200,"deaths":0,"injuries":0,"propertyDamage":0,"cropDamage":0,"source":"","dataSource":"PUB"}},{"type":"Feature","geometry":{"type":"LineString","coordinates":[[-97.33,36.65],[-97.33,36.65]]},"properties":{"id":"ncei-1967-10093858","eventId":"10093858","episodeId":"","year":1967,"month":9,"date":"1967-09-26","beginTime":"1967-09-26T14:30:00","endTime":"1967-09-26T14:30:00","timezone":"CST","state":"OK","stateName":"Oklahoma","county":"Kay","countyFips":"71","wfo":"","scale":0,"scaleLabel":"F0","lengthMiles":0,"widthYards":33,"deaths":0,"injuries":0,"propertyDamage":0,"cropDamage":0,"source":"","dataSource":"PUB"}},{"type":"Feature","geometry":{"type":"LineString","coordinates":[[-95.75,36.2],[-95.6,36.35]]},"properties":{"id":"ncei-1967-10094068","eventId":"10094068","episodeId":"","year":1967,"month":4,"date":"1967-04-09","beginTime":"1967-04-09T18:28:00","endTime":"1967-04-09T18:28:00","timezone":"CST","state":"OK","stateName":"Oklahoma","county":"Rogers","countyFips":"131","wfo":"","scale":0,"scaleLabel":"F0","lengthMiles":13.3,"widthYards":33,"deaths":0,"injuries":0,"propertyDamage":0,"cropDamage":0,"source":"","dataSource":"PUB"}},{"type":"Feature","geometry":{"type":"LineString","coordinates":[[-95.6,36.22],[-95.6,36.22]]},"properties":{"id":"ncei-1967-10094069","eventId":"10094069","episodeId":"","year":1967,"month":4,"date":"1967-04-09","beginTime":"1967-04-09T18:52:00","endTime":"1967-04-09T18:52:00","timezone":"CST","state":"OK","stateName":"Oklahoma","county":"Rogers","countyFips":"131","wfo":"","scale":0,"scaleLabel":"F0","lengthMiles":0,"widthYards":33,"deaths":0,"injuries":0,"propertyDamage":0,"cropDamage":0,"source":"","dataSource":"PUB"}},{"type":"Feature","geometry":{"type":"LineString","coordinates":[[-95.95,35.62],[-95.95,35.62]]},"properties":{"id":"ncei-1967-10094070","eventId":"10094070","episodeId":"","year":1967,"month":4,"date":"1967-04-09","beginTime":"1967-04-09T19:00:00","endTime":"1967-04-09T19:00:00","timezone":"CST","state":"OK","stateName":"Oklahoma","county":"Okmulgee","countyFips":"111","wfo":"","scale":0,"scaleLabel":"F0","lengthMiles":0.1,"widthYards":33,"deaths":0,"injuries":0,"propertyDamage":25000,"cropDamage":0,"source":"","dataSource":"PUB"}},{"type":"Feature","geometry":{"type":"LineString","coordinates":[[-95.52,35.65],[-95.52,35.65]]},"properties":{"id":"ncei-1967-10094071","eventId":"10094071","episodeId":"","year":1967,"month":4,"date":"1967-04-09","beginTime":"1967-04-09T20:25:00","endTime":"1967-04-09T20:25:00","timezone":"CST","state":"OK","stateName":"Oklahoma","county":"Muskogee","countyFips":"101","wfo":"","scale":0,"scaleLabel":"F0","lengthMiles":0,"widthYards":33,"deaths":0,"injuries":0,"propertyDamage":0,"cropDamage":0,"source":"","dataSource":"PUB"}},{"type":"Feature","geometry":{"type":"LineString","coordinates":[[-98.33,35.63],[-98.33,35.63]]},"properties":{"id":"ncei-1967-10094072","eventId":"10094072","episodeId":"","year":1967,"month":4,"date":"1967-04-11","beginTime":"1967-04-11T23:50:00","endTime":"1967-04-11T23:50:00","timezone":"CST","state":"OK","stateName":"Oklahoma","county":"Blaine","countyFips":"11","wfo":"","scale":1,"scaleLabel":"F1","lengthMiles":1.5,"widthYards":33,"deaths":0,"injuries":0,"propertyDamage":25000,"cropDamage":0,"source":"","dataSource":"PUB"}},{"type":"Feature","geometry":{"type":"LineString","coordinates":[[-98.3,34.35],[-98.2,34.4]]},"properties":{"id":"ncei-1967-10094073","eventId":"10094073","episodeId":"","year":1967,"month":4,"date":"1967-04-12","beginTime":"1967-04-12T01:45:00","endTime":"1967-04-12T01:45:00","timezone":"CST","state":"OK","stateName":"Oklahoma","county":"Cotton","countyFips":"33","wfo":"","scale":1,"scaleLabel":"F1","lengthMiles":6.6,"widthYards":33,"deaths":0,"injuries":0,"propertyDamage":2500,"cropDamage":0,"source":"","dataSource":"PUB"}},{"type":"Feature","geometry":{"type":"LineString","coordinates":[[-96.98,36.67],[-96.98,36.67]]},"properties":{"id":"ncei-1967-10094291","eventId":"10094291","episodeId":"","year":1967,"month":4,"date":"1967-04-12","beginTime":"1967-04-12T02:30:00","endTime":"1967-04-12T02:30:00","timezone":"CST","state":"OK","stateName":"Oklahoma","county":"Osage","countyFips":"113","wfo":"","scale":2,"scaleLabel":"F2","lengthMiles":0.3,"widthYards":50,"deaths":0,"injuries":0,"propertyDamage":25000,"cropDamage":0,"source":"","dataSource":"PUB"}},{"type":"Feature","geometry":{"type":"LineString","coordinates":[[-95.1,33.98],[-95.1,34.4]]},"properties":{"id":"ncei-1967-10094292","eventId":"10094292","episodeId":"","year":1967,"month":4,"date":"1967-04-12","beginTime":"1967-04-12T17:45:00","endTime":"1967-04-12T17:45:00","timezone":"CST","state":"OK","stateName":"Oklahoma","county":"Mccurtain","countyFips":"89","wfo":"","scale":2,"scaleLabel":"F2","lengthMiles":28.7,"widthYards":77,"deaths":0,"injuries":0,"propertyDamage":25000,"cropDamage":0,"source":"","dataSource":"PUB"}},{"type":"Feature","geometry":{"type":"LineString","coordinates":[[-96.65,35.15],[-96.45,35.18]]},"properties":{"id":"ncei-1967-10094302","eventId":"10094302","episodeId":"","year":1967,"month":4,"date":"1967-04-16","beginTime":"1967-04-16T20:40:00","endTime":"1967-04-16T20:40:00","timezone":"CST","state":"OK","stateName":"Oklahoma","county":"Seminole","countyFips":"133","wfo":"","scale":2,"scaleLabel":"F2","lengthMiles":11.5,"widthYards":33,"deaths":0,"injuries":3,"propertyDamage":250000,"cropDamage":0,"source":"","dataSource":"PUB"}},{"type":"Feature","geometry":{"type":"LineString","coordinates":[[-98.23,34.97],[-98.23,34.97]]},"properties":{"id":"ncei-1967-10094307","eventId":"10094307","episodeId":"","year":1967,"month":4,"date":"1967-04-20","beginTime":"1967-04-20T13:40:00","endTime":"1967-04-20T13:40:00","timezone":"CST","state":"OK","stateName":"Oklahoma","county":"Caddo","countyFips":"15","wfo":"","scale":3,"scaleLabel":"F3","lengthMiles":1,"widthYards":200,"deaths":0,"injuries":0,"propertyDamage":0,"cropDamage":0,"source":"","dataSource":"PUB"}},{"type":"Feature","geometry":{"type":"LineString","coordinates":[[-94.83,33.95],[-94.83,33.95]]},"properties":{"id":"ncei-1967-10094315","eventId":"10094315","episodeId":"","year":1967,"month":4,"date":"1967-04-28","beginTime":"1967-04-28T16:05:00","endTime":"1967-04-28T16:05:00","timezone":"CST","state":"OK","stateName":"Oklahoma","county":"Mccurtain","countyFips":"89","wfo":"","scale":0,"scaleLabel":"F0","lengthMiles":0,"widthYards":33,"deaths":0,"injuries":0,"propertyDamage":0,"cropDamage":0,"source":"","dataSource":"PUB"}},{"type":"Feature","geometry":{"type":"LineString","coordinates":[[-99.83,35.15],[-99.83,35.15]]},"properties":{"id":"ncei-1967-10094321","eventId":"10094321","episodeId":"","year":1967,"month":5,"date":"1967-05-05","beginTime":"1967-05-05T09:00:00","endTime":"1967-05-05T09:00:00","timezone":"CST","state":"OK","stateName":"Oklahoma","county":"Beckham","countyFips":"9","wfo":"","scale":1,"scaleLabel":"F1","lengthMiles":0.3,"widthYards":200,"deaths":0,"injuries":0,"propertyDamage":0,"cropDamage":0,"source":"","dataSource":"PUB"}},{"type":"Feature","geometry":{"type":"LineString","coordinates":[[-94.9,36.7],[-94.9,36.7]]},"properties":{"id":"ncei-1967-10094349","eventId":"10094349","episodeId":"","year":1967,"month":5,"date":"1967-05-29","beginTime":"1967-05-29T16:00:00","endTime":"1967-05-29T16:00:00","timezone":"CST","state":"OK","stateName":"Oklahoma","county":"Ottawa","countyFips":"115","wfo":"","scale":0,"scaleLabel":"F0","lengthMiles":0,"widthYards":33,"deaths":0,"injuries":0,"propertyDamage":0,"cropDamage":0,"source":"","dataSource":"PUB"}},{"type":"Feature","geometry":{"type":"LineString","coordinates":[[-97.05,36.9],[-97.05,36.9]]},"properties":{"id":"ncei-1967-10095227","eventId":"10095227","episodeId":"","year":1967,"month":5,"date":"1967-05-31","beginTime":"1967-05-31T18:10:00","endTime":"1967-05-31T18:10:00","timezone":"CST","state":"OK","stateName":"Oklahoma","county":"Kay","countyFips":"71","wfo":"","scale":1,"scaleLabel":"F1","lengthMiles":0.3,"widthYards":217,"deaths":0,"injuries":0,"propertyDamage":25000,"cropDamage":0,"source":"","dataSource":"PUB"}},{"type":"Feature","geometry":{"type":"LineString","coordinates":[[-100.83,36.62],[-100.83,36.62]]},"properties":{"id":"ncei-1967-10095229","eventId":"10095229","episodeId":"","year":1967,"month":5,"date":"1967-05-31","beginTime":"1967-05-31T21:10:00","endTime":"1967-05-31T21:10:00","timezone":"CST","state":"OK","stateName":"Oklahoma","county":"Beaver","countyFips":"7","wfo":"","scale":1,"scaleLabel":"F1","lengthMiles":0.8,"widthYards":440,"deaths":0,"injuries":0,"propertyDamage":25000,"cropDamage":0,"source":"","dataSource":"PUB"}},{"type":"Feature","geometry":{"type":"LineString","coordinates":[[-117.23,43.23],[-117.23,43.23]]},"properties":{"id":"ncei-1967-10103769","eventId":"10103769","episodeId":"","year":1967,"month":6,"date":"1967-06-21","beginTime":"1967-06-21T15:00:00","endTime":"1967-06-21T15:00:00","timezone":"CST","state":"OR","stateName":"Oregon","county":"Malheur","countyFips":"45","wfo":"","scale":0,"scaleLabel":"F0","lengthMiles":1,"widthYards":10,"deaths":0,"injuries":0,"propertyDamage":250000,"cropDamage":0,"source":"","dataSource":"PUB"}},{"type":"Feature","geometry":{"type":"LineString","coordinates":[[-117.28,43.12],[-117.28,43.12]]},"properties":{"id":"ncei-1967-10103770","eventId":"10103770","episodeId":"","year":1967,"month":6,"date":"1967-06-21","beginTime":"1967-06-21T17:00:00","endTime":"1967-06-21T17:00:00","timezone":"CST","state":"OR","stateName":"Oregon","county":"Malheur","countyFips":"45","wfo":"","scale":0,"scaleLabel":"F0","lengthMiles":0.5,"widthYards":20,"deaths":0,"injuries":0,"propertyDamage":0,"cropDamage":0,"source":"","dataSource":"PUB"}},{"type":"Feature","geometry":{"type":"LineString","coordinates":[[-123.93,46.13],[-123.93,46.13]]},"properties":{"id":"ncei-1967-10103772","eventId":"10103772","episodeId":"","year":1967,"month":10,"date":"1967-10-03","beginTime":"1967-10-03T15:05:00","endTime":"1967-10-03T15:05:00","timezone":"CST","state":"OR","stateName":"Oregon","county":"Clatsop","countyFips":"7","wfo":"","scale":1,"scaleLabel":"F1","lengthMiles":0.5,"widthYards":70,"deaths":0,"injuries":0,"propertyDamage":25000,"cropDamage":0,"source":"","dataSource":"PUB"}},{"type":"Feature","geometry":{"type":"LineString","coordinates":[[-97.2,42.8],[-97.2,42.8]]},"properties":{"id":"ncei-1967-10110100","eventId":"10110100","episodeId":"","year":1967,"month":6,"date":"1967-06-14","beginTime":"1967-06-14T08:50:00","endTime":"1967-06-14T08:50:00","timezone":"CST","state":"SD","stateName":"South Dakota","county":"Yankton","countyFips":"135","wfo":"","scale":0,"scaleLabel":"F0","lengthMiles":0,"widthYards":33,"deaths":0,"injuries":0,"propertyDamage":0,"cropDamage":0,"source":"","dataSource":"PUB"}},{"type":"Feature","geometry":{"type":"LineString","coordinates":[[-97.4,44.02],[-97.4,44.02]]},"properties":{"id":"ncei-1967-10110101","eventId":"10110101","episodeId":"","year":1967,"month":6,"date":"1967-06-14","beginTime":"1967-06-14T20:00:00","endTime":"1967-06-14T20:00:00","timezone":"CST","state":"SD","stateName":"South Dakota","county":"Miner","countyFips":"97","wfo":"","scale":1,"scaleLabel":"F1","lengthMiles":0,"widthYards":33,"deaths":0,"injuries":0,"propertyDamage":0,"cropDamage":0,"source":"","dataSource":"PUB"}},{"type":"Feature","geometry":{"type":"LineString","coordinates":[[-103.2,44.07],[-103.2,44.07]]},"properties":{"id":"ncei-1967-10110103","eventId":"10110103","episodeId":"","year":1967,"month":6,"date":"1967-06-18","beginTime":"1967-06-18T13:45:00","endTime":"1967-06-18T13:45:00","timezone":"CST","state":"SD","stateName":"South Dakota","county":"Pennington","countyFips":"103","wfo":"","scale":2,"scaleLabel":"F2","lengthMiles":1,"widthYards":150,"deaths":0,"injuries":3,"propertyDamage":2500000,"cropDamage":0,"source":"","dataSource":"PUB"}},{"type":"Feature","geometry":{"type":"LineString","coordinates":[[-97.6,43.7],[-97.6,43.7]]},"properties":{"id":"ncei-1967-10110107","eventId":"10110107","episodeId":"","year":1967,"month":6,"date":"1967-06-18","beginTime":"1967-06-18T19:35:00","endTime":"1967-06-18T19:35:00","timezone":"CST","state":"SD","stateName":"South Dakota","county":"Mccook","countyFips":"87","wfo":"","scale":-1,"scaleLabel":"Unknown","lengthMiles":0,"widthYards":33,"deaths":0,"injuries":0,"propertyDamage":0,"cropDamage":0,"source":"","dataSource":"PUB"}},{"type":"Feature","geometry":{"type":"LineString","coordinates":[[-98.2,43.1],[-98.2,43.1]]},"properties":{"id":"ncei-1967-10110108","eventId":"10110108","episodeId":"","year":1967,"month":6,"date":"1967-06-18","beginTime":"1967-06-18T20:50:00","endTime":"1967-06-18T20:50:00","timezone":"CST","state":"SD","stateName":"South Dakota","county":"Charles Mix","countyFips":"23","wfo":"","scale":-1,"scaleLabel":"Unknown","lengthMiles":0,"widthYards":33,"deaths":0,"injuries":0,"propertyDamage":0,"cropDamage":0,"source":"","dataSource":"PUB"}},{"type":"Feature","geometry":{"type":"LineString","coordinates":[[-98.8,43.4],[-98.8,43.4]]},"properties":{"id":"ncei-1967-10110109","eventId":"10110109","episodeId":"","year":1967,"month":6,"date":"1967-06-18","beginTime":"1967-06-18T22:18:00","endTime":"1967-06-18T22:18:00","timezone":"CST","state":"SD","stateName":"South Dakota","county":"Charles Mix","countyFips":"23","wfo":"","scale":-1,"scaleLabel":"Unknown","lengthMiles":0,"widthYards":33,"deaths":0,"injuries":0,"propertyDamage":0,"cropDamage":0,"source":"","dataSource":"PUB"}},{"type":"Feature","geometry":{"type":"LineString","coordinates":[[-98.6,42.9],[-98.6,42.9]]},"properties":{"id":"ncei-1967-10110110","eventId":"10110110","episodeId":"","year":1967,"month":6,"date":"1967-06-18","beginTime":"1967-06-18T23:00:00","endTime":"1967-06-18T23:00:00","timezone":"CST","state":"SD","stateName":"South Dakota","county":"Gregory","countyFips":"53","wfo":"","scale":-1,"scaleLabel":"Unknown","lengthMiles":0,"widthYards":33,"deaths":0,"injuries":0,"propertyDamage":0,"cropDamage":0,"source":"","dataSource":"PUB"}},{"type":"Feature","geometry":{"type":"LineString","coordinates":[[-98.6,42.9],[-98.6,42.9]]},"properties":{"id":"ncei-1967-10110111","eventId":"10110111","episodeId":"","year":1967,"month":6,"date":"1967-06-18","beginTime":"1967-06-18T23:00:00","endTime":"1967-06-18T23:00:00","timezone":"CST","state":"SD","stateName":"South Dakota","county":"Gregory","countyFips":"53","wfo":"","scale":-1,"scaleLabel":"Unknown","lengthMiles":0,"widthYards":33,"deaths":0,"injuries":0,"propertyDamage":0,"cropDamage":0,"source":"","dataSource":"PUB"}},{"type":"Feature","geometry":{"type":"LineString","coordinates":[[-97.02,45.67],[-97.02,45.67]]},"properties":{"id":"ncei-1967-10110328","eventId":"10110328","episodeId":"","year":1967,"month":6,"date":"1967-06-30","beginTime":"1967-06-30T17:30:00","endTime":"1967-06-30T17:30:00","timezone":"CST","state":"SD","stateName":"South Dakota","county":"Roberts","countyFips":"109","wfo":"","scale":1,"scaleLabel":"F1","lengthMiles":0,"widthYards":33,"deaths":0,"injuries":0,"propertyDamage":25000,"cropDamage":0,"source":"","dataSource":"PUB"}},{"type":"Feature","geometry":{"type":"LineString","coordinates":[[-98.7,44.7],[-98.7,44.7]]},"properties":{"id":"ncei-1967-10110331","eventId":"10110331","episodeId":"","year":1967,"month":7,"date":"1967-07-09","beginTime":"1967-07-09T14:50:00","endTime":"1967-07-09T14:50:00","timezone":"CST","state":"SD","stateName":"South Dakota","county":"Spink","countyFips":"115","wfo":"","scale":-1,"scaleLabel":"Unknown","lengthMiles":0,"widthYards":33,"deaths":0,"injuries":0,"propertyDamage":0,"cropDamage":0,"source":"","dataSource":"PUB"}},{"type":"Feature","geometry":{"type":"LineString","coordinates":[[-97.6,44.1],[-97.6,44.1]]},"properties":{"id":"ncei-1967-10110333","eventId":"10110333","episodeId":"","year":1967,"month":7,"date":"1967-07-09","beginTime":"1967-07-09T16:30:00","endTime":"1967-07-09T16:30:00","timezone":"CST","state":"SD","stateName":"South Dakota","county":"Miner","countyFips":"97","wfo":"","scale":1,"scaleLabel":"F1","lengthMiles":0,"widthYards":33,"deaths":0,"injuries":0,"propertyDamage":0,"cropDamage":0,"source":"","dataSource":"PUB"}},{"type":"Feature","geometry":{"type":"LineString","coordinates":[[-97.6,44.1],[-97.6,44.1]]},"properties":{"id":"ncei-1967-10110334","eventId":"10110334","episodeId":"","year":1967,"month":7,"date":"1967-07-09","beginTime":"1967-07-09T16:30:00","endTime":"1967-07-09T16:30:00","timezone":"CST","state":"SD","stateName":"South Dakota","county":"Miner","countyFips":"97","wfo":"","scale":1,"scaleLabel":"F1","lengthMiles":0,"widthYards":33,"deaths":0,"injuries":0,"propertyDamage":0,"cropDamage":0,"source":"","dataSource":"PUB"}},{"type":"Feature","geometry":{"type":"LineString","coordinates":[[-97.2,43.9],[-97.2,43.9]]},"properties":{"id":"ncei-1967-10110338","eventId":"10110338","episodeId":"","year":1967,"month":7,"date":"1967-07-09","beginTime":"1967-07-09T18:20:00","endTime":"1967-07-09T18:20:00","timezone":"CST","state":"SD","stateName":"South Dakota","county":"Lake","countyFips":"79","wfo":"","scale":-1,"scaleLabel":"Unknown","lengthMiles":0,"widthYards":33,"deaths":0,"injuries":0,"propertyDamage":0,"cropDamage":0,"source":"","dataSource":"PUB"}},{"type":"Feature","geometry":{"type":"LineString","coordinates":[[-97,43.9],[-97,43.9]]},"properties":{"id":"ncei-1967-10110339","eventId":"10110339","episodeId":"","year":1967,"month":7,"date":"1967-07-09","beginTime":"1967-07-09T18:30:00","endTime":"1967-07-09T18:30:00","timezone":"CST","state":"SD","stateName":"South Dakota","county":"Miner","countyFips":"97","wfo":"","scale":-1,"scaleLabel":"Unknown","lengthMiles":0,"widthYards":33,"deaths":0,"injuries":0,"propertyDamage":0,"cropDamage":0,"source":"","dataSource":"PUB"}},{"type":"Feature","geometry":{"type":"LineString","coordinates":[[-99.58,43.38],[-99.58,43.38]]},"properties":{"id":"ncei-1967-10110350","eventId":"10110350","episodeId":"","year":1967,"month":8,"date":"1967-08-07","beginTime":"1967-08-07T20:30:00","endTime":"1967-08-07T20:30:00","timezone":"CST","state":"SD","stateName":"South Dakota","county":"Tripp","countyFips":"123","wfo":"","scale":1,"scaleLabel":"F1","lengthMiles":2,"widthYards":440,"deaths":0,"injuries":0,"propertyDamage":25000,"cropDamage":0,"source":"","dataSource":"PUB"}},{"type":"Feature","geometry":{"type":"LineString","coordinates":[[-96.93,42.78],[-96.93,42.78]]},"properties":{"id":"ncei-1967-10110352","eventId":"10110352","episodeId":"","year":1967,"month":8,"date":"1967-08-16","beginTime":"1967-08-16T21:50:00","endTime":"1967-08-16T21:50:00","timezone":"CST","state":"SD","stateName":"South Dakota","county":"Clay","countyFips":"27","wfo":"","scale":2,"scaleLabel":"F2","lengthMiles":0,"widthYards":33,"deaths":0,"injuries":0,"propertyDamage":25000,"cropDamage":0,"source":"","dataSource":"PUB"}},{"type":"Feature","geometry":{"type":"LineString","coordinates":[[-102.6,44.1],[-102.6,44.1]]},"properties":{"id":"ncei-1967-10110357","eventId":"10110357","episodeId":"","year":1967,"month":9,"date":"1967-09-02","beginTime":"1967-09-02T19:19:00","endTime":"1967-09-02T19:19:00","timezone":"CST","state":"SD","stateName":"South Dakota","county":"Pennington","countyFips":"103","wfo":"","scale":-1,"scaleLabel":"Unknown","lengthMiles":0,"widthYards":33,"deaths":0,"injuries":0,"propertyDamage":0,"cropDamage":0,"source":"","dataSource":"PUB"}},{"type":"Feature","geometry":{"type":"LineString","coordinates":[[-97.97,44.35],[-97.97,44.35]]},"properties":{"id":"ncei-1967-10110359","eventId":"10110359","episodeId":"","year":1967,"month":9,"date":"1967-09-12","beginTime":"1967-09-12T14:35:00","endTime":"1967-09-12T14:35:00","timezone":"CST","state":"SD","stateName":"South Dakota","county":"Beadle","countyFips":"5","wfo":"","scale":1,"scaleLabel":"F1","lengthMiles":2,"widthYards":13,"deaths":0,"injuries":1,"propertyDamage":2500,"cropDamage":0,"source":"","dataSource":"PUB"}},{"type":"Feature","geometry":{"type":"LineString","coordinates":[[-79.75,34.02],[-79.75,34.02]]},"properties":{"id":"ncei-1967-10111703","eventId":"10111703","episodeId":"","year":1967,"month":3,"date":"1967-03-12","beginTime":"1967-03-12T10:20:00","endTime":"1967-03-12T10:20:00","timezone":"CST","state":"SC","stateName":"South Carolina","county":"Florence","countyFips":"41","wfo":"","scale":2,"scaleLabel":"F2","lengthMiles":1.5,"widthYards":100,"deaths":0,"injuries":0,"propertyDamage":25000,"cropDamage":0,"source":"","dataSource":"PUB"}},{"type":"Feature","geometry":{"type":"LineString","coordinates":[[-79.93,34.03],[-79.77,34.13]]},"properties":{"id":"ncei-1967-10111704","eventId":"10111704","episodeId":"","year":1967,"month":3,"date":"1967-03-12","beginTime":"1967-03-12T11:00:00","endTime":"1967-03-12T11:00:00","timezone":"CST","state":"SC","stateName":"South Carolina","county":"Florence","countyFips":"41","wfo":"","scale":2,"scaleLabel":"F2","lengthMiles":11.7,"widthYards":100,"deaths":0,"injuries":0,"propertyDamage":25000,"cropDamage":0,"source":"","dataSource":"PUB"}},{"type":"Feature","geometry":{"type":"LineString","coordinates":[[-80.63,34.47],[-80.63,34.47]]},"properties":{"id":"ncei-1967-10111710","eventId":"10111710","episodeId":"","year":1967,"month":4,"date":"1967-04-07","beginTime":"1967-04-07T14:20:00","endTime":"1967-04-07T14:20:00","timezone":"CST","state":"SC","stateName":"South Carolina","county":"Kershaw","countyFips":"55","wfo":"","scale":1,"scaleLabel":"F1","lengthMiles":2,"widthYards":133,"deaths":0,"injuries":0,"propertyDamage":2500,"cropDamage":0,"source":"","dataSource":"PUB"}},{"type":"Feature","geometry":{"type":"LineString","coordinates":[[-82.42,34.83],[-82.42,34.83]]},"properties":{"id":"ncei-1967-10111713","eventId":"10111713","episodeId":"","year":1967,"month":5,"date":"1967-05-02","beginTime":"1967-05-02T18:10:00","endTime":"1967-05-02T18:10:00","timezone":"CST","state":"SC","stateName":"South Carolina","county":"Greenville","countyFips":"45","wfo":"","scale":2,"scaleLabel":"F2","lengthMiles":1,"widthYards":67,"deaths":0,"injuries":0,"propertyDamage":25000,"cropDamage":0,"source":"","dataSource":"PUB"}},{"type":"Feature","geometry":{"type":"LineString","coordinates":[[-80,33.22],[-80,33.22]]},"properties":{"id":"ncei-1967-10111714","eventId":"10111714","episodeId":"","year":1967,"month":5,"date":"1967-05-07","beginTime":"1967-05-07T12:30:00","endTime":"1967-05-07T12:30:00","timezone":"CST","state":"SC","stateName":"South Carolina","county":"Berkeley","countyFips":"15","wfo":"","scale":0,"scaleLabel":"F0","lengthMiles":0.3,"widthYards":20,"deaths":0,"injuries":0,"propertyDamage":0,"cropDamage":0,"source":"","dataSource":"PUB"}},{"type":"Feature","geometry":{"type":"LineString","coordinates":[[-80.52,33.88],[-80.52,33.88]]},"properties":{"id":"ncei-1967-10111720","eventId":"10111720","episodeId":"","year":1967,"month":5,"date":"1967-05-15","beginTime":"1967-05-15T18:15:00","endTime":"1967-05-15T18:15:00","timezone":"CST","state":"SC","stateName":"South Carolina","county":"Sumter","countyFips":"85","wfo":"","scale":1,"scaleLabel":"F1","lengthMiles":1,"widthYards":50,"deaths":0,"injuries":0,"propertyDamage":25000,"cropDamage":0,"source":"","dataSource":"PUB"}},{"type":"Feature","geometry":{"type":"LineString","coordinates":[[-80.83,33.92],[-80.83,33.92]]},"properties":{"id":"ncei-1967-10111725","eventId":"10111725","episodeId":"","year":1967,"month":5,"date":"1967-05-29","beginTime":"1967-05-29T18:00:00","endTime":"1967-05-29T18:00:00","timezone":"CST","state":"SC","stateName":"South Carolina","county":"Richland","countyFips":"79","wfo":"","scale":2,"scaleLabel":"F2","lengthMiles":0.5,"widthYards":20,"deaths":0,"injuries":3,"propertyDamage":25000,"cropDamage":0,"source":"","dataSource":"PUB"}},{"type":"Feature","geometry":{"type":"LineString","coordinates":[[-98.1,45.3],[-98.1,45.3]]},"properties":{"id":"ncei-1967-10112563","eventId":"10112563","episodeId":"","year":1967,"month":4,"date":"1967-04-16","beginTime":"1967-04-16T15:15:00","endTime":"1967-04-16T15:15:00","timezone":"CST","state":"SD","stateName":"South Dakota","county":"Spink","countyFips":"115","wfo":"","scale":0,"scaleLabel":"F0","lengthMiles":0,"widthYards":33,"deaths":0,"injuries":0,"propertyDamage":0,"cropDamage":0,"source":"","dataSource":"PUB"}},{"type":"Feature","geometry":{"type":"LineString","coordinates":[[-98.18,45.05],[-98.18,45.05]]},"properties":{"id":"ncei-1967-10112564","eventId":"10112564","episodeId":"","year":1967,"month":4,"date":"1967-04-16","beginTime":"1967-04-16T16:05:00","endTime":"1967-04-16T16:05:00","timezone":"CST","state":"SD","stateName":"South Dakota","county":"Spink","countyFips":"115","wfo":"","scale":1,"scaleLabel":"F1","lengthMiles":1,"widthYards":33,"deaths":0,"injuries":0,"propertyDamage":25000,"cropDamage":0,"source":"","dataSource":"PUB"}},{"type":"Feature","geometry":{"type":"LineString","coordinates":[[-97.8,45.6],[-97.8,45.6]]},"properties":{"id":"ncei-1967-10112565","eventId":"10112565","episodeId":"","year":1967,"month":4,"date":"1967-04-16","beginTime":"1967-04-16T16:20:00","endTime":"1967-04-16T16:20:00","timezone":"CST","state":"SD","stateName":"South Dakota","county":"Day","countyFips":"37","wfo":"","scale":-1,"scaleLabel":"Unknown","lengthMiles":0,"widthYards":33,"deaths":0,"injuries":0,"propertyDamage":0,"cropDamage":0,"source":"","dataSource":"PUB"}},{"type":"Feature","geometry":{"type":"LineString","coordinates":[[-97.08,44.58],[-97.08,44.58]]},"properties":{"id":"ncei-1967-10112566","eventId":"10112566","episodeId":"","year":1967,"month":4,"date":"1967-04-16","beginTime":"1967-04-16T17:00:00","endTime":"1967-04-16T17:00:00","timezone":"CST","state":"SD","stateName":"South Dakota","county":"Hamlin","countyFips":"57","wfo":"","scale":1,"scaleLabel":"F1","lengthMiles":0.1,"widthYards":20,"deaths":0,"injuries":11,"propertyDamage":2500,"cropDamage":0,"source":"","dataSource":"PUB"}},{"type":"Feature","geometry":{"type":"LineString","coordinates":[[-97.6,45],[-97.63,45.03]]},"properties":{"id":"ncei-1967-10112569","eventId":"10112569","episodeId":"","year":1967,"month":4,"date":"1967-04-16","beginTime":"1967-04-16T17:30:00","endTime":"1967-04-16T17:30:00","timezone":"CST","state":"SD","stateName":"South Dakota","county":"Clark","countyFips":"25","wfo":"","scale":1,"scaleLabel":"F1","lengthMiles":0,"widthYards":880,"deaths":0,"injuries":0,"propertyDamage":2500,"cropDamage":0,"source":"","dataSource":"PUB"}},{"type":"Feature","geometry":{"type":"LineString","coordinates":[[-97.57,44.4],[-97.57,44.4]]},"properties":{"id":"ncei-1967-10112572","eventId":"10112572","episodeId":"","year":1967,"month":4,"date":"1967-04-30","beginTime":"1967-04-30T15:15:00","endTime":"1967-04-30T15:15:00","timezone":"CST","state":"SD","stateName":"South Dakota","county":"Kingsbury","countyFips":"77","wfo":"","scale":1,"scaleLabel":"F1","lengthMiles":0,"widthYards":33,"deaths":0,"injuries":0,"propertyDamage":0,"cropDamage":0,"source":"","dataSource":"PUB"}},{"type":"Feature","geometry":{"type":"LineString","coordinates":[[-102.7,45.8],[-102.68,45.8]]},"properties":{"id":"ncei-1967-10112574","eventId":"10112574","episodeId":"","year":1967,"month":5,"date":"1967-05-23","beginTime":"1967-05-23T23:00:00","endTime":"1967-05-23T23:00:00","timezone":"CST","state":"SD","stateName":"South Dakota","county":"Perkins","countyFips":"105","wfo":"","scale":0,"scaleLabel":"F0","lengthMiles":0,"widthYards":300,"deaths":0,"injuries":0,"propertyDamage":2500,"cropDamage":0,"source":"","dataSource":"PUB"}},{"type":"Feature","geometry":{"type":"LineString","coordinates":[[-98.25,44.05],[-98.25,44.05]]},"properties":{"id":"ncei-1967-10112576","eventId":"10112576","episodeId":"","year":1967,"month":6,"date":"1967-06-06","beginTime":"1967-06-06T20:00:00","endTime":"1967-06-06T20:00:00","timezone":"CST","state":"SD","stateName":"South Dakota","county":"Sanborn","countyFips":"111","wfo":"","scale":1,"scaleLabel":"F1","lengthMiles":0,"widthYards":33,"deaths":0,"injuries":0,"propertyDamage":0,"cropDamage":0,"source":"","dataSource":"PUB"}},{"type":"Feature","geometry":{"type":"LineString","coordinates":[[-103.9,43.1],[-103.9,43.1]]},"properties":{"id":"ncei-1967-10112577","eventId":"10112577","episodeId":"","year":1967,"month":6,"date":"1967-06-07","beginTime":"1967-06-07T12:18:00","endTime":"1967-06-07T12:18:00","timezone":"CST","state":"SD","stateName":"South Dakota","county":"Fall River","countyFips":"47","wfo":"","scale":-1,"scaleLabel":"Unknown","lengthMiles":0,"widthYards":33,"deaths":0,"injuries":0,"propertyDamage":0,"cropDamage":0,"source":"","dataSource":"PUB"}},{"type":"Feature","geometry":{"type":"LineString","coordinates":[[-82.37,34.83],[-82.37,34.83]]},"properties":{"id":"ncei-1967-10112580","eventId":"10112580","episodeId":"","year":1967,"month":7,"date":"1967-07-12","beginTime":"1967-07-12T17:00:00","endTime":"1967-07-12T17:00:00","timezone":"CST","state":"SC","stateName":"South Carolina","county":"Greenville","countyFips":"45","wfo":"","scale":0,"scaleLabel":"F0","lengthMiles":0.1,"widthYards":27,"deaths":0,"injuries":0,"propertyDamage":25000,"cropDamage":0,"source":"","dataSource":"PUB"}},{"type":"Feature","geometry":{"type":"LineString","coordinates":[[-80.82,33.92],[-80.82,33.92]]},"properties":{"id":"ncei-1967-10112584","eventId":"10112584","episodeId":"","year":1967,"month":11,"date":"1967-11-24","beginTime":"1967-11-24T18:10:00","endTime":"1967-11-24T18:10:00","timezone":"CST","state":"SC","stateName":"South Carolina","county":"Richland","countyFips":"79","wfo":"","scale":1,"scaleLabel":"F1","lengthMiles":1,"widthYards":40,"deaths":0,"injuries":0,"propertyDamage":250000,"cropDamage":0,"source":"","dataSource":"PUB"}},{"type":"Feature","geometry":{"type":"LineString","coordinates":[[-79.22,33.93],[-79.17,33.95]]},"properties":{"id":"ncei-1967-10112585","eventId":"10112585","episodeId":"","year":1967,"month":11,"date":"1967-11-24","beginTime":"1967-11-24T20:30:00","endTime":"1967-11-24T20:30:00","timezone":"CST","state":"SC","stateName":"South Carolina","county":"Horry","countyFips":"51","wfo":"","scale":3,"scaleLabel":"F3","lengthMiles":3.3,"widthYards":100,"deaths":0,"injuries":1,"propertyDamage":25000,"cropDamage":0,"source":"","dataSource":"PUB"}},{"type":"Feature","geometry":{"type":"LineString","coordinates":[[-79.03,34.15],[-78.85,34.13]]},"properties":{"id":"ncei-1967-10112586","eventId":"10112586","episodeId":"","year":1967,"month":12,"date":"1967-12-01","beginTime":"1967-12-01T18:30:00","endTime":"1967-12-01T18:30:00","timezone":"CST","state":"SC","stateName":"South Carolina","county":"Horry","countyFips":"51","wfo":"","scale":2,"scaleLabel":"F2","lengthMiles":10.5,"widthYards":93,"deaths":0,"injuries":1,"propertyDamage":25000,"cropDamage":0,"source":"","dataSource":"PUB"}},{"type":"Feature","geometry":{"type":"LineString","coordinates":[[-80.27,39.72],[-80.27,39.72]]},"properties":{"id":"ncei-1967-10116076","eventId":"10116076","episodeId":"","year":1967,"month":8,"date":"1967-08-27","beginTime":"1967-08-27T12:30:00","endTime":"1967-08-27T12:30:00","timezone":"CST","state":"PA","stateName":"Pennsylvania","county":"Greene","countyFips":"59","wfo":"","scale":1,"scaleLabel":"F1","lengthMiles":0.1,"widthYards":33,"deaths":0,"injuries":0,"propertyDamage":2500,"cropDamage":0,"source":"","dataSource":"PUB"}},{"type":"Feature","geometry":{"type":"LineString","coordinates":[[-77.18,40.42],[-77.18,40.42]]},"properties":{"id":"ncei-1967-10116077","eventId":"10116077","episodeId":"","year":1967,"month":9,"date":"1967-09-21","beginTime":"1967-09-21T17:00:00","endTime":"1967-09-21T17:00:00","timezone":"CST","state":"PA","stateName":"Pennsylvania","county":"Perry","countyFips":"99","wfo":"","scale":2,"scaleLabel":"F2","lengthMiles":0.1,"widthYards":30,"deaths":0,"injuries":0,"propertyDamage":250000,"cropDamage":0,"source":"","dataSource":"PUB"}},{"type":"Feature","geometry":{"type":"LineString","coordinates":[[-76.75,40.22],[-76.6,40.32]]},"properties":{"id":"ncei-1967-10116082","eventId":"10116082","episodeId":"","year":1967,"month":10,"date":"1967-10-18","beginTime":"1967-10-18T09:30:00","endTime":"1967-10-18T09:30:00","timezone":"CST","state":"PA","stateName":"Pennsylvania","county":"Dauphin","countyFips":"43","wfo":"","scale":2,"scaleLabel":"F2","lengthMiles":10.2,"widthYards":30,"deaths":0,"injuries":11,"propertyDamage":250000,"cropDamage":0,"source":"","dataSource":"PUB"}},{"type":"Feature","geometry":{"type":"LineString","coordinates":[[-82.92,36.13],[-82.67,36.25]]},"properties":{"id":"ncei-1967-10123076","eventId":"10123076","episodeId":"","year":1967,"month":3,"date":"1967-03-12","beginTime":"1967-03-12T05:30:00","endTime":"1967-03-12T05:30:00","timezone":"CST","state":"TN","stateName":"Tennessee","county":"Greene","countyFips":"59","wfo":"","scale":2,"scaleLabel":"F2","lengthMiles":16,"widthYards":300,"deaths":1,"injuries":5,"propertyDamage":250000,"cropDamage":0,"source":"","dataSource":"PUB"}},{"type":"Feature","geometry":{"type":"LineString","coordinates":[[-82.68,36.2],[-82.68,36.2]]},"properties":{"id":"ncei-1967-10123081","eventId":"10123081","episodeId":"","year":1967,"month":4,"date":"1967-04-22","beginTime":"1967-04-22T07:05:00","endTime":"1967-04-22T07:05:00","timezone":"CST","state":"TN","stateName":"Tennessee","county":"Greene","countyFips":"59","wfo":"","scale":2,"scaleLabel":"F2","lengthMiles":0.2,"widthYards":250,"deaths":0,"injuries":0,"propertyDamage":250000,"cropDamage":0,"source":"","dataSource":"PUB"}},{"type":"Feature","geometry":{"type":"LineString","coordinates":[[-89.83,35.2],[-89.83,35.2]]},"properties":{"id":"ncei-1967-10123084","eventId":"10123084","episodeId":"","year":1967,"month":4,"date":"1967-04-23","beginTime":"1967-04-23T20:00:00","endTime":"1967-04-23T20:00:00","timezone":"CST","state":"TN","stateName":"Tennessee","county":"Shelby","countyFips":"157","wfo":"","scale":1,"scaleLabel":"F1","lengthMiles":0.1,"widthYards":7,"deaths":0,"injuries":2,"propertyDamage":250000,"cropDamage":0,"source":"","dataSource":"PUB"}},{"type":"Feature","geometry":{"type":"LineString","coordinates":[[-90.03,35],[-90.03,35]]},"properties":{"id":"ncei-1967-10123086","eventId":"10123086","episodeId":"","year":1967,"month":4,"date":"1967-04-23","beginTime":"1967-04-23T20:45:00","endTime":"1967-04-23T20:45:00","timezone":"CST","state":"TN","stateName":"Tennessee","county":"Shelby","countyFips":"157","wfo":"","scale":1,"scaleLabel":"F1","lengthMiles":0.1,"widthYards":7,"deaths":0,"injuries":0,"propertyDamage":25000,"cropDamage":0,"source":"","dataSource":"PUB"}},{"type":"Feature","geometry":{"type":"LineString","coordinates":[[-89.38,35.88],[-89.33,35.9]]},"properties":{"id":"ncei-1967-10123099","eventId":"10123099","episodeId":"","year":1967,"month":5,"date":"1967-05-06","beginTime":"1967-05-06T22:15:00","endTime":"1967-05-06T22:15:00","timezone":"CST","state":"TN","stateName":"Tennessee","county":"Lauderdale","countyFips":"97","wfo":"","scale":2,"scaleLabel":"F2","lengthMiles":3,"widthYards":33,"deaths":0,"injuries":2,"propertyDamage":250000,"cropDamage":0,"source":"","dataSource":"PUB"}},{"type":"Feature","geometry":{"type":"LineString","coordinates":[[-88.95,35.9],[-88.95,35.9]]},"properties":{"id":"ncei-1967-10123100","eventId":"10123100","episodeId":"","year":1967,"month":5,"date":"1967-05-06","beginTime":"1967-05-06T22:45:00","endTime":"1967-05-06T22:45:00","timezone":"CST","state":"TN","stateName":"Tennessee","county":"Gibson","countyFips":"53","wfo":"","scale":1,"scaleLabel":"F1","lengthMiles":0.1,"widthYards":3,"deaths":0,"injuries":1,"propertyDamage":250000,"cropDamage":0,"source":"","dataSource":"PUB"}},{"type":"Feature","geometry":{"type":"LineString","coordinates":[[-86.2,36.37],[-86.13,36.4]]},"properties":{"id":"ncei-1967-10123103","eventId":"10123103","episodeId":"","year":1967,"month":5,"date":"1967-05-07","beginTime":"1967-05-07T03:30:00","endTime":"1967-05-07T03:30:00","timezone":"CST","state":"TN","stateName":"Tennessee","county":"Trousdale","countyFips":"169","wfo":"","scale":2,"scaleLabel":"F2","lengthMiles":4.1,"widthYards":200,"deaths":0,"injuries":0,"propertyDamage":25000,"cropDamage":0,"source":"","dataSource":"PUB"}},{"type":"Feature","geometry":{"type":"LineString","coordinates":[[-90.07,35.05],[-90.07,35.05]]},"properties":{"id":"ncei-1967-10123116","eventId":"10123116","episodeId":"","year":1967,"month":5,"date":"1967-05-14","beginTime":"1967-05-14T14:53:00","endTime":"1967-05-14T14:53:00","timezone":"CST","state":"TN","stateName":"Tennessee","county":"Shelby","countyFips":"157","wfo":"","scale":1,"scaleLabel":"F1","lengthMiles":0.1,"widthYards":7,"deaths":0,"injuries":0,"propertyDamage":2500000,"cropDamage":0,"source":"","dataSource":"PUB"}},{"type":"Feature","geometry":{"type":"LineString","coordinates":[[-88.85,36.35],[-88.85,36.35]]},"properties":{"id":"ncei-1967-10123970","eventId":"10123970","episodeId":"","year":1967,"month":5,"date":"1967-05-15","beginTime":"1967-05-15T17:18:00","endTime":"1967-05-15T17:18:00","timezone":"CST","state":"TN","stateName":"Tennessee","county":"Weakley","countyFips":"183","wfo":"","scale":1,"scaleLabel":"F1","lengthMiles":0.1,"widthYards":7,"deaths":0,"injuries":0,"propertyDamage":0,"cropDamage":0,"source":"","dataSource":"PUB"}},{"type":"Feature","geometry":{"type":"LineString","coordinates":[[-89.65,35.23],[-89.65,35.23]]},"properties":{"id":"ncei-1967-10123974","eventId":"10123974","episodeId":"","year":1967,"month":5,"date":"1967-05-31","beginTime":"1967-05-31T12:00:00","endTime":"1967-05-31T12:00:00","timezone":"CST","state":"TN","stateName":"Tennessee","county":"Tipton","countyFips":"167","wfo":"","scale":1,"scaleLabel":"F1","lengthMiles":0.1,"widthYards":7,"deaths":1,"injuries":1,"propertyDamage":25000,"cropDamage":0,"source":"","dataSource":"PUB"}},{"type":"Feature","geometry":{"type":"LineString","coordinates":[[-90,35],[-90,35]]},"properties":{"id":"ncei-1967-10123977","eventId":"10123977","episodeId":"","year":1967,"month":7,"date":"1967-07-05","beginTime":"1967-07-05T14:25:00","endTime":"1967-07-05T14:25:00","timezone":"CST","state":"TN","stateName":"Tennessee","county":"Shelby","countyFips":"157","wfo":"","scale":1,"scaleLabel":"F1","lengthMiles":0.1,"widthYards":3,"deaths":0,"injuries":0,"propertyDamage":25000,"cropDamage":0,"source":"","dataSource":"PUB"}},{"type":"Feature","geometry":{"type":"LineString","coordinates":[[-86.47,35.15],[-86.47,35.15]]},"properties":{"id":"ncei-1967-10123981","eventId":"10123981","episodeId":"","year":1967,"month":7,"date":"1967-07-12","beginTime":"1967-07-12T17:00:00","endTime":"1967-07-12T17:00:00","timezone":"CST","state":"TN","stateName":"Tennessee","county":"Lincoln","countyFips":"103","wfo":"","scale":1,"scaleLabel":"F1","lengthMiles":0.1,"widthYards":3,"deaths":0,"injuries":0,"propertyDamage":25000,"cropDamage":0,"source":"","dataSource":"PUB"}},{"type":"Feature","geometry":{"type":"LineString","coordinates":[[-89.02,36.22],[-89.02,36.22]]},"properties":{"id":"ncei-1967-10123986","eventId":"10123986","episodeId":"","year":1967,"month":12,"date":"1967-12-11","beginTime":"1967-12-11T11:00:00","endTime":"1967-12-11T11:00:00","timezone":"CST","state":"TN","stateName":"Tennessee","county":"Obion","countyFips":"131","wfo":"","scale":1,"scaleLabel":"F1","lengthMiles":0.1,"widthYards":7,"deaths":0,"injuries":0,"propertyDamage":25000,"cropDamage":0,"source":"","dataSource":"PUB"}},{"type":"Feature","geometry":{"type":"LineString","coordinates":[[-88.9,36.48],[-88.9,36.63]]},"properties":{"id":"ncei-1967-10123987","eventId":"10123987","episodeId":"","year":1967,"month":12,"date":"1967-12-11","beginTime":"1967-12-11T11:00:00","endTime":"1967-12-11T11:00:00","timezone":"CST","state":"TN","stateName":"Tennessee","county":"Obion","countyFips":"131","wfo":"","scale":2,"scaleLabel":"F2","lengthMiles":10.3,"widthYards":7,"deaths":0,"injuries":1,"propertyDamage":250000,"cropDamage":0,"source":"","dataSource":"PUB"}},{"type":"Feature","geometry":{"type":"LineString","coordinates":[[-88.87,36.33],[-88.87,36.33]]},"properties":{"id":"ncei-1967-10124202","eventId":"10124202","episodeId":"","year":1967,"month":12,"date":"1967-12-11","beginTime":"1967-12-11T11:30:00","endTime":"1967-12-11T11:30:00","timezone":"CST","state":"TN","stateName":"Tennessee","county":"Weakley","countyFips":"183","wfo":"","scale":1,"scaleLabel":"F1","lengthMiles":0.1,"widthYards":7,"deaths":0,"injuries":0,"propertyDamage":25000,"cropDamage":0,"source":"","dataSource":"PUB"}},{"type":"Feature","geometry":{"type":"LineString","coordinates":[[-97.68,32.97],[-97.68,32.97]]},"properties":{"id":"ncei-1967-10132118","eventId":"10132118","episodeId":"","year":1967,"month":4,"date":"1967-04-20","beginTime":"1967-04-20T18:45:00","endTime":"1967-04-20T18:45:00","timezone":"CST","state":"TX","stateName":"Texas","county":"Ochiltree","countyFips":"357","wfo":"","scale":1,"scaleLabel":"F1","lengthMiles":0.3,"widthYards":100,"deaths":0,"injuries":0,"propertyDamage":2500,"cropDamage":0,"source":"","dataSource":"PUB"}},{"type":"Feature","geometry":{"type":"LineString","coordinates":[[-97.55,32.88],[-97.55,32.88]]},"properties":{"id":"ncei-1967-10132121","eventId":"10132121","episodeId":"","year":1967,"month":4,"date":"1967-04-20","beginTime":"1967-04-20T20:40:00","endTime":"1967-04-20T20:40:00","timezone":"CST","state":"TX","stateName":"Texas","county":"Tarrant","countyFips":"439","wfo":"","scale":1,"scaleLabel":"F1","lengthMiles":0.5,"widthYards":33,"deaths":0,"injuries":0,"propertyDamage":0,"cropDamage":0,"source":"","dataSource":"PUB"}},{"type":"Feature","geometry":{"type":"LineString","coordinates":[[-97.05,28.07],[-97.05,28.07]]},"properties":{"id":"ncei-1967-10132189","eventId":"10132189","episodeId":"","year":1967,"month":9,"date":"1967-09-20","beginTime":"1967-09-20T21:05:00","endTime":"1967-09-20T21:05:00","timezone":"CST","state":"TX","stateName":"Texas","county":"Aransas","countyFips":"7","wfo":"","scale":3,"scaleLabel":"F3","lengthMiles":1.5,"widthYards":100,"deaths":0,"injuries":3,"propertyDamage":250000,"cropDamage":0,"source":"","dataSource":"PUB"}},{"type":"Feature","geometry":{"type":"LineString","coordinates":[[-96.33,29.5],[-96.33,29.5]]},"properties":{"id":"ncei-1967-10132190","eventId":"10132190","episodeId":"","year":1967,"month":9,"date":"1967-09-20","beginTime":"1967-09-20T22:00:00","endTime":"1967-09-20T22:00:00","timezone":"CST","state":"TX","stateName":"Texas","county":"Wharton","countyFips":"481","wfo":"","scale":-1,"scaleLabel":"Unknown","lengthMiles":0,"widthYards":33,"deaths":0,"injuries":1,"propertyDamage":25000,"cropDamage":0,"source":"","dataSource":"PUB"}},{"type":"Feature","geometry":{"type":"LineString","coordinates":[[-96.23,29.82],[-95.95,29.97]]},"properties":{"id":"ncei-1967-10132191","eventId":"10132191","episodeId":"","year":1967,"month":9,"date":"1967-09-20","beginTime":"1967-09-20T23:00:00","endTime":"1967-09-20T23:00:00","timezone":"CST","state":"TX","stateName":"Texas","county":"Austin","countyFips":"15","wfo":"","scale":-1,"scaleLabel":"Unknown","lengthMiles":19.9,"widthYards":33,"deaths":0,"injuries":0,"propertyDamage":25000,"cropDamage":0,"source":"","dataSource":"PUB"}},{"type":"Feature","geometry":{"type":"LineString","coordinates":[[-96.23,29.82],[-95.95,29.97]]},"properties":{"id":"ncei-1967-10132192","eventId":"10132192","episodeId":"","year":1967,"month":9,"date":"1967-09-20","beginTime":"1967-09-20T23:00:00","endTime":"1967-09-20T23:00:00","timezone":"CST","state":"TX","stateName":"Texas","county":"Austin","countyFips":"15","wfo":"","scale":-1,"scaleLabel":"Unknown","lengthMiles":19.9,"widthYards":33,"deaths":0,"injuries":0,"propertyDamage":25000,"cropDamage":0,"source":"","dataSource":"PUB"}},{"type":"Feature","geometry":{"type":"LineString","coordinates":[[-96.52,29.05],[-96.52,29.05]]},"properties":{"id":"ncei-1967-10132193","eventId":"10132193","episodeId":"","year":1967,"month":9,"date":"1967-09-21","beginTime":"1967-09-21T02:00:00","endTime":"1967-09-21T02:00:00","timezone":"CST","state":"TX","stateName":"Texas","county":"Jackson","countyFips":"239","wfo":"","scale":1,"scaleLabel":"F1","lengthMiles":0.5,"widthYards":17,"deaths":0,"injuries":0,"propertyDamage":2500,"cropDamage":0,"source":"","dataSource":"PUB"}},{"type":"Feature","geometry":{"type":"LineString","coordinates":[[-96.88,29.72],[-96.88,29.72]]},"properties":{"id":"ncei-1967-10132194","eventId":"10132194","episodeId":"","year":1967,"month":9,"date":"1967-09-21","beginTime":"1967-09-21T04:00:00","endTime":"1967-09-21T04:00:00","timezone":"CST","state":"TX","stateName":"Texas","county":"Fayette","countyFips":"149","wfo":"","scale":1,"scaleLabel":"F1","lengthMiles":0.5,"widthYards":33,"deaths":0,"injuries":0,"propertyDamage":0,"cropDamage":0,"source":"","dataSource":"PUB"}},{"type":"Feature","geometry":{"type":"LineString","coordinates":[[-96.73,29.57],[-96.73,29.57]]},"properties":{"id":"ncei-1967-10132195","eventId":"10132195","episodeId":"","year":1967,"month":9,"date":"1967-09-21","beginTime":"1967-09-21T05:00:00","endTime":"1967-09-21T05:00:00","timezone":"CST","state":"TX","stateName":"Texas","county":"Colorado","countyFips":"89","wfo":"","scale":2,"scaleLabel":"F2","lengthMiles":1,"widthYards":33,"deaths":0,"injuries":0,"propertyDamage":2500,"cropDamage":0,"source":"","dataSource":"PUB"}},{"type":"Feature","geometry":{"type":"LineString","coordinates":[[-98.08,30.77],[-98.08,30.77]]},"properties":{"id":"ncei-1967-10132196","eventId":"10132196","episodeId":"","year":1967,"month":9,"date":"1967-09-21","beginTime":"1967-09-21T06:15:00","endTime":"1967-09-21T06:15:00","timezone":"CST","state":"TX","stateName":"Texas","county":"Burnet","countyFips":"53","wfo":"","scale":-1,"scaleLabel":"Unknown","lengthMiles":0,"widthYards":33,"deaths":0,"injuries":0,"propertyDamage":0,"cropDamage":0,"source":"","dataSource":"PUB"}},{"type":"Feature","geometry":{"type":"LineString","coordinates":[[-95.9,29.25],[-95.9,29.25]]},"properties":{"id":"ncei-1967-10132197","eventId":"10132197","episodeId":"","year":1967,"month":9,"date":"1967-09-21","beginTime":"1967-09-21T06:15:00","endTime":"1967-09-21T06:15:00","timezone":"CST","state":"TX","stateName":"Texas","county":"Wharton","countyFips":"481","wfo":"","scale":-1,"scaleLabel":"Unknown","lengthMiles":0,"widthYards":33,"deaths":0,"injuries":0,"propertyDamage":2500,"cropDamage":0,"source":"","dataSource":"PUB"}},{"type":"Feature","geometry":{"type":"LineString","coordinates":[[-95.12,29.93],[-95.12,29.93]]},"properties":{"id":"ncei-1967-10132198","eventId":"10132198","episodeId":"","year":1967,"month":9,"date":"1967-09-21","beginTime":"1967-09-21T07:10:00","endTime":"1967-09-21T07:10:00","timezone":"CST","state":"TX","stateName":"Texas","county":"Harris","countyFips":"201","wfo":"","scale":0,"scaleLabel":"F0","lengthMiles":1,"widthYards":33,"deaths":0,"injuries":0,"propertyDamage":0,"cropDamage":0,"source":"","dataSource":"PUB"}},{"type":"Feature","geometry":{"type":"LineString","coordinates":[[-94.55,30.08],[-94.55,30.08]]},"properties":{"id":"ncei-1967-10132199","eventId":"10132199","episodeId":"","year":1967,"month":9,"date":"1967-09-21","beginTime":"1967-09-21T08:00:00","endTime":"1967-09-21T08:00:00","timezone":"CST","state":"TX","stateName":"Texas","county":"Liberty","countyFips":"291","wfo":"","scale":-1,"scaleLabel":"Unknown","lengthMiles":0,"widthYards":33,"deaths":0,"injuries":0,"propertyDamage":0,"cropDamage":0,"source":"","dataSource":"PUB"}},{"type":"Feature","geometry":{"type":"LineString","coordinates":[[-94.32,29.87],[-94.32,29.87]]},"properties":{"id":"ncei-1967-10132200","eventId":"10132200","episodeId":"","year":1967,"month":9,"date":"1967-09-21","beginTime":"1967-09-21T08:25:00","endTime":"1967-09-21T08:25:00","timezone":"CST","state":"TX","stateName":"Texas","county":"Jefferson","countyFips":"245","wfo":"","scale":0,"scaleLabel":"F0","lengthMiles":0.1,"widthYards":17,"deaths":0,"injuries":0,"propertyDamage":0,"cropDamage":0,"source":"","dataSource":"PUB"}},{"type":"Feature","geometry":{"type":"LineString","coordinates":[[-95.37,29.93],[-95.37,29.93]]},"properties":{"id":"ncei-1967-10132201","eventId":"10132201","episodeId":"","year":1967,"month":9,"date":"1967-09-21","beginTime":"1967-09-21T09:25:00","endTime":"1967-09-21T09:25:00","timezone":"CST","state":"TX","stateName":"Texas","county":"Harris","countyFips":"201","wfo":"","scale":2,"scaleLabel":"F2","lengthMiles":2,"widthYards":50,"deaths":0,"injuries":3,"propertyDamage":2500,"cropDamage":0,"source":"","dataSource":"PUB"}},{"type":"Feature","geometry":{"type":"LineString","coordinates":[[-98.1,27.77],[-98.1,27.77]]},"properties":{"id":"ncei-1967-10132202","eventId":"10132202","episodeId":"","year":1967,"month":9,"date":"1967-09-21","beginTime":"1967-09-21T10:00:00","endTime":"1967-09-21T10:00:00","timezone":"CST","state":"TX","stateName":"Texas","county":"Jim Wells","countyFips":"249","wfo":"","scale":-1,"scaleLabel":"Unknown","lengthMiles":0,"widthYards":33,"deaths":0,"injuries":0,"propertyDamage":0,"cropDamage":0,"source":"","dataSource":"PUB"}},{"type":"Feature","geometry":{"type":"LineString","coordinates":[[-98.47,26.2],[-97.85,26.38]]},"properties":{"id":"ncei-1967-10132354","eventId":"10132354","episodeId":"","year":1967,"month":4,"date":"1967-04-26","beginTime":"1967-04-26T20:00:00","endTime":"1967-04-26T20:00:00","timezone":"CST","state":"TX","stateName":"Texas","county":"Hidalgo","countyFips":"215","wfo":"","scale":2,"scaleLabel":"F2","lengthMiles":40.2,"widthYards":67,"deaths":0,"injuries":0,"propertyDamage":25000,"cropDamage":0,"source":"","dataSource":"PUB"}},{"type":"Feature","geometry":{"type":"LineString","coordinates":[[-96.08,30.92],[-96.08,30.92]]},"properties":{"id":"ncei-1967-10132361","eventId":"10132361","episodeId":"","year":1967,"month":5,"date":"1967-05-01","beginTime":"1967-05-01T06:00:00","endTime":"1967-05-01T06:00:00","timezone":"CST","state":"TX","stateName":"Texas","county":"Madison","countyFips":"313","wfo":"","scale":2,"scaleLabel":"F2","lengthMiles":0.6,"widthYards":33,"deaths":0,"injuries":0,"propertyDamage":2500,"cropDamage":0,"source":"","dataSource":"PUB"}},{"type":"Feature","geometry":{"type":"LineString","coordinates":[[-94.92,32.95],[-94.92,32.95]]},"properties":{"id":"ncei-1967-10132363","eventId":"10132363","episodeId":"","year":1967,"month":5,"date":"1967-05-01","beginTime":"1967-05-01T07:30:00","endTime":"1967-05-01T07:30:00","timezone":"CST","state":"TX","stateName":"Texas","county":"Camp","countyFips":"63","wfo":"","scale":2,"scaleLabel":"F2","lengthMiles":1,"widthYards":50,"deaths":0,"injuries":0,"propertyDamage":2500,"cropDamage":0,"source":"","dataSource":"PUB"}},{"type":"Feature","geometry":{"type":"LineString","coordinates":[[-94.97,33.17],[-94.97,33.17]]},"properties":{"id":"ncei-1967-10132364","eventId":"10132364","episodeId":"","year":1967,"month":5,"date":"1967-05-01","beginTime":"1967-05-01T10:00:00","endTime":"1967-05-01T10:00:00","timezone":"CST","state":"TX","stateName":"Texas","county":"Wood","countyFips":"499","wfo":"","scale":1,"scaleLabel":"F1","lengthMiles":0,"widthYards":33,"deaths":0,"injuries":0,"propertyDamage":0,"cropDamage":0,"source":"","dataSource":"PUB"}},{"type":"Feature","geometry":{"type":"LineString","coordinates":[[-96.45,32.17],[-96.45,32.17]]},"properties":{"id":"ncei-1967-10132365","eventId":"10132365","episodeId":"","year":1967,"month":5,"date":"1967-05-01","beginTime":"1967-05-01T10:00:00","endTime":"1967-05-01T10:00:00","timezone":"CST","state":"TX","stateName":"Texas","county":"Navarro","countyFips":"349","wfo":"","scale":2,"scaleLabel":"F2","lengthMiles":2,"widthYards":33,"deaths":0,"injuries":0,"propertyDamage":25000,"cropDamage":0,"source":"","dataSource":"PUB"}},{"type":"Feature","geometry":{"type":"LineString","coordinates":[[-94.55,32.88],[-94.55,32.88]]},"properties":{"id":"ncei-1967-10132366","eventId":"10132366","episodeId":"","year":1967,"month":5,"date":"1967-05-01","beginTime":"1967-05-01T11:00:00","endTime":"1967-05-01T11:00:00","timezone":"CST","state":"TX","stateName":"Texas","county":"Cass","countyFips":"67","wfo":"","scale":0,"scaleLabel":"F0","lengthMiles":0.5,"widthYards":300,"deaths":0,"injuries":0,"propertyDamage":0,"cropDamage":0,"source":"","dataSource":"PUB"}},{"type":"Feature","geometry":{"type":"LineString","coordinates":[[-95.12,30.8],[-94.98,30.82]]},"properties":{"id":"ncei-1967-10132367","eventId":"10132367","episodeId":"","year":1967,"month":5,"date":"1967-05-01","beginTime":"1967-05-01T14:00:00","endTime":"1967-05-01T14:00:00","timezone":"CST","state":"TX","stateName":"Texas","county":"Polk","countyFips":"373","wfo":"","scale":2,"scaleLabel":"F2","lengthMiles":8,"widthYards":67,"deaths":0,"injuries":2,"propertyDamage":25000,"cropDamage":0,"source":"","dataSource":"PUB"}},{"type":"Feature","geometry":{"type":"LineString","coordinates":[[-94.88,30.07],[-94.88,30.07]]},"properties":{"id":"ncei-1967-10132368","eventId":"10132368","episodeId":"","year":1967,"month":5,"date":"1967-05-01","beginTime":"1967-05-01T17:45:00","endTime":"1967-05-01T17:45:00","timezone":"CST","state":"TX","stateName":"Texas","county":"Liberty","countyFips":"291","wfo":"","scale":2,"scaleLabel":"F2","lengthMiles":1.5,"widthYards":33,"deaths":0,"injuries":0,"propertyDamage":25000,"cropDamage":0,"source":"","dataSource":"PUB"}},{"type":"Feature","geometry":{"type":"LineString","coordinates":[[-97.97,29.65],[-97.97,29.65]]},"properties":{"id":"ncei-1967-10132369","eventId":"10132369","episodeId":"","year":1967,"month":5,"date":"1967-05-01","beginTime":"1967-05-01T20:45:00","endTime":"1967-05-01T20:45:00","timezone":"CST","state":"TX","stateName":"Texas","county":"Guadalupe","countyFips":"187","wfo":"","scale":2,"scaleLabel":"F2","lengthMiles":0.5,"widthYards":20,"deaths":0,"injuries":0,"propertyDamage":2500,"cropDamage":0,"source":"","dataSource":"PUB"}},{"type":"Feature","geometry":{"type":"LineString","coordinates":[[-97.52,28.1],[-97.52,28.1]]},"properties":{"id":"ncei-1967-10132370","eventId":"10132370","episodeId":"","year":1967,"month":5,"date":"1967-05-03","beginTime":"1967-05-03T15:45:00","endTime":"1967-05-03T15:45:00","timezone":"CST","state":"TX","stateName":"Texas","county":"San Patricio","countyFips":"409","wfo":"","scale":1,"scaleLabel":"F1","lengthMiles":0.2,"widthYards":33,"deaths":0,"injuries":0,"propertyDamage":2500,"cropDamage":0,"source":"","dataSource":"PUB"}},{"type":"Feature","geometry":{"type":"LineString","coordinates":[[-97.37,27.93],[-97.37,27.93]]},"properties":{"id":"ncei-1967-10132371","eventId":"10132371","episodeId":"","year":1967,"month":5,"date":"1967-05-03","beginTime":"1967-05-03T16:00:00","endTime":"1967-05-03T16:00:00","timezone":"CST","state":"TX","stateName":"Texas","county":"San Patricio","countyFips":"409","wfo":"","scale":1,"scaleLabel":"F1","lengthMiles":0.5,"widthYards":33,"deaths":0,"injuries":0,"propertyDamage":0,"cropDamage":0,"source":"","dataSource":"PUB"}},{"type":"Feature","geometry":{"type":"LineString","coordinates":[[-101.78,34.85],[-101.78,34.85]]},"properties":{"id":"ncei-1967-10132381","eventId":"10132381","episodeId":"","year":1967,"month":5,"date":"1967-05-05","beginTime":"1967-05-05T13:50:00","endTime":"1967-05-05T13:50:00","timezone":"CST","state":"TX","stateName":"Texas","county":"Randall","countyFips":"381","wfo":"","scale":0,"scaleLabel":"F0","lengthMiles":0.1,"widthYards":33,"deaths":0,"injuries":0,"propertyDamage":0,"cropDamage":0,"source":"","dataSource":"PUB"}},{"type":"Feature","geometry":{"type":"LineString","coordinates":[[-101.53,35.53],[-101.53,35.53]]},"properties":{"id":"ncei-1967-10132383","eventId":"10132383","episodeId":"","year":1967,"month":5,"date":"1967-05-05","beginTime":"1967-05-05T15:45:00","endTime":"1967-05-05T15:45:00","timezone":"CST","state":"TX","stateName":"Texas","county":"Carson","countyFips":"65","wfo":"","scale":0,"scaleLabel":"F0","lengthMiles":0.5,"widthYards":17,"deaths":0,"injuries":0,"propertyDamage":0,"cropDamage":0,"source":"","dataSource":"PUB"}},{"type":"Feature","geometry":{"type":"LineString","coordinates":[[-101.5,35.22],[-101.5,35.22]]},"properties":{"id":"ncei-1967-10132385","eventId":"10132385","episodeId":"","year":1967,"month":5,"date":"1967-05-05","beginTime":"1967-05-05T16:35:00","endTime":"1967-05-05T16:35:00","timezone":"CST","state":"TX","stateName":"Texas","county":"Carson","countyFips":"65","wfo":"","scale":0,"scaleLabel":"F0","lengthMiles":0.1,"widthYards":3,"deaths":0,"injuries":0,"propertyDamage":0,"cropDamage":0,"source":"","dataSource":"PUB"}},{"type":"Feature","geometry":{"type":"LineString","coordinates":[[-101.5,35.22],[-101.25,35.33]]},"properties":{"id":"ncei-1967-10132386","eventId":"10132386","episodeId":"","year":1967,"month":5,"date":"1967-05-05","beginTime":"1967-05-05T16:35:00","endTime":"1967-05-05T16:35:00","timezone":"CST","state":"TX","stateName":"Texas","county":"Carson","countyFips":"65","wfo":"","scale":2,"scaleLabel":"F2","lengthMiles":16.2,"widthYards":100,"deaths":0,"injuries":0,"propertyDamage":25000,"cropDamage":0,"source":"","dataSource":"PUB"}},{"type":"Feature","geometry":{"type":"LineString","coordinates":[[-100.97,35.38],[-100.97,35.38]]},"properties":{"id":"ncei-1967-10132387","eventId":"10132387","episodeId":"","year":1967,"month":5,"date":"1967-05-05","beginTime":"1967-05-05T16:45:00","endTime":"1967-05-05T16:45:00","timezone":"CST","state":"TX","stateName":"Texas","county":"Gray","countyFips":"179","wfo":"","scale":1,"scaleLabel":"F1","lengthMiles":0.1,"widthYards":33,"deaths":0,"injuries":0,"propertyDamage":2500,"cropDamage":0,"source":"","dataSource":"PUB"}},{"type":"Feature","geometry":{"type":"LineString","coordinates":[[-102,36.03],[-101.97,36.03]]},"properties":{"id":"ncei-1967-10132388","eventId":"10132388","episodeId":"","year":1967,"month":5,"date":"1967-05-05","beginTime":"1967-05-05T16:45:00","endTime":"1967-05-05T16:45:00","timezone":"CST","state":"TX","stateName":"Texas","county":"Moore","countyFips":"341","wfo":"","scale":2,"scaleLabel":"F2","lengthMiles":2.3,"widthYards":67,"deaths":0,"injuries":0,"propertyDamage":0,"cropDamage":0,"source":"","dataSource":"PUB"}},{"type":"Feature","geometry":{"type":"LineString","coordinates":[[-97.4,29.82],[-97.4,29.82]]},"properties":{"id":"ncei-1967-10132392","eventId":"10132392","episodeId":"","year":1967,"month":5,"date":"1967-05-08","beginTime":"1967-05-08T15:03:00","endTime":"1967-05-08T15:03:00","timezone":"CST","state":"TX","stateName":"Texas","county":"Caldwell","countyFips":"55","wfo":"","scale":1,"scaleLabel":"F1","lengthMiles":0.5,"widthYards":33,"deaths":0,"injuries":0,"propertyDamage":0,"cropDamage":0,"source":"","dataSource":"PUB"}},{"type":"Feature","geometry":{"type":"LineString","coordinates":[[-98.03,28.97],[-97.9,29.02]]},"properties":{"id":"ncei-1967-10132395","eventId":"10132395","episodeId":"","year":1967,"month":5,"date":"1967-05-08","beginTime":"1967-05-08T17:00:00","endTime":"1967-05-08T17:00:00","timezone":"CST","state":"TX","stateName":"Texas","county":"Karnes","countyFips":"255","wfo":"","scale":2,"scaleLabel":"F2","lengthMiles":8.9,"widthYards":440,"deaths":0,"injuries":0,"propertyDamage":2500,"cropDamage":0,"source":"","dataSource":"PUB"}},{"type":"Feature","geometry":{"type":"LineString","coordinates":[[-98.1,27.77],[-98.1,27.77]]},"properties":{"id":"ncei-1967-10132418","eventId":"10132418","episodeId":"","year":1967,"month":9,"date":"1967-09-21","beginTime":"1967-09-21T10:00:00","endTime":"1967-09-21T10:00:00","timezone":"CST","state":"TX","stateName":"Texas","county":"Jim Wells","countyFips":"249","wfo":"","scale":-1,"scaleLabel":"Unknown","lengthMiles":0,"widthYards":33,"deaths":0,"injuries":0,"propertyDamage":0,"cropDamage":0,"source":"","dataSource":"PUB"}},{"type":"Feature","geometry":{"type":"LineString","coordinates":[[-93.9,30.05],[-93.9,30.05]]},"properties":{"id":"ncei-1967-10132419","eventId":"10132419","episodeId":"","year":1967,"month":9,"date":"1967-09-21","beginTime":"1967-09-21T10:45:00","endTime":"1967-09-21T10:45:00","timezone":"CST","state":"TX","stateName":"Texas","county":"Orange","countyFips":"361","wfo":"","scale":1,"scaleLabel":"F1","lengthMiles":1,"widthYards":33,"deaths":0,"injuries":0,"propertyDamage":0,"cropDamage":0,"source":"","dataSource":"PUB"}},{"type":"Feature","geometry":{"type":"LineString","coordinates":[[-93.97,29.98],[-93.97,29.98]]},"properties":{"id":"ncei-1967-10132420","eventId":"10132420","episodeId":"","year":1967,"month":9,"date":"1967-09-21","beginTime":"1967-09-21T10:47:00","endTime":"1967-09-21T10:47:00","timezone":"CST","state":"TX","stateName":"Texas","county":"Jefferson","countyFips":"245","wfo":"","scale":1,"scaleLabel":"F1","lengthMiles":1,"widthYards":33,"deaths":0,"injuries":1,"propertyDamage":0,"cropDamage":0,"source":"","dataSource":"PUB"}},{"type":"Feature","geometry":{"type":"LineString","coordinates":[[-95.7,29.05],[-95.7,29.05]]},"properties":{"id":"ncei-1967-10132421","eventId":"10132421","episodeId":"","year":1967,"month":9,"date":"1967-09-21","beginTime":"1967-09-21T11:10:00","endTime":"1967-09-21T11:10:00","timezone":"CST","state":"TX","stateName":"Texas","county":"Brazoria","countyFips":"39","wfo":"","scale":-1,"scaleLabel":"Unknown","lengthMiles":0,"widthYards":33,"deaths":0,"injuries":0,"propertyDamage":0,"cropDamage":0,"source":"","dataSource":"PUB"}},{"type":"Feature","geometry":{"type":"LineString","coordinates":[[-94.23,29.88],[-94.23,29.88]]},"properties":{"id":"ncei-1967-10132422","eventId":"10132422","episodeId":"","year":1967,"month":9,"date":"1967-09-21","beginTime":"1967-09-21T11:39:00","endTime":"1967-09-21T11:39:00","timezone":"CST","state":"TX","stateName":"Texas","county":"Jefferson","countyFips":"245","wfo":"","scale":0,"scaleLabel":"F0","lengthMiles":0.1,"widthYards":33,"deaths":0,"injuries":0,"propertyDamage":0,"cropDamage":0,"source":"","dataSource":"PUB"}},{"type":"Feature","geometry":{"type":"LineString","coordinates":[[-97.93,30.42],[-97.93,30.42]]},"properties":{"id":"ncei-1967-10132423","eventId":"10132423","episodeId":"","year":1967,"month":9,"date":"1967-09-21","beginTime":"1967-09-21T12:00:00","endTime":"1967-09-21T12:00:00","timezone":"CST","state":"TX","stateName":"Texas","county":"Travis","countyFips":"453","wfo":"","scale":-1,"scaleLabel":"Unknown","lengthMiles":0,"widthYards":33,"deaths":0,"injuries":0,"propertyDamage":2500,"cropDamage":0,"source":"","dataSource":"PUB"}},{"type":"Feature","geometry":{"type":"LineString","coordinates":[[-97.23,28.83],[-97.23,28.83]]},"properties":{"id":"ncei-1967-10132424","eventId":"10132424","episodeId":"","year":1967,"month":9,"date":"1967-09-21","beginTime":"1967-09-21T13:00:00","endTime":"1967-09-21T13:00:00","timezone":"CST","state":"TX","stateName":"Texas","county":"Goliad","countyFips":"175","wfo":"","scale":-1,"scaleLabel":"Unknown","lengthMiles":0,"widthYards":33,"deaths":0,"injuries":0,"propertyDamage":0,"cropDamage":0,"source":"","dataSource":"PUB"}},{"type":"Feature","geometry":{"type":"LineString","coordinates":[[-97.83,28.88],[-97.83,28.88]]},"properties":{"id":"ncei-1967-10132425","eventId":"10132425","episodeId":"","year":1967,"month":9,"date":"1967-09-21","beginTime":"1967-09-21T15:00:00","endTime":"1967-09-21T15:00:00","timezone":"CST","state":"TX","stateName":"Texas","county":"Karnes","countyFips":"255","wfo":"","scale":-1,"scaleLabel":"Unknown","lengthMiles":0,"widthYards":33,"deaths":0,"injuries":0,"propertyDamage":2500,"cropDamage":0,"source":"","dataSource":"PUB"}},{"type":"Feature","geometry":{"type":"LineString","coordinates":[[-97.62,28.53],[-97.62,28.53]]},"properties":{"id":"ncei-1967-10132426","eventId":"10132426","episodeId":"","year":1967,"month":9,"date":"1967-09-21","beginTime":"1967-09-21T15:00:00","endTime":"1967-09-21T15:00:00","timezone":"CST","state":"TX","stateName":"Texas","county":"Goliad","countyFips":"175","wfo":"","scale":-1,"scaleLabel":"Unknown","lengthMiles":0,"widthYards":33,"deaths":0,"injuries":0,"propertyDamage":0,"cropDamage":0,"source":"","dataSource":"PUB"}},{"type":"Feature","geometry":{"type":"LineString","coordinates":[[-103.2,29.5],[-103.2,29.5]]},"properties":{"id":"ncei-1967-10132427","eventId":"10132427","episodeId":"","year":1967,"month":9,"date":"1967-09-21","beginTime":"1967-09-21T15:00:00","endTime":"1967-09-21T15:00:00","timezone":"CST","state":"TX","stateName":"Texas","county":"Brewster","countyFips":"43","wfo":"","scale":0,"scaleLabel":"F0","lengthMiles":0.1,"widthYards":33,"deaths":0,"injuries":0,"propertyDamage":0,"cropDamage":0,"source":"","dataSource":"PUB"}},{"type":"Feature","geometry":{"type":"LineString","coordinates":[[-97.52,28.05],[-97.52,28.05]]},"properties":{"id":"ncei-1967-10132428","eventId":"10132428","episodeId":"","year":1967,"month":9,"date":"1967-09-21","beginTime":"1967-09-21T16:00:00","endTime":"1967-09-21T16:00:00","timezone":"CST","state":"TX","stateName":"Texas","county":"San Patricio","countyFips":"409","wfo":"","scale":-1,"scaleLabel":"Unknown","lengthMiles":0,"widthYards":33,"deaths":0,"injuries":0,"propertyDamage":0,"cropDamage":0,"source":"","dataSource":"PUB"}},{"type":"Feature","geometry":{"type":"LineString","coordinates":[[-98,29.08],[-98,29.08]]},"properties":{"id":"ncei-1967-10132429","eventId":"10132429","episodeId":"","year":1967,"month":9,"date":"1967-09-21","beginTime":"1967-09-21T19:36:00","endTime":"1967-09-21T19:36:00","timezone":"CST","state":"TX","stateName":"Texas","county":"Wilson","countyFips":"493","wfo":"","scale":-1,"scaleLabel":"Unknown","lengthMiles":0,"widthYards":33,"deaths":0,"injuries":0,"propertyDamage":0,"cropDamage":0,"source":"","dataSource":"PUB"}},{"type":"Feature","geometry":{"type":"LineString","coordinates":[[-97.63,28.57],[-97.63,28.57]]},"properties":{"id":"ncei-1967-10132430","eventId":"10132430","episodeId":"","year":1967,"month":9,"date":"1967-09-22","beginTime":"1967-09-22T05:00:00","endTime":"1967-09-22T05:00:00","timezone":"CST","state":"TX","stateName":"Texas","county":"Goliad","countyFips":"175","wfo":"","scale":-1,"scaleLabel":"Unknown","lengthMiles":0,"widthYards":33,"deaths":0,"injuries":2,"propertyDamage":0,"cropDamage":0,"source":"","dataSource":"PUB"}},{"type":"Feature","geometry":{"type":"LineString","coordinates":[[-97.48,27.72],[-97.22,27.83]]},"properties":{"id":"ncei-1967-10132431","eventId":"10132431","episodeId":"","year":1967,"month":9,"date":"1967-09-22","beginTime":"1967-09-22T08:20:00","endTime":"1967-09-22T08:20:00","timezone":"CST","state":"TX","stateName":"Texas","county":"Nueces","countyFips":"355","wfo":"","scale":2,"scaleLabel":"F2","lengthMiles":18.2,"widthYards":200,"deaths":0,"injuries":0,"propertyDamage":0,"cropDamage":0,"source":"","dataSource":"PUB"}},{"type":"Feature","geometry":{"type":"LineString","coordinates":[[-98.08,27.93],[-98.08,27.93]]},"properties":{"id":"ncei-1967-10132432","eventId":"10132432","episodeId":"","year":1967,"month":9,"date":"1967-09-22","beginTime":"1967-09-22T08:23:00","endTime":"1967-09-22T08:23:00","timezone":"CST","state":"TX","stateName":"Texas","county":"Jim Wells","countyFips":"249","wfo":"","scale":2,"scaleLabel":"F2","lengthMiles":2,"widthYards":33,"deaths":0,"injuries":0,"propertyDamage":0,"cropDamage":0,"source":"","dataSource":"PUB"}},{"type":"Feature","geometry":{"type":"LineString","coordinates":[[-98.08,27.75],[-98.08,27.75]]},"properties":{"id":"ncei-1967-10132433","eventId":"10132433","episodeId":"","year":1967,"month":9,"date":"1967-09-22","beginTime":"1967-09-22T08:39:00","endTime":"1967-09-22T08:39:00","timezone":"CST","state":"TX","stateName":"Texas","county":"Jim Wells","countyFips":"249","wfo":"","scale":0,"scaleLabel":"F0","lengthMiles":0.1,"widthYards":27,"deaths":0,"injuries":0,"propertyDamage":0,"cropDamage":0,"source":"","dataSource":"PUB"}},{"type":"Feature","geometry":{"type":"LineString","coordinates":[[-97.85,27.87],[-97.85,27.87]]},"properties":{"id":"ncei-1967-10132434","eventId":"10132434","episodeId":"","year":1967,"month":9,"date":"1967-09-22","beginTime":"1967-09-22T09:25:00","endTime":"1967-09-22T09:25:00","timezone":"CST","state":"TX","stateName":"Texas","county":"Nueces","countyFips":"355","wfo":"","scale":0,"scaleLabel":"F0","lengthMiles":0.1,"widthYards":33,"deaths":0,"injuries":0,"propertyDamage":0,"cropDamage":0,"source":"","dataSource":"PUB"}},{"type":"Feature","geometry":{"type":"LineString","coordinates":[[-97.2,28.13],[-97.2,28.13]]},"properties":{"id":"ncei-1967-10132435","eventId":"10132435","episodeId":"","year":1967,"month":9,"date":"1967-09-22","beginTime":"1967-09-22T10:00:00","endTime":"1967-09-22T10:00:00","timezone":"CST","state":"TX","stateName":"Texas","county":"Refugio","countyFips":"391","wfo":"","scale":-1,"scaleLabel":"Unknown","lengthMiles":0,"widthYards":33,"deaths":0,"injuries":0,"propertyDamage":0,"cropDamage":0,"source":"","dataSource":"PUB"}},{"type":"Feature","geometry":{"type":"LineString","coordinates":[[-97.47,28.17],[-97.47,28.17]]},"properties":{"id":"ncei-1967-10132436","eventId":"10132436","episodeId":"","year":1967,"month":9,"date":"1967-09-22","beginTime":"1967-09-22T10:40:00","endTime":"1967-09-22T10:40:00","timezone":"CST","state":"TX","stateName":"Texas","county":"Refugio","countyFips":"391","wfo":"","scale":-1,"scaleLabel":"Unknown","lengthMiles":0,"widthYards":33,"deaths":0,"injuries":0,"propertyDamage":0,"cropDamage":0,"source":"","dataSource":"PUB"}},{"type":"Feature","geometry":{"type":"LineString","coordinates":[[-97.78,27.58],[-97.78,27.58]]},"properties":{"id":"ncei-1967-10132437","eventId":"10132437","episodeId":"","year":1967,"month":9,"date":"1967-09-22","beginTime":"1967-09-22T11:29:00","endTime":"1967-09-22T11:29:00","timezone":"CST","state":"TX","stateName":"Texas","county":"Nueces","countyFips":"355","wfo":"","scale":0,"scaleLabel":"F0","lengthMiles":0.1,"widthYards":17,"deaths":0,"injuries":0,"propertyDamage":0,"cropDamage":0,"source":"","dataSource":"PUB"}},{"type":"Feature","geometry":{"type":"LineString","coordinates":[[-97.77,27.73],[-97.77,27.73]]},"properties":{"id":"ncei-1967-10132438","eventId":"10132438","episodeId":"","year":1967,"month":9,"date":"1967-09-22","beginTime":"1967-09-22T11:29:00","endTime":"1967-09-22T11:29:00","timezone":"CST","state":"TX","stateName":"Texas","county":"Nueces","countyFips":"355","wfo":"","scale":0,"scaleLabel":"F0","lengthMiles":0.1,"widthYards":33,"deaths":0,"injuries":0,"propertyDamage":0,"cropDamage":0,"source":"","dataSource":"PUB"}},{"type":"Feature","geometry":{"type":"LineString","coordinates":[[-92.38,28.17],[-92.38,28.17]]},"properties":{"id":"ncei-1967-10132439","eventId":"10132439","episodeId":"","year":1967,"month":9,"date":"1967-09-22","beginTime":"1967-09-22T11:52:00","endTime":"1967-09-22T11:52:00","timezone":"CST","state":"TX","stateName":"Texas","county":"Refugio","countyFips":"391","wfo":"","scale":-1,"scaleLabel":"Unknown","lengthMiles":0,"widthYards":33,"deaths":0,"injuries":0,"propertyDamage":0,"cropDamage":0,"source":"","dataSource":"PUB"}},{"type":"Feature","geometry":{"type":"LineString","coordinates":[[-98.07,27.33],[-98.07,27.33]]},"properties":{"id":"ncei-1967-10132440","eventId":"10132440","episodeId":"","year":1967,"month":9,"date":"1967-09-22","beginTime":"1967-09-22T12:00:00","endTime":"1967-09-22T12:00:00","timezone":"CST","state":"TX","stateName":"Texas","county":"Kleberg","countyFips":"273","wfo":"","scale":0,"scaleLabel":"F0","lengthMiles":0.1,"widthYards":33,"deaths":0,"injuries":0,"propertyDamage":0,"cropDamage":0,"source":"","dataSource":"PUB"}},{"type":"Feature","geometry":{"type":"LineString","coordinates":[[-98.18,27.78],[-98.18,27.78]]},"properties":{"id":"ncei-1967-10132441","eventId":"10132441","episodeId":"","year":1967,"month":9,"date":"1967-09-22","beginTime":"1967-09-22T12:08:00","endTime":"1967-09-22T12:08:00","timezone":"CST","state":"TX","stateName":"Texas","county":"Jim Wells","countyFips":"249","wfo":"","scale":0,"scaleLabel":"F0","lengthMiles":0.5,"widthYards":17,"deaths":0,"injuries":0,"propertyDamage":0,"cropDamage":0,"source":"","dataSource":"PUB"}},{"type":"Feature","geometry":{"type":"LineString","coordinates":[[-97.92,27.53],[-97.92,27.53]]},"properties":{"id":"ncei-1967-10132442","eventId":"10132442","episodeId":"","year":1967,"month":9,"date":"1967-09-22","beginTime":"1967-09-22T13:00:00","endTime":"1967-09-22T13:00:00","timezone":"CST","state":"TX","stateName":"Texas","county":"Kleberg","countyFips":"273","wfo":"","scale":0,"scaleLabel":"F0","lengthMiles":0.6,"widthYards":20,"deaths":0,"injuries":0,"propertyDamage":0,"cropDamage":0,"source":"","dataSource":"PUB"}},{"type":"Feature","geometry":{"type":"LineString","coordinates":[[-97.35,28],[-97.35,28]]},"properties":{"id":"ncei-1967-10132443","eventId":"10132443","episodeId":"","year":1967,"month":9,"date":"1967-09-22","beginTime":"1967-09-22T13:05:00","endTime":"1967-09-22T13:05:00","timezone":"CST","state":"TX","stateName":"Texas","county":"San Patricio","countyFips":"409","wfo":"","scale":0,"scaleLabel":"F0","lengthMiles":0.1,"widthYards":33,"deaths":0,"injuries":0,"propertyDamage":0,"cropDamage":0,"source":"","dataSource":"PUB"}},{"type":"Feature","geometry":{"type":"LineString","coordinates":[[-97.67,28.27],[-97.67,28.27]]},"properties":{"id":"ncei-1967-10132444","eventId":"10132444","episodeId":"","year":1967,"month":9,"date":"1967-09-22","beginTime":"1967-09-22T13:30:00","endTime":"1967-09-22T13:30:00","timezone":"CST","state":"TX","stateName":"Texas","county":"Bee","countyFips":"25","wfo":"","scale":-1,"scaleLabel":"Unknown","lengthMiles":0,"widthYards":33,"deaths":0,"injuries":0,"propertyDamage":0,"cropDamage":0,"source":"","dataSource":"PUB"}},{"type":"Feature","geometry":{"type":"LineString","coordinates":[[-98.3,27.55],[-98.3,27.55]]},"properties":{"id":"ncei-1967-10132445","eventId":"10132445","episodeId":"","year":1967,"month":9,"date":"1967-09-22","beginTime":"1967-09-22T13:30:00","endTime":"1967-09-22T13:30:00","timezone":"CST","state":"TX","stateName":"Texas","county":"Duval","countyFips":"131","wfo":"","scale":0,"scaleLabel":"F0","lengthMiles":0.2,"widthYards":33,"deaths":0,"injuries":0,"propertyDamage":0,"cropDamage":0,"source":"","dataSource":"PUB"}},{"type":"Feature","geometry":{"type":"LineString","coordinates":[[-98.17,27.72],[-98.17,27.72]]},"properties":{"id":"ncei-1967-10132446","eventId":"10132446","episodeId":"","year":1967,"month":9,"date":"1967-09-22","beginTime":"1967-09-22T13:30:00","endTime":"1967-09-22T13:30:00","timezone":"CST","state":"TX","stateName":"Texas","county":"Jim Wells","countyFips":"249","wfo":"","scale":0,"scaleLabel":"F0","lengthMiles":0.1,"widthYards":3,"deaths":0,"injuries":0,"propertyDamage":0,"cropDamage":0,"source":"","dataSource":"PUB"}},{"type":"Feature","geometry":{"type":"LineString","coordinates":[[-97.35,27.68],[-97.35,27.68]]},"properties":{"id":"ncei-1967-10132447","eventId":"10132447","episodeId":"","year":1967,"month":9,"date":"1967-09-22","beginTime":"1967-09-22T14:44:00","endTime":"1967-09-22T14:44:00","timezone":"CST","state":"TX","stateName":"Texas","county":"Nueces","countyFips":"355","wfo":"","scale":0,"scaleLabel":"F0","lengthMiles":0.1,"widthYards":7,"deaths":0,"injuries":0,"propertyDamage":0,"cropDamage":0,"source":"","dataSource":"PUB"}},{"type":"Feature","geometry":{"type":"LineString","coordinates":[[-97.75,27.85],[-97.75,27.85]]},"properties":{"id":"ncei-1967-10132448","eventId":"10132448","episodeId":"","year":1967,"month":9,"date":"1967-09-22","beginTime":"1967-09-22T14:45:00","endTime":"1967-09-22T14:45:00","timezone":"CST","state":"TX","stateName":"Texas","county":"Nueces","countyFips":"355","wfo":"","scale":0,"scaleLabel":"F0","lengthMiles":0.5,"widthYards":33,"deaths":0,"injuries":0,"propertyDamage":0,"cropDamage":0,"source":"","dataSource":"PUB"}},{"type":"Feature","geometry":{"type":"LineString","coordinates":[[-97.37,31.1],[-97.37,31.1]]},"properties":{"id":"ncei-1967-10132449","eventId":"10132449","episodeId":"","year":1967,"month":9,"date":"1967-09-22","beginTime":"1967-09-22T16:45:00","endTime":"1967-09-22T16:45:00","timezone":"CST","state":"TX","stateName":"Texas","county":"Bell","countyFips":"27","wfo":"","scale":-1,"scaleLabel":"Unknown","lengthMiles":0,"widthYards":33,"deaths":0,"injuries":0,"propertyDamage":0,"cropDamage":0,"source":"","dataSource":"PUB"}},{"type":"Feature","geometry":{"type":"LineString","coordinates":[[-96.85,30],[-96.85,30]]},"properties":{"id":"ncei-1967-10132450","eventId":"10132450","episodeId":"","year":1967,"month":9,"date":"1967-09-22","beginTime":"1967-09-22T19:05:00","endTime":"1967-09-22T19:05:00","timezone":"CST","state":"TX","stateName":"Texas","county":"Fayette","countyFips":"149","wfo":"","scale":-1,"scaleLabel":"Unknown","lengthMiles":0,"widthYards":33,"deaths":0,"injuries":0,"propertyDamage":0,"cropDamage":0,"source":"","dataSource":"PUB"}},{"type":"Feature","geometry":{"type":"LineString","coordinates":[[-97.78,27.38],[-97.78,27.38]]},"properties":{"id":"ncei-1967-10132451","eventId":"10132451","episodeId":"","year":1967,"month":9,"date":"1967-09-23","beginTime":"1967-09-23T12:10:00","endTime":"1967-09-23T12:10:00","timezone":"CST","state":"TX","stateName":"Texas","county":"Kleberg","countyFips":"273","wfo":"","scale":-1,"scaleLabel":"Unknown","lengthMiles":0,"widthYards":33,"deaths":0,"injuries":0,"propertyDamage":0,"cropDamage":0,"source":"","dataSource":"PUB"}},{"type":"Feature","geometry":{"type":"LineString","coordinates":[[-98.22,30.75],[-98.22,30.75]]},"properties":{"id":"ncei-1967-10132452","eventId":"10132452","episodeId":"","year":1967,"month":9,"date":"1967-09-24","beginTime":"1967-09-24T17:15:00","endTime":"1967-09-24T17:15:00","timezone":"CST","state":"TX","stateName":"Texas","county":"Burnet","countyFips":"53","wfo":"","scale":-1,"scaleLabel":"Unknown","lengthMiles":0,"widthYards":33,"deaths":0,"injuries":0,"propertyDamage":0,"cropDamage":0,"source":"","dataSource":"PUB"}},{"type":"Feature","geometry":{"type":"LineString","coordinates":[[-98.5,29.5],[-98.5,29.5]]},"properties":{"id":"ncei-1967-10132453","eventId":"10132453","episodeId":"","year":1967,"month":9,"date":"1967-09-24","beginTime":"1967-09-24T19:13:00","endTime":"1967-09-24T19:13:00","timezone":"CST","state":"TX","stateName":"Texas","county":"Bexar","countyFips":"29","wfo":"","scale":1,"scaleLabel":"F1","lengthMiles":0,"widthYards":33,"deaths":0,"injuries":0,"propertyDamage":2500,"cropDamage":0,"source":"","dataSource":"PUB"}},{"type":"Feature","geometry":{"type":"LineString","coordinates":[[-102.25,31.92],[-102.25,31.92]]},"properties":{"id":"ncei-1967-10132454","eventId":"10132454","episodeId":"","year":1967,"month":9,"date":"1967-09-26","beginTime":"1967-09-26T17:50:00","endTime":"1967-09-26T17:50:00","timezone":"CST","state":"TX","stateName":"Texas","county":"Midland","countyFips":"329","wfo":"","scale":0,"scaleLabel":"F0","lengthMiles":0.1,"widthYards":33,"deaths":0,"injuries":0,"propertyDamage":0,"cropDamage":0,"source":"","dataSource":"PUB"}},{"type":"Feature","geometry":{"type":"LineString","coordinates":[[-96.58,28.45],[-96.58,28.45]]},"properties":{"id":"ncei-1967-10132455","eventId":"10132455","episodeId":"","year":1967,"month":9,"date":"1967-09-27","beginTime":"1967-09-27T03:30:00","endTime":"1967-09-27T03:30:00","timezone":"CST","state":"TX","stateName":"Texas","county":"Calhoun","countyFips":"57","wfo":"","scale":1,"scaleLabel":"F1","lengthMiles":0,"widthYards":33,"deaths":0,"injuries":0,"propertyDamage":0,"cropDamage":0,"source":"","dataSource":"PUB"}},{"type":"Feature","geometry":{"type":"LineString","coordinates":[[-95.08,29.15],[-95.08,29.15]]},"properties":{"id":"ncei-1967-10132460","eventId":"10132460","episodeId":"","year":1967,"month":10,"date":"1967-10-29","beginTime":"1967-10-29T14:40:00","endTime":"1967-10-29T14:40:00","timezone":"CST","state":"TX","stateName":"Texas","county":"Galveston","countyFips":"167","wfo":"","scale":2,"scaleLabel":"F2","lengthMiles":0.1,"widthYards":33,"deaths":0,"injuries":0,"propertyDamage":2500,"cropDamage":0,"source":"","dataSource":"PUB"}},{"type":"Feature","geometry":{"type":"LineString","coordinates":[[-93.88,30.67],[-93.88,30.67]]},"properties":{"id":"ncei-1967-10132462","eventId":"10132462","episodeId":"","year":1967,"month":10,"date":"1967-10-30","beginTime":"1967-10-30T09:00:00","endTime":"1967-10-30T09:00:00","timezone":"CST","state":"TX","stateName":"Texas","county":"Jasper","countyFips":"241","wfo":"","scale":2,"scaleLabel":"F2","lengthMiles":1,"widthYards":33,"deaths":0,"injuries":0,"propertyDamage":0,"cropDamage":0,"source":"","dataSource":"PUB"}},{"type":"Feature","geometry":{"type":"LineString","coordinates":[[-95.05,29.75],[-95.05,29.75]]},"properties":{"id":"ncei-1967-10132463","eventId":"10132463","episodeId":"","year":1967,"month":12,"date":"1967-12-02","beginTime":"1967-12-02T08:45:00","endTime":"1967-12-02T08:45:00","timezone":"CST","state":"TX","stateName":"Texas","county":"Harris","countyFips":"201","wfo":"","scale":0,"scaleLabel":"F0","lengthMiles":0.1,"widthYards":33,"deaths":0,"injuries":0,"propertyDamage":2500,"cropDamage":0,"source":"","dataSource":"PUB"}},{"type":"Feature","geometry":{"type":"LineString","coordinates":[[-96.1,33.1],[-96.1,33.1]]},"properties":{"id":"ncei-1967-10132466","eventId":"10132466","episodeId":"","year":1967,"month":12,"date":"1967-12-21","beginTime":"1967-12-21T05:45:00","endTime":"1967-12-21T05:45:00","timezone":"CST","state":"TX","stateName":"Texas","county":"Hunt","countyFips":"231","wfo":"","scale":3,"scaleLabel":"F3","lengthMiles":0.1,"widthYards":33,"deaths":0,"injuries":0,"propertyDamage":250000,"cropDamage":0,"source":"","dataSource":"PUB"}},{"type":"Feature","geometry":{"type":"LineString","coordinates":[[-94.97,33],[-94.97,33]]},"properties":{"id":"ncei-1967-10132467","eventId":"10132467","episodeId":"","year":1967,"month":12,"date":"1967-12-21","beginTime":"1967-12-21T08:00:00","endTime":"1967-12-21T08:00:00","timezone":"CST","state":"TX","stateName":"Texas","county":"Camp","countyFips":"63","wfo":"","scale":0,"scaleLabel":"F0","lengthMiles":0.1,"widthYards":33,"deaths":0,"injuries":0,"propertyDamage":0,"cropDamage":0,"source":"","dataSource":"PUB"}},{"type":"Feature","geometry":{"type":"LineString","coordinates":[[-94.28,31.92],[-94.28,31.92]]},"properties":{"id":"ncei-1967-10132468","eventId":"10132468","episodeId":"","year":1967,"month":12,"date":"1967-12-21","beginTime":"1967-12-21T09:00:00","endTime":"1967-12-21T09:00:00","timezone":"CST","state":"TX","stateName":"Texas","county":"Cherokee","countyFips":"73","wfo":"","scale":-1,"scaleLabel":"Unknown","lengthMiles":0,"widthYards":33,"deaths":0,"injuries":0,"propertyDamage":0,"cropDamage":0,"source":"","dataSource":"PUB"}},{"type":"Feature","geometry":{"type":"LineString","coordinates":[[-94.35,32.47],[-94.35,32.47]]},"properties":{"id":"ncei-1967-10132469","eventId":"10132469","episodeId":"","year":1967,"month":12,"date":"1967-12-21","beginTime":"1967-12-21T09:00:00","endTime":"1967-12-21T09:00:00","timezone":"CST","state":"TX","stateName":"Texas","county":"Harrison","countyFips":"203","wfo":"","scale":2,"scaleLabel":"F2","lengthMiles":0.2,"widthYards":37,"deaths":0,"injuries":0,"propertyDamage":0,"cropDamage":0,"source":"","dataSource":"PUB"}},{"type":"Feature","geometry":{"type":"LineString","coordinates":[[-96.5,29.78],[-96.48,29.8]]},"properties":{"id":"ncei-1967-10133261","eventId":"10133261","episodeId":"","year":1967,"month":5,"date":"1967-05-14","beginTime":"1967-05-14T17:00:00","endTime":"1967-05-14T17:00:00","timezone":"CST","state":"TX","stateName":"Texas","county":"Colorado","countyFips":"89","wfo":"","scale":0,"scaleLabel":"F0","lengthMiles":2.3,"widthYards":33,"deaths":0,"injuries":0,"propertyDamage":0,"cropDamage":0,"source":"","dataSource":"PUB"}},{"type":"Feature","geometry":{"type":"LineString","coordinates":[[-96.5,29.78],[-96.48,29.8]]},"properties":{"id":"ncei-1967-10133262","eventId":"10133262","episodeId":"","year":1967,"month":5,"date":"1967-05-14","beginTime":"1967-05-14T17:00:00","endTime":"1967-05-14T17:00:00","timezone":"CST","state":"TX","stateName":"Texas","county":"Colorado","countyFips":"89","wfo":"","scale":0,"scaleLabel":"F0","lengthMiles":2.3,"widthYards":33,"deaths":0,"injuries":0,"propertyDamage":0,"cropDamage":0,"source":"","dataSource":"PUB"}},{"type":"Feature","geometry":{"type":"LineString","coordinates":[[-98.12,33.75],[-98.12,33.75]]},"properties":{"id":"ncei-1967-10133263","eventId":"10133263","episodeId":"","year":1967,"month":5,"date":"1967-05-20","beginTime":"1967-05-20T11:40:00","endTime":"1967-05-20T11:40:00","timezone":"CST","state":"TX","stateName":"Texas","county":"Clay","countyFips":"77","wfo":"","scale":0,"scaleLabel":"F0","lengthMiles":0.5,"widthYards":33,"deaths":0,"injuries":0,"propertyDamage":0,"cropDamage":0,"source":"","dataSource":"PUB"}},{"type":"Feature","geometry":{"type":"LineString","coordinates":[[-100.85,33.17],[-100.85,33.17]]},"properties":{"id":"ncei-1967-10133272","eventId":"10133272","episodeId":"","year":1967,"month":5,"date":"1967-05-26","beginTime":"1967-05-26T20:45:00","endTime":"1967-05-26T20:45:00","timezone":"CST","state":"TX","stateName":"Texas","county":"Kent","countyFips":"263","wfo":"","scale":0,"scaleLabel":"F0","lengthMiles":0,"widthYards":33,"deaths":0,"injuries":0,"propertyDamage":2500,"cropDamage":0,"source":"","dataSource":"PUB"}},{"type":"Feature","geometry":{"type":"LineString","coordinates":[[-94.42,33.45],[-94.42,33.45]]},"properties":{"id":"ncei-1967-10133491","eventId":"10133491","episodeId":"","year":1967,"month":5,"date":"1967-05-29","beginTime":"1967-05-29T14:35:00","endTime":"1967-05-29T14:35:00","timezone":"CST","state":"TX","stateName":"Texas","county":"Bowie","countyFips":"37","wfo":"","scale":0,"scaleLabel":"F0","lengthMiles":1,"widthYards":17,"deaths":0,"injuries":0,"propertyDamage":0,"cropDamage":0,"source":"","dataSource":"PUB"}},{"type":"Feature","geometry":{"type":"LineString","coordinates":[[-100.07,32.6],[-100.07,32.6]]},"properties":{"id":"ncei-1967-10133494","eventId":"10133494","episodeId":"","year":1967,"month":5,"date":"1967-05-29","beginTime":"1967-05-29T18:38:00","endTime":"1967-05-29T18:38:00","timezone":"CST","state":"TX","stateName":"Texas","county":"Jones","countyFips":"253","wfo":"","scale":0,"scaleLabel":"F0","lengthMiles":0.5,"widthYards":13,"deaths":0,"injuries":0,"propertyDamage":0,"cropDamage":0,"source":"","dataSource":"PUB"}},{"type":"Feature","geometry":{"type":"LineString","coordinates":[[-98.18,28.4],[-98.18,28.4]]},"properties":{"id":"ncei-1967-10133498","eventId":"10133498","episodeId":"","year":1967,"month":5,"date":"1967-05-29","beginTime":"1967-05-29T20:00:00","endTime":"1967-05-29T20:00:00","timezone":"CST","state":"TX","stateName":"Texas","county":"Live Oak","countyFips":"297","wfo":"","scale":3,"scaleLabel":"F3","lengthMiles":1,"widthYards":33,"deaths":0,"injuries":0,"propertyDamage":2500,"cropDamage":0,"source":"","dataSource":"PUB"}},{"type":"Feature","geometry":{"type":"LineString","coordinates":[[-97.17,33.03],[-97.17,33.03]]},"properties":{"id":"ncei-1967-10133508","eventId":"10133508","episodeId":"","year":1967,"month":5,"date":"1967-05-30","beginTime":"1967-05-30T17:50:00","endTime":"1967-05-30T17:50:00","timezone":"CST","state":"TX","stateName":"Texas","county":"Denton","countyFips":"121","wfo":"","scale":0,"scaleLabel":"F0","lengthMiles":0.6,"widthYards":20,"deaths":0,"injuries":0,"propertyDamage":0,"cropDamage":0,"source":"","dataSource":"PUB"}},{"type":"Feature","geometry":{"type":"LineString","coordinates":[[-94.17,36.33],[-94.12,36.33]]},"properties":{"id":"ncei-1967-10133509","eventId":"10133509","episodeId":"","year":1967,"month":5,"date":"1967-05-30","beginTime":"1967-05-30T18:00:00","endTime":"1967-05-30T18:00:00","timezone":"CST","state":"TX","stateName":"Texas","county":"Hardin","countyFips":"199","wfo":"","scale":2,"scaleLabel":"F2","lengthMiles":3,"widthYards":33,"deaths":0,"injuries":0,"propertyDamage":25000,"cropDamage":0,"source":"","dataSource":"PUB"}},{"type":"Feature","geometry":{"type":"LineString","coordinates":[[-98.73,34.12],[-98.62,34.23]]},"properties":{"id":"ncei-1967-10133510","eventId":"10133510","episodeId":"","year":1967,"month":5,"date":"1967-05-30","beginTime":"1967-05-30T18:50:00","endTime":"1967-05-30T18:50:00","timezone":"CST","state":"TX","stateName":"Texas","county":"Wichita","countyFips":"485","wfo":"","scale":1,"scaleLabel":"F1","lengthMiles":10.4,"widthYards":33,"deaths":0,"injuries":0,"propertyDamage":2500,"cropDamage":0,"source":"","dataSource":"PUB"}},{"type":"Feature","geometry":{"type":"LineString","coordinates":[[-102.3,35.5],[-102.3,35.5]]},"properties":{"id":"ncei-1967-10133511","eventId":"10133511","episodeId":"","year":1967,"month":5,"date":"1967-05-30","beginTime":"1967-05-30T19:00:00","endTime":"1967-05-30T19:00:00","timezone":"CST","state":"TX","stateName":"Texas","county":"Oldham","countyFips":"359","wfo":"","scale":0,"scaleLabel":"F0","lengthMiles":1,"widthYards":17,"deaths":0,"injuries":0,"propertyDamage":0,"cropDamage":0,"source":"","dataSource":"PUB"}},{"type":"Feature","geometry":{"type":"LineString","coordinates":[[-98.73,34.12],[-98.72,34.13]]},"properties":{"id":"ncei-1967-10133512","eventId":"10133512","episodeId":"","year":1967,"month":5,"date":"1967-05-30","beginTime":"1967-05-30T19:00:00","endTime":"1967-05-30T19:00:00","timezone":"CST","state":"TX","stateName":"Texas","county":"Wichita","countyFips":"485","wfo":"","scale":2,"scaleLabel":"F2","lengthMiles":1.9,"widthYards":33,"deaths":0,"injuries":0,"propertyDamage":25000,"cropDamage":0,"source":"","dataSource":"PUB"}},{"type":"Feature","geometry":{"type":"LineString","coordinates":[[-98.32,32.45],[-98.32,32.45]]},"properties":{"id":"ncei-1967-10133515","eventId":"10133515","episodeId":"","year":1967,"month":5,"date":"1967-05-30","beginTime":"1967-05-30T20:20:00","endTime":"1967-05-30T20:20:00","timezone":"CST","state":"TX","stateName":"Texas","county":"Erath","countyFips":"143","wfo":"","scale":0,"scaleLabel":"F0","lengthMiles":0.5,"widthYards":17,"deaths":0,"injuries":0,"propertyDamage":0,"cropDamage":0,"source":"","dataSource":"PUB"}},{"type":"Feature","geometry":{"type":"LineString","coordinates":[[-98.68,32.43],[-98.68,32.43]]},"properties":{"id":"ncei-1967-10133516","eventId":"10133516","episodeId":"","year":1967,"month":5,"date":"1967-05-30","beginTime":"1967-05-30T21:00:00","endTime":"1967-05-30T21:00:00","timezone":"CST","state":"TX","stateName":"Texas","county":"Eastland","countyFips":"133","wfo":"","scale":0,"scaleLabel":"F0","lengthMiles":0.5,"widthYards":33,"deaths":0,"injuries":0,"propertyDamage":0,"cropDamage":0,"source":"","dataSource":"PUB"}},{"type":"Feature","geometry":{"type":"LineString","coordinates":[[-98.68,32.43],[-98.68,32.43]]},"properties":{"id":"ncei-1967-10133517","eventId":"10133517","episodeId":"","year":1967,"month":5,"date":"1967-05-30","beginTime":"1967-05-30T21:00:00","endTime":"1967-05-30T21:00:00","timezone":"CST","state":"TX","stateName":"Texas","county":"Eastland","countyFips":"133","wfo":"","scale":0,"scaleLabel":"F0","lengthMiles":0.5,"widthYards":33,"deaths":0,"injuries":0,"propertyDamage":0,"cropDamage":0,"source":"","dataSource":"PUB"}},{"type":"Feature","geometry":{"type":"LineString","coordinates":[[-97.38,33.37],[-97.38,33.37]]},"properties":{"id":"ncei-1967-10133519","eventId":"10133519","episodeId":"","year":1967,"month":5,"date":"1967-05-30","beginTime":"1967-05-30T23:00:00","endTime":"1967-05-30T23:00:00","timezone":"CST","state":"TX","stateName":"Texas","county":"Wise","countyFips":"497","wfo":"","scale":1,"scaleLabel":"F1","lengthMiles":0.5,"widthYards":33,"deaths":0,"injuries":0,"propertyDamage":0,"cropDamage":0,"source":"","dataSource":"PUB"}},{"type":"Feature","geometry":{"type":"LineString","coordinates":[[-101.85,33.6],[-101.85,33.6]]},"properties":{"id":"ncei-1967-10133520","eventId":"10133520","episodeId":"","year":1967,"month":6,"date":"1967-06-01","beginTime":"1967-06-01T06:30:00","endTime":"1967-06-01T06:30:00","timezone":"CST","state":"TX","stateName":"Texas","county":"Lubbock","countyFips":"303","wfo":"","scale":2,"scaleLabel":"F2","lengthMiles":2,"widthYards":67,"deaths":0,"injuries":1,"propertyDamage":0,"cropDamage":0,"source":"","dataSource":"PUB"}},{"type":"Feature","geometry":{"type":"LineString","coordinates":[[-102.4,34.93],[-102.32,34.93]]},"properties":{"id":"ncei-1967-10133521","eventId":"10133521","episodeId":"","year":1967,"month":6,"date":"1967-06-01","beginTime":"1967-06-01T15:00:00","endTime":"1967-06-01T15:00:00","timezone":"CST","state":"TX","stateName":"Texas","county":"Deaf Smith","countyFips":"117","wfo":"","scale":2,"scaleLabel":"F2","lengthMiles":4.7,"widthYards":33,"deaths":0,"injuries":0,"propertyDamage":0,"cropDamage":0,"source":"","dataSource":"PUB"}},{"type":"Feature","geometry":{"type":"LineString","coordinates":[[-101.98,34.1],[-101.98,34.1]]},"properties":{"id":"ncei-1967-10133526","eventId":"10133526","episodeId":"","year":1967,"month":6,"date":"1967-06-01","beginTime":"1967-06-01T18:00:00","endTime":"1967-06-01T18:00:00","timezone":"CST","state":"TX","stateName":"Texas","county":"Hale","countyFips":"189","wfo":"","scale":0,"scaleLabel":"F0","lengthMiles":0.5,"widthYards":17,"deaths":0,"injuries":0,"propertyDamage":0,"cropDamage":0,"source":"","dataSource":"PUB"}},{"type":"Feature","geometry":{"type":"LineString","coordinates":[[-101.98,34.1],[-101.98,34.1]]},"properties":{"id":"ncei-1967-10133527","eventId":"10133527","episodeId":"","year":1967,"month":6,"date":"1967-06-01","beginTime":"1967-06-01T18:00:00","endTime":"1967-06-01T18:00:00","timezone":"CST","state":"TX","stateName":"Texas","county":"Hale","countyFips":"189","wfo":"","scale":0,"scaleLabel":"F0","lengthMiles":0.5,"widthYards":17,"deaths":0,"injuries":0,"propertyDamage":0,"cropDamage":0,"source":"","dataSource":"PUB"}},{"type":"Feature","geometry":{"type":"LineString","coordinates":[[-101.85,33.75],[-101.85,33.75]]},"properties":{"id":"ncei-1967-10133536","eventId":"10133536","episodeId":"","year":1967,"month":6,"date":"1967-06-01","beginTime":"1967-06-01T20:30:00","endTime":"1967-06-01T20:30:00","timezone":"CST","state":"TX","stateName":"Texas","county":"Lubbock","countyFips":"303","wfo":"","scale":2,"scaleLabel":"F2","lengthMiles":0.1,"widthYards":67,"deaths":0,"injuries":0,"propertyDamage":2500,"cropDamage":0,"source":"","dataSource":"PUB"}},{"type":"Feature","geometry":{"type":"LineString","coordinates":[[-102.08,34.17],[-102.08,34.17]]},"properties":{"id":"ncei-1967-10133540","eventId":"10133540","episodeId":"","year":1967,"month":6,"date":"1967-06-04","beginTime":"1967-06-04T19:10:00","endTime":"1967-06-04T19:10:00","timezone":"CST","state":"TX","stateName":"Texas","county":"Hale","countyFips":"189","wfo":"","scale":0,"scaleLabel":"F0","lengthMiles":0.5,"widthYards":17,"deaths":0,"injuries":0,"propertyDamage":0,"cropDamage":0,"source":"","dataSource":"PUB"}},{"type":"Feature","geometry":{"type":"LineString","coordinates":[[-101.7,34.18],[-101.7,34.18]]},"properties":{"id":"ncei-1967-10133543","eventId":"10133543","episodeId":"","year":1967,"month":6,"date":"1967-06-04","beginTime":"1967-06-04T21:05:00","endTime":"1967-06-04T21:05:00","timezone":"CST","state":"TX","stateName":"Texas","county":"Hale","countyFips":"189","wfo":"","scale":0,"scaleLabel":"F0","lengthMiles":1,"widthYards":33,"deaths":0,"injuries":0,"propertyDamage":0,"cropDamage":0,"source":"","dataSource":"PUB"}},{"type":"Feature","geometry":{"type":"LineString","coordinates":[[-101.7,34.18],[-101.7,34.18]]},"properties":{"id":"ncei-1967-10133544","eventId":"10133544","episodeId":"","year":1967,"month":6,"date":"1967-06-04","beginTime":"1967-06-04T21:05:00","endTime":"1967-06-04T21:05:00","timezone":"CST","state":"TX","stateName":"Texas","county":"Hale","countyFips":"189","wfo":"","scale":0,"scaleLabel":"F0","lengthMiles":1,"widthYards":33,"deaths":0,"injuries":0,"propertyDamage":0,"cropDamage":0,"source":"","dataSource":"PUB"}},{"type":"Feature","geometry":{"type":"LineString","coordinates":[[-101.7,34.18],[-101.7,34.18]]},"properties":{"id":"ncei-1967-10133545","eventId":"10133545","episodeId":"","year":1967,"month":6,"date":"1967-06-04","beginTime":"1967-06-04T21:05:00","endTime":"1967-06-04T21:05:00","timezone":"CST","state":"TX","stateName":"Texas","county":"Hale","countyFips":"189","wfo":"","scale":1,"scaleLabel":"F1","lengthMiles":1,"widthYards":33,"deaths":0,"injuries":0,"propertyDamage":0,"cropDamage":0,"source":"","dataSource":"PUB"}},{"type":"Feature","geometry":{"type":"LineString","coordinates":[[-102.23,33.17],[-102.23,33.17]]},"properties":{"id":"ncei-1967-10134406","eventId":"10134406","episodeId":"","year":1967,"month":6,"date":"1967-06-04","beginTime":"1967-06-04T21:50:00","endTime":"1967-06-04T21:50:00","timezone":"CST","state":"TX","stateName":"Texas","county":"Terry","countyFips":"445","wfo":"","scale":0,"scaleLabel":"F0","lengthMiles":1.5,"widthYards":33,"deaths":0,"injuries":0,"propertyDamage":0,"cropDamage":0,"source":"","dataSource":"PUB"}},{"type":"Feature","geometry":{"type":"LineString","coordinates":[[-100.03,36.1],[-100.03,36.1]]},"properties":{"id":"ncei-1967-10134408","eventId":"10134408","episodeId":"","year":1967,"month":6,"date":"1967-06-09","beginTime":"1967-06-09T17:00:00","endTime":"1967-06-09T17:00:00","timezone":"CST","state":"TX","stateName":"Texas","county":"Lipscomb","countyFips":"295","wfo":"","scale":1,"scaleLabel":"F1","lengthMiles":2,"widthYards":37,"deaths":0,"injuries":0,"propertyDamage":2500,"cropDamage":0,"source":"","dataSource":"PUB"}},{"type":"Feature","geometry":{"type":"LineString","coordinates":[[-97.3,31.67],[-97.3,31.67]]},"properties":{"id":"ncei-1967-10134410","eventId":"10134410","episodeId":"","year":1967,"month":6,"date":"1967-06-11","beginTime":"1967-06-11T17:00:00","endTime":"1967-06-11T17:00:00","timezone":"CST","state":"TX","stateName":"Texas","county":"Mclennan","countyFips":"309","wfo":"","scale":2,"scaleLabel":"F2","lengthMiles":1,"widthYards":100,"deaths":0,"injuries":0,"propertyDamage":25000,"cropDamage":0,"source":"","dataSource":"PUB"}},{"type":"Feature","geometry":{"type":"LineString","coordinates":[[-96.65,31.97],[-96.65,31.97]]},"properties":{"id":"ncei-1967-10134412","eventId":"10134412","episodeId":"","year":1967,"month":6,"date":"1967-06-11","beginTime":"1967-06-11T18:30:00","endTime":"1967-06-11T18:30:00","timezone":"CST","state":"TX","stateName":"Texas","county":"Navarro","countyFips":"349","wfo":"","scale":2,"scaleLabel":"F2","lengthMiles":0.1,"widthYards":50,"deaths":0,"injuries":0,"propertyDamage":2500,"cropDamage":0,"source":"","dataSource":"PUB"}},{"type":"Feature","geometry":{"type":"LineString","coordinates":[[-102.52,33.17],[-102.45,33.17]]},"properties":{"id":"ncei-1967-10134416","eventId":"10134416","episodeId":"","year":1967,"month":6,"date":"1967-06-13","beginTime":"1967-06-13T17:00:00","endTime":"1967-06-13T17:00:00","timezone":"CST","state":"TX","stateName":"Texas","county":"Terry","countyFips":"445","wfo":"","scale":1,"scaleLabel":"F1","lengthMiles":4.3,"widthYards":1760,"deaths":0,"injuries":0,"propertyDamage":0,"cropDamage":0,"source":"","dataSource":"PUB"}},{"type":"Feature","geometry":{"type":"LineString","coordinates":[[-101.82,36.03],[-101.3,36.5]]},"properties":{"id":"ncei-1967-10134635","eventId":"10134635","episodeId":"","year":1967,"month":6,"date":"1967-06-15","beginTime":"1967-06-15T08:15:00","endTime":"1967-06-15T08:15:00","timezone":"CST","state":"TX","stateName":"Texas","county":"Moore","countyFips":"341","wfo":"","scale":1,"scaleLabel":"F1","lengthMiles":43.2,"widthYards":33,"deaths":0,"injuries":0,"propertyDamage":0,"cropDamage":0,"source":"","dataSource":"PUB"}},{"type":"Feature","geometry":{"type":"LineString","coordinates":[[-101.78,35.12],[-101.78,35.12]]},"properties":{"id":"ncei-1967-10134639","eventId":"10134639","episodeId":"","year":1967,"month":6,"date":"1967-06-15","beginTime":"1967-06-15T20:00:00","endTime":"1967-06-15T20:00:00","timezone":"CST","state":"TX","stateName":"Texas","county":"Randall","countyFips":"381","wfo":"","scale":2,"scaleLabel":"F2","lengthMiles":0.1,"widthYards":33,"deaths":0,"injuries":0,"propertyDamage":2500,"cropDamage":0,"source":"","dataSource":"PUB"}},{"type":"Feature","geometry":{"type":"LineString","coordinates":[[-101.85,34.73],[-101.85,34.73]]},"properties":{"id":"ncei-1967-10134642","eventId":"10134642","episodeId":"","year":1967,"month":6,"date":"1967-06-15","beginTime":"1967-06-15T22:00:00","endTime":"1967-06-15T22:00:00","timezone":"CST","state":"TX","stateName":"Texas","county":"Swisher","countyFips":"437","wfo":"","scale":0,"scaleLabel":"F0","lengthMiles":0.1,"widthYards":33,"deaths":0,"injuries":0,"propertyDamage":0,"cropDamage":0,"source":"","dataSource":"PUB"}},{"type":"Feature","geometry":{"type":"LineString","coordinates":[[-102.02,35.87],[-102.02,35.87]]},"properties":{"id":"ncei-1967-10134644","eventId":"10134644","episodeId":"","year":1967,"month":6,"date":"1967-06-23","beginTime":"1967-06-23T17:00:00","endTime":"1967-06-23T17:00:00","timezone":"CST","state":"TX","stateName":"Texas","county":"Moore","countyFips":"341","wfo":"","scale":0,"scaleLabel":"F0","lengthMiles":0.1,"widthYards":33,"deaths":0,"injuries":0,"propertyDamage":0,"cropDamage":0,"source":"","dataSource":"PUB"}},{"type":"Feature","geometry":{"type":"LineString","coordinates":[[-101.28,36.18],[-101.28,36.18]]},"properties":{"id":"ncei-1967-10134647","eventId":"10134647","episodeId":"","year":1967,"month":6,"date":"1967-06-28","beginTime":"1967-06-28T16:00:00","endTime":"1967-06-28T16:00:00","timezone":"CST","state":"TX","stateName":"Texas","county":"Hansford","countyFips":"195","wfo":"","scale":1,"scaleLabel":"F1","lengthMiles":1,"widthYards":100,"deaths":0,"injuries":0,"propertyDamage":2500,"cropDamage":0,"source":"","dataSource":"PUB"}},{"type":"Feature","geometry":{"type":"LineString","coordinates":[[-102.42,35.25],[-102.42,35.25]]},"properties":{"id":"ncei-1967-10134648","eventId":"10134648","episodeId":"","year":1967,"month":6,"date":"1967-06-28","beginTime":"1967-06-28T18:45:00","endTime":"1967-06-28T18:45:00","timezone":"CST","state":"TX","stateName":"Texas","county":"Oldham","countyFips":"359","wfo":"","scale":0,"scaleLabel":"F0","lengthMiles":0,"widthYards":33,"deaths":0,"injuries":0,"propertyDamage":0,"cropDamage":0,"source":"","dataSource":"PUB"}},{"type":"Feature","geometry":{"type":"LineString","coordinates":[[-97.22,33.27],[-97.22,33.27]]},"properties":{"id":"ncei-1967-10134651","eventId":"10134651","episodeId":"","year":1967,"month":6,"date":"1967-06-29","beginTime":"1967-06-29T17:30:00","endTime":"1967-06-29T17:30:00","timezone":"CST","state":"TX","stateName":"Texas","county":"Denton","countyFips":"121","wfo":"","scale":2,"scaleLabel":"F2","lengthMiles":1,"widthYards":33,"deaths":0,"injuries":0,"propertyDamage":2500,"cropDamage":0,"source":"","dataSource":"PUB"}},{"type":"Feature","geometry":{"type":"LineString","coordinates":[[-102.03,35.08],[-102.03,35.08]]},"properties":{"id":"ncei-1967-10134653","eventId":"10134653","episodeId":"","year":1967,"month":6,"date":"1967-06-30","beginTime":"1967-06-30T17:30:00","endTime":"1967-06-30T17:30:00","timezone":"CST","state":"TX","stateName":"Texas","county":"Randall","countyFips":"381","wfo":"","scale":0,"scaleLabel":"F0","lengthMiles":0.1,"widthYards":33,"deaths":0,"injuries":0,"propertyDamage":0,"cropDamage":0,"source":"","dataSource":"PUB"}},{"type":"Feature","geometry":{"type":"LineString","coordinates":[[-102.05,34.73],[-102.05,34.73]]},"properties":{"id":"ncei-1967-10134656","eventId":"10134656","episodeId":"","year":1967,"month":7,"date":"1967-07-02","beginTime":"1967-07-02T22:00:00","endTime":"1967-07-02T22:00:00","timezone":"CST","state":"TX","stateName":"Texas","county":"Castro","countyFips":"69","wfo":"","scale":0,"scaleLabel":"F0","lengthMiles":0.2,"widthYards":33,"deaths":0,"injuries":0,"propertyDamage":0,"cropDamage":0,"source":"","dataSource":"PUB"}},{"type":"Feature","geometry":{"type":"LineString","coordinates":[[-102.05,34.73],[-102.05,34.73]]},"properties":{"id":"ncei-1967-10134657","eventId":"10134657","episodeId":"","year":1967,"month":7,"date":"1967-07-02","beginTime":"1967-07-02T22:20:00","endTime":"1967-07-02T22:20:00","timezone":"CST","state":"TX","stateName":"Texas","county":"Castro","countyFips":"69","wfo":"","scale":0,"scaleLabel":"F0","lengthMiles":0.1,"widthYards":33,"deaths":0,"injuries":0,"propertyDamage":0,"cropDamage":0,"source":"","dataSource":"PUB"}},{"type":"Feature","geometry":{"type":"LineString","coordinates":[[-102.28,33.9],[-102.28,33.9]]},"properties":{"id":"ncei-1967-10134658","eventId":"10134658","episodeId":"","year":1967,"month":7,"date":"1967-07-02","beginTime":"1967-07-02T22:20:00","endTime":"1967-07-02T22:20:00","timezone":"CST","state":"TX","stateName":"Texas","county":"Lamb","countyFips":"279","wfo":"","scale":0,"scaleLabel":"F0","lengthMiles":0.1,"widthYards":33,"deaths":0,"injuries":0,"propertyDamage":0,"cropDamage":0,"source":"","dataSource":"PUB"}},{"type":"Feature","geometry":{"type":"LineString","coordinates":[[-101.77,34.55],[-101.77,34.55]]},"properties":{"id":"ncei-1967-10134659","eventId":"10134659","episodeId":"","year":1967,"month":7,"date":"1967-07-02","beginTime":"1967-07-02T23:34:00","endTime":"1967-07-02T23:34:00","timezone":"CST","state":"TX","stateName":"Texas","county":"Swisher","countyFips":"437","wfo":"","scale":1,"scaleLabel":"F1","lengthMiles":0.3,"widthYards":100,"deaths":0,"injuries":0,"propertyDamage":0,"cropDamage":0,"source":"","dataSource":"PUB"}},{"type":"Feature","geometry":{"type":"LineString","coordinates":[[-95.3,32.18],[-95.3,32.18]]},"properties":{"id":"ncei-1967-10134661","eventId":"10134661","episodeId":"","year":1967,"month":7,"date":"1967-07-03","beginTime":"1967-07-03T16:00:00","endTime":"1967-07-03T16:00:00","timezone":"CST","state":"TX","stateName":"Texas","county":"Smith","countyFips":"423","wfo":"","scale":2,"scaleLabel":"F2","lengthMiles":0.1,"widthYards":100,"deaths":0,"injuries":0,"propertyDamage":0,"cropDamage":0,"source":"","dataSource":"PUB"}},{"type":"Feature","geometry":{"type":"LineString","coordinates":[[-100.75,36.42],[-100.75,36.42]]},"properties":{"id":"ncei-1967-10134663","eventId":"10134663","episodeId":"","year":1967,"month":7,"date":"1967-07-03","beginTime":"1967-07-03T19:30:00","endTime":"1967-07-03T19:30:00","timezone":"CST","state":"TX","stateName":"Texas","county":"Ochiltree","countyFips":"357","wfo":"","scale":2,"scaleLabel":"F2","lengthMiles":1,"widthYards":50,"deaths":0,"injuries":0,"propertyDamage":25000,"cropDamage":0,"source":"","dataSource":"PUB"}},{"type":"Feature","geometry":{"type":"LineString","coordinates":[[-100.45,35.53],[-100.45,35.5]]},"properties":{"id":"ncei-1967-10134665","eventId":"10134665","episodeId":"","year":1967,"month":7,"date":"1967-07-03","beginTime":"1967-07-03T21:30:00","endTime":"1967-07-03T21:30:00","timezone":"CST","state":"TX","stateName":"Texas","county":"Wheeler","countyFips":"483","wfo":"","scale":3,"scaleLabel":"F3","lengthMiles":2.3,"widthYards":33,"deaths":0,"injuries":0,"propertyDamage":0,"cropDamage":0,"source":"","dataSource":"PUB"}},{"type":"Feature","geometry":{"type":"LineString","coordinates":[[-100.52,35.85],[-100.52,35.85]]},"properties":{"id":"ncei-1967-10134666","eventId":"10134666","episodeId":"","year":1967,"month":7,"date":"1967-07-03","beginTime":"1967-07-03T22:00:00","endTime":"1967-07-03T22:00:00","timezone":"CST","state":"TX","stateName":"Texas","county":"Hemphill","countyFips":"211","wfo":"","scale":2,"scaleLabel":"F2","lengthMiles":0.1,"widthYards":17,"deaths":0,"injuries":0,"propertyDamage":0,"cropDamage":0,"source":"","dataSource":"PUB"}},{"type":"Feature","geometry":{"type":"LineString","coordinates":[[-94.58,32.52],[-94.58,32.52]]},"properties":{"id":"ncei-1967-10134672","eventId":"10134672","episodeId":"","year":1967,"month":7,"date":"1967-07-06","beginTime":"1967-07-06T21:00:00","endTime":"1967-07-06T21:00:00","timezone":"CST","state":"TX","stateName":"Texas","county":"Harrison","countyFips":"203","wfo":"","scale":0,"scaleLabel":"F0","lengthMiles":0.2,"widthYards":33,"deaths":0,"injuries":0,"propertyDamage":0,"cropDamage":0,"source":"","dataSource":"PUB"}},{"type":"Feature","geometry":{"type":"LineString","coordinates":[[-94.1,30.1],[-94.1,30.1]]},"properties":{"id":"ncei-1967-10134673","eventId":"10134673","episodeId":"","year":1967,"month":7,"date":"1967-07-13","beginTime":"1967-07-13T14:52:00","endTime":"1967-07-13T14:52:00","timezone":"CST","state":"TX","stateName":"Texas","county":"Jefferson","countyFips":"245","wfo":"","scale":2,"scaleLabel":"F2","lengthMiles":0.1,"widthYards":33,"deaths":0,"injuries":0,"propertyDamage":25000,"cropDamage":0,"source":"","dataSource":"PUB"}},{"type":"Feature","geometry":{"type":"LineString","coordinates":[[-98.08,27.75],[-98.08,27.75]]},"properties":{"id":"ncei-1967-10134679","eventId":"10134679","episodeId":"","year":1967,"month":8,"date":"1967-08-11","beginTime":"1967-08-11T15:20:00","endTime":"1967-08-11T15:20:00","timezone":"CST","state":"TX","stateName":"Texas","county":"Jim Wells","countyFips":"249","wfo":"","scale":0,"scaleLabel":"F0","lengthMiles":0.1,"widthYards":17,"deaths":0,"injuries":0,"propertyDamage":0,"cropDamage":0,"source":"","dataSource":"PUB"}},{"type":"Feature","geometry":{"type":"LineString","coordinates":[[-98.12,27.75],[-98.12,27.75]]},"properties":{"id":"ncei-1967-10134680","eventId":"10134680","episodeId":"","year":1967,"month":8,"date":"1967-08-11","beginTime":"1967-08-11T16:00:00","endTime":"1967-08-11T16:00:00","timezone":"CST","state":"TX","stateName":"Texas","county":"Jim Wells","countyFips":"249","wfo":"","scale":1,"scaleLabel":"F1","lengthMiles":0.3,"widthYards":33,"deaths":0,"injuries":0,"propertyDamage":2500,"cropDamage":0,"source":"","dataSource":"PUB"}},{"type":"Feature","geometry":{"type":"LineString","coordinates":[[-94.92,29.42],[-94.92,29.42]]},"properties":{"id":"ncei-1967-10134682","eventId":"10134682","episodeId":"","year":1967,"month":8,"date":"1967-08-18","beginTime":"1967-08-18T10:08:00","endTime":"1967-08-18T10:08:00","timezone":"CST","state":"TX","stateName":"Texas","county":"Galveston","countyFips":"167","wfo":"","scale":3,"scaleLabel":"F3","lengthMiles":0.5,"widthYards":50,"deaths":0,"injuries":0,"propertyDamage":0,"cropDamage":0,"source":"","dataSource":"PUB"}},{"type":"Feature","geometry":{"type":"LineString","coordinates":[[-97.58,26.13],[-97.5,26.15]]},"properties":{"id":"ncei-1967-10134683","eventId":"10134683","episodeId":"","year":1967,"month":8,"date":"1967-08-20","beginTime":"1967-08-20T17:00:00","endTime":"1967-08-20T17:00:00","timezone":"CST","state":"TX","stateName":"Texas","county":"Cameron","countyFips":"61","wfo":"","scale":1,"scaleLabel":"F1","lengthMiles":5.4,"widthYards":1760,"deaths":0,"injuries":0,"propertyDamage":0,"cropDamage":0,"source":"","dataSource":"PUB"}},{"type":"Feature","geometry":{"type":"LineString","coordinates":[[-97.58,26.08],[-97.58,26.08]]},"properties":{"id":"ncei-1967-10134684","eventId":"10134684","episodeId":"","year":1967,"month":8,"date":"1967-08-20","beginTime":"1967-08-20T17:00:00","endTime":"1967-08-20T17:00:00","timezone":"CST","state":"TX","stateName":"Texas","county":"Cameron","countyFips":"61","wfo":"","scale":1,"scaleLabel":"F1","lengthMiles":1,"widthYards":100,"deaths":0,"injuries":0,"propertyDamage":0,"cropDamage":0,"source":"","dataSource":"PUB"}},{"type":"Feature","geometry":{"type":"LineString","coordinates":[[-102.02,34.62],[-102.02,34.62]]},"properties":{"id":"ncei-1967-10134689","eventId":"10134689","episodeId":"","year":1967,"month":9,"date":"1967-09-03","beginTime":"1967-09-03T22:00:00","endTime":"1967-09-03T22:00:00","timezone":"CST","state":"TX","stateName":"Texas","county":"Castro","countyFips":"69","wfo":"","scale":0,"scaleLabel":"F0","lengthMiles":0.1,"widthYards":33,"deaths":0,"injuries":0,"propertyDamage":0,"cropDamage":0,"source":"","dataSource":"PUB"}},{"type":"Feature","geometry":{"type":"LineString","coordinates":[[-97.55,30.72],[-97.55,30.72]]},"properties":{"id":"ncei-1967-10134692","eventId":"10134692","episodeId":"","year":1967,"month":9,"date":"1967-09-04","beginTime":"1967-09-04T19:35:00","endTime":"1967-09-04T19:35:00","timezone":"CST","state":"TX","stateName":"Texas","county":"Williamson","countyFips":"491","wfo":"","scale":0,"scaleLabel":"F0","lengthMiles":0.1,"widthYards":33,"deaths":0,"injuries":0,"propertyDamage":0,"cropDamage":0,"source":"","dataSource":"PUB"}},{"type":"Feature","geometry":{"type":"LineString","coordinates":[[-97.82,28.82],[-97.82,28.82]]},"properties":{"id":"ncei-1967-10135552","eventId":"10135552","episodeId":"","year":1967,"month":9,"date":"1967-09-18","beginTime":"1967-09-18T05:30:00","endTime":"1967-09-18T05:30:00","timezone":"CST","state":"TX","stateName":"Texas","county":"Karnes","countyFips":"255","wfo":"","scale":-1,"scaleLabel":"Unknown","lengthMiles":0,"widthYards":33,"deaths":0,"injuries":0,"propertyDamage":0,"cropDamage":0,"source":"","dataSource":"PUB"}},{"type":"Feature","geometry":{"type":"LineString","coordinates":[[-98.15,26.3],[-98.15,26.3]]},"properties":{"id":"ncei-1967-10135553","eventId":"10135553","episodeId":"","year":1967,"month":9,"date":"1967-09-19","beginTime":"1967-09-19T02:00:00","endTime":"1967-09-19T02:00:00","timezone":"CST","state":"TX","stateName":"Texas","county":"Hidalgo","countyFips":"215","wfo":"","scale":-1,"scaleLabel":"Unknown","lengthMiles":0,"widthYards":33,"deaths":0,"injuries":0,"propertyDamage":0,"cropDamage":0,"source":"","dataSource":"PUB"}},{"type":"Feature","geometry":{"type":"LineString","coordinates":[[-96.38,29.43],[-96.38,29.43]]},"properties":{"id":"ncei-1967-10135554","eventId":"10135554","episodeId":"","year":1967,"month":9,"date":"1967-09-19","beginTime":"1967-09-19T05:00:00","endTime":"1967-09-19T05:00:00","timezone":"CST","state":"TX","stateName":"Texas","county":"Colorado","countyFips":"89","wfo":"","scale":-1,"scaleLabel":"Unknown","lengthMiles":0,"widthYards":33,"deaths":0,"injuries":0,"propertyDamage":0,"cropDamage":0,"source":"","dataSource":"PUB"}},{"type":"Feature","geometry":{"type":"LineString","coordinates":[[-96.38,29.43],[-96.38,29.43]]},"properties":{"id":"ncei-1967-10135555","eventId":"10135555","episodeId":"","year":1967,"month":9,"date":"1967-09-19","beginTime":"1967-09-19T05:00:00","endTime":"1967-09-19T05:00:00","timezone":"CST","state":"TX","stateName":"Texas","county":"Colorado","countyFips":"89","wfo":"","scale":-1,"scaleLabel":"Unknown","lengthMiles":0,"widthYards":33,"deaths":0,"injuries":0,"propertyDamage":0,"cropDamage":0,"source":"","dataSource":"PUB"}},{"type":"Feature","geometry":{"type":"LineString","coordinates":[[-94.68,30.03],[-94.68,30.03]]},"properties":{"id":"ncei-1967-10135556","eventId":"10135556","episodeId":"","year":1967,"month":9,"date":"1967-09-19","beginTime":"1967-09-19T20:00:00","endTime":"1967-09-19T20:00:00","timezone":"CST","state":"TX","stateName":"Texas","county":"Liberty","countyFips":"291","wfo":"","scale":-1,"scaleLabel":"Unknown","lengthMiles":0,"widthYards":33,"deaths":0,"injuries":0,"propertyDamage":25000,"cropDamage":0,"source":"","dataSource":"PUB"}},{"type":"Feature","geometry":{"type":"LineString","coordinates":[[-94.68,30.05],[-94.68,30.05]]},"properties":{"id":"ncei-1967-10135557","eventId":"10135557","episodeId":"","year":1967,"month":9,"date":"1967-09-19","beginTime":"1967-09-19T20:00:00","endTime":"1967-09-19T20:00:00","timezone":"CST","state":"TX","stateName":"Texas","county":"Liberty","countyFips":"291","wfo":"","scale":-1,"scaleLabel":"Unknown","lengthMiles":0,"widthYards":33,"deaths":0,"injuries":0,"propertyDamage":0,"cropDamage":0,"source":"","dataSource":"PUB"}},{"type":"Feature","geometry":{"type":"LineString","coordinates":[[-96.08,29.4],[-96.08,29.4]]},"properties":{"id":"ncei-1967-10135558","eventId":"10135558","episodeId":"","year":1967,"month":9,"date":"1967-09-19","beginTime":"1967-09-19T20:00:00","endTime":"1967-09-19T20:00:00","timezone":"CST","state":"TX","stateName":"Texas","county":"Wharton","countyFips":"481","wfo":"","scale":0,"scaleLabel":"F0","lengthMiles":0.1,"widthYards":33,"deaths":0,"injuries":0,"propertyDamage":2500,"cropDamage":0,"source":"","dataSource":"PUB"}},{"type":"Feature","geometry":{"type":"LineString","coordinates":[[-96.97,28.82],[-96.97,28.82]]},"properties":{"id":"ncei-1967-10135559","eventId":"10135559","episodeId":"","year":1967,"month":9,"date":"1967-09-20","beginTime":"1967-09-20T03:00:00","endTime":"1967-09-20T03:00:00","timezone":"CST","state":"TX","stateName":"Texas","county":"Victoria","countyFips":"469","wfo":"","scale":-1,"scaleLabel":"Unknown","lengthMiles":0,"widthYards":33,"deaths":0,"injuries":1,"propertyDamage":25000,"cropDamage":0,"source":"","dataSource":"PUB"}},{"type":"Feature","geometry":{"type":"LineString","coordinates":[[-96.75,28.42],[-96.52,28.5]]},"properties":{"id":"ncei-1967-10135560","eventId":"10135560","episodeId":"","year":1967,"month":9,"date":"1967-09-20","beginTime":"1967-09-20T03:10:00","endTime":"1967-09-20T03:10:00","timezone":"CST","state":"TX","stateName":"Texas","county":"Calhoun","countyFips":"57","wfo":"","scale":2,"scaleLabel":"F2","lengthMiles":15.4,"widthYards":33,"deaths":0,"injuries":1,"propertyDamage":2500,"cropDamage":0,"source":"","dataSource":"PUB"}},{"type":"Feature","geometry":{"type":"LineString","coordinates":[[-97.42,28.67],[-97.42,28.67]]},"properties":{"id":"ncei-1967-10135561","eventId":"10135561","episodeId":"","year":1967,"month":9,"date":"1967-09-20","beginTime":"1967-09-20T04:00:00","endTime":"1967-09-20T04:00:00","timezone":"CST","state":"TX","stateName":"Texas","county":"Goliad","countyFips":"175","wfo":"","scale":-1,"scaleLabel":"Unknown","lengthMiles":0,"widthYards":33,"deaths":0,"injuries":0,"propertyDamage":0,"cropDamage":0,"source":"","dataSource":"PUB"}},{"type":"Feature","geometry":{"type":"LineString","coordinates":[[-97.42,28.67],[-97.42,28.67]]},"properties":{"id":"ncei-1967-10135562","eventId":"10135562","episodeId":"","year":1967,"month":9,"date":"1967-09-20","beginTime":"1967-09-20T04:00:00","endTime":"1967-09-20T04:00:00","timezone":"CST","state":"TX","stateName":"Texas","county":"Goliad","countyFips":"175","wfo":"","scale":-1,"scaleLabel":"Unknown","lengthMiles":0,"widthYards":33,"deaths":0,"injuries":0,"propertyDamage":0,"cropDamage":0,"source":"","dataSource":"PUB"}},{"type":"Feature","geometry":{"type":"LineString","coordinates":[[-97.42,28.67],[-97.42,28.67]]},"properties":{"id":"ncei-1967-10135563","eventId":"10135563","episodeId":"","year":1967,"month":9,"date":"1967-09-20","beginTime":"1967-09-20T04:00:00","endTime":"1967-09-20T04:00:00","timezone":"CST","state":"TX","stateName":"Texas","county":"Goliad","countyFips":"175","wfo":"","scale":-1,"scaleLabel":"Unknown","lengthMiles":0,"widthYards":33,"deaths":0,"injuries":0,"propertyDamage":0,"cropDamage":0,"source":"","dataSource":"PUB"}},{"type":"Feature","geometry":{"type":"LineString","coordinates":[[-97.42,28.67],[-97.42,28.67]]},"properties":{"id":"ncei-1967-10135564","eventId":"10135564","episodeId":"","year":1967,"month":9,"date":"1967-09-20","beginTime":"1967-09-20T04:00:00","endTime":"1967-09-20T04:00:00","timezone":"CST","state":"TX","stateName":"Texas","county":"Goliad","countyFips":"175","wfo":"","scale":-1,"scaleLabel":"Unknown","lengthMiles":0,"widthYards":33,"deaths":0,"injuries":0,"propertyDamage":0,"cropDamage":0,"source":"","dataSource":"PUB"}},{"type":"Feature","geometry":{"type":"LineString","coordinates":[[-103,30.78],[-103,30.78]]},"properties":{"id":"ncei-1967-10135716","eventId":"10135716","episodeId":"","year":1967,"month":2,"date":"1967-02-09","beginTime":"1967-02-09T14:00:00","endTime":"1967-02-09T14:00:00","timezone":"CST","state":"TX","stateName":"Texas","county":"Pecos","countyFips":"371","wfo":"","scale":0,"scaleLabel":"F0","lengthMiles":0.1,"widthYards":17,"deaths":0,"injuries":0,"propertyDamage":0,"cropDamage":0,"source":"","dataSource":"PUB"}},{"type":"Feature","geometry":{"type":"LineString","coordinates":[[-94.43,30.82],[-94.43,30.82]]},"properties":{"id":"ncei-1967-10135717","eventId":"10135717","episodeId":"","year":1967,"month":2,"date":"1967-02-20","beginTime":"1967-02-20T03:15:00","endTime":"1967-02-20T03:15:00","timezone":"CST","state":"TX","stateName":"Texas","county":"Tyler","countyFips":"457","wfo":"","scale":2,"scaleLabel":"F2","lengthMiles":0.5,"widthYards":100,"deaths":0,"injuries":0,"propertyDamage":250000,"cropDamage":0,"source":"","dataSource":"PUB"}},{"type":"Feature","geometry":{"type":"LineString","coordinates":[[-102.98,34.83],[-102.98,34.83]]},"properties":{"id":"ncei-1967-10135719","eventId":"10135719","episodeId":"","year":1967,"month":3,"date":"1967-03-19","beginTime":"1967-03-19T18:00:00","endTime":"1967-03-19T18:00:00","timezone":"CST","state":"TX","stateName":"Texas","county":"Deaf Smith","countyFips":"117","wfo":"","scale":0,"scaleLabel":"F0","lengthMiles":0.5,"widthYards":10,"deaths":0,"injuries":0,"propertyDamage":0,"cropDamage":0,"source":"","dataSource":"PUB"}},{"type":"Feature","geometry":{"type":"LineString","coordinates":[[-102.98,34.83],[-102.98,34.83]]},"properties":{"id":"ncei-1967-10135720","eventId":"10135720","episodeId":"","year":1967,"month":3,"date":"1967-03-19","beginTime":"1967-03-19T18:00:00","endTime":"1967-03-19T18:00:00","timezone":"CST","state":"TX","stateName":"Texas","county":"Deaf Smith","countyFips":"117","wfo":"","scale":0,"scaleLabel":"F0","lengthMiles":0.5,"widthYards":10,"deaths":0,"injuries":0,"propertyDamage":0,"cropDamage":0,"source":"","dataSource":"PUB"}},{"type":"Feature","geometry":{"type":"LineString","coordinates":[[-101.83,33.58],[-101.83,33.58]]},"properties":{"id":"ncei-1967-10135721","eventId":"10135721","episodeId":"","year":1967,"month":3,"date":"1967-03-19","beginTime":"1967-03-19T18:00:00","endTime":"1967-03-19T18:00:00","timezone":"CST","state":"TX","stateName":"Texas","county":"Lubbock","countyFips":"303","wfo":"","scale":1,"scaleLabel":"F1","lengthMiles":0.5,"widthYards":33,"deaths":0,"injuries":0,"propertyDamage":2500,"cropDamage":0,"source":"","dataSource":"PUB"}},{"type":"Feature","geometry":{"type":"LineString","coordinates":[[-102.72,34.53],[-102.72,34.53]]},"properties":{"id":"ncei-1967-10135722","eventId":"10135722","episodeId":"","year":1967,"month":3,"date":"1967-03-19","beginTime":"1967-03-19T18:00:00","endTime":"1967-03-19T18:00:00","timezone":"CST","state":"TX","stateName":"Texas","county":"Parmer","countyFips":"369","wfo":"","scale":2,"scaleLabel":"F2","lengthMiles":0.6,"widthYards":33,"deaths":0,"injuries":0,"propertyDamage":2500,"cropDamage":0,"source":"","dataSource":"PUB"}},{"type":"Feature","geometry":{"type":"LineString","coordinates":[[-94.15,30.42],[-94.15,30.42]]},"properties":{"id":"ncei-1967-10135724","eventId":"10135724","episodeId":"","year":1967,"month":3,"date":"1967-03-20","beginTime":"1967-03-20T10:00:00","endTime":"1967-03-20T10:00:00","timezone":"CST","state":"TX","stateName":"Texas","county":"Hardin","countyFips":"199","wfo":"","scale":0,"scaleLabel":"F0","lengthMiles":0.1,"widthYards":50,"deaths":0,"injuries":0,"propertyDamage":2500,"cropDamage":0,"source":"","dataSource":"PUB"}},{"type":"Feature","geometry":{"type":"LineString","coordinates":[[-97.15,29.42],[-97.15,29.42]]},"properties":{"id":"ncei-1967-10135727","eventId":"10135727","episodeId":"","year":1967,"month":3,"date":"1967-03-20","beginTime":"1967-03-20T19:00:00","endTime":"1967-03-20T19:00:00","timezone":"CST","state":"TX","stateName":"Texas","county":"Lavaca","countyFips":"285","wfo":"","scale":0,"scaleLabel":"F0","lengthMiles":1,"widthYards":33,"deaths":0,"injuries":0,"propertyDamage":2500,"cropDamage":0,"source":"","dataSource":"PUB"}},{"type":"Feature","geometry":{"type":"LineString","coordinates":[[-96.6,33.17],[-96.6,33.17]]},"properties":{"id":"ncei-1967-10135728","eventId":"10135728","episodeId":"","year":1967,"month":3,"date":"1967-03-25","beginTime":"1967-03-25T21:00:00","endTime":"1967-03-25T21:00:00","timezone":"CST","state":"TX","stateName":"Texas","county":"Collin","countyFips":"85","wfo":"","scale":0,"scaleLabel":"F0","lengthMiles":1,"widthYards":17,"deaths":0,"injuries":0,"propertyDamage":0,"cropDamage":0,"source":"","dataSource":"PUB"}},{"type":"Feature","geometry":{"type":"LineString","coordinates":[[-96.62,33.17],[-96.62,33.17]]},"properties":{"id":"ncei-1967-10135729","eventId":"10135729","episodeId":"","year":1967,"month":3,"date":"1967-03-25","beginTime":"1967-03-25T21:00:00","endTime":"1967-03-25T21:00:00","timezone":"CST","state":"TX","stateName":"Texas","county":"Collin","countyFips":"85","wfo":"","scale":0,"scaleLabel":"F0","lengthMiles":1,"widthYards":17,"deaths":0,"injuries":0,"propertyDamage":0,"cropDamage":0,"source":"","dataSource":"PUB"}},{"type":"Feature","geometry":{"type":"LineString","coordinates":[[-96.23,33.4],[-96.23,33.4]]},"properties":{"id":"ncei-1967-10135730","eventId":"10135730","episodeId":"","year":1967,"month":3,"date":"1967-03-25","beginTime":"1967-03-25T21:00:00","endTime":"1967-03-25T21:00:00","timezone":"CST","state":"TX","stateName":"Texas","county":"Fannin","countyFips":"147","wfo":"","scale":2,"scaleLabel":"F2","lengthMiles":2,"widthYards":67,"deaths":0,"injuries":0,"propertyDamage":2500,"cropDamage":0,"source":"","dataSource":"PUB"}},{"type":"Feature","geometry":{"type":"LineString","coordinates":[[-96.98,32.77],[-96.98,32.77]]},"properties":{"id":"ncei-1967-10135731","eventId":"10135731","episodeId":"","year":1967,"month":3,"date":"1967-03-26","beginTime":"1967-03-26T05:00:00","endTime":"1967-03-26T05:00:00","timezone":"CST","state":"TX","stateName":"Texas","county":"Dallas","countyFips":"113","wfo":"","scale":0,"scaleLabel":"F0","lengthMiles":0.3,"widthYards":33,"deaths":0,"injuries":0,"propertyDamage":0,"cropDamage":0,"source":"","dataSource":"PUB"}},{"type":"Feature","geometry":{"type":"LineString","coordinates":[[-98.62,31.7],[-98.62,31.7]]},"properties":{"id":"ncei-1967-10135732","eventId":"10135732","episodeId":"","year":1967,"month":3,"date":"1967-03-26","beginTime":"1967-03-26T19:00:00","endTime":"1967-03-26T19:00:00","timezone":"CST","state":"TX","stateName":"Texas","county":"Mills","countyFips":"333","wfo":"","scale":1,"scaleLabel":"F1","lengthMiles":0,"widthYards":33,"deaths":0,"injuries":0,"propertyDamage":0,"cropDamage":0,"source":"","dataSource":"PUB"}},{"type":"Feature","geometry":{"type":"LineString","coordinates":[[-99.27,34.2],[-99.27,34.2]]},"properties":{"id":"ncei-1967-10135733","eventId":"10135733","episodeId":"","year":1967,"month":4,"date":"1967-04-09","beginTime":"1967-04-09T15:00:00","endTime":"1967-04-09T15:00:00","timezone":"CST","state":"TX","stateName":"Texas","county":"Wilbarger","countyFips":"487","wfo":"","scale":2,"scaleLabel":"F2","lengthMiles":0.3,"widthYards":300,"deaths":0,"injuries":0,"propertyDamage":0,"cropDamage":0,"source":"","dataSource":"PUB"}},{"type":"Feature","geometry":{"type":"LineString","coordinates":[[-100.1,33.83],[-100.1,33.83]]},"properties":{"id":"ncei-1967-10135740","eventId":"10135740","episodeId":"","year":1967,"month":4,"date":"1967-04-12","beginTime":"1967-04-12T13:30:00","endTime":"1967-04-12T13:30:00","timezone":"CST","state":"TX","stateName":"Texas","county":"Cottle","countyFips":"101","wfo":"","scale":2,"scaleLabel":"F2","lengthMiles":2,"widthYards":50,"deaths":0,"injuries":0,"propertyDamage":0,"cropDamage":0,"source":"","dataSource":"PUB"}},{"type":"Feature","geometry":{"type":"LineString","coordinates":[[-102.33,33.92],[-102.27,33.97]]},"properties":{"id":"ncei-1967-10135741","eventId":"10135741","episodeId":"","year":1967,"month":4,"date":"1967-04-12","beginTime":"1967-04-12T19:00:00","endTime":"1967-04-12T19:00:00","timezone":"CST","state":"TX","stateName":"Texas","county":"Lamb","countyFips":"279","wfo":"","scale":2,"scaleLabel":"F2","lengthMiles":5.2,"widthYards":33,"deaths":0,"injuries":0,"propertyDamage":0,"cropDamage":0,"source":"","dataSource":"PUB"}},{"type":"Feature","geometry":{"type":"LineString","coordinates":[[-100.25,32.72],[-100.25,32.72]]},"properties":{"id":"ncei-1967-10135744","eventId":"10135744","episodeId":"","year":1967,"month":4,"date":"1967-04-12","beginTime":"1967-04-12T21:00:00","endTime":"1967-04-12T21:00:00","timezone":"CST","state":"TX","stateName":"Texas","county":"Fisher","countyFips":"151","wfo":"","scale":2,"scaleLabel":"F2","lengthMiles":0.2,"widthYards":40,"deaths":0,"injuries":0,"propertyDamage":0,"cropDamage":0,"source":"","dataSource":"PUB"}},{"type":"Feature","geometry":{"type":"LineString","coordinates":[[-100.9,32.53],[-100.9,32.53]]},"properties":{"id":"ncei-1967-10135745","eventId":"10135745","episodeId":"","year":1967,"month":4,"date":"1967-04-12","beginTime":"1967-04-12T22:00:00","endTime":"1967-04-12T22:00:00","timezone":"CST","state":"TX","stateName":"Texas","county":"Mitchell","countyFips":"335","wfo":"","scale":0,"scaleLabel":"F0","lengthMiles":0.5,"widthYards":37,"deaths":0,"injuries":0,"propertyDamage":0,"cropDamage":0,"source":"","dataSource":"PUB"}},{"type":"Feature","geometry":{"type":"LineString","coordinates":[[-99.95,31.75],[-99.95,31.75]]},"properties":{"id":"ncei-1967-10135746","eventId":"10135746","episodeId":"","year":1967,"month":4,"date":"1967-04-12","beginTime":"1967-04-12T22:00:00","endTime":"1967-04-12T22:00:00","timezone":"CST","state":"TX","stateName":"Texas","county":"Runnels","countyFips":"399","wfo":"","scale":2,"scaleLabel":"F2","lengthMiles":0.1,"widthYards":67,"deaths":0,"injuries":0,"propertyDamage":2500,"cropDamage":0,"source":"","dataSource":"PUB"}},{"type":"Feature","geometry":{"type":"LineString","coordinates":[[-100.47,32.85],[-100.47,32.85]]},"properties":{"id":"ncei-1967-10135747","eventId":"10135747","episodeId":"","year":1967,"month":4,"date":"1967-04-12","beginTime":"1967-04-12T22:40:00","endTime":"1967-04-12T22:40:00","timezone":"CST","state":"TX","stateName":"Texas","county":"Fisher","countyFips":"151","wfo":"","scale":2,"scaleLabel":"F2","lengthMiles":0.3,"widthYards":200,"deaths":0,"injuries":0,"propertyDamage":0,"cropDamage":0,"source":"","dataSource":"PUB"}},{"type":"Feature","geometry":{"type":"LineString","coordinates":[[-97.45,31.07],[-97.38,31.12]]},"properties":{"id":"ncei-1967-10135751","eventId":"10135751","episodeId":"","year":1967,"month":4,"date":"1967-04-13","beginTime":"1967-04-13T02:30:00","endTime":"1967-04-13T02:30:00","timezone":"CST","state":"TX","stateName":"Texas","county":"Bell","countyFips":"27","wfo":"","scale":2,"scaleLabel":"F2","lengthMiles":5.4,"widthYards":90,"deaths":0,"injuries":0,"propertyDamage":2500,"cropDamage":0,"source":"","dataSource":"PUB"}},{"type":"Feature","geometry":{"type":"LineString","coordinates":[[-97.45,31.07],[-97.45,31.07]]},"properties":{"id":"ncei-1967-10135752","eventId":"10135752","episodeId":"","year":1967,"month":4,"date":"1967-04-13","beginTime":"1967-04-13T02:35:00","endTime":"1967-04-13T02:35:00","timezone":"CST","state":"TX","stateName":"Texas","county":"Bell","countyFips":"27","wfo":"","scale":0,"scaleLabel":"F0","lengthMiles":0.5,"widthYards":33,"deaths":0,"injuries":0,"propertyDamage":0,"cropDamage":0,"source":"","dataSource":"PUB"}},{"type":"Feature","geometry":{"type":"LineString","coordinates":[[-95.3,32.2],[-95.1,32.33]]},"properties":{"id":"ncei-1967-10135754","eventId":"10135754","episodeId":"","year":1967,"month":4,"date":"1967-04-13","beginTime":"1967-04-13T07:00:00","endTime":"1967-04-13T07:00:00","timezone":"CST","state":"TX","stateName":"Texas","county":"Smith","countyFips":"423","wfo":"","scale":2,"scaleLabel":"F2","lengthMiles":14.9,"widthYards":40,"deaths":0,"injuries":0,"propertyDamage":25000,"cropDamage":0,"source":"","dataSource":"PUB"}},{"type":"Feature","geometry":{"type":"LineString","coordinates":[[-95.95,32.5],[-95.85,32.5]]},"properties":{"id":"ncei-1967-10135755","eventId":"10135755","episodeId":"","year":1967,"month":4,"date":"1967-04-13","beginTime":"1967-04-13T09:00:00","endTime":"1967-04-13T09:00:00","timezone":"CST","state":"TX","stateName":"Texas","county":"Van Zandt","countyFips":"467","wfo":"","scale":2,"scaleLabel":"F2","lengthMiles":6.1,"widthYards":100,"deaths":0,"injuries":0,"propertyDamage":2500,"cropDamage":0,"source":"","dataSource":"PUB"}},{"type":"Feature","geometry":{"type":"LineString","coordinates":[[-94.13,30.7],[-94.07,30.72]]},"properties":{"id":"ncei-1967-10135756","eventId":"10135756","episodeId":"","year":1967,"month":4,"date":"1967-04-13","beginTime":"1967-04-13T16:00:00","endTime":"1967-04-13T16:00:00","timezone":"CST","state":"TX","stateName":"Texas","county":"Tyler","countyFips":"457","wfo":"","scale":1,"scaleLabel":"F1","lengthMiles":4.3,"widthYards":440,"deaths":0,"injuries":0,"propertyDamage":0,"cropDamage":0,"source":"","dataSource":"PUB"}},{"type":"Feature","geometry":{"type":"LineString","coordinates":[[-95.87,31.72],[-95.78,31.62]]},"properties":{"id":"ncei-1967-10135757","eventId":"10135757","episodeId":"","year":1967,"month":4,"date":"1967-04-13","beginTime":"1967-04-13T17:00:00","endTime":"1967-04-13T17:00:00","timezone":"CST","state":"TX","stateName":"Texas","county":"Leon","countyFips":"289","wfo":"","scale":2,"scaleLabel":"F2","lengthMiles":8.6,"widthYards":300,"deaths":0,"injuries":0,"propertyDamage":25000,"cropDamage":0,"source":"","dataSource":"PUB"}},{"type":"Feature","geometry":{"type":"LineString","coordinates":[[-99.63,33.48],[-99.63,33.48]]},"properties":{"id":"ncei-1967-10135762","eventId":"10135762","episodeId":"","year":1967,"month":4,"date":"1967-04-20","beginTime":"1967-04-20T12:30:00","endTime":"1967-04-20T12:30:00","timezone":"CST","state":"TX","stateName":"Texas","county":"Knox","countyFips":"275","wfo":"","scale":0,"scaleLabel":"F0","lengthMiles":1,"widthYards":100,"deaths":0,"injuries":0,"propertyDamage":0,"cropDamage":0,"source":"","dataSource":"PUB"}},{"type":"Feature","geometry":{"type":"LineString","coordinates":[[-97.42,28.67],[-97.42,28.67]]},"properties":{"id":"ncei-1967-10135780","eventId":"10135780","episodeId":"","year":1967,"month":9,"date":"1967-09-20","beginTime":"1967-09-20T04:00:00","endTime":"1967-09-20T04:00:00","timezone":"CST","state":"TX","stateName":"Texas","county":"Goliad","countyFips":"175","wfo":"","scale":-1,"scaleLabel":"Unknown","lengthMiles":0,"widthYards":33,"deaths":0,"injuries":0,"propertyDamage":0,"cropDamage":0,"source":"","dataSource":"PUB"}},{"type":"Feature","geometry":{"type":"LineString","coordinates":[[-97.42,28.67],[-97.42,28.67]]},"properties":{"id":"ncei-1967-10135781","eventId":"10135781","episodeId":"","year":1967,"month":9,"date":"1967-09-20","beginTime":"1967-09-20T04:00:00","endTime":"1967-09-20T04:00:00","timezone":"CST","state":"TX","stateName":"Texas","county":"Goliad","countyFips":"175","wfo":"","scale":-1,"scaleLabel":"Unknown","lengthMiles":0,"widthYards":33,"deaths":0,"injuries":0,"propertyDamage":0,"cropDamage":0,"source":"","dataSource":"PUB"}},{"type":"Feature","geometry":{"type":"LineString","coordinates":[[-96.62,28.58],[-96.62,28.58]]},"properties":{"id":"ncei-1967-10135782","eventId":"10135782","episodeId":"","year":1967,"month":9,"date":"1967-09-20","beginTime":"1967-09-20T04:20:00","endTime":"1967-09-20T04:20:00","timezone":"CST","state":"TX","stateName":"Texas","county":"Calhoun","countyFips":"57","wfo":"","scale":-1,"scaleLabel":"Unknown","lengthMiles":0,"widthYards":33,"deaths":0,"injuries":1,"propertyDamage":25000,"cropDamage":0,"source":"","dataSource":"PUB"}},{"type":"Feature","geometry":{"type":"LineString","coordinates":[[-98.15,26.3],[-98.15,26.3]]},"properties":{"id":"ncei-1967-10135783","eventId":"10135783","episodeId":"","year":1967,"month":9,"date":"1967-09-20","beginTime":"1967-09-20T05:00:00","endTime":"1967-09-20T05:00:00","timezone":"CST","state":"TX","stateName":"Texas","county":"Colorado","countyFips":"89","wfo":"","scale":-1,"scaleLabel":"Unknown","lengthMiles":0,"widthYards":33,"deaths":0,"injuries":0,"propertyDamage":25000,"cropDamage":0,"source":"","dataSource":"PUB"}},{"type":"Feature","geometry":{"type":"LineString","coordinates":[[-96.22,28.7],[-96.22,28.7]]},"properties":{"id":"ncei-1967-10135784","eventId":"10135784","episodeId":"","year":1967,"month":9,"date":"1967-09-20","beginTime":"1967-09-20T05:00:00","endTime":"1967-09-20T05:00:00","timezone":"CST","state":"TX","stateName":"Texas","county":"Matagorda","countyFips":"321","wfo":"","scale":3,"scaleLabel":"F3","lengthMiles":1,"widthYards":100,"deaths":4,"injuries":7,"propertyDamage":25000,"cropDamage":0,"source":"","dataSource":"PUB"}},{"type":"Feature","geometry":{"type":"LineString","coordinates":[[-98.52,29.5],[-98.52,29.5]]},"properties":{"id":"ncei-1967-10135785","eventId":"10135785","episodeId":"","year":1967,"month":9,"date":"1967-09-20","beginTime":"1967-09-20T05:28:00","endTime":"1967-09-20T05:28:00","timezone":"CST","state":"TX","stateName":"Texas","county":"Bexar","countyFips":"29","wfo":"","scale":-1,"scaleLabel":"Unknown","lengthMiles":0,"widthYards":33,"deaths":0,"injuries":0,"propertyDamage":0,"cropDamage":0,"source":"","dataSource":"PUB"}},{"type":"Feature","geometry":{"type":"LineString","coordinates":[[-96.33,28.78],[-96.33,28.78]]},"properties":{"id":"ncei-1967-10135786","eventId":"10135786","episodeId":"","year":1967,"month":9,"date":"1967-09-20","beginTime":"1967-09-20T05:30:00","endTime":"1967-09-20T05:30:00","timezone":"CST","state":"TX","stateName":"Texas","county":"Jackson","countyFips":"239","wfo":"","scale":-1,"scaleLabel":"Unknown","lengthMiles":0,"widthYards":33,"deaths":0,"injuries":0,"propertyDamage":25000,"cropDamage":0,"source":"","dataSource":"PUB"}},{"type":"Feature","geometry":{"type":"LineString","coordinates":[[-96.5,28.83],[-96.5,28.83]]},"properties":{"id":"ncei-1967-10135787","eventId":"10135787","episodeId":"","year":1967,"month":9,"date":"1967-09-20","beginTime":"1967-09-20T05:30:00","endTime":"1967-09-20T05:30:00","timezone":"CST","state":"TX","stateName":"Texas","county":"Jackson","countyFips":"239","wfo":"","scale":-1,"scaleLabel":"Unknown","lengthMiles":0,"widthYards":33,"deaths":0,"injuries":0,"propertyDamage":25000,"cropDamage":0,"source":"","dataSource":"PUB"}},{"type":"Feature","geometry":{"type":"LineString","coordinates":[[-97.78,27.47],[-97.78,27.47]]},"properties":{"id":"ncei-1967-10135788","eventId":"10135788","episodeId":"","year":1967,"month":9,"date":"1967-09-20","beginTime":"1967-09-20T07:00:00","endTime":"1967-09-20T07:00:00","timezone":"CST","state":"TX","stateName":"Texas","county":"Kleberg","countyFips":"273","wfo":"","scale":-1,"scaleLabel":"Unknown","lengthMiles":0,"widthYards":33,"deaths":0,"injuries":0,"propertyDamage":0,"cropDamage":0,"source":"","dataSource":"PUB"}},{"type":"Feature","geometry":{"type":"LineString","coordinates":[[-95.92,29.35],[-95.92,29.35]]},"properties":{"id":"ncei-1967-10135789","eventId":"10135789","episodeId":"","year":1967,"month":9,"date":"1967-09-20","beginTime":"1967-09-20T07:00:00","endTime":"1967-09-20T07:00:00","timezone":"CST","state":"TX","stateName":"Texas","county":"Fort Bend","countyFips":"157","wfo":"","scale":-1,"scaleLabel":"Unknown","lengthMiles":0,"widthYards":33,"deaths":0,"injuries":0,"propertyDamage":2500,"cropDamage":0,"source":"","dataSource":"PUB"}},{"type":"Feature","geometry":{"type":"LineString","coordinates":[[-97.48,27.32],[-97.48,27.32]]},"properties":{"id":"ncei-1967-10135790","eventId":"10135790","episodeId":"","year":1967,"month":9,"date":"1967-09-20","beginTime":"1967-09-20T08:00:00","endTime":"1967-09-20T08:00:00","timezone":"CST","state":"TX","stateName":"Texas","county":"Kleberg","countyFips":"273","wfo":"","scale":-1,"scaleLabel":"Unknown","lengthMiles":0,"widthYards":33,"deaths":0,"injuries":0,"propertyDamage":0,"cropDamage":0,"source":"","dataSource":"PUB"}},{"type":"Feature","geometry":{"type":"LineString","coordinates":[[-96.33,28.85],[-96.33,28.85]]},"properties":{"id":"ncei-1967-10135791","eventId":"10135791","episodeId":"","year":1967,"month":9,"date":"1967-09-20","beginTime":"1967-09-20T08:00:00","endTime":"1967-09-20T08:00:00","timezone":"CST","state":"TX","stateName":"Texas","county":"Jackson","countyFips":"239","wfo":"","scale":-1,"scaleLabel":"Unknown","lengthMiles":0,"widthYards":33,"deaths":0,"injuries":0,"propertyDamage":0,"cropDamage":0,"source":"","dataSource":"PUB"}},{"type":"Feature","geometry":{"type":"LineString","coordinates":[[-96.8,28.88],[-96.8,28.88]]},"properties":{"id":"ncei-1967-10135792","eventId":"10135792","episodeId":"","year":1967,"month":9,"date":"1967-09-20","beginTime":"1967-09-20T08:00:00","endTime":"1967-09-20T08:00:00","timezone":"CST","state":"TX","stateName":"Texas","county":"Victoria","countyFips":"469","wfo":"","scale":-1,"scaleLabel":"Unknown","lengthMiles":0,"widthYards":33,"deaths":0,"injuries":0,"propertyDamage":0,"cropDamage":0,"source":"","dataSource":"PUB"}},{"type":"Feature","geometry":{"type":"LineString","coordinates":[[-96.8,28.88],[-96.8,28.88]]},"properties":{"id":"ncei-1967-10135793","eventId":"10135793","episodeId":"","year":1967,"month":9,"date":"1967-09-20","beginTime":"1967-09-20T08:00:00","endTime":"1967-09-20T08:00:00","timezone":"CST","state":"TX","stateName":"Texas","county":"Victoria","countyFips":"469","wfo":"","scale":-1,"scaleLabel":"Unknown","lengthMiles":0,"widthYards":33,"deaths":0,"injuries":0,"propertyDamage":0,"cropDamage":0,"source":"","dataSource":"PUB"}},{"type":"Feature","geometry":{"type":"LineString","coordinates":[[-96.8,28.88],[-96.8,28.88]]},"properties":{"id":"ncei-1967-10135794","eventId":"10135794","episodeId":"","year":1967,"month":9,"date":"1967-09-20","beginTime":"1967-09-20T08:00:00","endTime":"1967-09-20T08:00:00","timezone":"CST","state":"TX","stateName":"Texas","county":"Victoria","countyFips":"469","wfo":"","scale":-1,"scaleLabel":"Unknown","lengthMiles":0,"widthYards":33,"deaths":0,"injuries":0,"propertyDamage":0,"cropDamage":0,"source":"","dataSource":"PUB"}},{"type":"Feature","geometry":{"type":"LineString","coordinates":[[-96.1,29.3],[-96.1,29.3]]},"properties":{"id":"ncei-1967-10135795","eventId":"10135795","episodeId":"","year":1967,"month":9,"date":"1967-09-20","beginTime":"1967-09-20T08:00:00","endTime":"1967-09-20T08:00:00","timezone":"CST","state":"TX","stateName":"Texas","county":"Wharton","countyFips":"481","wfo":"","scale":-1,"scaleLabel":"Unknown","lengthMiles":0,"widthYards":33,"deaths":0,"injuries":2,"propertyDamage":25000,"cropDamage":0,"source":"","dataSource":"PUB"}},{"type":"Feature","geometry":{"type":"LineString","coordinates":[[-96.75,28.95],[-96.75,28.95]]},"properties":{"id":"ncei-1967-10135796","eventId":"10135796","episodeId":"","year":1967,"month":9,"date":"1967-09-20","beginTime":"1967-09-20T08:00:00","endTime":"1967-09-20T08:00:00","timezone":"CST","state":"TX","stateName":"Texas","county":"Jackson","countyFips":"239","wfo":"","scale":-1,"scaleLabel":"Unknown","lengthMiles":0,"widthYards":33,"deaths":0,"injuries":0,"propertyDamage":2500,"cropDamage":0,"source":"","dataSource":"PUB"}},{"type":"Feature","geometry":{"type":"LineString","coordinates":[[-96.2,28.93],[-96.2,28.93]]},"properties":{"id":"ncei-1967-10135797","eventId":"10135797","episodeId":"","year":1967,"month":9,"date":"1967-09-20","beginTime":"1967-09-20T08:00:00","endTime":"1967-09-20T08:00:00","timezone":"CST","state":"TX","stateName":"Texas","county":"Matagorda","countyFips":"321","wfo":"","scale":0,"scaleLabel":"F0","lengthMiles":0.1,"widthYards":3,"deaths":0,"injuries":0,"propertyDamage":0,"cropDamage":0,"source":"","dataSource":"PUB"}},{"type":"Feature","geometry":{"type":"LineString","coordinates":[[-96.18,28.72],[-96.18,28.72]]},"properties":{"id":"ncei-1967-10135798","eventId":"10135798","episodeId":"","year":1967,"month":9,"date":"1967-09-20","beginTime":"1967-09-20T08:00:00","endTime":"1967-09-20T08:00:00","timezone":"CST","state":"TX","stateName":"Texas","county":"Matagorda","countyFips":"321","wfo":"","scale":1,"scaleLabel":"F1","lengthMiles":1,"widthYards":33,"deaths":0,"injuries":0,"propertyDamage":0,"cropDamage":0,"source":"","dataSource":"PUB"}},{"type":"Feature","geometry":{"type":"LineString","coordinates":[[-96.4,29.12],[-96.4,29.12]]},"properties":{"id":"ncei-1967-10135799","eventId":"10135799","episodeId":"","year":1967,"month":9,"date":"1967-09-20","beginTime":"1967-09-20T08:00:00","endTime":"1967-09-20T08:00:00","timezone":"CST","state":"TX","stateName":"Texas","county":"Wharton","countyFips":"481","wfo":"","scale":1,"scaleLabel":"F1","lengthMiles":0,"widthYards":33,"deaths":0,"injuries":0,"propertyDamage":0,"cropDamage":0,"source":"","dataSource":"PUB"}},{"type":"Feature","geometry":{"type":"LineString","coordinates":[[-96.52,29.07],[-96.52,29.07]]},"properties":{"id":"ncei-1967-10135800","eventId":"10135800","episodeId":"","year":1967,"month":9,"date":"1967-09-20","beginTime":"1967-09-20T08:00:00","endTime":"1967-09-20T08:00:00","timezone":"CST","state":"TX","stateName":"Texas","county":"Jackson","countyFips":"239","wfo":"","scale":3,"scaleLabel":"F3","lengthMiles":0.1,"widthYards":33,"deaths":0,"injuries":3,"propertyDamage":0,"cropDamage":0,"source":"","dataSource":"PUB"}},{"type":"Feature","geometry":{"type":"LineString","coordinates":[[-95.43,29.15],[-95.25,29.27]]},"properties":{"id":"ncei-1967-10135801","eventId":"10135801","episodeId":"","year":1967,"month":9,"date":"1967-09-20","beginTime":"1967-09-20T08:20:00","endTime":"1967-09-20T08:20:00","timezone":"CST","state":"TX","stateName":"Texas","county":"Brazoria","countyFips":"39","wfo":"","scale":-1,"scaleLabel":"Unknown","lengthMiles":13.8,"widthYards":33,"deaths":0,"injuries":0,"propertyDamage":2500,"cropDamage":0,"source":"","dataSource":"PUB"}},{"type":"Feature","geometry":{"type":"LineString","coordinates":[[-96.07,28.95],[-96.07,28.95]]},"properties":{"id":"ncei-1967-10135802","eventId":"10135802","episodeId":"","year":1967,"month":9,"date":"1967-09-20","beginTime":"1967-09-20T08:50:00","endTime":"1967-09-20T08:50:00","timezone":"CST","state":"TX","stateName":"Texas","county":"Matagorda","countyFips":"321","wfo":"","scale":0,"scaleLabel":"F0","lengthMiles":0,"widthYards":33,"deaths":0,"injuries":0,"propertyDamage":0,"cropDamage":0,"source":"","dataSource":"PUB"}},{"type":"Feature","geometry":{"type":"LineString","coordinates":[[-96.67,28.85],[-96.67,28.85]]},"properties":{"id":"ncei-1967-10135803","eventId":"10135803","episodeId":"","year":1967,"month":9,"date":"1967-09-20","beginTime":"1967-09-20T09:00:00","endTime":"1967-09-20T09:00:00","timezone":"CST","state":"TX","stateName":"Texas","county":"Jackson","countyFips":"239","wfo":"","scale":-1,"scaleLabel":"Unknown","lengthMiles":0,"widthYards":33,"deaths":0,"injuries":1,"propertyDamage":25000,"cropDamage":0,"source":"","dataSource":"PUB"}},{"type":"Feature","geometry":{"type":"LineString","coordinates":[[-96.9,29.5],[-96.9,29.5]]},"properties":{"id":"ncei-1967-10135804","eventId":"10135804","episodeId":"","year":1967,"month":9,"date":"1967-09-20","beginTime":"1967-09-20T09:15:00","endTime":"1967-09-20T09:15:00","timezone":"CST","state":"TX","stateName":"Texas","county":"Lavaca","countyFips":"285","wfo":"","scale":-1,"scaleLabel":"Unknown","lengthMiles":0,"widthYards":33,"deaths":0,"injuries":3,"propertyDamage":25000,"cropDamage":0,"source":"","dataSource":"PUB"}},{"type":"Feature","geometry":{"type":"LineString","coordinates":[[-96.28,29.37],[-96.28,29.37]]},"properties":{"id":"ncei-1967-10135805","eventId":"10135805","episodeId":"","year":1967,"month":9,"date":"1967-09-20","beginTime":"1967-09-20T09:20:00","endTime":"1967-09-20T09:20:00","timezone":"CST","state":"TX","stateName":"Texas","county":"Wharton","countyFips":"481","wfo":"","scale":-1,"scaleLabel":"Unknown","lengthMiles":0,"widthYards":33,"deaths":1,"injuries":1,"propertyDamage":25000,"cropDamage":0,"source":"","dataSource":"PUB"}},{"type":"Feature","geometry":{"type":"LineString","coordinates":[[-96.53,28.85],[-96.53,28.85]]},"properties":{"id":"ncei-1967-10135806","eventId":"10135806","episodeId":"","year":1967,"month":9,"date":"1967-09-20","beginTime":"1967-09-20T09:30:00","endTime":"1967-09-20T09:30:00","timezone":"CST","state":"TX","stateName":"Texas","county":"Jackson","countyFips":"239","wfo":"","scale":-1,"scaleLabel":"Unknown","lengthMiles":0,"widthYards":33,"deaths":0,"injuries":0,"propertyDamage":0,"cropDamage":0,"source":"","dataSource":"PUB"}},{"type":"Feature","geometry":{"type":"LineString","coordinates":[[-96.53,28.85],[-96.53,28.85]]},"properties":{"id":"ncei-1967-10135807","eventId":"10135807","episodeId":"","year":1967,"month":9,"date":"1967-09-20","beginTime":"1967-09-20T09:30:00","endTime":"1967-09-20T09:30:00","timezone":"CST","state":"TX","stateName":"Texas","county":"Jackson","countyFips":"239","wfo":"","scale":-1,"scaleLabel":"Unknown","lengthMiles":0,"widthYards":33,"deaths":0,"injuries":0,"propertyDamage":0,"cropDamage":0,"source":"","dataSource":"PUB"}},{"type":"Feature","geometry":{"type":"LineString","coordinates":[[-96.53,28.85],[-96.53,28.85]]},"properties":{"id":"ncei-1967-10135808","eventId":"10135808","episodeId":"","year":1967,"month":9,"date":"1967-09-20","beginTime":"1967-09-20T09:30:00","endTime":"1967-09-20T09:30:00","timezone":"CST","state":"TX","stateName":"Texas","county":"Jackson","countyFips":"239","wfo":"","scale":-1,"scaleLabel":"Unknown","lengthMiles":0,"widthYards":33,"deaths":0,"injuries":0,"propertyDamage":0,"cropDamage":0,"source":"","dataSource":"PUB"}},{"type":"Feature","geometry":{"type":"LineString","coordinates":[[-97.73,30.08],[-97.73,30.08]]},"properties":{"id":"ncei-1967-10135809","eventId":"10135809","episodeId":"","year":1967,"month":9,"date":"1967-09-20","beginTime":"1967-09-20T10:00:00","endTime":"1967-09-20T10:00:00","timezone":"CST","state":"TX","stateName":"Texas","county":"Travis","countyFips":"453","wfo":"","scale":0,"scaleLabel":"F0","lengthMiles":0.1,"widthYards":33,"deaths":0,"injuries":0,"propertyDamage":2500,"cropDamage":0,"source":"","dataSource":"PUB"}},{"type":"Feature","geometry":{"type":"LineString","coordinates":[[-97.63,30.12],[-97.63,30.12]]},"properties":{"id":"ncei-1967-10135810","eventId":"10135810","episodeId":"","year":1967,"month":9,"date":"1967-09-20","beginTime":"1967-09-20T10:00:00","endTime":"1967-09-20T10:00:00","timezone":"CST","state":"TX","stateName":"Texas","county":"Travis","countyFips":"453","wfo":"","scale":0,"scaleLabel":"F0","lengthMiles":0.1,"widthYards":33,"deaths":0,"injuries":0,"propertyDamage":2500,"cropDamage":0,"source":"","dataSource":"PUB"}},{"type":"Feature","geometry":{"type":"LineString","coordinates":[[-97.72,30.25],[-97.72,30.25]]},"properties":{"id":"ncei-1967-10135811","eventId":"10135811","episodeId":"","year":1967,"month":9,"date":"1967-09-20","beginTime":"1967-09-20T10:00:00","endTime":"1967-09-20T10:00:00","timezone":"CST","state":"TX","stateName":"Texas","county":"Travis","countyFips":"453","wfo":"","scale":0,"scaleLabel":"F0","lengthMiles":0.1,"widthYards":33,"deaths":0,"injuries":0,"propertyDamage":2500,"cropDamage":0,"source":"","dataSource":"PUB"}},{"type":"Feature","geometry":{"type":"LineString","coordinates":[[-97.75,30.28],[-97.75,30.28]]},"properties":{"id":"ncei-1967-10135812","eventId":"10135812","episodeId":"","year":1967,"month":9,"date":"1967-09-20","beginTime":"1967-09-20T10:00:00","endTime":"1967-09-20T10:00:00","timezone":"CST","state":"TX","stateName":"Texas","county":"Travis","countyFips":"453","wfo":"","scale":1,"scaleLabel":"F1","lengthMiles":0.5,"widthYards":33,"deaths":0,"injuries":1,"propertyDamage":2500,"cropDamage":0,"source":"","dataSource":"PUB"}},{"type":"Feature","geometry":{"type":"LineString","coordinates":[[-97.72,30.33],[-97.72,30.33]]},"properties":{"id":"ncei-1967-10135813","eventId":"10135813","episodeId":"","year":1967,"month":9,"date":"1967-09-20","beginTime":"1967-09-20T10:00:00","endTime":"1967-09-20T10:00:00","timezone":"CST","state":"TX","stateName":"Texas","county":"Travis","countyFips":"453","wfo":"","scale":1,"scaleLabel":"F1","lengthMiles":1,"widthYards":33,"deaths":0,"injuries":0,"propertyDamage":2500,"cropDamage":0,"source":"","dataSource":"PUB"}},{"type":"Feature","geometry":{"type":"LineString","coordinates":[[-97.88,28.42],[-97.88,28.42]]},"properties":{"id":"ncei-1967-10135814","eventId":"10135814","episodeId":"","year":1967,"month":9,"date":"1967-09-20","beginTime":"1967-09-20T10:15:00","endTime":"1967-09-20T10:15:00","timezone":"CST","state":"TX","stateName":"Texas","county":"Bee","countyFips":"25","wfo":"","scale":-1,"scaleLabel":"Unknown","lengthMiles":0,"widthYards":33,"deaths":0,"injuries":0,"propertyDamage":25000,"cropDamage":0,"source":"","dataSource":"PUB"}},{"type":"Feature","geometry":{"type":"LineString","coordinates":[[-97.28,29.1],[-97.28,29.1]]},"properties":{"id":"ncei-1967-10135815","eventId":"10135815","episodeId":"","year":1967,"month":9,"date":"1967-09-20","beginTime":"1967-09-20T10:15:00","endTime":"1967-09-20T10:15:00","timezone":"CST","state":"TX","stateName":"Texas","county":"De Witt","countyFips":"123","wfo":"","scale":-1,"scaleLabel":"Unknown","lengthMiles":0,"widthYards":33,"deaths":0,"injuries":0,"propertyDamage":0,"cropDamage":0,"source":"","dataSource":"PUB"}},{"type":"Feature","geometry":{"type":"LineString","coordinates":[[-96.58,28.88],[-96.58,28.88]]},"properties":{"id":"ncei-1967-10135816","eventId":"10135816","episodeId":"","year":1967,"month":9,"date":"1967-09-20","beginTime":"1967-09-20T10:20:00","endTime":"1967-09-20T10:20:00","timezone":"CST","state":"TX","stateName":"Texas","county":"Jackson","countyFips":"239","wfo":"","scale":-1,"scaleLabel":"Unknown","lengthMiles":0,"widthYards":33,"deaths":0,"injuries":1,"propertyDamage":25000,"cropDamage":0,"source":"","dataSource":"PUB"}},{"type":"Feature","geometry":{"type":"LineString","coordinates":[[-97.92,28.83],[-97.92,28.83]]},"properties":{"id":"ncei-1967-10135817","eventId":"10135817","episodeId":"","year":1967,"month":9,"date":"1967-09-20","beginTime":"1967-09-20T10:35:00","endTime":"1967-09-20T10:35:00","timezone":"CST","state":"TX","stateName":"Texas","county":"Karnes","countyFips":"255","wfo":"","scale":-1,"scaleLabel":"Unknown","lengthMiles":0,"widthYards":33,"deaths":0,"injuries":0,"propertyDamage":0,"cropDamage":0,"source":"","dataSource":"PUB"}},{"type":"Feature","geometry":{"type":"LineString","coordinates":[[-97.8,29.95],[-97.8,29.95]]},"properties":{"id":"ncei-1967-10135818","eventId":"10135818","episodeId":"","year":1967,"month":9,"date":"1967-09-20","beginTime":"1967-09-20T10:45:00","endTime":"1967-09-20T10:45:00","timezone":"CST","state":"TX","stateName":"Texas","county":"Hays","countyFips":"209","wfo":"","scale":-1,"scaleLabel":"Unknown","lengthMiles":0,"widthYards":33,"deaths":0,"injuries":0,"propertyDamage":0,"cropDamage":0,"source":"","dataSource":"PUB"}},{"type":"Feature","geometry":{"type":"LineString","coordinates":[[-97.8,29.95],[-97.8,29.95]]},"properties":{"id":"ncei-1967-10135819","eventId":"10135819","episodeId":"","year":1967,"month":9,"date":"1967-09-20","beginTime":"1967-09-20T10:45:00","endTime":"1967-09-20T10:45:00","timezone":"CST","state":"TX","stateName":"Texas","county":"Hays","countyFips":"209","wfo":"","scale":-1,"scaleLabel":"Unknown","lengthMiles":0,"widthYards":33,"deaths":0,"injuries":0,"propertyDamage":0,"cropDamage":0,"source":"","dataSource":"PUB"}},{"type":"Feature","geometry":{"type":"LineString","coordinates":[[-97.32,29.35],[-97.32,29.35]]},"properties":{"id":"ncei-1967-10135820","eventId":"10135820","episodeId":"","year":1967,"month":9,"date":"1967-09-20","beginTime":"1967-09-20T11:00:00","endTime":"1967-09-20T11:00:00","timezone":"CST","state":"TX","stateName":"Texas","county":"Gonzales","countyFips":"177","wfo":"","scale":-1,"scaleLabel":"Unknown","lengthMiles":0,"widthYards":33,"deaths":0,"injuries":0,"propertyDamage":2500,"cropDamage":0,"source":"","dataSource":"PUB"}},{"type":"Feature","geometry":{"type":"LineString","coordinates":[[-97.32,29.35],[-97.23,29.43]]},"properties":{"id":"ncei-1967-10135821","eventId":"10135821","episodeId":"","year":1967,"month":9,"date":"1967-09-20","beginTime":"1967-09-20T11:00:00","endTime":"1967-09-20T11:00:00","timezone":"CST","state":"TX","stateName":"Texas","county":"Gonzales","countyFips":"177","wfo":"","scale":-1,"scaleLabel":"Unknown","lengthMiles":7.7,"widthYards":33,"deaths":0,"injuries":0,"propertyDamage":0,"cropDamage":0,"source":"","dataSource":"PUB"}},{"type":"Feature","geometry":{"type":"LineString","coordinates":[[-97.07,29.35],[-97,29.35]]},"properties":{"id":"ncei-1967-10135822","eventId":"10135822","episodeId":"","year":1967,"month":9,"date":"1967-09-20","beginTime":"1967-09-20T11:07:00","endTime":"1967-09-20T11:07:00","timezone":"CST","state":"TX","stateName":"Texas","county":"Lavaca","countyFips":"285","wfo":"","scale":3,"scaleLabel":"F3","lengthMiles":4.3,"widthYards":333,"deaths":0,"injuries":4,"propertyDamage":2500000,"cropDamage":0,"source":"","dataSource":"PUB"}},{"type":"Feature","geometry":{"type":"LineString","coordinates":[[-99.23,30.73],[-99.23,30.73]]},"properties":{"id":"ncei-1967-10135823","eventId":"10135823","episodeId":"","year":1967,"month":9,"date":"1967-09-20","beginTime":"1967-09-20T12:25:00","endTime":"1967-09-20T12:25:00","timezone":"CST","state":"TX","stateName":"Texas","county":"Mason","countyFips":"319","wfo":"","scale":-1,"scaleLabel":"Unknown","lengthMiles":0,"widthYards":33,"deaths":0,"injuries":0,"propertyDamage":0,"cropDamage":0,"source":"","dataSource":"PUB"}},{"type":"Feature","geometry":{"type":"LineString","coordinates":[[-97.42,29.5],[-97.42,29.5]]},"properties":{"id":"ncei-1967-10135824","eventId":"10135824","episodeId":"","year":1967,"month":9,"date":"1967-09-20","beginTime":"1967-09-20T12:30:00","endTime":"1967-09-20T12:30:00","timezone":"CST","state":"TX","stateName":"Texas","county":"Gonzales","countyFips":"177","wfo":"","scale":-1,"scaleLabel":"Unknown","lengthMiles":0,"widthYards":33,"deaths":0,"injuries":1,"propertyDamage":250000,"cropDamage":0,"source":"","dataSource":"PUB"}},{"type":"Feature","geometry":{"type":"LineString","coordinates":[[-98.07,29.67],[-98.07,29.67]]},"properties":{"id":"ncei-1967-10135825","eventId":"10135825","episodeId":"","year":1967,"month":9,"date":"1967-09-20","beginTime":"1967-09-20T13:15:00","endTime":"1967-09-20T13:15:00","timezone":"CST","state":"TX","stateName":"Texas","county":"Guadalupe","countyFips":"187","wfo":"","scale":1,"scaleLabel":"F1","lengthMiles":0,"widthYards":33,"deaths":0,"injuries":0,"propertyDamage":2500,"cropDamage":0,"source":"","dataSource":"PUB"}},{"type":"Feature","geometry":{"type":"LineString","coordinates":[[-94.83,29.42],[-94.83,29.42]]},"properties":{"id":"ncei-1967-10135826","eventId":"10135826","episodeId":"","year":1967,"month":9,"date":"1967-09-20","beginTime":"1967-09-20T13:30:00","endTime":"1967-09-20T13:30:00","timezone":"CST","state":"TX","stateName":"Texas","county":"Galveston","countyFips":"167","wfo":"","scale":-1,"scaleLabel":"Unknown","lengthMiles":0,"widthYards":33,"deaths":0,"injuries":0,"propertyDamage":0,"cropDamage":0,"source":"","dataSource":"PUB"}},{"type":"Feature","geometry":{"type":"LineString","coordinates":[[-98.12,29.65],[-98.12,29.65]]},"properties":{"id":"ncei-1967-10135827","eventId":"10135827","episodeId":"","year":1967,"month":9,"date":"1967-09-20","beginTime":"1967-09-20T14:00:00","endTime":"1967-09-20T14:00:00","timezone":"CST","state":"TX","stateName":"Texas","county":"Comal","countyFips":"91","wfo":"","scale":3,"scaleLabel":"F3","lengthMiles":5,"widthYards":67,"deaths":0,"injuries":0,"propertyDamage":250000,"cropDamage":0,"source":"","dataSource":"PUB"}},{"type":"Feature","geometry":{"type":"LineString","coordinates":[[-97.95,29.37],[-97.95,29.37]]},"properties":{"id":"ncei-1967-10135828","eventId":"10135828","episodeId":"","year":1967,"month":9,"date":"1967-09-20","beginTime":"1967-09-20T14:11:00","endTime":"1967-09-20T14:11:00","timezone":"CST","state":"TX","stateName":"Texas","county":"Wilson","countyFips":"493","wfo":"","scale":-1,"scaleLabel":"Unknown","lengthMiles":0,"widthYards":33,"deaths":0,"injuries":0,"propertyDamage":0,"cropDamage":0,"source":"","dataSource":"PUB"}},{"type":"Feature","geometry":{"type":"LineString","coordinates":[[-96.85,29.45],[-96.85,29.45]]},"properties":{"id":"ncei-1967-10135829","eventId":"10135829","episodeId":"","year":1967,"month":9,"date":"1967-09-20","beginTime":"1967-09-20T15:00:00","endTime":"1967-09-20T15:00:00","timezone":"CST","state":"TX","stateName":"Texas","county":"Lavaca","countyFips":"285","wfo":"","scale":3,"scaleLabel":"F3","lengthMiles":2,"widthYards":167,"deaths":0,"injuries":3,"propertyDamage":25000,"cropDamage":0,"source":"","dataSource":"PUB"}},{"type":"Feature","geometry":{"type":"LineString","coordinates":[[-97.52,28.95],[-97.52,28.95]]},"properties":{"id":"ncei-1967-10135830","eventId":"10135830","episodeId":"","year":1967,"month":9,"date":"1967-09-20","beginTime":"1967-09-20T15:30:00","endTime":"1967-09-20T15:30:00","timezone":"CST","state":"TX","stateName":"Texas","county":"De Witt","countyFips":"123","wfo":"","scale":-1,"scaleLabel":"Unknown","lengthMiles":0,"widthYards":33,"deaths":0,"injuries":0,"propertyDamage":0,"cropDamage":0,"source":"","dataSource":"PUB"}},{"type":"Feature","geometry":{"type":"LineString","coordinates":[[-97.08,28.7],[-97.08,28.7]]},"properties":{"id":"ncei-1967-10135831","eventId":"10135831","episodeId":"","year":1967,"month":9,"date":"1967-09-20","beginTime":"1967-09-20T16:40:00","endTime":"1967-09-20T16:40:00","timezone":"CST","state":"TX","stateName":"Texas","county":"Victoria","countyFips":"469","wfo":"","scale":-1,"scaleLabel":"Unknown","lengthMiles":0,"widthYards":33,"deaths":0,"injuries":0,"propertyDamage":0,"cropDamage":0,"source":"","dataSource":"PUB"}},{"type":"Feature","geometry":{"type":"LineString","coordinates":[[-97.08,29.6],[-97.08,29.6]]},"properties":{"id":"ncei-1967-10135832","eventId":"10135832","episodeId":"","year":1967,"month":9,"date":"1967-09-20","beginTime":"1967-09-20T17:00:00","endTime":"1967-09-20T17:00:00","timezone":"CST","state":"TX","stateName":"Texas","county":"Guadalupe","countyFips":"187","wfo":"","scale":-1,"scaleLabel":"Unknown","lengthMiles":0,"widthYards":33,"deaths":0,"injuries":0,"propertyDamage":0,"cropDamage":0,"source":"","dataSource":"PUB"}},{"type":"Feature","geometry":{"type":"LineString","coordinates":[[-98.28,30.58],[-98.28,30.58]]},"properties":{"id":"ncei-1967-10135833","eventId":"10135833","episodeId":"","year":1967,"month":9,"date":"1967-09-20","beginTime":"1967-09-20T17:15:00","endTime":"1967-09-20T17:15:00","timezone":"CST","state":"TX","stateName":"Texas","county":"Burnet","countyFips":"53","wfo":"","scale":-1,"scaleLabel":"Unknown","lengthMiles":0,"widthYards":33,"deaths":0,"injuries":0,"propertyDamage":0,"cropDamage":0,"source":"","dataSource":"PUB"}},{"type":"Feature","geometry":{"type":"LineString","coordinates":[[-98.22,30.77],[-98.22,30.77]]},"properties":{"id":"ncei-1967-10135834","eventId":"10135834","episodeId":"","year":1967,"month":9,"date":"1967-09-20","beginTime":"1967-09-20T17:30:00","endTime":"1967-09-20T17:30:00","timezone":"CST","state":"TX","stateName":"Texas","county":"Burnet","countyFips":"53","wfo":"","scale":1,"scaleLabel":"F1","lengthMiles":1,"widthYards":100,"deaths":0,"injuries":1,"propertyDamage":250000,"cropDamage":0,"source":"","dataSource":"PUB"}},{"type":"Feature","geometry":{"type":"LineString","coordinates":[[-96.88,29.98],[-96.88,29.98]]},"properties":{"id":"ncei-1967-10135835","eventId":"10135835","episodeId":"","year":1967,"month":9,"date":"1967-09-20","beginTime":"1967-09-20T19:05:00","endTime":"1967-09-20T19:05:00","timezone":"CST","state":"TX","stateName":"Texas","county":"Fayette","countyFips":"149","wfo":"","scale":-1,"scaleLabel":"Unknown","lengthMiles":0,"widthYards":33,"deaths":0,"injuries":0,"propertyDamage":0,"cropDamage":0,"source":"","dataSource":"PUB"}},{"type":"Feature","geometry":{"type":"LineString","coordinates":[[-98.92,29.13],[-98.92,29.13]]},"properties":{"id":"ncei-1967-10135836","eventId":"10135836","episodeId":"","year":1967,"month":9,"date":"1967-09-20","beginTime":"1967-09-20T21:00:00","endTime":"1967-09-20T21:00:00","timezone":"CST","state":"TX","stateName":"Texas","county":"Medina","countyFips":"325","wfo":"","scale":-1,"scaleLabel":"Unknown","lengthMiles":1,"widthYards":300,"deaths":0,"injuries":0,"propertyDamage":25000,"cropDamage":0,"source":"","dataSource":"PUB"}},{"type":"Feature","geometry":{"type":"LineString","coordinates":[[-80.78,38.2],[-80.75,38.17]]},"properties":{"id":"ncei-1967-10145429","eventId":"10145429","episodeId":"","year":1967,"month":3,"date":"1967-03-14","beginTime":"1967-03-14T00:01:00","endTime":"1967-03-14T00:01:00","timezone":"CST","state":"WV","stateName":"West Virginia","county":"Nicholas","countyFips":"67","wfo":"","scale":1,"scaleLabel":"F1","lengthMiles":2.3,"widthYards":100,"deaths":0,"injuries":3,"propertyDamage":250000,"cropDamage":0,"source":"","dataSource":"PUB"}},{"type":"Feature","geometry":{"type":"LineString","coordinates":[[-81.35,37.78],[-81.35,37.78]]},"properties":{"id":"ncei-1967-10145430","eventId":"10145430","episodeId":"","year":1967,"month":3,"date":"1967-03-14","beginTime":"1967-03-14T00:30:00","endTime":"1967-03-14T00:30:00","timezone":"CST","state":"WV","stateName":"West Virginia","county":"Raleigh","countyFips":"81","wfo":"","scale":1,"scaleLabel":"F1","lengthMiles":1.5,"widthYards":180,"deaths":0,"injuries":1,"propertyDamage":25000,"cropDamage":0,"source":"","dataSource":"PUB"}},{"type":"Feature","geometry":{"type":"LineString","coordinates":[[-81.22,37.67],[-81.2,37.68]]},"properties":{"id":"ncei-1967-10145431","eventId":"10145431","episodeId":"","year":1967,"month":4,"date":"1967-04-17","beginTime":"1967-04-17T19:00:00","endTime":"1967-04-17T19:00:00","timezone":"CST","state":"WV","stateName":"West Virginia","county":"Raleigh","countyFips":"81","wfo":"","scale":0,"scaleLabel":"F0","lengthMiles":1.3,"widthYards":90,"deaths":0,"injuries":0,"propertyDamage":25000,"cropDamage":0,"source":"","dataSource":"PUB"}},{"type":"Feature","geometry":{"type":"LineString","coordinates":[[-80.08,39.33],[-80.08,39.33]]},"properties":{"id":"ncei-1967-10145433","eventId":"10145433","episodeId":"","year":1967,"month":5,"date":"1967-05-07","beginTime":"1967-05-07T08:45:00","endTime":"1967-05-07T08:45:00","timezone":"CST","state":"WV","stateName":"West Virginia","county":"Taylor","countyFips":"91","wfo":"","scale":2,"scaleLabel":"F2","lengthMiles":0,"widthYards":33,"deaths":0,"injuries":0,"propertyDamage":25000,"cropDamage":0,"source":"","dataSource":"PUB"}},{"type":"Feature","geometry":{"type":"LineString","coordinates":[[-79.75,38.8],[-79.75,38.8]]},"properties":{"id":"ncei-1967-10145438","eventId":"10145438","episodeId":"","year":1967,"month":5,"date":"1967-05-21","beginTime":"1967-05-21T19:30:00","endTime":"1967-05-21T19:30:00","timezone":"CST","state":"WV","stateName":"West Virginia","county":"Randolph","countyFips":"83","wfo":"","scale":0,"scaleLabel":"F0","lengthMiles":0.5,"widthYards":300,"deaths":0,"injuries":3,"propertyDamage":2500,"cropDamage":0,"source":"","dataSource":"PUB"}},{"type":"Feature","geometry":{"type":"LineString","coordinates":[[-89.37,42.6],[-88.92,42.75]]},"properties":{"id":"ncei-1967-10148040","eventId":"10148040","episodeId":"","year":1967,"month":1,"date":"1967-01-24","beginTime":"1967-01-24T18:10:00","endTime":"1967-01-24T18:10:00","timezone":"CST","state":"WI","stateName":"Wisconsin","county":"Green","countyFips":"45","wfo":"","scale":3,"scaleLabel":"F3","lengthMiles":24.9,"widthYards":200,"deaths":0,"injuries":0,"propertyDamage":250000,"cropDamage":0,"source":"","dataSource":"PUB"}},{"type":"Feature","geometry":{"type":"LineString","coordinates":[[-90.3,43.75],[-90.3,43.75]]},"properties":{"id":"ncei-1967-10148045","eventId":"10148045","episodeId":"","year":1967,"month":3,"date":"1967-03-31","beginTime":"1967-03-31T00:05:00","endTime":"1967-03-31T00:05:00","timezone":"CST","state":"WI","stateName":"Wisconsin","county":"Juneau","countyFips":"57","wfo":"","scale":1,"scaleLabel":"F1","lengthMiles":2,"widthYards":200,"deaths":0,"injuries":0,"propertyDamage":25000,"cropDamage":0,"source":"","dataSource":"PUB"}},{"type":"Feature","geometry":{"type":"LineString","coordinates":[[-90.87,43.65],[-90.85,43.7]]},"properties":{"id":"ncei-1967-10148046","eventId":"10148046","episodeId":"","year":1967,"month":3,"date":"1967-03-31","beginTime":"1967-03-31T00:05:00","endTime":"1967-03-31T00:05:00","timezone":"CST","state":"WI","stateName":"Wisconsin","county":"Vernon","countyFips":"123","wfo":"","scale":1,"scaleLabel":"F1","lengthMiles":1.9,"widthYards":77,"deaths":0,"injuries":0,"propertyDamage":25000,"cropDamage":0,"source":"","dataSource":"PUB"}},{"type":"Feature","geometry":{"type":"LineString","coordinates":[[-90.18,43.63],[-90.13,43.67]]},"properties":{"id":"ncei-1967-10148047","eventId":"10148047","episodeId":"","year":1967,"month":3,"date":"1967-03-31","beginTime":"1967-03-31T00:05:00","endTime":"1967-03-31T00:05:00","timezone":"CST","state":"WI","stateName":"Wisconsin","county":"Wood","countyFips":"141","wfo":"","scale":2,"scaleLabel":"F2","lengthMiles":1.9,"widthYards":33,"deaths":0,"injuries":0,"propertyDamage":250000,"cropDamage":0,"source":"","dataSource":"PUB"}},{"type":"Feature","geometry":{"type":"LineString","coordinates":[[-89.93,42.52],[-89.48,42.75]]},"properties":{"id":"ncei-1967-10148051","eventId":"10148051","episodeId":"","year":1967,"month":4,"date":"1967-04-16","beginTime":"1967-04-16T13:50:00","endTime":"1967-04-16T13:50:00","timezone":"CST","state":"WI","stateName":"Wisconsin","county":"Lafayette","countyFips":"65","wfo":"","scale":3,"scaleLabel":"F3","lengthMiles":27.8,"widthYards":500,"deaths":0,"injuries":0,"propertyDamage":2500000,"cropDamage":0,"source":"","dataSource":"PUB"}},{"type":"Feature","geometry":{"type":"LineString","coordinates":[[-90.9,43.33],[-90.9,43.33]]},"properties":{"id":"ncei-1967-10148054","eventId":"10148054","episodeId":"","year":1967,"month":5,"date":"1967-05-18","beginTime":"1967-05-18T13:53:00","endTime":"1967-05-18T13:53:00","timezone":"CST","state":"WI","stateName":"Wisconsin","county":"Crawford","countyFips":"23","wfo":"","scale":1,"scaleLabel":"F1","lengthMiles":0.3,"widthYards":100,"deaths":0,"injuries":0,"propertyDamage":2500,"cropDamage":0,"source":"","dataSource":"PUB"}},{"type":"Feature","geometry":{"type":"LineString","coordinates":[[-88.95,42.5],[-88.95,42.5]]},"properties":{"id":"ncei-1967-10148056","eventId":"10148056","episodeId":"","year":1967,"month":5,"date":"1967-05-18","beginTime":"1967-05-18T18:00:00","endTime":"1967-05-18T18:00:00","timezone":"CST","state":"WI","stateName":"Wisconsin","county":"Rock","countyFips":"105","wfo":"","scale":1,"scaleLabel":"F1","lengthMiles":0.3,"widthYards":50,"deaths":0,"injuries":0,"propertyDamage":25000,"cropDamage":0,"source":"","dataSource":"PUB"}},{"type":"Feature","geometry":{"type":"LineString","coordinates":[[-90.07,42.95],[-90.07,42.95]]},"properties":{"id":"ncei-1967-10148057","eventId":"10148057","episodeId":"","year":1967,"month":5,"date":"1967-05-18","beginTime":"1967-05-18T18:05:00","endTime":"1967-05-18T18:05:00","timezone":"CST","state":"WI","stateName":"Wisconsin","county":"Iowa","countyFips":"49","wfo":"","scale":1,"scaleLabel":"F1","lengthMiles":0.3,"widthYards":100,"deaths":0,"injuries":0,"propertyDamage":0,"cropDamage":0,"source":"","dataSource":"PUB"}},{"type":"Feature","geometry":{"type":"LineString","coordinates":[[-88.5,43.02],[-88.4,43.05]]},"properties":{"id":"ncei-1967-10148058","eventId":"10148058","episodeId":"","year":1967,"month":5,"date":"1967-05-18","beginTime":"1967-05-18T19:20:00","endTime":"1967-05-18T19:20:00","timezone":"CST","state":"WI","stateName":"Wisconsin","county":"Waukesha","countyFips":"133","wfo":"","scale":2,"scaleLabel":"F2","lengthMiles":4.7,"widthYards":100,"deaths":0,"injuries":0,"propertyDamage":25000,"cropDamage":0,"source":"","dataSource":"PUB"}},{"type":"Feature","geometry":{"type":"LineString","coordinates":[[-90.92,42.88],[-90.92,42.88]]},"properties":{"id":"ncei-1967-10148059","eventId":"10148059","episodeId":"","year":1967,"month":6,"date":"1967-06-07","beginTime":"1967-06-07T18:00:00","endTime":"1967-06-07T18:00:00","timezone":"CST","state":"WI","stateName":"Wisconsin","county":"Grant","countyFips":"43","wfo":"","scale":0,"scaleLabel":"F0","lengthMiles":0.3,"widthYards":7,"deaths":0,"injuries":0,"propertyDamage":0,"cropDamage":0,"source":"","dataSource":"PUB"}},{"type":"Feature","geometry":{"type":"LineString","coordinates":[[-90.42,43.7],[-90.23,43.72]]},"properties":{"id":"ncei-1967-10148063","eventId":"10148063","episodeId":"","year":1967,"month":6,"date":"1967-06-08","beginTime":"1967-06-08T23:30:00","endTime":"1967-06-08T23:30:00","timezone":"CST","state":"WI","stateName":"Wisconsin","county":"Vernon","countyFips":"123","wfo":"","scale":1,"scaleLabel":"F1","lengthMiles":8.7,"widthYards":67,"deaths":0,"injuries":0,"propertyDamage":25000,"cropDamage":0,"source":"","dataSource":"PUB"}},{"type":"Feature","geometry":{"type":"LineString","coordinates":[[-88.63,42.63],[-88.63,42.63]]},"properties":{"id":"ncei-1967-10148066","eventId":"10148066","episodeId":"","year":1967,"month":6,"date":"1967-06-10","beginTime":"1967-06-10T14:05:00","endTime":"1967-06-10T14:05:00","timezone":"CST","state":"WI","stateName":"Wisconsin","county":"Walworth","countyFips":"127","wfo":"","scale":1,"scaleLabel":"F1","lengthMiles":0,"widthYards":33,"deaths":0,"injuries":0,"propertyDamage":250000,"cropDamage":0,"source":"","dataSource":"PUB"}},{"type":"Feature","geometry":{"type":"LineString","coordinates":[[-89.27,43.18],[-89.22,43.2]]},"properties":{"id":"ncei-1967-10148067","eventId":"10148067","episodeId":"","year":1967,"month":6,"date":"1967-06-11","beginTime":"1967-06-11T14:00:00","endTime":"1967-06-11T14:00:00","timezone":"CST","state":"WI","stateName":"Wisconsin","county":"Dane","countyFips":"25","wfo":"","scale":2,"scaleLabel":"F2","lengthMiles":1.3,"widthYards":10,"deaths":0,"injuries":0,"propertyDamage":250000,"cropDamage":0,"source":"","dataSource":"PUB"}},{"type":"Feature","geometry":{"type":"LineString","coordinates":[[-90.05,42.57],[-90.05,42.57]]},"properties":{"id":"ncei-1967-10148068","eventId":"10148068","episodeId":"","year":1967,"month":6,"date":"1967-06-11","beginTime":"1967-06-11T14:30:00","endTime":"1967-06-11T14:30:00","timezone":"CST","state":"WI","stateName":"Wisconsin","county":"Lafayette","countyFips":"65","wfo":"","scale":1,"scaleLabel":"F1","lengthMiles":0.5,"widthYards":50,"deaths":0,"injuries":0,"propertyDamage":25000,"cropDamage":0,"source":"","dataSource":"PUB"}},{"type":"Feature","geometry":{"type":"LineString","coordinates":[[-92.7,45.3],[-92.7,45.3]]},"properties":{"id":"ncei-1967-10148069","eventId":"10148069","episodeId":"","year":1967,"month":6,"date":"1967-06-12","beginTime":"1967-06-12T08:45:00","endTime":"1967-06-12T08:45:00","timezone":"CST","state":"WI","stateName":"Wisconsin","county":"Polk","countyFips":"95","wfo":"","scale":2,"scaleLabel":"F2","lengthMiles":0.5,"widthYards":50,"deaths":0,"injuries":0,"propertyDamage":25000,"cropDamage":0,"source":"","dataSource":"PUB"}},{"type":"Feature","geometry":{"type":"LineString","coordinates":[[-88.72,43.12],[-88.72,43.12]]},"properties":{"id":"ncei-1967-10148070","eventId":"10148070","episodeId":"","year":1967,"month":6,"date":"1967-06-12","beginTime":"1967-06-12T15:20:00","endTime":"1967-06-12T15:20:00","timezone":"CST","state":"WI","stateName":"Wisconsin","county":"Jefferson","countyFips":"55","wfo":"","scale":0,"scaleLabel":"F0","lengthMiles":0.5,"widthYards":33,"deaths":0,"injuries":0,"propertyDamage":0,"cropDamage":0,"source":"","dataSource":"PUB"}},{"type":"Feature","geometry":{"type":"LineString","coordinates":[[-91.4,44.07],[-91.37,44.1]]},"properties":{"id":"ncei-1967-10148071","eventId":"10148071","episodeId":"","year":1967,"month":6,"date":"1967-06-15","beginTime":"1967-06-15T14:10:00","endTime":"1967-06-15T14:10:00","timezone":"CST","state":"WI","stateName":"Wisconsin","county":"Trempealeau","countyFips":"121","wfo":"","scale":1,"scaleLabel":"F1","lengthMiles":1.3,"widthYards":67,"deaths":0,"injuries":0,"propertyDamage":25000,"cropDamage":0,"source":"","dataSource":"PUB"}},{"type":"Feature","geometry":{"type":"LineString","coordinates":[[-91.05,44.02],[-91.05,44.02]]},"properties":{"id":"ncei-1967-10148073","eventId":"10148073","episodeId":"","year":1967,"month":6,"date":"1967-06-15","beginTime":"1967-06-15T18:00:00","endTime":"1967-06-15T18:00:00","timezone":"CST","state":"WI","stateName":"Wisconsin","county":"La Crosse","countyFips":"63","wfo":"","scale":0,"scaleLabel":"F0","lengthMiles":1,"widthYards":10,"deaths":0,"injuries":0,"propertyDamage":2500,"cropDamage":0,"source":"","dataSource":"PUB"}},{"type":"Feature","geometry":{"type":"LineString","coordinates":[[-90.4,44.65],[-90.3,44.65]]},"properties":{"id":"ncei-1967-10148075","eventId":"10148075","episodeId":"","year":1967,"month":6,"date":"1967-06-30","beginTime":"1967-06-30T22:15:00","endTime":"1967-06-30T22:15:00","timezone":"CST","state":"WI","stateName":"Wisconsin","county":"Clark","countyFips":"19","wfo":"","scale":1,"scaleLabel":"F1","lengthMiles":4.1,"widthYards":100,"deaths":0,"injuries":0,"propertyDamage":25000,"cropDamage":0,"source":"","dataSource":"PUB"}},{"type":"Feature","geometry":{"type":"LineString","coordinates":[[-88.17,44.03],[-88.03,44.03]]},"properties":{"id":"ncei-1967-10148077","eventId":"10148077","episodeId":"","year":1967,"month":6,"date":"1967-06-30","beginTime":"1967-06-30T23:45:00","endTime":"1967-06-30T23:45:00","timezone":"CST","state":"WI","stateName":"Wisconsin","county":"Calumet","countyFips":"15","wfo":"","scale":2,"scaleLabel":"F2","lengthMiles":5.9,"widthYards":100,"deaths":0,"injuries":1,"propertyDamage":250000,"cropDamage":0,"source":"","dataSource":"PUB"}},{"type":"Feature","geometry":{"type":"LineString","coordinates":[[-88.03,44.03],[-88.02,44.03]]},"properties":{"id":"ncei-1967-10148078","eventId":"10148078","episodeId":"","year":1967,"month":6,"date":"1967-06-30","beginTime":"1967-06-30T23:59:00","endTime":"1967-06-30T23:59:00","timezone":"CST","state":"WI","stateName":"Wisconsin","county":"Manitowoc","countyFips":"71","wfo":"","scale":2,"scaleLabel":"F2","lengthMiles":0,"widthYards":100,"deaths":0,"injuries":0,"propertyDamage":250000,"cropDamage":0,"source":"","dataSource":"PUB"}},{"type":"Feature","geometry":{"type":"LineString","coordinates":[[-87.97,43.92],[-87.97,43.92]]},"properties":{"id":"ncei-1967-10148079","eventId":"10148079","episodeId":"","year":1967,"month":7,"date":"1967-07-01","beginTime":"1967-07-01T00:45:00","endTime":"1967-07-01T00:45:00","timezone":"CST","state":"WI","stateName":"Wisconsin","county":"Manitowoc","countyFips":"71","wfo":"","scale":1,"scaleLabel":"F1","lengthMiles":0.5,"widthYards":50,"deaths":0,"injuries":0,"propertyDamage":2500,"cropDamage":0,"source":"","dataSource":"PUB"}},{"type":"Feature","geometry":{"type":"LineString","coordinates":[[-88.07,44.18],[-88.07,44.18]]},"properties":{"id":"ncei-1967-10148080","eventId":"10148080","episodeId":"","year":1967,"month":7,"date":"1967-07-02","beginTime":"1967-07-02T14:00:00","endTime":"1967-07-02T14:00:00","timezone":"CST","state":"WI","stateName":"Wisconsin","county":"Calumet","countyFips":"15","wfo":"","scale":1,"scaleLabel":"F1","lengthMiles":0.5,"widthYards":33,"deaths":0,"injuries":0,"propertyDamage":0,"cropDamage":0,"source":"","dataSource":"PUB"}},{"type":"Feature","geometry":{"type":"LineString","coordinates":[[-92.1,45.4],[-91.53,45.3]]},"properties":{"id":"ncei-1967-10148084","eventId":"10148084","episodeId":"","year":1967,"month":7,"date":"1967-07-22","beginTime":"1967-07-22T21:00:00","endTime":"1967-07-22T21:00:00","timezone":"CST","state":"WI","stateName":"Wisconsin","county":"Barron","countyFips":"5","wfo":"","scale":2,"scaleLabel":"F2","lengthMiles":28.2,"widthYards":33,"deaths":0,"injuries":6,"propertyDamage":250000,"cropDamage":0,"source":"","dataSource":"PUB"}},{"type":"Feature","geometry":{"type":"LineString","coordinates":[[-92.38,44.82],[-92.2,44.77]]},"properties":{"id":"ncei-1967-10148085","eventId":"10148085","episodeId":"","year":1967,"month":7,"date":"1967-07-22","beginTime":"1967-07-22T21:30:00","endTime":"1967-07-22T21:30:00","timezone":"CST","state":"WI","stateName":"Wisconsin","county":"Pierce","countyFips":"93","wfo":"","scale":2,"scaleLabel":"F2","lengthMiles":9.2,"widthYards":200,"deaths":0,"injuries":3,"propertyDamage":250000,"cropDamage":0,"source":"","dataSource":"PUB"}},{"type":"Feature","geometry":{"type":"LineString","coordinates":[[-91.53,45.3],[-91.12,45.22]]},"properties":{"id":"ncei-1967-10148086","eventId":"10148086","episodeId":"","year":1967,"month":7,"date":"1967-07-22","beginTime":"1967-07-22T21:56:00","endTime":"1967-07-22T21:56:00","timezone":"CST","state":"WI","stateName":"Wisconsin","county":"Rusk","countyFips":"107","wfo":"","scale":2,"scaleLabel":"F2","lengthMiles":20.9,"widthYards":33,"deaths":0,"injuries":0,"propertyDamage":250000,"cropDamage":0,"source":"","dataSource":"PUB"}},{"type":"Feature","geometry":{"type":"LineString","coordinates":[[-90.5,44.7],[-90.32,44.68]]},"properties":{"id":"ncei-1967-10148088","eventId":"10148088","episodeId":"","year":1967,"month":7,"date":"1967-07-22","beginTime":"1967-07-22T23:00:00","endTime":"1967-07-22T23:00:00","timezone":"CST","state":"WI","stateName":"Wisconsin","county":"Clark","countyFips":"19","wfo":"","scale":2,"scaleLabel":"F2","lengthMiles":8.6,"widthYards":100,"deaths":0,"injuries":0,"propertyDamage":250000,"cropDamage":0,"source":"","dataSource":"PUB"}},{"type":"Feature","geometry":{"type":"LineString","coordinates":[[-90.32,44.68],[-90.05,44.67]]},"properties":{"id":"ncei-1967-10148089","eventId":"10148089","episodeId":"","year":1967,"month":7,"date":"1967-07-22","beginTime":"1967-07-22T23:18:00","endTime":"1967-07-22T23:18:00","timezone":"CST","state":"WI","stateName":"Wisconsin","county":"Wood","countyFips":"141","wfo":"","scale":2,"scaleLabel":"F2","lengthMiles":12.8,"widthYards":100,"deaths":0,"injuries":2,"propertyDamage":250000,"cropDamage":0,"source":"","dataSource":"PUB"}},{"type":"Feature","geometry":{"type":"LineString","coordinates":[[-88.5,43.88],[-88.42,43.8]]},"properties":{"id":"ncei-1967-10148090","eventId":"10148090","episodeId":"","year":1967,"month":7,"date":"1967-07-23","beginTime":"1967-07-23T01:10:00","endTime":"1967-07-23T01:10:00","timezone":"CST","state":"WI","stateName":"Wisconsin","county":"Fond Du Lac","countyFips":"39","wfo":"","scale":1,"scaleLabel":"F1","lengthMiles":6.5,"widthYards":100,"deaths":0,"injuries":0,"propertyDamage":250000,"cropDamage":0,"source":"","dataSource":"PUB"}},{"type":"Feature","geometry":{"type":"LineString","coordinates":[[-89.67,42.53],[-89.67,42.53]]},"properties":{"id":"ncei-1967-10148648","eventId":"10148648","episodeId":"","year":1967,"month":7,"date":"1967-07-29","beginTime":"1967-07-29T16:30:00","endTime":"1967-07-29T16:30:00","timezone":"CST","state":"WI","stateName":"Wisconsin","county":"Green","countyFips":"45","wfo":"","scale":1,"scaleLabel":"F1","lengthMiles":2,"widthYards":33,"deaths":0,"injuries":0,"propertyDamage":25000,"cropDamage":0,"source":"","dataSource":"PUB"}},{"type":"Feature","geometry":{"type":"LineString","coordinates":[[-91.62,45.17],[-91.57,45.2]]},"properties":{"id":"ncei-1967-10148649","eventId":"10148649","episodeId":"","year":1967,"month":8,"date":"1967-08-01","beginTime":"1967-08-01T16:55:00","endTime":"1967-08-01T16:55:00","timezone":"CST","state":"WI","stateName":"Wisconsin","county":"Chippewa","countyFips":"17","wfo":"","scale":1,"scaleLabel":"F1","lengthMiles":2.7,"widthYards":100,"deaths":0,"injuries":0,"propertyDamage":250000,"cropDamage":0,"source":"","dataSource":"PUB"}},{"type":"Feature","geometry":{"type":"LineString","coordinates":[[-90.27,43.37],[-90.27,43.37]]},"properties":{"id":"ncei-1967-10148651","eventId":"10148651","episodeId":"","year":1967,"month":8,"date":"1967-08-01","beginTime":"1967-08-01T23:00:00","endTime":"1967-08-01T23:00:00","timezone":"CST","state":"WI","stateName":"Wisconsin","county":"Richland","countyFips":"103","wfo":"","scale":1,"scaleLabel":"F1","lengthMiles":2,"widthYards":100,"deaths":0,"injuries":0,"propertyDamage":25000,"cropDamage":0,"source":"","dataSource":"PUB"}},{"type":"Feature","geometry":{"type":"LineString","coordinates":[[-89.45,43.13],[-89.43,43.12]]},"properties":{"id":"ncei-1967-10148652","eventId":"10148652","episodeId":"","year":1967,"month":8,"date":"1967-08-02","beginTime":"1967-08-02T02:05:00","endTime":"1967-08-02T02:05:00","timezone":"CST","state":"WI","stateName":"Wisconsin","county":"Dane","countyFips":"25","wfo":"","scale":3,"scaleLabel":"F3","lengthMiles":0,"widthYards":200,"deaths":2,"injuries":5,"propertyDamage":25000,"cropDamage":0,"source":"","dataSource":"PUB"}},{"type":"Feature","geometry":{"type":"LineString","coordinates":[[-112.5,38],[-112.5,38]]},"properties":{"id":"ncei-1967-10150603","eventId":"10150603","episodeId":"","year":1967,"month":6,"date":"1967-06-16","beginTime":"1967-06-16T15:00:00","endTime":"1967-06-16T15:00:00","timezone":"CST","state":"UT","stateName":"Utah","county":"Iron","countyFips":"21","wfo":"","scale":-1,"scaleLabel":"Unknown","lengthMiles":0,"widthYards":33,"deaths":0,"injuries":0,"propertyDamage":0,"cropDamage":0,"source":"","dataSource":"PUB"}},{"type":"Feature","geometry":{"type":"LineString","coordinates":[[-111.25,38.92],[-111.25,38.92]]},"properties":{"id":"ncei-1967-10150608","eventId":"10150608","episodeId":"","year":1967,"month":11,"date":"1967-11-02","beginTime":"1967-11-02T09:30:00","endTime":"1967-11-02T09:30:00","timezone":"CST","state":"UT","stateName":"Utah","county":"Emery","countyFips":"15","wfo":"","scale":2,"scaleLabel":"F2","lengthMiles":0,"widthYards":17,"deaths":0,"injuries":0,"propertyDamage":25000,"cropDamage":0,"source":"","dataSource":"PUB"}},{"type":"Feature","geometry":{"type":"LineString","coordinates":[[-75.8,37.62],[-75.8,37.62]]},"properties":{"id":"ncei-1967-10153138","eventId":"10153138","episodeId":"","year":1967,"month":5,"date":"1967-05-07","beginTime":"1967-05-07T16:00:00","endTime":"1967-05-07T16:00:00","timezone":"CST","state":"VA","stateName":"Virginia","county":"Accomack","countyFips":"1","wfo":"","scale":1,"scaleLabel":"F1","lengthMiles":0.1,"widthYards":20,"deaths":0,"injuries":1,"propertyDamage":25000,"cropDamage":0,"source":"","dataSource":"PUB"}},{"type":"Feature","geometry":{"type":"LineString","coordinates":[[-76.58,36.55],[-76.58,36.55]]},"properties":{"id":"ncei-1967-10153986","eventId":"10153986","episodeId":"","year":1967,"month":7,"date":"1967-07-04","beginTime":"1967-07-04T11:55:00","endTime":"1967-07-04T11:55:00","timezone":"CST","state":"VA","stateName":"Virginia","county":"Suffolk (c)","countyFips":"800","wfo":"","scale":3,"scaleLabel":"F3","lengthMiles":2,"widthYards":50,"deaths":0,"injuries":5,"propertyDamage":25000,"cropDamage":0,"source":"","dataSource":"PUB"}},{"type":"Feature","geometry":{"type":"LineString","coordinates":[[-75.97,36.85],[-75.97,36.85]]},"properties":{"id":"ncei-1967-10153997","eventId":"10153997","episodeId":"","year":1967,"month":10,"date":"1967-10-25","beginTime":"1967-10-25T17:00:00","endTime":"1967-10-25T17:00:00","timezone":"CST","state":"VA","stateName":"Virginia","county":"Virginia Beach (c)","countyFips":"810","wfo":"","scale":1,"scaleLabel":"F1","lengthMiles":2,"widthYards":333,"deaths":0,"injuries":0,"propertyDamage":25000,"cropDamage":0,"source":"","dataSource":"PUB"}},{"type":"Feature","geometry":{"type":"LineString","coordinates":[[-104.4,41.97],[-104.25,42.12]]},"properties":{"id":"ncei-1967-10161722","eventId":"10161722","episodeId":"","year":1967,"month":4,"date":"1967-04-12","beginTime":"1967-04-12T18:00:00","endTime":"1967-04-12T18:00:00","timezone":"CST","state":"WY","stateName":"Wyoming","county":"Goshen","countyFips":"15","wfo":"","scale":2,"scaleLabel":"F2","lengthMiles":12.6,"widthYards":50,"deaths":0,"injuries":0,"propertyDamage":25000,"cropDamage":0,"source":"","dataSource":"PUB"}},{"type":"Feature","geometry":{"type":"LineString","coordinates":[[-105.5,43.9],[-105.5,43.9]]},"properties":{"id":"ncei-1967-10161723","eventId":"10161723","episodeId":"","year":1967,"month":4,"date":"1967-04-19","beginTime":"1967-04-19T16:30:00","endTime":"1967-04-19T16:30:00","timezone":"CST","state":"WY","stateName":"Wyoming","county":"Campbell","countyFips":"5","wfo":"","scale":1,"scaleLabel":"F1","lengthMiles":0.1,"widthYards":33,"deaths":0,"injuries":0,"propertyDamage":0,"cropDamage":0,"source":"","dataSource":"PUB"}},{"type":"Feature","geometry":{"type":"LineString","coordinates":[[-108.35,43.1],[-108.25,43.2]]},"properties":{"id":"ncei-1967-10161725","eventId":"10161725","episodeId":"","year":1967,"month":6,"date":"1967-06-06","beginTime":"1967-06-06T14:30:00","endTime":"1967-06-06T14:30:00","timezone":"CST","state":"WY","stateName":"Wyoming","county":"Fremont","countyFips":"13","wfo":"","scale":2,"scaleLabel":"F2","lengthMiles":8.2,"widthYards":33,"deaths":0,"injuries":2,"propertyDamage":0,"cropDamage":0,"source":"","dataSource":"PUB"}},{"type":"Feature","geometry":{"type":"LineString","coordinates":[[-105.2,44.35],[-105.2,44.35]]},"properties":{"id":"ncei-1967-10161727","eventId":"10161727","episodeId":"","year":1967,"month":6,"date":"1967-06-09","beginTime":"1967-06-09T10:25:00","endTime":"1967-06-09T10:25:00","timezone":"CST","state":"WY","stateName":"Wyoming","county":"Goshen","countyFips":"15","wfo":"","scale":-1,"scaleLabel":"Unknown","lengthMiles":0,"widthYards":33,"deaths":0,"injuries":0,"propertyDamage":0,"cropDamage":0,"source":"","dataSource":"PUB"}},{"type":"Feature","geometry":{"type":"LineString","coordinates":[[-108.4,42.95],[-108.4,42.95]]},"properties":{"id":"ncei-1967-10161730","eventId":"10161730","episodeId":"","year":1967,"month":6,"date":"1967-06-14","beginTime":"1967-06-14T17:00:00","endTime":"1967-06-14T17:00:00","timezone":"CST","state":"WY","stateName":"Wyoming","county":"Fremont","countyFips":"13","wfo":"","scale":1,"scaleLabel":"F1","lengthMiles":0.5,"widthYards":17,"deaths":0,"injuries":1,"propertyDamage":25000,"cropDamage":0,"source":"","dataSource":"PUB"}},{"type":"Feature","geometry":{"type":"LineString","coordinates":[[-104.25,44.4],[-104.25,44.4]]},"properties":{"id":"ncei-1967-10161731","eventId":"10161731","episodeId":"","year":1967,"month":6,"date":"1967-06-18","beginTime":"1967-06-18T12:30:00","endTime":"1967-06-18T12:30:00","timezone":"CST","state":"WY","stateName":"Wyoming","county":"Crook","countyFips":"11","wfo":"","scale":1,"scaleLabel":"F1","lengthMiles":0.1,"widthYards":17,"deaths":0,"injuries":0,"propertyDamage":0,"cropDamage":0,"source":"","dataSource":"PUB"}},{"type":"Feature","geometry":{"type":"LineString","coordinates":[[-106.7,41.2],[-106.65,41.22]]},"properties":{"id":"ncei-1967-10161734","eventId":"10161734","episodeId":"","year":1967,"month":7,"date":"1967-07-15","beginTime":"1967-07-15T16:00:00","endTime":"1967-07-15T16:00:00","timezone":"CST","state":"WY","stateName":"Wyoming","county":"Carbon","countyFips":"7","wfo":"","scale":-1,"scaleLabel":"Unknown","lengthMiles":1.3,"widthYards":800,"deaths":0,"injuries":0,"propertyDamage":25000,"cropDamage":0,"source":"","dataSource":"PUB"}},{"type":"Feature","geometry":{"type":"LineString","coordinates":[[-108.17,44.37],[-108.17,44.37]]},"properties":{"id":"ncei-1967-10161735","eventId":"10161735","episodeId":"","year":1967,"month":7,"date":"1967-07-24","beginTime":"1967-07-24T16:00:00","endTime":"1967-07-24T16:00:00","timezone":"CST","state":"WY","stateName":"Wyoming","county":"Big Horn","countyFips":"3","wfo":"","scale":2,"scaleLabel":"F2","lengthMiles":0,"widthYards":50,"deaths":0,"injuries":0,"propertyDamage":2500,"cropDamage":0,"source":"","dataSource":"PUB"}},{"type":"Feature","geometry":{"type":"LineString","coordinates":[[-86.83,33.45],[-86.77,33.47]]},"properties":{"id":"ncei-1967-9976147","eventId":"9976147","episodeId":"","year":1967,"month":5,"date":"1967-05-06","beginTime":"1967-05-06T18:45:00","endTime":"1967-05-06T18:45:00","timezone":"CST","state":"AL","stateName":"Alabama","county":"Jefferson","countyFips":"73","wfo":"","scale":3,"scaleLabel":"F3","lengthMiles":4.3,"widthYards":200,"deaths":1,"injuries":25,"propertyDamage":2500000,"cropDamage":0,"source":"","dataSource":"PUB"}},{"type":"Feature","geometry":{"type":"LineString","coordinates":[[-86.1,33.4],[-86.02,33.43]]},"properties":{"id":"ncei-1967-9976158","eventId":"9976158","episodeId":"","year":1967,"month":5,"date":"1967-05-07","beginTime":"1967-05-07T04:40:00","endTime":"1967-05-07T04:40:00","timezone":"CST","state":"AL","stateName":"Alabama","county":"Talladega","countyFips":"121","wfo":"","scale":2,"scaleLabel":"F2","lengthMiles":5.2,"widthYards":33,"deaths":0,"injuries":0,"propertyDamage":25000,"cropDamage":0,"source":"","dataSource":"PUB"}},{"type":"Feature","geometry":{"type":"LineString","coordinates":[[-88.15,34.45],[-88.15,34.45]]},"properties":{"id":"ncei-1967-9976173","eventId":"9976173","episodeId":"","year":1967,"month":6,"date":"1967-06-21","beginTime":"1967-06-21T13:00:00","endTime":"1967-06-21T13:00:00","timezone":"CST","state":"AL","stateName":"Alabama","county":"Franklin","countyFips":"59","wfo":"","scale":-1,"scaleLabel":"Unknown","lengthMiles":0,"widthYards":33,"deaths":0,"injuries":0,"propertyDamage":250000,"cropDamage":0,"source":"","dataSource":"PUB"}},{"type":"Feature","geometry":{"type":"LineString","coordinates":[[-88.15,34.45],[-88.15,34.45]]},"properties":{"id":"ncei-1967-9976178","eventId":"9976178","episodeId":"","year":1967,"month":6,"date":"1967-06-29","beginTime":"1967-06-29T14:00:00","endTime":"1967-06-29T14:00:00","timezone":"CST","state":"AL","stateName":"Alabama","county":"Franklin","countyFips":"59","wfo":"","scale":2,"scaleLabel":"F2","lengthMiles":0.5,"widthYards":33,"deaths":0,"injuries":0,"propertyDamage":25000,"cropDamage":0,"source":"","dataSource":"PUB"}},{"type":"Feature","geometry":{"type":"LineString","coordinates":[[-88.17,30.63],[-88.17,30.63]]},"properties":{"id":"ncei-1967-9976184","eventId":"9976184","episodeId":"","year":1967,"month":7,"date":"1967-07-19","beginTime":"1967-07-19T17:00:00","endTime":"1967-07-19T17:00:00","timezone":"CST","state":"AL","stateName":"Alabama","county":"Mobile","countyFips":"97","wfo":"","scale":1,"scaleLabel":"F1","lengthMiles":0,"widthYards":33,"deaths":0,"injuries":0,"propertyDamage":0,"cropDamage":0,"source":"","dataSource":"PUB"}},{"type":"Feature","geometry":{"type":"LineString","coordinates":[[-87.78,34.8],[-87.58,34.85]]},"properties":{"id":"ncei-1967-9976189","eventId":"9976189","episodeId":"","year":1967,"month":10,"date":"1967-10-24","beginTime":"1967-10-24T18:45:00","endTime":"1967-10-24T18:45:00","timezone":"CST","state":"AL","stateName":"Alabama","county":"Lauderdale","countyFips":"77","wfo":"","scale":3,"scaleLabel":"F3","lengthMiles":11.9,"widthYards":100,"deaths":0,"injuries":1,"propertyDamage":250000,"cropDamage":0,"source":"","dataSource":"PUB"}},{"type":"Feature","geometry":{"type":"LineString","coordinates":[[-87.67,34.67],[-87.45,34.73]]},"properties":{"id":"ncei-1967-9976190","eventId":"9976190","episodeId":"","year":1967,"month":10,"date":"1967-10-24","beginTime":"1967-10-24T19:00:00","endTime":"1967-10-24T19:00:00","timezone":"CST","state":"AL","stateName":"Alabama","county":"Colbert","countyFips":"33","wfo":"","scale":3,"scaleLabel":"F3","lengthMiles":13.1,"widthYards":33,"deaths":0,"injuries":0,"propertyDamage":250000,"cropDamage":0,"source":"","dataSource":"PUB"}},{"type":"Feature","geometry":{"type":"LineString","coordinates":[[-87.45,34.73],[-87.42,34.73]]},"properties":{"id":"ncei-1967-9976191","eventId":"9976191","episodeId":"","year":1967,"month":10,"date":"1967-10-24","beginTime":"1967-10-24T19:00:00","endTime":"1967-10-24T19:00:00","timezone":"CST","state":"AL","stateName":"Alabama","county":"Lawrence","countyFips":"79","wfo":"","scale":3,"scaleLabel":"F3","lengthMiles":1.9,"widthYards":33,"deaths":0,"injuries":3,"propertyDamage":250000,"cropDamage":0,"source":"","dataSource":"PUB"}},{"type":"Feature","geometry":{"type":"LineString","coordinates":[[-87.65,30.25],[-87.78,30.4]]},"properties":{"id":"ncei-1967-9976193","eventId":"9976193","episodeId":"","year":1967,"month":10,"date":"1967-10-30","beginTime":"1967-10-30T09:30:00","endTime":"1967-10-30T09:30:00","timezone":"CST","state":"AL","stateName":"Alabama","county":"Baldwin","countyFips":"3","wfo":"","scale":2,"scaleLabel":"F2","lengthMiles":13.1,"widthYards":33,"deaths":0,"injuries":1,"propertyDamage":25000,"cropDamage":0,"source":"","dataSource":"PUB"}},{"type":"Feature","geometry":{"type":"LineString","coordinates":[[-88.1,30.33],[-88.1,30.33]]},"properties":{"id":"ncei-1967-9976196","eventId":"9976196","episodeId":"","year":1967,"month":10,"date":"1967-10-30","beginTime":"1967-10-30T15:00:00","endTime":"1967-10-30T15:00:00","timezone":"CST","state":"AL","stateName":"Alabama","county":"Mobile","countyFips":"97","wfo":"","scale":2,"scaleLabel":"F2","lengthMiles":0,"widthYards":33,"deaths":0,"injuries":0,"propertyDamage":2500,"cropDamage":0,"source":"","dataSource":"PUB"}},{"type":"Feature","geometry":{"type":"LineString","coordinates":[[-85.92,33.65],[-85.87,33.68]]},"properties":{"id":"ncei-1967-9976198","eventId":"9976198","episodeId":"","year":1967,"month":11,"date":"1967-11-22","beginTime":"1967-11-22T16:00:00","endTime":"1967-11-22T16:00:00","timezone":"CST","state":"AL","stateName":"Alabama","county":"Calhoun","countyFips":"15","wfo":"","scale":2,"scaleLabel":"F2","lengthMiles":3.8,"widthYards":33,"deaths":0,"injuries":2,"propertyDamage":250000,"cropDamage":0,"source":"","dataSource":"PUB"}},{"type":"Feature","geometry":{"type":"LineString","coordinates":[[-86.58,34.72],[-86.48,34.67]]},"properties":{"id":"ncei-1967-9976199","eventId":"9976199","episodeId":"","year":1967,"month":11,"date":"1967-11-24","beginTime":"1967-11-24T13:05:00","endTime":"1967-11-24T13:05:00","timezone":"CST","state":"AL","stateName":"Alabama","county":"Madison","countyFips":"89","wfo":"","scale":2,"scaleLabel":"F2","lengthMiles":6.6,"widthYards":83,"deaths":0,"injuries":7,"propertyDamage":250000,"cropDamage":0,"source":"","dataSource":"PUB"}},{"type":"Feature","geometry":{"type":"LineString","coordinates":[[-87.4,31.43],[-87.4,31.43]]},"properties":{"id":"ncei-1967-9976202","eventId":"9976202","episodeId":"","year":1967,"month":12,"date":"1967-12-02","beginTime":"1967-12-02T15:45:00","endTime":"1967-12-02T15:45:00","timezone":"CST","state":"AL","stateName":"Alabama","county":"Monroe","countyFips":"99","wfo":"","scale":2,"scaleLabel":"F2","lengthMiles":1,"widthYards":300,"deaths":0,"injuries":0,"propertyDamage":250000,"cropDamage":0,"source":"","dataSource":"PUB"}},{"type":"Feature","geometry":{"type":"LineString","coordinates":[[-87.77,30.3],[-87.53,30.33]]},"properties":{"id":"ncei-1967-9976205","eventId":"9976205","episodeId":"","year":1967,"month":12,"date":"1967-12-10","beginTime":"1967-12-10T04:10:00","endTime":"1967-12-10T04:10:00","timezone":"CST","state":"AL","stateName":"Alabama","county":"Baldwin","countyFips":"3","wfo":"","scale":2,"scaleLabel":"F2","lengthMiles":14.2,"widthYards":33,"deaths":0,"injuries":0,"propertyDamage":250000,"cropDamage":0,"source":"","dataSource":"PUB"}},{"type":"Feature","geometry":{"type":"LineString","coordinates":[[-86.7,34.55],[-86.68,34.58]]},"properties":{"id":"ncei-1967-9977278","eventId":"9977278","episodeId":"","year":1967,"month":12,"date":"1967-12-18","beginTime":"1967-12-18T03:25:00","endTime":"1967-12-18T03:25:00","timezone":"CST","state":"AL","stateName":"Alabama","county":"Morgan","countyFips":"103","wfo":"","scale":2,"scaleLabel":"F2","lengthMiles":2.7,"widthYards":300,"deaths":2,"injuries":0,"propertyDamage":2500000,"cropDamage":0,"source":"","dataSource":"PUB"}},{"type":"Feature","geometry":{"type":"LineString","coordinates":[[-86.68,34.58],[-86.5,34.83]]},"properties":{"id":"ncei-1967-9977279","eventId":"9977279","episodeId":"","year":1967,"month":12,"date":"1967-12-18","beginTime":"1967-12-18T03:25:00","endTime":"1967-12-18T03:25:00","timezone":"CST","state":"AL","stateName":"Alabama","county":"Madison","countyFips":"89","wfo":"","scale":2,"scaleLabel":"F2","lengthMiles":20.2,"widthYards":300,"deaths":0,"injuries":27,"propertyDamage":2500000,"cropDamage":0,"source":"","dataSource":"PUB"}},{"type":"Feature","geometry":{"type":"LineString","coordinates":[[-88.15,32.43],[-88.05,32.5]]},"properties":{"id":"ncei-1967-9977281","eventId":"9977281","episodeId":"","year":1967,"month":12,"date":"1967-12-18","beginTime":"1967-12-18T06:25:00","endTime":"1967-12-18T06:25:00","timezone":"CST","state":"AL","stateName":"Alabama","county":"Sumter","countyFips":"119","wfo":"","scale":3,"scaleLabel":"F3","lengthMiles":7.6,"widthYards":33,"deaths":0,"injuries":0,"propertyDamage":25000,"cropDamage":0,"source":"","dataSource":"PUB"}},{"type":"Feature","geometry":{"type":"LineString","coordinates":[[-86.8,33.6],[-86.8,33.6]]},"properties":{"id":"ncei-1967-9977282","eventId":"9977282","episodeId":"","year":1967,"month":12,"date":"1967-12-19","beginTime":"1967-12-19T05:00:00","endTime":"1967-12-19T05:00:00","timezone":"CST","state":"AL","stateName":"Alabama","county":"Jefferson","countyFips":"73","wfo":"","scale":2,"scaleLabel":"F2","lengthMiles":2,"widthYards":33,"deaths":0,"injuries":0,"propertyDamage":25000,"cropDamage":0,"source":"","dataSource":"PUB"}},{"type":"Feature","geometry":{"type":"LineString","coordinates":[[-86.67,34.7],[-86.48,34.8]]},"properties":{"id":"ncei-1967-9977284","eventId":"9977284","episodeId":"","year":1967,"month":12,"date":"1967-12-21","beginTime":"1967-12-21T19:30:00","endTime":"1967-12-21T19:30:00","timezone":"CST","state":"AL","stateName":"Alabama","county":"Madison","countyFips":"89","wfo":"","scale":1,"scaleLabel":"F1","lengthMiles":12.6,"widthYards":33,"deaths":0,"injuries":1,"propertyDamage":250000,"cropDamage":0,"source":"","dataSource":"PUB"}},{"type":"Feature","geometry":{"type":"LineString","coordinates":[[-88,33.4],[-88,33.4]]},"properties":{"id":"ncei-1967-9979263","eventId":"9979263","episodeId":"","year":1967,"month":3,"date":"1967-03-06","beginTime":"1967-03-06T14:30:00","endTime":"1967-03-06T14:30:00","timezone":"CST","state":"AL","stateName":"Alabama","county":"Pickens","countyFips":"107","wfo":"","scale":1,"scaleLabel":"F1","lengthMiles":0,"widthYards":33,"deaths":0,"injuries":0,"propertyDamage":25000,"cropDamage":0,"source":"","dataSource":"PUB"}},{"type":"Feature","geometry":{"type":"LineString","coordinates":[[-87.3,33.9],[-87.3,33.9]]},"properties":{"id":"ncei-1967-9979264","eventId":"9979264","episodeId":"","year":1967,"month":3,"date":"1967-03-06","beginTime":"1967-03-06T15:10:00","endTime":"1967-03-06T15:10:00","timezone":"CST","state":"AL","stateName":"Alabama","county":"Walker","countyFips":"127","wfo":"","scale":1,"scaleLabel":"F1","lengthMiles":0,"widthYards":33,"deaths":0,"injuries":1,"propertyDamage":25000,"cropDamage":0,"source":"","dataSource":"PUB"}},{"type":"Feature","geometry":{"type":"LineString","coordinates":[[-87.17,33.7],[-86.82,33.78]]},"properties":{"id":"ncei-1967-9979265","eventId":"9979265","episodeId":"","year":1967,"month":3,"date":"1967-03-06","beginTime":"1967-03-06T15:30:00","endTime":"1967-03-06T15:30:00","timezone":"CST","state":"AL","stateName":"Alabama","county":"Walker","countyFips":"127","wfo":"","scale":4,"scaleLabel":"F4","lengthMiles":20.9,"widthYards":440,"deaths":2,"injuries":25,"propertyDamage":250000,"cropDamage":0,"source":"","dataSource":"PUB"}},{"type":"Feature","geometry":{"type":"LineString","coordinates":[[-87.53,32.43],[-87.5,32.45]]},"properties":{"id":"ncei-1967-9979268","eventId":"9979268","episodeId":"","year":1967,"month":3,"date":"1967-03-06","beginTime":"1967-03-06T17:00:00","endTime":"1967-03-06T17:00:00","timezone":"CST","state":"AL","stateName":"Alabama","county":"Perry","countyFips":"105","wfo":"","scale":2,"scaleLabel":"F2","lengthMiles":2.3,"widthYards":200,"deaths":0,"injuries":0,"propertyDamage":2500000,"cropDamage":0,"source":"","dataSource":"PUB"}},{"type":"Feature","geometry":{"type":"LineString","coordinates":[[-86.2,33.88],[-86.2,33.88]]},"properties":{"id":"ncei-1967-9979269","eventId":"9979269","episodeId":"","year":1967,"month":3,"date":"1967-03-06","beginTime":"1967-03-06T17:20:00","endTime":"1967-03-06T17:20:00","timezone":"CST","state":"AL","stateName":"Alabama","county":"St. Clair","countyFips":"115","wfo":"","scale":2,"scaleLabel":"F2","lengthMiles":0,"widthYards":33,"deaths":0,"injuries":0,"propertyDamage":25000,"cropDamage":0,"source":"","dataSource":"PUB"}},{"type":"Feature","geometry":{"type":"LineString","coordinates":[[-86.88,32.78],[-86.88,32.78]]},"properties":{"id":"ncei-1967-9979270","eventId":"9979270","episodeId":"","year":1967,"month":3,"date":"1967-03-06","beginTime":"1967-03-06T18:00:00","endTime":"1967-03-06T18:00:00","timezone":"CST","state":"AL","stateName":"Alabama","county":"Chilton","countyFips":"21","wfo":"","scale":1,"scaleLabel":"F1","lengthMiles":0,"widthYards":33,"deaths":0,"injuries":4,"propertyDamage":25000,"cropDamage":0,"source":"","dataSource":"PUB"}},{"type":"Feature","geometry":{"type":"LineString","coordinates":[[-85.85,33.63],[-85.85,33.63]]},"properties":{"id":"ncei-1967-9979274","eventId":"9979274","episodeId":"","year":1967,"month":3,"date":"1967-03-06","beginTime":"1967-03-06T19:00:00","endTime":"1967-03-06T19:00:00","timezone":"CST","state":"AL","stateName":"Alabama","county":"Calhoun","countyFips":"15","wfo":"","scale":2,"scaleLabel":"F2","lengthMiles":0,"widthYards":33,"deaths":0,"injuries":0,"propertyDamage":25000,"cropDamage":0,"source":"","dataSource":"PUB"}},{"type":"Feature","geometry":{"type":"LineString","coordinates":[[-111.75,32.73],[-111.75,32.73]]},"properties":{"id":"ncei-1967-9980600","eventId":"9980600","episodeId":"","year":1967,"month":7,"date":"1967-07-16","beginTime":"1967-07-16T18:30:00","endTime":"1967-07-16T18:30:00","timezone":"CST","state":"AZ","stateName":"Arizona","county":"Pinal","countyFips":"21","wfo":"","scale":1,"scaleLabel":"F1","lengthMiles":1,"widthYards":17,"deaths":0,"injuries":0,"propertyDamage":25000,"cropDamage":0,"source":"","dataSource":"PUB"}},{"type":"Feature","geometry":{"type":"LineString","coordinates":[[-112.53,33.78],[-112.53,33.78]]},"properties":{"id":"ncei-1967-9980601","eventId":"9980601","episodeId":"","year":1967,"month":7,"date":"1967-07-29","beginTime":"1967-07-29T22:55:00","endTime":"1967-07-29T22:55:00","timezone":"CST","state":"AZ","stateName":"Arizona","county":"Maricopa","countyFips":"13","wfo":"","scale":-1,"scaleLabel":"Unknown","lengthMiles":0,"widthYards":33,"deaths":0,"injuries":0,"propertyDamage":25000,"cropDamage":0,"source":"","dataSource":"PUB"}},{"type":"Feature","geometry":{"type":"LineString","coordinates":[[-112.28,34.4],[-112.28,34.4]]},"properties":{"id":"ncei-1967-9980603","eventId":"9980603","episodeId":"","year":1967,"month":8,"date":"1967-08-05","beginTime":"1967-08-05T17:00:00","endTime":"1967-08-05T17:00:00","timezone":"CST","state":"AZ","stateName":"Arizona","county":"Yavapai","countyFips":"25","wfo":"","scale":-1,"scaleLabel":"Unknown","lengthMiles":0,"widthYards":17,"deaths":0,"injuries":0,"propertyDamage":0,"cropDamage":0,"source":"","dataSource":"PUB"}},{"type":"Feature","geometry":{"type":"LineString","coordinates":[[-112.5,35.4],[-112.5,35.4]]},"properties":{"id":"ncei-1967-9980605","eventId":"9980605","episodeId":"","year":1967,"month":8,"date":"1967-08-08","beginTime":"1967-08-08T13:15:00","endTime":"1967-08-08T13:15:00","timezone":"CST","state":"AZ","stateName":"Arizona","county":"Coconino","countyFips":"5","wfo":"","scale":-1,"scaleLabel":"Unknown","lengthMiles":0,"widthYards":33,"deaths":0,"injuries":0,"propertyDamage":0,"cropDamage":0,"source":"","dataSource":"PUB"}},{"type":"Feature","geometry":{"type":"LineString","coordinates":[[-111.82,33.38],[-111.82,33.38]]},"properties":{"id":"ncei-1967-9980613","eventId":"9980613","episodeId":"","year":1967,"month":12,"date":"1967-12-19","beginTime":"1967-12-19T18:30:00","endTime":"1967-12-19T18:30:00","timezone":"CST","state":"AZ","stateName":"Arizona","county":"Maricopa","countyFips":"13","wfo":"","scale":-1,"scaleLabel":"Unknown","lengthMiles":0.3,"widthYards":33,"deaths":0,"injuries":0,"propertyDamage":25000,"cropDamage":0,"source":"","dataSource":"PUB"}},{"type":"Feature","geometry":{"type":"LineString","coordinates":[[-89.8,35.9],[-89.8,35.9]]},"properties":{"id":"ncei-1967-9980945","eventId":"9980945","episodeId":"","year":1967,"month":2,"date":"1967-02-02","beginTime":"1967-02-02T03:45:00","endTime":"1967-02-02T03:45:00","timezone":"CST","state":"AR","stateName":"Arkansas","county":"Mississippi","countyFips":"93","wfo":"","scale":-1,"scaleLabel":"Unknown","lengthMiles":0,"widthYards":33,"deaths":0,"injuries":0,"propertyDamage":0,"cropDamage":0,"source":"","dataSource":"PUB"}},{"type":"Feature","geometry":{"type":"LineString","coordinates":[[-93.08,34.48],[-93.02,34.5]]},"properties":{"id":"ncei-1967-9980949","eventId":"9980949","episodeId":"","year":1967,"month":3,"date":"1967-03-05","beginTime":"1967-03-05T18:55:00","endTime":"1967-03-05T18:55:00","timezone":"CST","state":"AR","stateName":"Arkansas","county":"Garland","countyFips":"51","wfo":"","scale":3,"scaleLabel":"F3","lengthMiles":4.3,"widthYards":67,"deaths":0,"injuries":6,"propertyDamage":250000,"cropDamage":0,"source":"","dataSource":"PUB"}},{"type":"Feature","geometry":{"type":"LineString","coordinates":[[-92.38,34.7],[-92.18,34.72]]},"properties":{"id":"ncei-1967-9980950","eventId":"9980950","episodeId":"","year":1967,"month":3,"date":"1967-03-05","beginTime":"1967-03-05T19:55:00","endTime":"1967-03-05T19:55:00","timezone":"CST","state":"AR","stateName":"Arkansas","county":"Pulaski","countyFips":"119","wfo":"","scale":2,"scaleLabel":"F2","lengthMiles":11.4,"widthYards":33,"deaths":0,"injuries":4,"propertyDamage":250000,"cropDamage":0,"source":"","dataSource":"PUB"}},{"type":"Feature","geometry":{"type":"LineString","coordinates":[[-93.93,35.13],[-93.93,35.13]]},"properties":{"id":"ncei-1967-9980951","eventId":"9980951","episodeId":"","year":1967,"month":3,"date":"1967-03-25","beginTime":"1967-03-25T23:45:00","endTime":"1967-03-25T23:45:00","timezone":"CST","state":"AR","stateName":"Arkansas","county":"Logan","countyFips":"83","wfo":"","scale":2,"scaleLabel":"F2","lengthMiles":1,"widthYards":33,"deaths":0,"injuries":5,"propertyDamage":0,"cropDamage":0,"source":"","dataSource":"PUB"}},{"type":"Feature","geometry":{"type":"LineString","coordinates":[[-93.92,33.88],[-93.92,33.88]]},"properties":{"id":"ncei-1967-9980952","eventId":"9980952","episodeId":"","year":1967,"month":4,"date":"1967-04-13","beginTime":"1967-04-13T09:36:00","endTime":"1967-04-13T09:36:00","timezone":"CST","state":"AR","stateName":"Arkansas","county":"Howard","countyFips":"61","wfo":"","scale":2,"scaleLabel":"F2","lengthMiles":0.5,"widthYards":100,"deaths":0,"injuries":4,"propertyDamage":25000,"cropDamage":0,"source":"","dataSource":"PUB"}},{"type":"Feature","geometry":{"type":"LineString","coordinates":[[-91.97,33.12],[-91.97,33.12]]},"properties":{"id":"ncei-1967-9980954","eventId":"9980954","episodeId":"","year":1967,"month":4,"date":"1967-04-13","beginTime":"1967-04-13T15:30:00","endTime":"1967-04-13T15:30:00","timezone":"CST","state":"AR","stateName":"Arkansas","county":"Ashley","countyFips":"3","wfo":"","scale":2,"scaleLabel":"F2","lengthMiles":2,"widthYards":100,"deaths":0,"injuries":0,"propertyDamage":2500000,"cropDamage":0,"source":"","dataSource":"PUB"}},{"type":"Feature","geometry":{"type":"LineString","coordinates":[[-92.1,33.05],[-92.1,33.05]]},"properties":{"id":"ncei-1967-9980956","eventId":"9980956","episodeId":"","year":1967,"month":4,"date":"1967-04-13","beginTime":"1967-04-13T18:00:00","endTime":"1967-04-13T18:00:00","timezone":"CST","state":"AR","stateName":"Arkansas","county":"Ashley","countyFips":"3","wfo":"","scale":-1,"scaleLabel":"Unknown","lengthMiles":0,"widthYards":33,"deaths":0,"injuries":0,"propertyDamage":0,"cropDamage":0,"source":"","dataSource":"PUB"}},{"type":"Feature","geometry":{"type":"LineString","coordinates":[[-92.1,33.05],[-92.1,33.05]]},"properties":{"id":"ncei-1967-9980957","eventId":"9980957","episodeId":"","year":1967,"month":4,"date":"1967-04-13","beginTime":"1967-04-13T18:00:00","endTime":"1967-04-13T18:00:00","timezone":"CST","state":"AR","stateName":"Arkansas","county":"Ashley","countyFips":"3","wfo":"","scale":0,"scaleLabel":"F0","lengthMiles":0,"widthYards":33,"deaths":0,"injuries":0,"propertyDamage":0,"cropDamage":0,"source":"","dataSource":"PUB"}},{"type":"Feature","geometry":{"type":"LineString","coordinates":[[-91.9,33.02],[-91.9,33.02]]},"properties":{"id":"ncei-1967-9980958","eventId":"9980958","episodeId":"","year":1967,"month":4,"date":"1967-04-13","beginTime":"1967-04-13T18:00:00","endTime":"1967-04-13T18:00:00","timezone":"CST","state":"AR","stateName":"Arkansas","county":"Ashley","countyFips":"3","wfo":"","scale":1,"scaleLabel":"F1","lengthMiles":0,"widthYards":33,"deaths":0,"injuries":0,"propertyDamage":0,"cropDamage":0,"source":"","dataSource":"PUB"}},{"type":"Feature","geometry":{"type":"LineString","coordinates":[[-90.5,36.05],[-90.5,36.05]]},"properties":{"id":"ncei-1967-9980959","eventId":"9980959","episodeId":"","year":1967,"month":4,"date":"1967-04-13","beginTime":"1967-04-13T18:36:00","endTime":"1967-04-13T18:36:00","timezone":"CST","state":"AR","stateName":"Arkansas","county":"Greene","countyFips":"55","wfo":"","scale":2,"scaleLabel":"F2","lengthMiles":2,"widthYards":100,"deaths":0,"injuries":2,"propertyDamage":2500000,"cropDamage":0,"source":"","dataSource":"PUB"}},{"type":"Feature","geometry":{"type":"LineString","coordinates":[[-93.23,34.35],[-93.23,34.35]]},"properties":{"id":"ncei-1967-9980986","eventId":"9980986","episodeId":"","year":1967,"month":5,"date":"1967-05-01","beginTime":"1967-05-01T07:20:00","endTime":"1967-05-01T07:20:00","timezone":"CST","state":"AR","stateName":"Arkansas","county":"Hot Spring","countyFips":"59","wfo":"","scale":1,"scaleLabel":"F1","lengthMiles":0,"widthYards":33,"deaths":0,"injuries":0,"propertyDamage":0,"cropDamage":0,"source":"","dataSource":"PUB"}},{"type":"Feature","geometry":{"type":"LineString","coordinates":[[-92.85,33.95],[-92.85,33.95]]},"properties":{"id":"ncei-1967-9980988","eventId":"9980988","episodeId":"","year":1967,"month":5,"date":"1967-05-06","beginTime":"1967-05-06T00:10:00","endTime":"1967-05-06T00:10:00","timezone":"CST","state":"AR","stateName":"Arkansas","county":"Dallas","countyFips":"39","wfo":"","scale":2,"scaleLabel":"F2","lengthMiles":1,"widthYards":200,"deaths":0,"injuries":0,"propertyDamage":250000,"cropDamage":0,"source":"","dataSource":"PUB"}},{"type":"Feature","geometry":{"type":"LineString","coordinates":[[-91.97,34.53],[-91.88,34.53]]},"properties":{"id":"ncei-1967-9980992","eventId":"9980992","episodeId":"","year":1967,"month":5,"date":"1967-05-06","beginTime":"1967-05-06T21:05:00","endTime":"1967-05-06T21:05:00","timezone":"CST","state":"AR","stateName":"Arkansas","county":"Lonoke","countyFips":"85","wfo":"","scale":2,"scaleLabel":"F2","lengthMiles":4.9,"widthYards":100,"deaths":0,"injuries":1,"propertyDamage":250000,"cropDamage":0,"source":"","dataSource":"PUB"}},{"type":"Feature","geometry":{"type":"LineString","coordinates":[[-91.88,34.53],[-91.77,34.53]]},"properties":{"id":"ncei-1967-9980993","eventId":"9980993","episodeId":"","year":1967,"month":5,"date":"1967-05-06","beginTime":"1967-05-06T21:12:00","endTime":"1967-05-06T21:12:00","timezone":"CST","state":"AR","stateName":"Arkansas","county":"Lonoke","countyFips":"85","wfo":"","scale":2,"scaleLabel":"F2","lengthMiles":6.6,"widthYards":100,"deaths":0,"injuries":0,"propertyDamage":250000,"cropDamage":0,"source":"","dataSource":"PUB"}},{"type":"Feature","geometry":{"type":"LineString","coordinates":[[-91.77,34.53],[-91.55,34.53]]},"properties":{"id":"ncei-1967-9980994","eventId":"9980994","episodeId":"","year":1967,"month":5,"date":"1967-05-06","beginTime":"1967-05-06T21:25:00","endTime":"1967-05-06T21:25:00","timezone":"CST","state":"AR","stateName":"Arkansas","county":"Lonoke","countyFips":"85","wfo":"","scale":2,"scaleLabel":"F2","lengthMiles":12.3,"widthYards":100,"deaths":0,"injuries":0,"propertyDamage":250000,"cropDamage":0,"source":"","dataSource":"PUB"}},{"type":"Feature","geometry":{"type":"LineString","coordinates":[[-91.55,34.53],[-91.53,34.52]]},"properties":{"id":"ncei-1967-9980995","eventId":"9980995","episodeId":"","year":1967,"month":5,"date":"1967-05-06","beginTime":"1967-05-06T21:30:00","endTime":"1967-05-06T21:30:00","timezone":"CST","state":"AR","stateName":"Arkansas","county":"Arkansas","countyFips":"1","wfo":"","scale":2,"scaleLabel":"F2","lengthMiles":1.3,"widthYards":100,"deaths":0,"injuries":0,"propertyDamage":250000,"cropDamage":0,"source":"","dataSource":"PUB"}},{"type":"Feature","geometry":{"type":"LineString","coordinates":[[-92.2,33.9],[-92.2,33.9]]},"properties":{"id":"ncei-1967-9982076","eventId":"9982076","episodeId":"","year":1967,"month":5,"date":"1967-05-14","beginTime":"1967-05-14T17:05:00","endTime":"1967-05-14T17:05:00","timezone":"CST","state":"AR","stateName":"Arkansas","county":"Cleveland","countyFips":"25","wfo":"","scale":-1,"scaleLabel":"Unknown","lengthMiles":0,"widthYards":33,"deaths":0,"injuries":0,"propertyDamage":0,"cropDamage":0,"source":"","dataSource":"PUB"}},{"type":"Feature","geometry":{"type":"LineString","coordinates":[[-92.33,35.32],[-92.33,35.32]]},"properties":{"id":"ncei-1967-9982085","eventId":"9982085","episodeId":"","year":1967,"month":7,"date":"1967-07-28","beginTime":"1967-07-28T20:00:00","endTime":"1967-07-28T20:00:00","timezone":"CST","state":"AR","stateName":"Arkansas","county":"Faulkner","countyFips":"45","wfo":"","scale":1,"scaleLabel":"F1","lengthMiles":1.5,"widthYards":100,"deaths":0,"injuries":0,"propertyDamage":2500,"cropDamage":0,"source":"","dataSource":"PUB"}},{"type":"Feature","geometry":{"type":"LineString","coordinates":[[-94.4,35.35],[-94.35,35.38]]},"properties":{"id":"ncei-1967-9982092","eventId":"9982092","episodeId":"","year":1967,"month":12,"date":"1967-12-21","beginTime":"1967-12-21T06:00:00","endTime":"1967-12-21T06:00:00","timezone":"CST","state":"AR","stateName":"Arkansas","county":"Sebastian","countyFips":"131","wfo":"","scale":2,"scaleLabel":"F2","lengthMiles":3.8,"widthYards":833,"deaths":0,"injuries":6,"propertyDamage":25000,"cropDamage":0,"source":"","dataSource":"PUB"}},{"type":"Feature","geometry":{"type":"LineString","coordinates":[[-93.6,33.67],[-93.6,33.67]]},"properties":{"id":"ncei-1967-9982095","eventId":"9982095","episodeId":"","year":1967,"month":12,"date":"1967-12-21","beginTime":"1967-12-21T09:30:00","endTime":"1967-12-21T09:30:00","timezone":"CST","state":"AR","stateName":"Arkansas","county":"Hempstead","countyFips":"57","wfo":"","scale":2,"scaleLabel":"F2","lengthMiles":2,"widthYards":417,"deaths":0,"injuries":0,"propertyDamage":250000,"cropDamage":0,"source":"","dataSource":"PUB"}},{"type":"Feature","geometry":{"type":"LineString","coordinates":[[-80.1,26.32],[-80.1,26.32]]},"properties":{"id":"ncei-1967-9985288","eventId":"9985288","episodeId":"","year":1967,"month":2,"date":"1967-02-22","beginTime":"1967-02-22T14:00:00","endTime":"1967-02-22T14:00:00","timezone":"CST","state":"FL","stateName":"Florida","county":"Broward","countyFips":"11","wfo":"","scale":1,"scaleLabel":"F1","lengthMiles":0,"widthYards":33,"deaths":0,"injuries":2,"propertyDamage":0,"cropDamage":0,"source":"","dataSource":"PUB"}},{"type":"Feature","geometry":{"type":"LineString","coordinates":[[-81.5,27.62],[-81.5,27.62]]},"properties":{"id":"ncei-1967-9985290","eventId":"9985290","episodeId":"","year":1967,"month":5,"date":"1967-05-17","beginTime":"1967-05-17T16:00:00","endTime":"1967-05-17T16:00:00","timezone":"CST","state":"FL","stateName":"Florida","county":"Highlands","countyFips":"55","wfo":"","scale":1,"scaleLabel":"F1","lengthMiles":0,"widthYards":33,"deaths":0,"injuries":0,"propertyDamage":25000,"cropDamage":0,"source":"","dataSource":"PUB"}},{"type":"Feature","geometry":{"type":"LineString","coordinates":[[-81.83,29.62],[-81.55,29.67]]},"properties":{"id":"ncei-1967-9985292","eventId":"9985292","episodeId":"","year":1967,"month":5,"date":"1967-05-22","beginTime":"1967-05-22T13:15:00","endTime":"1967-05-22T13:15:00","timezone":"CST","state":"FL","stateName":"Florida","county":"Putnam","countyFips":"107","wfo":"","scale":2,"scaleLabel":"F2","lengthMiles":17.4,"widthYards":20,"deaths":0,"injuries":2,"propertyDamage":25000,"cropDamage":0,"source":"","dataSource":"PUB"}},{"type":"Feature","geometry":{"type":"LineString","coordinates":[[-81.45,27.5],[-81.45,27.5]]},"properties":{"id":"ncei-1967-9985295","eventId":"9985295","episodeId":"","year":1967,"month":5,"date":"1967-05-30","beginTime":"1967-05-30T14:00:00","endTime":"1967-05-30T14:00:00","timezone":"CST","state":"FL","stateName":"Florida","county":"Highlands","countyFips":"55","wfo":"","scale":1,"scaleLabel":"F1","lengthMiles":0,"widthYards":33,"deaths":0,"injuries":0,"propertyDamage":25000,"cropDamage":0,"source":"","dataSource":"PUB"}},{"type":"Feature","geometry":{"type":"LineString","coordinates":[[-81.8,27.2],[-81.8,27.2]]},"properties":{"id":"ncei-1967-9985296","eventId":"9985296","episodeId":"","year":1967,"month":5,"date":"1967-05-31","beginTime":"1967-05-31T16:40:00","endTime":"1967-05-31T16:40:00","timezone":"CST","state":"FL","stateName":"Florida","county":"De Soto","countyFips":"27","wfo":"","scale":-1,"scaleLabel":"Unknown","lengthMiles":0,"widthYards":33,"deaths":0,"injuries":0,"propertyDamage":25000,"cropDamage":0,"source":"","dataSource":"PUB"}},{"type":"Feature","geometry":{"type":"LineString","coordinates":[[-84.58,30.58],[-84.58,30.58]]},"properties":{"id":"ncei-1967-9985301","eventId":"9985301","episodeId":"","year":1967,"month":6,"date":"1967-06-01","beginTime":"1967-06-01T17:00:00","endTime":"1967-06-01T17:00:00","timezone":"CST","state":"FL","stateName":"Florida","county":"Gadsden","countyFips":"39","wfo":"","scale":2,"scaleLabel":"F2","lengthMiles":0.3,"widthYards":33,"deaths":0,"injuries":0,"propertyDamage":25000,"cropDamage":0,"source":"","dataSource":"PUB"}},{"type":"Feature","geometry":{"type":"LineString","coordinates":[[-80.05,26.53],[-80.05,26.53]]},"properties":{"id":"ncei-1967-9985302","eventId":"9985302","episodeId":"","year":1967,"month":6,"date":"1967-06-03","beginTime":"1967-06-03T11:00:00","endTime":"1967-06-03T11:00:00","timezone":"CST","state":"FL","stateName":"Florida","county":"Palm Beach","countyFips":"99","wfo":"","scale":-1,"scaleLabel":"Unknown","lengthMiles":0,"widthYards":33,"deaths":0,"injuries":0,"propertyDamage":2500,"cropDamage":0,"source":"","dataSource":"PUB"}},{"type":"Feature","geometry":{"type":"LineString","coordinates":[[-81.35,28.5],[-81.35,28.5]]},"properties":{"id":"ncei-1967-9985304","eventId":"9985304","episodeId":"","year":1967,"month":6,"date":"1967-06-05","beginTime":"1967-06-05T13:50:00","endTime":"1967-06-05T13:50:00","timezone":"CST","state":"FL","stateName":"Florida","county":"Orange","countyFips":"95","wfo":"","scale":2,"scaleLabel":"F2","lengthMiles":0.1,"widthYards":173,"deaths":0,"injuries":0,"propertyDamage":2500000,"cropDamage":0,"source":"","dataSource":"PUB"}},{"type":"Feature","geometry":{"type":"LineString","coordinates":[[-80.35,25.47],[-80.35,25.47]]},"properties":{"id":"ncei-1967-9985305","eventId":"9985305","episodeId":"","year":1967,"month":6,"date":"1967-06-09","beginTime":"1967-06-09T08:42:00","endTime":"1967-06-09T08:42:00","timezone":"CST","state":"FL","stateName":"Florida","county":"Miami-Dade","countyFips":"86","wfo":"","scale":-1,"scaleLabel":"Unknown","lengthMiles":0,"widthYards":33,"deaths":0,"injuries":0,"propertyDamage":0,"cropDamage":0,"source":"","dataSource":"PUB"}},{"type":"Feature","geometry":{"type":"LineString","coordinates":[[-81.07,28.7],[-81.07,28.7]]},"properties":{"id":"ncei-1967-9985306","eventId":"9985306","episodeId":"","year":1967,"month":6,"date":"1967-06-19","beginTime":"1967-06-19T13:30:00","endTime":"1967-06-19T13:30:00","timezone":"CST","state":"FL","stateName":"Florida","county":"Seminole","countyFips":"117","wfo":"","scale":-1,"scaleLabel":"Unknown","lengthMiles":0,"widthYards":33,"deaths":0,"injuries":0,"propertyDamage":25000,"cropDamage":0,"source":"","dataSource":"PUB"}},{"type":"Feature","geometry":{"type":"LineString","coordinates":[[-82.5,27.9],[-82.42,27.92]]},"properties":{"id":"ncei-1967-9985311","eventId":"9985311","episodeId":"","year":1967,"month":7,"date":"1967-07-14","beginTime":"1967-07-14T06:45:00","endTime":"1967-07-14T06:45:00","timezone":"CST","state":"FL","stateName":"Florida","county":"Hillsborough","countyFips":"57","wfo":"","scale":1,"scaleLabel":"F1","lengthMiles":5.4,"widthYards":150,"deaths":0,"injuries":0,"propertyDamage":2500,"cropDamage":0,"source":"","dataSource":"PUB"}},{"type":"Feature","geometry":{"type":"LineString","coordinates":[[-80.3,27.47],[-80.3,27.47]]},"properties":{"id":"ncei-1967-9985315","eventId":"9985315","episodeId":"","year":1967,"month":8,"date":"1967-08-01","beginTime":"1967-08-01T16:15:00","endTime":"1967-08-01T16:15:00","timezone":"CST","state":"FL","stateName":"Florida","county":"St. Lucie","countyFips":"111","wfo":"","scale":2,"scaleLabel":"F2","lengthMiles":0,"widthYards":33,"deaths":0,"injuries":0,"propertyDamage":25000,"cropDamage":0,"source":"","dataSource":"PUB"}},{"type":"Feature","geometry":{"type":"LineString","coordinates":[[-80.8,28.62],[-80.8,28.62]]},"properties":{"id":"ncei-1967-9985316","eventId":"9985316","episodeId":"","year":1967,"month":8,"date":"1967-08-08","beginTime":"1967-08-08T14:00:00","endTime":"1967-08-08T14:00:00","timezone":"CST","state":"FL","stateName":"Florida","county":"Brevard","countyFips":"9","wfo":"","scale":1,"scaleLabel":"F1","lengthMiles":0,"widthYards":33,"deaths":0,"injuries":0,"propertyDamage":2500,"cropDamage":0,"source":"","dataSource":"PUB"}},{"type":"Feature","geometry":{"type":"LineString","coordinates":[[-80.07,26.9],[-80.07,26.9]]},"properties":{"id":"ncei-1967-9985321","eventId":"9985321","episodeId":"","year":1967,"month":9,"date":"1967-09-21","beginTime":"1967-09-21T02:00:00","endTime":"1967-09-21T02:00:00","timezone":"CST","state":"FL","stateName":"Florida","county":"Palm Beach","countyFips":"99","wfo":"","scale":-1,"scaleLabel":"Unknown","lengthMiles":0,"widthYards":33,"deaths":0,"injuries":0,"propertyDamage":2500,"cropDamage":0,"source":"","dataSource":"PUB"}},{"type":"Feature","geometry":{"type":"LineString","coordinates":[[-87.27,30.43],[-87.27,30.43]]},"properties":{"id":"ncei-1967-9985324","eventId":"9985324","episodeId":"","year":1967,"month":10,"date":"1967-10-30","beginTime":"1967-10-30T16:55:00","endTime":"1967-10-30T16:55:00","timezone":"CST","state":"FL","stateName":"Florida","county":"Escambia","countyFips":"33","wfo":"","scale":3,"scaleLabel":"F3","lengthMiles":0,"widthYards":33,"deaths":0,"injuries":44,"propertyDamage":250000,"cropDamage":0,"source":"","dataSource":"PUB"}},{"type":"Feature","geometry":{"type":"LineString","coordinates":[[-86.62,30.4],[-86.52,30.43]]},"properties":{"id":"ncei-1967-9985327","eventId":"9985327","episodeId":"","year":1967,"month":12,"date":"1967-12-10","beginTime":"1967-12-10T02:15:00","endTime":"1967-12-10T02:15:00","timezone":"CST","state":"FL","stateName":"Florida","county":"Okaloosa","countyFips":"91","wfo":"","scale":2,"scaleLabel":"F2","lengthMiles":6.8,"widthYards":1000,"deaths":1,"injuries":50,"propertyDamage":2500000,"cropDamage":0,"source":"","dataSource":"PUB"}},{"type":"Feature","geometry":{"type":"LineString","coordinates":[[-86.2,30.6],[-86.2,30.6]]},"properties":{"id":"ncei-1967-9985330","eventId":"9985330","episodeId":"","year":1967,"month":12,"date":"1967-12-10","beginTime":"1967-12-10T03:30:00","endTime":"1967-12-10T03:30:00","timezone":"CST","state":"FL","stateName":"Florida","county":"Walton","countyFips":"131","wfo":"","scale":3,"scaleLabel":"F3","lengthMiles":0,"widthYards":33,"deaths":0,"injuries":0,"propertyDamage":25000,"cropDamage":0,"source":"","dataSource":"PUB"}},{"type":"Feature","geometry":{"type":"LineString","coordinates":[[-85.77,30.77],[-85.63,30.85]]},"properties":{"id":"ncei-1967-9985334","eventId":"9985334","episodeId":"","year":1967,"month":12,"date":"1967-12-10","beginTime":"1967-12-10T07:00:00","endTime":"1967-12-10T07:00:00","timezone":"CST","state":"FL","stateName":"Florida","county":"Holmes","countyFips":"59","wfo":"","scale":2,"scaleLabel":"F2","lengthMiles":9.9,"widthYards":300,"deaths":0,"injuries":0,"propertyDamage":25000,"cropDamage":0,"source":"","dataSource":"PUB"}},{"type":"Feature","geometry":{"type":"LineString","coordinates":[[-85.57,30.07],[-85.55,30.17]]},"properties":{"id":"ncei-1967-9985335","eventId":"9985335","episodeId":"","year":1967,"month":12,"date":"1967-12-10","beginTime":"1967-12-10T08:20:00","endTime":"1967-12-10T08:20:00","timezone":"CST","state":"FL","stateName":"Florida","county":"Bay","countyFips":"5","wfo":"","scale":3,"scaleLabel":"F3","lengthMiles":7.1,"widthYards":250,"deaths":1,"injuries":50,"propertyDamage":2500000,"cropDamage":0,"source":"","dataSource":"PUB"}},{"type":"Feature","geometry":{"type":"LineString","coordinates":[[-85.1,30.5],[-85.1,30.5]]},"properties":{"id":"ncei-1967-9985336","eventId":"9985336","episodeId":"","year":1967,"month":12,"date":"1967-12-10","beginTime":"1967-12-10T09:00:00","endTime":"1967-12-10T09:00:00","timezone":"CST","state":"FL","stateName":"Florida","county":"Calhoun","countyFips":"13","wfo":"","scale":2,"scaleLabel":"F2","lengthMiles":0,"widthYards":33,"deaths":0,"injuries":0,"propertyDamage":25000,"cropDamage":0,"source":"","dataSource":"PUB"}},{"type":"Feature","geometry":{"type":"LineString","coordinates":[[-85.2,30],[-85.2,30]]},"properties":{"id":"ncei-1967-9985337","eventId":"9985337","episodeId":"","year":1967,"month":12,"date":"1967-12-10","beginTime":"1967-12-10T10:00:00","endTime":"1967-12-10T10:00:00","timezone":"CST","state":"FL","stateName":"Florida","county":"Gulf","countyFips":"45","wfo":"","scale":2,"scaleLabel":"F2","lengthMiles":0,"widthYards":70,"deaths":0,"injuries":0,"propertyDamage":25000,"cropDamage":0,"source":"","dataSource":"PUB"}},{"type":"Feature","geometry":{"type":"LineString","coordinates":[[-81.75,27.92],[-81.75,27.92]]},"properties":{"id":"ncei-1967-9985338","eventId":"9985338","episodeId":"","year":1967,"month":12,"date":"1967-12-11","beginTime":"1967-12-11T08:00:00","endTime":"1967-12-11T08:00:00","timezone":"CST","state":"FL","stateName":"Florida","county":"Polk","countyFips":"105","wfo":"","scale":-1,"scaleLabel":"Unknown","lengthMiles":0,"widthYards":33,"deaths":0,"injuries":0,"propertyDamage":0,"cropDamage":0,"source":"","dataSource":"PUB"}},{"type":"Feature","geometry":{"type":"LineString","coordinates":[[-82.78,27.9],[-82.78,27.9]]},"properties":{"id":"ncei-1967-9985344","eventId":"9985344","episodeId":"","year":1967,"month":12,"date":"1967-12-28","beginTime":"1967-12-28T09:10:00","endTime":"1967-12-28T09:10:00","timezone":"CST","state":"FL","stateName":"Florida","county":"Pinellas","countyFips":"103","wfo":"","scale":2,"scaleLabel":"F2","lengthMiles":0,"widthYards":33,"deaths":0,"injuries":0,"propertyDamage":25000,"cropDamage":0,"source":"","dataSource":"PUB"}},{"type":"Feature","geometry":{"type":"LineString","coordinates":[[-104.37,38.82],[-104.37,38.82]]},"properties":{"id":"ncei-1967-9985416","eventId":"9985416","episodeId":"","year":1967,"month":5,"date":"1967-05-28","beginTime":"1967-05-28T17:20:00","endTime":"1967-05-28T17:20:00","timezone":"CST","state":"CO","stateName":"Colorado","county":"El Paso","countyFips":"41","wfo":"","scale":0,"scaleLabel":"F0","lengthMiles":0,"widthYards":33,"deaths":0,"injuries":0,"propertyDamage":0,"cropDamage":0,"source":"","dataSource":"PUB"}},{"type":"Feature","geometry":{"type":"LineString","coordinates":[[-102.15,38.28],[-102.15,38.28]]},"properties":{"id":"ncei-1967-9985418","eventId":"9985418","episodeId":"","year":1967,"month":5,"date":"1967-05-29","beginTime":"1967-05-29T18:30:00","endTime":"1967-05-29T18:30:00","timezone":"CST","state":"CO","stateName":"Colorado","county":"Kiowa","countyFips":"61","wfo":"","scale":0,"scaleLabel":"F0","lengthMiles":0,"widthYards":33,"deaths":0,"injuries":0,"propertyDamage":0,"cropDamage":0,"source":"","dataSource":"PUB"}},{"type":"Feature","geometry":{"type":"LineString","coordinates":[[-75.58,39.02],[-75.58,39.02]]},"properties":{"id":"ncei-1967-9986258","eventId":"9986258","episodeId":"","year":1967,"month":1,"date":"1967-01-27","beginTime":"1967-01-27T13:30:00","endTime":"1967-01-27T13:30:00","timezone":"CST","state":"DE","stateName":"Delaware","county":"Kent","countyFips":"1","wfo":"","scale":2,"scaleLabel":"F2","lengthMiles":0.5,"widthYards":50,"deaths":0,"injuries":7,"propertyDamage":250000,"cropDamage":0,"source":"","dataSource":"PUB"}},{"type":"Feature","geometry":{"type":"LineString","coordinates":[[-75.45,39.8],[-75.45,39.8]]},"properties":{"id":"ncei-1967-9986260","eventId":"9986260","episodeId":"","year":1967,"month":8,"date":"1967-08-27","beginTime":"1967-08-27T13:30:00","endTime":"1967-08-27T13:30:00","timezone":"CST","state":"DE","stateName":"Delaware","county":"New Castle","countyFips":"3","wfo":"","scale":0,"scaleLabel":"F0","lengthMiles":0.5,"widthYards":50,"deaths":0,"injuries":0,"propertyDamage":2500,"cropDamage":0,"source":"","dataSource":"PUB"}},{"type":"Feature","geometry":{"type":"LineString","coordinates":[[-75.65,39.63],[-75.65,39.63]]},"properties":{"id":"ncei-1967-9986261","eventId":"9986261","episodeId":"","year":1967,"month":10,"date":"1967-10-18","beginTime":"1967-10-18T16:15:00","endTime":"1967-10-18T16:15:00","timezone":"CST","state":"DE","stateName":"Delaware","county":"New Castle","countyFips":"3","wfo":"","scale":1,"scaleLabel":"F1","lengthMiles":0.3,"widthYards":17,"deaths":0,"injuries":0,"propertyDamage":2500,"cropDamage":0,"source":"","dataSource":"PUB"}},{"type":"Feature","geometry":{"type":"LineString","coordinates":[[-75.6,39.68],[-75.6,39.68]]},"properties":{"id":"ncei-1967-9986262","eventId":"9986262","episodeId":"","year":1967,"month":10,"date":"1967-10-18","beginTime":"1967-10-18T17:15:00","endTime":"1967-10-18T17:15:00","timezone":"CST","state":"DE","stateName":"Delaware","county":"New Castle","countyFips":"3","wfo":"","scale":1,"scaleLabel":"F1","lengthMiles":0.3,"widthYards":17,"deaths":0,"injuries":0,"propertyDamage":0,"cropDamage":0,"source":"","dataSource":"PUB"}},{"type":"Feature","geometry":{"type":"LineString","coordinates":[[-104.97,39.8],[-104.97,39.8]]},"properties":{"id":"ncei-1967-9986270","eventId":"9986270","episodeId":"","year":1967,"month":5,"date":"1967-05-30","beginTime":"1967-05-30T16:00:00","endTime":"1967-05-30T16:00:00","timezone":"CST","state":"CO","stateName":"Colorado","county":"Adams","countyFips":"1","wfo":"","scale":1,"scaleLabel":"F1","lengthMiles":0.5,"widthYards":17,"deaths":0,"injuries":0,"propertyDamage":2500,"cropDamage":0,"source":"","dataSource":"PUB"}},{"type":"Feature","geometry":{"type":"LineString","coordinates":[[-102.73,38.12],[-102.73,38.12]]},"properties":{"id":"ncei-1967-9986272","eventId":"9986272","episodeId":"","year":1967,"month":5,"date":"1967-05-30","beginTime":"1967-05-30T18:40:00","endTime":"1967-05-30T18:40:00","timezone":"CST","state":"CO","stateName":"Colorado","county":"Prowers","countyFips":"99","wfo":"","scale":0,"scaleLabel":"F0","lengthMiles":0,"widthYards":33,"deaths":0,"injuries":0,"propertyDamage":0,"cropDamage":0,"source":"","dataSource":"PUB"}},{"type":"Feature","geometry":{"type":"LineString","coordinates":[[-103.93,39.47],[-103.93,39.47]]},"properties":{"id":"ncei-1967-9986486","eventId":"9986486","episodeId":"","year":1967,"month":5,"date":"1967-05-30","beginTime":"1967-05-30T20:30:00","endTime":"1967-05-30T20:30:00","timezone":"CST","state":"CO","stateName":"Colorado","county":"Elbert","countyFips":"39","wfo":"","scale":0,"scaleLabel":"F0","lengthMiles":0,"widthYards":33,"deaths":0,"injuries":0,"propertyDamage":0,"cropDamage":0,"source":"","dataSource":"PUB"}},{"type":"Feature","geometry":{"type":"LineString","coordinates":[[-102.55,37.1],[-102.55,37.1]]},"properties":{"id":"ncei-1967-9986487","eventId":"9986487","episodeId":"","year":1967,"month":5,"date":"1967-05-31","beginTime":"1967-05-31T16:40:00","endTime":"1967-05-31T16:40:00","timezone":"CST","state":"CO","stateName":"Colorado","county":"Baca","countyFips":"9","wfo":"","scale":0,"scaleLabel":"F0","lengthMiles":0,"widthYards":33,"deaths":0,"injuries":0,"propertyDamage":0,"cropDamage":0,"source":"","dataSource":"PUB"}},{"type":"Feature","geometry":{"type":"LineString","coordinates":[[-103.05,40.13],[-103.05,40.13]]},"properties":{"id":"ncei-1967-9986492","eventId":"9986492","episodeId":"","year":1967,"month":6,"date":"1967-06-06","beginTime":"1967-06-06T17:15:00","endTime":"1967-06-06T17:15:00","timezone":"CST","state":"CO","stateName":"Colorado","county":"Washington","countyFips":"121","wfo":"","scale":1,"scaleLabel":"F1","lengthMiles":0,"widthYards":33,"deaths":0,"injuries":4,"propertyDamage":2500,"cropDamage":0,"source":"","dataSource":"PUB"}},{"type":"Feature","geometry":{"type":"LineString","coordinates":[[-104.95,39.72],[-104.95,39.72]]},"properties":{"id":"ncei-1967-9986493","eventId":"9986493","episodeId":"","year":1967,"month":6,"date":"1967-06-09","beginTime":"1967-06-09T11:50:00","endTime":"1967-06-09T11:50:00","timezone":"CST","state":"CO","stateName":"Colorado","county":"Denver","countyFips":"31","wfo":"","scale":1,"scaleLabel":"F1","lengthMiles":0.3,"widthYards":150,"deaths":0,"injuries":0,"propertyDamage":25000,"cropDamage":0,"source":"","dataSource":"PUB"}},{"type":"Feature","geometry":{"type":"LineString","coordinates":[[-104.82,39.77],[-104.82,39.77]]},"properties":{"id":"ncei-1967-9986494","eventId":"9986494","episodeId":"","year":1967,"month":6,"date":"1967-06-09","beginTime":"1967-06-09T12:56:00","endTime":"1967-06-09T12:56:00","timezone":"CST","state":"CO","stateName":"Colorado","county":"Adams","countyFips":"1","wfo":"","scale":0,"scaleLabel":"F0","lengthMiles":0,"widthYards":33,"deaths":0,"injuries":0,"propertyDamage":250000,"cropDamage":0,"source":"","dataSource":"PUB"}},{"type":"Feature","geometry":{"type":"LineString","coordinates":[[-102.45,37.53],[-102.25,37.4]]},"properties":{"id":"ncei-1967-9986497","eventId":"9986497","episodeId":"","year":1967,"month":6,"date":"1967-06-10","beginTime":"1967-06-10T17:15:00","endTime":"1967-06-10T17:15:00","timezone":"CST","state":"CO","stateName":"Colorado","county":"Baca","countyFips":"9","wfo":"","scale":2,"scaleLabel":"F2","lengthMiles":14.2,"widthYards":100,"deaths":0,"injuries":4,"propertyDamage":250000,"cropDamage":0,"source":"","dataSource":"PUB"}},{"type":"Feature","geometry":{"type":"LineString","coordinates":[[-102.1,38.83],[-102.1,38.83]]},"properties":{"id":"ncei-1967-9986498","eventId":"9986498","episodeId":"","year":1967,"month":6,"date":"1967-06-11","beginTime":"1967-06-11T14:30:00","endTime":"1967-06-11T14:30:00","timezone":"CST","state":"CO","stateName":"Colorado","county":"Cheyenne","countyFips":"17","wfo":"","scale":0,"scaleLabel":"F0","lengthMiles":0,"widthYards":33,"deaths":0,"injuries":0,"propertyDamage":0,"cropDamage":0,"source":"","dataSource":"PUB"}},{"type":"Feature","geometry":{"type":"LineString","coordinates":[[-104.85,39.52],[-104.82,39.55]]},"properties":{"id":"ncei-1967-9986500","eventId":"9986500","episodeId":"","year":1967,"month":6,"date":"1967-06-14","beginTime":"1967-06-14T14:55:00","endTime":"1967-06-14T14:55:00","timezone":"CST","state":"CO","stateName":"Colorado","county":"Douglas","countyFips":"35","wfo":"","scale":0,"scaleLabel":"F0","lengthMiles":1.3,"widthYards":33,"deaths":0,"injuries":0,"propertyDamage":0,"cropDamage":0,"source":"","dataSource":"PUB"}},{"type":"Feature","geometry":{"type":"LineString","coordinates":[[-104.7,39.57],[-104.7,39.57]]},"properties":{"id":"ncei-1967-9986503","eventId":"9986503","episodeId":"","year":1967,"month":6,"date":"1967-06-14","beginTime":"1967-06-14T16:05:00","endTime":"1967-06-14T16:05:00","timezone":"CST","state":"CO","stateName":"Colorado","county":"Douglas","countyFips":"35","wfo":"","scale":0,"scaleLabel":"F0","lengthMiles":0,"widthYards":33,"deaths":0,"injuries":0,"propertyDamage":0,"cropDamage":0,"source":"","dataSource":"PUB"}},{"type":"Feature","geometry":{"type":"LineString","coordinates":[[-104.6,39.58],[-104.6,39.58]]},"properties":{"id":"ncei-1967-9986507","eventId":"9986507","episodeId":"","year":1967,"month":6,"date":"1967-06-20","beginTime":"1967-06-20T16:15:00","endTime":"1967-06-20T16:15:00","timezone":"CST","state":"CO","stateName":"Colorado","county":"Arapahoe","countyFips":"5","wfo":"","scale":1,"scaleLabel":"F1","lengthMiles":0,"widthYards":33,"deaths":0,"injuries":0,"propertyDamage":25000,"cropDamage":0,"source":"","dataSource":"PUB"}},{"type":"Feature","geometry":{"type":"LineString","coordinates":[[-102.22,39.97],[-102.22,39.97]]},"properties":{"id":"ncei-1967-9986511","eventId":"9986511","episodeId":"","year":1967,"month":6,"date":"1967-06-28","beginTime":"1967-06-28T15:40:00","endTime":"1967-06-28T15:40:00","timezone":"CST","state":"CO","stateName":"Colorado","county":"Yuma","countyFips":"125","wfo":"","scale":0,"scaleLabel":"F0","lengthMiles":0,"widthYards":33,"deaths":0,"injuries":0,"propertyDamage":0,"cropDamage":0,"source":"","dataSource":"PUB"}},{"type":"Feature","geometry":{"type":"LineString","coordinates":[[-104.7,39.6],[-104.7,39.6]]},"properties":{"id":"ncei-1967-9986520","eventId":"9986520","episodeId":"","year":1967,"month":7,"date":"1967-07-03","beginTime":"1967-07-03T20:40:00","endTime":"1967-07-03T20:40:00","timezone":"CST","state":"CO","stateName":"Colorado","county":"Arapahoe","countyFips":"5","wfo":"","scale":0,"scaleLabel":"F0","lengthMiles":0,"widthYards":33,"deaths":0,"injuries":0,"propertyDamage":0,"cropDamage":0,"source":"","dataSource":"PUB"}},{"type":"Feature","geometry":{"type":"LineString","coordinates":[[-105.15,39.8],[-105.15,39.8]]},"properties":{"id":"ncei-1967-9986521","eventId":"9986521","episodeId":"","year":1967,"month":7,"date":"1967-07-03","beginTime":"1967-07-03T20:40:00","endTime":"1967-07-03T20:40:00","timezone":"CST","state":"CO","stateName":"Colorado","county":"Adams","countyFips":"1","wfo":"","scale":0,"scaleLabel":"F0","lengthMiles":0,"widthYards":33,"deaths":0,"injuries":0,"propertyDamage":0,"cropDamage":0,"source":"","dataSource":"PUB"}},{"type":"Feature","geometry":{"type":"LineString","coordinates":[[-104.87,39.85],[-104.87,39.85]]},"properties":{"id":"ncei-1967-9986522","eventId":"9986522","episodeId":"","year":1967,"month":7,"date":"1967-07-03","beginTime":"1967-07-03T20:40:00","endTime":"1967-07-03T20:40:00","timezone":"CST","state":"CO","stateName":"Colorado","county":"Jefferson","countyFips":"59","wfo":"","scale":0,"scaleLabel":"F0","lengthMiles":0,"widthYards":33,"deaths":0,"injuries":0,"propertyDamage":0,"cropDamage":0,"source":"","dataSource":"PUB"}},{"type":"Feature","geometry":{"type":"LineString","coordinates":[[-102.85,38.48],[-102.85,38.48]]},"properties":{"id":"ncei-1967-9986524","eventId":"9986524","episodeId":"","year":1967,"month":7,"date":"1967-07-04","beginTime":"1967-07-04T16:38:00","endTime":"1967-07-04T16:38:00","timezone":"CST","state":"CO","stateName":"Colorado","county":"Kiowa","countyFips":"61","wfo":"","scale":1,"scaleLabel":"F1","lengthMiles":0,"widthYards":33,"deaths":0,"injuries":0,"propertyDamage":0,"cropDamage":0,"source":"","dataSource":"PUB"}},{"type":"Feature","geometry":{"type":"LineString","coordinates":[[-104.37,40.17],[-104.37,40.17]]},"properties":{"id":"ncei-1967-9986529","eventId":"9986529","episodeId":"","year":1967,"month":7,"date":"1967-07-14","beginTime":"1967-07-14T20:00:00","endTime":"1967-07-14T20:00:00","timezone":"CST","state":"CO","stateName":"Colorado","county":"Weld","countyFips":"123","wfo":"","scale":0,"scaleLabel":"F0","lengthMiles":0,"widthYards":33,"deaths":0,"injuries":0,"propertyDamage":0,"cropDamage":0,"source":"","dataSource":"PUB"}},{"type":"Feature","geometry":{"type":"LineString","coordinates":[[-103.05,40.18],[-103.05,40.18]]},"properties":{"id":"ncei-1967-9986535","eventId":"9986535","episodeId":"","year":1967,"month":9,"date":"1967-09-10","beginTime":"1967-09-10T17:08:00","endTime":"1967-09-10T17:08:00","timezone":"CST","state":"CO","stateName":"Colorado","county":"Washington","countyFips":"121","wfo":"","scale":0,"scaleLabel":"F0","lengthMiles":0,"widthYards":33,"deaths":0,"injuries":0,"propertyDamage":0,"cropDamage":0,"source":"","dataSource":"PUB"}},{"type":"Feature","geometry":{"type":"LineString","coordinates":[[-118.5,34.02],[-118.5,34.02]]},"properties":{"id":"ncei-1967-9989540","eventId":"9989540","episodeId":"","year":1967,"month":4,"date":"1967-04-18","beginTime":"1967-04-18T20:00:00","endTime":"1967-04-18T20:00:00","timezone":"CST","state":"CA","stateName":"California","county":"Los Angeles","countyFips":"37","wfo":"","scale":0,"scaleLabel":"F0","lengthMiles":0.3,"widthYards":33,"deaths":0,"injuries":0,"propertyDamage":2500,"cropDamage":0,"source":"","dataSource":"PUB"}},{"type":"Feature","geometry":{"type":"LineString","coordinates":[[-120.07,36.97],[-120.07,36.97]]},"properties":{"id":"ncei-1967-9989541","eventId":"9989541","episodeId":"","year":1967,"month":4,"date":"1967-04-21","beginTime":"1967-04-21T18:45:00","endTime":"1967-04-21T18:45:00","timezone":"CST","state":"CA","stateName":"California","county":"Madera","countyFips":"39","wfo":"","scale":1,"scaleLabel":"F1","lengthMiles":0.1,"widthYards":10,"deaths":0,"injuries":0,"propertyDamage":2500,"cropDamage":0,"source":"","dataSource":"PUB"}},{"type":"Feature","geometry":{"type":"LineString","coordinates":[[-120.67,36.7],[-120.67,36.7]]},"properties":{"id":"ncei-1967-9989542","eventId":"9989542","episodeId":"","year":1967,"month":4,"date":"1967-04-22","beginTime":"1967-04-22T19:07:00","endTime":"1967-04-22T19:07:00","timezone":"CST","state":"CA","stateName":"California","county":"Fresno","countyFips":"19","wfo":"","scale":1,"scaleLabel":"F1","lengthMiles":0,"widthYards":33,"deaths":0,"injuries":0,"propertyDamage":0,"cropDamage":0,"source":"","dataSource":"PUB"}},{"type":"Feature","geometry":{"type":"LineString","coordinates":[[-120.75,37.1],[-120.75,37.1]]},"properties":{"id":"ncei-1967-9989543","eventId":"9989543","episodeId":"","year":1967,"month":4,"date":"1967-04-22","beginTime":"1967-04-22T20:15:00","endTime":"1967-04-22T20:15:00","timezone":"CST","state":"CA","stateName":"California","county":"Merced","countyFips":"47","wfo":"","scale":1,"scaleLabel":"F1","lengthMiles":1,"widthYards":33,"deaths":0,"injuries":0,"propertyDamage":0,"cropDamage":0,"source":"","dataSource":"PUB"}},{"type":"Feature","geometry":{"type":"LineString","coordinates":[[-121.3,37.97],[-121.3,37.97]]},"properties":{"id":"ncei-1967-9989545","eventId":"9989545","episodeId":"","year":1967,"month":5,"date":"1967-05-31","beginTime":"1967-05-31T19:50:00","endTime":"1967-05-31T19:50:00","timezone":"CST","state":"CA","stateName":"California","county":"San Joaquin","countyFips":"77","wfo":"","scale":1,"scaleLabel":"F1","lengthMiles":0.1,"widthYards":100,"deaths":0,"injuries":0,"propertyDamage":2500,"cropDamage":0,"source":"","dataSource":"PUB"}},{"type":"Feature","geometry":{"type":"LineString","coordinates":[[-84.92,32.93],[-84.9,32.63]]},"properties":{"id":"ncei-1967-9997255","eventId":"9997255","episodeId":"","year":1967,"month":4,"date":"1967-04-23","beginTime":"1967-04-23T13:00:00","endTime":"1967-04-23T13:00:00","timezone":"CST","state":"GA","stateName":"Georgia","county":"Troup","countyFips":"285","wfo":"","scale":1,"scaleLabel":"F1","lengthMiles":20.8,"widthYards":27,"deaths":0,"injuries":0,"propertyDamage":2500,"cropDamage":0,"source":"","dataSource":"PUB"}},{"type":"Feature","geometry":{"type":"LineString","coordinates":[[-83.45,32.33],[-83.45,32.33]]},"properties":{"id":"ncei-1967-9997468","eventId":"9997468","episodeId":"","year":1967,"month":4,"date":"1967-04-23","beginTime":"1967-04-23T15:00:00","endTime":"1967-04-23T15:00:00","timezone":"CST","state":"GA","stateName":"Georgia","county":"Pulaski","countyFips":"235","wfo":"","scale":0,"scaleLabel":"F0","lengthMiles":0,"widthYards":33,"deaths":0,"injuries":0,"propertyDamage":2500,"cropDamage":0,"source":"","dataSource":"PUB"}},{"type":"Feature","geometry":{"type":"LineString","coordinates":[[-83.25,32.47],[-83.25,32.47]]},"properties":{"id":"ncei-1967-9997469","eventId":"9997469","episodeId":"","year":1967,"month":4,"date":"1967-04-23","beginTime":"1967-04-23T15:00:00","endTime":"1967-04-23T15:00:00","timezone":"CST","state":"GA","stateName":"Georgia","county":"Bleckley","countyFips":"23","wfo":"","scale":1,"scaleLabel":"F1","lengthMiles":2,"widthYards":33,"deaths":0,"injuries":0,"propertyDamage":2500,"cropDamage":0,"source":"","dataSource":"PUB"}},{"type":"Feature","geometry":{"type":"LineString","coordinates":[[-85.25,33.53],[-85.25,33.53]]},"properties":{"id":"ncei-1967-9997475","eventId":"9997475","episodeId":"","year":1967,"month":5,"date":"1967-05-06","beginTime":"1967-05-06T19:15:00","endTime":"1967-05-06T19:15:00","timezone":"CST","state":"GA","stateName":"Georgia","county":"Carroll","countyFips":"45","wfo":"","scale":1,"scaleLabel":"F1","lengthMiles":2,"widthYards":150,"deaths":0,"injuries":0,"propertyDamage":25000,"cropDamage":0,"source":"","dataSource":"PUB"}},{"type":"Feature","geometry":{"type":"LineString","coordinates":[[-85,31.3],[-84.78,31.35]]},"properties":{"id":"ncei-1967-9997476","eventId":"9997476","episodeId":"","year":1967,"month":5,"date":"1967-05-07","beginTime":"1967-05-07T08:00:00","endTime":"1967-05-07T08:00:00","timezone":"CST","state":"GA","stateName":"Georgia","county":"Early","countyFips":"99","wfo":"","scale":1,"scaleLabel":"F1","lengthMiles":13.3,"widthYards":30,"deaths":0,"injuries":0,"propertyDamage":2500,"cropDamage":0,"source":"","dataSource":"PUB"}},{"type":"Feature","geometry":{"type":"LineString","coordinates":[[-83.8,31.2],[-83.8,31.2]]},"properties":{"id":"ncei-1967-9997477","eventId":"9997477","episodeId":"","year":1967,"month":5,"date":"1967-05-07","beginTime":"1967-05-07T09:30:00","endTime":"1967-05-07T09:30:00","timezone":"CST","state":"GA","stateName":"Georgia","county":"Colquitt","countyFips":"71","wfo":"","scale":1,"scaleLabel":"F1","lengthMiles":0.2,"widthYards":30,"deaths":0,"injuries":0,"propertyDamage":2500,"cropDamage":0,"source":"","dataSource":"PUB"}},{"type":"Feature","geometry":{"type":"LineString","coordinates":[[-83.5,31.35],[-83.5,31.35]]},"properties":{"id":"ncei-1967-9997480","eventId":"9997480","episodeId":"","year":1967,"month":5,"date":"1967-05-08","beginTime":"1967-05-08T20:00:00","endTime":"1967-05-08T20:00:00","timezone":"CST","state":"GA","stateName":"Georgia","county":"Tift","countyFips":"277","wfo":"","scale":0,"scaleLabel":"F0","lengthMiles":0.5,"widthYards":33,"deaths":0,"injuries":0,"propertyDamage":2500,"cropDamage":0,"source":"","dataSource":"PUB"}},{"type":"Feature","geometry":{"type":"LineString","coordinates":[[-85.3,34.87],[-85.3,34.87]]},"properties":{"id":"ncei-1967-9997482","eventId":"9997482","episodeId":"","year":1967,"month":5,"date":"1967-05-12","beginTime":"1967-05-12T08:15:00","endTime":"1967-05-12T08:15:00","timezone":"CST","state":"GA","stateName":"Georgia","county":"Walker","countyFips":"295","wfo":"","scale":1,"scaleLabel":"F1","lengthMiles":0.5,"widthYards":33,"deaths":0,"injuries":0,"propertyDamage":0,"cropDamage":0,"source":"","dataSource":"PUB"}},{"type":"Feature","geometry":{"type":"LineString","coordinates":[[-83.67,34.7],[-83.67,34.7]]},"properties":{"id":"ncei-1967-9997485","eventId":"9997485","episodeId":"","year":1967,"month":5,"date":"1967-05-15","beginTime":"1967-05-15T12:30:00","endTime":"1967-05-15T12:30:00","timezone":"CST","state":"GA","stateName":"Georgia","county":"White","countyFips":"311","wfo":"","scale":1,"scaleLabel":"F1","lengthMiles":0.9,"widthYards":33,"deaths":0,"injuries":0,"propertyDamage":25000,"cropDamage":0,"source":"","dataSource":"PUB"}},{"type":"Feature","geometry":{"type":"LineString","coordinates":[[-83.42,31.55],[-83.42,31.55]]},"properties":{"id":"ncei-1967-9997487","eventId":"9997487","episodeId":"","year":1967,"month":5,"date":"1967-05-22","beginTime":"1967-05-22T09:00:00","endTime":"1967-05-22T09:00:00","timezone":"CST","state":"GA","stateName":"Georgia","county":"Tift","countyFips":"277","wfo":"","scale":2,"scaleLabel":"F2","lengthMiles":0.5,"widthYards":30,"deaths":0,"injuries":0,"propertyDamage":25000,"cropDamage":0,"source":"","dataSource":"PUB"}},{"type":"Feature","geometry":{"type":"LineString","coordinates":[[-83.28,30.82],[-83.28,30.82]]},"properties":{"id":"ncei-1967-9997488","eventId":"9997488","episodeId":"","year":1967,"month":5,"date":"1967-05-22","beginTime":"1967-05-22T11:30:00","endTime":"1967-05-22T11:30:00","timezone":"CST","state":"GA","stateName":"Georgia","county":"Lowndes","countyFips":"185","wfo":"","scale":2,"scaleLabel":"F2","lengthMiles":0.5,"widthYards":500,"deaths":0,"injuries":0,"propertyDamage":25000,"cropDamage":0,"source":"","dataSource":"PUB"}},{"type":"Feature","geometry":{"type":"LineString","coordinates":[[-83.25,31.7],[-83.25,31.7]]},"properties":{"id":"ncei-1967-9997492","eventId":"9997492","episodeId":"","year":1967,"month":6,"date":"1967-06-19","beginTime":"1967-06-19T14:45:00","endTime":"1967-06-19T14:45:00","timezone":"CST","state":"GA","stateName":"Georgia","county":"Ben Hill","countyFips":"17","wfo":"","scale":2,"scaleLabel":"F2","lengthMiles":0.9,"widthYards":33,"deaths":0,"injuries":0,"propertyDamage":25000,"cropDamage":0,"source":"","dataSource":"PUB"}},{"type":"Feature","geometry":{"type":"LineString","coordinates":[[-83.77,31.9],[-83.77,31.9]]},"properties":{"id":"ncei-1967-9997494","eventId":"9997494","episodeId":"","year":1967,"month":7,"date":"1967-07-02","beginTime":"1967-07-02T18:45:00","endTime":"1967-07-02T18:45:00","timezone":"CST","state":"GA","stateName":"Georgia","county":"Crisp","countyFips":"81","wfo":"","scale":1,"scaleLabel":"F1","lengthMiles":0.5,"widthYards":27,"deaths":0,"injuries":3,"propertyDamage":2500,"cropDamage":0,"source":"","dataSource":"PUB"}},{"type":"Feature","geometry":{"type":"LineString","coordinates":[[-84.25,32.67],[-84.25,32.67]]},"properties":{"id":"ncei-1967-9997496","eventId":"9997496","episodeId":"","year":1967,"month":7,"date":"1967-07-07","beginTime":"1967-07-07T14:00:00","endTime":"1967-07-07T14:00:00","timezone":"CST","state":"GA","stateName":"Georgia","county":"Taylor","countyFips":"269","wfo":"","scale":2,"scaleLabel":"F2","lengthMiles":2,"widthYards":30,"deaths":0,"injuries":0,"propertyDamage":25000,"cropDamage":0,"source":"","dataSource":"PUB"}},{"type":"Feature","geometry":{"type":"LineString","coordinates":[[-81.63,32.75],[-81.63,32.75]]},"properties":{"id":"ncei-1967-9997497","eventId":"9997497","episodeId":"","year":1967,"month":7,"date":"1967-07-07","beginTime":"1967-07-07T16:45:00","endTime":"1967-07-07T16:45:00","timezone":"CST","state":"GA","stateName":"Georgia","county":"Screven","countyFips":"251","wfo":"","scale":2,"scaleLabel":"F2","lengthMiles":0.5,"widthYards":33,"deaths":0,"injuries":0,"propertyDamage":25000,"cropDamage":0,"source":"","dataSource":"PUB"}},{"type":"Feature","geometry":{"type":"LineString","coordinates":[[-83.25,33.1],[-83.25,33.1]]},"properties":{"id":"ncei-1967-9997500","eventId":"9997500","episodeId":"","year":1967,"month":7,"date":"1967-07-23","beginTime":"1967-07-23T16:15:00","endTime":"1967-07-23T16:15:00","timezone":"CST","state":"GA","stateName":"Georgia","county":"Baldwin","countyFips":"9","wfo":"","scale":1,"scaleLabel":"F1","lengthMiles":0.3,"widthYards":33,"deaths":0,"injuries":0,"propertyDamage":2500,"cropDamage":0,"source":"","dataSource":"PUB"}},{"type":"Feature","geometry":{"type":"LineString","coordinates":[[-83.62,32.6],[-83.62,32.6]]},"properties":{"id":"ncei-1967-9997501","eventId":"9997501","episodeId":"","year":1967,"month":8,"date":"1967-08-10","beginTime":"1967-08-10T17:30:00","endTime":"1967-08-10T17:30:00","timezone":"CST","state":"GA","stateName":"Georgia","county":"Houston","countyFips":"153","wfo":"","scale":0,"scaleLabel":"F0","lengthMiles":0.4,"widthYards":37,"deaths":0,"injuries":0,"propertyDamage":0,"cropDamage":0,"source":"","dataSource":"PUB"}},{"type":"Feature","geometry":{"type":"LineString","coordinates":[[-84.3,33.45],[-84.3,33.45]]},"properties":{"id":"ncei-1967-9997502","eventId":"9997502","episodeId":"","year":1967,"month":8,"date":"1967-08-19","beginTime":"1967-08-19T18:45:00","endTime":"1967-08-19T18:45:00","timezone":"CST","state":"GA","stateName":"Georgia","county":"Clayton","countyFips":"63","wfo":"","scale":2,"scaleLabel":"F2","lengthMiles":0.5,"widthYards":33,"deaths":0,"injuries":0,"propertyDamage":25000,"cropDamage":0,"source":"","dataSource":"PUB"}},{"type":"Feature","geometry":{"type":"LineString","coordinates":[[-85.15,33.72],[-85.05,33.73]]},"properties":{"id":"ncei-1967-9997503","eventId":"9997503","episodeId":"","year":1967,"month":11,"date":"1967-11-22","beginTime":"1967-11-22T17:30:00","endTime":"1967-11-22T17:30:00","timezone":"CST","state":"GA","stateName":"Georgia","county":"Haralson","countyFips":"143","wfo":"","scale":2,"scaleLabel":"F2","lengthMiles":6.1,"widthYards":33,"deaths":0,"injuries":0,"propertyDamage":25000,"cropDamage":0,"source":"","dataSource":"PUB"}},{"type":"Feature","geometry":{"type":"LineString","coordinates":[[-85.05,33.73],[-84.92,33.73]]},"properties":{"id":"ncei-1967-9997504","eventId":"9997504","episodeId":"","year":1967,"month":11,"date":"1967-11-22","beginTime":"1967-11-22T17:30:00","endTime":"1967-11-22T17:30:00","timezone":"CST","state":"GA","stateName":"Georgia","county":"Carroll","countyFips":"45","wfo":"","scale":2,"scaleLabel":"F2","lengthMiles":7.8,"widthYards":33,"deaths":0,"injuries":2,"propertyDamage":25000,"cropDamage":0,"source":"","dataSource":"PUB"}},{"type":"Feature","geometry":{"type":"LineString","coordinates":[[-85.2,33.75],[-85.2,33.75]]},"properties":{"id":"ncei-1967-9997505","eventId":"9997505","episodeId":"","year":1967,"month":11,"date":"1967-11-30","beginTime":"1967-11-30T06:35:00","endTime":"1967-11-30T06:35:00","timezone":"CST","state":"GA","stateName":"Georgia","county":"Haralson","countyFips":"143","wfo":"","scale":1,"scaleLabel":"F1","lengthMiles":2.2,"widthYards":37,"deaths":0,"injuries":0,"propertyDamage":25000,"cropDamage":0,"source":"","dataSource":"PUB"}},{"type":"Feature","geometry":{"type":"LineString","coordinates":[[-85.2,34.22],[-85.15,34.23]]},"properties":{"id":"ncei-1967-9997506","eventId":"9997506","episodeId":"","year":1967,"month":12,"date":"1967-12-18","beginTime":"1967-12-18T16:15:00","endTime":"1967-12-18T16:15:00","timezone":"CST","state":"GA","stateName":"Georgia","county":"Floyd","countyFips":"115","wfo":"","scale":2,"scaleLabel":"F2","lengthMiles":3.3,"widthYards":27,"deaths":0,"injuries":2,"propertyDamage":25000,"cropDamage":0,"source":"","dataSource":"PUB"}},{"type":"Feature","geometry":{"type":"LineString","coordinates":[[-84.38,33.5],[-84.38,33.5]]},"properties":{"id":"ncei-1967-9998239","eventId":"9998239","episodeId":"","year":1967,"month":3,"date":"1967-03-06","beginTime":"1967-03-06T21:04:00","endTime":"1967-03-06T21:04:00","timezone":"CST","state":"GA","stateName":"Georgia","county":"Clayton","countyFips":"63","wfo":"","scale":1,"scaleLabel":"F1","lengthMiles":0.5,"widthYards":33,"deaths":0,"injuries":0,"propertyDamage":25000,"cropDamage":0,"source":"","dataSource":"PUB"}},{"type":"Feature","geometry":{"type":"LineString","coordinates":[[-83.6,33.45],[-83.6,33.45]]},"properties":{"id":"ncei-1967-9998240","eventId":"9998240","episodeId":"","year":1967,"month":3,"date":"1967-03-06","beginTime":"1967-03-06T21:30:00","endTime":"1967-03-06T21:30:00","timezone":"CST","state":"GA","stateName":"Georgia","county":"Jasper","countyFips":"159","wfo":"","scale":2,"scaleLabel":"F2","lengthMiles":0.8,"widthYards":150,"deaths":0,"injuries":0,"propertyDamage":25000,"cropDamage":0,"source":"","dataSource":"PUB"}},{"type":"Feature","geometry":{"type":"LineString","coordinates":[[-83.75,32.25],[-83.75,32.25]]},"properties":{"id":"ncei-1967-9998241","eventId":"9998241","episodeId":"","year":1967,"month":3,"date":"1967-03-06","beginTime":"1967-03-06T23:20:00","endTime":"1967-03-06T23:20:00","timezone":"CST","state":"GA","stateName":"Georgia","county":"Dooly","countyFips":"93","wfo":"","scale":1,"scaleLabel":"F1","lengthMiles":1,"widthYards":33,"deaths":0,"injuries":0,"propertyDamage":25000,"cropDamage":0,"source":"","dataSource":"PUB"}}]}
