{"type":"FeatureCollection","metadata":{"source":"NOAA/NCEI StormEvents details CSV","generatedAt":"2026-04-27T22:31:07.075Z","count":715,"year":1968},"features":[{"type":"Feature","geometry":{"type":"LineString","coordinates":[[-82.17,28.18],[-82.17,28.18]]},"properties":{"id":"ncei-1968-10001262","eventId":"10001262","episodeId":"","year":1968,"month":8,"date":"1968-08-13","beginTime":"1968-08-13T15:30:00","endTime":"1968-08-13T15:30:00","timezone":"CST","state":"FL","stateName":"Florida","county":"Pasco","countyFips":"101","wfo":"","scale":-1,"scaleLabel":"Unknown","lengthMiles":0,"widthYards":33,"deaths":0,"injuries":0,"propertyDamage":2500,"cropDamage":0,"source":"","dataSource":"PUB"}},{"type":"Feature","geometry":{"type":"LineString","coordinates":[[-81.05,29.15],[-80.98,29.2]]},"properties":{"id":"ncei-1968-10001476","eventId":"10001476","episodeId":"","year":1968,"month":8,"date":"1968-08-29","beginTime":"1968-08-29T06:00:00","endTime":"1968-08-29T06:00:00","timezone":"CST","state":"FL","stateName":"Florida","county":"Suwannee","countyFips":"121","wfo":"","scale":1,"scaleLabel":"F1","lengthMiles":5.6,"widthYards":33,"deaths":0,"injuries":0,"propertyDamage":25000,"cropDamage":0,"source":"","dataSource":"PUB"}},{"type":"Feature","geometry":{"type":"LineString","coordinates":[[-81.03,29.28],[-81.03,29.28]]},"properties":{"id":"ncei-1968-10001477","eventId":"10001477","episodeId":"","year":1968,"month":8,"date":"1968-08-30","beginTime":"1968-08-30T01:15:00","endTime":"1968-08-30T01:15:00","timezone":"CST","state":"FL","stateName":"Florida","county":"Volusia","countyFips":"127","wfo":"","scale":2,"scaleLabel":"F2","lengthMiles":2,"widthYards":127,"deaths":0,"injuries":0,"propertyDamage":25000,"cropDamage":0,"source":"","dataSource":"PUB"}},{"type":"Feature","geometry":{"type":"LineString","coordinates":[[-80.37,25.67],[-80.37,25.67]]},"properties":{"id":"ncei-1968-10001478","eventId":"10001478","episodeId":"","year":1968,"month":8,"date":"1968-08-30","beginTime":"1968-08-30T12:56:00","endTime":"1968-08-30T12:56:00","timezone":"CST","state":"FL","stateName":"Florida","county":"Miami-Dade","countyFips":"86","wfo":"","scale":0,"scaleLabel":"F0","lengthMiles":2,"widthYards":33,"deaths":0,"injuries":0,"propertyDamage":0,"cropDamage":0,"source":"","dataSource":"PUB"}},{"type":"Feature","geometry":{"type":"LineString","coordinates":[[-81.75,30.18],[-81.72,30.05]]},"properties":{"id":"ncei-1968-10001480","eventId":"10001480","episodeId":"","year":1968,"month":9,"date":"1968-09-07","beginTime":"1968-09-07T16:00:00","endTime":"1968-09-07T16:00:00","timezone":"CST","state":"FL","stateName":"Florida","county":"Clay","countyFips":"19","wfo":"","scale":1,"scaleLabel":"F1","lengthMiles":9.5,"widthYards":33,"deaths":0,"injuries":0,"propertyDamage":2500,"cropDamage":0,"source":"","dataSource":"PUB"}},{"type":"Feature","geometry":{"type":"LineString","coordinates":[[-81.85,30.32],[-81.85,30.32]]},"properties":{"id":"ncei-1968-10001481","eventId":"10001481","episodeId":"","year":1968,"month":9,"date":"1968-09-08","beginTime":"1968-09-08T12:10:00","endTime":"1968-09-08T12:10:00","timezone":"CST","state":"FL","stateName":"Florida","county":"Duval","countyFips":"31","wfo":"","scale":1,"scaleLabel":"F1","lengthMiles":0,"widthYards":33,"deaths":0,"injuries":0,"propertyDamage":2500,"cropDamage":0,"source":"","dataSource":"PUB"}},{"type":"Feature","geometry":{"type":"LineString","coordinates":[[-80.8,26.68],[-80.8,26.68]]},"properties":{"id":"ncei-1968-10001482","eventId":"10001482","episodeId":"","year":1968,"month":9,"date":"1968-09-10","beginTime":"1968-09-10T12:00:00","endTime":"1968-09-10T12:00:00","timezone":"CST","state":"FL","stateName":"Florida","county":"Palm Beach","countyFips":"99","wfo":"","scale":0,"scaleLabel":"F0","lengthMiles":0.3,"widthYards":33,"deaths":0,"injuries":0,"propertyDamage":0,"cropDamage":0,"source":"","dataSource":"PUB"}},{"type":"Feature","geometry":{"type":"LineString","coordinates":[[-80.47,25.47],[-80.15,26.02]]},"properties":{"id":"ncei-1968-10001483","eventId":"10001483","episodeId":"","year":1968,"month":9,"date":"1968-09-12","beginTime":"1968-09-12T12:00:00","endTime":"1968-09-12T12:00:00","timezone":"CST","state":"FL","stateName":"Florida","county":"Miami-Dade","countyFips":"86","wfo":"","scale":0,"scaleLabel":"F0","lengthMiles":42.8,"widthYards":33,"deaths":0,"injuries":0,"propertyDamage":0,"cropDamage":0,"source":"","dataSource":"PUB"}},{"type":"Feature","geometry":{"type":"LineString","coordinates":[[-80.8,28.62],[-80.8,28.62]]},"properties":{"id":"ncei-1968-10001484","eventId":"10001484","episodeId":"","year":1968,"month":9,"date":"1968-09-12","beginTime":"1968-09-12T14:57:00","endTime":"1968-09-12T14:57:00","timezone":"CST","state":"FL","stateName":"Florida","county":"Brevard","countyFips":"9","wfo":"","scale":2,"scaleLabel":"F2","lengthMiles":1.5,"widthYards":33,"deaths":0,"injuries":1,"propertyDamage":25000,"cropDamage":0,"source":"","dataSource":"PUB"}},{"type":"Feature","geometry":{"type":"LineString","coordinates":[[-80.32,25.43],[-80.5,25.43]]},"properties":{"id":"ncei-1968-10001485","eventId":"10001485","episodeId":"","year":1968,"month":10,"date":"1968-10-04","beginTime":"1968-10-04T12:30:00","endTime":"1968-10-04T12:30:00","timezone":"CST","state":"FL","stateName":"Florida","county":"Miami-Dade","countyFips":"86","wfo":"","scale":0,"scaleLabel":"F0","lengthMiles":11.5,"widthYards":833,"deaths":0,"injuries":0,"propertyDamage":0,"cropDamage":0,"source":"","dataSource":"PUB"}},{"type":"Feature","geometry":{"type":"LineString","coordinates":[[-80.1,26.35],[-80.1,26.35]]},"properties":{"id":"ncei-1968-10001487","eventId":"10001487","episodeId":"","year":1968,"month":10,"date":"1968-10-17","beginTime":"1968-10-17T10:00:00","endTime":"1968-10-17T10:00:00","timezone":"CST","state":"FL","stateName":"Florida","county":"Palm Beach","countyFips":"99","wfo":"","scale":1,"scaleLabel":"F1","lengthMiles":0,"widthYards":33,"deaths":0,"injuries":0,"propertyDamage":25000,"cropDamage":0,"source":"","dataSource":"PUB"}},{"type":"Feature","geometry":{"type":"LineString","coordinates":[[-82.55,27.42],[-82.55,27.42]]},"properties":{"id":"ncei-1968-10001490","eventId":"10001490","episodeId":"","year":1968,"month":10,"date":"1968-10-18","beginTime":"1968-10-18T20:00:00","endTime":"1968-10-18T20:00:00","timezone":"CST","state":"FL","stateName":"Florida","county":"Manatee","countyFips":"81","wfo":"","scale":2,"scaleLabel":"F2","lengthMiles":0.1,"widthYards":50,"deaths":0,"injuries":0,"propertyDamage":25000,"cropDamage":0,"source":"","dataSource":"PUB"}},{"type":"Feature","geometry":{"type":"LineString","coordinates":[[-82.45,27.1],[-82.4,27.13]]},"properties":{"id":"ncei-1968-10001492","eventId":"10001492","episodeId":"","year":1968,"month":11,"date":"1968-11-09","beginTime":"1968-11-09T11:55:00","endTime":"1968-11-09T11:55:00","timezone":"CST","state":"FL","stateName":"Florida","county":"Sarasota","countyFips":"115","wfo":"","scale":2,"scaleLabel":"F2","lengthMiles":4.1,"widthYards":100,"deaths":0,"injuries":2,"propertyDamage":250000,"cropDamage":0,"source":"","dataSource":"PUB"}},{"type":"Feature","geometry":{"type":"LineString","coordinates":[[-82.7,27.48],[-82.65,27.6]]},"properties":{"id":"ncei-1968-10001493","eventId":"10001493","episodeId":"","year":1968,"month":11,"date":"1968-11-09","beginTime":"1968-11-09T12:10:00","endTime":"1968-11-09T12:10:00","timezone":"CST","state":"FL","stateName":"Florida","county":"Sarasota","countyFips":"115","wfo":"","scale":1,"scaleLabel":"F1","lengthMiles":8.7,"widthYards":33,"deaths":0,"injuries":0,"propertyDamage":250000,"cropDamage":0,"source":"","dataSource":"PUB"}},{"type":"Feature","geometry":{"type":"LineString","coordinates":[[-82.65,27.6],[-82.62,27.63]]},"properties":{"id":"ncei-1968-10001494","eventId":"10001494","episodeId":"","year":1968,"month":11,"date":"1968-11-09","beginTime":"1968-11-09T12:10:00","endTime":"1968-11-09T12:10:00","timezone":"CST","state":"FL","stateName":"Florida","county":"Hillsborough","countyFips":"57","wfo":"","scale":1,"scaleLabel":"F1","lengthMiles":3.6,"widthYards":33,"deaths":0,"injuries":1,"propertyDamage":250000,"cropDamage":0,"source":"","dataSource":"PUB"}},{"type":"Feature","geometry":{"type":"LineString","coordinates":[[-82.45,27.95],[-82.07,28.05]]},"properties":{"id":"ncei-1968-10001495","eventId":"10001495","episodeId":"","year":1968,"month":11,"date":"1968-11-09","beginTime":"1968-11-09T12:35:00","endTime":"1968-11-09T12:35:00","timezone":"CST","state":"FL","stateName":"Florida","county":"Hillsborough","countyFips":"57","wfo":"","scale":1,"scaleLabel":"F1","lengthMiles":24.4,"widthYards":33,"deaths":0,"injuries":3,"propertyDamage":250000,"cropDamage":0,"source":"","dataSource":"PUB"}},{"type":"Feature","geometry":{"type":"LineString","coordinates":[[-82.07,28.05],[-81.53,28.5]]},"properties":{"id":"ncei-1968-10001496","eventId":"10001496","episodeId":"","year":1968,"month":11,"date":"1968-11-09","beginTime":"1968-11-09T12:35:00","endTime":"1968-11-09T12:35:00","timezone":"CST","state":"FL","stateName":"Florida","county":"Polk","countyFips":"105","wfo":"","scale":1,"scaleLabel":"F1","lengthMiles":44.9,"widthYards":33,"deaths":0,"injuries":0,"propertyDamage":250000,"cropDamage":0,"source":"","dataSource":"PUB"}},{"type":"Feature","geometry":{"type":"LineString","coordinates":[[-82.37,28.37],[-82.2,28.48]]},"properties":{"id":"ncei-1968-10001498","eventId":"10001498","episodeId":"","year":1968,"month":11,"date":"1968-11-09","beginTime":"1968-11-09T12:45:00","endTime":"1968-11-09T12:45:00","timezone":"CST","state":"FL","stateName":"Florida","county":"Pasco","countyFips":"101","wfo":"","scale":2,"scaleLabel":"F2","lengthMiles":12.9,"widthYards":100,"deaths":0,"injuries":4,"propertyDamage":2500000,"cropDamage":0,"source":"","dataSource":"PUB"}},{"type":"Feature","geometry":{"type":"LineString","coordinates":[[-82.2,28.48],[-82,28.65]]},"properties":{"id":"ncei-1968-10001499","eventId":"10001499","episodeId":"","year":1968,"month":11,"date":"1968-11-09","beginTime":"1968-11-09T12:45:00","endTime":"1968-11-09T12:45:00","timezone":"CST","state":"FL","stateName":"Florida","county":"Sumter","countyFips":"119","wfo":"","scale":2,"scaleLabel":"F2","lengthMiles":16.7,"widthYards":100,"deaths":0,"injuries":0,"propertyDamage":2500000,"cropDamage":0,"source":"","dataSource":"PUB"}},{"type":"Feature","geometry":{"type":"LineString","coordinates":[[-82.75,27.75],[-82.75,27.75]]},"properties":{"id":"ncei-1968-10001500","eventId":"10001500","episodeId":"","year":1968,"month":11,"date":"1968-11-09","beginTime":"1968-11-09T12:50:00","endTime":"1968-11-09T12:50:00","timezone":"CST","state":"FL","stateName":"Florida","county":"Pinellas","countyFips":"103","wfo":"","scale":1,"scaleLabel":"F1","lengthMiles":0,"widthYards":33,"deaths":0,"injuries":0,"propertyDamage":2500,"cropDamage":0,"source":"","dataSource":"PUB"}},{"type":"Feature","geometry":{"type":"LineString","coordinates":[[-80.6,28.1],[-80.6,28.1]]},"properties":{"id":"ncei-1968-10001502","eventId":"10001502","episodeId":"","year":1968,"month":11,"date":"1968-11-09","beginTime":"1968-11-09T15:20:00","endTime":"1968-11-09T15:20:00","timezone":"CST","state":"FL","stateName":"Florida","county":"Brevard","countyFips":"9","wfo":"","scale":1,"scaleLabel":"F1","lengthMiles":0.3,"widthYards":200,"deaths":0,"injuries":0,"propertyDamage":25000,"cropDamage":0,"source":"","dataSource":"PUB"}},{"type":"Feature","geometry":{"type":"LineString","coordinates":[[-81.8,26.2],[-81.8,26.2]]},"properties":{"id":"ncei-1968-10001503","eventId":"10001503","episodeId":"","year":1968,"month":11,"date":"1968-11-09","beginTime":"1968-11-09T16:00:00","endTime":"1968-11-09T16:00:00","timezone":"CST","state":"FL","stateName":"Florida","county":"Collier","countyFips":"21","wfo":"","scale":1,"scaleLabel":"F1","lengthMiles":0,"widthYards":33,"deaths":0,"injuries":0,"propertyDamage":25000,"cropDamage":0,"source":"","dataSource":"PUB"}},{"type":"Feature","geometry":{"type":"LineString","coordinates":[[-81.8,26.17],[-81.27,26.45]]},"properties":{"id":"ncei-1968-10001504","eventId":"10001504","episodeId":"","year":1968,"month":11,"date":"1968-11-09","beginTime":"1968-11-09T16:00:00","endTime":"1968-11-09T16:00:00","timezone":"CST","state":"FL","stateName":"Florida","county":"Collier","countyFips":"21","wfo":"","scale":2,"scaleLabel":"F2","lengthMiles":38.4,"widthYards":100,"deaths":2,"injuries":17,"propertyDamage":25000,"cropDamage":0,"source":"","dataSource":"PUB"}},{"type":"Feature","geometry":{"type":"LineString","coordinates":[[-81.27,26.45],[-81.17,26.5]]},"properties":{"id":"ncei-1968-10001505","eventId":"10001505","episodeId":"","year":1968,"month":11,"date":"1968-11-09","beginTime":"1968-11-09T16:00:00","endTime":"1968-11-09T16:00:00","timezone":"CST","state":"FL","stateName":"Florida","county":"Hendry","countyFips":"51","wfo":"","scale":2,"scaleLabel":"F2","lengthMiles":7.2,"widthYards":100,"deaths":0,"injuries":0,"propertyDamage":25000,"cropDamage":0,"source":"","dataSource":"PUB"}},{"type":"Feature","geometry":{"type":"LineString","coordinates":[[-80.2,26.53],[-80.05,26.58]]},"properties":{"id":"ncei-1968-10001506","eventId":"10001506","episodeId":"","year":1968,"month":11,"date":"1968-11-09","beginTime":"1968-11-09T18:00:00","endTime":"1968-11-09T18:00:00","timezone":"CST","state":"FL","stateName":"Florida","county":"Palm Beach","countyFips":"99","wfo":"","scale":1,"scaleLabel":"F1","lengthMiles":10,"widthYards":33,"deaths":0,"injuries":2,"propertyDamage":250000,"cropDamage":0,"source":"","dataSource":"PUB"}},{"type":"Feature","geometry":{"type":"LineString","coordinates":[[-82.85,27.87],[-81.95,28.1]]},"properties":{"id":"ncei-1968-10001508","eventId":"10001508","episodeId":"","year":1968,"month":11,"date":"1968-11-11","beginTime":"1968-11-11T10:15:00","endTime":"1968-11-11T10:15:00","timezone":"CST","state":"FL","stateName":"Florida","county":"Pinellas","countyFips":"103","wfo":"","scale":1,"scaleLabel":"F1","lengthMiles":57.2,"widthYards":33,"deaths":0,"injuries":0,"propertyDamage":250000,"cropDamage":0,"source":"","dataSource":"PUB"}},{"type":"Feature","geometry":{"type":"LineString","coordinates":[[-82.37,26.97],[-82.37,26.97]]},"properties":{"id":"ncei-1968-10001511","eventId":"10001511","episodeId":"","year":1968,"month":11,"date":"1968-11-11","beginTime":"1968-11-11T11:36:00","endTime":"1968-11-11T11:36:00","timezone":"CST","state":"FL","stateName":"Florida","county":"Sarasota","countyFips":"115","wfo":"","scale":2,"scaleLabel":"F2","lengthMiles":0,"widthYards":17,"deaths":0,"injuries":0,"propertyDamage":25000,"cropDamage":0,"source":"","dataSource":"PUB"}},{"type":"Feature","geometry":{"type":"LineString","coordinates":[[-81.73,28.8],[-81.73,28.8]]},"properties":{"id":"ncei-1968-10001512","eventId":"10001512","episodeId":"","year":1968,"month":11,"date":"1968-11-11","beginTime":"1968-11-11T12:00:00","endTime":"1968-11-11T12:00:00","timezone":"CST","state":"FL","stateName":"Florida","county":"Lake","countyFips":"69","wfo":"","scale":-1,"scaleLabel":"Unknown","lengthMiles":0,"widthYards":33,"deaths":0,"injuries":0,"propertyDamage":25000,"cropDamage":0,"source":"","dataSource":"PUB"}},{"type":"Feature","geometry":{"type":"LineString","coordinates":[[-81.83,26.17],[-81,26.75]]},"properties":{"id":"ncei-1968-10001513","eventId":"10001513","episodeId":"","year":1968,"month":11,"date":"1968-11-11","beginTime":"1968-11-11T12:30:00","endTime":"1968-11-11T12:30:00","timezone":"CST","state":"FL","stateName":"Florida","county":"Collier","countyFips":"21","wfo":"","scale":2,"scaleLabel":"F2","lengthMiles":65.4,"widthYards":17,"deaths":0,"injuries":3,"propertyDamage":250000,"cropDamage":0,"source":"","dataSource":"PUB"}},{"type":"Feature","geometry":{"type":"LineString","coordinates":[[-87.25,30.35],[-86.92,30.68]]},"properties":{"id":"ncei-1968-10001514","eventId":"10001514","episodeId":"","year":1968,"month":12,"date":"1968-12-01","beginTime":"1968-12-01T09:28:00","endTime":"1968-12-01T09:28:00","timezone":"CST","state":"FL","stateName":"Florida","county":"Escambia","countyFips":"33","wfo":"","scale":2,"scaleLabel":"F2","lengthMiles":30.4,"widthYards":17,"deaths":0,"injuries":0,"propertyDamage":25000,"cropDamage":0,"source":"","dataSource":"PUB"}},{"type":"Feature","geometry":{"type":"LineString","coordinates":[[-83.3,30.4],[-83.3,30.4]]},"properties":{"id":"ncei-1968-10001515","eventId":"10001515","episodeId":"","year":1968,"month":12,"date":"1968-12-03","beginTime":"1968-12-03T14:00:00","endTime":"1968-12-03T14:00:00","timezone":"CST","state":"FL","stateName":"Florida","county":"Madison","countyFips":"79","wfo":"","scale":1,"scaleLabel":"F1","lengthMiles":0,"widthYards":200,"deaths":0,"injuries":0,"propertyDamage":2500,"cropDamage":0,"source":"","dataSource":"PUB"}},{"type":"Feature","geometry":{"type":"LineString","coordinates":[[-86.88,40.73],[-86.88,40.73]]},"properties":{"id":"ncei-1968-10004276","eventId":"10004276","episodeId":"","year":1968,"month":4,"date":"1968-04-14","beginTime":"1968-04-14T12:14:00","endTime":"1968-04-14T12:14:00","timezone":"CST","state":"IN","stateName":"Indiana","county":"White","countyFips":"181","wfo":"","scale":2,"scaleLabel":"F2","lengthMiles":0,"widthYards":33,"deaths":0,"injuries":0,"propertyDamage":250000,"cropDamage":0,"source":"","dataSource":"PUB"}},{"type":"Feature","geometry":{"type":"LineString","coordinates":[[-85.07,41.47],[-85.07,41.47]]},"properties":{"id":"ncei-1968-10004279","eventId":"10004279","episodeId":"","year":1968,"month":4,"date":"1968-04-14","beginTime":"1968-04-14T13:00:00","endTime":"1968-04-14T13:00:00","timezone":"CST","state":"IN","stateName":"Indiana","county":"De Kalb","countyFips":"33","wfo":"","scale":-1,"scaleLabel":"Unknown","lengthMiles":0,"widthYards":33,"deaths":0,"injuries":0,"propertyDamage":2500,"cropDamage":0,"source":"","dataSource":"PUB"}},{"type":"Feature","geometry":{"type":"LineString","coordinates":[[-86.05,40.3],[-86.05,40.3]]},"properties":{"id":"ncei-1968-10004281","eventId":"10004281","episodeId":"","year":1968,"month":4,"date":"1968-04-14","beginTime":"1968-04-14T13:39:00","endTime":"1968-04-14T13:39:00","timezone":"CST","state":"IN","stateName":"Indiana","county":"Tipton","countyFips":"159","wfo":"","scale":1,"scaleLabel":"F1","lengthMiles":0,"widthYards":33,"deaths":0,"injuries":0,"propertyDamage":25000,"cropDamage":0,"source":"","dataSource":"PUB"}},{"type":"Feature","geometry":{"type":"LineString","coordinates":[[-85.47,40.37],[-85.47,40.37]]},"properties":{"id":"ncei-1968-10004282","eventId":"10004282","episodeId":"","year":1968,"month":4,"date":"1968-04-14","beginTime":"1968-04-14T14:25:00","endTime":"1968-04-14T14:25:00","timezone":"CST","state":"IN","stateName":"Indiana","county":"Delaware","countyFips":"35","wfo":"","scale":2,"scaleLabel":"F2","lengthMiles":0,"widthYards":33,"deaths":0,"injuries":0,"propertyDamage":2500,"cropDamage":0,"source":"","dataSource":"PUB"}},{"type":"Feature","geometry":{"type":"LineString","coordinates":[[-85.97,39.07],[-85.92,39.1]]},"properties":{"id":"ncei-1968-10004283","eventId":"10004283","episodeId":"","year":1968,"month":4,"date":"1968-04-14","beginTime":"1968-04-14T14:25:00","endTime":"1968-04-14T14:25:00","timezone":"CST","state":"IN","stateName":"Indiana","county":"Bartholomew","countyFips":"5","wfo":"","scale":3,"scaleLabel":"F3","lengthMiles":3.3,"widthYards":33,"deaths":0,"injuries":0,"propertyDamage":250000,"cropDamage":0,"source":"","dataSource":"PUB"}},{"type":"Feature","geometry":{"type":"LineString","coordinates":[[-85.12,40.18],[-85.12,40.18]]},"properties":{"id":"ncei-1968-10004284","eventId":"10004284","episodeId":"","year":1968,"month":4,"date":"1968-04-20","beginTime":"1968-04-20T16:40:00","endTime":"1968-04-20T16:40:00","timezone":"CST","state":"IN","stateName":"Indiana","county":"Randolph","countyFips":"135","wfo":"","scale":1,"scaleLabel":"F1","lengthMiles":0,"widthYards":33,"deaths":0,"injuries":0,"propertyDamage":2500,"cropDamage":0,"source":"","dataSource":"PUB"}},{"type":"Feature","geometry":{"type":"LineString","coordinates":[[-86.53,39.62],[-86.43,39.62]]},"properties":{"id":"ncei-1968-10006548","eventId":"10006548","episodeId":"","year":1968,"month":5,"date":"1968-05-15","beginTime":"1968-05-15T15:45:00","endTime":"1968-05-15T15:45:00","timezone":"CST","state":"IN","stateName":"Indiana","county":"Hendricks","countyFips":"63","wfo":"","scale":2,"scaleLabel":"F2","lengthMiles":5.2,"widthYards":33,"deaths":0,"injuries":5,"propertyDamage":250000,"cropDamage":0,"source":"","dataSource":"PUB"}},{"type":"Feature","geometry":{"type":"LineString","coordinates":[[-86.43,39.62],[-86.37,39.62]]},"properties":{"id":"ncei-1968-10006549","eventId":"10006549","episodeId":"","year":1968,"month":5,"date":"1968-05-15","beginTime":"1968-05-15T16:00:00","endTime":"1968-05-15T16:00:00","timezone":"CST","state":"IN","stateName":"Indiana","county":"Morgan","countyFips":"109","wfo":"","scale":2,"scaleLabel":"F2","lengthMiles":3.6,"widthYards":33,"deaths":0,"injuries":0,"propertyDamage":0,"cropDamage":0,"source":"","dataSource":"PUB"}},{"type":"Feature","geometry":{"type":"LineString","coordinates":[[-86.93,40.48],[-86.93,40.48]]},"properties":{"id":"ncei-1968-10006555","eventId":"10006555","episodeId":"","year":1968,"month":5,"date":"1968-05-15","beginTime":"1968-05-15T21:51:00","endTime":"1968-05-15T21:51:00","timezone":"CST","state":"IN","stateName":"Indiana","county":"Tippecanoe","countyFips":"157","wfo":"","scale":2,"scaleLabel":"F2","lengthMiles":0,"widthYards":33,"deaths":0,"injuries":0,"propertyDamage":2500,"cropDamage":0,"source":"","dataSource":"PUB"}},{"type":"Feature","geometry":{"type":"LineString","coordinates":[[-86.45,40.38],[-86.45,40.38]]},"properties":{"id":"ncei-1968-10006556","eventId":"10006556","episodeId":"","year":1968,"month":5,"date":"1968-05-15","beginTime":"1968-05-15T22:30:00","endTime":"1968-05-15T22:30:00","timezone":"CST","state":"IN","stateName":"Indiana","county":"Clinton","countyFips":"23","wfo":"","scale":2,"scaleLabel":"F2","lengthMiles":0,"widthYards":33,"deaths":0,"injuries":0,"propertyDamage":25000,"cropDamage":0,"source":"","dataSource":"PUB"}},{"type":"Feature","geometry":{"type":"LineString","coordinates":[[-85.85,40.73],[-85.65,40.82]]},"properties":{"id":"ncei-1968-10006558","eventId":"10006558","episodeId":"","year":1968,"month":5,"date":"1968-05-16","beginTime":"1968-05-16T00:02:00","endTime":"1968-05-16T00:02:00","timezone":"CST","state":"IN","stateName":"Indiana","county":"Wabash","countyFips":"169","wfo":"","scale":3,"scaleLabel":"F3","lengthMiles":11.6,"widthYards":33,"deaths":1,"injuries":12,"propertyDamage":250000,"cropDamage":0,"source":"","dataSource":"PUB"}},{"type":"Feature","geometry":{"type":"LineString","coordinates":[[-85.65,40.82],[-85.3,40.97]]},"properties":{"id":"ncei-1968-10006559","eventId":"10006559","episodeId":"","year":1968,"month":5,"date":"1968-05-16","beginTime":"1968-05-16T00:20:00","endTime":"1968-05-16T00:20:00","timezone":"CST","state":"IN","stateName":"Indiana","county":"Huntington","countyFips":"69","wfo":"","scale":3,"scaleLabel":"F3","lengthMiles":20.8,"widthYards":33,"deaths":0,"injuries":3,"propertyDamage":2500,"cropDamage":0,"source":"","dataSource":"PUB"}},{"type":"Feature","geometry":{"type":"LineString","coordinates":[[-85.3,40.97],[-85,41.1]]},"properties":{"id":"ncei-1968-10006560","eventId":"10006560","episodeId":"","year":1968,"month":5,"date":"1968-05-16","beginTime":"1968-05-16T00:45:00","endTime":"1968-05-16T00:45:00","timezone":"CST","state":"IN","stateName":"Indiana","county":"Allen","countyFips":"3","wfo":"","scale":3,"scaleLabel":"F3","lengthMiles":17.9,"widthYards":33,"deaths":0,"injuries":0,"propertyDamage":0,"cropDamage":0,"source":"","dataSource":"PUB"}},{"type":"Feature","geometry":{"type":"LineString","coordinates":[[-86.53,40.32],[-86.53,40.32]]},"properties":{"id":"ncei-1968-10006564","eventId":"10006564","episodeId":"","year":1968,"month":6,"date":"1968-06-11","beginTime":"1968-06-11T13:22:00","endTime":"1968-06-11T13:22:00","timezone":"CST","state":"IN","stateName":"Indiana","county":"Clinton","countyFips":"23","wfo":"","scale":2,"scaleLabel":"F2","lengthMiles":0,"widthYards":33,"deaths":0,"injuries":5,"propertyDamage":250000,"cropDamage":0,"source":"","dataSource":"PUB"}},{"type":"Feature","geometry":{"type":"LineString","coordinates":[[-87.05,41.2],[-87.05,41.2]]},"properties":{"id":"ncei-1968-10006566","eventId":"10006566","episodeId":"","year":1968,"month":6,"date":"1968-06-23","beginTime":"1968-06-23T17:00:00","endTime":"1968-06-23T17:00:00","timezone":"CST","state":"IN","stateName":"Indiana","county":"Jasper","countyFips":"73","wfo":"","scale":0,"scaleLabel":"F0","lengthMiles":0,"widthYards":33,"deaths":0,"injuries":0,"propertyDamage":0,"cropDamage":0,"source":"","dataSource":"PUB"}},{"type":"Feature","geometry":{"type":"LineString","coordinates":[[-86.6,41.3],[-86.6,41.3]]},"properties":{"id":"ncei-1968-10006567","eventId":"10006567","episodeId":"","year":1968,"month":6,"date":"1968-06-23","beginTime":"1968-06-23T17:00:00","endTime":"1968-06-23T17:00:00","timezone":"CST","state":"IN","stateName":"Indiana","county":"Starke","countyFips":"149","wfo":"","scale":2,"scaleLabel":"F2","lengthMiles":0,"widthYards":33,"deaths":0,"injuries":0,"propertyDamage":25000,"cropDamage":0,"source":"","dataSource":"PUB"}},{"type":"Feature","geometry":{"type":"LineString","coordinates":[[-86.23,41.67],[-86.23,41.67]]},"properties":{"id":"ncei-1968-10006568","eventId":"10006568","episodeId":"","year":1968,"month":6,"date":"1968-06-23","beginTime":"1968-06-23T18:10:00","endTime":"1968-06-23T18:10:00","timezone":"CST","state":"IN","stateName":"Indiana","county":"St. Joseph","countyFips":"141","wfo":"","scale":0,"scaleLabel":"F0","lengthMiles":0,"widthYards":33,"deaths":0,"injuries":0,"propertyDamage":25000,"cropDamage":0,"source":"","dataSource":"PUB"}},{"type":"Feature","geometry":{"type":"LineString","coordinates":[[-85.77,38.68],[-85.77,38.68]]},"properties":{"id":"ncei-1968-10006581","eventId":"10006581","episodeId":"","year":1968,"month":8,"date":"1968-08-09","beginTime":"1968-08-09T14:00:00","endTime":"1968-08-09T14:00:00","timezone":"CST","state":"IN","stateName":"Indiana","county":"Scott","countyFips":"143","wfo":"","scale":2,"scaleLabel":"F2","lengthMiles":0,"widthYards":33,"deaths":0,"injuries":0,"propertyDamage":25000,"cropDamage":0,"source":"","dataSource":"PUB"}},{"type":"Feature","geometry":{"type":"LineString","coordinates":[[-89.83,40.23],[-89.6,40.28]]},"properties":{"id":"ncei-1968-10007539","eventId":"10007539","episodeId":"","year":1968,"month":5,"date":"1968-05-15","beginTime":"1968-05-15T14:30:00","endTime":"1968-05-15T14:30:00","timezone":"CST","state":"IL","stateName":"Illinois","county":"Mason","countyFips":"125","wfo":"","scale":3,"scaleLabel":"F3","lengthMiles":12.6,"widthYards":600,"deaths":0,"injuries":25,"propertyDamage":2500000,"cropDamage":0,"source":"","dataSource":"PUB"}},{"type":"Feature","geometry":{"type":"LineString","coordinates":[[-89.6,40.28],[-89.55,40.28]]},"properties":{"id":"ncei-1968-10007752","eventId":"10007752","episodeId":"","year":1968,"month":5,"date":"1968-05-15","beginTime":"1968-05-15T15:09:00","endTime":"1968-05-15T15:09:00","timezone":"CST","state":"IL","stateName":"Illinois","county":"Logan","countyFips":"107","wfo":"","scale":3,"scaleLabel":"F3","lengthMiles":0,"widthYards":600,"deaths":0,"injuries":0,"propertyDamage":2500000,"cropDamage":0,"source":"","dataSource":"PUB"}},{"type":"Feature","geometry":{"type":"LineString","coordinates":[[-89.13,40.23],[-88.65,40.23]]},"properties":{"id":"ncei-1968-10007753","eventId":"10007753","episodeId":"","year":1968,"month":5,"date":"1968-05-15","beginTime":"1968-05-15T16:00:00","endTime":"1968-05-15T16:00:00","timezone":"CST","state":"IL","stateName":"Illinois","county":"De Witt","countyFips":"39","wfo":"","scale":1,"scaleLabel":"F1","lengthMiles":25.4,"widthYards":1000,"deaths":4,"injuries":50,"propertyDamage":2500000,"cropDamage":0,"source":"","dataSource":"PUB"}},{"type":"Feature","geometry":{"type":"LineString","coordinates":[[-87.7,40.62],[-87.57,40.65]]},"properties":{"id":"ncei-1968-10007755","eventId":"10007755","episodeId":"","year":1968,"month":5,"date":"1968-05-15","beginTime":"1968-05-15T17:50:00","endTime":"1968-05-15T17:50:00","timezone":"CST","state":"IL","stateName":"Illinois","county":"Iroquois","countyFips":"75","wfo":"","scale":3,"scaleLabel":"F3","lengthMiles":7.1,"widthYards":400,"deaths":0,"injuries":0,"propertyDamage":2500000,"cropDamage":0,"source":"","dataSource":"PUB"}},{"type":"Feature","geometry":{"type":"LineString","coordinates":[[-89.9,38.4],[-89.9,38.4]]},"properties":{"id":"ncei-1968-10007757","eventId":"10007757","episodeId":"","year":1968,"month":5,"date":"1968-05-15","beginTime":"1968-05-15T20:45:00","endTime":"1968-05-15T20:45:00","timezone":"CST","state":"IL","stateName":"Illinois","county":"St. Clair","countyFips":"163","wfo":"","scale":3,"scaleLabel":"F3","lengthMiles":2,"widthYards":200,"deaths":4,"injuries":60,"propertyDamage":250000,"cropDamage":0,"source":"","dataSource":"PUB"}},{"type":"Feature","geometry":{"type":"LineString","coordinates":[[-90.52,40.93],[-90.43,40.93]]},"properties":{"id":"ncei-1968-10007784","eventId":"10007784","episodeId":"","year":1968,"month":7,"date":"1968-07-17","beginTime":"1968-07-17T18:30:00","endTime":"1968-07-17T18:30:00","timezone":"CST","state":"IL","stateName":"Illinois","county":"Warren","countyFips":"187","wfo":"","scale":1,"scaleLabel":"F1","lengthMiles":3.8,"widthYards":127,"deaths":0,"injuries":0,"propertyDamage":0,"cropDamage":0,"source":"","dataSource":"PUB"}},{"type":"Feature","geometry":{"type":"LineString","coordinates":[[-113.9,42.7],[-113.9,42.7]]},"properties":{"id":"ncei-1968-10010732","eventId":"10010732","episodeId":"","year":1968,"month":9,"date":"1968-09-11","beginTime":"1968-09-11T12:00:00","endTime":"1968-09-11T12:00:00","timezone":"CST","state":"ID","stateName":"Idaho","county":"Minidoka","countyFips":"67","wfo":"","scale":2,"scaleLabel":"F2","lengthMiles":0.5,"widthYards":440,"deaths":0,"injuries":0,"propertyDamage":0,"cropDamage":0,"source":"","dataSource":"PUB"}},{"type":"Feature","geometry":{"type":"LineString","coordinates":[[-90.2,38.4],[-89.92,38.58]]},"properties":{"id":"ncei-1968-10011154","eventId":"10011154","episodeId":"","year":1968,"month":4,"date":"1968-04-03","beginTime":"1968-04-03T18:05:00","endTime":"1968-04-03T18:05:00","timezone":"CST","state":"IL","stateName":"Illinois","county":"Monroe","countyFips":"133","wfo":"","scale":2,"scaleLabel":"F2","lengthMiles":19.8,"widthYards":50,"deaths":0,"injuries":0,"propertyDamage":250000,"cropDamage":0,"source":"","dataSource":"PUB"}},{"type":"Feature","geometry":{"type":"LineString","coordinates":[[-89.63,38.55],[-89.52,38.63]]},"properties":{"id":"ncei-1968-10011157","eventId":"10011157","episodeId":"","year":1968,"month":4,"date":"1968-04-03","beginTime":"1968-04-03T18:40:00","endTime":"1968-04-03T18:40:00","timezone":"CST","state":"IL","stateName":"Illinois","county":"Clinton","countyFips":"27","wfo":"","scale":1,"scaleLabel":"F1","lengthMiles":8.3,"widthYards":50,"deaths":0,"injuries":0,"propertyDamage":250000,"cropDamage":0,"source":"","dataSource":"PUB"}},{"type":"Feature","geometry":{"type":"LineString","coordinates":[[-89,37.8],[-89,37.8]]},"properties":{"id":"ncei-1968-10011159","eventId":"10011159","episodeId":"","year":1968,"month":4,"date":"1968-04-03","beginTime":"1968-04-03T20:30:00","endTime":"1968-04-03T20:30:00","timezone":"CST","state":"IL","stateName":"Illinois","county":"Williamson","countyFips":"199","wfo":"","scale":1,"scaleLabel":"F1","lengthMiles":0.5,"widthYards":100,"deaths":0,"injuries":0,"propertyDamage":25000,"cropDamage":0,"source":"","dataSource":"PUB"}},{"type":"Feature","geometry":{"type":"LineString","coordinates":[[-96.07,43.02],[-95.98,43.07]]},"properties":{"id":"ncei-1968-10012321","eventId":"10012321","episodeId":"","year":1968,"month":9,"date":"1968-09-22","beginTime":"1968-09-22T16:00:00","endTime":"1968-09-22T16:00:00","timezone":"CST","state":"IA","stateName":"Iowa","county":"Sioux","countyFips":"167","wfo":"","scale":3,"scaleLabel":"F3","lengthMiles":4.7,"widthYards":50,"deaths":0,"injuries":0,"propertyDamage":2500000,"cropDamage":0,"source":"","dataSource":"PUB"}},{"type":"Feature","geometry":{"type":"LineString","coordinates":[[-96.07,43.02],[-96.07,43.02]]},"properties":{"id":"ncei-1968-10012322","eventId":"10012322","episodeId":"","year":1968,"month":9,"date":"1968-09-22","beginTime":"1968-09-22T16:30:00","endTime":"1968-09-22T16:30:00","timezone":"CST","state":"IA","stateName":"Iowa","county":"Sioux","countyFips":"167","wfo":"","scale":-1,"scaleLabel":"Unknown","lengthMiles":0,"widthYards":33,"deaths":0,"injuries":0,"propertyDamage":0,"cropDamage":0,"source":"","dataSource":"PUB"}},{"type":"Feature","geometry":{"type":"LineString","coordinates":[[-95.88,43.12],[-95.88,43.12]]},"properties":{"id":"ncei-1968-10012323","eventId":"10012323","episodeId":"","year":1968,"month":9,"date":"1968-09-22","beginTime":"1968-09-22T16:35:00","endTime":"1968-09-22T16:35:00","timezone":"CST","state":"IA","stateName":"Iowa","county":"Sioux","countyFips":"167","wfo":"","scale":-1,"scaleLabel":"Unknown","lengthMiles":0,"widthYards":33,"deaths":0,"injuries":0,"propertyDamage":0,"cropDamage":0,"source":"","dataSource":"PUB"}},{"type":"Feature","geometry":{"type":"LineString","coordinates":[[-93.18,41.7],[-93.18,41.7]]},"properties":{"id":"ncei-1968-10014261","eventId":"10014261","episodeId":"","year":1968,"month":3,"date":"1968-03-30","beginTime":"1968-03-30T19:00:00","endTime":"1968-03-30T19:00:00","timezone":"CST","state":"IA","stateName":"Iowa","county":"Jasper","countyFips":"99","wfo":"","scale":0,"scaleLabel":"F0","lengthMiles":0.5,"widthYards":30,"deaths":0,"injuries":0,"propertyDamage":2500,"cropDamage":0,"source":"","dataSource":"PUB"}},{"type":"Feature","geometry":{"type":"LineString","coordinates":[[-92.72,41.73],[-92.72,41.73]]},"properties":{"id":"ncei-1968-10014262","eventId":"10014262","episodeId":"","year":1968,"month":3,"date":"1968-03-30","beginTime":"1968-03-30T19:30:00","endTime":"1968-03-30T19:30:00","timezone":"CST","state":"IA","stateName":"Iowa","county":"Poweshiek","countyFips":"157","wfo":"","scale":0,"scaleLabel":"F0","lengthMiles":0,"widthYards":33,"deaths":0,"injuries":0,"propertyDamage":2500,"cropDamage":0,"source":"","dataSource":"PUB"}},{"type":"Feature","geometry":{"type":"LineString","coordinates":[[-95.85,42.87],[-95.85,42.87]]},"properties":{"id":"ncei-1968-10014265","eventId":"10014265","episodeId":"","year":1968,"month":4,"date":"1968-04-03","beginTime":"1968-04-03T15:20:00","endTime":"1968-04-03T15:20:00","timezone":"CST","state":"IA","stateName":"Iowa","county":"Cherokee","countyFips":"35","wfo":"","scale":1,"scaleLabel":"F1","lengthMiles":0.5,"widthYards":200,"deaths":0,"injuries":0,"propertyDamage":0,"cropDamage":0,"source":"","dataSource":"PUB"}},{"type":"Feature","geometry":{"type":"LineString","coordinates":[[-95.82,42.98],[-95.82,42.98]]},"properties":{"id":"ncei-1968-10014266","eventId":"10014266","episodeId":"","year":1968,"month":4,"date":"1968-04-03","beginTime":"1968-04-03T15:20:00","endTime":"1968-04-03T15:20:00","timezone":"CST","state":"IA","stateName":"Iowa","county":"O'brien","countyFips":"141","wfo":"","scale":2,"scaleLabel":"F2","lengthMiles":0.5,"widthYards":100,"deaths":0,"injuries":0,"propertyDamage":25000,"cropDamage":0,"source":"","dataSource":"PUB"}},{"type":"Feature","geometry":{"type":"LineString","coordinates":[[-93.08,41.57],[-93,41.62]]},"properties":{"id":"ncei-1968-10014267","eventId":"10014267","episodeId":"","year":1968,"month":4,"date":"1968-04-03","beginTime":"1968-04-03T16:00:00","endTime":"1968-04-03T16:00:00","timezone":"CST","state":"IA","stateName":"Iowa","county":"Jasper","countyFips":"99","wfo":"","scale":2,"scaleLabel":"F2","lengthMiles":5.2,"widthYards":150,"deaths":0,"injuries":0,"propertyDamage":25000,"cropDamage":0,"source":"","dataSource":"PUB"}},{"type":"Feature","geometry":{"type":"LineString","coordinates":[[-95.45,40.72],[-95.45,40.72]]},"properties":{"id":"ncei-1968-10014268","eventId":"10014268","episodeId":"","year":1968,"month":4,"date":"1968-04-16","beginTime":"1968-04-16T18:00:00","endTime":"1968-04-16T18:00:00","timezone":"CST","state":"IA","stateName":"Iowa","county":"Fremont","countyFips":"71","wfo":"","scale":2,"scaleLabel":"F2","lengthMiles":2,"widthYards":200,"deaths":0,"injuries":0,"propertyDamage":25000,"cropDamage":0,"source":"","dataSource":"PUB"}},{"type":"Feature","geometry":{"type":"LineString","coordinates":[[-95.5,40.67],[-95.5,40.67]]},"properties":{"id":"ncei-1968-10014269","eventId":"10014269","episodeId":"","year":1968,"month":4,"date":"1968-04-16","beginTime":"1968-04-16T18:00:00","endTime":"1968-04-16T18:00:00","timezone":"CST","state":"IA","stateName":"Iowa","county":"Fremont","countyFips":"71","wfo":"","scale":2,"scaleLabel":"F2","lengthMiles":0.5,"widthYards":33,"deaths":0,"injuries":0,"propertyDamage":2500,"cropDamage":0,"source":"","dataSource":"PUB"}},{"type":"Feature","geometry":{"type":"LineString","coordinates":[[-91.32,40.62],[-91.32,40.62]]},"properties":{"id":"ncei-1968-10014271","eventId":"10014271","episodeId":"","year":1968,"month":4,"date":"1968-04-28","beginTime":"1968-04-28T19:45:00","endTime":"1968-04-28T19:45:00","timezone":"CST","state":"IA","stateName":"Iowa","county":"Lee","countyFips":"111","wfo":"","scale":-1,"scaleLabel":"Unknown","lengthMiles":0,"widthYards":33,"deaths":0,"injuries":0,"propertyDamage":0,"cropDamage":0,"source":"","dataSource":"PUB"}},{"type":"Feature","geometry":{"type":"LineString","coordinates":[[-91.32,40.62],[-91.32,40.62]]},"properties":{"id":"ncei-1968-10014272","eventId":"10014272","episodeId":"","year":1968,"month":4,"date":"1968-04-28","beginTime":"1968-04-28T19:45:00","endTime":"1968-04-28T19:45:00","timezone":"CST","state":"IA","stateName":"Iowa","county":"Lee","countyFips":"111","wfo":"","scale":-1,"scaleLabel":"Unknown","lengthMiles":0,"widthYards":33,"deaths":0,"injuries":0,"propertyDamage":0,"cropDamage":0,"source":"","dataSource":"PUB"}},{"type":"Feature","geometry":{"type":"LineString","coordinates":[[-93.12,42.77],[-92.88,42.9]]},"properties":{"id":"ncei-1968-10014277","eventId":"10014277","episodeId":"","year":1968,"month":5,"date":"1968-05-15","beginTime":"1968-05-15T15:10:00","endTime":"1968-05-15T15:10:00","timezone":"CST","state":"IA","stateName":"Iowa","county":"Franklin","countyFips":"69","wfo":"","scale":5,"scaleLabel":"F5","lengthMiles":14.7,"widthYards":600,"deaths":0,"injuries":0,"propertyDamage":0,"cropDamage":0,"source":"","dataSource":"PUB"}},{"type":"Feature","geometry":{"type":"LineString","coordinates":[[-92.88,42.9],[-92.55,43.17]]},"properties":{"id":"ncei-1968-10014278","eventId":"10014278","episodeId":"","year":1968,"month":5,"date":"1968-05-15","beginTime":"1968-05-15T15:25:00","endTime":"1968-05-15T15:25:00","timezone":"CST","state":"IA","stateName":"Iowa","county":"Floyd","countyFips":"67","wfo":"","scale":5,"scaleLabel":"F5","lengthMiles":24.7,"widthYards":600,"deaths":13,"injuries":450,"propertyDamage":25000000,"cropDamage":0,"source":"","dataSource":"PUB"}},{"type":"Feature","geometry":{"type":"LineString","coordinates":[[-92.55,43.17],[-92.48,43.22]]},"properties":{"id":"ncei-1968-10014284","eventId":"10014284","episodeId":"","year":1968,"month":5,"date":"1968-05-15","beginTime":"1968-05-15T15:55:00","endTime":"1968-05-15T15:55:00","timezone":"CST","state":"IA","stateName":"Iowa","county":"Chickasaw","countyFips":"37","wfo":"","scale":5,"scaleLabel":"F5","lengthMiles":4.1,"widthYards":600,"deaths":0,"injuries":0,"propertyDamage":0,"cropDamage":0,"source":"","dataSource":"PUB"}},{"type":"Feature","geometry":{"type":"LineString","coordinates":[[-91.93,42.67],[-91.85,42.85]]},"properties":{"id":"ncei-1968-10014286","eventId":"10014286","episodeId":"","year":1968,"month":5,"date":"1968-05-15","beginTime":"1968-05-15T15:57:00","endTime":"1968-05-15T15:57:00","timezone":"CST","state":"IA","stateName":"Iowa","county":"Fayette","countyFips":"65","wfo":"","scale":5,"scaleLabel":"F5","lengthMiles":13.1,"widthYards":500,"deaths":5,"injuries":156,"propertyDamage":25000000,"cropDamage":0,"source":"","dataSource":"PUB"}},{"type":"Feature","geometry":{"type":"LineString","coordinates":[[-92.07,43.1],[-92.07,43.1]]},"properties":{"id":"ncei-1968-10014287","eventId":"10014287","episodeId":"","year":1968,"month":5,"date":"1968-05-15","beginTime":"1968-05-15T15:58:00","endTime":"1968-05-15T15:58:00","timezone":"CST","state":"IA","stateName":"Iowa","county":"Fayette","countyFips":"65","wfo":"","scale":1,"scaleLabel":"F1","lengthMiles":0.3,"widthYards":300,"deaths":0,"injuries":0,"propertyDamage":2500,"cropDamage":0,"source":"","dataSource":"PUB"}},{"type":"Feature","geometry":{"type":"LineString","coordinates":[[-92.48,43.22],[-92.33,43.47]]},"properties":{"id":"ncei-1968-10014288","eventId":"10014288","episodeId":"","year":1968,"month":5,"date":"1968-05-15","beginTime":"1968-05-15T16:00:00","endTime":"1968-05-15T16:00:00","timezone":"CST","state":"IA","stateName":"Iowa","county":"Howard","countyFips":"89","wfo":"","scale":5,"scaleLabel":"F5","lengthMiles":18.6,"widthYards":600,"deaths":0,"injuries":12,"propertyDamage":2500,"cropDamage":0,"source":"","dataSource":"PUB"}},{"type":"Feature","geometry":{"type":"LineString","coordinates":[[-94.93,41.72],[-94.93,41.72]]},"properties":{"id":"ncei-1968-10014292","eventId":"10014292","episodeId":"","year":1968,"month":5,"date":"1968-05-15","beginTime":"1968-05-15T16:45:00","endTime":"1968-05-15T16:45:00","timezone":"CST","state":"IA","stateName":"Iowa","county":"Audubon","countyFips":"9","wfo":"","scale":1,"scaleLabel":"F1","lengthMiles":2,"widthYards":250,"deaths":0,"injuries":1,"propertyDamage":25000,"cropDamage":0,"source":"","dataSource":"PUB"}},{"type":"Feature","geometry":{"type":"LineString","coordinates":[[-92.18,43.33],[-92.1,43.28]]},"properties":{"id":"ncei-1968-10014294","eventId":"10014294","episodeId":"","year":1968,"month":5,"date":"1968-05-15","beginTime":"1968-05-15T17:15:00","endTime":"1968-05-15T17:15:00","timezone":"CST","state":"IA","stateName":"Iowa","county":"Howard","countyFips":"89","wfo":"","scale":2,"scaleLabel":"F2","lengthMiles":4.7,"widthYards":250,"deaths":0,"injuries":0,"propertyDamage":25000,"cropDamage":0,"source":"","dataSource":"PUB"}},{"type":"Feature","geometry":{"type":"LineString","coordinates":[[-96.33,42.48],[-96.33,42.48]]},"properties":{"id":"ncei-1968-10015372","eventId":"10015372","episodeId":"","year":1968,"month":6,"date":"1968-06-10","beginTime":"1968-06-10T19:25:00","endTime":"1968-06-10T19:25:00","timezone":"CST","state":"IA","stateName":"Iowa","county":"Woodbury","countyFips":"193","wfo":"","scale":0,"scaleLabel":"F0","lengthMiles":0.1,"widthYards":200,"deaths":0,"injuries":0,"propertyDamage":25000,"cropDamage":0,"source":"","dataSource":"PUB"}},{"type":"Feature","geometry":{"type":"LineString","coordinates":[[-95.5,43.38],[-95.5,43.38]]},"properties":{"id":"ncei-1968-10015380","eventId":"10015380","episodeId":"","year":1968,"month":6,"date":"1968-06-13","beginTime":"1968-06-13T17:50:00","endTime":"1968-06-13T17:50:00","timezone":"CST","state":"IA","stateName":"Iowa","county":"Osceola","countyFips":"143","wfo":"","scale":2,"scaleLabel":"F2","lengthMiles":0,"widthYards":200,"deaths":0,"injuries":0,"propertyDamage":250000,"cropDamage":0,"source":"","dataSource":"PUB"}},{"type":"Feature","geometry":{"type":"LineString","coordinates":[[-95.1,43.38],[-95.02,43.43]]},"properties":{"id":"ncei-1968-10015383","eventId":"10015383","episodeId":"","year":1968,"month":6,"date":"1968-06-13","beginTime":"1968-06-13T18:30:00","endTime":"1968-06-13T18:30:00","timezone":"CST","state":"IA","stateName":"Iowa","county":"Dickinson","countyFips":"59","wfo":"","scale":2,"scaleLabel":"F2","lengthMiles":4.9,"widthYards":200,"deaths":0,"injuries":17,"propertyDamage":2500000,"cropDamage":0,"source":"","dataSource":"PUB"}},{"type":"Feature","geometry":{"type":"LineString","coordinates":[[-96.33,42.45],[-96.33,42.45]]},"properties":{"id":"ncei-1968-10015384","eventId":"10015384","episodeId":"","year":1968,"month":6,"date":"1968-06-13","beginTime":"1968-06-13T19:05:00","endTime":"1968-06-13T19:05:00","timezone":"CST","state":"IA","stateName":"Iowa","county":"Woodbury","countyFips":"193","wfo":"","scale":2,"scaleLabel":"F2","lengthMiles":0.1,"widthYards":100,"deaths":0,"injuries":0,"propertyDamage":25000,"cropDamage":0,"source":"","dataSource":"PUB"}},{"type":"Feature","geometry":{"type":"LineString","coordinates":[[-96.3,43.47],[-96.3,43.47]]},"properties":{"id":"ncei-1968-10015396","eventId":"10015396","episodeId":"","year":1968,"month":6,"date":"1968-06-22","beginTime":"1968-06-22T22:32:00","endTime":"1968-06-22T22:32:00","timezone":"CST","state":"IA","stateName":"Iowa","county":"Plymouth","countyFips":"149","wfo":"","scale":1,"scaleLabel":"F1","lengthMiles":0.5,"widthYards":50,"deaths":0,"injuries":0,"propertyDamage":0,"cropDamage":0,"source":"","dataSource":"PUB"}},{"type":"Feature","geometry":{"type":"LineString","coordinates":[[-93.6,42.85],[-93.6,42.85]]},"properties":{"id":"ncei-1968-10015402","eventId":"10015402","episodeId":"","year":1968,"month":6,"date":"1968-06-24","beginTime":"1968-06-24T18:00:00","endTime":"1968-06-24T18:00:00","timezone":"CST","state":"IA","stateName":"Iowa","county":"Wright","countyFips":"197","wfo":"","scale":1,"scaleLabel":"F1","lengthMiles":0.3,"widthYards":100,"deaths":0,"injuries":0,"propertyDamage":2500,"cropDamage":0,"source":"","dataSource":"PUB"}},{"type":"Feature","geometry":{"type":"LineString","coordinates":[[-96,41.7],[-96,41.7]]},"properties":{"id":"ncei-1968-10015403","eventId":"10015403","episodeId":"","year":1968,"month":6,"date":"1968-06-24","beginTime":"1968-06-24T18:35:00","endTime":"1968-06-24T18:35:00","timezone":"CST","state":"IA","stateName":"Iowa","county":"Monona","countyFips":"133","wfo":"","scale":-1,"scaleLabel":"Unknown","lengthMiles":0,"widthYards":33,"deaths":0,"injuries":0,"propertyDamage":0,"cropDamage":0,"source":"","dataSource":"PUB"}},{"type":"Feature","geometry":{"type":"LineString","coordinates":[[-95.8,41.6],[-95.8,41.6]]},"properties":{"id":"ncei-1968-10015404","eventId":"10015404","episodeId":"","year":1968,"month":6,"date":"1968-06-24","beginTime":"1968-06-24T18:35:00","endTime":"1968-06-24T18:35:00","timezone":"CST","state":"IA","stateName":"Iowa","county":"Monona","countyFips":"133","wfo":"","scale":-1,"scaleLabel":"Unknown","lengthMiles":0,"widthYards":33,"deaths":0,"injuries":0,"propertyDamage":0,"cropDamage":0,"source":"","dataSource":"PUB"}},{"type":"Feature","geometry":{"type":"LineString","coordinates":[[-96.1,38.1],[-96.1,38.1]]},"properties":{"id":"ncei-1968-10021034","eventId":"10021034","episodeId":"","year":1968,"month":6,"date":"1968-06-10","beginTime":"1968-06-10T18:45:00","endTime":"1968-06-10T18:45:00","timezone":"CST","state":"KS","stateName":"Kansas","county":"Greenwood","countyFips":"73","wfo":"","scale":2,"scaleLabel":"F2","lengthMiles":1.5,"widthYards":50,"deaths":0,"injuries":3,"propertyDamage":250000,"cropDamage":0,"source":"","dataSource":"PUB"}},{"type":"Feature","geometry":{"type":"LineString","coordinates":[[-99.9,38.1],[-99.9,38.1]]},"properties":{"id":"ncei-1968-10021046","eventId":"10021046","episodeId":"","year":1968,"month":6,"date":"1968-06-13","beginTime":"1968-06-13T20:00:00","endTime":"1968-06-13T20:00:00","timezone":"CST","state":"KS","stateName":"Kansas","county":"Hodgeman","countyFips":"83","wfo":"","scale":2,"scaleLabel":"F2","lengthMiles":0,"widthYards":440,"deaths":0,"injuries":0,"propertyDamage":25000,"cropDamage":0,"source":"","dataSource":"PUB"}},{"type":"Feature","geometry":{"type":"LineString","coordinates":[[-100.8,39.98],[-100.8,39.98]]},"properties":{"id":"ncei-1968-10021062","eventId":"10021062","episodeId":"","year":1968,"month":6,"date":"1968-06-17","beginTime":"1968-06-17T18:30:00","endTime":"1968-06-17T18:30:00","timezone":"CST","state":"KS","stateName":"Kansas","county":"Rawlins","countyFips":"153","wfo":"","scale":-1,"scaleLabel":"Unknown","lengthMiles":0,"widthYards":33,"deaths":0,"injuries":0,"propertyDamage":0,"cropDamage":0,"source":"","dataSource":"PUB"}},{"type":"Feature","geometry":{"type":"LineString","coordinates":[[-99.3,38.5],[-99.3,38.5]]},"properties":{"id":"ncei-1968-10021069","eventId":"10021069","episodeId":"","year":1968,"month":6,"date":"1968-06-18","beginTime":"1968-06-18T19:55:00","endTime":"1968-06-18T19:55:00","timezone":"CST","state":"KS","stateName":"Kansas","county":"Rush","countyFips":"165","wfo":"","scale":3,"scaleLabel":"F3","lengthMiles":0.5,"widthYards":220,"deaths":0,"injuries":8,"propertyDamage":250000,"cropDamage":0,"source":"","dataSource":"PUB"}},{"type":"Feature","geometry":{"type":"LineString","coordinates":[[-102,38.9],[-101.97,38.92]]},"properties":{"id":"ncei-1968-10021076","eventId":"10021076","episodeId":"","year":1968,"month":6,"date":"1968-06-22","beginTime":"1968-06-22T16:55:00","endTime":"1968-06-22T16:55:00","timezone":"CST","state":"KS","stateName":"Kansas","county":"Wallace","countyFips":"199","wfo":"","scale":0,"scaleLabel":"F0","lengthMiles":0,"widthYards":500,"deaths":0,"injuries":0,"propertyDamage":2500,"cropDamage":0,"source":"","dataSource":"PUB"}},{"type":"Feature","geometry":{"type":"LineString","coordinates":[[-101.4,39.4],[-101.4,39.4]]},"properties":{"id":"ncei-1968-10021077","eventId":"10021077","episodeId":"","year":1968,"month":6,"date":"1968-06-22","beginTime":"1968-06-22T19:08:00","endTime":"1968-06-22T19:08:00","timezone":"CST","state":"KS","stateName":"Kansas","county":"Sherman","countyFips":"181","wfo":"","scale":0,"scaleLabel":"F0","lengthMiles":0,"widthYards":33,"deaths":0,"injuries":0,"propertyDamage":0,"cropDamage":0,"source":"","dataSource":"PUB"}},{"type":"Feature","geometry":{"type":"LineString","coordinates":[[-100.8,39.2],[-100.8,39.2]]},"properties":{"id":"ncei-1968-10021080","eventId":"10021080","episodeId":"","year":1968,"month":6,"date":"1968-06-24","beginTime":"1968-06-24T19:35:00","endTime":"1968-06-24T19:35:00","timezone":"CST","state":"KS","stateName":"Kansas","county":"Thomas","countyFips":"193","wfo":"","scale":0,"scaleLabel":"F0","lengthMiles":2,"widthYards":33,"deaths":0,"injuries":0,"propertyDamage":0,"cropDamage":0,"source":"","dataSource":"PUB"}},{"type":"Feature","geometry":{"type":"LineString","coordinates":[[-99.3,37.3],[-99.3,37.3]]},"properties":{"id":"ncei-1968-10021101","eventId":"10021101","episodeId":"","year":1968,"month":7,"date":"1968-07-17","beginTime":"1968-07-17T18:15:00","endTime":"1968-07-17T18:15:00","timezone":"CST","state":"KS","stateName":"Kansas","county":"Comanche","countyFips":"33","wfo":"","scale":1,"scaleLabel":"F1","lengthMiles":0.5,"widthYards":300,"deaths":0,"injuries":0,"propertyDamage":0,"cropDamage":0,"source":"","dataSource":"PUB"}},{"type":"Feature","geometry":{"type":"LineString","coordinates":[[-99.1,37.2],[-99.1,37.2]]},"properties":{"id":"ncei-1968-10021102","eventId":"10021102","episodeId":"","year":1968,"month":7,"date":"1968-07-17","beginTime":"1968-07-17T18:15:00","endTime":"1968-07-17T18:15:00","timezone":"CST","state":"KS","stateName":"Kansas","county":"Comanche","countyFips":"33","wfo":"","scale":1,"scaleLabel":"F1","lengthMiles":0,"widthYards":33,"deaths":0,"injuries":0,"propertyDamage":0,"cropDamage":0,"source":"","dataSource":"PUB"}},{"type":"Feature","geometry":{"type":"LineString","coordinates":[[-99.9,38.2],[-99.9,38.2]]},"properties":{"id":"ncei-1968-10022184","eventId":"10022184","episodeId":"","year":1968,"month":7,"date":"1968-07-22","beginTime":"1968-07-22T16:04:00","endTime":"1968-07-22T16:04:00","timezone":"CST","state":"KS","stateName":"Kansas","county":"Hodgeman","countyFips":"83","wfo":"","scale":-1,"scaleLabel":"Unknown","lengthMiles":0.5,"widthYards":100,"deaths":0,"injuries":0,"propertyDamage":2500,"cropDamage":0,"source":"","dataSource":"PUB"}},{"type":"Feature","geometry":{"type":"LineString","coordinates":[[-100,37.7],[-100,37.7]]},"properties":{"id":"ncei-1968-10022192","eventId":"10022192","episodeId":"","year":1968,"month":7,"date":"1968-07-27","beginTime":"1968-07-27T15:40:00","endTime":"1968-07-27T15:40:00","timezone":"CST","state":"KS","stateName":"Kansas","county":"Ford","countyFips":"57","wfo":"","scale":0,"scaleLabel":"F0","lengthMiles":0,"widthYards":33,"deaths":0,"injuries":0,"propertyDamage":0,"cropDamage":0,"source":"","dataSource":"PUB"}},{"type":"Feature","geometry":{"type":"LineString","coordinates":[[-98.6,37.3],[-98.6,37.3]]},"properties":{"id":"ncei-1968-10022218","eventId":"10022218","episodeId":"","year":1968,"month":10,"date":"1968-10-16","beginTime":"1968-10-16T15:20:00","endTime":"1968-10-16T15:20:00","timezone":"CST","state":"KS","stateName":"Kansas","county":"Barber","countyFips":"7","wfo":"","scale":0,"scaleLabel":"F0","lengthMiles":0,"widthYards":33,"deaths":0,"injuries":0,"propertyDamage":0,"cropDamage":0,"source":"","dataSource":"PUB"}},{"type":"Feature","geometry":{"type":"LineString","coordinates":[[-98.4,37.4],[-98,37.7]]},"properties":{"id":"ncei-1968-10024841","eventId":"10024841","episodeId":"","year":1968,"month":4,"date":"1968-04-21","beginTime":"1968-04-21T15:00:00","endTime":"1968-04-21T15:00:00","timezone":"CST","state":"KS","stateName":"Kansas","county":"Kingman","countyFips":"95","wfo":"","scale":2,"scaleLabel":"F2","lengthMiles":30.1,"widthYards":33,"deaths":0,"injuries":0,"propertyDamage":250000,"cropDamage":0,"source":"","dataSource":"PUB"}},{"type":"Feature","geometry":{"type":"LineString","coordinates":[[-96.7,39.2],[-96.7,39.2]]},"properties":{"id":"ncei-1968-10024852","eventId":"10024852","episodeId":"","year":1968,"month":5,"date":"1968-05-02","beginTime":"1968-05-02T19:50:00","endTime":"1968-05-02T19:50:00","timezone":"CST","state":"KS","stateName":"Kansas","county":"Riley","countyFips":"161","wfo":"","scale":0,"scaleLabel":"F0","lengthMiles":0,"widthYards":33,"deaths":0,"injuries":0,"propertyDamage":0,"cropDamage":0,"source":"","dataSource":"PUB"}},{"type":"Feature","geometry":{"type":"LineString","coordinates":[[-101.17,38.43],[-101.13,38.48]]},"properties":{"id":"ncei-1968-10024861","eventId":"10024861","episodeId":"","year":1968,"month":5,"date":"1968-05-13","beginTime":"1968-05-13T13:40:00","endTime":"1968-05-13T13:40:00","timezone":"CST","state":"KS","stateName":"Kansas","county":"Wichita","countyFips":"203","wfo":"","scale":3,"scaleLabel":"F3","lengthMiles":3.6,"widthYards":320,"deaths":0,"injuries":4,"propertyDamage":25000,"cropDamage":0,"source":"","dataSource":"PUB"}},{"type":"Feature","geometry":{"type":"LineString","coordinates":[[-101.13,38.48],[-99.33,39.13]]},"properties":{"id":"ncei-1968-10024862","eventId":"10024862","episodeId":"","year":1968,"month":5,"date":"1968-05-13","beginTime":"1968-05-13T14:30:00","endTime":"1968-05-13T14:30:00","timezone":"CST","state":"KS","stateName":"Kansas","county":"Scott","countyFips":"171","wfo":"","scale":3,"scaleLabel":"F3","lengthMiles":106.8,"widthYards":320,"deaths":0,"injuries":0,"propertyDamage":25000,"cropDamage":0,"source":"","dataSource":"PUB"}},{"type":"Feature","geometry":{"type":"LineString","coordinates":[[-99.33,39.13],[-99.03,39.22]]},"properties":{"id":"ncei-1968-10024863","eventId":"10024863","episodeId":"","year":1968,"month":5,"date":"1968-05-13","beginTime":"1968-05-13T17:00:00","endTime":"1968-05-13T17:00:00","timezone":"CST","state":"KS","stateName":"Kansas","county":"Rooks","countyFips":"163","wfo":"","scale":3,"scaleLabel":"F3","lengthMiles":16.9,"widthYards":320,"deaths":0,"injuries":1,"propertyDamage":25000,"cropDamage":0,"source":"","dataSource":"PUB"}},{"type":"Feature","geometry":{"type":"LineString","coordinates":[[-99.03,39.22],[-98.8,39.28]]},"properties":{"id":"ncei-1968-10024867","eventId":"10024867","episodeId":"","year":1968,"month":5,"date":"1968-05-13","beginTime":"1968-05-13T17:30:00","endTime":"1968-05-13T17:30:00","timezone":"CST","state":"KS","stateName":"Kansas","county":"Osborne","countyFips":"141","wfo":"","scale":3,"scaleLabel":"F3","lengthMiles":13.1,"widthYards":320,"deaths":0,"injuries":0,"propertyDamage":25000,"cropDamage":0,"source":"","dataSource":"PUB"}},{"type":"Feature","geometry":{"type":"LineString","coordinates":[[-98.1,39.5],[-98.02,39.53]]},"properties":{"id":"ncei-1968-10024868","eventId":"10024868","episodeId":"","year":1968,"month":5,"date":"1968-05-13","beginTime":"1968-05-13T19:20:00","endTime":"1968-05-13T19:20:00","timezone":"CST","state":"KS","stateName":"Kansas","county":"Mitchell","countyFips":"123","wfo":"","scale":2,"scaleLabel":"F2","lengthMiles":4.7,"widthYards":20,"deaths":0,"injuries":0,"propertyDamage":2500,"cropDamage":0,"source":"","dataSource":"PUB"}},{"type":"Feature","geometry":{"type":"LineString","coordinates":[[-94.65,38.63],[-94.6,38.67]]},"properties":{"id":"ncei-1968-10024874","eventId":"10024874","episodeId":"","year":1968,"month":5,"date":"1968-05-15","beginTime":"1968-05-15T14:45:00","endTime":"1968-05-15T14:45:00","timezone":"CST","state":"KS","stateName":"Kansas","county":"Miami","countyFips":"121","wfo":"","scale":3,"scaleLabel":"F3","lengthMiles":2.7,"widthYards":33,"deaths":0,"injuries":0,"propertyDamage":25000,"cropDamage":0,"source":"","dataSource":"PUB"}},{"type":"Feature","geometry":{"type":"LineString","coordinates":[[-97.4,37.3],[-97.4,37.3]]},"properties":{"id":"ncei-1968-10024881","eventId":"10024881","episodeId":"","year":1968,"month":5,"date":"1968-05-22","beginTime":"1968-05-22T20:28:00","endTime":"1968-05-22T20:28:00","timezone":"CST","state":"KS","stateName":"Kansas","county":"Sumner","countyFips":"191","wfo":"","scale":0,"scaleLabel":"F0","lengthMiles":0.2,"widthYards":20,"deaths":0,"injuries":0,"propertyDamage":25000,"cropDamage":0,"source":"","dataSource":"PUB"}},{"type":"Feature","geometry":{"type":"LineString","coordinates":[[-96.17,39.07],[-95.58,39.4]]},"properties":{"id":"ncei-1968-10027168","eventId":"10027168","episodeId":"","year":1968,"month":4,"date":"1968-04-16","beginTime":"1968-04-16T19:00:00","endTime":"1968-04-16T19:00:00","timezone":"CST","state":"KS","stateName":"Kansas","county":"Wabaunsee","countyFips":"197","wfo":"","scale":2,"scaleLabel":"F2","lengthMiles":38.7,"widthYards":33,"deaths":0,"injuries":0,"propertyDamage":25000,"cropDamage":0,"source":"","dataSource":"PUB"}},{"type":"Feature","geometry":{"type":"LineString","coordinates":[[-96.9,37.1],[-96.85,37.12]]},"properties":{"id":"ncei-1968-10027169","eventId":"10027169","episodeId":"","year":1968,"month":4,"date":"1968-04-16","beginTime":"1968-04-16T19:04:00","endTime":"1968-04-16T19:04:00","timezone":"CST","state":"KS","stateName":"Kansas","county":"Cowley","countyFips":"35","wfo":"","scale":0,"scaleLabel":"F0","lengthMiles":2.7,"widthYards":47,"deaths":0,"injuries":0,"propertyDamage":25000,"cropDamage":0,"source":"","dataSource":"PUB"}},{"type":"Feature","geometry":{"type":"LineString","coordinates":[[-96.25,37.58],[-96.1,37.67]]},"properties":{"id":"ncei-1968-10027173","eventId":"10027173","episodeId":"","year":1968,"month":4,"date":"1968-04-19","beginTime":"1968-04-19T18:45:00","endTime":"1968-04-19T18:45:00","timezone":"CST","state":"KS","stateName":"Kansas","county":"Elk","countyFips":"49","wfo":"","scale":1,"scaleLabel":"F1","lengthMiles":9.9,"widthYards":33,"deaths":0,"injuries":0,"propertyDamage":0,"cropDamage":0,"source":"","dataSource":"PUB"}},{"type":"Feature","geometry":{"type":"LineString","coordinates":[[-92.1,32.4],[-92.1,32.4]]},"properties":{"id":"ncei-1968-10033093","eventId":"10033093","episodeId":"","year":1968,"month":2,"date":"1968-02-01","beginTime":"1968-02-01T17:45:00","endTime":"1968-02-01T17:45:00","timezone":"CST","state":"LA","stateName":"Louisiana","county":"Ouachita","countyFips":"73","wfo":"","scale":3,"scaleLabel":"F3","lengthMiles":0.5,"widthYards":100,"deaths":0,"injuries":0,"propertyDamage":25000,"cropDamage":0,"source":"","dataSource":"PUB"}},{"type":"Feature","geometry":{"type":"LineString","coordinates":[[-93.3,30.77],[-93.3,30.77]]},"properties":{"id":"ncei-1968-10033094","eventId":"10033094","episodeId":"","year":1968,"month":2,"date":"1968-02-01","beginTime":"1968-02-01T17:50:00","endTime":"1968-02-01T17:50:00","timezone":"CST","state":"LA","stateName":"Louisiana","county":"Beauregard","countyFips":"11","wfo":"","scale":1,"scaleLabel":"F1","lengthMiles":0.2,"widthYards":33,"deaths":0,"injuries":0,"propertyDamage":2500,"cropDamage":0,"source":"","dataSource":"PUB"}},{"type":"Feature","geometry":{"type":"LineString","coordinates":[[-92.7,32.4],[-92.7,32.4]]},"properties":{"id":"ncei-1968-10033095","eventId":"10033095","episodeId":"","year":1968,"month":3,"date":"1968-03-11","beginTime":"1968-03-11T06:45:00","endTime":"1968-03-11T06:45:00","timezone":"CST","state":"LA","stateName":"Louisiana","county":"Jackson","countyFips":"49","wfo":"","scale":0,"scaleLabel":"F0","lengthMiles":0.5,"widthYards":67,"deaths":0,"injuries":0,"propertyDamage":25000,"cropDamage":0,"source":"","dataSource":"PUB"}},{"type":"Feature","geometry":{"type":"LineString","coordinates":[[-92.75,32.3],[-92.75,32.3]]},"properties":{"id":"ncei-1968-10033097","eventId":"10033097","episodeId":"","year":1968,"month":3,"date":"1968-03-11","beginTime":"1968-03-11T07:08:00","endTime":"1968-03-11T07:08:00","timezone":"GMT","state":"LA","stateName":"Louisiana","county":"Jackson","countyFips":"49","wfo":"","scale":2,"scaleLabel":"F2","lengthMiles":0.5,"widthYards":67,"deaths":0,"injuries":0,"propertyDamage":25000,"cropDamage":0,"source":"","dataSource":"PUB"}},{"type":"Feature","geometry":{"type":"LineString","coordinates":[[-93.1,31.77],[-93.1,31.77]]},"properties":{"id":"ncei-1968-10033099","eventId":"10033099","episodeId":"","year":1968,"month":3,"date":"1968-03-11","beginTime":"1968-03-11T09:10:00","endTime":"1968-03-11T09:10:00","timezone":"CST","state":"LA","stateName":"Louisiana","county":"Natchitoches","countyFips":"69","wfo":"","scale":3,"scaleLabel":"F3","lengthMiles":1,"widthYards":100,"deaths":0,"injuries":0,"propertyDamage":25000,"cropDamage":0,"source":"","dataSource":"PUB"}},{"type":"Feature","geometry":{"type":"LineString","coordinates":[[-92,32.5],[-92,32.5]]},"properties":{"id":"ncei-1968-10033100","eventId":"10033100","episodeId":"","year":1968,"month":3,"date":"1968-03-11","beginTime":"1968-03-11T10:00:00","endTime":"1968-03-11T10:00:00","timezone":"CST","state":"LA","stateName":"Louisiana","county":"Ouachita","countyFips":"73","wfo":"","scale":0,"scaleLabel":"F0","lengthMiles":0.5,"widthYards":33,"deaths":0,"injuries":0,"propertyDamage":0,"cropDamage":0,"source":"","dataSource":"PUB"}},{"type":"Feature","geometry":{"type":"LineString","coordinates":[[-92.35,30.13],[-92.35,30.13]]},"properties":{"id":"ncei-1968-10033104","eventId":"10033104","episodeId":"","year":1968,"month":4,"date":"1968-04-23","beginTime":"1968-04-23T16:00:00","endTime":"1968-04-23T16:00:00","timezone":"CST","state":"LA","stateName":"Louisiana","county":"Acadia","countyFips":"1","wfo":"","scale":2,"scaleLabel":"F2","lengthMiles":1,"widthYards":67,"deaths":0,"injuries":0,"propertyDamage":2500,"cropDamage":0,"source":"","dataSource":"PUB"}},{"type":"Feature","geometry":{"type":"LineString","coordinates":[[-92.67,30.8],[-92.67,30.8]]},"properties":{"id":"ncei-1968-10033131","eventId":"10033131","episodeId":"","year":1968,"month":6,"date":"1968-06-17","beginTime":"1968-06-17T15:00:00","endTime":"1968-06-17T15:00:00","timezone":"CST","state":"LA","stateName":"Louisiana","county":"St. Helena","countyFips":"91","wfo":"","scale":2,"scaleLabel":"F2","lengthMiles":0.1,"widthYards":17,"deaths":0,"injuries":0,"propertyDamage":2500,"cropDamage":0,"source":"","dataSource":"PUB"}},{"type":"Feature","geometry":{"type":"LineString","coordinates":[[-89.42,29.37],[-89.42,29.37]]},"properties":{"id":"ncei-1968-10033132","eventId":"10033132","episodeId":"","year":1968,"month":6,"date":"1968-06-20","beginTime":"1968-06-20T11:20:00","endTime":"1968-06-20T11:20:00","timezone":"CST","state":"LA","stateName":"Louisiana","county":"Plaquemines","countyFips":"75","wfo":"","scale":1,"scaleLabel":"F1","lengthMiles":0.5,"widthYards":100,"deaths":0,"injuries":0,"propertyDamage":25000,"cropDamage":0,"source":"","dataSource":"PUB"}},{"type":"Feature","geometry":{"type":"LineString","coordinates":[[-92.23,32.17],[-92.23,32.17]]},"properties":{"id":"ncei-1968-10033134","eventId":"10033134","episodeId":"","year":1968,"month":6,"date":"1968-06-24","beginTime":"1968-06-24T11:51:00","endTime":"1968-06-24T11:51:00","timezone":"CST","state":"LA","stateName":"Louisiana","county":"Caldwell","countyFips":"21","wfo":"","scale":0,"scaleLabel":"F0","lengthMiles":0.1,"widthYards":33,"deaths":0,"injuries":0,"propertyDamage":0,"cropDamage":0,"source":"","dataSource":"PUB"}},{"type":"Feature","geometry":{"type":"LineString","coordinates":[[-93.33,30.08],[-93.33,30.08]]},"properties":{"id":"ncei-1968-10033140","eventId":"10033140","episodeId":"","year":1968,"month":9,"date":"1968-09-15","beginTime":"1968-09-15T10:40:00","endTime":"1968-09-15T10:40:00","timezone":"CST","state":"LA","stateName":"Louisiana","county":"Calcasieu","countyFips":"19","wfo":"","scale":1,"scaleLabel":"F1","lengthMiles":0.2,"widthYards":33,"deaths":0,"injuries":0,"propertyDamage":2500,"cropDamage":0,"source":"","dataSource":"PUB"}},{"type":"Feature","geometry":{"type":"LineString","coordinates":[[-90.12,30.83],[-90.12,30.83]]},"properties":{"id":"ncei-1968-10033144","eventId":"10033144","episodeId":"","year":1968,"month":9,"date":"1968-09-17","beginTime":"1968-09-17T14:30:00","endTime":"1968-09-17T14:30:00","timezone":"CST","state":"LA","stateName":"Louisiana","county":"Washington","countyFips":"117","wfo":"","scale":2,"scaleLabel":"F2","lengthMiles":1,"widthYards":100,"deaths":0,"injuries":0,"propertyDamage":2500,"cropDamage":0,"source":"","dataSource":"PUB"}},{"type":"Feature","geometry":{"type":"LineString","coordinates":[[-92.75,31.2],[-92.75,31.2]]},"properties":{"id":"ncei-1968-10033147","eventId":"10033147","episodeId":"","year":1968,"month":11,"date":"1968-11-17","beginTime":"1968-11-17T05:05:00","endTime":"1968-11-17T05:05:00","timezone":"CST","state":"LA","stateName":"Louisiana","county":"Rapides","countyFips":"79","wfo":"","scale":1,"scaleLabel":"F1","lengthMiles":0.5,"widthYards":33,"deaths":0,"injuries":0,"propertyDamage":0,"cropDamage":0,"source":"","dataSource":"PUB"}},{"type":"Feature","geometry":{"type":"LineString","coordinates":[[-91.72,32.75],[-91.72,32.75]]},"properties":{"id":"ncei-1968-10033150","eventId":"10033150","episodeId":"","year":1968,"month":11,"date":"1968-11-27","beginTime":"1968-11-27T23:30:00","endTime":"1968-11-27T23:30:00","timezone":"CST","state":"LA","stateName":"Louisiana","county":"Morehouse","countyFips":"67","wfo":"","scale":3,"scaleLabel":"F3","lengthMiles":0.5,"widthYards":33,"deaths":0,"injuries":0,"propertyDamage":25000,"cropDamage":0,"source":"","dataSource":"PUB"}},{"type":"Feature","geometry":{"type":"LineString","coordinates":[[-92.08,30.5],[-92.08,30.5]]},"properties":{"id":"ncei-1968-10033154","eventId":"10033154","episodeId":"","year":1968,"month":11,"date":"1968-11-30","beginTime":"1968-11-30T22:30:00","endTime":"1968-11-30T22:30:00","timezone":"CST","state":"LA","stateName":"Louisiana","county":"St. Landry","countyFips":"97","wfo":"","scale":1,"scaleLabel":"F1","lengthMiles":1,"widthYards":33,"deaths":0,"injuries":0,"propertyDamage":250000,"cropDamage":0,"source":"","dataSource":"PUB"}},{"type":"Feature","geometry":{"type":"LineString","coordinates":[[-91.8,30.8],[-91.8,30.8]]},"properties":{"id":"ncei-1968-10033155","eventId":"10033155","episodeId":"","year":1968,"month":11,"date":"1968-11-30","beginTime":"1968-11-30T22:30:00","endTime":"1968-11-30T22:30:00","timezone":"CST","state":"LA","stateName":"Louisiana","county":"St. Landry","countyFips":"97","wfo":"","scale":2,"scaleLabel":"F2","lengthMiles":0.5,"widthYards":33,"deaths":0,"injuries":1,"propertyDamage":25000,"cropDamage":0,"source":"","dataSource":"PUB"}},{"type":"Feature","geometry":{"type":"LineString","coordinates":[[-93.43,30.47],[-93.43,30.47]]},"properties":{"id":"ncei-1968-10033167","eventId":"10033167","episodeId":"","year":1968,"month":12,"date":"1968-12-30","beginTime":"1968-12-30T17:02:00","endTime":"1968-12-30T17:02:00","timezone":"CST","state":"LA","stateName":"Louisiana","county":"Calcasieu","countyFips":"19","wfo":"","scale":1,"scaleLabel":"F1","lengthMiles":0.5,"widthYards":33,"deaths":0,"injuries":0,"propertyDamage":25000,"cropDamage":0,"source":"","dataSource":"PUB"}},{"type":"Feature","geometry":{"type":"LineString","coordinates":[[-84.22,38.7],[-83.92,38.75]]},"properties":{"id":"ncei-1968-10033531","eventId":"10033531","episodeId":"","year":1968,"month":4,"date":"1968-04-23","beginTime":"1968-04-23T13:00:00","endTime":"1968-04-23T13:00:00","timezone":"CST","state":"KY","stateName":"Kentucky","county":"Bracken","countyFips":"23","wfo":"","scale":4,"scaleLabel":"F4","lengthMiles":16.4,"widthYards":300,"deaths":1,"injuries":8,"propertyDamage":250000,"cropDamage":0,"source":"","dataSource":"PUB"}},{"type":"Feature","geometry":{"type":"LineString","coordinates":[[-83.92,38.75],[-83.87,38.77]]},"properties":{"id":"ncei-1968-10033539","eventId":"10033539","episodeId":"","year":1968,"month":4,"date":"1968-04-23","beginTime":"1968-04-23T13:20:00","endTime":"1968-04-23T13:20:00","timezone":"CST","state":"KY","stateName":"Kentucky","county":"Edmonson","countyFips":"61","wfo":"","scale":4,"scaleLabel":"F4","lengthMiles":2.7,"widthYards":300,"deaths":0,"injuries":2,"propertyDamage":25000,"cropDamage":0,"source":"","dataSource":"PUB"}},{"type":"Feature","geometry":{"type":"LineString","coordinates":[[-84,38.72],[-84,38.72]]},"properties":{"id":"ncei-1968-10033540","eventId":"10033540","episodeId":"","year":1968,"month":4,"date":"1968-04-23","beginTime":"1968-04-23T13:30:00","endTime":"1968-04-23T13:30:00","timezone":"CST","state":"KY","stateName":"Kentucky","county":"Bracken","countyFips":"23","wfo":"","scale":2,"scaleLabel":"F2","lengthMiles":0,"widthYards":33,"deaths":0,"injuries":0,"propertyDamage":0,"cropDamage":0,"source":"","dataSource":"PUB"}},{"type":"Feature","geometry":{"type":"LineString","coordinates":[[-82.95,38.72],[-82.95,38.72]]},"properties":{"id":"ncei-1968-10033551","eventId":"10033551","episodeId":"","year":1968,"month":4,"date":"1968-04-23","beginTime":"1968-04-23T14:55:00","endTime":"1968-04-23T14:55:00","timezone":"CST","state":"KY","stateName":"Kentucky","county":"Greenup","countyFips":"89","wfo":"","scale":3,"scaleLabel":"F3","lengthMiles":0,"widthYards":33,"deaths":0,"injuries":5,"propertyDamage":2500000,"cropDamage":0,"source":"","dataSource":"PUB"}},{"type":"Feature","geometry":{"type":"LineString","coordinates":[[-84.58,37.87],[-84.53,37.9]]},"properties":{"id":"ncei-1968-10033556","eventId":"10033556","episodeId":"","year":1968,"month":4,"date":"1968-04-23","beginTime":"1968-04-23T16:34:00","endTime":"1968-04-23T16:34:00","timezone":"CST","state":"KY","stateName":"Kentucky","county":"Jessamine","countyFips":"113","wfo":"","scale":2,"scaleLabel":"F2","lengthMiles":3.3,"widthYards":60,"deaths":0,"injuries":3,"propertyDamage":250000,"cropDamage":0,"source":"","dataSource":"PUB"}},{"type":"Feature","geometry":{"type":"LineString","coordinates":[[-86.23,37.07],[-86.23,37.07]]},"properties":{"id":"ncei-1968-10033561","eventId":"10033561","episodeId":"","year":1968,"month":5,"date":"1968-05-26","beginTime":"1968-05-26T15:30:00","endTime":"1968-05-26T15:30:00","timezone":"CST","state":"KY","stateName":"Kentucky","county":"Warren","countyFips":"227","wfo":"","scale":2,"scaleLabel":"F2","lengthMiles":0,"widthYards":33,"deaths":0,"injuries":0,"propertyDamage":25000,"cropDamage":0,"source":"","dataSource":"PUB"}},{"type":"Feature","geometry":{"type":"LineString","coordinates":[[-88.3,36.63],[-88.22,36.75]]},"properties":{"id":"ncei-1968-10034929","eventId":"10034929","episodeId":"","year":1968,"month":4,"date":"1968-04-03","beginTime":"1968-04-03T23:50:00","endTime":"1968-04-03T23:50:00","timezone":"CST","state":"KY","stateName":"Kentucky","county":"Calloway","countyFips":"35","wfo":"","scale":4,"scaleLabel":"F4","lengthMiles":9.2,"widthYards":100,"deaths":1,"injuries":15,"propertyDamage":2500000,"cropDamage":0,"source":"","dataSource":"PUB"}},{"type":"Feature","geometry":{"type":"LineString","coordinates":[[-88.22,36.75],[-88.13,36.78]]},"properties":{"id":"ncei-1968-10034931","eventId":"10034931","episodeId":"","year":1968,"month":4,"date":"1968-04-04","beginTime":"1968-04-04T00:01:00","endTime":"1968-04-04T00:01:00","timezone":"CST","state":"KY","stateName":"Kentucky","county":"Marshall","countyFips":"157","wfo":"","scale":4,"scaleLabel":"F4","lengthMiles":5.1,"widthYards":100,"deaths":1,"injuries":5,"propertyDamage":0,"cropDamage":0,"source":"","dataSource":"PUB"}},{"type":"Feature","geometry":{"type":"LineString","coordinates":[[-88.13,36.78],[-87.8,36.97]]},"properties":{"id":"ncei-1968-10034932","eventId":"10034932","episodeId":"","year":1968,"month":4,"date":"1968-04-04","beginTime":"1968-04-04T00:15:00","endTime":"1968-04-04T00:15:00","timezone":"CST","state":"KY","stateName":"Kentucky","county":"Trigg","countyFips":"221","wfo":"","scale":4,"scaleLabel":"F4","lengthMiles":22.3,"widthYards":33,"deaths":0,"injuries":0,"propertyDamage":0,"cropDamage":0,"source":"","dataSource":"PUB"}},{"type":"Feature","geometry":{"type":"LineString","coordinates":[[-87.8,36.97],[-87.7,37.08]]},"properties":{"id":"ncei-1968-10034933","eventId":"10034933","episodeId":"","year":1968,"month":4,"date":"1968-04-04","beginTime":"1968-04-04T00:45:00","endTime":"1968-04-04T00:45:00","timezone":"CST","state":"KY","stateName":"Kentucky","county":"Caldwell","countyFips":"33","wfo":"","scale":4,"scaleLabel":"F4","lengthMiles":9.7,"widthYards":33,"deaths":0,"injuries":5,"propertyDamage":0,"cropDamage":0,"source":"","dataSource":"PUB"}},{"type":"Feature","geometry":{"type":"LineString","coordinates":[[-87.7,37.08],[-87.63,37.12]]},"properties":{"id":"ncei-1968-10034935","eventId":"10034935","episodeId":"","year":1968,"month":4,"date":"1968-04-04","beginTime":"1968-04-04T01:00:00","endTime":"1968-04-04T01:00:00","timezone":"CST","state":"KY","stateName":"Kentucky","county":"Christian","countyFips":"47","wfo":"","scale":4,"scaleLabel":"F4","lengthMiles":4.3,"widthYards":33,"deaths":0,"injuries":5,"propertyDamage":0,"cropDamage":0,"source":"","dataSource":"PUB"}},{"type":"Feature","geometry":{"type":"LineString","coordinates":[[-84.37,38.67],[-84.22,38.7]]},"properties":{"id":"ncei-1968-10038065","eventId":"10038065","episodeId":"","year":1968,"month":4,"date":"1968-04-23","beginTime":"1968-04-23T12:41:00","endTime":"1968-04-23T12:41:00","timezone":"CST","state":"KY","stateName":"Kentucky","county":"Pendleton","countyFips":"191","wfo":"","scale":4,"scaleLabel":"F4","lengthMiles":8,"widthYards":300,"deaths":4,"injuries":350,"propertyDamage":25000000,"cropDamage":0,"source":"","dataSource":"PUB"}},{"type":"Feature","geometry":{"type":"LineString","coordinates":[[-70.8,42.9],[-70.8,42.9]]},"properties":{"id":"ncei-1968-10040114","eventId":"10040114","episodeId":"","year":1968,"month":7,"date":"1968-07-01","beginTime":"1968-07-01T19:00:00","endTime":"1968-07-01T19:00:00","timezone":"CST","state":"MA","stateName":"Massachusetts","county":"Essex","countyFips":"9","wfo":"","scale":1,"scaleLabel":"F1","lengthMiles":0.3,"widthYards":100,"deaths":0,"injuries":1,"propertyDamage":250000,"cropDamage":0,"source":"","dataSource":"PUB"}},{"type":"Feature","geometry":{"type":"LineString","coordinates":[[-72.1,42.08],[-72.1,42.08]]},"properties":{"id":"ncei-1968-10040117","eventId":"10040117","episodeId":"","year":1968,"month":7,"date":"1968-07-17","beginTime":"1968-07-17T16:30:00","endTime":"1968-07-17T16:30:00","timezone":"CST","state":"MA","stateName":"Massachusetts","county":"Worcester","countyFips":"27","wfo":"","scale":1,"scaleLabel":"F1","lengthMiles":0.3,"widthYards":17,"deaths":0,"injuries":0,"propertyDamage":2500,"cropDamage":0,"source":"","dataSource":"PUB"}},{"type":"Feature","geometry":{"type":"LineString","coordinates":[[-72.52,42.1],[-72.52,42.1]]},"properties":{"id":"ncei-1968-10040119","eventId":"10040119","episodeId":"","year":1968,"month":7,"date":"1968-07-19","beginTime":"1968-07-19T15:15:00","endTime":"1968-07-19T15:15:00","timezone":"CST","state":"MA","stateName":"Massachusetts","county":"Hampden","countyFips":"13","wfo":"","scale":0,"scaleLabel":"F0","lengthMiles":0.1,"widthYards":33,"deaths":0,"injuries":0,"propertyDamage":0,"cropDamage":0,"source":"","dataSource":"PUB"}},{"type":"Feature","geometry":{"type":"LineString","coordinates":[[-71.3,42],[-71.3,42]]},"properties":{"id":"ncei-1968-10040120","eventId":"10040120","episodeId":"","year":1968,"month":8,"date":"1968-08-09","beginTime":"1968-08-09T13:00:00","endTime":"1968-08-09T13:00:00","timezone":"CST","state":"MA","stateName":"Massachusetts","county":"Bristol","countyFips":"5","wfo":"","scale":1,"scaleLabel":"F1","lengthMiles":0.1,"widthYards":33,"deaths":0,"injuries":4,"propertyDamage":25000,"cropDamage":0,"source":"","dataSource":"PUB"}},{"type":"Feature","geometry":{"type":"LineString","coordinates":[[-70.9,41.7],[-70.9,41.7]]},"properties":{"id":"ncei-1968-10040122","eventId":"10040122","episodeId":"","year":1968,"month":8,"date":"1968-08-09","beginTime":"1968-08-09T14:00:00","endTime":"1968-08-09T14:00:00","timezone":"CST","state":"MA","stateName":"Massachusetts","county":"Bristol","countyFips":"5","wfo":"","scale":1,"scaleLabel":"F1","lengthMiles":1,"widthYards":100,"deaths":0,"injuries":0,"propertyDamage":2500,"cropDamage":0,"source":"","dataSource":"PUB"}},{"type":"Feature","geometry":{"type":"LineString","coordinates":[[-70.4,41.6],[-70.4,41.6]]},"properties":{"id":"ncei-1968-10040126","eventId":"10040126","episodeId":"","year":1968,"month":8,"date":"1968-08-09","beginTime":"1968-08-09T15:00:00","endTime":"1968-08-09T15:00:00","timezone":"CST","state":"MA","stateName":"Massachusetts","county":"Barnstable","countyFips":"1","wfo":"","scale":1,"scaleLabel":"F1","lengthMiles":0.1,"widthYards":33,"deaths":0,"injuries":0,"propertyDamage":2500,"cropDamage":0,"source":"","dataSource":"PUB"}},{"type":"Feature","geometry":{"type":"LineString","coordinates":[[-83.45,41.98],[-83.3,41.95]]},"properties":{"id":"ncei-1968-10040707","eventId":"10040707","episodeId":"","year":1968,"month":3,"date":"1968-03-26","beginTime":"1968-03-26T16:45:00","endTime":"1968-03-26T16:45:00","timezone":"CST","state":"MI","stateName":"Michigan","county":"Monroe","countyFips":"115","wfo":"","scale":2,"scaleLabel":"F2","lengthMiles":7.7,"widthYards":20,"deaths":0,"injuries":0,"propertyDamage":250000,"cropDamage":0,"source":"","dataSource":"PUB"}},{"type":"Feature","geometry":{"type":"LineString","coordinates":[[-84.6,41.78],[-84.47,41.88]]},"properties":{"id":"ncei-1968-10040713","eventId":"10040713","episodeId":"","year":1968,"month":4,"date":"1968-04-23","beginTime":"1968-04-23T11:50:00","endTime":"1968-04-23T11:50:00","timezone":"CST","state":"MI","stateName":"Michigan","county":"Hillsdale","countyFips":"59","wfo":"","scale":1,"scaleLabel":"F1","lengthMiles":9.3,"widthYards":200,"deaths":0,"injuries":1,"propertyDamage":250000,"cropDamage":0,"source":"","dataSource":"PUB"}},{"type":"Feature","geometry":{"type":"LineString","coordinates":[[-85.48,43.7],[-85.37,43.82]]},"properties":{"id":"ncei-1968-10040714","eventId":"10040714","episodeId":"","year":1968,"month":4,"date":"1968-04-23","beginTime":"1968-04-23T12:53:00","endTime":"1968-04-23T12:53:00","timezone":"CST","state":"MI","stateName":"Michigan","county":"Mecosta","countyFips":"107","wfo":"","scale":3,"scaleLabel":"F3","lengthMiles":9.5,"widthYards":100,"deaths":0,"injuries":8,"propertyDamage":2500000,"cropDamage":0,"source":"","dataSource":"PUB"}},{"type":"Feature","geometry":{"type":"LineString","coordinates":[[-85.37,43.82],[-85.08,43.1]]},"properties":{"id":"ncei-1968-10040715","eventId":"10040715","episodeId":"","year":1968,"month":4,"date":"1968-04-23","beginTime":"1968-04-23T13:13:00","endTime":"1968-04-23T13:13:00","timezone":"CST","state":"MI","stateName":"Michigan","county":"Osceola","countyFips":"133","wfo":"","scale":3,"scaleLabel":"F3","lengthMiles":51.4,"widthYards":100,"deaths":0,"injuries":3,"propertyDamage":2500000,"cropDamage":0,"source":"","dataSource":"PUB"}},{"type":"Feature","geometry":{"type":"LineString","coordinates":[[-83.42,42.37],[-83.42,42.37]]},"properties":{"id":"ncei-1968-10040716","eventId":"10040716","episodeId":"","year":1968,"month":4,"date":"1968-04-23","beginTime":"1968-04-23T13:30:00","endTime":"1968-04-23T13:30:00","timezone":"CST","state":"MI","stateName":"Michigan","county":"Wayne","countyFips":"163","wfo":"","scale":0,"scaleLabel":"F0","lengthMiles":0.1,"widthYards":20,"deaths":0,"injuries":1,"propertyDamage":25000,"cropDamage":0,"source":"","dataSource":"PUB"}},{"type":"Feature","geometry":{"type":"LineString","coordinates":[[-83.17,43.6],[-83.17,43.6]]},"properties":{"id":"ncei-1968-10040726","eventId":"10040726","episodeId":"","year":1968,"month":6,"date":"1968-06-07","beginTime":"1968-06-07T16:51:00","endTime":"1968-06-07T16:51:00","timezone":"CST","state":"MI","stateName":"Michigan","county":"Tuscola","countyFips":"157","wfo":"","scale":1,"scaleLabel":"F1","lengthMiles":0.3,"widthYards":20,"deaths":0,"injuries":0,"propertyDamage":2500,"cropDamage":0,"source":"","dataSource":"PUB"}},{"type":"Feature","geometry":{"type":"LineString","coordinates":[[-84.57,43.17],[-84.52,43.17]]},"properties":{"id":"ncei-1968-10040731","eventId":"10040731","episodeId":"","year":1968,"month":6,"date":"1968-06-11","beginTime":"1968-06-11T14:05:00","endTime":"1968-06-11T14:05:00","timezone":"CST","state":"MI","stateName":"Michigan","county":"Gratiot","countyFips":"57","wfo":"","scale":2,"scaleLabel":"F2","lengthMiles":0,"widthYards":50,"deaths":1,"injuries":0,"propertyDamage":25000,"cropDamage":0,"source":"","dataSource":"PUB"}},{"type":"Feature","geometry":{"type":"LineString","coordinates":[[-83.8,42.93],[-83.8,42.93]]},"properties":{"id":"ncei-1968-10040733","eventId":"10040733","episodeId":"","year":1968,"month":6,"date":"1968-06-11","beginTime":"1968-06-11T15:00:00","endTime":"1968-06-11T15:00:00","timezone":"CST","state":"MI","stateName":"Michigan","county":"Genesee","countyFips":"49","wfo":"","scale":0,"scaleLabel":"F0","lengthMiles":0,"widthYards":33,"deaths":0,"injuries":0,"propertyDamage":0,"cropDamage":0,"source":"","dataSource":"PUB"}},{"type":"Feature","geometry":{"type":"LineString","coordinates":[[-84.65,41.92],[-84.52,41.92]]},"properties":{"id":"ncei-1968-10041552","eventId":"10041552","episodeId":"","year":1968,"month":7,"date":"1968-07-23","beginTime":"1968-07-23T18:30:00","endTime":"1968-07-23T18:30:00","timezone":"CST","state":"MI","stateName":"Michigan","county":"Hillsdale","countyFips":"59","wfo":"","scale":1,"scaleLabel":"F1","lengthMiles":6.4,"widthYards":67,"deaths":0,"injuries":0,"propertyDamage":25000,"cropDamage":0,"source":"","dataSource":"PUB"}},{"type":"Feature","geometry":{"type":"LineString","coordinates":[[-85.4,44.2],[-85.4,44.2]]},"properties":{"id":"ncei-1968-10041555","eventId":"10041555","episodeId":"","year":1968,"month":8,"date":"1968-08-04","beginTime":"1968-08-04T17:45:00","endTime":"1968-08-04T17:45:00","timezone":"CST","state":"MI","stateName":"Michigan","county":"Wexford","countyFips":"165","wfo":"","scale":1,"scaleLabel":"F1","lengthMiles":0.3,"widthYards":20,"deaths":0,"injuries":0,"propertyDamage":2500,"cropDamage":0,"source":"","dataSource":"PUB"}},{"type":"Feature","geometry":{"type":"LineString","coordinates":[[-85.55,42.93],[-84.55,42.72]]},"properties":{"id":"ncei-1968-10041556","eventId":"10041556","episodeId":"","year":1968,"month":8,"date":"1968-08-05","beginTime":"1968-08-05T17:40:00","endTime":"1968-08-05T17:40:00","timezone":"CST","state":"MI","stateName":"Michigan","county":"Kent","countyFips":"81","wfo":"","scale":2,"scaleLabel":"F2","lengthMiles":52.7,"widthYards":50,"deaths":0,"injuries":0,"propertyDamage":250000,"cropDamage":0,"source":"","dataSource":"PUB"}},{"type":"Feature","geometry":{"type":"LineString","coordinates":[[-84.67,44.33],[-84.55,44.33]]},"properties":{"id":"ncei-1968-10041557","eventId":"10041557","episodeId":"","year":1968,"month":8,"date":"1968-08-05","beginTime":"1968-08-05T19:00:00","endTime":"1968-08-05T19:00:00","timezone":"CST","state":"MI","stateName":"Michigan","county":"Roscommon","countyFips":"143","wfo":"","scale":1,"scaleLabel":"F1","lengthMiles":5.1,"widthYards":50,"deaths":0,"injuries":0,"propertyDamage":2500,"cropDamage":0,"source":"","dataSource":"PUB"}},{"type":"Feature","geometry":{"type":"LineString","coordinates":[[-83.38,43.1],[-83.32,43.05]]},"properties":{"id":"ncei-1968-10041561","eventId":"10041561","episodeId":"","year":1968,"month":8,"date":"1968-08-07","beginTime":"1968-08-07T02:30:00","endTime":"1968-08-07T02:30:00","timezone":"CST","state":"MI","stateName":"Michigan","county":"Lapeer","countyFips":"87","wfo":"","scale":1,"scaleLabel":"F1","lengthMiles":3.8,"widthYards":20,"deaths":0,"injuries":0,"propertyDamage":25000,"cropDamage":0,"source":"","dataSource":"PUB"}},{"type":"Feature","geometry":{"type":"LineString","coordinates":[[-85.58,42.18],[-85.58,42.18]]},"properties":{"id":"ncei-1968-10041562","eventId":"10041562","episodeId":"","year":1968,"month":8,"date":"1968-08-08","beginTime":"1968-08-08T14:15:00","endTime":"1968-08-08T14:15:00","timezone":"CST","state":"MI","stateName":"Michigan","county":"Kalamazoo","countyFips":"77","wfo":"","scale":0,"scaleLabel":"F0","lengthMiles":1,"widthYards":33,"deaths":0,"injuries":0,"propertyDamage":0,"cropDamage":0,"source":"","dataSource":"PUB"}},{"type":"Feature","geometry":{"type":"LineString","coordinates":[[-87.15,46.07],[-87.15,46.07]]},"properties":{"id":"ncei-1968-10041564","eventId":"10041564","episodeId":"","year":1968,"month":8,"date":"1968-08-16","beginTime":"1968-08-16T17:00:00","endTime":"1968-08-16T17:00:00","timezone":"CST","state":"MI","stateName":"Michigan","county":"Delta","countyFips":"41","wfo":"","scale":1,"scaleLabel":"F1","lengthMiles":0.5,"widthYards":33,"deaths":0,"injuries":0,"propertyDamage":25000,"cropDamage":0,"source":"","dataSource":"PUB"}},{"type":"Feature","geometry":{"type":"LineString","coordinates":[[-85.77,41.9],[-85.77,41.9]]},"properties":{"id":"ncei-1968-10041567","eventId":"10041567","episodeId":"","year":1968,"month":8,"date":"1968-08-16","beginTime":"1968-08-16T18:15:00","endTime":"1968-08-16T18:15:00","timezone":"CST","state":"MI","stateName":"Michigan","county":"Cass","countyFips":"27","wfo":"","scale":0,"scaleLabel":"F0","lengthMiles":0,"widthYards":33,"deaths":0,"injuries":0,"propertyDamage":0,"cropDamage":0,"source":"","dataSource":"PUB"}},{"type":"Feature","geometry":{"type":"LineString","coordinates":[[-83.8,42.42],[-83.8,42.42]]},"properties":{"id":"ncei-1968-10041576","eventId":"10041576","episodeId":"","year":1968,"month":8,"date":"1968-08-16","beginTime":"1968-08-16T20:40:00","endTime":"1968-08-16T20:40:00","timezone":"CST","state":"MI","stateName":"Michigan","county":"Livingston","countyFips":"93","wfo":"","scale":2,"scaleLabel":"F2","lengthMiles":1,"widthYards":20,"deaths":0,"injuries":0,"propertyDamage":25000,"cropDamage":0,"source":"","dataSource":"PUB"}},{"type":"Feature","geometry":{"type":"LineString","coordinates":[[-88.37,46.67],[-88.37,46.67]]},"properties":{"id":"ncei-1968-10041578","eventId":"10041578","episodeId":"","year":1968,"month":8,"date":"1968-08-22","beginTime":"1968-08-22T11:35:00","endTime":"1968-08-22T11:35:00","timezone":"CST","state":"MI","stateName":"Michigan","county":"Baraga","countyFips":"13","wfo":"","scale":2,"scaleLabel":"F2","lengthMiles":0.3,"widthYards":67,"deaths":0,"injuries":0,"propertyDamage":0,"cropDamage":0,"source":"","dataSource":"PUB"}},{"type":"Feature","geometry":{"type":"LineString","coordinates":[[-85.55,43.22],[-85.55,43.22]]},"properties":{"id":"ncei-1968-10041584","eventId":"10041584","episodeId":"","year":1968,"month":9,"date":"1968-09-09","beginTime":"1968-09-09T12:24:00","endTime":"1968-09-09T12:24:00","timezone":"CST","state":"MI","stateName":"Michigan","county":"Kent","countyFips":"81","wfo":"","scale":2,"scaleLabel":"F2","lengthMiles":1,"widthYards":33,"deaths":0,"injuries":1,"propertyDamage":25000,"cropDamage":0,"source":"","dataSource":"PUB"}},{"type":"Feature","geometry":{"type":"LineString","coordinates":[[-83.47,41.9],[-83.47,41.9]]},"properties":{"id":"ncei-1968-10041585","eventId":"10041585","episodeId":"","year":1968,"month":9,"date":"1968-09-09","beginTime":"1968-09-09T17:01:00","endTime":"1968-09-09T17:01:00","timezone":"CST","state":"MI","stateName":"Michigan","county":"Monroe","countyFips":"115","wfo":"","scale":2,"scaleLabel":"F2","lengthMiles":0.9,"widthYards":20,"deaths":0,"injuries":0,"propertyDamage":25000,"cropDamage":0,"source":"","dataSource":"PUB"}},{"type":"Feature","geometry":{"type":"LineString","coordinates":[[-84.53,42.7],[-84.53,42.7]]},"properties":{"id":"ncei-1968-10041586","eventId":"10041586","episodeId":"","year":1968,"month":9,"date":"1968-09-20","beginTime":"1968-09-20T01:15:00","endTime":"1968-09-20T01:15:00","timezone":"CST","state":"MI","stateName":"Michigan","county":"Ingham","countyFips":"65","wfo":"","scale":1,"scaleLabel":"F1","lengthMiles":0.3,"widthYards":20,"deaths":0,"injuries":0,"propertyDamage":25000,"cropDamage":0,"source":"","dataSource":"PUB"}},{"type":"Feature","geometry":{"type":"LineString","coordinates":[[-69.77,44.23],[-69.75,44.18]]},"properties":{"id":"ncei-1968-10044606","eventId":"10044606","episodeId":"","year":1968,"month":7,"date":"1968-07-01","beginTime":"1968-07-01T14:11:00","endTime":"1968-07-01T14:11:00","timezone":"CST","state":"ME","stateName":"Maine","county":"Kennebec","countyFips":"11","wfo":"","scale":1,"scaleLabel":"F1","lengthMiles":2.3,"widthYards":33,"deaths":0,"injuries":0,"propertyDamage":25000,"cropDamage":0,"source":"","dataSource":"PUB"}},{"type":"Feature","geometry":{"type":"LineString","coordinates":[[-68.9,44.3],[-68.9,44.3]]},"properties":{"id":"ncei-1968-10044607","eventId":"10044607","episodeId":"","year":1968,"month":7,"date":"1968-07-01","beginTime":"1968-07-01T15:00:00","endTime":"1968-07-01T15:00:00","timezone":"CST","state":"ME","stateName":"Maine","county":"Waldo","countyFips":"27","wfo":"","scale":1,"scaleLabel":"F1","lengthMiles":0.3,"widthYards":27,"deaths":0,"injuries":2,"propertyDamage":2500,"cropDamage":0,"source":"","dataSource":"PUB"}},{"type":"Feature","geometry":{"type":"LineString","coordinates":[[-90.12,33.52],[-90.12,33.52]]},"properties":{"id":"ncei-1968-10048569","eventId":"10048569","episodeId":"","year":1968,"month":3,"date":"1968-03-11","beginTime":"1968-03-11T17:45:00","endTime":"1968-03-11T17:45:00","timezone":"CST","state":"MS","stateName":"Mississippi","county":"Leflore","countyFips":"83","wfo":"","scale":2,"scaleLabel":"F2","lengthMiles":1.5,"widthYards":33,"deaths":0,"injuries":0,"propertyDamage":25000,"cropDamage":0,"source":"","dataSource":"PUB"}},{"type":"Feature","geometry":{"type":"LineString","coordinates":[[-89.9,34.68],[-89.85,34.9]]},"properties":{"id":"ncei-1968-10048572","eventId":"10048572","episodeId":"","year":1968,"month":4,"date":"1968-04-03","beginTime":"1968-04-03T19:15:00","endTime":"1968-04-03T19:15:00","timezone":"CST","state":"MS","stateName":"Mississippi","county":"De Soto","countyFips":"33","wfo":"","scale":2,"scaleLabel":"F2","lengthMiles":15.2,"widthYards":33,"deaths":0,"injuries":4,"propertyDamage":0,"cropDamage":0,"source":"","dataSource":"PUB"}},{"type":"Feature","geometry":{"type":"LineString","coordinates":[[-90.87,32.3],[-90.87,32.3]]},"properties":{"id":"ncei-1968-10048573","eventId":"10048573","episodeId":"","year":1968,"month":4,"date":"1968-04-04","beginTime":"1968-04-04T07:50:00","endTime":"1968-04-04T07:50:00","timezone":"CST","state":"MS","stateName":"Mississippi","county":"Warren","countyFips":"149","wfo":"","scale":1,"scaleLabel":"F1","lengthMiles":2,"widthYards":100,"deaths":0,"injuries":7,"propertyDamage":25000,"cropDamage":0,"source":"","dataSource":"PUB"}},{"type":"Feature","geometry":{"type":"LineString","coordinates":[[-89.95,34.82],[-89.87,34.85]]},"properties":{"id":"ncei-1968-10048588","eventId":"10048588","episodeId":"","year":1968,"month":5,"date":"1968-05-16","beginTime":"1968-05-16T00:20:00","endTime":"1968-05-16T00:20:00","timezone":"CST","state":"MS","stateName":"Mississippi","county":"De Soto","countyFips":"33","wfo":"","scale":2,"scaleLabel":"F2","lengthMiles":5.2,"widthYards":100,"deaths":0,"injuries":7,"propertyDamage":250000,"cropDamage":0,"source":"","dataSource":"PUB"}},{"type":"Feature","geometry":{"type":"LineString","coordinates":[[-89.82,34.7],[-89.82,34.7]]},"properties":{"id":"ncei-1968-10048589","eventId":"10048589","episodeId":"","year":1968,"month":5,"date":"1968-05-16","beginTime":"1968-05-16T00:40:00","endTime":"1968-05-16T00:40:00","timezone":"CST","state":"MS","stateName":"Mississippi","county":"Tate","countyFips":"137","wfo":"","scale":1,"scaleLabel":"F1","lengthMiles":0,"widthYards":33,"deaths":0,"injuries":0,"propertyDamage":0,"cropDamage":0,"source":"","dataSource":"PUB"}},{"type":"Feature","geometry":{"type":"LineString","coordinates":[[-89.58,34.93],[-89.58,34.93]]},"properties":{"id":"ncei-1968-10048590","eventId":"10048590","episodeId":"","year":1968,"month":5,"date":"1968-05-16","beginTime":"1968-05-16T01:30:00","endTime":"1968-05-16T01:30:00","timezone":"CST","state":"MS","stateName":"Mississippi","county":"Marshall","countyFips":"93","wfo":"","scale":1,"scaleLabel":"F1","lengthMiles":0,"widthYards":33,"deaths":0,"injuries":0,"propertyDamage":0,"cropDamage":0,"source":"","dataSource":"PUB"}},{"type":"Feature","geometry":{"type":"LineString","coordinates":[[-89.27,30.38],[-89.27,30.38]]},"properties":{"id":"ncei-1968-10048607","eventId":"10048607","episodeId":"","year":1968,"month":6,"date":"1968-06-11","beginTime":"1968-06-11T13:30:00","endTime":"1968-06-11T13:30:00","timezone":"CST","state":"MS","stateName":"Mississippi","county":"Harrison","countyFips":"47","wfo":"","scale":1,"scaleLabel":"F1","lengthMiles":0,"widthYards":33,"deaths":0,"injuries":0,"propertyDamage":0,"cropDamage":0,"source":"","dataSource":"PUB"}},{"type":"Feature","geometry":{"type":"LineString","coordinates":[[-89.27,30.38],[-89.27,30.38]]},"properties":{"id":"ncei-1968-10048613","eventId":"10048613","episodeId":"","year":1968,"month":6,"date":"1968-06-12","beginTime":"1968-06-12T16:20:00","endTime":"1968-06-12T16:20:00","timezone":"CST","state":"MS","stateName":"Mississippi","county":"Harrison","countyFips":"47","wfo":"","scale":-1,"scaleLabel":"Unknown","lengthMiles":0,"widthYards":33,"deaths":0,"injuries":0,"propertyDamage":0,"cropDamage":0,"source":"","dataSource":"PUB"}},{"type":"Feature","geometry":{"type":"LineString","coordinates":[[-90.53,32.93],[-90.42,33.02]]},"properties":{"id":"ncei-1968-10049691","eventId":"10049691","episodeId":"","year":1968,"month":9,"date":"1968-09-03","beginTime":"1968-09-03T12:30:00","endTime":"1968-09-03T12:30:00","timezone":"CST","state":"MS","stateName":"Mississippi","county":"Humphreys","countyFips":"53","wfo":"","scale":2,"scaleLabel":"F2","lengthMiles":9,"widthYards":123,"deaths":0,"injuries":0,"propertyDamage":25000,"cropDamage":0,"source":"","dataSource":"PUB"}},{"type":"Feature","geometry":{"type":"LineString","coordinates":[[-89.08,30.37],[-89.08,30.37]]},"properties":{"id":"ncei-1968-10049692","eventId":"10049692","episodeId":"","year":1968,"month":11,"date":"1968-11-03","beginTime":"1968-11-03T15:25:00","endTime":"1968-11-03T15:25:00","timezone":"CST","state":"MS","stateName":"Mississippi","county":"Harrison","countyFips":"47","wfo":"","scale":3,"scaleLabel":"F3","lengthMiles":2,"widthYards":123,"deaths":0,"injuries":5,"propertyDamage":0,"cropDamage":0,"source":"","dataSource":"PUB"}},{"type":"Feature","geometry":{"type":"LineString","coordinates":[[-89.65,30.8],[-89.32,30.8]]},"properties":{"id":"ncei-1968-10049693","eventId":"10049693","episodeId":"","year":1968,"month":11,"date":"1968-11-03","beginTime":"1968-11-03T16:50:00","endTime":"1968-11-03T16:50:00","timezone":"CST","state":"MS","stateName":"Mississippi","county":"Pearl River","countyFips":"109","wfo":"","scale":2,"scaleLabel":"F2","lengthMiles":19.8,"widthYards":180,"deaths":0,"injuries":0,"propertyDamage":25000,"cropDamage":0,"source":"","dataSource":"PUB"}},{"type":"Feature","geometry":{"type":"LineString","coordinates":[[-89.37,31],[-89.37,31]]},"properties":{"id":"ncei-1968-10049694","eventId":"10049694","episodeId":"","year":1968,"month":11,"date":"1968-11-03","beginTime":"1968-11-03T17:00:00","endTime":"1968-11-03T17:00:00","timezone":"CST","state":"MS","stateName":"Mississippi","county":"Pearl River","countyFips":"109","wfo":"","scale":2,"scaleLabel":"F2","lengthMiles":2,"widthYards":50,"deaths":0,"injuries":5,"propertyDamage":0,"cropDamage":0,"source":"","dataSource":"PUB"}},{"type":"Feature","geometry":{"type":"LineString","coordinates":[[-89.32,30.8],[-88.92,30.8]]},"properties":{"id":"ncei-1968-10049695","eventId":"10049695","episodeId":"","year":1968,"month":11,"date":"1968-11-03","beginTime":"1968-11-03T17:30:00","endTime":"1968-11-03T17:30:00","timezone":"CST","state":"MS","stateName":"Mississippi","county":"Stone","countyFips":"131","wfo":"","scale":2,"scaleLabel":"F2","lengthMiles":23.7,"widthYards":183,"deaths":0,"injuries":3,"propertyDamage":25000,"cropDamage":0,"source":"","dataSource":"PUB"}},{"type":"Feature","geometry":{"type":"LineString","coordinates":[[-89.98,31.68],[-89.83,31.68]]},"properties":{"id":"ncei-1968-10049698","eventId":"10049698","episodeId":"","year":1968,"month":11,"date":"1968-11-17","beginTime":"1968-11-17T07:45:00","endTime":"1968-11-17T07:45:00","timezone":"CST","state":"MS","stateName":"Mississippi","county":"Lawrence","countyFips":"77","wfo":"","scale":2,"scaleLabel":"F2","lengthMiles":8.9,"widthYards":33,"deaths":0,"injuries":0,"propertyDamage":0,"cropDamage":0,"source":"","dataSource":"PUB"}},{"type":"Feature","geometry":{"type":"LineString","coordinates":[[-89.95,31.68],[-89.93,31.67]]},"properties":{"id":"ncei-1968-10049699","eventId":"10049699","episodeId":"","year":1968,"month":11,"date":"1968-11-17","beginTime":"1968-11-17T07:55:00","endTime":"1968-11-17T07:55:00","timezone":"CST","state":"MS","stateName":"Mississippi","county":"Lawrence","countyFips":"77","wfo":"","scale":2,"scaleLabel":"F2","lengthMiles":1.9,"widthYards":33,"deaths":0,"injuries":0,"propertyDamage":0,"cropDamage":0,"source":"","dataSource":"PUB"}},{"type":"Feature","geometry":{"type":"LineString","coordinates":[[-89.53,31.98],[-89.53,31.98]]},"properties":{"id":"ncei-1968-10049700","eventId":"10049700","episodeId":"","year":1968,"month":11,"date":"1968-11-17","beginTime":"1968-11-17T09:30:00","endTime":"1968-11-17T09:30:00","timezone":"CST","state":"MS","stateName":"Mississippi","county":"Smith","countyFips":"129","wfo":"","scale":1,"scaleLabel":"F1","lengthMiles":0,"widthYards":33,"deaths":0,"injuries":0,"propertyDamage":2500,"cropDamage":0,"source":"","dataSource":"PUB"}},{"type":"Feature","geometry":{"type":"LineString","coordinates":[[-91.52,31.18],[-91.52,31.18]]},"properties":{"id":"ncei-1968-10049703","eventId":"10049703","episodeId":"","year":1968,"month":11,"date":"1968-11-30","beginTime":"1968-11-30T23:15:00","endTime":"1968-11-30T23:15:00","timezone":"CST","state":"MS","stateName":"Mississippi","county":"Wilkinson","countyFips":"157","wfo":"","scale":-1,"scaleLabel":"Unknown","lengthMiles":0,"widthYards":33,"deaths":0,"injuries":6,"propertyDamage":0,"cropDamage":0,"source":"","dataSource":"PUB"}},{"type":"Feature","geometry":{"type":"LineString","coordinates":[[-90.3,33.68],[-90.22,33.72]]},"properties":{"id":"ncei-1968-10049707","eventId":"10049707","episodeId":"","year":1968,"month":12,"date":"1968-12-27","beginTime":"1968-12-27T18:20:00","endTime":"1968-12-27T18:20:00","timezone":"CST","state":"MS","stateName":"Mississippi","county":"Leflore","countyFips":"83","wfo":"","scale":2,"scaleLabel":"F2","lengthMiles":5.6,"widthYards":133,"deaths":0,"injuries":0,"propertyDamage":2500,"cropDamage":0,"source":"","dataSource":"PUB"}},{"type":"Feature","geometry":{"type":"LineString","coordinates":[[-89.92,33.77],[-89.8,33.73]]},"properties":{"id":"ncei-1968-10049710","eventId":"10049710","episodeId":"","year":1968,"month":12,"date":"1968-12-27","beginTime":"1968-12-27T18:50:00","endTime":"1968-12-27T18:50:00","timezone":"CST","state":"MS","stateName":"Mississippi","county":"Grenada","countyFips":"43","wfo":"","scale":2,"scaleLabel":"F2","lengthMiles":7.3,"widthYards":123,"deaths":0,"injuries":0,"propertyDamage":25000,"cropDamage":0,"source":"","dataSource":"PUB"}},{"type":"Feature","geometry":{"type":"LineString","coordinates":[[-90.48,33],[-90.48,33]]},"properties":{"id":"ncei-1968-10049711","eventId":"10049711","episodeId":"","year":1968,"month":12,"date":"1968-12-27","beginTime":"1968-12-27T18:55:00","endTime":"1968-12-27T18:55:00","timezone":"CST","state":"MS","stateName":"Mississippi","county":"Humphreys","countyFips":"53","wfo":"","scale":0,"scaleLabel":"F0","lengthMiles":0,"widthYards":33,"deaths":0,"injuries":0,"propertyDamage":0,"cropDamage":0,"source":"","dataSource":"PUB"}},{"type":"Feature","geometry":{"type":"LineString","coordinates":[[-90.28,34.05],[-90.28,34.05]]},"properties":{"id":"ncei-1968-10049712","eventId":"10049712","episodeId":"","year":1968,"month":12,"date":"1968-12-27","beginTime":"1968-12-27T19:00:00","endTime":"1968-12-27T19:00:00","timezone":"CST","state":"MS","stateName":"Mississippi","county":"Tallahatchie","countyFips":"135","wfo":"","scale":2,"scaleLabel":"F2","lengthMiles":0,"widthYards":33,"deaths":1,"injuries":5,"propertyDamage":0,"cropDamage":0,"source":"","dataSource":"PUB"}},{"type":"Feature","geometry":{"type":"LineString","coordinates":[[-89.53,32.73],[-89.53,32.73]]},"properties":{"id":"ncei-1968-10049719","eventId":"10049719","episodeId":"","year":1968,"month":12,"date":"1968-12-27","beginTime":"1968-12-27T19:45:00","endTime":"1968-12-27T19:45:00","timezone":"CST","state":"MS","stateName":"Mississippi","county":"Leake","countyFips":"79","wfo":"","scale":2,"scaleLabel":"F2","lengthMiles":1,"widthYards":100,"deaths":0,"injuries":0,"propertyDamage":0,"cropDamage":0,"source":"","dataSource":"PUB"}},{"type":"Feature","geometry":{"type":"LineString","coordinates":[[-88.3,33.68],[-88.3,33.68]]},"properties":{"id":"ncei-1968-10049724","eventId":"10049724","episodeId":"","year":1968,"month":12,"date":"1968-12-27","beginTime":"1968-12-27T21:05:00","endTime":"1968-12-27T21:05:00","timezone":"CST","state":"MS","stateName":"Mississippi","county":"Lowndes","countyFips":"87","wfo":"","scale":2,"scaleLabel":"F2","lengthMiles":0,"widthYards":33,"deaths":0,"injuries":5,"propertyDamage":0,"cropDamage":0,"source":"","dataSource":"PUB"}},{"type":"Feature","geometry":{"type":"LineString","coordinates":[[-95.5,45.23],[-95.5,45.23]]},"properties":{"id":"ncei-1968-10052509","eventId":"10052509","episodeId":"","year":1968,"month":6,"date":"1968-06-13","beginTime":"1968-06-13T16:56:00","endTime":"1968-06-13T16:56:00","timezone":"CST","state":"MN","stateName":"Minnesota","county":"Swift","countyFips":"151","wfo":"","scale":0,"scaleLabel":"F0","lengthMiles":0.1,"widthYards":10,"deaths":0,"injuries":0,"propertyDamage":0,"cropDamage":0,"source":"","dataSource":"PUB"}},{"type":"Feature","geometry":{"type":"LineString","coordinates":[[-95.65,45.05],[-95.65,45.05]]},"properties":{"id":"ncei-1968-10052725","eventId":"10052725","episodeId":"","year":1968,"month":6,"date":"1968-06-13","beginTime":"1968-06-13T17:03:00","endTime":"1968-06-13T17:03:00","timezone":"CST","state":"MN","stateName":"Minnesota","county":"Chippewa","countyFips":"23","wfo":"","scale":0,"scaleLabel":"F0","lengthMiles":0.1,"widthYards":10,"deaths":0,"injuries":0,"propertyDamage":2500,"cropDamage":0,"source":"","dataSource":"PUB"}},{"type":"Feature","geometry":{"type":"LineString","coordinates":[[-93.67,44.72],[-93.67,44.72]]},"properties":{"id":"ncei-1968-10052726","eventId":"10052726","episodeId":"","year":1968,"month":6,"date":"1968-06-13","beginTime":"1968-06-13T17:50:00","endTime":"1968-06-13T17:50:00","timezone":"CST","state":"MN","stateName":"Minnesota","county":"Carver","countyFips":"19","wfo":"","scale":0,"scaleLabel":"F0","lengthMiles":0.1,"widthYards":10,"deaths":0,"injuries":0,"propertyDamage":2500,"cropDamage":0,"source":"","dataSource":"PUB"}},{"type":"Feature","geometry":{"type":"LineString","coordinates":[[-95.75,44.17],[-95.7,44.2]]},"properties":{"id":"ncei-1968-10052727","eventId":"10052727","episodeId":"","year":1968,"month":6,"date":"1968-06-13","beginTime":"1968-06-13T17:50:00","endTime":"1968-06-13T17:50:00","timezone":"CST","state":"MN","stateName":"Minnesota","county":"Murray","countyFips":"101","wfo":"","scale":5,"scaleLabel":"F5","lengthMiles":2.3,"widthYards":150,"deaths":0,"injuries":0,"propertyDamage":2500000,"cropDamage":0,"source":"","dataSource":"PUB"}},{"type":"Feature","geometry":{"type":"LineString","coordinates":[[-95.7,44.2],[-95.58,44.27]]},"properties":{"id":"ncei-1968-10052728","eventId":"10052728","episodeId":"","year":1968,"month":6,"date":"1968-06-13","beginTime":"1968-06-13T18:00:00","endTime":"1968-06-13T18:00:00","timezone":"CST","state":"MN","stateName":"Minnesota","county":"Lyon","countyFips":"83","wfo":"","scale":5,"scaleLabel":"F5","lengthMiles":6.8,"widthYards":150,"deaths":9,"injuries":150,"propertyDamage":2500000,"cropDamage":0,"source":"","dataSource":"PUB"}},{"type":"Feature","geometry":{"type":"LineString","coordinates":[[-95.58,44.27],[-95.6,44.3]]},"properties":{"id":"ncei-1968-10052729","eventId":"10052729","episodeId":"","year":1968,"month":6,"date":"1968-06-13","beginTime":"1968-06-13T18:10:00","endTime":"1968-06-13T18:10:00","timezone":"CST","state":"MN","stateName":"Minnesota","county":"Redwood","countyFips":"127","wfo":"","scale":5,"scaleLabel":"F5","lengthMiles":0,"widthYards":150,"deaths":0,"injuries":0,"propertyDamage":2500000,"cropDamage":0,"source":"","dataSource":"PUB"}},{"type":"Feature","geometry":{"type":"LineString","coordinates":[[-94,46.18],[-94,46.18]]},"properties":{"id":"ncei-1968-10052730","eventId":"10052730","episodeId":"","year":1968,"month":6,"date":"1968-06-13","beginTime":"1968-06-13T20:11:00","endTime":"1968-06-13T20:11:00","timezone":"CST","state":"MN","stateName":"Minnesota","county":"Crow Wing","countyFips":"35","wfo":"","scale":0,"scaleLabel":"F0","lengthMiles":0,"widthYards":33,"deaths":0,"injuries":0,"propertyDamage":0,"cropDamage":0,"source":"","dataSource":"PUB"}},{"type":"Feature","geometry":{"type":"LineString","coordinates":[[-93.42,44.45],[-93.42,44.45]]},"properties":{"id":"ncei-1968-10052738","eventId":"10052738","episodeId":"","year":1968,"month":6,"date":"1968-06-20","beginTime":"1968-06-20T20:05:00","endTime":"1968-06-20T20:05:00","timezone":"CST","state":"MN","stateName":"Minnesota","county":"Rice","countyFips":"131","wfo":"","scale":1,"scaleLabel":"F1","lengthMiles":0.1,"widthYards":10,"deaths":0,"injuries":0,"propertyDamage":25000,"cropDamage":0,"source":"","dataSource":"PUB"}},{"type":"Feature","geometry":{"type":"LineString","coordinates":[[-92,43.92],[-92,43.92]]},"properties":{"id":"ncei-1968-10052744","eventId":"10052744","episodeId":"","year":1968,"month":6,"date":"1968-06-20","beginTime":"1968-06-20T23:10:00","endTime":"1968-06-20T23:10:00","timezone":"CST","state":"MN","stateName":"Minnesota","county":"Winona","countyFips":"169","wfo":"","scale":0,"scaleLabel":"F0","lengthMiles":0.1,"widthYards":10,"deaths":0,"injuries":0,"propertyDamage":2500,"cropDamage":0,"source":"","dataSource":"PUB"}},{"type":"Feature","geometry":{"type":"LineString","coordinates":[[-93.07,46.2],[-93.07,46.2]]},"properties":{"id":"ncei-1968-10052751","eventId":"10052751","episodeId":"","year":1968,"month":6,"date":"1968-06-30","beginTime":"1968-06-30T15:00:00","endTime":"1968-06-30T15:00:00","timezone":"CST","state":"MN","stateName":"Minnesota","county":"Aitkin","countyFips":"1","wfo":"","scale":3,"scaleLabel":"F3","lengthMiles":0.1,"widthYards":10,"deaths":0,"injuries":0,"propertyDamage":2500,"cropDamage":0,"source":"","dataSource":"PUB"}},{"type":"Feature","geometry":{"type":"LineString","coordinates":[[-92.93,46.02],[-92.93,46.02]]},"properties":{"id":"ncei-1968-10052752","eventId":"10052752","episodeId":"","year":1968,"month":6,"date":"1968-06-30","beginTime":"1968-06-30T15:30:00","endTime":"1968-06-30T15:30:00","timezone":"CST","state":"MN","stateName":"Minnesota","county":"Pine","countyFips":"115","wfo":"","scale":0,"scaleLabel":"F0","lengthMiles":0.1,"widthYards":10,"deaths":0,"injuries":0,"propertyDamage":0,"cropDamage":0,"source":"","dataSource":"PUB"}},{"type":"Feature","geometry":{"type":"LineString","coordinates":[[-94.73,43.7],[-94.73,43.7]]},"properties":{"id":"ncei-1968-10052753","eventId":"10052753","episodeId":"","year":1968,"month":7,"date":"1968-07-03","beginTime":"1968-07-03T20:40:00","endTime":"1968-07-03T20:40:00","timezone":"CST","state":"MN","stateName":"Minnesota","county":"Martin","countyFips":"91","wfo":"","scale":0,"scaleLabel":"F0","lengthMiles":0.1,"widthYards":10,"deaths":0,"injuries":0,"propertyDamage":0,"cropDamage":0,"source":"","dataSource":"PUB"}},{"type":"Feature","geometry":{"type":"LineString","coordinates":[[-95.55,46.42],[-94.88,46.62]]},"properties":{"id":"ncei-1968-10052775","eventId":"10052775","episodeId":"","year":1968,"month":7,"date":"1968-07-14","beginTime":"1968-07-14T18:00:00","endTime":"1968-07-14T18:00:00","timezone":"CST","state":"MN","stateName":"Minnesota","county":"Otter Tail","countyFips":"111","wfo":"","scale":0,"scaleLabel":"F0","lengthMiles":0.1,"widthYards":10,"deaths":0,"injuries":0,"propertyDamage":0,"cropDamage":0,"source":"","dataSource":"PUB"}},{"type":"Feature","geometry":{"type":"LineString","coordinates":[[-96.05,46.65],[-96.05,46.65]]},"properties":{"id":"ncei-1968-10052777","eventId":"10052777","episodeId":"","year":1968,"month":7,"date":"1968-07-14","beginTime":"1968-07-14T19:15:00","endTime":"1968-07-14T19:15:00","timezone":"CST","state":"MN","stateName":"Minnesota","county":"Otter Tail","countyFips":"111","wfo":"","scale":0,"scaleLabel":"F0","lengthMiles":0.1,"widthYards":10,"deaths":0,"injuries":0,"propertyDamage":0,"cropDamage":0,"source":"","dataSource":"PUB"}},{"type":"Feature","geometry":{"type":"LineString","coordinates":[[-94.88,46.62],[-94.23,46.88]]},"properties":{"id":"ncei-1968-10052778","eventId":"10052778","episodeId":"","year":1968,"month":7,"date":"1968-07-14","beginTime":"1968-07-14T20:30:00","endTime":"1968-07-14T20:30:00","timezone":"CST","state":"MN","stateName":"Minnesota","county":"Wadena","countyFips":"159","wfo":"","scale":0,"scaleLabel":"F0","lengthMiles":0.1,"widthYards":10,"deaths":0,"injuries":0,"propertyDamage":2500,"cropDamage":0,"source":"","dataSource":"PUB"}},{"type":"Feature","geometry":{"type":"LineString","coordinates":[[-94.23,46.88],[-94.23,46.88]]},"properties":{"id":"ncei-1968-10052780","eventId":"10052780","episodeId":"","year":1968,"month":7,"date":"1968-07-14","beginTime":"1968-07-14T23:00:00","endTime":"1968-07-14T23:00:00","timezone":"CST","state":"MN","stateName":"Minnesota","county":"Cass","countyFips":"21","wfo":"","scale":0,"scaleLabel":"F0","lengthMiles":2,"widthYards":10,"deaths":0,"injuries":0,"propertyDamage":25000,"cropDamage":0,"source":"","dataSource":"PUB"}},{"type":"Feature","geometry":{"type":"LineString","coordinates":[[-93.95,45.7],[-93.95,45.7]]},"properties":{"id":"ncei-1968-10052781","eventId":"10052781","episodeId":"","year":1968,"month":7,"date":"1968-07-17","beginTime":"1968-07-17T12:47:00","endTime":"1968-07-17T12:47:00","timezone":"CST","state":"MN","stateName":"Minnesota","county":"Stearns","countyFips":"145","wfo":"","scale":0,"scaleLabel":"F0","lengthMiles":0.1,"widthYards":10,"deaths":0,"injuries":0,"propertyDamage":0,"cropDamage":0,"source":"","dataSource":"PUB"}},{"type":"Feature","geometry":{"type":"LineString","coordinates":[[-95.58,43.9],[-95.53,43.85]]},"properties":{"id":"ncei-1968-10052789","eventId":"10052789","episodeId":"","year":1968,"month":7,"date":"1968-07-26","beginTime":"1968-07-26T18:00:00","endTime":"1968-07-26T18:00:00","timezone":"CST","state":"MN","stateName":"Minnesota","county":"Murray","countyFips":"101","wfo":"","scale":1,"scaleLabel":"F1","lengthMiles":3.3,"widthYards":13,"deaths":0,"injuries":0,"propertyDamage":2500,"cropDamage":0,"source":"","dataSource":"PUB"}},{"type":"Feature","geometry":{"type":"LineString","coordinates":[[-96.2,43.87],[-96.2,43.87]]},"properties":{"id":"ncei-1968-10052790","eventId":"10052790","episodeId":"","year":1968,"month":7,"date":"1968-07-30","beginTime":"1968-07-30T17:00:00","endTime":"1968-07-30T17:00:00","timezone":"CST","state":"MN","stateName":"Minnesota","county":"Rock","countyFips":"133","wfo":"","scale":1,"scaleLabel":"F1","lengthMiles":0,"widthYards":33,"deaths":0,"injuries":0,"propertyDamage":2500,"cropDamage":0,"source":"","dataSource":"PUB"}},{"type":"Feature","geometry":{"type":"LineString","coordinates":[[-94.4,43.87],[-94.4,43.87]]},"properties":{"id":"ncei-1968-10053386","eventId":"10053386","episodeId":"","year":1968,"month":3,"date":"1968-03-18","beginTime":"1968-03-18T17:23:00","endTime":"1968-03-18T17:23:00","timezone":"CST","state":"MN","stateName":"Minnesota","county":"Watonwan","countyFips":"165","wfo":"","scale":2,"scaleLabel":"F2","lengthMiles":2.5,"widthYards":83,"deaths":0,"injuries":0,"propertyDamage":25000,"cropDamage":0,"source":"","dataSource":"PUB"}},{"type":"Feature","geometry":{"type":"LineString","coordinates":[[-92.45,43.73],[-92.45,43.73]]},"properties":{"id":"ncei-1968-10053391","eventId":"10053391","episodeId":"","year":1968,"month":4,"date":"1968-04-20","beginTime":"1968-04-20T10:00:00","endTime":"1968-04-20T10:00:00","timezone":"CST","state":"MN","stateName":"Minnesota","county":"Fillmore","countyFips":"45","wfo":"","scale":1,"scaleLabel":"F1","lengthMiles":2,"widthYards":33,"deaths":0,"injuries":0,"propertyDamage":25000,"cropDamage":0,"source":"","dataSource":"PUB"}},{"type":"Feature","geometry":{"type":"LineString","coordinates":[[-92.47,43.77],[-92.47,43.77]]},"properties":{"id":"ncei-1968-10053392","eventId":"10053392","episodeId":"","year":1968,"month":4,"date":"1968-04-20","beginTime":"1968-04-20T10:35:00","endTime":"1968-04-20T10:35:00","timezone":"CST","state":"MN","stateName":"Minnesota","county":"Mower","countyFips":"99","wfo":"","scale":0,"scaleLabel":"F0","lengthMiles":0.1,"widthYards":20,"deaths":0,"injuries":0,"propertyDamage":2500,"cropDamage":0,"source":"","dataSource":"PUB"}},{"type":"Feature","geometry":{"type":"LineString","coordinates":[[-93.88,44.17],[-93.88,44.17]]},"properties":{"id":"ncei-1968-10053393","eventId":"10053393","episodeId":"","year":1968,"month":4,"date":"1968-04-20","beginTime":"1968-04-20T13:15:00","endTime":"1968-04-20T13:15:00","timezone":"CST","state":"MN","stateName":"Minnesota","county":"Blue Earth","countyFips":"13","wfo":"","scale":0,"scaleLabel":"F0","lengthMiles":0.1,"widthYards":33,"deaths":0,"injuries":0,"propertyDamage":0,"cropDamage":0,"source":"","dataSource":"PUB"}},{"type":"Feature","geometry":{"type":"LineString","coordinates":[[-94.63,45.23],[-94.63,45.23]]},"properties":{"id":"ncei-1968-10053394","eventId":"10053394","episodeId":"","year":1968,"month":4,"date":"1968-04-20","beginTime":"1968-04-20T14:30:00","endTime":"1968-04-20T14:30:00","timezone":"CST","state":"MN","stateName":"Minnesota","county":"Meeker","countyFips":"93","wfo":"","scale":0,"scaleLabel":"F0","lengthMiles":0.1,"widthYards":7,"deaths":0,"injuries":0,"propertyDamage":0,"cropDamage":0,"source":"","dataSource":"PUB"}},{"type":"Feature","geometry":{"type":"LineString","coordinates":[[-93.23,44.47],[-93.2,44.48]]},"properties":{"id":"ncei-1968-10053397","eventId":"10053397","episodeId":"","year":1968,"month":5,"date":"1968-05-15","beginTime":"1968-05-15T14:28:00","endTime":"1968-05-15T14:28:00","timezone":"CST","state":"MN","stateName":"Minnesota","county":"Rice","countyFips":"131","wfo":"","scale":2,"scaleLabel":"F2","lengthMiles":0,"widthYards":333,"deaths":0,"injuries":2,"propertyDamage":250000,"cropDamage":0,"source":"","dataSource":"PUB"}},{"type":"Feature","geometry":{"type":"LineString","coordinates":[[-93.2,44.48],[-92.92,44.58]]},"properties":{"id":"ncei-1968-10053398","eventId":"10053398","episodeId":"","year":1968,"month":5,"date":"1968-05-15","beginTime":"1968-05-15T14:35:00","endTime":"1968-05-15T14:35:00","timezone":"CST","state":"MN","stateName":"Minnesota","county":"Dakota","countyFips":"37","wfo":"","scale":2,"scaleLabel":"F2","lengthMiles":15.4,"widthYards":333,"deaths":0,"injuries":1,"propertyDamage":250000,"cropDamage":0,"source":"","dataSource":"PUB"}},{"type":"Feature","geometry":{"type":"LineString","coordinates":[[-92.08,43.62],[-92.08,43.62]]},"properties":{"id":"ncei-1968-10053410","eventId":"10053410","episodeId":"","year":1968,"month":5,"date":"1968-05-15","beginTime":"1968-05-15T16:00:00","endTime":"1968-05-15T16:00:00","timezone":"CST","state":"MN","stateName":"Minnesota","county":"Freeborn","countyFips":"47","wfo":"","scale":0,"scaleLabel":"F0","lengthMiles":0.1,"widthYards":7,"deaths":0,"injuries":0,"propertyDamage":0,"cropDamage":0,"source":"","dataSource":"PUB"}},{"type":"Feature","geometry":{"type":"LineString","coordinates":[[-92.97,43.93],[-92.85,44.02]]},"properties":{"id":"ncei-1968-10053414","eventId":"10053414","episodeId":"","year":1968,"month":5,"date":"1968-05-15","beginTime":"1968-05-15T16:07:00","endTime":"1968-05-15T16:07:00","timezone":"CST","state":"MN","stateName":"Minnesota","county":"Dodge","countyFips":"39","wfo":"","scale":1,"scaleLabel":"F1","lengthMiles":7.8,"widthYards":20,"deaths":0,"injuries":0,"propertyDamage":250000,"cropDamage":0,"source":"","dataSource":"PUB"}},{"type":"Feature","geometry":{"type":"LineString","coordinates":[[-93.15,44.02],[-92.92,44.17]]},"properties":{"id":"ncei-1968-10053415","eventId":"10053415","episodeId":"","year":1968,"month":5,"date":"1968-05-15","beginTime":"1968-05-15T16:40:00","endTime":"1968-05-15T16:40:00","timezone":"CST","state":"MN","stateName":"Minnesota","county":"Steele","countyFips":"147","wfo":"","scale":1,"scaleLabel":"F1","lengthMiles":15.3,"widthYards":27,"deaths":0,"injuries":0,"propertyDamage":25000,"cropDamage":0,"source":"","dataSource":"PUB"}},{"type":"Feature","geometry":{"type":"LineString","coordinates":[[-92.92,44.17],[-92.88,44.2]]},"properties":{"id":"ncei-1968-10053416","eventId":"10053416","episodeId":"","year":1968,"month":5,"date":"1968-05-15","beginTime":"1968-05-15T17:00:00","endTime":"1968-05-15T17:00:00","timezone":"CST","state":"MN","stateName":"Minnesota","county":"Dodge","countyFips":"39","wfo":"","scale":1,"scaleLabel":"F1","lengthMiles":1.3,"widthYards":27,"deaths":0,"injuries":0,"propertyDamage":25000,"cropDamage":0,"source":"","dataSource":"PUB"}},{"type":"Feature","geometry":{"type":"LineString","coordinates":[[-91.9,43.52],[-91.77,43.6]]},"properties":{"id":"ncei-1968-10053417","eventId":"10053417","episodeId":"","year":1968,"month":5,"date":"1968-05-15","beginTime":"1968-05-15T17:45:00","endTime":"1968-05-15T17:45:00","timezone":"CST","state":"MN","stateName":"Minnesota","county":"Fillmore","countyFips":"45","wfo":"","scale":1,"scaleLabel":"F1","lengthMiles":8.4,"widthYards":77,"deaths":0,"injuries":0,"propertyDamage":25000,"cropDamage":0,"source":"","dataSource":"PUB"}},{"type":"Feature","geometry":{"type":"LineString","coordinates":[[-95.68,43.62],[-95.68,43.62]]},"properties":{"id":"ncei-1968-10053418","eventId":"10053418","episodeId":"","year":1968,"month":5,"date":"1968-05-28","beginTime":"1968-05-28T14:00:00","endTime":"1968-05-28T14:00:00","timezone":"CST","state":"MN","stateName":"Minnesota","county":"Nobles","countyFips":"105","wfo":"","scale":1,"scaleLabel":"F1","lengthMiles":0.1,"widthYards":10,"deaths":0,"injuries":0,"propertyDamage":2500,"cropDamage":0,"source":"","dataSource":"PUB"}},{"type":"Feature","geometry":{"type":"LineString","coordinates":[[-94.22,45.62],[-94.22,45.62]]},"properties":{"id":"ncei-1968-10053421","eventId":"10053421","episodeId":"","year":1968,"month":6,"date":"1968-06-07","beginTime":"1968-06-07T21:48:00","endTime":"1968-06-07T21:48:00","timezone":"CST","state":"MN","stateName":"Minnesota","county":"Stearns","countyFips":"145","wfo":"","scale":0,"scaleLabel":"F0","lengthMiles":0.1,"widthYards":10,"deaths":0,"injuries":0,"propertyDamage":0,"cropDamage":0,"source":"","dataSource":"PUB"}},{"type":"Feature","geometry":{"type":"LineString","coordinates":[[-94.32,45.63],[-94.32,45.63]]},"properties":{"id":"ncei-1968-10053423","eventId":"10053423","episodeId":"","year":1968,"month":6,"date":"1968-06-08","beginTime":"1968-06-08T18:35:00","endTime":"1968-06-08T18:35:00","timezone":"CST","state":"MN","stateName":"Minnesota","county":"Stearns","countyFips":"145","wfo":"","scale":0,"scaleLabel":"F0","lengthMiles":0.1,"widthYards":10,"deaths":0,"injuries":0,"propertyDamage":0,"cropDamage":0,"source":"","dataSource":"PUB"}},{"type":"Feature","geometry":{"type":"LineString","coordinates":[[-96.15,46.3],[-96.15,46.3]]},"properties":{"id":"ncei-1968-10053424","eventId":"10053424","episodeId":"","year":1968,"month":6,"date":"1968-06-09","beginTime":"1968-06-09T18:38:00","endTime":"1968-06-09T18:38:00","timezone":"CST","state":"MN","stateName":"Minnesota","county":"Otter Tail","countyFips":"111","wfo":"","scale":1,"scaleLabel":"F1","lengthMiles":0.3,"widthYards":20,"deaths":0,"injuries":0,"propertyDamage":25000,"cropDamage":0,"source":"","dataSource":"PUB"}},{"type":"Feature","geometry":{"type":"LineString","coordinates":[[-93.32,45.73],[-93.32,45.73]]},"properties":{"id":"ncei-1968-10053432","eventId":"10053432","episodeId":"","year":1968,"month":6,"date":"1968-06-10","beginTime":"1968-06-10T15:30:00","endTime":"1968-06-10T15:30:00","timezone":"CST","state":"MN","stateName":"Minnesota","county":"Kanabec","countyFips":"65","wfo":"","scale":1,"scaleLabel":"F1","lengthMiles":0.3,"widthYards":20,"deaths":1,"injuries":2,"propertyDamage":25000,"cropDamage":0,"source":"","dataSource":"PUB"}},{"type":"Feature","geometry":{"type":"LineString","coordinates":[[-96.13,48.08],[-96.12,48.13]]},"properties":{"id":"ncei-1968-10054506","eventId":"10054506","episodeId":"","year":1968,"month":8,"date":"1968-08-15","beginTime":"1968-08-15T17:22:00","endTime":"1968-08-15T17:22:00","timezone":"CST","state":"MN","stateName":"Minnesota","county":"Pennington","countyFips":"113","wfo":"","scale":1,"scaleLabel":"F1","lengthMiles":2.7,"widthYards":27,"deaths":0,"injuries":0,"propertyDamage":25000,"cropDamage":0,"source":"","dataSource":"PUB"}},{"type":"Feature","geometry":{"type":"LineString","coordinates":[[-96.62,48],[-96.62,48]]},"properties":{"id":"ncei-1968-10054507","eventId":"10054507","episodeId":"","year":1968,"month":8,"date":"1968-08-15","beginTime":"1968-08-15T17:30:00","endTime":"1968-08-15T17:30:00","timezone":"CST","state":"MN","stateName":"Minnesota","county":"Pennington","countyFips":"113","wfo":"","scale":1,"scaleLabel":"F1","lengthMiles":0.5,"widthYards":27,"deaths":0,"injuries":0,"propertyDamage":0,"cropDamage":0,"source":"","dataSource":"PUB"}},{"type":"Feature","geometry":{"type":"LineString","coordinates":[[-95.8,45.88],[-95.72,45.97]]},"properties":{"id":"ncei-1968-10054512","eventId":"10054512","episodeId":"","year":1968,"month":8,"date":"1968-08-18","beginTime":"1968-08-18T17:00:00","endTime":"1968-08-18T17:00:00","timezone":"CST","state":"MN","stateName":"Minnesota","county":"Grant","countyFips":"51","wfo":"","scale":1,"scaleLabel":"F1","lengthMiles":6.4,"widthYards":33,"deaths":0,"injuries":0,"propertyDamage":250000,"cropDamage":0,"source":"","dataSource":"PUB"}},{"type":"Feature","geometry":{"type":"LineString","coordinates":[[-93.1,44.28],[-92.73,44.33]]},"properties":{"id":"ncei-1968-10054513","eventId":"10054513","episodeId":"","year":1968,"month":8,"date":"1968-08-19","beginTime":"1968-08-19T14:40:00","endTime":"1968-08-19T14:40:00","timezone":"CST","state":"MN","stateName":"Minnesota","county":"Rice","countyFips":"131","wfo":"","scale":1,"scaleLabel":"F1","lengthMiles":18.3,"widthYards":60,"deaths":0,"injuries":0,"propertyDamage":250000,"cropDamage":0,"source":"","dataSource":"PUB"}},{"type":"Feature","geometry":{"type":"LineString","coordinates":[[-92.02,39.05],[-92.02,39.05]]},"properties":{"id":"ncei-1968-10056345","eventId":"10056345","episodeId":"","year":1968,"month":7,"date":"1968-07-17","beginTime":"1968-07-17T17:55:00","endTime":"1968-07-17T17:55:00","timezone":"CST","state":"MO","stateName":"Missouri","county":"Callaway","countyFips":"27","wfo":"","scale":0,"scaleLabel":"F0","lengthMiles":0.5,"widthYards":50,"deaths":0,"injuries":0,"propertyDamage":2500,"cropDamage":0,"source":"","dataSource":"PUB"}},{"type":"Feature","geometry":{"type":"LineString","coordinates":[[-90.35,38.62],[-90.3,38.65]]},"properties":{"id":"ncei-1968-10056567","eventId":"10056567","episodeId":"","year":1968,"month":8,"date":"1968-08-15","beginTime":"1968-08-15T14:35:00","endTime":"1968-08-15T14:35:00","timezone":"CST","state":"MO","stateName":"Missouri","county":"St. Louis","countyFips":"189","wfo":"","scale":1,"scaleLabel":"F1","lengthMiles":3.3,"widthYards":100,"deaths":0,"injuries":1,"propertyDamage":250000,"cropDamage":0,"source":"","dataSource":"PUB"}},{"type":"Feature","geometry":{"type":"LineString","coordinates":[[-93.55,36.85],[-93.55,36.85]]},"properties":{"id":"ncei-1968-10056576","eventId":"10056576","episodeId":"","year":1968,"month":9,"date":"1968-09-16","beginTime":"1968-09-16T19:35:00","endTime":"1968-09-16T19:35:00","timezone":"CST","state":"MO","stateName":"Missouri","county":"Stone","countyFips":"209","wfo":"","scale":2,"scaleLabel":"F2","lengthMiles":1,"widthYards":33,"deaths":0,"injuries":1,"propertyDamage":25000,"cropDamage":0,"source":"","dataSource":"PUB"}},{"type":"Feature","geometry":{"type":"LineString","coordinates":[[-94.87,40.35],[-94.87,40.35]]},"properties":{"id":"ncei-1968-10059940","eventId":"10059940","episodeId":"","year":1968,"month":5,"date":"1968-05-13","beginTime":"1968-05-13T16:00:00","endTime":"1968-05-13T16:00:00","timezone":"CST","state":"MO","stateName":"Missouri","county":"Nodaway","countyFips":"147","wfo":"","scale":1,"scaleLabel":"F1","lengthMiles":0.1,"widthYards":17,"deaths":0,"injuries":0,"propertyDamage":25000,"cropDamage":0,"source":"","dataSource":"PUB"}},{"type":"Feature","geometry":{"type":"LineString","coordinates":[[-94.62,38.67],[-94.6,38.63]]},"properties":{"id":"ncei-1968-10059943","eventId":"10059943","episodeId":"","year":1968,"month":5,"date":"1968-05-15","beginTime":"1968-05-15T14:45:00","endTime":"1968-05-15T14:45:00","timezone":"CST","state":"MO","stateName":"Missouri","county":"Cass","countyFips":"37","wfo":"","scale":3,"scaleLabel":"F3","lengthMiles":0,"widthYards":50,"deaths":0,"injuries":0,"propertyDamage":0,"cropDamage":0,"source":"","dataSource":"PUB"}},{"type":"Feature","geometry":{"type":"LineString","coordinates":[[-94.05,38.83],[-93.97,38.88]]},"properties":{"id":"ncei-1968-10059944","eventId":"10059944","episodeId":"","year":1968,"month":5,"date":"1968-05-15","beginTime":"1968-05-15T15:30:00","endTime":"1968-05-15T15:30:00","timezone":"CST","state":"MO","stateName":"Missouri","county":"Johnson","countyFips":"101","wfo":"","scale":2,"scaleLabel":"F2","lengthMiles":5.2,"widthYards":200,"deaths":0,"injuries":2,"propertyDamage":250000,"cropDamage":0,"source":"","dataSource":"PUB"}},{"type":"Feature","geometry":{"type":"LineString","coordinates":[[-94.03,39.28],[-94,39.33]]},"properties":{"id":"ncei-1968-10059945","eventId":"10059945","episodeId":"","year":1968,"month":5,"date":"1968-05-15","beginTime":"1968-05-15T15:45:00","endTime":"1968-05-15T15:45:00","timezone":"CST","state":"MO","stateName":"Missouri","county":"Ray","countyFips":"177","wfo":"","scale":1,"scaleLabel":"F1","lengthMiles":3.6,"widthYards":50,"deaths":0,"injuries":0,"propertyDamage":25000,"cropDamage":0,"source":"","dataSource":"PUB"}},{"type":"Feature","geometry":{"type":"LineString","coordinates":[[-93.55,39.05],[-93.48,39.1]]},"properties":{"id":"ncei-1968-10059947","eventId":"10059947","episodeId":"","year":1968,"month":5,"date":"1968-05-15","beginTime":"1968-05-15T16:00:00","endTime":"1968-05-15T16:00:00","timezone":"CST","state":"MO","stateName":"Missouri","county":"Lafayette","countyFips":"107","wfo":"","scale":1,"scaleLabel":"F1","lengthMiles":4.9,"widthYards":50,"deaths":0,"injuries":0,"propertyDamage":25000,"cropDamage":0,"source":"","dataSource":"PUB"}},{"type":"Feature","geometry":{"type":"LineString","coordinates":[[-93.77,38.88],[-93.68,38.92]]},"properties":{"id":"ncei-1968-10059948","eventId":"10059948","episodeId":"","year":1968,"month":5,"date":"1968-05-15","beginTime":"1968-05-15T16:00:00","endTime":"1968-05-15T16:00:00","timezone":"CST","state":"MO","stateName":"Missouri","county":"Johnson","countyFips":"101","wfo":"","scale":2,"scaleLabel":"F2","lengthMiles":4.5,"widthYards":50,"deaths":0,"injuries":0,"propertyDamage":25000,"cropDamage":0,"source":"","dataSource":"PUB"}},{"type":"Feature","geometry":{"type":"LineString","coordinates":[[-93.68,38.92],[-93.63,38.93]]},"properties":{"id":"ncei-1968-10059949","eventId":"10059949","episodeId":"","year":1968,"month":5,"date":"1968-05-15","beginTime":"1968-05-15T16:00:00","endTime":"1968-05-15T16:00:00","timezone":"CST","state":"MO","stateName":"Missouri","county":"Johnson","countyFips":"101","wfo":"","scale":2,"scaleLabel":"F2","lengthMiles":1.9,"widthYards":50,"deaths":0,"injuries":0,"propertyDamage":25000,"cropDamage":0,"source":"","dataSource":"PUB"}},{"type":"Feature","geometry":{"type":"LineString","coordinates":[[-93.63,38.93],[-93.55,39]]},"properties":{"id":"ncei-1968-10059950","eventId":"10059950","episodeId":"","year":1968,"month":5,"date":"1968-05-15","beginTime":"1968-05-15T16:00:00","endTime":"1968-05-15T16:00:00","timezone":"CST","state":"MO","stateName":"Missouri","county":"Johnson","countyFips":"101","wfo":"","scale":2,"scaleLabel":"F2","lengthMiles":5.9,"widthYards":50,"deaths":0,"injuries":0,"propertyDamage":25000,"cropDamage":0,"source":"","dataSource":"PUB"}},{"type":"Feature","geometry":{"type":"LineString","coordinates":[[-94.42,37.22],[-94.42,37.22]]},"properties":{"id":"ncei-1968-10059954","eventId":"10059954","episodeId":"","year":1968,"month":5,"date":"1968-05-15","beginTime":"1968-05-15T17:00:00","endTime":"1968-05-15T17:00:00","timezone":"CST","state":"MO","stateName":"Missouri","county":"Jasper","countyFips":"97","wfo":"","scale":1,"scaleLabel":"F1","lengthMiles":2.5,"widthYards":50,"deaths":0,"injuries":3,"propertyDamage":25000,"cropDamage":0,"source":"","dataSource":"PUB"}},{"type":"Feature","geometry":{"type":"LineString","coordinates":[[-90.75,38.22],[-90.65,38.25]]},"properties":{"id":"ncei-1968-10059956","eventId":"10059956","episodeId":"","year":1968,"month":5,"date":"1968-05-15","beginTime":"1968-05-15T19:40:00","endTime":"1968-05-15T19:40:00","timezone":"CST","state":"MO","stateName":"Missouri","county":"Jefferson","countyFips":"99","wfo":"","scale":1,"scaleLabel":"F1","lengthMiles":5.9,"widthYards":100,"deaths":0,"injuries":0,"propertyDamage":25000,"cropDamage":0,"source":"","dataSource":"PUB"}},{"type":"Feature","geometry":{"type":"LineString","coordinates":[[-90.55,36.53],[-90.55,36.53]]},"properties":{"id":"ncei-1968-10059958","eventId":"10059958","episodeId":"","year":1968,"month":5,"date":"1968-05-15","beginTime":"1968-05-15T20:50:00","endTime":"1968-05-15T20:50:00","timezone":"CST","state":"MO","stateName":"Missouri","county":"Butler","countyFips":"23","wfo":"","scale":2,"scaleLabel":"F2","lengthMiles":0.2,"widthYards":20,"deaths":0,"injuries":1,"propertyDamage":25000,"cropDamage":0,"source":"","dataSource":"PUB"}},{"type":"Feature","geometry":{"type":"LineString","coordinates":[[-90.08,36.48],[-90.08,36.48]]},"properties":{"id":"ncei-1968-10059959","eventId":"10059959","episodeId":"","year":1968,"month":5,"date":"1968-05-15","beginTime":"1968-05-15T21:20:00","endTime":"1968-05-15T21:20:00","timezone":"CST","state":"MO","stateName":"Missouri","county":"Dunklin","countyFips":"69","wfo":"","scale":1,"scaleLabel":"F1","lengthMiles":1.5,"widthYards":17,"deaths":0,"injuries":0,"propertyDamage":0,"cropDamage":0,"source":"","dataSource":"PUB"}},{"type":"Feature","geometry":{"type":"LineString","coordinates":[[-92.83,38.83],[-92.83,38.83]]},"properties":{"id":"ncei-1968-10059968","eventId":"10059968","episodeId":"","year":1968,"month":6,"date":"1968-06-11","beginTime":"1968-06-11T17:00:00","endTime":"1968-06-11T17:00:00","timezone":"CST","state":"MO","stateName":"Missouri","county":"Cooper","countyFips":"53","wfo":"","scale":0,"scaleLabel":"F0","lengthMiles":0.5,"widthYards":27,"deaths":0,"injuries":0,"propertyDamage":0,"cropDamage":0,"source":"","dataSource":"PUB"}},{"type":"Feature","geometry":{"type":"LineString","coordinates":[[-94.08,38.27],[-94.08,38.27]]},"properties":{"id":"ncei-1968-10059969","eventId":"10059969","episodeId":"","year":1968,"month":6,"date":"1968-06-11","beginTime":"1968-06-11T23:55:00","endTime":"1968-06-11T23:55:00","timezone":"CST","state":"MO","stateName":"Missouri","county":"Bates","countyFips":"13","wfo":"","scale":0,"scaleLabel":"F0","lengthMiles":0.1,"widthYards":100,"deaths":0,"injuries":0,"propertyDamage":0,"cropDamage":0,"source":"","dataSource":"PUB"}},{"type":"Feature","geometry":{"type":"LineString","coordinates":[[-92.07,36.7],[-92.07,36.7]]},"properties":{"id":"ncei-1968-10059980","eventId":"10059980","episodeId":"","year":1968,"month":6,"date":"1968-06-24","beginTime":"1968-06-24T17:00:00","endTime":"1968-06-24T17:00:00","timezone":"CST","state":"MO","stateName":"Missouri","county":"Howell","countyFips":"91","wfo":"","scale":2,"scaleLabel":"F2","lengthMiles":0.2,"widthYards":50,"deaths":0,"injuries":0,"propertyDamage":25000,"cropDamage":0,"source":"","dataSource":"PUB"}},{"type":"Feature","geometry":{"type":"LineString","coordinates":[[-91.6,36.5],[-91.6,36.5]]},"properties":{"id":"ncei-1968-10059981","eventId":"10059981","episodeId":"","year":1968,"month":6,"date":"1968-06-24","beginTime":"1968-06-24T17:00:00","endTime":"1968-06-24T17:00:00","timezone":"CST","state":"MO","stateName":"Missouri","county":"Oregon","countyFips":"149","wfo":"","scale":2,"scaleLabel":"F2","lengthMiles":2,"widthYards":50,"deaths":0,"injuries":0,"propertyDamage":25000,"cropDamage":0,"source":"","dataSource":"PUB"}},{"type":"Feature","geometry":{"type":"LineString","coordinates":[[-92.02,37.2],[-92.03,37.27]]},"properties":{"id":"ncei-1968-10059982","eventId":"10059982","episodeId":"","year":1968,"month":6,"date":"1968-06-24","beginTime":"1968-06-24T17:50:00","endTime":"1968-06-24T17:50:00","timezone":"CST","state":"MO","stateName":"Missouri","county":"Texas","countyFips":"215","wfo":"","scale":2,"scaleLabel":"F2","lengthMiles":4.5,"widthYards":50,"deaths":0,"injuries":0,"propertyDamage":25000,"cropDamage":0,"source":"","dataSource":"PUB"}},{"type":"Feature","geometry":{"type":"LineString","coordinates":[[-91.45,37],[-91.45,37]]},"properties":{"id":"ncei-1968-10059983","eventId":"10059983","episodeId":"","year":1968,"month":6,"date":"1968-06-24","beginTime":"1968-06-24T17:55:00","endTime":"1968-06-24T17:55:00","timezone":"CST","state":"MO","stateName":"Missouri","county":"Shannon","countyFips":"203","wfo":"","scale":1,"scaleLabel":"F1","lengthMiles":1,"widthYards":50,"deaths":0,"injuries":0,"propertyDamage":2500,"cropDamage":0,"source":"","dataSource":"PUB"}},{"type":"Feature","geometry":{"type":"LineString","coordinates":[[-91.98,37.45],[-91.98,37.45]]},"properties":{"id":"ncei-1968-10059984","eventId":"10059984","episodeId":"","year":1968,"month":6,"date":"1968-06-24","beginTime":"1968-06-24T18:15:00","endTime":"1968-06-24T18:15:00","timezone":"CST","state":"MO","stateName":"Missouri","county":"Texas","countyFips":"215","wfo":"","scale":0,"scaleLabel":"F0","lengthMiles":0.5,"widthYards":20,"deaths":0,"injuries":0,"propertyDamage":0,"cropDamage":0,"source":"","dataSource":"PUB"}},{"type":"Feature","geometry":{"type":"LineString","coordinates":[[-92.25,36.57],[-92.25,36.57]]},"properties":{"id":"ncei-1968-10059993","eventId":"10059993","episodeId":"","year":1968,"month":7,"date":"1968-07-09","beginTime":"1968-07-09T20:00:00","endTime":"1968-07-09T20:00:00","timezone":"CST","state":"MO","stateName":"Missouri","county":"Ozark","countyFips":"153","wfo":"","scale":0,"scaleLabel":"F0","lengthMiles":0.3,"widthYards":50,"deaths":0,"injuries":0,"propertyDamage":0,"cropDamage":0,"source":"","dataSource":"PUB"}},{"type":"Feature","geometry":{"type":"LineString","coordinates":[[-91.88,37.5],[-91.8,37.58]]},"properties":{"id":"ncei-1968-10060682","eventId":"10060682","episodeId":"","year":1968,"month":4,"date":"1968-04-03","beginTime":"1968-04-03T15:45:00","endTime":"1968-04-03T15:45:00","timezone":"CST","state":"MO","stateName":"Missouri","county":"Texas","countyFips":"215","wfo":"","scale":2,"scaleLabel":"F2","lengthMiles":7.2,"widthYards":100,"deaths":0,"injuries":0,"propertyDamage":2500,"cropDamage":0,"source":"","dataSource":"PUB"}},{"type":"Feature","geometry":{"type":"LineString","coordinates":[[-91.8,37.58],[-91.73,37.63]]},"properties":{"id":"ncei-1968-10060683","eventId":"10060683","episodeId":"","year":1968,"month":4,"date":"1968-04-03","beginTime":"1968-04-03T16:00:00","endTime":"1968-04-03T16:00:00","timezone":"CST","state":"MO","stateName":"Missouri","county":"Texas","countyFips":"215","wfo":"","scale":2,"scaleLabel":"F2","lengthMiles":4.7,"widthYards":100,"deaths":0,"injuries":0,"propertyDamage":2500,"cropDamage":0,"source":"","dataSource":"PUB"}},{"type":"Feature","geometry":{"type":"LineString","coordinates":[[-90.73,38.17],[-90.62,38.23]]},"properties":{"id":"ncei-1968-10060684","eventId":"10060684","episodeId":"","year":1968,"month":4,"date":"1968-04-03","beginTime":"1968-04-03T18:00:00","endTime":"1968-04-03T18:00:00","timezone":"CST","state":"MO","stateName":"Missouri","county":"Jefferson","countyFips":"99","wfo":"","scale":1,"scaleLabel":"F1","lengthMiles":7.6,"widthYards":100,"deaths":0,"injuries":0,"propertyDamage":25000,"cropDamage":0,"source":"","dataSource":"PUB"}},{"type":"Feature","geometry":{"type":"LineString","coordinates":[[-90.47,37.35],[-90.28,37.47]]},"properties":{"id":"ncei-1968-10060685","eventId":"10060685","episodeId":"","year":1968,"month":4,"date":"1968-04-03","beginTime":"1968-04-03T19:05:00","endTime":"1968-04-03T19:05:00","timezone":"CST","state":"MO","stateName":"Missouri","county":"Madison","countyFips":"123","wfo":"","scale":2,"scaleLabel":"F2","lengthMiles":12.8,"widthYards":500,"deaths":0,"injuries":0,"propertyDamage":250000,"cropDamage":0,"source":"","dataSource":"PUB"}},{"type":"Feature","geometry":{"type":"LineString","coordinates":[[-90.08,37.42],[-90.08,37.42]]},"properties":{"id":"ncei-1968-10060686","eventId":"10060686","episodeId":"","year":1968,"month":4,"date":"1968-04-03","beginTime":"1968-04-03T19:30:00","endTime":"1968-04-03T19:30:00","timezone":"CST","state":"MO","stateName":"Missouri","county":"Bollinger","countyFips":"17","wfo":"","scale":2,"scaleLabel":"F2","lengthMiles":2.5,"widthYards":50,"deaths":0,"injuries":0,"propertyDamage":25000,"cropDamage":0,"source":"","dataSource":"PUB"}},{"type":"Feature","geometry":{"type":"LineString","coordinates":[[-95.53,40.57],[-95.53,40.57]]},"properties":{"id":"ncei-1968-10060691","eventId":"10060691","episodeId":"","year":1968,"month":4,"date":"1968-04-16","beginTime":"1968-04-16T18:05:00","endTime":"1968-04-16T18:05:00","timezone":"CST","state":"MO","stateName":"Missouri","county":"Atchison","countyFips":"5","wfo":"","scale":1,"scaleLabel":"F1","lengthMiles":0.1,"widthYards":10,"deaths":0,"injuries":0,"propertyDamage":25000,"cropDamage":0,"source":"","dataSource":"PUB"}},{"type":"Feature","geometry":{"type":"LineString","coordinates":[[-95.6,40.48],[-95.6,40.48]]},"properties":{"id":"ncei-1968-10060692","eventId":"10060692","episodeId":"","year":1968,"month":4,"date":"1968-04-16","beginTime":"1968-04-16T18:16:00","endTime":"1968-04-16T18:16:00","timezone":"CST","state":"MO","stateName":"Missouri","county":"Atchison","countyFips":"5","wfo":"","scale":1,"scaleLabel":"F1","lengthMiles":1,"widthYards":33,"deaths":0,"injuries":0,"propertyDamage":25000,"cropDamage":0,"source":"","dataSource":"PUB"}},{"type":"Feature","geometry":{"type":"LineString","coordinates":[[-94.58,36.83],[-94.58,36.83]]},"properties":{"id":"ncei-1968-10060697","eventId":"10060697","episodeId":"","year":1968,"month":4,"date":"1968-04-19","beginTime":"1968-04-19T21:00:00","endTime":"1968-04-19T21:00:00","timezone":"CST","state":"MO","stateName":"Missouri","county":"Newton","countyFips":"145","wfo":"","scale":1,"scaleLabel":"F1","lengthMiles":1,"widthYards":100,"deaths":0,"injuries":0,"propertyDamage":25000,"cropDamage":0,"source":"","dataSource":"PUB"}},{"type":"Feature","geometry":{"type":"LineString","coordinates":[[-92.47,39.45],[-92.47,39.45]]},"properties":{"id":"ncei-1968-10060709","eventId":"10060709","episodeId":"","year":1968,"month":4,"date":"1968-04-26","beginTime":"1968-04-26T16:00:00","endTime":"1968-04-26T16:00:00","timezone":"CST","state":"MO","stateName":"Missouri","county":"Randolph","countyFips":"175","wfo":"","scale":1,"scaleLabel":"F1","lengthMiles":0.1,"widthYards":17,"deaths":0,"injuries":0,"propertyDamage":0,"cropDamage":0,"source":"","dataSource":"PUB"}},{"type":"Feature","geometry":{"type":"LineString","coordinates":[[-98.35,41.3],[-98.35,41.3]]},"properties":{"id":"ncei-1968-10065318","eventId":"10065318","episodeId":"","year":1968,"month":6,"date":"1968-06-22","beginTime":"1968-06-22T20:34:00","endTime":"1968-06-22T20:34:00","timezone":"CST","state":"NE","stateName":"Nebraska","county":"Howard","countyFips":"93","wfo":"","scale":-1,"scaleLabel":"Unknown","lengthMiles":0,"widthYards":33,"deaths":0,"injuries":0,"propertyDamage":2500,"cropDamage":0,"source":"","dataSource":"PUB"}},{"type":"Feature","geometry":{"type":"LineString","coordinates":[[-98.03,42.6],[-98.03,42.6]]},"properties":{"id":"ncei-1968-10065534","eventId":"10065534","episodeId":"","year":1968,"month":6,"date":"1968-06-22","beginTime":"1968-06-22T23:40:00","endTime":"1968-06-22T23:40:00","timezone":"CST","state":"NE","stateName":"Nebraska","county":"Knox","countyFips":"107","wfo":"","scale":-1,"scaleLabel":"Unknown","lengthMiles":0,"widthYards":33,"deaths":0,"injuries":0,"propertyDamage":0,"cropDamage":0,"source":"","dataSource":"PUB"}},{"type":"Feature","geometry":{"type":"LineString","coordinates":[[-98.37,41],[-98.37,41]]},"properties":{"id":"ncei-1968-10065538","eventId":"10065538","episodeId":"","year":1968,"month":6,"date":"1968-06-23","beginTime":"1968-06-23T21:02:00","endTime":"1968-06-23T21:02:00","timezone":"CST","state":"NE","stateName":"Nebraska","county":"Hall","countyFips":"79","wfo":"","scale":1,"scaleLabel":"F1","lengthMiles":0,"widthYards":33,"deaths":0,"injuries":0,"propertyDamage":0,"cropDamage":0,"source":"","dataSource":"PUB"}},{"type":"Feature","geometry":{"type":"LineString","coordinates":[[-96.4,41.53],[-96.4,41.53]]},"properties":{"id":"ncei-1968-10065539","eventId":"10065539","episodeId":"","year":1968,"month":6,"date":"1968-06-24","beginTime":"1968-06-24T02:15:00","endTime":"1968-06-24T02:15:00","timezone":"CST","state":"NE","stateName":"Nebraska","county":"Washington","countyFips":"177","wfo":"","scale":1,"scaleLabel":"F1","lengthMiles":0,"widthYards":33,"deaths":0,"injuries":0,"propertyDamage":0,"cropDamage":0,"source":"","dataSource":"PUB"}},{"type":"Feature","geometry":{"type":"LineString","coordinates":[[-96.33,41.35],[-96.33,41.35]]},"properties":{"id":"ncei-1968-10065543","eventId":"10065543","episodeId":"","year":1968,"month":6,"date":"1968-06-24","beginTime":"1968-06-24T18:40:00","endTime":"1968-06-24T18:40:00","timezone":"CST","state":"NE","stateName":"Nebraska","county":"Douglas","countyFips":"55","wfo":"","scale":0,"scaleLabel":"F0","lengthMiles":0,"widthYards":33,"deaths":0,"injuries":0,"propertyDamage":2500,"cropDamage":0,"source":"","dataSource":"PUB"}},{"type":"Feature","geometry":{"type":"LineString","coordinates":[[-100.68,42.87],[-100.68,42.87]]},"properties":{"id":"ncei-1968-10065547","eventId":"10065547","episodeId":"","year":1968,"month":6,"date":"1968-06-29","beginTime":"1968-06-29T22:48:00","endTime":"1968-06-29T22:48:00","timezone":"CST","state":"NE","stateName":"Nebraska","county":"Cherry","countyFips":"31","wfo":"","scale":-1,"scaleLabel":"Unknown","lengthMiles":0,"widthYards":33,"deaths":0,"injuries":0,"propertyDamage":0,"cropDamage":0,"source":"","dataSource":"PUB"}},{"type":"Feature","geometry":{"type":"LineString","coordinates":[[-96.72,41.88],[-96.72,41.88]]},"properties":{"id":"ncei-1968-10065550","eventId":"10065550","episodeId":"","year":1968,"month":7,"date":"1968-07-08","beginTime":"1968-07-08T16:00:00","endTime":"1968-07-08T16:00:00","timezone":"CST","state":"NE","stateName":"Nebraska","county":"Cuming","countyFips":"39","wfo":"","scale":-1,"scaleLabel":"Unknown","lengthMiles":1.2,"widthYards":60,"deaths":0,"injuries":0,"propertyDamage":0,"cropDamage":0,"source":"","dataSource":"PUB"}},{"type":"Feature","geometry":{"type":"LineString","coordinates":[[-103.18,41.13],[-103.18,41.13]]},"properties":{"id":"ncei-1968-10065567","eventId":"10065567","episodeId":"","year":1968,"month":7,"date":"1968-07-24","beginTime":"1968-07-24T19:30:00","endTime":"1968-07-24T19:30:00","timezone":"CST","state":"NE","stateName":"Nebraska","county":"Cheyenne","countyFips":"33","wfo":"","scale":-1,"scaleLabel":"Unknown","lengthMiles":0,"widthYards":33,"deaths":0,"injuries":0,"propertyDamage":0,"cropDamage":0,"source":"","dataSource":"PUB"}},{"type":"Feature","geometry":{"type":"LineString","coordinates":[[-103.05,41.6],[-103.05,41.6]]},"properties":{"id":"ncei-1968-10065568","eventId":"10065568","episodeId":"","year":1968,"month":7,"date":"1968-07-26","beginTime":"1968-07-26T15:30:00","endTime":"1968-07-26T15:30:00","timezone":"CST","state":"NE","stateName":"Nebraska","county":"Morrill","countyFips":"123","wfo":"","scale":-1,"scaleLabel":"Unknown","lengthMiles":0,"widthYards":33,"deaths":0,"injuries":0,"propertyDamage":0,"cropDamage":0,"source":"","dataSource":"PUB"}},{"type":"Feature","geometry":{"type":"LineString","coordinates":[[-102.98,41.4],[-102.98,41.4]]},"properties":{"id":"ncei-1968-10065569","eventId":"10065569","episodeId":"","year":1968,"month":7,"date":"1968-07-26","beginTime":"1968-07-26T15:30:00","endTime":"1968-07-26T15:30:00","timezone":"CST","state":"NE","stateName":"Nebraska","county":"Cheyenne","countyFips":"33","wfo":"","scale":-1,"scaleLabel":"Unknown","lengthMiles":0,"widthYards":33,"deaths":0,"injuries":0,"propertyDamage":0,"cropDamage":0,"source":"","dataSource":"PUB"}},{"type":"Feature","geometry":{"type":"LineString","coordinates":[[-97.58,40.83],[-97.53,40.83]]},"properties":{"id":"ncei-1968-10065589","eventId":"10065589","episodeId":"","year":1968,"month":7,"date":"1968-07-30","beginTime":"1968-07-30T14:00:00","endTime":"1968-07-30T14:00:00","timezone":"CST","state":"NE","stateName":"Nebraska","county":"York","countyFips":"185","wfo":"","scale":2,"scaleLabel":"F2","lengthMiles":0,"widthYards":33,"deaths":0,"injuries":0,"propertyDamage":25000,"cropDamage":0,"source":"","dataSource":"PUB"}},{"type":"Feature","geometry":{"type":"LineString","coordinates":[[-97.43,41.93],[-97.43,41.93]]},"properties":{"id":"ncei-1968-10065590","eventId":"10065590","episodeId":"","year":1968,"month":7,"date":"1968-07-30","beginTime":"1968-07-30T15:40:00","endTime":"1968-07-30T15:40:00","timezone":"CST","state":"NE","stateName":"Nebraska","county":"Madison","countyFips":"119","wfo":"","scale":-1,"scaleLabel":"Unknown","lengthMiles":0,"widthYards":33,"deaths":0,"injuries":0,"propertyDamage":0,"cropDamage":0,"source":"","dataSource":"PUB"}},{"type":"Feature","geometry":{"type":"LineString","coordinates":[[-97.65,41.17],[-97.53,41.12]]},"properties":{"id":"ncei-1968-10065591","eventId":"10065591","episodeId":"","year":1968,"month":7,"date":"1968-07-30","beginTime":"1968-07-30T17:25:00","endTime":"1968-07-30T17:25:00","timezone":"CST","state":"NE","stateName":"Nebraska","county":"Polk","countyFips":"143","wfo":"","scale":2,"scaleLabel":"F2","lengthMiles":6.4,"widthYards":200,"deaths":0,"injuries":2,"propertyDamage":250000,"cropDamage":0,"source":"","dataSource":"PUB"}},{"type":"Feature","geometry":{"type":"LineString","coordinates":[[-95.95,41.25],[-95.53,41.25]]},"properties":{"id":"ncei-1968-10065596","eventId":"10065596","episodeId":"","year":1968,"month":8,"date":"1968-08-18","beginTime":"1968-08-18T17:45:00","endTime":"1968-08-18T17:45:00","timezone":"CST","state":"NE","stateName":"Nebraska","county":"Douglas","countyFips":"55","wfo":"","scale":3,"scaleLabel":"F3","lengthMiles":21.3,"widthYards":33,"deaths":0,"injuries":0,"propertyDamage":2500000,"cropDamage":0,"source":"","dataSource":"PUB"}},{"type":"Feature","geometry":{"type":"LineString","coordinates":[[-95.83,40.38],[-95.83,40.38]]},"properties":{"id":"ncei-1968-10068920","eventId":"10068920","episodeId":"","year":1968,"month":4,"date":"1968-04-16","beginTime":"1968-04-16T18:10:00","endTime":"1968-04-16T18:10:00","timezone":"CST","state":"NE","stateName":"Nebraska","county":"Nemaha","countyFips":"127","wfo":"","scale":2,"scaleLabel":"F2","lengthMiles":1.2,"widthYards":33,"deaths":0,"injuries":0,"propertyDamage":25000,"cropDamage":0,"source":"","dataSource":"PUB"}},{"type":"Feature","geometry":{"type":"LineString","coordinates":[[-96.08,40.18],[-96.08,40.18]]},"properties":{"id":"ncei-1968-10068921","eventId":"10068921","episodeId":"","year":1968,"month":4,"date":"1968-04-16","beginTime":"1968-04-16T18:25:00","endTime":"1968-04-16T18:25:00","timezone":"CST","state":"NE","stateName":"Nebraska","county":"Pawnee","countyFips":"133","wfo":"","scale":2,"scaleLabel":"F2","lengthMiles":0,"widthYards":33,"deaths":0,"injuries":0,"propertyDamage":25000,"cropDamage":0,"source":"","dataSource":"PUB"}},{"type":"Feature","geometry":{"type":"LineString","coordinates":[[-101.62,40.4],[-101.62,40.4]]},"properties":{"id":"ncei-1968-10068927","eventId":"10068927","episodeId":"","year":1968,"month":5,"date":"1968-05-06","beginTime":"1968-05-06T22:25:00","endTime":"1968-05-06T22:25:00","timezone":"CST","state":"NE","stateName":"Nebraska","county":"Chase","countyFips":"29","wfo":"","scale":-1,"scaleLabel":"Unknown","lengthMiles":0,"widthYards":33,"deaths":0,"injuries":0,"propertyDamage":0,"cropDamage":0,"source":"","dataSource":"PUB"}},{"type":"Feature","geometry":{"type":"LineString","coordinates":[[-98.7,40.85],[-98.05,41.55]]},"properties":{"id":"ncei-1968-10068929","eventId":"10068929","episodeId":"","year":1968,"month":5,"date":"1968-05-13","beginTime":"1968-05-13T17:10:00","endTime":"1968-05-13T17:10:00","timezone":"CST","state":"NE","stateName":"Nebraska","county":"Hall","countyFips":"79","wfo":"","scale":1,"scaleLabel":"F1","lengthMiles":58.9,"widthYards":33,"deaths":0,"injuries":0,"propertyDamage":25000,"cropDamage":0,"source":"","dataSource":"PUB"}},{"type":"Feature","geometry":{"type":"LineString","coordinates":[[-98.25,41.22],[-98.25,41.22]]},"properties":{"id":"ncei-1968-10068954","eventId":"10068954","episodeId":"","year":1968,"month":6,"date":"1968-06-09","beginTime":"1968-06-09T19:15:00","endTime":"1968-06-09T19:15:00","timezone":"CST","state":"NE","stateName":"Nebraska","county":"Merrick","countyFips":"121","wfo":"","scale":-1,"scaleLabel":"Unknown","lengthMiles":0,"widthYards":33,"deaths":0,"injuries":0,"propertyDamage":0,"cropDamage":0,"source":"","dataSource":"PUB"}},{"type":"Feature","geometry":{"type":"LineString","coordinates":[[-99.97,40.63],[-99.97,40.63]]},"properties":{"id":"ncei-1968-10068973","eventId":"10068973","episodeId":"","year":1968,"month":6,"date":"1968-06-17","beginTime":"1968-06-17T17:50:00","endTime":"1968-06-17T17:50:00","timezone":"CST","state":"NE","stateName":"Nebraska","county":"Dawson","countyFips":"47","wfo":"","scale":-1,"scaleLabel":"Unknown","lengthMiles":0,"widthYards":33,"deaths":0,"injuries":0,"propertyDamage":25000,"cropDamage":0,"source":"","dataSource":"PUB"}},{"type":"Feature","geometry":{"type":"LineString","coordinates":[[-98.65,42.45],[-98.65,42.45]]},"properties":{"id":"ncei-1968-10068981","eventId":"10068981","episodeId":"","year":1968,"month":6,"date":"1968-06-21","beginTime":"1968-06-21T00:30:00","endTime":"1968-06-21T00:30:00","timezone":"CST","state":"NE","stateName":"Nebraska","county":"Holt","countyFips":"89","wfo":"","scale":1,"scaleLabel":"F1","lengthMiles":0,"widthYards":33,"deaths":0,"injuries":1,"propertyDamage":2500,"cropDamage":0,"source":"","dataSource":"PUB"}},{"type":"Feature","geometry":{"type":"LineString","coordinates":[[-107,45.3],[-107,45.3]]},"properties":{"id":"ncei-1968-10071240","eventId":"10071240","episodeId":"","year":1968,"month":6,"date":"1968-06-13","beginTime":"1968-06-13T15:00:00","endTime":"1968-06-13T15:00:00","timezone":"CST","state":"MT","stateName":"Montana","county":"Big Horn","countyFips":"3","wfo":"","scale":0,"scaleLabel":"F0","lengthMiles":0,"widthYards":33,"deaths":0,"injuries":0,"propertyDamage":0,"cropDamage":0,"source":"","dataSource":"PUB"}},{"type":"Feature","geometry":{"type":"LineString","coordinates":[[-79.08,42.4],[-78.5,42.23]]},"properties":{"id":"ncei-1968-10076044","eventId":"10076044","episodeId":"","year":1968,"month":8,"date":"1968-08-06","beginTime":"1968-08-06T03:30:00","endTime":"1968-08-06T03:30:00","timezone":"CST","state":"NY","stateName":"New York","county":"Chautauqua","countyFips":"13","wfo":"","scale":2,"scaleLabel":"F2","lengthMiles":31.8,"widthYards":250,"deaths":0,"injuries":4,"propertyDamage":250000,"cropDamage":0,"source":"","dataSource":"PUB"}},{"type":"Feature","geometry":{"type":"LineString","coordinates":[[-73.55,41.38],[-73.53,41.37]]},"properties":{"id":"ncei-1968-10076051","eventId":"10076051","episodeId":"","year":1968,"month":8,"date":"1968-08-09","beginTime":"1968-08-09T18:30:00","endTime":"1968-08-09T18:30:00","timezone":"CST","state":"NY","stateName":"New York","county":"Putnam","countyFips":"79","wfo":"","scale":1,"scaleLabel":"F1","lengthMiles":0,"widthYards":33,"deaths":0,"injuries":0,"propertyDamage":25000,"cropDamage":0,"source":"","dataSource":"PUB"}},{"type":"Feature","geometry":{"type":"LineString","coordinates":[[-71.8,42.83],[-71.8,42.83]]},"properties":{"id":"ncei-1968-10078917","eventId":"10078917","episodeId":"","year":1968,"month":7,"date":"1968-07-17","beginTime":"1968-07-17T13:55:00","endTime":"1968-07-17T13:55:00","timezone":"CST","state":"NH","stateName":"New Hampshire","county":"Hillsborough","countyFips":"11","wfo":"","scale":2,"scaleLabel":"F2","lengthMiles":0.1,"widthYards":17,"deaths":0,"injuries":0,"propertyDamage":25000,"cropDamage":0,"source":"","dataSource":"PUB"}},{"type":"Feature","geometry":{"type":"LineString","coordinates":[[-71.47,42.9],[-71.47,42.9]]},"properties":{"id":"ncei-1968-10079130","eventId":"10079130","episodeId":"","year":1968,"month":7,"date":"1968-07-19","beginTime":"1968-07-19T14:45:00","endTime":"1968-07-19T14:45:00","timezone":"CST","state":"NH","stateName":"New Hampshire","county":"Cheshire","countyFips":"5","wfo":"","scale":1,"scaleLabel":"F1","lengthMiles":0.2,"widthYards":17,"deaths":0,"injuries":0,"propertyDamage":2500,"cropDamage":0,"source":"","dataSource":"PUB"}},{"type":"Feature","geometry":{"type":"LineString","coordinates":[[-71.47,43],[-71.47,43]]},"properties":{"id":"ncei-1968-10079132","eventId":"10079132","episodeId":"","year":1968,"month":8,"date":"1968-08-20","beginTime":"1968-08-20T17:00:00","endTime":"1968-08-20T17:00:00","timezone":"CST","state":"NH","stateName":"New Hampshire","county":"Hillsborough","countyFips":"11","wfo":"","scale":1,"scaleLabel":"F1","lengthMiles":2.5,"widthYards":17,"deaths":0,"injuries":0,"propertyDamage":25000,"cropDamage":0,"source":"","dataSource":"PUB"}},{"type":"Feature","geometry":{"type":"LineString","coordinates":[[-72.8,43.1],[-72.8,43.1]]},"properties":{"id":"ncei-1968-10079133","eventId":"10079133","episodeId":"","year":1968,"month":8,"date":"1968-08-20","beginTime":"1968-08-20T17:10:00","endTime":"1968-08-20T17:10:00","timezone":"CST","state":"NH","stateName":"New Hampshire","county":"Hillsborough","countyFips":"11","wfo":"","scale":3,"scaleLabel":"F3","lengthMiles":1,"widthYards":27,"deaths":0,"injuries":1,"propertyDamage":25000,"cropDamage":0,"source":"","dataSource":"PUB"}},{"type":"Feature","geometry":{"type":"LineString","coordinates":[[-103.4,33],[-103.4,33]]},"properties":{"id":"ncei-1968-10079588","eventId":"10079588","episodeId":"","year":1968,"month":5,"date":"1968-05-10","beginTime":"1968-05-10T16:00:00","endTime":"1968-05-10T16:00:00","timezone":"CST","state":"NM","stateName":"New Mexico","county":"Lea","countyFips":"25","wfo":"","scale":0,"scaleLabel":"F0","lengthMiles":0,"widthYards":33,"deaths":0,"injuries":0,"propertyDamage":0,"cropDamage":0,"source":"","dataSource":"PUB"}},{"type":"Feature","geometry":{"type":"LineString","coordinates":[[-103.45,34.35],[-103.45,34.35]]},"properties":{"id":"ncei-1968-10079597","eventId":"10079597","episodeId":"","year":1968,"month":6,"date":"1968-06-18","beginTime":"1968-06-18T20:45:00","endTime":"1968-06-18T20:45:00","timezone":"CST","state":"NM","stateName":"New Mexico","county":"San Juan","countyFips":"45","wfo":"","scale":2,"scaleLabel":"F2","lengthMiles":0.5,"widthYards":500,"deaths":0,"injuries":3,"propertyDamage":250000,"cropDamage":0,"source":"","dataSource":"PUB"}},{"type":"Feature","geometry":{"type":"LineString","coordinates":[[-84.27,39.1],[-84,39.2]]},"properties":{"id":"ncei-1968-10083172","eventId":"10083172","episodeId":"","year":1968,"month":4,"date":"1968-04-23","beginTime":"1968-04-23T12:56:00","endTime":"1968-04-23T12:56:00","timezone":"CST","state":"OH","stateName":"Ohio","county":"Clermont","countyFips":"25","wfo":"","scale":4,"scaleLabel":"F4","lengthMiles":15.8,"widthYards":100,"deaths":1,"injuries":29,"propertyDamage":2500000,"cropDamage":0,"source":"","dataSource":"PUB"}},{"type":"Feature","geometry":{"type":"LineString","coordinates":[[-84.3,41.7],[-84.3,41.7]]},"properties":{"id":"ncei-1968-10083173","eventId":"10083173","episodeId":"","year":1968,"month":4,"date":"1968-04-23","beginTime":"1968-04-23T13:15:00","endTime":"1968-04-23T13:15:00","timezone":"CST","state":"OH","stateName":"Ohio","county":"Fulton","countyFips":"51","wfo":"","scale":1,"scaleLabel":"F1","lengthMiles":0,"widthYards":100,"deaths":0,"injuries":0,"propertyDamage":25000,"cropDamage":0,"source":"","dataSource":"PUB"}},{"type":"Feature","geometry":{"type":"LineString","coordinates":[[-84,39.2],[-83.92,39.37]]},"properties":{"id":"ncei-1968-10083174","eventId":"10083174","episodeId":"","year":1968,"month":4,"date":"1968-04-23","beginTime":"1968-04-23T13:20:00","endTime":"1968-04-23T13:20:00","timezone":"CST","state":"OH","stateName":"Ohio","county":"Brown","countyFips":"15","wfo":"","scale":4,"scaleLabel":"F4","lengthMiles":12.2,"widthYards":300,"deaths":0,"injuries":1,"propertyDamage":2500000,"cropDamage":0,"source":"","dataSource":"PUB"}},{"type":"Feature","geometry":{"type":"LineString","coordinates":[[-83.87,38.77],[-83.7,38.8]]},"properties":{"id":"ncei-1968-10083175","eventId":"10083175","episodeId":"","year":1968,"month":4,"date":"1968-04-23","beginTime":"1968-04-23T13:20:00","endTime":"1968-04-23T13:20:00","timezone":"CST","state":"OH","stateName":"Ohio","county":"Brown","countyFips":"15","wfo":"","scale":4,"scaleLabel":"F4","lengthMiles":9.1,"widthYards":550,"deaths":1,"injuries":4,"propertyDamage":2500000,"cropDamage":0,"source":"","dataSource":"PUB"}},{"type":"Feature","geometry":{"type":"LineString","coordinates":[[-83.7,38.8],[-82.92,38.88]]},"properties":{"id":"ncei-1968-10083176","eventId":"10083176","episodeId":"","year":1968,"month":4,"date":"1968-04-23","beginTime":"1968-04-23T13:40:00","endTime":"1968-04-23T13:40:00","timezone":"CST","state":"OH","stateName":"Ohio","county":"Adams","countyFips":"1","wfo":"","scale":4,"scaleLabel":"F4","lengthMiles":42.5,"widthYards":550,"deaths":0,"injuries":0,"propertyDamage":0,"cropDamage":0,"source":"","dataSource":"PUB"}},{"type":"Feature","geometry":{"type":"LineString","coordinates":[[-83.92,39.37],[-83.87,39.28]]},"properties":{"id":"ncei-1968-10083177","eventId":"10083177","episodeId":"","year":1968,"month":4,"date":"1968-04-23","beginTime":"1968-04-23T13:45:00","endTime":"1968-04-23T13:45:00","timezone":"CST","state":"OH","stateName":"Ohio","county":"Clinton","countyFips":"27","wfo":"","scale":4,"scaleLabel":"F4","lengthMiles":6.1,"widthYards":33,"deaths":0,"injuries":3,"propertyDamage":2500000,"cropDamage":0,"source":"","dataSource":"PUB"}},{"type":"Feature","geometry":{"type":"LineString","coordinates":[[-82.72,40.02],[-82.6,40.1]]},"properties":{"id":"ncei-1968-10083183","eventId":"10083183","episodeId":"","year":1968,"month":4,"date":"1968-04-23","beginTime":"1968-04-23T14:30:00","endTime":"1968-04-23T14:30:00","timezone":"CST","state":"OH","stateName":"Ohio","county":"Licking","countyFips":"89","wfo":"","scale":1,"scaleLabel":"F1","lengthMiles":8.2,"widthYards":200,"deaths":0,"injuries":0,"propertyDamage":250000,"cropDamage":0,"source":"","dataSource":"PUB"}},{"type":"Feature","geometry":{"type":"LineString","coordinates":[[-82.87,38.82],[-82.78,38.85]]},"properties":{"id":"ncei-1968-10083184","eventId":"10083184","episodeId":"","year":1968,"month":4,"date":"1968-04-23","beginTime":"1968-04-23T14:30:00","endTime":"1968-04-23T14:30:00","timezone":"CST","state":"OH","stateName":"Ohio","county":"Scioto","countyFips":"145","wfo":"","scale":2,"scaleLabel":"F2","lengthMiles":4.9,"widthYards":100,"deaths":0,"injuries":1,"propertyDamage":250000,"cropDamage":0,"source":"","dataSource":"PUB"}},{"type":"Feature","geometry":{"type":"LineString","coordinates":[[-82.8,38.7],[-82.65,38.78]]},"properties":{"id":"ncei-1968-10083187","eventId":"10083187","episodeId":"","year":1968,"month":4,"date":"1968-04-23","beginTime":"1968-04-23T15:05:00","endTime":"1968-04-23T15:05:00","timezone":"CST","state":"OH","stateName":"Ohio","county":"Scioto","countyFips":"145","wfo":"","scale":5,"scaleLabel":"F5","lengthMiles":9.8,"widthYards":400,"deaths":7,"injuries":75,"propertyDamage":2500000,"cropDamage":0,"source":"","dataSource":"PUB"}},{"type":"Feature","geometry":{"type":"LineString","coordinates":[[-82.65,38.78],[-82.58,38.8]]},"properties":{"id":"ncei-1968-10083189","eventId":"10083189","episodeId":"","year":1968,"month":4,"date":"1968-04-23","beginTime":"1968-04-23T15:30:00","endTime":"1968-04-23T15:30:00","timezone":"CST","state":"OH","stateName":"Ohio","county":"Lawrence","countyFips":"87","wfo":"","scale":5,"scaleLabel":"F5","lengthMiles":3.6,"widthYards":400,"deaths":0,"injuries":1,"propertyDamage":0,"cropDamage":0,"source":"","dataSource":"PUB"}},{"type":"Feature","geometry":{"type":"LineString","coordinates":[[-82.58,38.8],[-82.2,38.82]]},"properties":{"id":"ncei-1968-10083190","eventId":"10083190","episodeId":"","year":1968,"month":4,"date":"1968-04-23","beginTime":"1968-04-23T15:40:00","endTime":"1968-04-23T15:40:00","timezone":"CST","state":"OH","stateName":"Ohio","county":"Gallia","countyFips":"53","wfo":"","scale":5,"scaleLabel":"F5","lengthMiles":20.6,"widthYards":400,"deaths":0,"injuries":17,"propertyDamage":250000,"cropDamage":0,"source":"","dataSource":"PUB"}},{"type":"Feature","geometry":{"type":"LineString","coordinates":[[-81.9,40.8],[-81.9,40.8]]},"properties":{"id":"ncei-1968-10083203","eventId":"10083203","episodeId":"","year":1968,"month":5,"date":"1968-05-15","beginTime":"1968-05-15T17:15:00","endTime":"1968-05-15T17:15:00","timezone":"CST","state":"OH","stateName":"Ohio","county":"Wayne","countyFips":"169","wfo":"","scale":1,"scaleLabel":"F1","lengthMiles":1,"widthYards":367,"deaths":0,"injuries":0,"propertyDamage":25000,"cropDamage":0,"source":"","dataSource":"PUB"}},{"type":"Feature","geometry":{"type":"LineString","coordinates":[[-81.7,40.8],[-81.7,40.8]]},"properties":{"id":"ncei-1968-10083208","eventId":"10083208","episodeId":"","year":1968,"month":5,"date":"1968-05-15","beginTime":"1968-05-15T18:00:00","endTime":"1968-05-15T18:00:00","timezone":"CST","state":"OH","stateName":"Ohio","county":"Wayne","countyFips":"169","wfo":"","scale":2,"scaleLabel":"F2","lengthMiles":1,"widthYards":440,"deaths":0,"injuries":0,"propertyDamage":25000,"cropDamage":0,"source":"","dataSource":"PUB"}},{"type":"Feature","geometry":{"type":"LineString","coordinates":[[-83.77,39.9],[-83.77,39.9]]},"properties":{"id":"ncei-1968-10083212","eventId":"10083212","episodeId":"","year":1968,"month":5,"date":"1968-05-26","beginTime":"1968-05-26T17:30:00","endTime":"1968-05-26T17:30:00","timezone":"CST","state":"OH","stateName":"Ohio","county":"Clark","countyFips":"23","wfo":"","scale":1,"scaleLabel":"F1","lengthMiles":0.2,"widthYards":17,"deaths":0,"injuries":0,"propertyDamage":2500,"cropDamage":0,"source":"","dataSource":"PUB"}},{"type":"Feature","geometry":{"type":"LineString","coordinates":[[-83.6,41.5],[-83.6,41.5]]},"properties":{"id":"ncei-1968-10083225","eventId":"10083225","episodeId":"","year":1968,"month":6,"date":"1968-06-24","beginTime":"1968-06-24T17:45:00","endTime":"1968-06-24T17:45:00","timezone":"CST","state":"OH","stateName":"Ohio","county":"Wood","countyFips":"173","wfo":"","scale":0,"scaleLabel":"F0","lengthMiles":0,"widthYards":33,"deaths":0,"injuries":0,"propertyDamage":0,"cropDamage":0,"source":"","dataSource":"PUB"}},{"type":"Feature","geometry":{"type":"LineString","coordinates":[[-81.75,39.97],[-81.72,40]]},"properties":{"id":"ncei-1968-10083226","eventId":"10083226","episodeId":"","year":1968,"month":6,"date":"1968-06-25","beginTime":"1968-06-25T14:30:00","endTime":"1968-06-25T14:30:00","timezone":"CST","state":"OH","stateName":"Ohio","county":"Muskingum","countyFips":"119","wfo":"","scale":2,"scaleLabel":"F2","lengthMiles":2.3,"widthYards":177,"deaths":0,"injuries":5,"propertyDamage":250000,"cropDamage":0,"source":"","dataSource":"PUB"}},{"type":"Feature","geometry":{"type":"LineString","coordinates":[[-81.72,40],[-81.63,40.07]]},"properties":{"id":"ncei-1968-10083227","eventId":"10083227","episodeId":"","year":1968,"month":6,"date":"1968-06-25","beginTime":"1968-06-25T14:45:00","endTime":"1968-06-25T14:45:00","timezone":"CST","state":"OH","stateName":"Ohio","county":"Guernsey","countyFips":"59","wfo":"","scale":2,"scaleLabel":"F2","lengthMiles":6.2,"widthYards":177,"deaths":0,"injuries":0,"propertyDamage":250000,"cropDamage":0,"source":"","dataSource":"PUB"}},{"type":"Feature","geometry":{"type":"LineString","coordinates":[[-81.43,40.2],[-81.3,40.25]]},"properties":{"id":"ncei-1968-10083228","eventId":"10083228","episodeId":"","year":1968,"month":6,"date":"1968-06-25","beginTime":"1968-06-25T15:05:00","endTime":"1968-06-25T15:05:00","timezone":"CST","state":"OH","stateName":"Ohio","county":"Guernsey","countyFips":"59","wfo":"","scale":1,"scaleLabel":"F1","lengthMiles":7.3,"widthYards":200,"deaths":0,"injuries":0,"propertyDamage":25000,"cropDamage":0,"source":"","dataSource":"PUB"}},{"type":"Feature","geometry":{"type":"LineString","coordinates":[[-81.3,41.1],[-81.3,41.1]]},"properties":{"id":"ncei-1968-10083230","eventId":"10083230","episodeId":"","year":1968,"month":6,"date":"1968-06-25","beginTime":"1968-06-25T18:15:00","endTime":"1968-06-25T18:15:00","timezone":"CST","state":"OH","stateName":"Ohio","county":"Portage","countyFips":"133","wfo":"","scale":1,"scaleLabel":"F1","lengthMiles":0.5,"widthYards":200,"deaths":0,"injuries":1,"propertyDamage":25000,"cropDamage":0,"source":"","dataSource":"PUB"}},{"type":"Feature","geometry":{"type":"LineString","coordinates":[[-82.4,39.52],[-82.4,39.52]]},"properties":{"id":"ncei-1968-10084327","eventId":"10084327","episodeId":"","year":1968,"month":8,"date":"1968-08-07","beginTime":"1968-08-07T12:00:00","endTime":"1968-08-07T12:00:00","timezone":"CST","state":"OH","stateName":"Ohio","county":"Hocking","countyFips":"73","wfo":"","scale":1,"scaleLabel":"F1","lengthMiles":0,"widthYards":100,"deaths":0,"injuries":0,"propertyDamage":2500,"cropDamage":0,"source":"","dataSource":"PUB"}},{"type":"Feature","geometry":{"type":"LineString","coordinates":[[-81.3,35.5],[-81.3,35.5]]},"properties":{"id":"ncei-1968-10087314","eventId":"10087314","episodeId":"","year":1968,"month":3,"date":"1968-03-12","beginTime":"1968-03-12T15:40:00","endTime":"1968-03-12T15:40:00","timezone":"CST","state":"NC","stateName":"North Carolina","county":"Lincoln","countyFips":"109","wfo":"","scale":1,"scaleLabel":"F1","lengthMiles":2,"widthYards":20,"deaths":0,"injuries":0,"propertyDamage":25000,"cropDamage":0,"source":"","dataSource":"PUB"}},{"type":"Feature","geometry":{"type":"LineString","coordinates":[[-76.78,35.42],[-76.78,35.42]]},"properties":{"id":"ncei-1968-10087315","eventId":"10087315","episodeId":"","year":1968,"month":3,"date":"1968-03-12","beginTime":"1968-03-12T20:52:00","endTime":"1968-03-12T20:52:00","timezone":"CST","state":"NC","stateName":"North Carolina","county":"Beaufort","countyFips":"13","wfo":"","scale":2,"scaleLabel":"F2","lengthMiles":1,"widthYards":27,"deaths":0,"injuries":0,"propertyDamage":250000,"cropDamage":0,"source":"","dataSource":"PUB"}},{"type":"Feature","geometry":{"type":"LineString","coordinates":[[-76.8,35.42],[-76.8,35.42]]},"properties":{"id":"ncei-1968-10087458","eventId":"10087458","episodeId":"","year":1968,"month":4,"date":"1968-04-24","beginTime":"1968-04-24T16:00:00","endTime":"1968-04-24T16:00:00","timezone":"CST","state":"NC","stateName":"North Carolina","county":"Beaufort","countyFips":"13","wfo":"","scale":2,"scaleLabel":"F2","lengthMiles":2,"widthYards":200,"deaths":0,"injuries":0,"propertyDamage":25000,"cropDamage":0,"source":"","dataSource":"PUB"}},{"type":"Feature","geometry":{"type":"LineString","coordinates":[[-80.58,35],[-80.75,35.2]]},"properties":{"id":"ncei-1968-10087467","eventId":"10087467","episodeId":"","year":1968,"month":6,"date":"1968-06-07","beginTime":"1968-06-07T14:30:00","endTime":"1968-06-07T14:30:00","timezone":"CST","state":"NC","stateName":"North Carolina","county":"Mecklenburg","countyFips":"119","wfo":"","scale":2,"scaleLabel":"F2","lengthMiles":16.7,"widthYards":200,"deaths":0,"injuries":0,"propertyDamage":25000,"cropDamage":0,"source":"","dataSource":"PUB"}},{"type":"Feature","geometry":{"type":"LineString","coordinates":[[-80.7,36.25],[-80.7,36.25]]},"properties":{"id":"ncei-1968-10087472","eventId":"10087472","episodeId":"","year":1968,"month":7,"date":"1968-07-02","beginTime":"1968-07-02T13:00:00","endTime":"1968-07-02T13:00:00","timezone":"CST","state":"NC","stateName":"North Carolina","county":"Yadkin","countyFips":"197","wfo":"","scale":1,"scaleLabel":"F1","lengthMiles":0,"widthYards":33,"deaths":0,"injuries":0,"propertyDamage":25000,"cropDamage":0,"source":"","dataSource":"PUB"}},{"type":"Feature","geometry":{"type":"LineString","coordinates":[[-77.05,35.07],[-77.05,35.07]]},"properties":{"id":"ncei-1968-10087475","eventId":"10087475","episodeId":"","year":1968,"month":7,"date":"1968-07-12","beginTime":"1968-07-12T01:00:00","endTime":"1968-07-12T01:00:00","timezone":"CST","state":"NC","stateName":"North Carolina","county":"Craven","countyFips":"49","wfo":"","scale":1,"scaleLabel":"F1","lengthMiles":0,"widthYards":33,"deaths":0,"injuries":0,"propertyDamage":250000,"cropDamage":0,"source":"","dataSource":"PUB"}},{"type":"Feature","geometry":{"type":"LineString","coordinates":[[-100.2,47.15],[-100.2,47.15]]},"properties":{"id":"ncei-1968-10087543","eventId":"10087543","episodeId":"","year":1968,"month":6,"date":"1968-06-17","beginTime":"1968-06-17T17:00:00","endTime":"1968-06-17T17:00:00","timezone":"CST","state":"ND","stateName":"North Dakota","county":"Burleigh","countyFips":"15","wfo":"","scale":0,"scaleLabel":"F0","lengthMiles":0.5,"widthYards":10,"deaths":0,"injuries":0,"propertyDamage":0,"cropDamage":0,"source":"","dataSource":"PUB"}},{"type":"Feature","geometry":{"type":"LineString","coordinates":[[-101.27,48.95],[-101.27,48.95]]},"properties":{"id":"ncei-1968-10087549","eventId":"10087549","episodeId":"","year":1968,"month":7,"date":"1968-07-07","beginTime":"1968-07-07T17:00:00","endTime":"1968-07-07T17:00:00","timezone":"CST","state":"ND","stateName":"North Dakota","county":"Bottineau","countyFips":"9","wfo":"","scale":1,"scaleLabel":"F1","lengthMiles":0.5,"widthYards":30,"deaths":0,"injuries":0,"propertyDamage":25000,"cropDamage":0,"source":"","dataSource":"PUB"}},{"type":"Feature","geometry":{"type":"LineString","coordinates":[[-98,48.4],[-98,48.4]]},"properties":{"id":"ncei-1968-10087559","eventId":"10087559","episodeId":"","year":1968,"month":7,"date":"1968-07-16","beginTime":"1968-07-16T08:30:00","endTime":"1968-07-16T08:30:00","timezone":"CST","state":"ND","stateName":"North Dakota","county":"Adams","countyFips":"1","wfo":"","scale":0,"scaleLabel":"F0","lengthMiles":0.1,"widthYards":10,"deaths":0,"injuries":0,"propertyDamage":0,"cropDamage":0,"source":"","dataSource":"PUB"}},{"type":"Feature","geometry":{"type":"LineString","coordinates":[[-103,48.7],[-103,48.7]]},"properties":{"id":"ncei-1968-10087565","eventId":"10087565","episodeId":"","year":1968,"month":8,"date":"1968-08-05","beginTime":"1968-08-05T15:00:00","endTime":"1968-08-05T15:00:00","timezone":"CST","state":"ND","stateName":"North Dakota","county":"Walsh","countyFips":"99","wfo":"","scale":1,"scaleLabel":"F1","lengthMiles":0.1,"widthYards":10,"deaths":0,"injuries":0,"propertyDamage":25000,"cropDamage":0,"source":"","dataSource":"PUB"}},{"type":"Feature","geometry":{"type":"LineString","coordinates":[[-97.87,48.3],[-97.87,48.3]]},"properties":{"id":"ncei-1968-10087568","eventId":"10087568","episodeId":"","year":1968,"month":8,"date":"1968-08-18","beginTime":"1968-08-18T17:30:00","endTime":"1968-08-18T17:30:00","timezone":"CST","state":"ND","stateName":"North Dakota","county":"Walsh","countyFips":"99","wfo":"","scale":1,"scaleLabel":"F1","lengthMiles":0.1,"widthYards":30,"deaths":0,"injuries":0,"propertyDamage":2500,"cropDamage":0,"source":"","dataSource":"PUB"}},{"type":"Feature","geometry":{"type":"LineString","coordinates":[[-98.47,47.13],[-98.47,47.15]]},"properties":{"id":"ncei-1968-10087572","eventId":"10087572","episodeId":"","year":1968,"month":8,"date":"1968-08-23","beginTime":"1968-08-23T17:45:00","endTime":"1968-08-23T17:45:00","timezone":"CST","state":"ND","stateName":"North Dakota","county":"Barnes","countyFips":"3","wfo":"","scale":3,"scaleLabel":"F3","lengthMiles":1.1,"widthYards":100,"deaths":0,"injuries":0,"propertyDamage":250000,"cropDamage":0,"source":"","dataSource":"PUB"}},{"type":"Feature","geometry":{"type":"LineString","coordinates":[[-98.47,47.15],[-98.58,47.23]]},"properties":{"id":"ncei-1968-10087573","eventId":"10087573","episodeId":"","year":1968,"month":8,"date":"1968-08-23","beginTime":"1968-08-23T17:50:00","endTime":"1968-08-23T17:50:00","timezone":"CST","state":"ND","stateName":"North Dakota","county":"Stutsman","countyFips":"93","wfo":"","scale":3,"scaleLabel":"F3","lengthMiles":7.4,"widthYards":100,"deaths":0,"injuries":3,"propertyDamage":250000,"cropDamage":0,"source":"","dataSource":"PUB"}},{"type":"Feature","geometry":{"type":"LineString","coordinates":[[-98.37,34.65],[-98.37,34.65]]},"properties":{"id":"ncei-1968-10091873","eventId":"10091873","episodeId":"","year":1968,"month":6,"date":"1968-06-15","beginTime":"1968-06-15T17:20:00","endTime":"1968-06-15T17:20:00","timezone":"CST","state":"OK","stateName":"Oklahoma","county":"Comanche","countyFips":"31","wfo":"","scale":0,"scaleLabel":"F0","lengthMiles":0,"widthYards":33,"deaths":0,"injuries":0,"propertyDamage":0,"cropDamage":0,"source":"","dataSource":"PUB"}},{"type":"Feature","geometry":{"type":"LineString","coordinates":[[-97.6,36.03],[-97.6,36.03]]},"properties":{"id":"ncei-1968-10091877","eventId":"10091877","episodeId":"","year":1968,"month":6,"date":"1968-06-30","beginTime":"1968-06-30T21:25:00","endTime":"1968-06-30T21:25:00","timezone":"CST","state":"OK","stateName":"Oklahoma","county":"Logan","countyFips":"83","wfo":"","scale":2,"scaleLabel":"F2","lengthMiles":2,"widthYards":50,"deaths":0,"injuries":0,"propertyDamage":0,"cropDamage":0,"source":"","dataSource":"PUB"}},{"type":"Feature","geometry":{"type":"LineString","coordinates":[[-97.5,35.53],[-97.5,35.53]]},"properties":{"id":"ncei-1968-10091885","eventId":"10091885","episodeId":"","year":1968,"month":8,"date":"1968-08-10","beginTime":"1968-08-10T16:27:00","endTime":"1968-08-10T16:27:00","timezone":"CST","state":"OK","stateName":"Oklahoma","county":"Oklahoma","countyFips":"109","wfo":"","scale":2,"scaleLabel":"F2","lengthMiles":0.1,"widthYards":50,"deaths":0,"injuries":0,"propertyDamage":25000,"cropDamage":0,"source":"","dataSource":"PUB"}},{"type":"Feature","geometry":{"type":"LineString","coordinates":[[-98.37,34.92],[-98.37,34.92]]},"properties":{"id":"ncei-1968-10091908","eventId":"10091908","episodeId":"","year":1968,"month":12,"date":"1968-12-18","beginTime":"1968-12-18T08:30:00","endTime":"1968-12-18T08:30:00","timezone":"CST","state":"OK","stateName":"Oklahoma","county":"Caddo","countyFips":"15","wfo":"","scale":2,"scaleLabel":"F2","lengthMiles":1.8,"widthYards":300,"deaths":0,"injuries":0,"propertyDamage":25000,"cropDamage":0,"source":"","dataSource":"PUB"}},{"type":"Feature","geometry":{"type":"LineString","coordinates":[[-96,36.35],[-95.93,36.37]]},"properties":{"id":"ncei-1968-10091910","eventId":"10091910","episodeId":"","year":1968,"month":12,"date":"1968-12-18","beginTime":"1968-12-18T13:00:00","endTime":"1968-12-18T13:00:00","timezone":"CST","state":"OK","stateName":"Oklahoma","county":"Tulsa","countyFips":"143","wfo":"","scale":2,"scaleLabel":"F2","lengthMiles":3.8,"widthYards":100,"deaths":0,"injuries":0,"propertyDamage":25000,"cropDamage":0,"source":"","dataSource":"PUB"}},{"type":"Feature","geometry":{"type":"LineString","coordinates":[[-95.8,35.13],[-95.8,35.13]]},"properties":{"id":"ncei-1968-10091911","eventId":"10091911","episodeId":"","year":1968,"month":12,"date":"1968-12-18","beginTime":"1968-12-18T13:05:00","endTime":"1968-12-18T13:05:00","timezone":"CST","state":"OK","stateName":"Oklahoma","county":"Pittsburg","countyFips":"121","wfo":"","scale":1,"scaleLabel":"F1","lengthMiles":0.5,"widthYards":50,"deaths":0,"injuries":0,"propertyDamage":25000,"cropDamage":0,"source":"","dataSource":"PUB"}},{"type":"Feature","geometry":{"type":"LineString","coordinates":[[-95.35,34.92],[-95.3,34.93]]},"properties":{"id":"ncei-1968-10093564","eventId":"10093564","episodeId":"","year":1968,"month":4,"date":"1968-04-22","beginTime":"1968-04-22T17:40:00","endTime":"1968-04-22T17:40:00","timezone":"CST","state":"OK","stateName":"Oklahoma","county":"Latimer","countyFips":"77","wfo":"","scale":1,"scaleLabel":"F1","lengthMiles":3.3,"widthYards":67,"deaths":0,"injuries":1,"propertyDamage":25000,"cropDamage":0,"source":"","dataSource":"PUB"}},{"type":"Feature","geometry":{"type":"LineString","coordinates":[[-98.35,34.65],[-98.35,34.65]]},"properties":{"id":"ncei-1968-10093566","eventId":"10093566","episodeId":"","year":1968,"month":5,"date":"1968-05-02","beginTime":"1968-05-02T19:30:00","endTime":"1968-05-02T19:30:00","timezone":"CST","state":"OK","stateName":"Oklahoma","county":"Comanche","countyFips":"31","wfo":"","scale":1,"scaleLabel":"F1","lengthMiles":0.1,"widthYards":17,"deaths":0,"injuries":0,"propertyDamage":0,"cropDamage":0,"source":"","dataSource":"PUB"}},{"type":"Feature","geometry":{"type":"LineString","coordinates":[[-100.23,36.53],[-100.23,36.53]]},"properties":{"id":"ncei-1968-10093567","eventId":"10093567","episodeId":"","year":1968,"month":5,"date":"1968-05-03","beginTime":"1968-05-03T03:10:00","endTime":"1968-05-03T03:10:00","timezone":"CST","state":"OK","stateName":"Oklahoma","county":"Beaver","countyFips":"7","wfo":"","scale":0,"scaleLabel":"F0","lengthMiles":0,"widthYards":33,"deaths":0,"injuries":0,"propertyDamage":0,"cropDamage":0,"source":"","dataSource":"PUB"}},{"type":"Feature","geometry":{"type":"LineString","coordinates":[[-99.92,34.87],[-99.87,34.92]]},"properties":{"id":"ncei-1968-10094365","eventId":"10094365","episodeId":"","year":1968,"month":5,"date":"1968-05-06","beginTime":"1968-05-06T17:15:00","endTime":"1968-05-06T17:15:00","timezone":"CST","state":"OK","stateName":"Oklahoma","county":"Harmon","countyFips":"57","wfo":"","scale":2,"scaleLabel":"F2","lengthMiles":4.7,"widthYards":33,"deaths":0,"injuries":0,"propertyDamage":250000,"cropDamage":0,"source":"","dataSource":"PUB"}},{"type":"Feature","geometry":{"type":"LineString","coordinates":[[-99.85,34.73],[-99.85,34.73]]},"properties":{"id":"ncei-1968-10094368","eventId":"10094368","episodeId":"","year":1968,"month":5,"date":"1968-05-06","beginTime":"1968-05-06T19:30:00","endTime":"1968-05-06T19:30:00","timezone":"CST","state":"OK","stateName":"Oklahoma","county":"Harmon","countyFips":"57","wfo":"","scale":1,"scaleLabel":"F1","lengthMiles":0,"widthYards":33,"deaths":0,"injuries":0,"propertyDamage":0,"cropDamage":0,"source":"","dataSource":"PUB"}},{"type":"Feature","geometry":{"type":"LineString","coordinates":[[-99.62,34.8],[-99.62,34.8]]},"properties":{"id":"ncei-1968-10094369","eventId":"10094369","episodeId":"","year":1968,"month":5,"date":"1968-05-06","beginTime":"1968-05-06T19:44:00","endTime":"1968-05-06T19:44:00","timezone":"CST","state":"OK","stateName":"Oklahoma","county":"Greer","countyFips":"55","wfo":"","scale":1,"scaleLabel":"F1","lengthMiles":0,"widthYards":33,"deaths":0,"injuries":0,"propertyDamage":0,"cropDamage":0,"source":"","dataSource":"PUB"}},{"type":"Feature","geometry":{"type":"LineString","coordinates":[[-97.67,34.05],[-97.67,34.05]]},"properties":{"id":"ncei-1968-10094376","eventId":"10094376","episodeId":"","year":1968,"month":5,"date":"1968-05-07","beginTime":"1968-05-07T13:15:00","endTime":"1968-05-07T13:15:00","timezone":"CST","state":"OK","stateName":"Oklahoma","county":"Jefferson","countyFips":"67","wfo":"","scale":0,"scaleLabel":"F0","lengthMiles":2,"widthYards":50,"deaths":0,"injuries":0,"propertyDamage":2500,"cropDamage":0,"source":"","dataSource":"PUB"}},{"type":"Feature","geometry":{"type":"LineString","coordinates":[[-94.5,35],[-94.5,35]]},"properties":{"id":"ncei-1968-10094377","eventId":"10094377","episodeId":"","year":1968,"month":5,"date":"1968-05-07","beginTime":"1968-05-07T20:35:00","endTime":"1968-05-07T20:35:00","timezone":"CST","state":"OK","stateName":"Oklahoma","county":"Le Flore","countyFips":"79","wfo":"","scale":0,"scaleLabel":"F0","lengthMiles":0,"widthYards":33,"deaths":0,"injuries":0,"propertyDamage":0,"cropDamage":0,"source":"","dataSource":"PUB"}},{"type":"Feature","geometry":{"type":"LineString","coordinates":[[-97.27,36.82],[-97.27,36.82]]},"properties":{"id":"ncei-1968-10094380","eventId":"10094380","episodeId":"","year":1968,"month":5,"date":"1968-05-08","beginTime":"1968-05-08T17:45:00","endTime":"1968-05-08T17:45:00","timezone":"CST","state":"OK","stateName":"Oklahoma","county":"Kay","countyFips":"71","wfo":"","scale":0,"scaleLabel":"F0","lengthMiles":0,"widthYards":33,"deaths":0,"injuries":0,"propertyDamage":2500,"cropDamage":0,"source":"","dataSource":"PUB"}},{"type":"Feature","geometry":{"type":"LineString","coordinates":[[-97.37,34.83],[-97.37,34.83]]},"properties":{"id":"ncei-1968-10094387","eventId":"10094387","episodeId":"","year":1968,"month":5,"date":"1968-05-13","beginTime":"1968-05-13T12:15:00","endTime":"1968-05-13T12:15:00","timezone":"CST","state":"OK","stateName":"Oklahoma","county":"Garvin","countyFips":"49","wfo":"","scale":1,"scaleLabel":"F1","lengthMiles":1,"widthYards":200,"deaths":0,"injuries":0,"propertyDamage":25000,"cropDamage":0,"source":"","dataSource":"PUB"}},{"type":"Feature","geometry":{"type":"LineString","coordinates":[[-97.25,34.77],[-97.25,34.77]]},"properties":{"id":"ncei-1968-10094389","eventId":"10094389","episodeId":"","year":1968,"month":5,"date":"1968-05-13","beginTime":"1968-05-13T12:45:00","endTime":"1968-05-13T12:45:00","timezone":"CST","state":"OK","stateName":"Oklahoma","county":"Garvin","countyFips":"49","wfo":"","scale":1,"scaleLabel":"F1","lengthMiles":2.5,"widthYards":150,"deaths":0,"injuries":0,"propertyDamage":25000,"cropDamage":0,"source":"","dataSource":"PUB"}},{"type":"Feature","geometry":{"type":"LineString","coordinates":[[-96.85,34.93],[-96.7,35.05]]},"properties":{"id":"ncei-1968-10094391","eventId":"10094391","episodeId":"","year":1968,"month":5,"date":"1968-05-13","beginTime":"1968-05-13T13:45:00","endTime":"1968-05-13T13:45:00","timezone":"CST","state":"OK","stateName":"Oklahoma","county":"Pottawatomie","countyFips":"125","wfo":"","scale":3,"scaleLabel":"F3","lengthMiles":11.6,"widthYards":100,"deaths":0,"injuries":0,"propertyDamage":250000,"cropDamage":0,"source":"","dataSource":"PUB"}},{"type":"Feature","geometry":{"type":"LineString","coordinates":[[-95.75,34.35],[-95.75,34.35]]},"properties":{"id":"ncei-1968-10094393","eventId":"10094393","episodeId":"","year":1968,"month":5,"date":"1968-05-13","beginTime":"1968-05-13T14:30:00","endTime":"1968-05-13T14:30:00","timezone":"CST","state":"OK","stateName":"Oklahoma","county":"Pushmataha","countyFips":"127","wfo":"","scale":1,"scaleLabel":"F1","lengthMiles":0,"widthYards":33,"deaths":0,"injuries":0,"propertyDamage":2500,"cropDamage":0,"source":"","dataSource":"PUB"}},{"type":"Feature","geometry":{"type":"LineString","coordinates":[[-96.55,34.85],[-96.55,34.85]]},"properties":{"id":"ncei-1968-10094395","eventId":"10094395","episodeId":"","year":1968,"month":5,"date":"1968-05-13","beginTime":"1968-05-13T15:00:00","endTime":"1968-05-13T15:00:00","timezone":"CST","state":"OK","stateName":"Oklahoma","county":"Pontotoc","countyFips":"123","wfo":"","scale":0,"scaleLabel":"F0","lengthMiles":0.3,"widthYards":50,"deaths":0,"injuries":0,"propertyDamage":0,"cropDamage":0,"source":"","dataSource":"PUB"}},{"type":"Feature","geometry":{"type":"LineString","coordinates":[[-95.78,35.15],[-95.78,35.15]]},"properties":{"id":"ncei-1968-10094398","eventId":"10094398","episodeId":"","year":1968,"month":5,"date":"1968-05-13","beginTime":"1968-05-13T16:05:00","endTime":"1968-05-13T16:05:00","timezone":"CST","state":"OK","stateName":"Oklahoma","county":"Pittsburg","countyFips":"121","wfo":"","scale":1,"scaleLabel":"F1","lengthMiles":0.3,"widthYards":200,"deaths":0,"injuries":0,"propertyDamage":2500,"cropDamage":0,"source":"","dataSource":"PUB"}},{"type":"Feature","geometry":{"type":"LineString","coordinates":[[-95.37,34.97],[-95.37,34.97]]},"properties":{"id":"ncei-1968-10094402","eventId":"10094402","episodeId":"","year":1968,"month":5,"date":"1968-05-13","beginTime":"1968-05-13T16:35:00","endTime":"1968-05-13T16:35:00","timezone":"CST","state":"OK","stateName":"Oklahoma","county":"Latimer","countyFips":"77","wfo":"","scale":1,"scaleLabel":"F1","lengthMiles":0,"widthYards":33,"deaths":0,"injuries":0,"propertyDamage":0,"cropDamage":0,"source":"","dataSource":"PUB"}},{"type":"Feature","geometry":{"type":"LineString","coordinates":[[-96.8,33.9],[-96.8,33.9]]},"properties":{"id":"ncei-1968-10094403","eventId":"10094403","episodeId":"","year":1968,"month":5,"date":"1968-05-13","beginTime":"1968-05-13T18:20:00","endTime":"1968-05-13T18:20:00","timezone":"CST","state":"OK","stateName":"Oklahoma","county":"Marshall","countyFips":"95","wfo":"","scale":1,"scaleLabel":"F1","lengthMiles":0,"widthYards":33,"deaths":0,"injuries":0,"propertyDamage":25000,"cropDamage":0,"source":"","dataSource":"PUB"}},{"type":"Feature","geometry":{"type":"LineString","coordinates":[[-96.7,33.9],[-96.65,33.93]]},"properties":{"id":"ncei-1968-10094404","eventId":"10094404","episodeId":"","year":1968,"month":5,"date":"1968-05-13","beginTime":"1968-05-13T19:15:00","endTime":"1968-05-13T19:15:00","timezone":"CST","state":"OK","stateName":"Oklahoma","county":"Marshall","countyFips":"95","wfo":"","scale":0,"scaleLabel":"F0","lengthMiles":3.8,"widthYards":33,"deaths":0,"injuries":0,"propertyDamage":25000,"cropDamage":0,"source":"","dataSource":"PUB"}},{"type":"Feature","geometry":{"type":"LineString","coordinates":[[-97.4,34.15],[-97.4,34.15]]},"properties":{"id":"ncei-1968-10094419","eventId":"10094419","episodeId":"","year":1968,"month":5,"date":"1968-05-16","beginTime":"1968-05-16T14:15:00","endTime":"1968-05-16T14:15:00","timezone":"CST","state":"OK","stateName":"Oklahoma","county":"Carter","countyFips":"19","wfo":"","scale":0,"scaleLabel":"F0","lengthMiles":0,"widthYards":33,"deaths":0,"injuries":0,"propertyDamage":0,"cropDamage":0,"source":"","dataSource":"PUB"}},{"type":"Feature","geometry":{"type":"LineString","coordinates":[[-97.15,34.07],[-97.15,34.07]]},"properties":{"id":"ncei-1968-10094421","eventId":"10094421","episodeId":"","year":1968,"month":5,"date":"1968-05-16","beginTime":"1968-05-16T15:15:00","endTime":"1968-05-16T15:15:00","timezone":"CST","state":"OK","stateName":"Oklahoma","county":"Love","countyFips":"85","wfo":"","scale":0,"scaleLabel":"F0","lengthMiles":0,"widthYards":33,"deaths":0,"injuries":0,"propertyDamage":0,"cropDamage":0,"source":"","dataSource":"PUB"}},{"type":"Feature","geometry":{"type":"LineString","coordinates":[[-99.65,35.3],[-99.65,35.3]]},"properties":{"id":"ncei-1968-10094664","eventId":"10094664","episodeId":"","year":1968,"month":4,"date":"1968-04-02","beginTime":"1968-04-02T21:00:00","endTime":"1968-04-02T21:00:00","timezone":"CST","state":"OK","stateName":"Oklahoma","county":"Beckham","countyFips":"9","wfo":"","scale":2,"scaleLabel":"F2","lengthMiles":1.4,"widthYards":33,"deaths":0,"injuries":0,"propertyDamage":25000,"cropDamage":0,"source":"","dataSource":"PUB"}},{"type":"Feature","geometry":{"type":"LineString","coordinates":[[-97.43,36.52],[-97.32,36.53]]},"properties":{"id":"ncei-1968-10094666","eventId":"10094666","episodeId":"","year":1968,"month":4,"date":"1968-04-03","beginTime":"1968-04-03T00:10:00","endTime":"1968-04-03T00:10:00","timezone":"CST","state":"OK","stateName":"Oklahoma","county":"Noble","countyFips":"103","wfo":"","scale":2,"scaleLabel":"F2","lengthMiles":6.5,"widthYards":100,"deaths":0,"injuries":0,"propertyDamage":25000,"cropDamage":0,"source":"","dataSource":"PUB"}},{"type":"Feature","geometry":{"type":"LineString","coordinates":[[-97.27,36.28],[-97.22,36.33]]},"properties":{"id":"ncei-1968-10094667","eventId":"10094667","episodeId":"","year":1968,"month":4,"date":"1968-04-03","beginTime":"1968-04-03T00:15:00","endTime":"1968-04-03T00:15:00","timezone":"CST","state":"OK","stateName":"Oklahoma","county":"Noble","countyFips":"103","wfo":"","scale":2,"scaleLabel":"F2","lengthMiles":4.7,"widthYards":100,"deaths":0,"injuries":1,"propertyDamage":25000,"cropDamage":0,"source":"","dataSource":"PUB"}},{"type":"Feature","geometry":{"type":"LineString","coordinates":[[-97.33,36.65],[-97.18,36.72]]},"properties":{"id":"ncei-1968-10094668","eventId":"10094668","episodeId":"","year":1968,"month":4,"date":"1968-04-03","beginTime":"1968-04-03T00:30:00","endTime":"1968-04-03T00:30:00","timezone":"CST","state":"OK","stateName":"Oklahoma","county":"Kay","countyFips":"71","wfo":"","scale":2,"scaleLabel":"F2","lengthMiles":9.4,"widthYards":100,"deaths":0,"injuries":0,"propertyDamage":25000,"cropDamage":0,"source":"","dataSource":"PUB"}},{"type":"Feature","geometry":{"type":"LineString","coordinates":[[-97.93,36.15],[-97.93,36.15]]},"properties":{"id":"ncei-1968-10094675","eventId":"10094675","episodeId":"","year":1968,"month":4,"date":"1968-04-16","beginTime":"1968-04-16T19:45:00","endTime":"1968-04-16T19:45:00","timezone":"CST","state":"OK","stateName":"Oklahoma","county":"Kingfisher","countyFips":"73","wfo":"","scale":0,"scaleLabel":"F0","lengthMiles":0,"widthYards":33,"deaths":0,"injuries":0,"propertyDamage":0,"cropDamage":0,"source":"","dataSource":"PUB"}},{"type":"Feature","geometry":{"type":"LineString","coordinates":[[-97.4,35.87],[-97.4,35.87]]},"properties":{"id":"ncei-1968-10094679","eventId":"10094679","episodeId":"","year":1968,"month":4,"date":"1968-04-16","beginTime":"1968-04-16T22:15:00","endTime":"1968-04-16T22:15:00","timezone":"CST","state":"OK","stateName":"Oklahoma","county":"Logan","countyFips":"83","wfo":"","scale":2,"scaleLabel":"F2","lengthMiles":0.3,"widthYards":50,"deaths":0,"injuries":3,"propertyDamage":250000,"cropDamage":0,"source":"","dataSource":"PUB"}},{"type":"Feature","geometry":{"type":"LineString","coordinates":[[-95.87,34.27],[-95.78,34.23]]},"properties":{"id":"ncei-1968-10094683","eventId":"10094683","episodeId":"","year":1968,"month":4,"date":"1968-04-19","beginTime":"1968-04-19T12:15:00","endTime":"1968-04-19T12:15:00","timezone":"CST","state":"OK","stateName":"Oklahoma","county":"Atoka","countyFips":"5","wfo":"","scale":1,"scaleLabel":"F1","lengthMiles":5.4,"widthYards":150,"deaths":0,"injuries":3,"propertyDamage":25000,"cropDamage":0,"source":"","dataSource":"PUB"}},{"type":"Feature","geometry":{"type":"LineString","coordinates":[[-94.65,34.97],[-94.65,34.97]]},"properties":{"id":"ncei-1968-10094685","eventId":"10094685","episodeId":"","year":1968,"month":4,"date":"1968-04-19","beginTime":"1968-04-19T14:30:00","endTime":"1968-04-19T14:30:00","timezone":"CST","state":"OK","stateName":"Oklahoma","county":"Le Flore","countyFips":"79","wfo":"","scale":2,"scaleLabel":"F2","lengthMiles":1,"widthYards":100,"deaths":0,"injuries":1,"propertyDamage":25000,"cropDamage":0,"source":"","dataSource":"PUB"}},{"type":"Feature","geometry":{"type":"LineString","coordinates":[[-97.7,35.2],[-97.7,35.2]]},"properties":{"id":"ncei-1968-10094687","eventId":"10094687","episodeId":"","year":1968,"month":4,"date":"1968-04-19","beginTime":"1968-04-19T15:45:00","endTime":"1968-04-19T15:45:00","timezone":"CST","state":"OK","stateName":"Oklahoma","county":"Grady","countyFips":"51","wfo":"","scale":1,"scaleLabel":"F1","lengthMiles":0,"widthYards":33,"deaths":0,"injuries":0,"propertyDamage":2500,"cropDamage":0,"source":"","dataSource":"PUB"}},{"type":"Feature","geometry":{"type":"LineString","coordinates":[[-96.73,35.28],[-96.67,35.37]]},"properties":{"id":"ncei-1968-10094688","eventId":"10094688","episodeId":"","year":1968,"month":4,"date":"1968-04-19","beginTime":"1968-04-19T15:45:00","endTime":"1968-04-19T15:45:00","timezone":"CST","state":"OK","stateName":"Oklahoma","county":"Seminole","countyFips":"133","wfo":"","scale":3,"scaleLabel":"F3","lengthMiles":6.6,"widthYards":150,"deaths":0,"injuries":0,"propertyDamage":25000,"cropDamage":0,"source":"","dataSource":"PUB"}},{"type":"Feature","geometry":{"type":"LineString","coordinates":[[-97.2,36.75],[-97.2,36.75]]},"properties":{"id":"ncei-1968-10094689","eventId":"10094689","episodeId":"","year":1968,"month":4,"date":"1968-04-19","beginTime":"1968-04-19T16:00:00","endTime":"1968-04-19T16:00:00","timezone":"CST","state":"OK","stateName":"Oklahoma","county":"Kay","countyFips":"71","wfo":"","scale":1,"scaleLabel":"F1","lengthMiles":0.5,"widthYards":50,"deaths":0,"injuries":0,"propertyDamage":2500,"cropDamage":0,"source":"","dataSource":"PUB"}},{"type":"Feature","geometry":{"type":"LineString","coordinates":[[-96.67,34.83],[-96.63,34.87]]},"properties":{"id":"ncei-1968-10094690","eventId":"10094690","episodeId":"","year":1968,"month":4,"date":"1968-04-19","beginTime":"1968-04-19T16:58:00","endTime":"1968-04-19T16:58:00","timezone":"CST","state":"OK","stateName":"Oklahoma","county":"Pontotoc","countyFips":"123","wfo":"","scale":2,"scaleLabel":"F2","lengthMiles":3.3,"widthYards":27,"deaths":0,"injuries":2,"propertyDamage":25000,"cropDamage":0,"source":"","dataSource":"PUB"}},{"type":"Feature","geometry":{"type":"LineString","coordinates":[[-97.53,35.88],[-97.53,35.88]]},"properties":{"id":"ncei-1968-10094693","eventId":"10094693","episodeId":"","year":1968,"month":4,"date":"1968-04-21","beginTime":"1968-04-21T04:00:00","endTime":"1968-04-21T04:00:00","timezone":"CST","state":"OK","stateName":"Oklahoma","county":"Logan","countyFips":"83","wfo":"","scale":1,"scaleLabel":"F1","lengthMiles":0.2,"widthYards":100,"deaths":0,"injuries":0,"propertyDamage":25000,"cropDamage":0,"source":"","dataSource":"PUB"}},{"type":"Feature","geometry":{"type":"LineString","coordinates":[[-97.72,36.15],[-97.72,36.15]]},"properties":{"id":"ncei-1968-10094697","eventId":"10094697","episodeId":"","year":1968,"month":4,"date":"1968-04-21","beginTime":"1968-04-21T17:20:00","endTime":"1968-04-21T17:20:00","timezone":"CST","state":"OK","stateName":"Oklahoma","county":"Kingfisher","countyFips":"73","wfo":"","scale":1,"scaleLabel":"F1","lengthMiles":0,"widthYards":33,"deaths":0,"injuries":0,"propertyDamage":0,"cropDamage":0,"source":"","dataSource":"PUB"}},{"type":"Feature","geometry":{"type":"LineString","coordinates":[[-99.08,35.02],[-99.08,35.02]]},"properties":{"id":"ncei-1968-10094702","eventId":"10094702","episodeId":"","year":1968,"month":4,"date":"1968-04-22","beginTime":"1968-04-22T14:00:00","endTime":"1968-04-22T14:00:00","timezone":"CST","state":"OK","stateName":"Oklahoma","county":"Kiowa","countyFips":"75","wfo":"","scale":0,"scaleLabel":"F0","lengthMiles":0,"widthYards":33,"deaths":0,"injuries":0,"propertyDamage":0,"cropDamage":0,"source":"","dataSource":"PUB"}},{"type":"Feature","geometry":{"type":"LineString","coordinates":[[-97.4,35.43],[-97.4,35.43]]},"properties":{"id":"ncei-1968-10094711","eventId":"10094711","episodeId":"","year":1968,"month":4,"date":"1968-04-22","beginTime":"1968-04-22T15:50:00","endTime":"1968-04-22T15:50:00","timezone":"CST","state":"OK","stateName":"Oklahoma","county":"Oklahoma","countyFips":"109","wfo":"","scale":2,"scaleLabel":"F2","lengthMiles":0.1,"widthYards":17,"deaths":0,"injuries":1,"propertyDamage":250000,"cropDamage":0,"source":"","dataSource":"PUB"}},{"type":"Feature","geometry":{"type":"LineString","coordinates":[[-98.35,34.18],[-98.35,34.18]]},"properties":{"id":"ncei-1968-10095011","eventId":"10095011","episodeId":"","year":1968,"month":5,"date":"1968-05-16","beginTime":"1968-05-16T16:43:00","endTime":"1968-05-16T16:43:00","timezone":"CST","state":"OK","stateName":"Oklahoma","county":"Cotton","countyFips":"33","wfo":"","scale":0,"scaleLabel":"F0","lengthMiles":0,"widthYards":33,"deaths":0,"injuries":0,"propertyDamage":0,"cropDamage":0,"source":"","dataSource":"PUB"}},{"type":"Feature","geometry":{"type":"LineString","coordinates":[[-97.2,33.93],[-97.2,33.93]]},"properties":{"id":"ncei-1968-10095013","eventId":"10095013","episodeId":"","year":1968,"month":5,"date":"1968-05-16","beginTime":"1968-05-16T17:45:00","endTime":"1968-05-16T17:45:00","timezone":"CST","state":"OK","stateName":"Oklahoma","county":"Love","countyFips":"85","wfo":"","scale":1,"scaleLabel":"F1","lengthMiles":0,"widthYards":33,"deaths":0,"injuries":0,"propertyDamage":0,"cropDamage":0,"source":"","dataSource":"PUB"}},{"type":"Feature","geometry":{"type":"LineString","coordinates":[[-97.58,34.27],[-97.58,34.27]]},"properties":{"id":"ncei-1968-10095014","eventId":"10095014","episodeId":"","year":1968,"month":5,"date":"1968-05-16","beginTime":"1968-05-16T18:00:00","endTime":"1968-05-16T18:00:00","timezone":"CST","state":"OK","stateName":"Oklahoma","county":"Jefferson","countyFips":"67","wfo":"","scale":0,"scaleLabel":"F0","lengthMiles":0,"widthYards":33,"deaths":0,"injuries":0,"propertyDamage":0,"cropDamage":0,"source":"","dataSource":"PUB"}},{"type":"Feature","geometry":{"type":"LineString","coordinates":[[-97.37,36.92],[-97.17,36.9]]},"properties":{"id":"ncei-1968-10095240","eventId":"10095240","episodeId":"","year":1968,"month":5,"date":"1968-05-22","beginTime":"1968-05-22T20:30:00","endTime":"1968-05-22T20:30:00","timezone":"CST","state":"OK","stateName":"Oklahoma","county":"Kay","countyFips":"71","wfo":"","scale":2,"scaleLabel":"F2","lengthMiles":11.1,"widthYards":100,"deaths":0,"injuries":0,"propertyDamage":25000,"cropDamage":0,"source":"","dataSource":"PUB"}},{"type":"Feature","geometry":{"type":"LineString","coordinates":[[-94.93,36.97],[-94.93,36.97]]},"properties":{"id":"ncei-1968-10095242","eventId":"10095242","episodeId":"","year":1968,"month":5,"date":"1968-05-23","beginTime":"1968-05-23T00:30:00","endTime":"1968-05-23T00:30:00","timezone":"CST","state":"OK","stateName":"Oklahoma","county":"Ottawa","countyFips":"115","wfo":"","scale":1,"scaleLabel":"F1","lengthMiles":0,"widthYards":33,"deaths":0,"injuries":0,"propertyDamage":2500,"cropDamage":0,"source":"","dataSource":"PUB"}},{"type":"Feature","geometry":{"type":"LineString","coordinates":[[-94.8,35.45],[-94.8,35.45]]},"properties":{"id":"ncei-1968-10095261","eventId":"10095261","episodeId":"","year":1968,"month":5,"date":"1968-05-25","beginTime":"1968-05-25T08:30:00","endTime":"1968-05-25T08:30:00","timezone":"CST","state":"OK","stateName":"Oklahoma","county":"Sequoyah","countyFips":"135","wfo":"","scale":2,"scaleLabel":"F2","lengthMiles":2,"widthYards":33,"deaths":0,"injuries":1,"propertyDamage":25000,"cropDamage":0,"source":"","dataSource":"PUB"}},{"type":"Feature","geometry":{"type":"LineString","coordinates":[[-98.37,34.58],[-98.37,34.58]]},"properties":{"id":"ncei-1968-10095273","eventId":"10095273","episodeId":"","year":1968,"month":5,"date":"1968-05-29","beginTime":"1968-05-29T21:25:00","endTime":"1968-05-29T21:25:00","timezone":"CST","state":"OK","stateName":"Oklahoma","county":"Comanche","countyFips":"31","wfo":"","scale":0,"scaleLabel":"F0","lengthMiles":0,"widthYards":33,"deaths":0,"injuries":0,"propertyDamage":0,"cropDamage":0,"source":"","dataSource":"PUB"}},{"type":"Feature","geometry":{"type":"LineString","coordinates":[[-94.6,36.1],[-94.55,36.13]]},"properties":{"id":"ncei-1968-10095286","eventId":"10095286","episodeId":"","year":1968,"month":6,"date":"1968-06-01","beginTime":"1968-06-01T14:15:00","endTime":"1968-06-01T14:15:00","timezone":"CST","state":"OK","stateName":"Oklahoma","county":"Adair","countyFips":"1","wfo":"","scale":2,"scaleLabel":"F2","lengthMiles":3.6,"widthYards":200,"deaths":0,"injuries":0,"propertyDamage":25000,"cropDamage":0,"source":"","dataSource":"PUB"}},{"type":"Feature","geometry":{"type":"LineString","coordinates":[[-98.05,35.05],[-98.05,35.05]]},"properties":{"id":"ncei-1968-10095287","eventId":"10095287","episodeId":"","year":1968,"month":6,"date":"1968-06-05","beginTime":"1968-06-05T18:18:00","endTime":"1968-06-05T18:18:00","timezone":"CST","state":"OK","stateName":"Oklahoma","county":"Grady","countyFips":"51","wfo":"","scale":0,"scaleLabel":"F0","lengthMiles":0,"widthYards":10,"deaths":0,"injuries":0,"propertyDamage":0,"cropDamage":0,"source":"","dataSource":"PUB"}},{"type":"Feature","geometry":{"type":"LineString","coordinates":[[-100.83,36.83],[-100.83,36.83]]},"properties":{"id":"ncei-1968-10095290","eventId":"10095290","episodeId":"","year":1968,"month":6,"date":"1968-06-08","beginTime":"1968-06-08T17:30:00","endTime":"1968-06-08T17:30:00","timezone":"CST","state":"OK","stateName":"Oklahoma","county":"Beaver","countyFips":"7","wfo":"","scale":2,"scaleLabel":"F2","lengthMiles":0.8,"widthYards":33,"deaths":0,"injuries":0,"propertyDamage":2500,"cropDamage":0,"source":"","dataSource":"PUB"}},{"type":"Feature","geometry":{"type":"LineString","coordinates":[[-99.9,36.47],[-99.9,36.47]]},"properties":{"id":"ncei-1968-10095291","eventId":"10095291","episodeId":"","year":1968,"month":6,"date":"1968-06-09","beginTime":"1968-06-09T15:30:00","endTime":"1968-06-09T15:30:00","timezone":"CST","state":"OK","stateName":"Oklahoma","county":"Ellis","countyFips":"45","wfo":"","scale":0,"scaleLabel":"F0","lengthMiles":0,"widthYards":33,"deaths":0,"injuries":0,"propertyDamage":0,"cropDamage":0,"source":"","dataSource":"PUB"}},{"type":"Feature","geometry":{"type":"LineString","coordinates":[[-99.77,36.73],[-99.77,36.73]]},"properties":{"id":"ncei-1968-10095293","eventId":"10095293","episodeId":"","year":1968,"month":6,"date":"1968-06-09","beginTime":"1968-06-09T16:20:00","endTime":"1968-06-09T16:20:00","timezone":"CST","state":"OK","stateName":"Oklahoma","county":"Harper","countyFips":"59","wfo":"","scale":1,"scaleLabel":"F1","lengthMiles":0,"widthYards":33,"deaths":0,"injuries":0,"propertyDamage":0,"cropDamage":0,"source":"","dataSource":"PUB"}},{"type":"Feature","geometry":{"type":"LineString","coordinates":[[-101.8,36.58],[-101.8,36.58]]},"properties":{"id":"ncei-1968-10095297","eventId":"10095297","episodeId":"","year":1968,"month":6,"date":"1968-06-09","beginTime":"1968-06-09T18:15:00","endTime":"1968-06-09T18:15:00","timezone":"CST","state":"OK","stateName":"Oklahoma","county":"Texas","countyFips":"139","wfo":"","scale":0,"scaleLabel":"F0","lengthMiles":0,"widthYards":33,"deaths":0,"injuries":0,"propertyDamage":0,"cropDamage":0,"source":"","dataSource":"PUB"}},{"type":"Feature","geometry":{"type":"LineString","coordinates":[[-99.8,35.83],[-99.8,35.83]]},"properties":{"id":"ncei-1968-10095299","eventId":"10095299","episodeId":"","year":1968,"month":6,"date":"1968-06-09","beginTime":"1968-06-09T20:00:00","endTime":"1968-06-09T20:00:00","timezone":"CST","state":"OK","stateName":"Oklahoma","county":"Roger Mills","countyFips":"129","wfo":"","scale":2,"scaleLabel":"F2","lengthMiles":0,"widthYards":33,"deaths":0,"injuries":2,"propertyDamage":25000,"cropDamage":0,"source":"","dataSource":"PUB"}},{"type":"Feature","geometry":{"type":"LineString","coordinates":[[-117.33,45.83],[-117.15,45.9]]},"properties":{"id":"ncei-1968-10103774","eventId":"10103774","episodeId":"","year":1968,"month":6,"date":"1968-06-11","beginTime":"1968-06-11T18:00:00","endTime":"1968-06-11T18:00:00","timezone":"CST","state":"OR","stateName":"Oregon","county":"Wallowa","countyFips":"63","wfo":"","scale":2,"scaleLabel":"F2","lengthMiles":9.6,"widthYards":880,"deaths":0,"injuries":0,"propertyDamage":25000000,"cropDamage":0,"source":"","dataSource":"PUB"}},{"type":"Feature","geometry":{"type":"LineString","coordinates":[[-122.03,45.47],[-122.03,45.47]]},"properties":{"id":"ncei-1968-10103777","eventId":"10103777","episodeId":"","year":1968,"month":10,"date":"1968-10-13","beginTime":"1968-10-13T15:00:00","endTime":"1968-10-13T15:00:00","timezone":"CST","state":"OR","stateName":"Oregon","county":"Washington","countyFips":"67","wfo":"","scale":0,"scaleLabel":"F0","lengthMiles":0.1,"widthYards":13,"deaths":0,"injuries":0,"propertyDamage":0,"cropDamage":0,"source":"","dataSource":"PUB"}},{"type":"Feature","geometry":{"type":"LineString","coordinates":[[-97.3,44.9],[-97.3,44.9]]},"properties":{"id":"ncei-1968-10110364","eventId":"10110364","episodeId":"","year":1968,"month":4,"date":"1968-04-27","beginTime":"1968-04-27T12:30:00","endTime":"1968-04-27T12:30:00","timezone":"CST","state":"SD","stateName":"South Dakota","county":"Codington","countyFips":"29","wfo":"","scale":-1,"scaleLabel":"Unknown","lengthMiles":0,"widthYards":33,"deaths":0,"injuries":0,"propertyDamage":0,"cropDamage":0,"source":"","dataSource":"PUB"}},{"type":"Feature","geometry":{"type":"LineString","coordinates":[[-97.63,45.83],[-97.57,45.88]]},"properties":{"id":"ncei-1968-10110365","eventId":"10110365","episodeId":"","year":1968,"month":6,"date":"1968-06-09","beginTime":"1968-06-09T16:00:00","endTime":"1968-06-09T16:00:00","timezone":"CST","state":"SD","stateName":"South Dakota","county":"Marshall","countyFips":"91","wfo":"","scale":2,"scaleLabel":"F2","lengthMiles":3.8,"widthYards":283,"deaths":0,"injuries":1,"propertyDamage":250000,"cropDamage":0,"source":"","dataSource":"PUB"}},{"type":"Feature","geometry":{"type":"LineString","coordinates":[[-96.9,42.7],[-96.9,42.7]]},"properties":{"id":"ncei-1968-10110370","eventId":"10110370","episodeId":"","year":1968,"month":6,"date":"1968-06-13","beginTime":"1968-06-13T17:20:00","endTime":"1968-06-13T17:20:00","timezone":"CST","state":"SD","stateName":"South Dakota","county":"Clay","countyFips":"27","wfo":"","scale":-1,"scaleLabel":"Unknown","lengthMiles":0,"widthYards":33,"deaths":0,"injuries":0,"propertyDamage":0,"cropDamage":0,"source":"","dataSource":"PUB"}},{"type":"Feature","geometry":{"type":"LineString","coordinates":[[-102.18,45.78],[-102.18,45.78]]},"properties":{"id":"ncei-1968-10110372","eventId":"10110372","episodeId":"","year":1968,"month":6,"date":"1968-06-20","beginTime":"1968-06-20T19:00:00","endTime":"1968-06-20T19:00:00","timezone":"CST","state":"SD","stateName":"South Dakota","county":"Perkins","countyFips":"105","wfo":"","scale":2,"scaleLabel":"F2","lengthMiles":0,"widthYards":33,"deaths":0,"injuries":0,"propertyDamage":0,"cropDamage":0,"source":"","dataSource":"PUB"}},{"type":"Feature","geometry":{"type":"LineString","coordinates":[[-103.93,44.18],[-103.72,44.07]]},"properties":{"id":"ncei-1968-10110373","eventId":"10110373","episodeId":"","year":1968,"month":6,"date":"1968-06-20","beginTime":"1968-06-20T20:00:00","endTime":"1968-06-20T20:00:00","timezone":"CST","state":"SD","stateName":"South Dakota","county":"Lawrence","countyFips":"81","wfo":"","scale":2,"scaleLabel":"F2","lengthMiles":13.1,"widthYards":100,"deaths":0,"injuries":0,"propertyDamage":0,"cropDamage":0,"source":"","dataSource":"PUB"}},{"type":"Feature","geometry":{"type":"LineString","coordinates":[[-100.22,45.53],[-100.03,45.5]]},"properties":{"id":"ncei-1968-10110377","eventId":"10110377","episodeId":"","year":1968,"month":6,"date":"1968-06-20","beginTime":"1968-06-20T22:00:00","endTime":"1968-06-20T22:00:00","timezone":"CST","state":"SD","stateName":"South Dakota","county":"Walworth","countyFips":"129","wfo":"","scale":3,"scaleLabel":"F3","lengthMiles":8.8,"widthYards":200,"deaths":0,"injuries":0,"propertyDamage":0,"cropDamage":0,"source":"","dataSource":"PUB"}},{"type":"Feature","geometry":{"type":"LineString","coordinates":[[-100.03,45.5],[-100.03,45.5]]},"properties":{"id":"ncei-1968-10110378","eventId":"10110378","episodeId":"","year":1968,"month":6,"date":"1968-06-20","beginTime":"1968-06-20T22:00:00","endTime":"1968-06-20T22:00:00","timezone":"CST","state":"SD","stateName":"South Dakota","county":"Walworth","countyFips":"129","wfo":"","scale":3,"scaleLabel":"F3","lengthMiles":0,"widthYards":33,"deaths":0,"injuries":0,"propertyDamage":0,"cropDamage":0,"source":"","dataSource":"PUB"}},{"type":"Feature","geometry":{"type":"LineString","coordinates":[[-99.43,43.38],[-98.97,43.73]]},"properties":{"id":"ncei-1968-10110380","eventId":"10110380","episodeId":"","year":1968,"month":6,"date":"1968-06-20","beginTime":"1968-06-20T22:30:00","endTime":"1968-06-20T22:30:00","timezone":"CST","state":"SD","stateName":"South Dakota","county":"Gregory","countyFips":"53","wfo":"","scale":2,"scaleLabel":"F2","lengthMiles":33.5,"widthYards":33,"deaths":0,"injuries":0,"propertyDamage":0,"cropDamage":0,"source":"","dataSource":"PUB"}},{"type":"Feature","geometry":{"type":"LineString","coordinates":[[-100.4,44.37],[-100.4,44.37]]},"properties":{"id":"ncei-1968-10110381","eventId":"10110381","episodeId":"","year":1968,"month":6,"date":"1968-06-20","beginTime":"1968-06-20T22:30:00","endTime":"1968-06-20T22:30:00","timezone":"CST","state":"SD","stateName":"South Dakota","county":"Stanley","countyFips":"117","wfo":"","scale":2,"scaleLabel":"F2","lengthMiles":0,"widthYards":33,"deaths":0,"injuries":0,"propertyDamage":0,"cropDamage":0,"source":"","dataSource":"PUB"}},{"type":"Feature","geometry":{"type":"LineString","coordinates":[[-96.6,45.2],[-96.6,45.2]]},"properties":{"id":"ncei-1968-10111180","eventId":"10111180","episodeId":"","year":1968,"month":7,"date":"1968-07-12","beginTime":"1968-07-12T17:45:00","endTime":"1968-07-12T17:45:00","timezone":"CST","state":"SD","stateName":"South Dakota","county":"Grant","countyFips":"51","wfo":"","scale":0,"scaleLabel":"F0","lengthMiles":0,"widthYards":33,"deaths":0,"injuries":0,"propertyDamage":0,"cropDamage":0,"source":"","dataSource":"PUB"}},{"type":"Feature","geometry":{"type":"LineString","coordinates":[[-98.8,45.8],[-98.8,45.8]]},"properties":{"id":"ncei-1968-10111186","eventId":"10111186","episodeId":"","year":1968,"month":7,"date":"1968-07-16","beginTime":"1968-07-16T15:36:00","endTime":"1968-07-16T15:36:00","timezone":"CST","state":"SD","stateName":"South Dakota","county":"Codington","countyFips":"29","wfo":"","scale":-1,"scaleLabel":"Unknown","lengthMiles":0,"widthYards":33,"deaths":0,"injuries":0,"propertyDamage":0,"cropDamage":0,"source":"","dataSource":"PUB"}},{"type":"Feature","geometry":{"type":"LineString","coordinates":[[-100.3,44.4],[-100.3,44.4]]},"properties":{"id":"ncei-1968-10111202","eventId":"10111202","episodeId":"","year":1968,"month":8,"date":"1968-08-04","beginTime":"1968-08-04T20:30:00","endTime":"1968-08-04T20:30:00","timezone":"CST","state":"SD","stateName":"South Dakota","county":"Hughes","countyFips":"65","wfo":"","scale":-1,"scaleLabel":"Unknown","lengthMiles":0,"widthYards":33,"deaths":0,"injuries":0,"propertyDamage":0,"cropDamage":0,"source":"","dataSource":"PUB"}},{"type":"Feature","geometry":{"type":"LineString","coordinates":[[-100,44.7],[-100,44.7]]},"properties":{"id":"ncei-1968-10111203","eventId":"10111203","episodeId":"","year":1968,"month":8,"date":"1968-08-04","beginTime":"1968-08-04T21:15:00","endTime":"1968-08-04T21:15:00","timezone":"CST","state":"SD","stateName":"South Dakota","county":"Sully","countyFips":"119","wfo":"","scale":0,"scaleLabel":"F0","lengthMiles":0,"widthYards":33,"deaths":0,"injuries":0,"propertyDamage":0,"cropDamage":0,"source":"","dataSource":"PUB"}},{"type":"Feature","geometry":{"type":"LineString","coordinates":[[-99.53,44.62],[-99.58,44.67]]},"properties":{"id":"ncei-1968-10111204","eventId":"10111204","episodeId":"","year":1968,"month":8,"date":"1968-08-05","beginTime":"1968-08-05T22:00:00","endTime":"1968-08-05T22:00:00","timezone":"CST","state":"SD","stateName":"South Dakota","county":"Hyde","countyFips":"69","wfo":"","scale":1,"scaleLabel":"F1","lengthMiles":3.6,"widthYards":880,"deaths":0,"injuries":0,"propertyDamage":25000,"cropDamage":0,"source":"","dataSource":"PUB"}},{"type":"Feature","geometry":{"type":"LineString","coordinates":[[-101.1,45.4],[-101.1,45.4]]},"properties":{"id":"ncei-1968-10111207","eventId":"10111207","episodeId":"","year":1968,"month":8,"date":"1968-08-06","beginTime":"1968-08-06T19:30:00","endTime":"1968-08-06T19:30:00","timezone":"CST","state":"SD","stateName":"South Dakota","county":"Dewey","countyFips":"41","wfo":"","scale":-1,"scaleLabel":"Unknown","lengthMiles":0,"widthYards":33,"deaths":0,"injuries":0,"propertyDamage":0,"cropDamage":0,"source":"","dataSource":"PUB"}},{"type":"Feature","geometry":{"type":"LineString","coordinates":[[-99.78,43.62],[-99.65,43.72]]},"properties":{"id":"ncei-1968-10111212","eventId":"10111212","episodeId":"","year":1968,"month":9,"date":"1968-09-15","beginTime":"1968-09-15T15:00:00","endTime":"1968-09-15T15:00:00","timezone":"CST","state":"SD","stateName":"South Dakota","county":"Tripp","countyFips":"123","wfo":"","scale":1,"scaleLabel":"F1","lengthMiles":9.2,"widthYards":1760,"deaths":0,"injuries":0,"propertyDamage":25000,"cropDamage":0,"source":"","dataSource":"PUB"}},{"type":"Feature","geometry":{"type":"LineString","coordinates":[[-78.78,33.77],[-78.78,33.77]]},"properties":{"id":"ncei-1968-10112589","eventId":"10112589","episodeId":"","year":1968,"month":3,"date":"1968-03-12","beginTime":"1968-03-12T17:00:00","endTime":"1968-03-12T17:00:00","timezone":"CST","state":"SC","stateName":"South Carolina","county":"Horry","countyFips":"51","wfo":"","scale":0,"scaleLabel":"F0","lengthMiles":0.2,"widthYards":7,"deaths":0,"injuries":0,"propertyDamage":0,"cropDamage":0,"source":"","dataSource":"PUB"}},{"type":"Feature","geometry":{"type":"LineString","coordinates":[[-82.5,34.63],[-82.5,34.63]]},"properties":{"id":"ncei-1968-10112590","eventId":"10112590","episodeId":"","year":1968,"month":3,"date":"1968-03-22","beginTime":"1968-03-22T16:30:00","endTime":"1968-03-22T16:30:00","timezone":"CST","state":"SC","stateName":"South Carolina","county":"Anderson","countyFips":"7","wfo":"","scale":1,"scaleLabel":"F1","lengthMiles":0.3,"widthYards":13,"deaths":0,"injuries":0,"propertyDamage":2500,"cropDamage":0,"source":"","dataSource":"PUB"}},{"type":"Feature","geometry":{"type":"LineString","coordinates":[[-81.97,35.02],[-81.97,35.02]]},"properties":{"id":"ncei-1968-10112592","eventId":"10112592","episodeId":"","year":1968,"month":3,"date":"1968-03-22","beginTime":"1968-03-22T17:30:00","endTime":"1968-03-22T17:30:00","timezone":"CST","state":"SC","stateName":"South Carolina","county":"Spartanburg","countyFips":"83","wfo":"","scale":1,"scaleLabel":"F1","lengthMiles":0.5,"widthYards":13,"deaths":0,"injuries":0,"propertyDamage":2500,"cropDamage":0,"source":"","dataSource":"PUB"}},{"type":"Feature","geometry":{"type":"LineString","coordinates":[[-98.85,43.48],[-98.45,43.6]]},"properties":{"id":"ncei-1968-10112651","eventId":"10112651","episodeId":"","year":1968,"month":6,"date":"1968-06-20","beginTime":"1968-06-20T22:45:00","endTime":"1968-06-20T22:45:00","timezone":"CST","state":"SD","stateName":"South Dakota","county":"Charles Mix","countyFips":"23","wfo":"","scale":2,"scaleLabel":"F2","lengthMiles":21.4,"widthYards":33,"deaths":0,"injuries":0,"propertyDamage":0,"cropDamage":0,"source":"","dataSource":"PUB"}},{"type":"Feature","geometry":{"type":"LineString","coordinates":[[-97.98,43.68],[-97.78,43.65]]},"properties":{"id":"ncei-1968-10112653","eventId":"10112653","episodeId":"","year":1968,"month":6,"date":"1968-06-20","beginTime":"1968-06-20T23:00:00","endTime":"1968-06-20T23:00:00","timezone":"CST","state":"SD","stateName":"South Dakota","county":"Davison","countyFips":"35","wfo":"","scale":3,"scaleLabel":"F3","lengthMiles":9.9,"widthYards":2667,"deaths":0,"injuries":0,"propertyDamage":0,"cropDamage":0,"source":"","dataSource":"PUB"}},{"type":"Feature","geometry":{"type":"LineString","coordinates":[[-96.47,44.4],[-96.13,44.37]]},"properties":{"id":"ncei-1968-10112657","eventId":"10112657","episodeId":"","year":1968,"month":6,"date":"1968-06-21","beginTime":"1968-06-21T00:30:00","endTime":"1968-06-21T00:30:00","timezone":"CST","state":"SD","stateName":"South Dakota","county":"Lincoln","countyFips":"83","wfo":"","scale":2,"scaleLabel":"F2","lengthMiles":16.4,"widthYards":30,"deaths":0,"injuries":1,"propertyDamage":0,"cropDamage":0,"source":"","dataSource":"PUB"}},{"type":"Feature","geometry":{"type":"LineString","coordinates":[[-100.18,43.38],[-100.18,43.38]]},"properties":{"id":"ncei-1968-10112663","eventId":"10112663","episodeId":"","year":1968,"month":6,"date":"1968-06-29","beginTime":"1968-06-29T20:00:00","endTime":"1968-06-29T20:00:00","timezone":"CST","state":"SD","stateName":"South Dakota","county":"Tripp","countyFips":"123","wfo":"","scale":1,"scaleLabel":"F1","lengthMiles":0,"widthYards":33,"deaths":0,"injuries":0,"propertyDamage":0,"cropDamage":0,"source":"","dataSource":"PUB"}},{"type":"Feature","geometry":{"type":"LineString","coordinates":[[-100.07,43.53],[-100.07,43.53]]},"properties":{"id":"ncei-1968-10112664","eventId":"10112664","episodeId":"","year":1968,"month":6,"date":"1968-06-29","beginTime":"1968-06-29T20:45:00","endTime":"1968-06-29T20:45:00","timezone":"CST","state":"SD","stateName":"South Dakota","county":"Tripp","countyFips":"123","wfo":"","scale":1,"scaleLabel":"F1","lengthMiles":0,"widthYards":33,"deaths":0,"injuries":0,"propertyDamage":0,"cropDamage":0,"source":"","dataSource":"PUB"}},{"type":"Feature","geometry":{"type":"LineString","coordinates":[[-80.2,34.2],[-80.2,34.2]]},"properties":{"id":"ncei-1968-10112813","eventId":"10112813","episodeId":"","year":1968,"month":5,"date":"1968-05-17","beginTime":"1968-05-17T16:00:00","endTime":"1968-05-17T16:00:00","timezone":"CST","state":"SC","stateName":"South Carolina","county":"Darlington","countyFips":"31","wfo":"","scale":2,"scaleLabel":"F2","lengthMiles":1,"widthYards":20,"deaths":0,"injuries":1,"propertyDamage":2500,"cropDamage":0,"source":"","dataSource":"PUB"}},{"type":"Feature","geometry":{"type":"LineString","coordinates":[[-79.73,32.8],[-79.73,32.8]]},"properties":{"id":"ncei-1968-10112815","eventId":"10112815","episodeId":"","year":1968,"month":6,"date":"1968-06-07","beginTime":"1968-06-07T13:25:00","endTime":"1968-06-07T13:25:00","timezone":"CST","state":"SC","stateName":"South Carolina","county":"Charleston","countyFips":"19","wfo":"","scale":-1,"scaleLabel":"Unknown","lengthMiles":0,"widthYards":33,"deaths":0,"injuries":0,"propertyDamage":0,"cropDamage":0,"source":"","dataSource":"PUB"}},{"type":"Feature","geometry":{"type":"LineString","coordinates":[[-78.72,33.82],[-78.72,33.82]]},"properties":{"id":"ncei-1968-10112826","eventId":"10112826","episodeId":"","year":1968,"month":8,"date":"1968-08-08","beginTime":"1968-08-08T12:30:00","endTime":"1968-08-08T12:30:00","timezone":"CST","state":"SC","stateName":"South Carolina","county":"Horry","countyFips":"51","wfo":"","scale":1,"scaleLabel":"F1","lengthMiles":0.6,"widthYards":27,"deaths":0,"injuries":0,"propertyDamage":0,"cropDamage":0,"source":"","dataSource":"PUB"}},{"type":"Feature","geometry":{"type":"LineString","coordinates":[[-79.77,34.17],[-79.77,34.17]]},"properties":{"id":"ncei-1968-10112832","eventId":"10112832","episodeId":"","year":1968,"month":11,"date":"1968-11-04","beginTime":"1968-11-04T16:05:00","endTime":"1968-11-04T16:05:00","timezone":"CST","state":"SC","stateName":"South Carolina","county":"Florence","countyFips":"41","wfo":"","scale":1,"scaleLabel":"F1","lengthMiles":0.8,"widthYards":40,"deaths":0,"injuries":0,"propertyDamage":25000,"cropDamage":0,"source":"","dataSource":"PUB"}},{"type":"Feature","geometry":{"type":"LineString","coordinates":[[-78.93,34.08],[-78.93,34.08]]},"properties":{"id":"ncei-1968-10112833","eventId":"10112833","episodeId":"","year":1968,"month":12,"date":"1968-12-07","beginTime":"1968-12-07T18:00:00","endTime":"1968-12-07T18:00:00","timezone":"CST","state":"SC","stateName":"South Carolina","county":"Horry","countyFips":"51","wfo":"","scale":2,"scaleLabel":"F2","lengthMiles":0.3,"widthYards":13,"deaths":0,"injuries":0,"propertyDamage":25000,"cropDamage":0,"source":"","dataSource":"PUB"}},{"type":"Feature","geometry":{"type":"LineString","coordinates":[[-80.32,39.85],[-80.32,39.85]]},"properties":{"id":"ncei-1968-10116097","eventId":"10116097","episodeId":"","year":1968,"month":6,"date":"1968-06-25","beginTime":"1968-06-25T14:00:00","endTime":"1968-06-25T14:00:00","timezone":"CST","state":"PA","stateName":"Pennsylvania","county":"Greene","countyFips":"59","wfo":"","scale":2,"scaleLabel":"F2","lengthMiles":0,"widthYards":33,"deaths":0,"injuries":1,"propertyDamage":250000,"cropDamage":0,"source":"","dataSource":"PUB"}},{"type":"Feature","geometry":{"type":"LineString","coordinates":[[-79.78,41.7],[-79.78,41.7]]},"properties":{"id":"ncei-1968-10116471","eventId":"10116471","episodeId":"","year":1968,"month":7,"date":"1968-07-24","beginTime":"1968-07-24T06:00:00","endTime":"1968-07-24T06:00:00","timezone":"CST","state":"PA","stateName":"Pennsylvania","county":"Crawford","countyFips":"39","wfo":"","scale":1,"scaleLabel":"F1","lengthMiles":0,"widthYards":33,"deaths":0,"injuries":0,"propertyDamage":250000,"cropDamage":0,"source":"","dataSource":"PUB"}},{"type":"Feature","geometry":{"type":"LineString","coordinates":[[-80.2,39.9],[-80.2,39.9]]},"properties":{"id":"ncei-1968-10116474","eventId":"10116474","episodeId":"","year":1968,"month":8,"date":"1968-08-04","beginTime":"1968-08-04T01:00:00","endTime":"1968-08-04T01:00:00","timezone":"CST","state":"PA","stateName":"Pennsylvania","county":"Greene","countyFips":"59","wfo":"","scale":1,"scaleLabel":"F1","lengthMiles":0,"widthYards":33,"deaths":0,"injuries":0,"propertyDamage":25000,"cropDamage":0,"source":"","dataSource":"PUB"}},{"type":"Feature","geometry":{"type":"LineString","coordinates":[[-76,40.97],[-76,40.97]]},"properties":{"id":"ncei-1968-10116696","eventId":"10116696","episodeId":"","year":1968,"month":8,"date":"1968-08-19","beginTime":"1968-08-19T13:30:00","endTime":"1968-08-19T13:30:00","timezone":"CST","state":"PA","stateName":"Pennsylvania","county":"Jefferson","countyFips":"65","wfo":"","scale":1,"scaleLabel":"F1","lengthMiles":0,"widthYards":33,"deaths":0,"injuries":0,"propertyDamage":2500,"cropDamage":0,"source":"","dataSource":"PUB"}},{"type":"Feature","geometry":{"type":"LineString","coordinates":[[-75.97,40.97],[-75.97,40.97]]},"properties":{"id":"ncei-1968-10116705","eventId":"10116705","episodeId":"","year":1968,"month":9,"date":"1968-09-10","beginTime":"1968-09-10T13:45:00","endTime":"1968-09-10T13:45:00","timezone":"CST","state":"PA","stateName":"Pennsylvania","county":"Luzerne","countyFips":"79","wfo":"","scale":2,"scaleLabel":"F2","lengthMiles":0,"widthYards":33,"deaths":0,"injuries":0,"propertyDamage":25000,"cropDamage":0,"source":"","dataSource":"PUB"}},{"type":"Feature","geometry":{"type":"LineString","coordinates":[[-89.63,35.82],[-89.63,35.82]]},"properties":{"id":"ncei-1968-10124205","eventId":"10124205","episodeId":"","year":1968,"month":4,"date":"1968-04-03","beginTime":"1968-04-03T21:35:00","endTime":"1968-04-03T21:35:00","timezone":"CST","state":"TN","stateName":"Tennessee","county":"Dyer","countyFips":"45","wfo":"","scale":1,"scaleLabel":"F1","lengthMiles":0.1,"widthYards":3,"deaths":0,"injuries":0,"propertyDamage":0,"cropDamage":0,"source":"","dataSource":"PUB"}},{"type":"Feature","geometry":{"type":"LineString","coordinates":[[-89.92,35.33],[-89.87,35.38]]},"properties":{"id":"ncei-1968-10124206","eventId":"10124206","episodeId":"","year":1968,"month":4,"date":"1968-04-03","beginTime":"1968-04-03T21:45:00","endTime":"1968-04-03T21:45:00","timezone":"CST","state":"TN","stateName":"Tennessee","county":"Shelby","countyFips":"157","wfo":"","scale":3,"scaleLabel":"F3","lengthMiles":4.5,"widthYards":1760,"deaths":0,"injuries":4,"propertyDamage":2500000,"cropDamage":0,"source":"","dataSource":"PUB"}},{"type":"Feature","geometry":{"type":"LineString","coordinates":[[-89.87,35.38],[-89.58,35.65]]},"properties":{"id":"ncei-1968-10124207","eventId":"10124207","episodeId":"","year":1968,"month":4,"date":"1968-04-03","beginTime":"1968-04-03T22:10:00","endTime":"1968-04-03T22:10:00","timezone":"CST","state":"TN","stateName":"Tennessee","county":"Tipton","countyFips":"167","wfo":"","scale":3,"scaleLabel":"F3","lengthMiles":24.3,"widthYards":1760,"deaths":4,"injuries":28,"propertyDamage":2500000,"cropDamage":0,"source":"","dataSource":"PUB"}},{"type":"Feature","geometry":{"type":"LineString","coordinates":[[-86.13,35.2],[-86.13,35.2]]},"properties":{"id":"ncei-1968-10124208","eventId":"10124208","episodeId":"","year":1968,"month":4,"date":"1968-04-04","beginTime":"1968-04-04T18:00:00","endTime":"1968-04-04T18:00:00","timezone":"CST","state":"TN","stateName":"Tennessee","county":"Lauderdale","countyFips":"97","wfo":"","scale":1,"scaleLabel":"F1","lengthMiles":0.1,"widthYards":3,"deaths":0,"injuries":0,"propertyDamage":2500,"cropDamage":0,"source":"","dataSource":"PUB"}},{"type":"Feature","geometry":{"type":"LineString","coordinates":[[-86.1,35.47],[-86.1,35.47]]},"properties":{"id":"ncei-1968-10124210","eventId":"10124210","episodeId":"","year":1968,"month":4,"date":"1968-04-14","beginTime":"1968-04-14T18:00:00","endTime":"1968-04-14T18:00:00","timezone":"CST","state":"TN","stateName":"Tennessee","county":"Coffee","countyFips":"31","wfo":"","scale":1,"scaleLabel":"F1","lengthMiles":0.3,"widthYards":7,"deaths":0,"injuries":0,"propertyDamage":0,"cropDamage":0,"source":"","dataSource":"PUB"}},{"type":"Feature","geometry":{"type":"LineString","coordinates":[[-85.82,35.95],[-85.82,35.95]]},"properties":{"id":"ncei-1968-10124215","eventId":"10124215","episodeId":"","year":1968,"month":4,"date":"1968-04-23","beginTime":"1968-04-23T14:58:00","endTime":"1968-04-23T14:58:00","timezone":"CST","state":"TN","stateName":"Tennessee","county":"Dekalb","countyFips":"41","wfo":"","scale":1,"scaleLabel":"F1","lengthMiles":0.1,"widthYards":3,"deaths":0,"injuries":1,"propertyDamage":250000,"cropDamage":0,"source":"","dataSource":"PUB"}},{"type":"Feature","geometry":{"type":"LineString","coordinates":[[-86.87,36.03],[-86.87,36.03]]},"properties":{"id":"ncei-1968-10124222","eventId":"10124222","episodeId":"","year":1968,"month":5,"date":"1968-05-14","beginTime":"1968-05-14T16:15:00","endTime":"1968-05-14T16:15:00","timezone":"CST","state":"TN","stateName":"Tennessee","county":"Davidson","countyFips":"37","wfo":"","scale":1,"scaleLabel":"F1","lengthMiles":0.1,"widthYards":3,"deaths":0,"injuries":0,"propertyDamage":0,"cropDamage":0,"source":"","dataSource":"PUB"}},{"type":"Feature","geometry":{"type":"LineString","coordinates":[[-89.87,35.05],[-89.87,35.05]]},"properties":{"id":"ncei-1968-10124223","eventId":"10124223","episodeId":"","year":1968,"month":5,"date":"1968-05-15","beginTime":"1968-05-15T23:20:00","endTime":"1968-05-15T23:20:00","timezone":"CST","state":"TN","stateName":"Tennessee","county":"Shelby","countyFips":"157","wfo":"","scale":1,"scaleLabel":"F1","lengthMiles":0,"widthYards":33,"deaths":0,"injuries":0,"propertyDamage":0,"cropDamage":0,"source":"","dataSource":"PUB"}},{"type":"Feature","geometry":{"type":"LineString","coordinates":[[-89.8,35.08],[-89.8,35.08]]},"properties":{"id":"ncei-1968-10124224","eventId":"10124224","episodeId":"","year":1968,"month":5,"date":"1968-05-16","beginTime":"1968-05-16T01:15:00","endTime":"1968-05-16T01:15:00","timezone":"CST","state":"TN","stateName":"Tennessee","county":"Shelby","countyFips":"157","wfo":"","scale":1,"scaleLabel":"F1","lengthMiles":0.1,"widthYards":3,"deaths":0,"injuries":0,"propertyDamage":25000,"cropDamage":0,"source":"","dataSource":"PUB"}},{"type":"Feature","geometry":{"type":"LineString","coordinates":[[-90.02,35.4],[-90.02,35.4]]},"properties":{"id":"ncei-1968-10124226","eventId":"10124226","episodeId":"","year":1968,"month":5,"date":"1968-05-16","beginTime":"1968-05-16T01:50:00","endTime":"1968-05-16T01:50:00","timezone":"CST","state":"TN","stateName":"Tennessee","county":"Shelby","countyFips":"157","wfo":"","scale":1,"scaleLabel":"F1","lengthMiles":0.1,"widthYards":3,"deaths":0,"injuries":0,"propertyDamage":0,"cropDamage":0,"source":"","dataSource":"PUB"}},{"type":"Feature","geometry":{"type":"LineString","coordinates":[[-89.97,35.3],[-89.97,35.3]]},"properties":{"id":"ncei-1968-10124227","eventId":"10124227","episodeId":"","year":1968,"month":5,"date":"1968-05-25","beginTime":"1968-05-25T15:00:00","endTime":"1968-05-25T15:00:00","timezone":"CST","state":"TN","stateName":"Tennessee","county":"Shelby","countyFips":"157","wfo":"","scale":1,"scaleLabel":"F1","lengthMiles":0.1,"widthYards":3,"deaths":0,"injuries":0,"propertyDamage":0,"cropDamage":0,"source":"","dataSource":"PUB"}},{"type":"Feature","geometry":{"type":"LineString","coordinates":[[-86.97,36.28],[-86.97,36.28]]},"properties":{"id":"ncei-1968-10124229","eventId":"10124229","episodeId":"","year":1968,"month":5,"date":"1968-05-25","beginTime":"1968-05-25T18:40:00","endTime":"1968-05-25T18:40:00","timezone":"CST","state":"TN","stateName":"Tennessee","county":"Davidson","countyFips":"37","wfo":"","scale":1,"scaleLabel":"F1","lengthMiles":0.1,"widthYards":3,"deaths":0,"injuries":0,"propertyDamage":0,"cropDamage":0,"source":"","dataSource":"PUB"}},{"type":"Feature","geometry":{"type":"LineString","coordinates":[[-87.13,35.98],[-87.13,35.98]]},"properties":{"id":"ncei-1968-10124230","eventId":"10124230","episodeId":"","year":1968,"month":5,"date":"1968-05-26","beginTime":"1968-05-26T15:40:00","endTime":"1968-05-26T15:40:00","timezone":"CST","state":"TN","stateName":"Tennessee","county":"Williamson","countyFips":"187","wfo":"","scale":1,"scaleLabel":"F1","lengthMiles":0.1,"widthYards":3,"deaths":0,"injuries":0,"propertyDamage":0,"cropDamage":0,"source":"","dataSource":"PUB"}},{"type":"Feature","geometry":{"type":"LineString","coordinates":[[-90,35],[-90,35]]},"properties":{"id":"ncei-1968-10124252","eventId":"10124252","episodeId":"","year":1968,"month":9,"date":"1968-09-17","beginTime":"1968-09-17T17:15:00","endTime":"1968-09-17T17:15:00","timezone":"CST","state":"TN","stateName":"Tennessee","county":"Shelby","countyFips":"157","wfo":"","scale":2,"scaleLabel":"F2","lengthMiles":0.3,"widthYards":10,"deaths":0,"injuries":0,"propertyDamage":2500,"cropDamage":0,"source":"","dataSource":"PUB"}},{"type":"Feature","geometry":{"type":"LineString","coordinates":[[-100.77,32.63],[-100.77,32.63]]},"properties":{"id":"ncei-1968-10131975","eventId":"10131975","episodeId":"","year":1968,"month":5,"date":"1968-05-24","beginTime":"1968-05-24T16:10:00","endTime":"1968-05-24T16:10:00","timezone":"CST","state":"TX","stateName":"Texas","county":"Scurry","countyFips":"415","wfo":"","scale":3,"scaleLabel":"F3","lengthMiles":2,"widthYards":67,"deaths":0,"injuries":0,"propertyDamage":25000,"cropDamage":0,"source":"","dataSource":"PUB"}},{"type":"Feature","geometry":{"type":"LineString","coordinates":[[-100.6,32.63],[-100.67,32.63]]},"properties":{"id":"ncei-1968-10131976","eventId":"10131976","episodeId":"","year":1968,"month":5,"date":"1968-05-24","beginTime":"1968-05-24T16:20:00","endTime":"1968-05-24T16:20:00","timezone":"CST","state":"TX","stateName":"Texas","county":"Scurry","countyFips":"415","wfo":"","scale":3,"scaleLabel":"F3","lengthMiles":4.1,"widthYards":67,"deaths":0,"injuries":0,"propertyDamage":25000,"cropDamage":0,"source":"","dataSource":"PUB"}},{"type":"Feature","geometry":{"type":"LineString","coordinates":[[-100.7,32.63],[-100.67,32.65]]},"properties":{"id":"ncei-1968-10131978","eventId":"10131978","episodeId":"","year":1968,"month":5,"date":"1968-05-24","beginTime":"1968-05-24T16:40:00","endTime":"1968-05-24T16:40:00","timezone":"CST","state":"TX","stateName":"Texas","county":"Scurry","countyFips":"415","wfo":"","scale":3,"scaleLabel":"F3","lengthMiles":2.7,"widthYards":100,"deaths":0,"injuries":0,"propertyDamage":25000,"cropDamage":0,"source":"","dataSource":"PUB"}},{"type":"Feature","geometry":{"type":"LineString","coordinates":[[-97.8,32.97],[-97.8,32.97]]},"properties":{"id":"ncei-1968-10131980","eventId":"10131980","episodeId":"","year":1968,"month":5,"date":"1968-05-25","beginTime":"1968-05-25T15:00:00","endTime":"1968-05-25T15:00:00","timezone":"CST","state":"TX","stateName":"Texas","county":"Parker","countyFips":"367","wfo":"","scale":1,"scaleLabel":"F1","lengthMiles":0.3,"widthYards":17,"deaths":0,"injuries":0,"propertyDamage":0,"cropDamage":0,"source":"","dataSource":"PUB"}},{"type":"Feature","geometry":{"type":"LineString","coordinates":[[-96.63,32.63],[-96.63,32.63]]},"properties":{"id":"ncei-1968-10131982","eventId":"10131982","episodeId":"","year":1968,"month":5,"date":"1968-05-25","beginTime":"1968-05-25T21:00:00","endTime":"1968-05-25T21:00:00","timezone":"CST","state":"TX","stateName":"Texas","county":"Dallas","countyFips":"113","wfo":"","scale":0,"scaleLabel":"F0","lengthMiles":0.1,"widthYards":10,"deaths":0,"injuries":1,"propertyDamage":25000,"cropDamage":0,"source":"","dataSource":"PUB"}},{"type":"Feature","geometry":{"type":"LineString","coordinates":[[-97.5,26.23],[-97.5,26.23]]},"properties":{"id":"ncei-1968-10132261","eventId":"10132261","episodeId":"","year":1968,"month":8,"date":"1968-08-01","beginTime":"1968-08-01T10:00:00","endTime":"1968-08-01T10:00:00","timezone":"CST","state":"TX","stateName":"Texas","county":"Cameron","countyFips":"61","wfo":"","scale":0,"scaleLabel":"F0","lengthMiles":0.2,"widthYards":13,"deaths":0,"injuries":0,"propertyDamage":0,"cropDamage":0,"source":"","dataSource":"PUB"}},{"type":"Feature","geometry":{"type":"LineString","coordinates":[[-95.23,29.23],[-95.23,29.23]]},"properties":{"id":"ncei-1968-10132262","eventId":"10132262","episodeId":"","year":1968,"month":8,"date":"1968-08-08","beginTime":"1968-08-08T12:15:00","endTime":"1968-08-08T12:15:00","timezone":"CST","state":"TX","stateName":"Texas","county":"Brazoria","countyFips":"39","wfo":"","scale":0,"scaleLabel":"F0","lengthMiles":0.1,"widthYards":13,"deaths":0,"injuries":0,"propertyDamage":0,"cropDamage":0,"source":"","dataSource":"PUB"}},{"type":"Feature","geometry":{"type":"LineString","coordinates":[[-102.33,35.72],[-102.33,35.72]]},"properties":{"id":"ncei-1968-10132269","eventId":"10132269","episodeId":"","year":1968,"month":8,"date":"1968-08-14","beginTime":"1968-08-14T14:00:00","endTime":"1968-08-14T14:00:00","timezone":"CST","state":"TX","stateName":"Texas","county":"Hartley","countyFips":"205","wfo":"","scale":1,"scaleLabel":"F1","lengthMiles":1,"widthYards":17,"deaths":0,"injuries":0,"propertyDamage":2500,"cropDamage":0,"source":"","dataSource":"PUB"}},{"type":"Feature","geometry":{"type":"LineString","coordinates":[[-100.73,35.73],[-100.73,35.73]]},"properties":{"id":"ncei-1968-10132272","eventId":"10132272","episodeId":"","year":1968,"month":8,"date":"1968-08-14","beginTime":"1968-08-14T16:30:00","endTime":"1968-08-14T16:30:00","timezone":"CST","state":"TX","stateName":"Texas","county":"Lubbock","countyFips":"303","wfo":"","scale":0,"scaleLabel":"F0","lengthMiles":0,"widthYards":33,"deaths":0,"injuries":0,"propertyDamage":0,"cropDamage":0,"source":"","dataSource":"PUB"}},{"type":"Feature","geometry":{"type":"LineString","coordinates":[[-98.37,31.23],[-98.37,31.23]]},"properties":{"id":"ncei-1968-10132470","eventId":"10132470","episodeId":"","year":1968,"month":1,"date":"1968-01-18","beginTime":"1968-01-18T06:55:00","endTime":"1968-01-18T06:55:00","timezone":"CST","state":"TX","stateName":"Texas","county":"Lampasas","countyFips":"281","wfo":"","scale":1,"scaleLabel":"F1","lengthMiles":0.3,"widthYards":33,"deaths":0,"injuries":0,"propertyDamage":2500,"cropDamage":0,"source":"","dataSource":"PUB"}},{"type":"Feature","geometry":{"type":"LineString","coordinates":[[-99.13,30],[-99.13,30]]},"properties":{"id":"ncei-1968-10132471","eventId":"10132471","episodeId":"","year":1968,"month":1,"date":"1968-01-18","beginTime":"1968-01-18T16:45:00","endTime":"1968-01-18T16:45:00","timezone":"CST","state":"TX","stateName":"Texas","county":"Kerr","countyFips":"265","wfo":"","scale":0,"scaleLabel":"F0","lengthMiles":0.2,"widthYards":17,"deaths":0,"injuries":0,"propertyDamage":2500,"cropDamage":0,"source":"","dataSource":"PUB"}},{"type":"Feature","geometry":{"type":"LineString","coordinates":[[-93.92,29.93],[-93.9,29.93]]},"properties":{"id":"ncei-1968-10132472","eventId":"10132472","episodeId":"","year":1968,"month":2,"date":"1968-02-01","beginTime":"1968-02-01T18:05:00","endTime":"1968-02-01T18:05:00","timezone":"CST","state":"TX","stateName":"Texas","county":"Jefferson","countyFips":"245","wfo":"","scale":2,"scaleLabel":"F2","lengthMiles":1.3,"widthYards":20,"deaths":0,"injuries":0,"propertyDamage":25000,"cropDamage":0,"source":"","dataSource":"PUB"}},{"type":"Feature","geometry":{"type":"LineString","coordinates":[[-102.17,35.2],[-102.17,35.2]]},"properties":{"id":"ncei-1968-10132561","eventId":"10132561","episodeId":"","year":1968,"month":8,"date":"1968-08-14","beginTime":"1968-08-14T16:40:00","endTime":"1968-08-14T16:40:00","timezone":"CST","state":"TX","stateName":"Texas","county":"Potter","countyFips":"375","wfo":"","scale":0,"scaleLabel":"F0","lengthMiles":0.2,"widthYards":17,"deaths":0,"injuries":0,"propertyDamage":0,"cropDamage":0,"source":"","dataSource":"PUB"}},{"type":"Feature","geometry":{"type":"LineString","coordinates":[[-102.87,33.17],[-102.82,33.17]]},"properties":{"id":"ncei-1968-10132565","eventId":"10132565","episodeId":"","year":1968,"month":8,"date":"1968-08-24","beginTime":"1968-08-24T15:30:00","endTime":"1968-08-24T15:30:00","timezone":"CST","state":"TX","stateName":"Texas","county":"Yoakum","countyFips":"501","wfo":"","scale":0,"scaleLabel":"F0","lengthMiles":3.3,"widthYards":33,"deaths":0,"injuries":0,"propertyDamage":25000,"cropDamage":0,"source":"","dataSource":"PUB"}},{"type":"Feature","geometry":{"type":"LineString","coordinates":[[-102.87,33.17],[-102.87,33.17]]},"properties":{"id":"ncei-1968-10132566","eventId":"10132566","episodeId":"","year":1968,"month":8,"date":"1968-08-24","beginTime":"1968-08-24T15:30:00","endTime":"1968-08-24T15:30:00","timezone":"CST","state":"TX","stateName":"Texas","county":"Yoakum","countyFips":"501","wfo":"","scale":0,"scaleLabel":"F0","lengthMiles":1,"widthYards":17,"deaths":0,"injuries":0,"propertyDamage":25000,"cropDamage":0,"source":"","dataSource":"PUB"}},{"type":"Feature","geometry":{"type":"LineString","coordinates":[[-100.72,34.63],[-100.72,34.63]]},"properties":{"id":"ncei-1968-10132568","eventId":"10132568","episodeId":"","year":1968,"month":8,"date":"1968-08-26","beginTime":"1968-08-26T15:00:00","endTime":"1968-08-26T15:00:00","timezone":"CST","state":"TX","stateName":"Texas","county":"Hall","countyFips":"191","wfo":"","scale":0,"scaleLabel":"F0","lengthMiles":0,"widthYards":33,"deaths":0,"injuries":0,"propertyDamage":0,"cropDamage":0,"source":"","dataSource":"PUB"}},{"type":"Feature","geometry":{"type":"LineString","coordinates":[[-95,31.5],[-95,31.5]]},"properties":{"id":"ncei-1968-10132569","eventId":"10132569","episodeId":"","year":1968,"month":9,"date":"1968-09-05","beginTime":"1968-09-05T18:00:00","endTime":"1968-09-05T18:00:00","timezone":"CST","state":"TX","stateName":"Texas","county":"Cherokee","countyFips":"73","wfo":"","scale":1,"scaleLabel":"F1","lengthMiles":0.2,"widthYards":17,"deaths":0,"injuries":0,"propertyDamage":2500,"cropDamage":0,"source":"","dataSource":"PUB"}},{"type":"Feature","geometry":{"type":"LineString","coordinates":[[-98.48,29.33],[-98.48,29.33]]},"properties":{"id":"ncei-1968-10132573","eventId":"10132573","episodeId":"","year":1968,"month":9,"date":"1968-09-09","beginTime":"1968-09-09T16:00:00","endTime":"1968-09-09T16:00:00","timezone":"CST","state":"TX","stateName":"Texas","county":"Bexar","countyFips":"29","wfo":"","scale":1,"scaleLabel":"F1","lengthMiles":0.1,"widthYards":50,"deaths":0,"injuries":2,"propertyDamage":2500,"cropDamage":0,"source":"","dataSource":"PUB"}},{"type":"Feature","geometry":{"type":"LineString","coordinates":[[-95.45,29.05],[-95.45,29.05]]},"properties":{"id":"ncei-1968-10132574","eventId":"10132574","episodeId":"","year":1968,"month":9,"date":"1968-09-15","beginTime":"1968-09-15T07:00:00","endTime":"1968-09-15T07:00:00","timezone":"CST","state":"TX","stateName":"Texas","county":"Brazoria","countyFips":"39","wfo":"","scale":0,"scaleLabel":"F0","lengthMiles":0.1,"widthYards":50,"deaths":0,"injuries":0,"propertyDamage":0,"cropDamage":0,"source":"","dataSource":"PUB"}},{"type":"Feature","geometry":{"type":"LineString","coordinates":[[-97.45,27.78],[-97.45,27.78]]},"properties":{"id":"ncei-1968-10132578","eventId":"10132578","episodeId":"","year":1968,"month":9,"date":"1968-09-16","beginTime":"1968-09-16T17:45:00","endTime":"1968-09-16T17:45:00","timezone":"CST","state":"TX","stateName":"Texas","county":"Nueces","countyFips":"355","wfo":"","scale":1,"scaleLabel":"F1","lengthMiles":0.1,"widthYards":33,"deaths":0,"injuries":0,"propertyDamage":25000,"cropDamage":0,"source":"","dataSource":"PUB"}},{"type":"Feature","geometry":{"type":"LineString","coordinates":[[-97.75,28.35],[-97.75,28.35]]},"properties":{"id":"ncei-1968-10132581","eventId":"10132581","episodeId":"","year":1968,"month":9,"date":"1968-09-17","beginTime":"1968-09-17T03:15:00","endTime":"1968-09-17T03:15:00","timezone":"CST","state":"TX","stateName":"Texas","county":"Bee","countyFips":"25","wfo":"","scale":2,"scaleLabel":"F2","lengthMiles":0.8,"widthYards":100,"deaths":0,"injuries":0,"propertyDamage":250000,"cropDamage":0,"source":"","dataSource":"PUB"}},{"type":"Feature","geometry":{"type":"LineString","coordinates":[[-93.73,30.12],[-93.73,30.12]]},"properties":{"id":"ncei-1968-10132585","eventId":"10132585","episodeId":"","year":1968,"month":10,"date":"1968-10-06","beginTime":"1968-10-06T03:45:00","endTime":"1968-10-06T03:45:00","timezone":"CST","state":"TX","stateName":"Texas","county":"Orange","countyFips":"361","wfo":"","scale":0,"scaleLabel":"F0","lengthMiles":0.2,"widthYards":13,"deaths":0,"injuries":0,"propertyDamage":0,"cropDamage":0,"source":"","dataSource":"PUB"}},{"type":"Feature","geometry":{"type":"LineString","coordinates":[[-97.4,27.97],[-97.4,27.97]]},"properties":{"id":"ncei-1968-10132586","eventId":"10132586","episodeId":"","year":1968,"month":10,"date":"1968-10-07","beginTime":"1968-10-07T09:15:00","endTime":"1968-10-07T09:15:00","timezone":"CST","state":"TX","stateName":"Texas","county":"San Patricio","countyFips":"409","wfo":"","scale":1,"scaleLabel":"F1","lengthMiles":2,"widthYards":17,"deaths":0,"injuries":0,"propertyDamage":2500,"cropDamage":0,"source":"","dataSource":"PUB"}},{"type":"Feature","geometry":{"type":"LineString","coordinates":[[-102.42,31.1],[-102.42,31.1]]},"properties":{"id":"ncei-1968-10132588","eventId":"10132588","episodeId":"","year":1968,"month":10,"date":"1968-10-08","beginTime":"1968-10-08T11:41:00","endTime":"1968-10-08T11:41:00","timezone":"CST","state":"TX","stateName":"Texas","county":"Crane","countyFips":"103","wfo":"","scale":-1,"scaleLabel":"Unknown","lengthMiles":0,"widthYards":33,"deaths":0,"injuries":0,"propertyDamage":0,"cropDamage":0,"source":"","dataSource":"PUB"}},{"type":"Feature","geometry":{"type":"LineString","coordinates":[[-97.83,28.1],[-97.83,28.1]]},"properties":{"id":"ncei-1968-10132589","eventId":"10132589","episodeId":"","year":1968,"month":10,"date":"1968-10-08","beginTime":"1968-10-08T12:25:00","endTime":"1968-10-08T12:25:00","timezone":"CST","state":"TX","stateName":"Texas","county":"San Patricio","countyFips":"409","wfo":"","scale":0,"scaleLabel":"F0","lengthMiles":0.2,"widthYards":17,"deaths":0,"injuries":0,"propertyDamage":2500,"cropDamage":0,"source":"","dataSource":"PUB"}},{"type":"Feature","geometry":{"type":"LineString","coordinates":[[-100.82,36.02],[-100.82,36.02]]},"properties":{"id":"ncei-1968-10132590","eventId":"10132590","episodeId":"","year":1968,"month":10,"date":"1968-10-08","beginTime":"1968-10-08T15:20:00","endTime":"1968-10-08T15:20:00","timezone":"CST","state":"TX","stateName":"Texas","county":"Roberts","countyFips":"393","wfo":"","scale":0,"scaleLabel":"F0","lengthMiles":0.1,"widthYards":13,"deaths":0,"injuries":0,"propertyDamage":0,"cropDamage":0,"source":"","dataSource":"PUB"}},{"type":"Feature","geometry":{"type":"LineString","coordinates":[[-102.83,30.97],[-102.83,30.97]]},"properties":{"id":"ncei-1968-10132591","eventId":"10132591","episodeId":"","year":1968,"month":10,"date":"1968-10-08","beginTime":"1968-10-08T17:35:00","endTime":"1968-10-08T17:35:00","timezone":"CST","state":"TX","stateName":"Texas","county":"Pecos","countyFips":"371","wfo":"","scale":1,"scaleLabel":"F1","lengthMiles":1,"widthYards":200,"deaths":0,"injuries":0,"propertyDamage":0,"cropDamage":0,"source":"","dataSource":"PUB"}},{"type":"Feature","geometry":{"type":"LineString","coordinates":[[-100.83,36.17],[-100.83,36.17]]},"properties":{"id":"ncei-1968-10132597","eventId":"10132597","episodeId":"","year":1968,"month":10,"date":"1968-10-09","beginTime":"1968-10-09T20:00:00","endTime":"1968-10-09T20:00:00","timezone":"CST","state":"TX","stateName":"Texas","county":"Ochiltree","countyFips":"357","wfo":"","scale":0,"scaleLabel":"F0","lengthMiles":0.1,"widthYards":17,"deaths":0,"injuries":0,"propertyDamage":2500,"cropDamage":0,"source":"","dataSource":"PUB"}},{"type":"Feature","geometry":{"type":"LineString","coordinates":[[-97.5,32.9],[-97.5,32.9]]},"properties":{"id":"ncei-1968-10132609","eventId":"10132609","episodeId":"","year":1968,"month":10,"date":"1968-10-21","beginTime":"1968-10-21T18:30:00","endTime":"1968-10-21T18:30:00","timezone":"CST","state":"TX","stateName":"Texas","county":"Tarrant","countyFips":"439","wfo":"","scale":1,"scaleLabel":"F1","lengthMiles":1,"widthYards":17,"deaths":0,"injuries":0,"propertyDamage":2500,"cropDamage":0,"source":"","dataSource":"PUB"}},{"type":"Feature","geometry":{"type":"LineString","coordinates":[[-101.83,34.02],[-101.83,34.02]]},"properties":{"id":"ncei-1968-10132610","eventId":"10132610","episodeId":"","year":1968,"month":11,"date":"1968-11-01","beginTime":"1968-11-01T20:16:00","endTime":"1968-11-01T20:16:00","timezone":"CST","state":"TX","stateName":"Texas","county":"Hale","countyFips":"189","wfo":"","scale":0,"scaleLabel":"F0","lengthMiles":0.1,"widthYards":17,"deaths":0,"injuries":0,"propertyDamage":0,"cropDamage":0,"source":"","dataSource":"PUB"}},{"type":"Feature","geometry":{"type":"LineString","coordinates":[[-97,28.8],[-96.78,28.72]]},"properties":{"id":"ncei-1968-10132612","eventId":"10132612","episodeId":"","year":1968,"month":11,"date":"1968-11-05","beginTime":"1968-11-05T20:30:00","endTime":"1968-11-05T20:30:00","timezone":"CST","state":"TX","stateName":"Texas","county":"Victoria","countyFips":"469","wfo":"","scale":3,"scaleLabel":"F3","lengthMiles":14.4,"widthYards":200,"deaths":0,"injuries":2,"propertyDamage":250000,"cropDamage":0,"source":"","dataSource":"PUB"}},{"type":"Feature","geometry":{"type":"LineString","coordinates":[[-95.2,29.85],[-95.2,29.85]]},"properties":{"id":"ncei-1968-10132615","eventId":"10132615","episodeId":"","year":1968,"month":11,"date":"1968-11-05","beginTime":"1968-11-05T22:25:00","endTime":"1968-11-05T22:25:00","timezone":"CST","state":"TX","stateName":"Texas","county":"Harris","countyFips":"201","wfo":"","scale":0,"scaleLabel":"F0","lengthMiles":0.1,"widthYards":100,"deaths":0,"injuries":0,"propertyDamage":250000,"cropDamage":0,"source":"","dataSource":"PUB"}},{"type":"Feature","geometry":{"type":"LineString","coordinates":[[-95.02,29.78],[-95.02,29.78]]},"properties":{"id":"ncei-1968-10132616","eventId":"10132616","episodeId":"","year":1968,"month":11,"date":"1968-11-05","beginTime":"1968-11-05T23:00:00","endTime":"1968-11-05T23:00:00","timezone":"CST","state":"TX","stateName":"Texas","county":"Harris","countyFips":"201","wfo":"","scale":1,"scaleLabel":"F1","lengthMiles":0.1,"widthYards":50,"deaths":0,"injuries":0,"propertyDamage":250000,"cropDamage":0,"source":"","dataSource":"PUB"}},{"type":"Feature","geometry":{"type":"LineString","coordinates":[[-95.1,30.03],[-95.1,30.03]]},"properties":{"id":"ncei-1968-10132617","eventId":"10132617","episodeId":"","year":1968,"month":11,"date":"1968-11-15","beginTime":"1968-11-15T23:50:00","endTime":"1968-11-15T23:50:00","timezone":"CST","state":"TX","stateName":"Texas","county":"Harris","countyFips":"201","wfo":"","scale":1,"scaleLabel":"F1","lengthMiles":2,"widthYards":33,"deaths":0,"injuries":0,"propertyDamage":2500,"cropDamage":0,"source":"","dataSource":"PUB"}},{"type":"Feature","geometry":{"type":"LineString","coordinates":[[-102.87,33.2],[-102.75,33.25]]},"properties":{"id":"ncei-1968-10133332","eventId":"10133332","episodeId":"","year":1968,"month":3,"date":"1968-03-10","beginTime":"1968-03-10T14:30:00","endTime":"1968-03-10T14:30:00","timezone":"CST","state":"TX","stateName":"Texas","county":"Yoakum","countyFips":"501","wfo":"","scale":1,"scaleLabel":"F1","lengthMiles":7.7,"widthYards":67,"deaths":0,"injuries":0,"propertyDamage":0,"cropDamage":0,"source":"","dataSource":"PUB"}},{"type":"Feature","geometry":{"type":"LineString","coordinates":[[-98.03,30.83],[-98.03,30.83]]},"properties":{"id":"ncei-1968-10133342","eventId":"10133342","episodeId":"","year":1968,"month":3,"date":"1968-03-10","beginTime":"1968-03-10T21:00:00","endTime":"1968-03-10T21:00:00","timezone":"CST","state":"TX","stateName":"Texas","county":"Burnet","countyFips":"53","wfo":"","scale":0,"scaleLabel":"F0","lengthMiles":0.5,"widthYards":20,"deaths":0,"injuries":0,"propertyDamage":0,"cropDamage":0,"source":"","dataSource":"PUB"}},{"type":"Feature","geometry":{"type":"LineString","coordinates":[[-99.22,28.63],[-98.98,28.8]]},"properties":{"id":"ncei-1968-10133478","eventId":"10133478","episodeId":"","year":1968,"month":11,"date":"1968-11-26","beginTime":"1968-11-26T20:05:00","endTime":"1968-11-26T20:05:00","timezone":"CST","state":"TX","stateName":"Texas","county":"Frio","countyFips":"163","wfo":"","scale":2,"scaleLabel":"F2","lengthMiles":18.2,"widthYards":50,"deaths":0,"injuries":0,"propertyDamage":0,"cropDamage":0,"source":"","dataSource":"PUB"}},{"type":"Feature","geometry":{"type":"LineString","coordinates":[[-98.58,29.05],[-98.58,29.05]]},"properties":{"id":"ncei-1968-10133479","eventId":"10133479","episodeId":"","year":1968,"month":11,"date":"1968-11-26","beginTime":"1968-11-26T22:40:00","endTime":"1968-11-26T22:40:00","timezone":"CST","state":"TX","stateName":"Texas","county":"Atascosa","countyFips":"13","wfo":"","scale":0,"scaleLabel":"F0","lengthMiles":0.4,"widthYards":17,"deaths":0,"injuries":0,"propertyDamage":0,"cropDamage":0,"source":"","dataSource":"PUB"}},{"type":"Feature","geometry":{"type":"LineString","coordinates":[[-99.23,28.42],[-99.23,28.42]]},"properties":{"id":"ncei-1968-10133480","eventId":"10133480","episodeId":"","year":1968,"month":11,"date":"1968-11-26","beginTime":"1968-11-26T22:50:00","endTime":"1968-11-26T22:50:00","timezone":"CST","state":"TX","stateName":"Texas","county":"La Salle","countyFips":"283","wfo":"","scale":1,"scaleLabel":"F1","lengthMiles":1,"widthYards":23,"deaths":0,"injuries":0,"propertyDamage":0,"cropDamage":0,"source":"","dataSource":"PUB"}},{"type":"Feature","geometry":{"type":"LineString","coordinates":[[-98.55,28.9],[-98.55,28.9]]},"properties":{"id":"ncei-1968-10133481","eventId":"10133481","episodeId":"","year":1968,"month":11,"date":"1968-11-26","beginTime":"1968-11-26T23:00:00","endTime":"1968-11-26T23:00:00","timezone":"CST","state":"TX","stateName":"Texas","county":"Atascosa","countyFips":"13","wfo":"","scale":0,"scaleLabel":"F0","lengthMiles":0.1,"widthYards":20,"deaths":0,"injuries":0,"propertyDamage":2500,"cropDamage":0,"source":"","dataSource":"PUB"}},{"type":"Feature","geometry":{"type":"LineString","coordinates":[[-99.08,28.87],[-99.08,28.87]]},"properties":{"id":"ncei-1968-10133482","eventId":"10133482","episodeId":"","year":1968,"month":11,"date":"1968-11-26","beginTime":"1968-11-26T23:30:00","endTime":"1968-11-26T23:30:00","timezone":"CST","state":"TX","stateName":"Texas","county":"Frio","countyFips":"163","wfo":"","scale":0,"scaleLabel":"F0","lengthMiles":0.1,"widthYards":10,"deaths":0,"injuries":2,"propertyDamage":0,"cropDamage":0,"source":"","dataSource":"PUB"}},{"type":"Feature","geometry":{"type":"LineString","coordinates":[[-98.47,28.95],[-98.47,28.95]]},"properties":{"id":"ncei-1968-10133483","eventId":"10133483","episodeId":"","year":1968,"month":11,"date":"1968-11-26","beginTime":"1968-11-26T23:30:00","endTime":"1968-11-26T23:30:00","timezone":"CST","state":"TX","stateName":"Texas","county":"Atascosa","countyFips":"13","wfo":"","scale":1,"scaleLabel":"F1","lengthMiles":0.3,"widthYards":13,"deaths":0,"injuries":0,"propertyDamage":0,"cropDamage":0,"source":"","dataSource":"PUB"}},{"type":"Feature","geometry":{"type":"LineString","coordinates":[[-94.98,32.28],[-94.98,32.28]]},"properties":{"id":"ncei-1968-10133486","eventId":"10133486","episodeId":"","year":1968,"month":12,"date":"1968-12-12","beginTime":"1968-12-12T13:30:00","endTime":"1968-12-12T13:30:00","timezone":"CST","state":"TX","stateName":"Texas","county":"Rusk","countyFips":"401","wfo":"","scale":2,"scaleLabel":"F2","lengthMiles":2,"widthYards":50,"deaths":0,"injuries":0,"propertyDamage":0,"cropDamage":0,"source":"","dataSource":"PUB"}},{"type":"Feature","geometry":{"type":"LineString","coordinates":[[-94.42,32.53],[-94.42,32.53]]},"properties":{"id":"ncei-1968-10133487","eventId":"10133487","episodeId":"","year":1968,"month":12,"date":"1968-12-12","beginTime":"1968-12-12T15:10:00","endTime":"1968-12-12T15:10:00","timezone":"CST","state":"TX","stateName":"Texas","county":"Harrison","countyFips":"203","wfo":"","scale":2,"scaleLabel":"F2","lengthMiles":1,"widthYards":17,"deaths":0,"injuries":0,"propertyDamage":0,"cropDamage":0,"source":"","dataSource":"PUB"}},{"type":"Feature","geometry":{"type":"LineString","coordinates":[[-97.17,33.5],[-97.1,33.5]]},"properties":{"id":"ncei-1968-10133564","eventId":"10133564","episodeId":"","year":1968,"month":3,"date":"1968-03-30","beginTime":"1968-03-30T21:45:00","endTime":"1968-03-30T21:45:00","timezone":"CST","state":"TX","stateName":"Texas","county":"Cooke","countyFips":"97","wfo":"","scale":2,"scaleLabel":"F2","lengthMiles":3.6,"widthYards":100,"deaths":0,"injuries":0,"propertyDamage":25000,"cropDamage":0,"source":"","dataSource":"PUB"}},{"type":"Feature","geometry":{"type":"LineString","coordinates":[[-101.38,35.35],[-101.38,35.35]]},"properties":{"id":"ncei-1968-10133566","eventId":"10133566","episodeId":"","year":1968,"month":4,"date":"1968-04-02","beginTime":"1968-04-02T17:20:00","endTime":"1968-04-02T17:20:00","timezone":"CST","state":"TX","stateName":"Texas","county":"Carson","countyFips":"65","wfo":"","scale":2,"scaleLabel":"F2","lengthMiles":2,"widthYards":33,"deaths":0,"injuries":0,"propertyDamage":250000,"cropDamage":0,"source":"","dataSource":"PUB"}},{"type":"Feature","geometry":{"type":"LineString","coordinates":[[-100.88,34.55],[-100.88,34.55]]},"properties":{"id":"ncei-1968-10133567","eventId":"10133567","episodeId":"","year":1968,"month":4,"date":"1968-04-02","beginTime":"1968-04-02T18:16:00","endTime":"1968-04-02T18:16:00","timezone":"CST","state":"TX","stateName":"Texas","county":"Hall","countyFips":"191","wfo":"","scale":0,"scaleLabel":"F0","lengthMiles":0.3,"widthYards":17,"deaths":0,"injuries":0,"propertyDamage":0,"cropDamage":0,"source":"","dataSource":"PUB"}},{"type":"Feature","geometry":{"type":"LineString","coordinates":[[-101.27,34.23],[-101.27,34.23]]},"properties":{"id":"ncei-1968-10133568","eventId":"10133568","episodeId":"","year":1968,"month":4,"date":"1968-04-02","beginTime":"1968-04-02T18:20:00","endTime":"1968-04-02T18:20:00","timezone":"CST","state":"TX","stateName":"Texas","county":"Floyd","countyFips":"153","wfo":"","scale":1,"scaleLabel":"F1","lengthMiles":1,"widthYards":17,"deaths":0,"injuries":0,"propertyDamage":2500,"cropDamage":0,"source":"","dataSource":"PUB"}},{"type":"Feature","geometry":{"type":"LineString","coordinates":[[-100.43,34.58],[-100.3,34.63]]},"properties":{"id":"ncei-1968-10133569","eventId":"10133569","episodeId":"","year":1968,"month":4,"date":"1968-04-02","beginTime":"1968-04-02T21:00:00","endTime":"1968-04-02T21:00:00","timezone":"CST","state":"TX","stateName":"Texas","county":"Hall","countyFips":"191","wfo":"","scale":1,"scaleLabel":"F1","lengthMiles":8.5,"widthYards":50,"deaths":0,"injuries":0,"propertyDamage":25000,"cropDamage":0,"source":"","dataSource":"PUB"}},{"type":"Feature","geometry":{"type":"LineString","coordinates":[[-97.43,30.78],[-97.43,30.78]]},"properties":{"id":"ncei-1968-10133573","eventId":"10133573","episodeId":"","year":1968,"month":4,"date":"1968-04-08","beginTime":"1968-04-08T16:00:00","endTime":"1968-04-08T16:00:00","timezone":"CST","state":"TX","stateName":"Texas","county":"Williamson","countyFips":"491","wfo":"","scale":0,"scaleLabel":"F0","lengthMiles":1,"widthYards":17,"deaths":0,"injuries":0,"propertyDamage":0,"cropDamage":0,"source":"","dataSource":"PUB"}},{"type":"Feature","geometry":{"type":"LineString","coordinates":[[-97.05,33.5],[-97.05,33.5]]},"properties":{"id":"ncei-1968-10133580","eventId":"10133580","episodeId":"","year":1968,"month":4,"date":"1968-04-19","beginTime":"1968-04-19T11:00:00","endTime":"1968-04-19T11:00:00","timezone":"CST","state":"TX","stateName":"Texas","county":"Cooke","countyFips":"97","wfo":"","scale":2,"scaleLabel":"F2","lengthMiles":1.5,"widthYards":23,"deaths":0,"injuries":0,"propertyDamage":25000,"cropDamage":0,"source":"","dataSource":"PUB"}},{"type":"Feature","geometry":{"type":"LineString","coordinates":[[-94.52,31.2],[-94.52,31.2]]},"properties":{"id":"ncei-1968-10133586","eventId":"10133586","episodeId":"","year":1968,"month":4,"date":"1968-04-21","beginTime":"1968-04-21T20:00:00","endTime":"1968-04-21T20:00:00","timezone":"CST","state":"TX","stateName":"Texas","county":"Angelina","countyFips":"5","wfo":"","scale":2,"scaleLabel":"F2","lengthMiles":1,"widthYards":17,"deaths":0,"injuries":0,"propertyDamage":2500,"cropDamage":0,"source":"","dataSource":"PUB"}},{"type":"Feature","geometry":{"type":"LineString","coordinates":[[-100.28,33.08],[-100.28,33.08]]},"properties":{"id":"ncei-1968-10133588","eventId":"10133588","episodeId":"","year":1968,"month":4,"date":"1968-04-22","beginTime":"1968-04-22T01:00:00","endTime":"1968-04-22T01:00:00","timezone":"CST","state":"TX","stateName":"Texas","county":"Stonewall","countyFips":"433","wfo":"","scale":0,"scaleLabel":"F0","lengthMiles":0,"widthYards":33,"deaths":0,"injuries":0,"propertyDamage":0,"cropDamage":0,"source":"","dataSource":"PUB"}},{"type":"Feature","geometry":{"type":"LineString","coordinates":[[-97.3,33.17],[-97.3,33.17]]},"properties":{"id":"ncei-1968-10133589","eventId":"10133589","episodeId":"","year":1968,"month":4,"date":"1968-04-22","beginTime":"1968-04-22T06:40:00","endTime":"1968-04-22T06:40:00","timezone":"CST","state":"TX","stateName":"Texas","county":"Denton","countyFips":"121","wfo":"","scale":1,"scaleLabel":"F1","lengthMiles":1.5,"widthYards":20,"deaths":0,"injuries":0,"propertyDamage":2500,"cropDamage":0,"source":"","dataSource":"PUB"}},{"type":"Feature","geometry":{"type":"LineString","coordinates":[[-96.73,33.28],[-96.73,33.28]]},"properties":{"id":"ncei-1968-10133590","eventId":"10133590","episodeId":"","year":1968,"month":4,"date":"1968-04-22","beginTime":"1968-04-22T07:50:00","endTime":"1968-04-22T07:50:00","timezone":"CST","state":"TX","stateName":"Texas","county":"Collin","countyFips":"85","wfo":"","scale":1,"scaleLabel":"F1","lengthMiles":0.5,"widthYards":17,"deaths":0,"injuries":0,"propertyDamage":25000,"cropDamage":0,"source":"","dataSource":"PUB"}},{"type":"Feature","geometry":{"type":"LineString","coordinates":[[-97.42,32.67],[-97.42,32.67]]},"properties":{"id":"ncei-1968-10133594","eventId":"10133594","episodeId":"","year":1968,"month":4,"date":"1968-04-22","beginTime":"1968-04-22T11:08:00","endTime":"1968-04-22T11:08:00","timezone":"CST","state":"TX","stateName":"Texas","county":"Tarrant","countyFips":"439","wfo":"","scale":1,"scaleLabel":"F1","lengthMiles":0.3,"widthYards":20,"deaths":0,"injuries":0,"propertyDamage":0,"cropDamage":0,"source":"","dataSource":"PUB"}},{"type":"Feature","geometry":{"type":"LineString","coordinates":[[-96.93,32.13],[-96.93,32.13]]},"properties":{"id":"ncei-1968-10133601","eventId":"10133601","episodeId":"","year":1968,"month":4,"date":"1968-04-26","beginTime":"1968-04-26T19:00:00","endTime":"1968-04-26T19:00:00","timezone":"CST","state":"TX","stateName":"Texas","county":"Ellis","countyFips":"139","wfo":"","scale":1,"scaleLabel":"F1","lengthMiles":0.3,"widthYards":17,"deaths":0,"injuries":0,"propertyDamage":0,"cropDamage":0,"source":"","dataSource":"PUB"}},{"type":"Feature","geometry":{"type":"LineString","coordinates":[[-96.42,32.12],[-96.42,32.12]]},"properties":{"id":"ncei-1968-10133613","eventId":"10133613","episodeId":"","year":1968,"month":4,"date":"1968-04-27","beginTime":"1968-04-27T19:20:00","endTime":"1968-04-27T19:20:00","timezone":"CST","state":"TX","stateName":"Texas","county":"Navarro","countyFips":"349","wfo":"","scale":-1,"scaleLabel":"Unknown","lengthMiles":0,"widthYards":33,"deaths":0,"injuries":0,"propertyDamage":0,"cropDamage":0,"source":"","dataSource":"PUB"}},{"type":"Feature","geometry":{"type":"LineString","coordinates":[[-95.43,30.32],[-95.35,30.37]]},"properties":{"id":"ncei-1968-10133706","eventId":"10133706","episodeId":"","year":1968,"month":12,"date":"1968-12-12","beginTime":"1968-12-12T15:45:00","endTime":"1968-12-12T15:45:00","timezone":"CST","state":"TX","stateName":"Texas","county":"Montgomery","countyFips":"339","wfo":"","scale":3,"scaleLabel":"F3","lengthMiles":6.2,"widthYards":200,"deaths":0,"injuries":0,"propertyDamage":250000,"cropDamage":0,"source":"","dataSource":"PUB"}},{"type":"Feature","geometry":{"type":"LineString","coordinates":[[-98.08,33.03],[-98.08,33.03]]},"properties":{"id":"ncei-1968-10133707","eventId":"10133707","episodeId":"","year":1968,"month":12,"date":"1968-12-18","beginTime":"1968-12-18T10:30:00","endTime":"1968-12-18T10:30:00","timezone":"CST","state":"TX","stateName":"Texas","county":"Jack","countyFips":"237","wfo":"","scale":1,"scaleLabel":"F1","lengthMiles":0.1,"widthYards":17,"deaths":0,"injuries":0,"propertyDamage":2500,"cropDamage":0,"source":"","dataSource":"PUB"}},{"type":"Feature","geometry":{"type":"LineString","coordinates":[[-97.32,32.58],[-97.32,32.58]]},"properties":{"id":"ncei-1968-10133709","eventId":"10133709","episodeId":"","year":1968,"month":12,"date":"1968-12-18","beginTime":"1968-12-18T11:15:00","endTime":"1968-12-18T11:15:00","timezone":"CST","state":"TX","stateName":"Texas","county":"Johnson","countyFips":"251","wfo":"","scale":1,"scaleLabel":"F1","lengthMiles":0.1,"widthYards":13,"deaths":0,"injuries":0,"propertyDamage":2500,"cropDamage":0,"source":"","dataSource":"PUB"}},{"type":"Feature","geometry":{"type":"LineString","coordinates":[[-97.42,32.37],[-97.42,32.37]]},"properties":{"id":"ncei-1968-10133711","eventId":"10133711","episodeId":"","year":1968,"month":12,"date":"1968-12-18","beginTime":"1968-12-18T11:37:00","endTime":"1968-12-18T11:37:00","timezone":"CST","state":"TX","stateName":"Texas","county":"Johnson","countyFips":"251","wfo":"","scale":0,"scaleLabel":"F0","lengthMiles":0.1,"widthYards":100,"deaths":0,"injuries":0,"propertyDamage":0,"cropDamage":0,"source":"","dataSource":"PUB"}},{"type":"Feature","geometry":{"type":"LineString","coordinates":[[-94.8,32.17],[-94.8,32.17]]},"properties":{"id":"ncei-1968-10133713","eventId":"10133713","episodeId":"","year":1968,"month":12,"date":"1968-12-22","beginTime":"1968-12-22T12:00:00","endTime":"1968-12-22T12:00:00","timezone":"CST","state":"TX","stateName":"Texas","county":"Rusk","countyFips":"401","wfo":"","scale":1,"scaleLabel":"F1","lengthMiles":1,"widthYards":300,"deaths":0,"injuries":0,"propertyDamage":25000,"cropDamage":0,"source":"","dataSource":"PUB"}},{"type":"Feature","geometry":{"type":"LineString","coordinates":[[-97.42,32.77],[-97.42,32.77]]},"properties":{"id":"ncei-1968-10133714","eventId":"10133714","episodeId":"","year":1968,"month":12,"date":"1968-12-27","beginTime":"1968-12-27T09:00:00","endTime":"1968-12-27T09:00:00","timezone":"CST","state":"TX","stateName":"Texas","county":"Tarrant","countyFips":"439","wfo":"","scale":1,"scaleLabel":"F1","lengthMiles":0.1,"widthYards":17,"deaths":0,"injuries":0,"propertyDamage":0,"cropDamage":0,"source":"","dataSource":"PUB"}},{"type":"Feature","geometry":{"type":"LineString","coordinates":[[-95.5,32.67],[-95.5,32.67]]},"properties":{"id":"ncei-1968-10133716","eventId":"10133716","episodeId":"","year":1968,"month":12,"date":"1968-12-27","beginTime":"1968-12-27T11:00:00","endTime":"1968-12-27T11:00:00","timezone":"CST","state":"TX","stateName":"Texas","county":"Wood","countyFips":"499","wfo":"","scale":0,"scaleLabel":"F0","lengthMiles":0.3,"widthYards":100,"deaths":0,"injuries":0,"propertyDamage":2500,"cropDamage":0,"source":"","dataSource":"PUB"}},{"type":"Feature","geometry":{"type":"LineString","coordinates":[[-95.87,32.2],[-95.87,32.2]]},"properties":{"id":"ncei-1968-10133718","eventId":"10133718","episodeId":"","year":1968,"month":12,"date":"1968-12-27","beginTime":"1968-12-27T11:20:00","endTime":"1968-12-27T11:20:00","timezone":"CST","state":"TX","stateName":"Texas","county":"Henderson","countyFips":"213","wfo":"","scale":0,"scaleLabel":"F0","lengthMiles":0.2,"widthYards":100,"deaths":0,"injuries":0,"propertyDamage":2500,"cropDamage":0,"source":"","dataSource":"PUB"}},{"type":"Feature","geometry":{"type":"LineString","coordinates":[[-95.28,32.37],[-95.28,32.37]]},"properties":{"id":"ncei-1968-10133719","eventId":"10133719","episodeId":"","year":1968,"month":12,"date":"1968-12-27","beginTime":"1968-12-27T11:47:00","endTime":"1968-12-27T11:47:00","timezone":"CST","state":"TX","stateName":"Texas","county":"Smith","countyFips":"423","wfo":"","scale":1,"scaleLabel":"F1","lengthMiles":0.3,"widthYards":67,"deaths":0,"injuries":0,"propertyDamage":250000,"cropDamage":0,"source":"","dataSource":"PUB"}},{"type":"Feature","geometry":{"type":"LineString","coordinates":[[-94.7,31.9],[-94.7,31.9]]},"properties":{"id":"ncei-1968-10133722","eventId":"10133722","episodeId":"","year":1968,"month":12,"date":"1968-12-27","beginTime":"1968-12-27T12:00:00","endTime":"1968-12-27T12:00:00","timezone":"CST","state":"TX","stateName":"Texas","county":"Rusk","countyFips":"401","wfo":"","scale":2,"scaleLabel":"F2","lengthMiles":1,"widthYards":17,"deaths":0,"injuries":0,"propertyDamage":0,"cropDamage":0,"source":"","dataSource":"PUB"}},{"type":"Feature","geometry":{"type":"LineString","coordinates":[[-94.88,32.28],[-94.82,32.32]]},"properties":{"id":"ncei-1968-10133723","eventId":"10133723","episodeId":"","year":1968,"month":12,"date":"1968-12-27","beginTime":"1968-12-27T12:15:00","endTime":"1968-12-27T12:15:00","timezone":"CST","state":"TX","stateName":"Texas","county":"Gregg","countyFips":"183","wfo":"","scale":1,"scaleLabel":"F1","lengthMiles":4.9,"widthYards":33,"deaths":0,"injuries":0,"propertyDamage":25000,"cropDamage":0,"source":"","dataSource":"PUB"}},{"type":"Feature","geometry":{"type":"LineString","coordinates":[[-94.18,33.08],[-94.18,33.08]]},"properties":{"id":"ncei-1968-10133724","eventId":"10133724","episodeId":"","year":1968,"month":12,"date":"1968-12-27","beginTime":"1968-12-27T13:10:00","endTime":"1968-12-27T13:10:00","timezone":"CST","state":"TX","stateName":"Texas","county":"Cass","countyFips":"67","wfo":"","scale":2,"scaleLabel":"F2","lengthMiles":1,"widthYards":23,"deaths":0,"injuries":0,"propertyDamage":25000,"cropDamage":0,"source":"","dataSource":"PUB"}},{"type":"Feature","geometry":{"type":"LineString","coordinates":[[-94.28,32.75],[-94.28,32.75]]},"properties":{"id":"ncei-1968-10133725","eventId":"10133725","episodeId":"","year":1968,"month":12,"date":"1968-12-27","beginTime":"1968-12-27T13:30:00","endTime":"1968-12-27T13:30:00","timezone":"CST","state":"TX","stateName":"Texas","county":"Marion","countyFips":"315","wfo":"","scale":1,"scaleLabel":"F1","lengthMiles":0.1,"widthYards":150,"deaths":0,"injuries":0,"propertyDamage":2500,"cropDamage":0,"source":"","dataSource":"PUB"}},{"type":"Feature","geometry":{"type":"LineString","coordinates":[[-94.7,31.58],[-94.47,31.57]]},"properties":{"id":"ncei-1968-10133726","eventId":"10133726","episodeId":"","year":1968,"month":12,"date":"1968-12-27","beginTime":"1968-12-27T13:40:00","endTime":"1968-12-27T13:40:00","timezone":"CST","state":"TX","stateName":"Texas","county":"Nacogdoches","countyFips":"347","wfo":"","scale":1,"scaleLabel":"F1","lengthMiles":13.9,"widthYards":33,"deaths":0,"injuries":0,"propertyDamage":0,"cropDamage":0,"source":"","dataSource":"PUB"}},{"type":"Feature","geometry":{"type":"LineString","coordinates":[[-95.08,33.08],[-95.08,33.08]]},"properties":{"id":"ncei-1968-10134707","eventId":"10134707","episodeId":"","year":1968,"month":5,"date":"1968-05-03","beginTime":"1968-05-03T17:20:00","endTime":"1968-05-03T17:20:00","timezone":"CST","state":"TX","stateName":"Texas","county":"Titus","countyFips":"449","wfo":"","scale":0,"scaleLabel":"F0","lengthMiles":0.2,"widthYards":17,"deaths":0,"injuries":0,"propertyDamage":0,"cropDamage":0,"source":"","dataSource":"PUB"}},{"type":"Feature","geometry":{"type":"LineString","coordinates":[[-100.8,35.55],[-100.63,35.67]]},"properties":{"id":"ncei-1968-10134731","eventId":"10134731","episodeId":"","year":1968,"month":5,"date":"1968-05-06","beginTime":"1968-05-06T13:10:00","endTime":"1968-05-06T13:10:00","timezone":"CST","state":"TX","stateName":"Texas","county":"Roberts","countyFips":"393","wfo":"","scale":0,"scaleLabel":"F0","lengthMiles":12.3,"widthYards":100,"deaths":0,"injuries":0,"propertyDamage":0,"cropDamage":0,"source":"","dataSource":"PUB"}},{"type":"Feature","geometry":{"type":"LineString","coordinates":[[-100.8,35.55],[-100.63,35.67]]},"properties":{"id":"ncei-1968-10134732","eventId":"10134732","episodeId":"","year":1968,"month":5,"date":"1968-05-06","beginTime":"1968-05-06T13:10:00","endTime":"1968-05-06T13:10:00","timezone":"CST","state":"TX","stateName":"Texas","county":"Roberts","countyFips":"393","wfo":"","scale":0,"scaleLabel":"F0","lengthMiles":12.3,"widthYards":100,"deaths":0,"injuries":0,"propertyDamage":0,"cropDamage":0,"source":"","dataSource":"PUB"}},{"type":"Feature","geometry":{"type":"LineString","coordinates":[[-100.63,35.67],[-100.63,35.67]]},"properties":{"id":"ncei-1968-10134733","eventId":"10134733","episodeId":"","year":1968,"month":5,"date":"1968-05-06","beginTime":"1968-05-06T16:05:00","endTime":"1968-05-06T16:05:00","timezone":"CST","state":"TX","stateName":"Texas","county":"Roberts","countyFips":"393","wfo":"","scale":3,"scaleLabel":"F3","lengthMiles":0.5,"widthYards":100,"deaths":0,"injuries":6,"propertyDamage":2500000,"cropDamage":0,"source":"","dataSource":"PUB"}},{"type":"Feature","geometry":{"type":"LineString","coordinates":[[-97.67,33.23],[-97.67,33.23]]},"properties":{"id":"ncei-1968-10134736","eventId":"10134736","episodeId":"","year":1968,"month":5,"date":"1968-05-07","beginTime":"1968-05-07T15:20:00","endTime":"1968-05-07T15:20:00","timezone":"CST","state":"TX","stateName":"Texas","county":"Wise","countyFips":"497","wfo":"","scale":0,"scaleLabel":"F0","lengthMiles":2,"widthYards":17,"deaths":0,"injuries":0,"propertyDamage":0,"cropDamage":0,"source":"","dataSource":"PUB"}},{"type":"Feature","geometry":{"type":"LineString","coordinates":[[-97.87,32.8],[-97.87,32.8]]},"properties":{"id":"ncei-1968-10134738","eventId":"10134738","episodeId":"","year":1968,"month":5,"date":"1968-05-07","beginTime":"1968-05-07T16:23:00","endTime":"1968-05-07T16:23:00","timezone":"CST","state":"TX","stateName":"Texas","county":"Parker","countyFips":"367","wfo":"","scale":0,"scaleLabel":"F0","lengthMiles":1,"widthYards":67,"deaths":0,"injuries":0,"propertyDamage":2500,"cropDamage":0,"source":"","dataSource":"PUB"}},{"type":"Feature","geometry":{"type":"LineString","coordinates":[[-97.82,32.8],[-97.58,32.88]]},"properties":{"id":"ncei-1968-10134739","eventId":"10134739","episodeId":"","year":1968,"month":5,"date":"1968-05-07","beginTime":"1968-05-07T16:30:00","endTime":"1968-05-07T16:30:00","timezone":"CST","state":"TX","stateName":"Texas","county":"Parker","countyFips":"367","wfo":"","scale":1,"scaleLabel":"F1","lengthMiles":14.7,"widthYards":33,"deaths":0,"injuries":0,"propertyDamage":0,"cropDamage":0,"source":"","dataSource":"PUB"}},{"type":"Feature","geometry":{"type":"LineString","coordinates":[[-97.4,27.8],[-97.4,27.8]]},"properties":{"id":"ncei-1968-10134743","eventId":"10134743","episodeId":"","year":1968,"month":5,"date":"1968-05-07","beginTime":"1968-05-07T22:45:00","endTime":"1968-05-07T22:45:00","timezone":"CST","state":"TX","stateName":"Texas","county":"Nueces","countyFips":"355","wfo":"","scale":0,"scaleLabel":"F0","lengthMiles":0.2,"widthYards":10,"deaths":0,"injuries":1,"propertyDamage":0,"cropDamage":0,"source":"","dataSource":"PUB"}},{"type":"Feature","geometry":{"type":"LineString","coordinates":[[-96.88,28.63],[-96.88,28.63]]},"properties":{"id":"ncei-1968-10134745","eventId":"10134745","episodeId":"","year":1968,"month":5,"date":"1968-05-09","beginTime":"1968-05-09T06:29:00","endTime":"1968-05-09T06:29:00","timezone":"CST","state":"TX","stateName":"Texas","county":"Victoria","countyFips":"469","wfo":"","scale":0,"scaleLabel":"F0","lengthMiles":0.5,"widthYards":17,"deaths":0,"injuries":0,"propertyDamage":0,"cropDamage":0,"source":"","dataSource":"PUB"}},{"type":"Feature","geometry":{"type":"LineString","coordinates":[[-96.83,28.62],[-96.83,28.62]]},"properties":{"id":"ncei-1968-10134746","eventId":"10134746","episodeId":"","year":1968,"month":5,"date":"1968-05-09","beginTime":"1968-05-09T06:29:00","endTime":"1968-05-09T06:29:00","timezone":"CST","state":"TX","stateName":"Texas","county":"Victoria","countyFips":"469","wfo":"","scale":0,"scaleLabel":"F0","lengthMiles":0.1,"widthYards":13,"deaths":0,"injuries":0,"propertyDamage":0,"cropDamage":0,"source":"","dataSource":"PUB"}},{"type":"Feature","geometry":{"type":"LineString","coordinates":[[-97.48,27.6],[-97.48,27.6]]},"properties":{"id":"ncei-1968-10134751","eventId":"10134751","episodeId":"","year":1968,"month":5,"date":"1968-05-09","beginTime":"1968-05-09T12:20:00","endTime":"1968-05-09T12:20:00","timezone":"CST","state":"TX","stateName":"Texas","county":"Nueces","countyFips":"355","wfo":"","scale":0,"scaleLabel":"F0","lengthMiles":0.4,"widthYards":17,"deaths":0,"injuries":0,"propertyDamage":0,"cropDamage":0,"source":"","dataSource":"PUB"}},{"type":"Feature","geometry":{"type":"LineString","coordinates":[[-97.6,27.7],[-97.6,27.7]]},"properties":{"id":"ncei-1968-10134752","eventId":"10134752","episodeId":"","year":1968,"month":5,"date":"1968-05-09","beginTime":"1968-05-09T12:30:00","endTime":"1968-05-09T12:30:00","timezone":"CST","state":"TX","stateName":"Texas","county":"Nueces","countyFips":"355","wfo":"","scale":2,"scaleLabel":"F2","lengthMiles":1.5,"widthYards":10,"deaths":0,"injuries":1,"propertyDamage":25000,"cropDamage":0,"source":"","dataSource":"PUB"}},{"type":"Feature","geometry":{"type":"LineString","coordinates":[[-97.42,27.77],[-97.42,27.77]]},"properties":{"id":"ncei-1968-10134753","eventId":"10134753","episodeId":"","year":1968,"month":5,"date":"1968-05-09","beginTime":"1968-05-09T12:45:00","endTime":"1968-05-09T12:45:00","timezone":"CST","state":"TX","stateName":"Texas","county":"Nueces","countyFips":"355","wfo":"","scale":1,"scaleLabel":"F1","lengthMiles":0.4,"widthYards":17,"deaths":0,"injuries":0,"propertyDamage":2500,"cropDamage":0,"source":"","dataSource":"PUB"}},{"type":"Feature","geometry":{"type":"LineString","coordinates":[[-97.32,27.63],[-97.32,27.63]]},"properties":{"id":"ncei-1968-10134754","eventId":"10134754","episodeId":"","year":1968,"month":5,"date":"1968-05-09","beginTime":"1968-05-09T13:35:00","endTime":"1968-05-09T13:35:00","timezone":"CST","state":"TX","stateName":"Texas","county":"Nueces","countyFips":"355","wfo":"","scale":1,"scaleLabel":"F1","lengthMiles":1,"widthYards":17,"deaths":0,"injuries":0,"propertyDamage":0,"cropDamage":0,"source":"","dataSource":"PUB"}},{"type":"Feature","geometry":{"type":"LineString","coordinates":[[-97.28,27.62],[-97.28,27.62]]},"properties":{"id":"ncei-1968-10134755","eventId":"10134755","episodeId":"","year":1968,"month":5,"date":"1968-05-09","beginTime":"1968-05-09T13:45:00","endTime":"1968-05-09T13:45:00","timezone":"CST","state":"TX","stateName":"Texas","county":"Nueces","countyFips":"355","wfo":"","scale":1,"scaleLabel":"F1","lengthMiles":1,"widthYards":17,"deaths":0,"injuries":0,"propertyDamage":25000,"cropDamage":0,"source":"","dataSource":"PUB"}},{"type":"Feature","geometry":{"type":"LineString","coordinates":[[-96.25,29.93],[-96.25,29.93]]},"properties":{"id":"ncei-1968-10134761","eventId":"10134761","episodeId":"","year":1968,"month":5,"date":"1968-05-10","beginTime":"1968-05-10T07:15:00","endTime":"1968-05-10T07:15:00","timezone":"CST","state":"TX","stateName":"Texas","county":"Austin","countyFips":"15","wfo":"","scale":0,"scaleLabel":"F0","lengthMiles":0.1,"widthYards":10,"deaths":0,"injuries":0,"propertyDamage":0,"cropDamage":0,"source":"","dataSource":"PUB"}},{"type":"Feature","geometry":{"type":"LineString","coordinates":[[-99.6,33.42],[-99.6,33.42]]},"properties":{"id":"ncei-1968-10134780","eventId":"10134780","episodeId":"","year":1968,"month":5,"date":"1968-05-29","beginTime":"1968-05-29T22:00:00","endTime":"1968-05-29T22:00:00","timezone":"CST","state":"TX","stateName":"Texas","county":"Knox","countyFips":"275","wfo":"","scale":0,"scaleLabel":"F0","lengthMiles":0.5,"widthYards":17,"deaths":0,"injuries":0,"propertyDamage":0,"cropDamage":0,"source":"","dataSource":"PUB"}},{"type":"Feature","geometry":{"type":"LineString","coordinates":[[-102.38,35.98],[-102.38,35.98]]},"properties":{"id":"ncei-1968-10134783","eventId":"10134783","episodeId":"","year":1968,"month":5,"date":"1968-05-30","beginTime":"1968-05-30T17:10:00","endTime":"1968-05-30T17:10:00","timezone":"CST","state":"TX","stateName":"Texas","county":"Hartley","countyFips":"205","wfo":"","scale":0,"scaleLabel":"F0","lengthMiles":1,"widthYards":67,"deaths":0,"injuries":0,"propertyDamage":0,"cropDamage":0,"source":"","dataSource":"PUB"}},{"type":"Feature","geometry":{"type":"LineString","coordinates":[[-102.38,34.77],[-102.38,34.77]]},"properties":{"id":"ncei-1968-10134793","eventId":"10134793","episodeId":"","year":1968,"month":5,"date":"1968-05-31","beginTime":"1968-05-31T16:30:00","endTime":"1968-05-31T16:30:00","timezone":"CST","state":"TX","stateName":"Texas","county":"Deaf Smith","countyFips":"117","wfo":"","scale":0,"scaleLabel":"F0","lengthMiles":0.2,"widthYards":17,"deaths":0,"injuries":0,"propertyDamage":0,"cropDamage":0,"source":"","dataSource":"PUB"}},{"type":"Feature","geometry":{"type":"LineString","coordinates":[[-101.38,33.67],[-101.38,33.67]]},"properties":{"id":"ncei-1968-10134794","eventId":"10134794","episodeId":"","year":1968,"month":5,"date":"1968-05-31","beginTime":"1968-05-31T17:10:00","endTime":"1968-05-31T17:10:00","timezone":"CST","state":"TX","stateName":"Texas","county":"Crosby","countyFips":"107","wfo":"","scale":0,"scaleLabel":"F0","lengthMiles":0,"widthYards":23,"deaths":0,"injuries":0,"propertyDamage":0,"cropDamage":0,"source":"","dataSource":"PUB"}},{"type":"Feature","geometry":{"type":"LineString","coordinates":[[-101.92,34.3],[-101.92,34.3]]},"properties":{"id":"ncei-1968-10134795","eventId":"10134795","episodeId":"","year":1968,"month":5,"date":"1968-05-31","beginTime":"1968-05-31T17:10:00","endTime":"1968-05-31T17:10:00","timezone":"CST","state":"TX","stateName":"Texas","county":"Hale","countyFips":"189","wfo":"","scale":0,"scaleLabel":"F0","lengthMiles":0.1,"widthYards":17,"deaths":0,"injuries":0,"propertyDamage":0,"cropDamage":0,"source":"","dataSource":"PUB"}},{"type":"Feature","geometry":{"type":"LineString","coordinates":[[-101.92,34.3],[-101.92,34.3]]},"properties":{"id":"ncei-1968-10134796","eventId":"10134796","episodeId":"","year":1968,"month":5,"date":"1968-05-31","beginTime":"1968-05-31T17:10:00","endTime":"1968-05-31T17:10:00","timezone":"CST","state":"TX","stateName":"Texas","county":"Hale","countyFips":"189","wfo":"","scale":0,"scaleLabel":"F0","lengthMiles":0.1,"widthYards":17,"deaths":0,"injuries":0,"propertyDamage":0,"cropDamage":0,"source":"","dataSource":"PUB"}},{"type":"Feature","geometry":{"type":"LineString","coordinates":[[-101.92,34.3],[-101.92,34.3]]},"properties":{"id":"ncei-1968-10134797","eventId":"10134797","episodeId":"","year":1968,"month":5,"date":"1968-05-31","beginTime":"1968-05-31T17:10:00","endTime":"1968-05-31T17:10:00","timezone":"CST","state":"TX","stateName":"Texas","county":"Hale","countyFips":"189","wfo":"","scale":0,"scaleLabel":"F0","lengthMiles":0.1,"widthYards":17,"deaths":0,"injuries":0,"propertyDamage":0,"cropDamage":0,"source":"","dataSource":"PUB"}},{"type":"Feature","geometry":{"type":"LineString","coordinates":[[-101.92,34.3],[-101.87,34.3]]},"properties":{"id":"ncei-1968-10134798","eventId":"10134798","episodeId":"","year":1968,"month":5,"date":"1968-05-31","beginTime":"1968-05-31T17:10:00","endTime":"1968-05-31T17:10:00","timezone":"CST","state":"TX","stateName":"Texas","county":"Hale","countyFips":"189","wfo":"","scale":2,"scaleLabel":"F2","lengthMiles":3,"widthYards":33,"deaths":0,"injuries":0,"propertyDamage":2500000,"cropDamage":0,"source":"","dataSource":"PUB"}},{"type":"Feature","geometry":{"type":"LineString","coordinates":[[-101.78,34.52],[-101.78,34.52]]},"properties":{"id":"ncei-1968-10134799","eventId":"10134799","episodeId":"","year":1968,"month":5,"date":"1968-05-31","beginTime":"1968-05-31T17:25:00","endTime":"1968-05-31T17:25:00","timezone":"CST","state":"TX","stateName":"Texas","county":"Swisher","countyFips":"437","wfo":"","scale":1,"scaleLabel":"F1","lengthMiles":0,"widthYards":33,"deaths":0,"injuries":0,"propertyDamage":0,"cropDamage":0,"source":"","dataSource":"PUB"}},{"type":"Feature","geometry":{"type":"LineString","coordinates":[[-102.17,33.68],[-102.17,33.68]]},"properties":{"id":"ncei-1968-10134802","eventId":"10134802","episodeId":"","year":1968,"month":5,"date":"1968-05-31","beginTime":"1968-05-31T19:16:00","endTime":"1968-05-31T19:16:00","timezone":"CST","state":"TX","stateName":"Texas","county":"Hockley","countyFips":"219","wfo":"","scale":0,"scaleLabel":"F0","lengthMiles":2,"widthYards":17,"deaths":0,"injuries":0,"propertyDamage":0,"cropDamage":0,"source":"","dataSource":"PUB"}},{"type":"Feature","geometry":{"type":"LineString","coordinates":[[-101.25,33.17],[-101.18,33.2]]},"properties":{"id":"ncei-1968-10134807","eventId":"10134807","episodeId":"","year":1968,"month":5,"date":"1968-05-31","beginTime":"1968-05-31T21:00:00","endTime":"1968-05-31T21:00:00","timezone":"CST","state":"TX","stateName":"Texas","county":"Garza","countyFips":"169","wfo":"","scale":1,"scaleLabel":"F1","lengthMiles":4.7,"widthYards":33,"deaths":0,"injuries":0,"propertyDamage":25000,"cropDamage":0,"source":"","dataSource":"PUB"}},{"type":"Feature","geometry":{"type":"LineString","coordinates":[[-97.42,32.75],[-97.42,32.75]]},"properties":{"id":"ncei-1968-10134813","eventId":"10134813","episodeId":"","year":1968,"month":6,"date":"1968-06-03","beginTime":"1968-06-03T15:00:00","endTime":"1968-06-03T15:00:00","timezone":"CST","state":"TX","stateName":"Texas","county":"Tarrant","countyFips":"439","wfo":"","scale":0,"scaleLabel":"F0","lengthMiles":0.1,"widthYards":17,"deaths":0,"injuries":0,"propertyDamage":0,"cropDamage":0,"source":"","dataSource":"PUB"}},{"type":"Feature","geometry":{"type":"LineString","coordinates":[[-97.75,26.48],[-97.75,26.48]]},"properties":{"id":"ncei-1968-10134815","eventId":"10134815","episodeId":"","year":1968,"month":6,"date":"1968-06-04","beginTime":"1968-06-04T14:23:00","endTime":"1968-06-04T14:23:00","timezone":"CST","state":"TX","stateName":"Texas","county":"Willacy","countyFips":"489","wfo":"","scale":0,"scaleLabel":"F0","lengthMiles":0.5,"widthYards":17,"deaths":0,"injuries":0,"propertyDamage":0,"cropDamage":0,"source":"","dataSource":"PUB"}},{"type":"Feature","geometry":{"type":"LineString","coordinates":[[-100.83,36.42],[-100.83,36.42]]},"properties":{"id":"ncei-1968-10134820","eventId":"10134820","episodeId":"","year":1968,"month":6,"date":"1968-06-06","beginTime":"1968-06-06T16:15:00","endTime":"1968-06-06T16:15:00","timezone":"CST","state":"TX","stateName":"Texas","county":"Ochiltree","countyFips":"357","wfo":"","scale":0,"scaleLabel":"F0","lengthMiles":0,"widthYards":33,"deaths":0,"injuries":0,"propertyDamage":0,"cropDamage":0,"source":"","dataSource":"PUB"}},{"type":"Feature","geometry":{"type":"LineString","coordinates":[[-101.7,26.48],[-101.7,26.48]]},"properties":{"id":"ncei-1968-10134824","eventId":"10134824","episodeId":"","year":1968,"month":6,"date":"1968-06-07","beginTime":"1968-06-07T21:25:00","endTime":"1968-06-07T21:25:00","timezone":"CST","state":"TX","stateName":"Texas","county":"Sherman","countyFips":"421","wfo":"","scale":0,"scaleLabel":"F0","lengthMiles":0.5,"widthYards":33,"deaths":0,"injuries":0,"propertyDamage":0,"cropDamage":0,"source":"","dataSource":"PUB"}},{"type":"Feature","geometry":{"type":"LineString","coordinates":[[-101.7,33.17],[-101.05,33.47]]},"properties":{"id":"ncei-1968-10134829","eventId":"10134829","episodeId":"","year":1968,"month":6,"date":"1968-06-08","beginTime":"1968-06-08T18:15:00","endTime":"1968-06-08T18:15:00","timezone":"CST","state":"TX","stateName":"Texas","county":"Lynn","countyFips":"305","wfo":"","scale":1,"scaleLabel":"F1","lengthMiles":42.8,"widthYards":100,"deaths":0,"injuries":0,"propertyDamage":25000,"cropDamage":0,"source":"","dataSource":"PUB"}},{"type":"Feature","geometry":{"type":"LineString","coordinates":[[-101.58,33.23],[-101.52,33.28]]},"properties":{"id":"ncei-1968-10134834","eventId":"10134834","episodeId":"","year":1968,"month":6,"date":"1968-06-08","beginTime":"1968-06-08T21:00:00","endTime":"1968-06-08T21:00:00","timezone":"CST","state":"TX","stateName":"Texas","county":"Lynn","countyFips":"305","wfo":"","scale":0,"scaleLabel":"F0","lengthMiles":5.4,"widthYards":33,"deaths":0,"injuries":0,"propertyDamage":0,"cropDamage":0,"source":"","dataSource":"PUB"}},{"type":"Feature","geometry":{"type":"LineString","coordinates":[[-102.52,35.95],[-102.52,35.95]]},"properties":{"id":"ncei-1968-10135623","eventId":"10135623","episodeId":"","year":1968,"month":5,"date":"1968-05-10","beginTime":"1968-05-10T18:00:00","endTime":"1968-05-10T18:00:00","timezone":"CST","state":"TX","stateName":"Texas","county":"Hartley","countyFips":"205","wfo":"","scale":0,"scaleLabel":"F0","lengthMiles":0.5,"widthYards":100,"deaths":0,"injuries":0,"propertyDamage":0,"cropDamage":0,"source":"","dataSource":"PUB"}},{"type":"Feature","geometry":{"type":"LineString","coordinates":[[-101.8,33.28],[-101.42,33.5]]},"properties":{"id":"ncei-1968-10135695","eventId":"10135695","episodeId":"","year":1968,"month":6,"date":"1968-06-08","beginTime":"1968-06-08T21:00:00","endTime":"1968-06-08T21:00:00","timezone":"CST","state":"TX","stateName":"Texas","county":"Lynn","countyFips":"305","wfo":"","scale":1,"scaleLabel":"F1","lengthMiles":26.7,"widthYards":33,"deaths":0,"injuries":0,"propertyDamage":0,"cropDamage":0,"source":"","dataSource":"PUB"}},{"type":"Feature","geometry":{"type":"LineString","coordinates":[[-101.2,34.95],[-101.2,34.95]]},"properties":{"id":"ncei-1968-10135698","eventId":"10135698","episodeId":"","year":1968,"month":6,"date":"1968-06-09","beginTime":"1968-06-09T08:30:00","endTime":"1968-06-09T08:30:00","timezone":"CST","state":"TX","stateName":"Texas","county":"Armstrong","countyFips":"11","wfo":"","scale":0,"scaleLabel":"F0","lengthMiles":1,"widthYards":17,"deaths":0,"injuries":0,"propertyDamage":0,"cropDamage":0,"source":"","dataSource":"PUB"}},{"type":"Feature","geometry":{"type":"LineString","coordinates":[[-100.27,36.03],[-100.27,36.03]]},"properties":{"id":"ncei-1968-10135703","eventId":"10135703","episodeId":"","year":1968,"month":6,"date":"1968-06-09","beginTime":"1968-06-09T13:30:00","endTime":"1968-06-09T13:30:00","timezone":"CST","state":"TX","stateName":"Texas","county":"Hemphill","countyFips":"211","wfo":"","scale":1,"scaleLabel":"F1","lengthMiles":0.1,"widthYards":100,"deaths":0,"injuries":0,"propertyDamage":0,"cropDamage":0,"source":"","dataSource":"PUB"}},{"type":"Feature","geometry":{"type":"LineString","coordinates":[[-101.92,34.3],[-101.83,34.35]]},"properties":{"id":"ncei-1968-10135707","eventId":"10135707","episodeId":"","year":1968,"month":6,"date":"1968-06-09","beginTime":"1968-06-09T17:00:00","endTime":"1968-06-09T17:00:00","timezone":"CST","state":"TX","stateName":"Texas","county":"Hale","countyFips":"189","wfo":"","scale":1,"scaleLabel":"F1","lengthMiles":5.9,"widthYards":33,"deaths":0,"injuries":0,"propertyDamage":250000,"cropDamage":0,"source":"","dataSource":"PUB"}},{"type":"Feature","geometry":{"type":"LineString","coordinates":[[-98.57,29.07],[-98.57,29.07]]},"properties":{"id":"ncei-1968-10135856","eventId":"10135856","episodeId":"","year":1968,"month":5,"date":"1968-05-11","beginTime":"1968-05-11T01:20:00","endTime":"1968-05-11T01:20:00","timezone":"CST","state":"TX","stateName":"Texas","county":"Atascosa","countyFips":"13","wfo":"","scale":0,"scaleLabel":"F0","lengthMiles":0.1,"widthYards":13,"deaths":0,"injuries":0,"propertyDamage":0,"cropDamage":0,"source":"","dataSource":"PUB"}},{"type":"Feature","geometry":{"type":"LineString","coordinates":[[-97.08,27.92],[-97.08,27.92]]},"properties":{"id":"ncei-1968-10135861","eventId":"10135861","episodeId":"","year":1968,"month":5,"date":"1968-05-11","beginTime":"1968-05-11T06:00:00","endTime":"1968-05-11T06:00:00","timezone":"CST","state":"TX","stateName":"Texas","county":"Aransas","countyFips":"7","wfo":"","scale":1,"scaleLabel":"F1","lengthMiles":1,"widthYards":33,"deaths":0,"injuries":0,"propertyDamage":2500,"cropDamage":0,"source":"","dataSource":"PUB"}},{"type":"Feature","geometry":{"type":"LineString","coordinates":[[-98.12,29.7],[-98.12,29.7]]},"properties":{"id":"ncei-1968-10135862","eventId":"10135862","episodeId":"","year":1968,"month":5,"date":"1968-05-11","beginTime":"1968-05-11T07:00:00","endTime":"1968-05-11T07:00:00","timezone":"CST","state":"TX","stateName":"Texas","county":"Comal","countyFips":"91","wfo":"","scale":0,"scaleLabel":"F0","lengthMiles":0.1,"widthYards":10,"deaths":0,"injuries":0,"propertyDamage":0,"cropDamage":0,"source":"","dataSource":"PUB"}},{"type":"Feature","geometry":{"type":"LineString","coordinates":[[-94.83,29.37],[-94.83,29.37]]},"properties":{"id":"ncei-1968-10135864","eventId":"10135864","episodeId":"","year":1968,"month":5,"date":"1968-05-11","beginTime":"1968-05-11T12:15:00","endTime":"1968-05-11T12:15:00","timezone":"CST","state":"TX","stateName":"Texas","county":"Galveston","countyFips":"167","wfo":"","scale":0,"scaleLabel":"F0","lengthMiles":0.5,"widthYards":13,"deaths":0,"injuries":0,"propertyDamage":0,"cropDamage":0,"source":"","dataSource":"PUB"}},{"type":"Feature","geometry":{"type":"LineString","coordinates":[[-97.23,32.17],[-97.05,32.28]]},"properties":{"id":"ncei-1968-10135867","eventId":"10135867","episodeId":"","year":1968,"month":5,"date":"1968-05-11","beginTime":"1968-05-11T22:44:00","endTime":"1968-05-11T22:44:00","timezone":"CST","state":"TX","stateName":"Texas","county":"Hill","countyFips":"217","wfo":"","scale":2,"scaleLabel":"F2","lengthMiles":13.5,"widthYards":33,"deaths":0,"injuries":0,"propertyDamage":250000,"cropDamage":0,"source":"","dataSource":"PUB"}},{"type":"Feature","geometry":{"type":"LineString","coordinates":[[-95.17,29.4],[-95.17,29.4]]},"properties":{"id":"ncei-1968-10135870","eventId":"10135870","episodeId":"","year":1968,"month":5,"date":"1968-05-12","beginTime":"1968-05-12T07:05:00","endTime":"1968-05-12T07:05:00","timezone":"CST","state":"TX","stateName":"Texas","county":"Galveston","countyFips":"167","wfo":"","scale":0,"scaleLabel":"F0","lengthMiles":0.1,"widthYards":17,"deaths":0,"injuries":0,"propertyDamage":0,"cropDamage":0,"source":"","dataSource":"PUB"}},{"type":"Feature","geometry":{"type":"LineString","coordinates":[[-96.78,32.67],[-96.78,32.67]]},"properties":{"id":"ncei-1968-10135871","eventId":"10135871","episodeId":"","year":1968,"month":5,"date":"1968-05-13","beginTime":"1968-05-13T02:42:00","endTime":"1968-05-13T02:42:00","timezone":"CST","state":"TX","stateName":"Texas","county":"Dallas","countyFips":"113","wfo":"","scale":1,"scaleLabel":"F1","lengthMiles":1,"widthYards":17,"deaths":0,"injuries":0,"propertyDamage":0,"cropDamage":0,"source":"","dataSource":"PUB"}},{"type":"Feature","geometry":{"type":"LineString","coordinates":[[-96.5,32.93],[-96.5,32.93]]},"properties":{"id":"ncei-1968-10135872","eventId":"10135872","episodeId":"","year":1968,"month":5,"date":"1968-05-13","beginTime":"1968-05-13T03:00:00","endTime":"1968-05-13T03:00:00","timezone":"CST","state":"TX","stateName":"Texas","county":"Collin","countyFips":"85","wfo":"","scale":2,"scaleLabel":"F2","lengthMiles":0.4,"widthYards":33,"deaths":0,"injuries":0,"propertyDamage":25000,"cropDamage":0,"source":"","dataSource":"PUB"}},{"type":"Feature","geometry":{"type":"LineString","coordinates":[[-97.37,32.38],[-97.37,32.38]]},"properties":{"id":"ncei-1968-10135873","eventId":"10135873","episodeId":"","year":1968,"month":5,"date":"1968-05-13","beginTime":"1968-05-13T12:17:00","endTime":"1968-05-13T12:17:00","timezone":"CST","state":"TX","stateName":"Texas","county":"Johnson","countyFips":"251","wfo":"","scale":2,"scaleLabel":"F2","lengthMiles":0.2,"widthYards":33,"deaths":0,"injuries":0,"propertyDamage":250000,"cropDamage":0,"source":"","dataSource":"PUB"}},{"type":"Feature","geometry":{"type":"LineString","coordinates":[[-98.1,33.67],[-98.1,33.67]]},"properties":{"id":"ncei-1968-10135882","eventId":"10135882","episodeId":"","year":1968,"month":5,"date":"1968-05-16","beginTime":"1968-05-16T14:35:00","endTime":"1968-05-16T14:35:00","timezone":"CST","state":"TX","stateName":"Texas","county":"Clay","countyFips":"77","wfo":"","scale":1,"scaleLabel":"F1","lengthMiles":0.1,"widthYards":17,"deaths":0,"injuries":0,"propertyDamage":0,"cropDamage":0,"source":"","dataSource":"PUB"}},{"type":"Feature","geometry":{"type":"LineString","coordinates":[[-99.33,34.12],[-99.33,34.12]]},"properties":{"id":"ncei-1968-10135883","eventId":"10135883","episodeId":"","year":1968,"month":5,"date":"1968-05-16","beginTime":"1968-05-16T15:10:00","endTime":"1968-05-16T15:10:00","timezone":"CST","state":"TX","stateName":"Texas","county":"Wilbarger","countyFips":"487","wfo":"","scale":3,"scaleLabel":"F3","lengthMiles":2,"widthYards":23,"deaths":0,"injuries":0,"propertyDamage":25000,"cropDamage":0,"source":"","dataSource":"PUB"}},{"type":"Feature","geometry":{"type":"LineString","coordinates":[[-97.98,31.45],[-97.98,31.45]]},"properties":{"id":"ncei-1968-10135894","eventId":"10135894","episodeId":"","year":1968,"month":5,"date":"1968-05-17","beginTime":"1968-05-17T10:00:00","endTime":"1968-05-17T10:00:00","timezone":"CST","state":"TX","stateName":"Texas","county":"Coryell","countyFips":"99","wfo":"","scale":1,"scaleLabel":"F1","lengthMiles":1,"widthYards":17,"deaths":0,"injuries":0,"propertyDamage":0,"cropDamage":0,"source":"","dataSource":"PUB"}},{"type":"Feature","geometry":{"type":"LineString","coordinates":[[-95.88,32.57],[-95.88,32.57]]},"properties":{"id":"ncei-1968-10135899","eventId":"10135899","episodeId":"","year":1968,"month":5,"date":"1968-05-17","beginTime":"1968-05-17T20:30:00","endTime":"1968-05-17T20:30:00","timezone":"CST","state":"TX","stateName":"Texas","county":"Van Zandt","countyFips":"467","wfo":"","scale":0,"scaleLabel":"F0","lengthMiles":0.8,"widthYards":13,"deaths":0,"injuries":0,"propertyDamage":0,"cropDamage":0,"source":"","dataSource":"PUB"}},{"type":"Feature","geometry":{"type":"LineString","coordinates":[[-95.17,32.23],[-95.17,32.23]]},"properties":{"id":"ncei-1968-10135900","eventId":"10135900","episodeId":"","year":1968,"month":5,"date":"1968-05-17","beginTime":"1968-05-17T21:00:00","endTime":"1968-05-17T21:00:00","timezone":"CST","state":"TX","stateName":"Texas","county":"Smith","countyFips":"423","wfo":"","scale":0,"scaleLabel":"F0","lengthMiles":1,"widthYards":13,"deaths":0,"injuries":0,"propertyDamage":0,"cropDamage":0,"source":"","dataSource":"PUB"}},{"type":"Feature","geometry":{"type":"LineString","coordinates":[[-102.23,31.92],[-102.23,31.92]]},"properties":{"id":"ncei-1968-10135935","eventId":"10135935","episodeId":"","year":1968,"month":6,"date":"1968-06-14","beginTime":"1968-06-14T16:55:00","endTime":"1968-06-14T16:55:00","timezone":"CST","state":"TX","stateName":"Texas","county":"Ector","countyFips":"135","wfo":"","scale":0,"scaleLabel":"F0","lengthMiles":1,"widthYards":67,"deaths":0,"injuries":0,"propertyDamage":2500,"cropDamage":0,"source":"","dataSource":"PUB"}},{"type":"Feature","geometry":{"type":"LineString","coordinates":[[-102.72,34.23],[-102.72,34.23]]},"properties":{"id":"ncei-1968-10135940","eventId":"10135940","episodeId":"","year":1968,"month":6,"date":"1968-06-16","beginTime":"1968-06-16T15:00:00","endTime":"1968-06-16T15:00:00","timezone":"CST","state":"TX","stateName":"Texas","county":"Bailey","countyFips":"17","wfo":"","scale":1,"scaleLabel":"F1","lengthMiles":0.1,"widthYards":10,"deaths":0,"injuries":0,"propertyDamage":0,"cropDamage":0,"source":"","dataSource":"PUB"}},{"type":"Feature","geometry":{"type":"LineString","coordinates":[[-101.73,32.22],[-101.73,32.22]]},"properties":{"id":"ncei-1968-10135950","eventId":"10135950","episodeId":"","year":1968,"month":6,"date":"1968-06-16","beginTime":"1968-06-16T21:46:00","endTime":"1968-06-16T21:46:00","timezone":"CST","state":"TX","stateName":"Texas","county":"Martin","countyFips":"317","wfo":"","scale":0,"scaleLabel":"F0","lengthMiles":1,"widthYards":33,"deaths":0,"injuries":0,"propertyDamage":0,"cropDamage":0,"source":"","dataSource":"PUB"}},{"type":"Feature","geometry":{"type":"LineString","coordinates":[[-97.78,26.13],[-97.78,26.13]]},"properties":{"id":"ncei-1968-10135953","eventId":"10135953","episodeId":"","year":1968,"month":6,"date":"1968-06-20","beginTime":"1968-06-20T14:05:00","endTime":"1968-06-20T14:05:00","timezone":"CST","state":"TX","stateName":"Texas","county":"Cameron","countyFips":"61","wfo":"","scale":1,"scaleLabel":"F1","lengthMiles":0.2,"widthYards":17,"deaths":0,"injuries":0,"propertyDamage":0,"cropDamage":0,"source":"","dataSource":"PUB"}},{"type":"Feature","geometry":{"type":"LineString","coordinates":[[-96.38,30.23],[-96.38,30.23]]},"properties":{"id":"ncei-1968-10135954","eventId":"10135954","episodeId":"","year":1968,"month":6,"date":"1968-06-22","beginTime":"1968-06-22T17:20:00","endTime":"1968-06-22T17:20:00","timezone":"CST","state":"TX","stateName":"Texas","county":"Washington","countyFips":"477","wfo":"","scale":0,"scaleLabel":"F0","lengthMiles":0.1,"widthYards":10,"deaths":0,"injuries":0,"propertyDamage":0,"cropDamage":0,"source":"","dataSource":"PUB"}},{"type":"Feature","geometry":{"type":"LineString","coordinates":[[-96.27,29.18],[-96.27,29.18]]},"properties":{"id":"ncei-1968-10135955","eventId":"10135955","episodeId":"","year":1968,"month":6,"date":"1968-06-23","beginTime":"1968-06-23T13:10:00","endTime":"1968-06-23T13:10:00","timezone":"CST","state":"TX","stateName":"Texas","county":"Wharton","countyFips":"481","wfo":"","scale":1,"scaleLabel":"F1","lengthMiles":0.1,"widthYards":17,"deaths":0,"injuries":0,"propertyDamage":0,"cropDamage":0,"source":"","dataSource":"PUB"}},{"type":"Feature","geometry":{"type":"LineString","coordinates":[[-96.27,29.18],[-96.27,29.18]]},"properties":{"id":"ncei-1968-10135956","eventId":"10135956","episodeId":"","year":1968,"month":6,"date":"1968-06-23","beginTime":"1968-06-23T13:10:00","endTime":"1968-06-23T13:10:00","timezone":"CST","state":"TX","stateName":"Texas","county":"Wharton","countyFips":"481","wfo":"","scale":1,"scaleLabel":"F1","lengthMiles":0.1,"widthYards":17,"deaths":0,"injuries":0,"propertyDamage":0,"cropDamage":0,"source":"","dataSource":"PUB"}},{"type":"Feature","geometry":{"type":"LineString","coordinates":[[-96.27,29.18],[-96.27,29.18]]},"properties":{"id":"ncei-1968-10135957","eventId":"10135957","episodeId":"","year":1968,"month":6,"date":"1968-06-23","beginTime":"1968-06-23T13:10:00","endTime":"1968-06-23T13:10:00","timezone":"CST","state":"TX","stateName":"Texas","county":"Wharton","countyFips":"481","wfo":"","scale":1,"scaleLabel":"F1","lengthMiles":0.1,"widthYards":17,"deaths":0,"injuries":0,"propertyDamage":0,"cropDamage":0,"source":"","dataSource":"PUB"}},{"type":"Feature","geometry":{"type":"LineString","coordinates":[[-95.42,32.5],[-95.42,32.5]]},"properties":{"id":"ncei-1968-10135959","eventId":"10135959","episodeId":"","year":1968,"month":6,"date":"1968-06-24","beginTime":"1968-06-24T05:30:00","endTime":"1968-06-24T05:30:00","timezone":"CST","state":"TX","stateName":"Texas","county":"Smith","countyFips":"423","wfo":"","scale":2,"scaleLabel":"F2","lengthMiles":0.5,"widthYards":33,"deaths":0,"injuries":0,"propertyDamage":2500,"cropDamage":0,"source":"","dataSource":"PUB"}},{"type":"Feature","geometry":{"type":"LineString","coordinates":[[-94.28,31.53],[-94.28,31.53]]},"properties":{"id":"ncei-1968-10135960","eventId":"10135960","episodeId":"","year":1968,"month":6,"date":"1968-06-24","beginTime":"1968-06-24T10:00:00","endTime":"1968-06-24T10:00:00","timezone":"CST","state":"TX","stateName":"Texas","county":"San Augustine","countyFips":"405","wfo":"","scale":1,"scaleLabel":"F1","lengthMiles":0.8,"widthYards":100,"deaths":0,"injuries":0,"propertyDamage":25000,"cropDamage":0,"source":"","dataSource":"PUB"}},{"type":"Feature","geometry":{"type":"LineString","coordinates":[[-97.95,32.65],[-97.95,32.65]]},"properties":{"id":"ncei-1968-10135962","eventId":"10135962","episodeId":"","year":1968,"month":6,"date":"1968-06-25","beginTime":"1968-06-25T18:00:00","endTime":"1968-06-25T18:00:00","timezone":"CST","state":"TX","stateName":"Texas","county":"Parker","countyFips":"367","wfo":"","scale":1,"scaleLabel":"F1","lengthMiles":2,"widthYards":13,"deaths":0,"injuries":0,"propertyDamage":0,"cropDamage":0,"source":"","dataSource":"PUB"}},{"type":"Feature","geometry":{"type":"LineString","coordinates":[[-101.18,35.42],[-101.18,35.42]]},"properties":{"id":"ncei-1968-10135973","eventId":"10135973","episodeId":"","year":1968,"month":7,"date":"1968-07-17","beginTime":"1968-07-17T17:30:00","endTime":"1968-07-17T17:30:00","timezone":"CST","state":"TX","stateName":"Texas","county":"Carson","countyFips":"65","wfo":"","scale":0,"scaleLabel":"F0","lengthMiles":0.5,"widthYards":100,"deaths":0,"injuries":0,"propertyDamage":0,"cropDamage":0,"source":"","dataSource":"PUB"}},{"type":"Feature","geometry":{"type":"LineString","coordinates":[[-101.1,35.47],[-101.03,35.5]]},"properties":{"id":"ncei-1968-10135974","eventId":"10135974","episodeId":"","year":1968,"month":7,"date":"1968-07-17","beginTime":"1968-07-17T20:02:00","endTime":"1968-07-17T20:02:00","timezone":"CST","state":"TX","stateName":"Texas","county":"Carson","countyFips":"65","wfo":"","scale":0,"scaleLabel":"F0","lengthMiles":4.5,"widthYards":33,"deaths":0,"injuries":0,"propertyDamage":0,"cropDamage":0,"source":"","dataSource":"PUB"}},{"type":"Feature","geometry":{"type":"LineString","coordinates":[[-101.03,35.52],[-101,35.57]]},"properties":{"id":"ncei-1968-10135975","eventId":"10135975","episodeId":"","year":1968,"month":7,"date":"1968-07-17","beginTime":"1968-07-17T20:02:00","endTime":"1968-07-17T20:02:00","timezone":"CST","state":"TX","stateName":"Texas","county":"Carson","countyFips":"65","wfo":"","scale":0,"scaleLabel":"F0","lengthMiles":3.8,"widthYards":33,"deaths":0,"injuries":0,"propertyDamage":0,"cropDamage":0,"source":"","dataSource":"PUB"}},{"type":"Feature","geometry":{"type":"LineString","coordinates":[[-100.32,35.28],[-100.32,35.28]]},"properties":{"id":"ncei-1968-10135976","eventId":"10135976","episodeId":"","year":1968,"month":7,"date":"1968-07-17","beginTime":"1968-07-17T20:35:00","endTime":"1968-07-17T20:35:00","timezone":"CST","state":"TX","stateName":"Texas","county":"Wheeler","countyFips":"483","wfo":"","scale":0,"scaleLabel":"F0","lengthMiles":0,"widthYards":33,"deaths":0,"injuries":0,"propertyDamage":0,"cropDamage":0,"source":"","dataSource":"PUB"}},{"type":"Feature","geometry":{"type":"LineString","coordinates":[[-81.6,39.3],[-81.6,39.3]]},"properties":{"id":"ncei-1968-10145447","eventId":"10145447","episodeId":"","year":1968,"month":6,"date":"1968-06-12","beginTime":"1968-06-12T01:15:00","endTime":"1968-06-12T01:15:00","timezone":"CST","state":"WV","stateName":"West Virginia","county":"Wood","countyFips":"107","wfo":"","scale":0,"scaleLabel":"F0","lengthMiles":0,"widthYards":33,"deaths":0,"injuries":0,"propertyDamage":0,"cropDamage":0,"source":"","dataSource":"PUB"}},{"type":"Feature","geometry":{"type":"LineString","coordinates":[[-88.97,43.75],[-88.9,43.75]]},"properties":{"id":"ncei-1968-10145573","eventId":"10145573","episodeId":"","year":1968,"month":8,"date":"1968-08-19","beginTime":"1968-08-19T20:00:00","endTime":"1968-08-19T20:00:00","timezone":"CST","state":"WI","stateName":"Wisconsin","county":"Green Lake","countyFips":"47","wfo":"","scale":2,"scaleLabel":"F2","lengthMiles":2.3,"widthYards":50,"deaths":0,"injuries":1,"propertyDamage":25000,"cropDamage":0,"source":"","dataSource":"PUB"}},{"type":"Feature","geometry":{"type":"LineString","coordinates":[[-88.9,43.75],[-88.37,43.77]]},"properties":{"id":"ncei-1968-10145574","eventId":"10145574","episodeId":"","year":1968,"month":8,"date":"1968-08-19","beginTime":"1968-08-19T20:10:00","endTime":"1968-08-19T20:10:00","timezone":"CST","state":"WI","stateName":"Wisconsin","county":"Fond Du Lac","countyFips":"39","wfo":"","scale":2,"scaleLabel":"F2","lengthMiles":26.4,"widthYards":50,"deaths":0,"injuries":1,"propertyDamage":25000,"cropDamage":0,"source":"","dataSource":"PUB"}},{"type":"Feature","geometry":{"type":"LineString","coordinates":[[-91.35,44.3],[-91.27,44.37]]},"properties":{"id":"ncei-1968-10148659","eventId":"10148659","episodeId":"","year":1968,"month":3,"date":"1968-03-27","beginTime":"1968-03-27T18:20:00","endTime":"1968-03-27T18:20:00","timezone":"CST","state":"WI","stateName":"Wisconsin","county":"Trempealeau","countyFips":"121","wfo":"","scale":2,"scaleLabel":"F2","lengthMiles":5.7,"widthYards":100,"deaths":0,"injuries":1,"propertyDamage":250000,"cropDamage":0,"source":"","dataSource":"PUB"}},{"type":"Feature","geometry":{"type":"LineString","coordinates":[[-89.35,43.1],[-89.35,43.1]]},"properties":{"id":"ncei-1968-10148660","eventId":"10148660","episodeId":"","year":1968,"month":4,"date":"1968-04-20","beginTime":"1968-04-20T11:51:00","endTime":"1968-04-20T11:51:00","timezone":"CST","state":"WI","stateName":"Wisconsin","county":"Dane","countyFips":"25","wfo":"","scale":2,"scaleLabel":"F2","lengthMiles":0.1,"widthYards":33,"deaths":0,"injuries":0,"propertyDamage":25000,"cropDamage":0,"source":"","dataSource":"PUB"}},{"type":"Feature","geometry":{"type":"LineString","coordinates":[[-88.53,43.55],[-88.53,43.55]]},"properties":{"id":"ncei-1968-10148661","eventId":"10148661","episodeId":"","year":1968,"month":4,"date":"1968-04-20","beginTime":"1968-04-20T13:35:00","endTime":"1968-04-20T13:35:00","timezone":"CST","state":"WI","stateName":"Wisconsin","county":"Dodge","countyFips":"27","wfo":"","scale":1,"scaleLabel":"F1","lengthMiles":2,"widthYards":100,"deaths":0,"injuries":0,"propertyDamage":25000,"cropDamage":0,"source":"","dataSource":"PUB"}},{"type":"Feature","geometry":{"type":"LineString","coordinates":[[-89.6,43.32],[-89.6,43.32]]},"properties":{"id":"ncei-1968-10148667","eventId":"10148667","episodeId":"","year":1968,"month":5,"date":"1968-05-18","beginTime":"1968-05-18T10:45:00","endTime":"1968-05-18T10:45:00","timezone":"CST","state":"WI","stateName":"Wisconsin","county":"Columbia","countyFips":"21","wfo":"","scale":1,"scaleLabel":"F1","lengthMiles":0.5,"widthYards":50,"deaths":0,"injuries":0,"propertyDamage":2500,"cropDamage":0,"source":"","dataSource":"PUB"}},{"type":"Feature","geometry":{"type":"LineString","coordinates":[[-88.45,42.57],[-88.45,42.57]]},"properties":{"id":"ncei-1968-10148668","eventId":"10148668","episodeId":"","year":1968,"month":5,"date":"1968-05-27","beginTime":"1968-05-27T17:45:00","endTime":"1968-05-27T17:45:00","timezone":"CST","state":"WI","stateName":"Wisconsin","county":"Walworth","countyFips":"127","wfo":"","scale":0,"scaleLabel":"F0","lengthMiles":1,"widthYards":100,"deaths":0,"injuries":0,"propertyDamage":25000,"cropDamage":0,"source":"","dataSource":"PUB"}},{"type":"Feature","geometry":{"type":"LineString","coordinates":[[-88.7,45.67],[-88.7,45.67]]},"properties":{"id":"ncei-1968-10148912","eventId":"10148912","episodeId":"","year":1968,"month":6,"date":"1968-06-30","beginTime":"1968-06-30T04:00:00","endTime":"1968-06-30T04:00:00","timezone":"CST","state":"WI","stateName":"Wisconsin","county":"Forest","countyFips":"41","wfo":"","scale":2,"scaleLabel":"F2","lengthMiles":1,"widthYards":200,"deaths":0,"injuries":0,"propertyDamage":25000,"cropDamage":0,"source":"","dataSource":"PUB"}},{"type":"Feature","geometry":{"type":"LineString","coordinates":[[-87.98,45.58],[-87.98,45.58]]},"properties":{"id":"ncei-1968-10148913","eventId":"10148913","episodeId":"","year":1968,"month":6,"date":"1968-06-30","beginTime":"1968-06-30T04:45:00","endTime":"1968-06-30T04:45:00","timezone":"CST","state":"WI","stateName":"Wisconsin","county":"Marinette","countyFips":"75","wfo":"","scale":1,"scaleLabel":"F1","lengthMiles":0.5,"widthYards":33,"deaths":0,"injuries":0,"propertyDamage":2500,"cropDamage":0,"source":"","dataSource":"PUB"}},{"type":"Feature","geometry":{"type":"LineString","coordinates":[[-91.78,46.25],[-91.55,46.3]]},"properties":{"id":"ncei-1968-10148914","eventId":"10148914","episodeId":"","year":1968,"month":6,"date":"1968-06-30","beginTime":"1968-06-30T17:00:00","endTime":"1968-06-30T17:00:00","timezone":"CST","state":"WI","stateName":"Wisconsin","county":"Douglas","countyFips":"31","wfo":"","scale":2,"scaleLabel":"F2","lengthMiles":11.4,"widthYards":300,"deaths":0,"injuries":0,"propertyDamage":250000,"cropDamage":0,"source":"","dataSource":"PUB"}},{"type":"Feature","geometry":{"type":"LineString","coordinates":[[-91.55,46.3],[-91,46.43]]},"properties":{"id":"ncei-1968-10148915","eventId":"10148915","episodeId":"","year":1968,"month":6,"date":"1968-06-30","beginTime":"1968-06-30T17:25:00","endTime":"1968-06-30T17:25:00","timezone":"CST","state":"WI","stateName":"Wisconsin","county":"Bayfield","countyFips":"7","wfo":"","scale":2,"scaleLabel":"F2","lengthMiles":27.6,"widthYards":300,"deaths":0,"injuries":2,"propertyDamage":250000,"cropDamage":0,"source":"","dataSource":"PUB"}},{"type":"Feature","geometry":{"type":"LineString","coordinates":[[-88.3,43.37],[-88.3,43.37]]},"properties":{"id":"ncei-1968-10148923","eventId":"10148923","episodeId":"","year":1968,"month":7,"date":"1968-07-21","beginTime":"1968-07-21T19:00:00","endTime":"1968-07-21T19:00:00","timezone":"CST","state":"WI","stateName":"Wisconsin","county":"Washington","countyFips":"131","wfo":"","scale":2,"scaleLabel":"F2","lengthMiles":2,"widthYards":100,"deaths":0,"injuries":0,"propertyDamage":25000,"cropDamage":0,"source":"","dataSource":"PUB"}},{"type":"Feature","geometry":{"type":"LineString","coordinates":[[-92.52,45.4],[-92.52,45.4]]},"properties":{"id":"ncei-1968-10148927","eventId":"10148927","episodeId":"","year":1968,"month":7,"date":"1968-07-30","beginTime":"1968-07-30T21:00:00","endTime":"1968-07-30T21:00:00","timezone":"CST","state":"WI","stateName":"Wisconsin","county":"Polk","countyFips":"95","wfo":"","scale":1,"scaleLabel":"F1","lengthMiles":2,"widthYards":100,"deaths":0,"injuries":0,"propertyDamage":250000,"cropDamage":0,"source":"","dataSource":"PUB"}},{"type":"Feature","geometry":{"type":"LineString","coordinates":[[-88.37,44.55],[-88.3,44.55]]},"properties":{"id":"ncei-1968-10148928","eventId":"10148928","episodeId":"","year":1968,"month":8,"date":"1968-08-05","beginTime":"1968-08-05T14:00:00","endTime":"1968-08-05T14:00:00","timezone":"CST","state":"WI","stateName":"Wisconsin","county":"Outagamie","countyFips":"87","wfo":"","scale":1,"scaleLabel":"F1","lengthMiles":1.9,"widthYards":150,"deaths":0,"injuries":0,"propertyDamage":250000,"cropDamage":0,"source":"","dataSource":"PUB"}},{"type":"Feature","geometry":{"type":"LineString","coordinates":[[-91.17,43.35],[-91.05,43.35]]},"properties":{"id":"ncei-1968-10149786","eventId":"10149786","episodeId":"","year":1968,"month":8,"date":"1968-08-06","beginTime":"1968-08-06T19:50:00","endTime":"1968-08-06T19:50:00","timezone":"CST","state":"WI","stateName":"Wisconsin","county":"Crawford","countyFips":"23","wfo":"","scale":0,"scaleLabel":"F0","lengthMiles":5.2,"widthYards":33,"deaths":0,"injuries":0,"propertyDamage":0,"cropDamage":0,"source":"","dataSource":"PUB"}},{"type":"Feature","geometry":{"type":"LineString","coordinates":[[-90.97,43.43],[-90.67,43.43]]},"properties":{"id":"ncei-1968-10149787","eventId":"10149787","episodeId":"","year":1968,"month":8,"date":"1968-08-06","beginTime":"1968-08-06T19:50:00","endTime":"1968-08-06T19:50:00","timezone":"CST","state":"WI","stateName":"Wisconsin","county":"Vernon","countyFips":"123","wfo":"","scale":0,"scaleLabel":"F0","lengthMiles":14.9,"widthYards":33,"deaths":0,"injuries":0,"propertyDamage":0,"cropDamage":0,"source":"","dataSource":"PUB"}},{"type":"Feature","geometry":{"type":"LineString","coordinates":[[-90.63,43.67],[-90.63,43.67]]},"properties":{"id":"ncei-1968-10149788","eventId":"10149788","episodeId":"","year":1968,"month":8,"date":"1968-08-06","beginTime":"1968-08-06T19:58:00","endTime":"1968-08-06T19:58:00","timezone":"CST","state":"WI","stateName":"Wisconsin","county":"Vernon","countyFips":"123","wfo":"","scale":0,"scaleLabel":"F0","lengthMiles":0.5,"widthYards":33,"deaths":0,"injuries":0,"propertyDamage":0,"cropDamage":0,"source":"","dataSource":"PUB"}},{"type":"Feature","geometry":{"type":"LineString","coordinates":[[-90.62,43.83],[-90.62,43.83]]},"properties":{"id":"ncei-1968-10149789","eventId":"10149789","episodeId":"","year":1968,"month":8,"date":"1968-08-06","beginTime":"1968-08-06T20:14:00","endTime":"1968-08-06T20:14:00","timezone":"CST","state":"WI","stateName":"Wisconsin","county":"Monroe","countyFips":"81","wfo":"","scale":0,"scaleLabel":"F0","lengthMiles":0.5,"widthYards":33,"deaths":0,"injuries":0,"propertyDamage":0,"cropDamage":0,"source":"","dataSource":"PUB"}},{"type":"Feature","geometry":{"type":"LineString","coordinates":[[-88.25,44.25],[-88.25,44.25]]},"properties":{"id":"ncei-1968-10149791","eventId":"10149791","episodeId":"","year":1968,"month":8,"date":"1968-08-16","beginTime":"1968-08-16T12:30:00","endTime":"1968-08-16T12:30:00","timezone":"CST","state":"WI","stateName":"Wisconsin","county":"Outagamie","countyFips":"87","wfo":"","scale":2,"scaleLabel":"F2","lengthMiles":2,"widthYards":100,"deaths":0,"injuries":0,"propertyDamage":25000,"cropDamage":0,"source":"","dataSource":"PUB"}},{"type":"Feature","geometry":{"type":"LineString","coordinates":[[-88.25,44.6],[-88.25,44.6]]},"properties":{"id":"ncei-1968-10149792","eventId":"10149792","episodeId":"","year":1968,"month":8,"date":"1968-08-16","beginTime":"1968-08-16T21:20:00","endTime":"1968-08-16T21:20:00","timezone":"CST","state":"WI","stateName":"Wisconsin","county":"Brown","countyFips":"9","wfo":"","scale":2,"scaleLabel":"F2","lengthMiles":1,"widthYards":100,"deaths":0,"injuries":1,"propertyDamage":25000,"cropDamage":0,"source":"","dataSource":"PUB"}},{"type":"Feature","geometry":{"type":"LineString","coordinates":[[-88.08,45.08],[-87.63,45.07]]},"properties":{"id":"ncei-1968-10149793","eventId":"10149793","episodeId":"","year":1968,"month":8,"date":"1968-08-19","beginTime":"1968-08-19T16:10:00","endTime":"1968-08-19T16:10:00","timezone":"CST","state":"WI","stateName":"Wisconsin","county":"Marinette","countyFips":"75","wfo":"","scale":4,"scaleLabel":"F4","lengthMiles":21.8,"widthYards":33,"deaths":2,"injuries":3,"propertyDamage":2500000,"cropDamage":0,"source":"","dataSource":"PUB"}},{"type":"Feature","geometry":{"type":"LineString","coordinates":[[-90.12,44.87],[-89.82,44.87]]},"properties":{"id":"ncei-1968-10149797","eventId":"10149797","episodeId":"","year":1968,"month":8,"date":"1968-08-19","beginTime":"1968-08-19T17:30:00","endTime":"1968-08-19T17:30:00","timezone":"CST","state":"WI","stateName":"Wisconsin","county":"Marathon","countyFips":"73","wfo":"","scale":2,"scaleLabel":"F2","lengthMiles":14.3,"widthYards":67,"deaths":0,"injuries":5,"propertyDamage":2500000,"cropDamage":0,"source":"","dataSource":"PUB"}},{"type":"Feature","geometry":{"type":"LineString","coordinates":[[-113.05,40.45],[-113.05,40.45]]},"properties":{"id":"ncei-1968-10150612","eventId":"10150612","episodeId":"","year":1968,"month":5,"date":"1968-05-22","beginTime":"1968-05-22T12:15:00","endTime":"1968-05-22T12:15:00","timezone":"CST","state":"UT","stateName":"Utah","county":"Tooele","countyFips":"45","wfo":"","scale":-1,"scaleLabel":"Unknown","lengthMiles":0,"widthYards":33,"deaths":0,"injuries":0,"propertyDamage":0,"cropDamage":0,"source":"","dataSource":"PUB"}},{"type":"Feature","geometry":{"type":"LineString","coordinates":[[-112.08,41.25],[-112.08,41.25]]},"properties":{"id":"ncei-1968-10150616","eventId":"10150616","episodeId":"","year":1968,"month":8,"date":"1968-08-14","beginTime":"1968-08-14T11:45:00","endTime":"1968-08-14T11:45:00","timezone":"CST","state":"UT","stateName":"Utah","county":"Weber","countyFips":"57","wfo":"","scale":2,"scaleLabel":"F2","lengthMiles":1.5,"widthYards":50,"deaths":0,"injuries":1,"propertyDamage":250000,"cropDamage":0,"source":"","dataSource":"PUB"}},{"type":"Feature","geometry":{"type":"LineString","coordinates":[[-111.88,40.77],[-111.88,40.77]]},"properties":{"id":"ncei-1968-10150618","eventId":"10150618","episodeId":"","year":1968,"month":8,"date":"1968-08-14","beginTime":"1968-08-14T12:15:00","endTime":"1968-08-14T12:15:00","timezone":"CST","state":"UT","stateName":"Utah","county":"Salt Lake","countyFips":"35","wfo":"","scale":-1,"scaleLabel":"Unknown","lengthMiles":0,"widthYards":33,"deaths":0,"injuries":0,"propertyDamage":2500,"cropDamage":0,"source":"","dataSource":"PUB"}},{"type":"Feature","geometry":{"type":"LineString","coordinates":[[-112.08,41.83],[-112,41.87]]},"properties":{"id":"ncei-1968-10151460","eventId":"10151460","episodeId":"","year":1968,"month":8,"date":"1968-08-14","beginTime":"1968-08-14T14:35:00","endTime":"1968-08-14T14:35:00","timezone":"CST","state":"UT","stateName":"Utah","county":"Box Elder","countyFips":"3","wfo":"","scale":-1,"scaleLabel":"Unknown","lengthMiles":4.1,"widthYards":33,"deaths":0,"injuries":0,"propertyDamage":0,"cropDamage":0,"source":"","dataSource":"PUB"}},{"type":"Feature","geometry":{"type":"LineString","coordinates":[[-76.3,36.93],[-76.02,36.7]]},"properties":{"id":"ncei-1968-10154003","eventId":"10154003","episodeId":"","year":1968,"month":4,"date":"1968-04-30","beginTime":"1968-04-30T16:15:00","endTime":"1968-04-30T16:15:00","timezone":"CST","state":"VA","stateName":"Virginia","county":"Norfolk (c)","countyFips":"710","wfo":"","scale":1,"scaleLabel":"F1","lengthMiles":22.5,"widthYards":200,"deaths":0,"injuries":0,"propertyDamage":250000,"cropDamage":0,"source":"","dataSource":"PUB"}},{"type":"Feature","geometry":{"type":"LineString","coordinates":[[-76.2,36.92],[-76.2,36.92]]},"properties":{"id":"ncei-1968-10154238","eventId":"10154238","episodeId":"","year":1968,"month":8,"date":"1968-08-10","beginTime":"1968-08-10T16:50:00","endTime":"1968-08-10T16:50:00","timezone":"CST","state":"VA","stateName":"Virginia","county":"Norfolk (c)","countyFips":"710","wfo":"","scale":1,"scaleLabel":"F1","lengthMiles":0,"widthYards":33,"deaths":0,"injuries":0,"propertyDamage":0,"cropDamage":0,"source":"","dataSource":"PUB"}},{"type":"Feature","geometry":{"type":"LineString","coordinates":[[-108.4,43.05],[-108.4,43.05]]},"properties":{"id":"ncei-1968-10161739","eventId":"10161739","episodeId":"","year":1968,"month":6,"date":"1968-06-05","beginTime":"1968-06-05T13:00:00","endTime":"1968-06-05T13:00:00","timezone":"CST","state":"WY","stateName":"Wyoming","county":"Fremont","countyFips":"13","wfo":"","scale":1,"scaleLabel":"F1","lengthMiles":0,"widthYards":50,"deaths":0,"injuries":0,"propertyDamage":2500,"cropDamage":0,"source":"","dataSource":"PUB"}},{"type":"Feature","geometry":{"type":"LineString","coordinates":[[-104.2,42.4],[-104.2,42.4]]},"properties":{"id":"ncei-1968-10161740","eventId":"10161740","episodeId":"","year":1968,"month":6,"date":"1968-06-05","beginTime":"1968-06-05T14:05:00","endTime":"1968-06-05T14:05:00","timezone":"CST","state":"WY","stateName":"Wyoming","county":"Goshen","countyFips":"15","wfo":"","scale":1,"scaleLabel":"F1","lengthMiles":0.1,"widthYards":17,"deaths":0,"injuries":0,"propertyDamage":0,"cropDamage":0,"source":"","dataSource":"PUB"}},{"type":"Feature","geometry":{"type":"LineString","coordinates":[[-108.4,43.13],[-108.32,43.13]]},"properties":{"id":"ncei-1968-10161741","eventId":"10161741","episodeId":"","year":1968,"month":6,"date":"1968-06-06","beginTime":"1968-06-06T15:30:00","endTime":"1968-06-06T15:30:00","timezone":"CST","state":"WY","stateName":"Wyoming","county":"Fremont","countyFips":"13","wfo":"","scale":1,"scaleLabel":"F1","lengthMiles":3,"widthYards":50,"deaths":0,"injuries":0,"propertyDamage":25000,"cropDamage":0,"source":"","dataSource":"PUB"}},{"type":"Feature","geometry":{"type":"LineString","coordinates":[[-106.8,44.7],[-106.8,44.7]]},"properties":{"id":"ncei-1968-10161743","eventId":"10161743","episodeId":"","year":1968,"month":6,"date":"1968-06-07","beginTime":"1968-06-07T15:20:00","endTime":"1968-06-07T15:20:00","timezone":"CST","state":"WY","stateName":"Wyoming","county":"Sheridan","countyFips":"33","wfo":"","scale":1,"scaleLabel":"F1","lengthMiles":0.3,"widthYards":200,"deaths":0,"injuries":0,"propertyDamage":2500,"cropDamage":0,"source":"","dataSource":"PUB"}},{"type":"Feature","geometry":{"type":"LineString","coordinates":[[-105.7,44.7],[-105.7,44.7]]},"properties":{"id":"ncei-1968-10161746","eventId":"10161746","episodeId":"","year":1968,"month":6,"date":"1968-06-09","beginTime":"1968-06-09T15:30:00","endTime":"1968-06-09T15:30:00","timezone":"CST","state":"WY","stateName":"Wyoming","county":"Campbell","countyFips":"5","wfo":"","scale":-1,"scaleLabel":"Unknown","lengthMiles":0,"widthYards":33,"deaths":0,"injuries":0,"propertyDamage":0,"cropDamage":0,"source":"","dataSource":"PUB"}},{"type":"Feature","geometry":{"type":"LineString","coordinates":[[-106.95,44.75],[-106.95,44.75]]},"properties":{"id":"ncei-1968-10161747","eventId":"10161747","episodeId":"","year":1968,"month":6,"date":"1968-06-11","beginTime":"1968-06-11T15:30:00","endTime":"1968-06-11T15:30:00","timezone":"CST","state":"WY","stateName":"Wyoming","county":"Sheridan","countyFips":"33","wfo":"","scale":-1,"scaleLabel":"Unknown","lengthMiles":0.3,"widthYards":200,"deaths":0,"injuries":0,"propertyDamage":2500,"cropDamage":0,"source":"","dataSource":"PUB"}},{"type":"Feature","geometry":{"type":"LineString","coordinates":[[-104.35,41.2],[-104.28,41.17]]},"properties":{"id":"ncei-1968-10161749","eventId":"10161749","episodeId":"","year":1968,"month":6,"date":"1968-06-23","beginTime":"1968-06-23T17:30:00","endTime":"1968-06-23T17:30:00","timezone":"CST","state":"WY","stateName":"Wyoming","county":"Laramie","countyFips":"21","wfo":"","scale":1,"scaleLabel":"F1","lengthMiles":3,"widthYards":333,"deaths":0,"injuries":0,"propertyDamage":2500,"cropDamage":0,"source":"","dataSource":"PUB"}},{"type":"Feature","geometry":{"type":"LineString","coordinates":[[-104.08,41.42],[-104.08,41.42]]},"properties":{"id":"ncei-1968-10161750","eventId":"10161750","episodeId":"","year":1968,"month":6,"date":"1968-06-23","beginTime":"1968-06-23T17:30:00","endTime":"1968-06-23T17:30:00","timezone":"CST","state":"WY","stateName":"Wyoming","county":"Laramie","countyFips":"21","wfo":"","scale":1,"scaleLabel":"F1","lengthMiles":0,"widthYards":33,"deaths":0,"injuries":0,"propertyDamage":2500,"cropDamage":0,"source":"","dataSource":"PUB"}},{"type":"Feature","geometry":{"type":"LineString","coordinates":[[-106.6,42.9],[-106.6,42.9]]},"properties":{"id":"ncei-1968-10161753","eventId":"10161753","episodeId":"","year":1968,"month":9,"date":"1968-09-02","beginTime":"1968-09-02T14:18:00","endTime":"1968-09-02T14:18:00","timezone":"CST","state":"WY","stateName":"Wyoming","county":"Natrona","countyFips":"25","wfo":"","scale":-1,"scaleLabel":"Unknown","lengthMiles":0,"widthYards":33,"deaths":0,"injuries":0,"propertyDamage":0,"cropDamage":0,"source":"","dataSource":"PUB"}},{"type":"Feature","geometry":{"type":"LineString","coordinates":[[-85.7,31.6],[-85.52,31.67]]},"properties":{"id":"ncei-1968-9977285","eventId":"9977285","episodeId":"","year":1968,"month":1,"date":"1968-01-23","beginTime":"1968-01-23T16:30:00","endTime":"1968-01-23T16:30:00","timezone":"CST","state":"AL","stateName":"Alabama","county":"Dale","countyFips":"45","wfo":"","scale":1,"scaleLabel":"F1","lengthMiles":11.8,"widthYards":200,"deaths":0,"injuries":0,"propertyDamage":250000,"cropDamage":0,"source":"","dataSource":"PUB"}},{"type":"Feature","geometry":{"type":"LineString","coordinates":[[-87.65,34.77],[-87.42,34.85]]},"properties":{"id":"ncei-1968-9977294","eventId":"9977294","episodeId":"","year":1968,"month":4,"date":"1968-04-04","beginTime":"1968-04-04T10:00:00","endTime":"1968-04-04T10:00:00","timezone":"CST","state":"AL","stateName":"Alabama","county":"Colbert","countyFips":"33","wfo":"","scale":1,"scaleLabel":"F1","lengthMiles":14.4,"widthYards":33,"deaths":0,"injuries":0,"propertyDamage":250000,"cropDamage":0,"source":"","dataSource":"PUB"}},{"type":"Feature","geometry":{"type":"LineString","coordinates":[[-86.2,34.27],[-86.13,34.28]]},"properties":{"id":"ncei-1968-9977298","eventId":"9977298","episodeId":"","year":1968,"month":4,"date":"1968-04-04","beginTime":"1968-04-04T13:00:00","endTime":"1968-04-04T13:00:00","timezone":"CST","state":"AL","stateName":"Alabama","county":"Marshall","countyFips":"95","wfo":"","scale":2,"scaleLabel":"F2","lengthMiles":4.1,"widthYards":33,"deaths":0,"injuries":0,"propertyDamage":250000,"cropDamage":0,"source":"","dataSource":"PUB"}},{"type":"Feature","geometry":{"type":"LineString","coordinates":[[-87.72,34.77],[-87.72,34.77]]},"properties":{"id":"ncei-1968-9977310","eventId":"9977310","episodeId":"","year":1968,"month":5,"date":"1968-05-14","beginTime":"1968-05-14T18:45:00","endTime":"1968-05-14T18:45:00","timezone":"CST","state":"AL","stateName":"Alabama","county":"Colbert","countyFips":"33","wfo":"","scale":1,"scaleLabel":"F1","lengthMiles":2,"widthYards":33,"deaths":0,"injuries":0,"propertyDamage":0,"cropDamage":0,"source":"","dataSource":"PUB"}},{"type":"Feature","geometry":{"type":"LineString","coordinates":[[-87.47,31.23],[-87.47,31.23]]},"properties":{"id":"ncei-1968-9977320","eventId":"9977320","episodeId":"","year":1968,"month":5,"date":"1968-05-27","beginTime":"1968-05-27T16:30:00","endTime":"1968-05-27T16:30:00","timezone":"CST","state":"AL","stateName":"Alabama","county":"Escambia","countyFips":"53","wfo":"","scale":-1,"scaleLabel":"Unknown","lengthMiles":0,"widthYards":33,"deaths":0,"injuries":0,"propertyDamage":2500,"cropDamage":0,"source":"","dataSource":"PUB"}},{"type":"Feature","geometry":{"type":"LineString","coordinates":[[-87.43,34.48],[-87.43,34.48]]},"properties":{"id":"ncei-1968-9977325","eventId":"9977325","episodeId":"","year":1968,"month":5,"date":"1968-05-29","beginTime":"1968-05-29T17:30:00","endTime":"1968-05-29T17:30:00","timezone":"CST","state":"AL","stateName":"Alabama","county":"Lawrence","countyFips":"79","wfo":"","scale":2,"scaleLabel":"F2","lengthMiles":2,"widthYards":33,"deaths":0,"injuries":0,"propertyDamage":250000,"cropDamage":0,"source":"","dataSource":"PUB"}},{"type":"Feature","geometry":{"type":"LineString","coordinates":[[-88.12,30.77],[-87.98,30.9]]},"properties":{"id":"ncei-1968-9978431","eventId":"9978431","episodeId":"","year":1968,"month":11,"date":"1968-11-03","beginTime":"1968-11-03T17:55:00","endTime":"1968-11-03T17:55:00","timezone":"CST","state":"AL","stateName":"Alabama","county":"Mobile","countyFips":"97","wfo":"","scale":3,"scaleLabel":"F3","lengthMiles":12.2,"widthYards":400,"deaths":0,"injuries":14,"propertyDamage":250000,"cropDamage":0,"source":"","dataSource":"PUB"}},{"type":"Feature","geometry":{"type":"LineString","coordinates":[[-87.98,30.9],[-87.78,30.88]]},"properties":{"id":"ncei-1968-9978432","eventId":"9978432","episodeId":"","year":1968,"month":11,"date":"1968-11-03","beginTime":"1968-11-03T18:15:00","endTime":"1968-11-03T18:15:00","timezone":"CST","state":"AL","stateName":"Alabama","county":"Baldwin","countyFips":"3","wfo":"","scale":3,"scaleLabel":"F3","lengthMiles":11.9,"widthYards":400,"deaths":0,"injuries":4,"propertyDamage":250000,"cropDamage":0,"source":"","dataSource":"PUB"}},{"type":"Feature","geometry":{"type":"LineString","coordinates":[[-87.78,30.88],[-87.62,31]]},"properties":{"id":"ncei-1968-9978433","eventId":"9978433","episodeId":"","year":1968,"month":11,"date":"1968-11-03","beginTime":"1968-11-03T19:14:00","endTime":"1968-11-03T19:14:00","timezone":"CST","state":"AL","stateName":"Alabama","county":"Baldwin","countyFips":"3","wfo":"","scale":3,"scaleLabel":"F3","lengthMiles":12.8,"widthYards":400,"deaths":0,"injuries":0,"propertyDamage":250000,"cropDamage":0,"source":"","dataSource":"PUB"}},{"type":"Feature","geometry":{"type":"LineString","coordinates":[[-87.62,31],[-87.07,31.12]]},"properties":{"id":"ncei-1968-9978434","eventId":"9978434","episodeId":"","year":1968,"month":11,"date":"1968-11-03","beginTime":"1968-11-03T20:30:00","endTime":"1968-11-03T20:30:00","timezone":"CST","state":"AL","stateName":"Alabama","county":"Escambia","countyFips":"53","wfo":"","scale":3,"scaleLabel":"F3","lengthMiles":33.5,"widthYards":400,"deaths":0,"injuries":0,"propertyDamage":250000,"cropDamage":0,"source":"","dataSource":"PUB"}},{"type":"Feature","geometry":{"type":"LineString","coordinates":[[-88.37,31.97],[-88.25,32.1]]},"properties":{"id":"ncei-1968-9978435","eventId":"9978435","episodeId":"","year":1968,"month":11,"date":"1968-11-17","beginTime":"1968-11-17T11:30:00","endTime":"1968-11-17T11:30:00","timezone":"CST","state":"AL","stateName":"Alabama","county":"Choctaw","countyFips":"23","wfo":"","scale":2,"scaleLabel":"F2","lengthMiles":11.5,"widthYards":33,"deaths":0,"injuries":2,"propertyDamage":25000,"cropDamage":0,"source":"","dataSource":"PUB"}},{"type":"Feature","geometry":{"type":"LineString","coordinates":[[-86.75,32.9],[-86.45,32.82]]},"properties":{"id":"ncei-1968-9978436","eventId":"9978436","episodeId":"","year":1968,"month":11,"date":"1968-11-17","beginTime":"1968-11-17T12:45:00","endTime":"1968-11-17T12:45:00","timezone":"CST","state":"AL","stateName":"Alabama","county":"Chilton","countyFips":"21","wfo":"","scale":3,"scaleLabel":"F3","lengthMiles":18.3,"widthYards":400,"deaths":1,"injuries":24,"propertyDamage":2500000,"cropDamage":0,"source":"","dataSource":"PUB"}},{"type":"Feature","geometry":{"type":"LineString","coordinates":[[-86.45,32.82],[-86.22,32.87]]},"properties":{"id":"ncei-1968-9978437","eventId":"9978437","episodeId":"","year":1968,"month":11,"date":"1968-11-17","beginTime":"1968-11-17T12:45:00","endTime":"1968-11-17T12:45:00","timezone":"CST","state":"AL","stateName":"Alabama","county":"Coosa","countyFips":"37","wfo":"","scale":3,"scaleLabel":"F3","lengthMiles":14,"widthYards":400,"deaths":0,"injuries":0,"propertyDamage":2500000,"cropDamage":0,"source":"","dataSource":"PUB"}},{"type":"Feature","geometry":{"type":"LineString","coordinates":[[-86.85,33.1],[-86.77,33.13]]},"properties":{"id":"ncei-1968-9978443","eventId":"9978443","episodeId":"","year":1968,"month":12,"date":"1968-12-27","beginTime":"1968-12-27T23:30:00","endTime":"1968-12-27T23:30:00","timezone":"CST","state":"AL","stateName":"Alabama","county":"Shelby","countyFips":"117","wfo":"","scale":2,"scaleLabel":"F2","lengthMiles":5.6,"widthYards":33,"deaths":0,"injuries":2,"propertyDamage":250000,"cropDamage":0,"source":"","dataSource":"PUB"}},{"type":"Feature","geometry":{"type":"LineString","coordinates":[[-111.75,33.4],[-111.75,33.4]]},"properties":{"id":"ncei-1968-9980615","eventId":"9980615","episodeId":"","year":1968,"month":7,"date":"1968-07-04","beginTime":"1968-07-04T18:30:00","endTime":"1968-07-04T18:30:00","timezone":"CST","state":"AZ","stateName":"Arizona","county":"Maricopa","countyFips":"13","wfo":"","scale":2,"scaleLabel":"F2","lengthMiles":0,"widthYards":33,"deaths":0,"injuries":2,"propertyDamage":25000,"cropDamage":0,"source":"","dataSource":"PUB"}},{"type":"Feature","geometry":{"type":"LineString","coordinates":[[-111.45,36.1],[-111.45,36.1]]},"properties":{"id":"ncei-1968-9980617","eventId":"9980617","episodeId":"","year":1968,"month":7,"date":"1968-07-20","beginTime":"1968-07-20T13:50:00","endTime":"1968-07-20T13:50:00","timezone":"CST","state":"AZ","stateName":"Arizona","county":"Coconino","countyFips":"5","wfo":"","scale":-1,"scaleLabel":"Unknown","lengthMiles":0,"widthYards":33,"deaths":0,"injuries":0,"propertyDamage":0,"cropDamage":0,"source":"","dataSource":"PUB"}},{"type":"Feature","geometry":{"type":"LineString","coordinates":[[-112.1,33.5],[-112.1,33.5]]},"properties":{"id":"ncei-1968-9980619","eventId":"9980619","episodeId":"","year":1968,"month":7,"date":"1968-07-20","beginTime":"1968-07-20T21:30:00","endTime":"1968-07-20T21:30:00","timezone":"CST","state":"AZ","stateName":"Arizona","county":"Maricopa","countyFips":"13","wfo":"","scale":1,"scaleLabel":"F1","lengthMiles":0,"widthYards":33,"deaths":0,"injuries":3,"propertyDamage":25000,"cropDamage":0,"source":"","dataSource":"PUB"}},{"type":"Feature","geometry":{"type":"LineString","coordinates":[[-112.4,33.5],[-112.42,33.5]]},"properties":{"id":"ncei-1968-9980628","eventId":"9980628","episodeId":"","year":1968,"month":10,"date":"1968-10-03","beginTime":"1968-10-03T20:00:00","endTime":"1968-10-03T20:00:00","timezone":"CST","state":"AZ","stateName":"Arizona","county":"Maricopa","countyFips":"13","wfo":"","scale":2,"scaleLabel":"F2","lengthMiles":0,"widthYards":50,"deaths":0,"injuries":3,"propertyDamage":250000,"cropDamage":0,"source":"","dataSource":"PUB"}},{"type":"Feature","geometry":{"type":"LineString","coordinates":[[-110.93,35],[-110.93,35]]},"properties":{"id":"ncei-1968-9980629","eventId":"9980629","episodeId":"","year":1968,"month":11,"date":"1968-11-01","beginTime":"1968-11-01T13:45:00","endTime":"1968-11-01T13:45:00","timezone":"CST","state":"AZ","stateName":"Arizona","county":"Coconino","countyFips":"5","wfo":"","scale":-1,"scaleLabel":"Unknown","lengthMiles":0,"widthYards":33,"deaths":0,"injuries":0,"propertyDamage":0,"cropDamage":0,"source":"","dataSource":"PUB"}},{"type":"Feature","geometry":{"type":"LineString","coordinates":[[-93.8,35.5],[-93.8,35.5]]},"properties":{"id":"ncei-1968-9982096","eventId":"9982096","episodeId":"","year":1968,"month":2,"date":"1968-02-01","beginTime":"1968-02-01T13:00:00","endTime":"1968-02-01T13:00:00","timezone":"CST","state":"AR","stateName":"Arkansas","county":"Franklin","countyFips":"47","wfo":"","scale":1,"scaleLabel":"F1","lengthMiles":5,"widthYards":50,"deaths":0,"injuries":0,"propertyDamage":25000,"cropDamage":0,"source":"","dataSource":"PUB"}},{"type":"Feature","geometry":{"type":"LineString","coordinates":[[-91.85,33.92],[-91.27,33.98]]},"properties":{"id":"ncei-1968-9982104","eventId":"9982104","episodeId":"","year":1968,"month":4,"date":"1968-04-03","beginTime":"1968-04-03T18:20:00","endTime":"1968-04-03T18:20:00","timezone":"CST","state":"AR","stateName":"Arkansas","county":"Lincoln","countyFips":"79","wfo":"","scale":4,"scaleLabel":"F4","lengthMiles":33.7,"widthYards":400,"deaths":5,"injuries":16,"propertyDamage":250000,"cropDamage":0,"source":"","dataSource":"PUB"}},{"type":"Feature","geometry":{"type":"LineString","coordinates":[[-91.33,34.27],[-91.33,34.27]]},"properties":{"id":"ncei-1968-9982106","eventId":"9982106","episodeId":"","year":1968,"month":4,"date":"1968-04-03","beginTime":"1968-04-03T19:20:00","endTime":"1968-04-03T19:20:00","timezone":"CST","state":"AR","stateName":"Arkansas","county":"Arkansas","countyFips":"1","wfo":"","scale":0,"scaleLabel":"F0","lengthMiles":0.3,"widthYards":200,"deaths":0,"injuries":0,"propertyDamage":2500,"cropDamage":0,"source":"","dataSource":"PUB"}},{"type":"Feature","geometry":{"type":"LineString","coordinates":[[-91.57,34.15],[-91.57,34.15]]},"properties":{"id":"ncei-1968-9982107","eventId":"9982107","episodeId":"","year":1968,"month":4,"date":"1968-04-03","beginTime":"1968-04-03T19:30:00","endTime":"1968-04-03T19:30:00","timezone":"CST","state":"AR","stateName":"Arkansas","county":"Jefferson","countyFips":"69","wfo":"","scale":2,"scaleLabel":"F2","lengthMiles":0.5,"widthYards":200,"deaths":0,"injuries":0,"propertyDamage":0,"cropDamage":0,"source":"","dataSource":"PUB"}},{"type":"Feature","geometry":{"type":"LineString","coordinates":[[-90.47,36.08],[-90.42,36.12]]},"properties":{"id":"ncei-1968-9982108","eventId":"9982108","episodeId":"","year":1968,"month":4,"date":"1968-04-03","beginTime":"1968-04-03T19:44:00","endTime":"1968-04-03T19:44:00","timezone":"CST","state":"AR","stateName":"Arkansas","county":"Greene","countyFips":"55","wfo":"","scale":3,"scaleLabel":"F3","lengthMiles":3.6,"widthYards":100,"deaths":1,"injuries":6,"propertyDamage":2500000,"cropDamage":0,"source":"","dataSource":"PUB"}},{"type":"Feature","geometry":{"type":"LineString","coordinates":[[-91.33,34.22],[-91.33,34.22]]},"properties":{"id":"ncei-1968-9982109","eventId":"9982109","episodeId":"","year":1968,"month":4,"date":"1968-04-03","beginTime":"1968-04-03T19:50:00","endTime":"1968-04-03T19:50:00","timezone":"CST","state":"AR","stateName":"Arkansas","county":"Arkansas","countyFips":"1","wfo":"","scale":2,"scaleLabel":"F2","lengthMiles":0,"widthYards":33,"deaths":0,"injuries":1,"propertyDamage":2500,"cropDamage":0,"source":"","dataSource":"PUB"}},{"type":"Feature","geometry":{"type":"LineString","coordinates":[[-90.38,35.1],[-90.22,35.27]]},"properties":{"id":"ncei-1968-9982112","eventId":"9982112","episodeId":"","year":1968,"month":4,"date":"1968-04-03","beginTime":"1968-04-03T21:00:00","endTime":"1968-04-03T21:00:00","timezone":"CST","state":"AR","stateName":"Arkansas","county":"Crittenden","countyFips":"35","wfo":"","scale":2,"scaleLabel":"F2","lengthMiles":14.9,"widthYards":100,"deaths":0,"injuries":15,"propertyDamage":25000,"cropDamage":0,"source":"","dataSource":"PUB"}},{"type":"Feature","geometry":{"type":"LineString","coordinates":[[-94.27,35.2],[-94.27,35.2]]},"properties":{"id":"ncei-1968-9982118","eventId":"9982118","episodeId":"","year":1968,"month":4,"date":"1968-04-19","beginTime":"1968-04-19T15:12:00","endTime":"1968-04-19T15:12:00","timezone":"CST","state":"AR","stateName":"Arkansas","county":"Sebastian","countyFips":"131","wfo":"","scale":4,"scaleLabel":"F4","lengthMiles":2,"widthYards":300,"deaths":14,"injuries":270,"propertyDamage":2500000,"cropDamage":0,"source":"","dataSource":"PUB"}},{"type":"Feature","geometry":{"type":"LineString","coordinates":[[-93.73,35.13],[-93.65,35.12]]},"properties":{"id":"ncei-1968-9982119","eventId":"9982119","episodeId":"","year":1968,"month":4,"date":"1968-04-19","beginTime":"1968-04-19T16:00:00","endTime":"1968-04-19T16:00:00","timezone":"CST","state":"AR","stateName":"Arkansas","county":"Logan","countyFips":"83","wfo":"","scale":1,"scaleLabel":"F1","lengthMiles":4.7,"widthYards":833,"deaths":0,"injuries":0,"propertyDamage":2500,"cropDamage":0,"source":"","dataSource":"PUB"}},{"type":"Feature","geometry":{"type":"LineString","coordinates":[[-92.38,35.25],[-92.23,35.38]]},"properties":{"id":"ncei-1968-9982122","eventId":"9982122","episodeId":"","year":1968,"month":4,"date":"1968-04-19","beginTime":"1968-04-19T18:00:00","endTime":"1968-04-19T18:00:00","timezone":"CST","state":"AR","stateName":"Arkansas","county":"Faulkner","countyFips":"45","wfo":"","scale":2,"scaleLabel":"F2","lengthMiles":12.5,"widthYards":600,"deaths":0,"injuries":0,"propertyDamage":250000,"cropDamage":0,"source":"","dataSource":"PUB"}},{"type":"Feature","geometry":{"type":"LineString","coordinates":[[-92.03,35.48],[-92.03,35.48]]},"properties":{"id":"ncei-1968-9982123","eventId":"9982123","episodeId":"","year":1968,"month":4,"date":"1968-04-19","beginTime":"1968-04-19T18:20:00","endTime":"1968-04-19T18:20:00","timezone":"CST","state":"AR","stateName":"Arkansas","county":"Cleburne","countyFips":"23","wfo":"","scale":2,"scaleLabel":"F2","lengthMiles":1,"widthYards":400,"deaths":0,"injuries":0,"propertyDamage":250000,"cropDamage":0,"source":"","dataSource":"PUB"}},{"type":"Feature","geometry":{"type":"LineString","coordinates":[[-91.57,34.15],[-91.57,34.15]]},"properties":{"id":"ncei-1968-9983208","eventId":"9983208","episodeId":"","year":1968,"month":4,"date":"1968-04-27","beginTime":"1968-04-27T20:10:00","endTime":"1968-04-27T20:10:00","timezone":"CST","state":"AR","stateName":"Arkansas","county":"Jefferson","countyFips":"69","wfo":"","scale":2,"scaleLabel":"F2","lengthMiles":0,"widthYards":33,"deaths":0,"injuries":0,"propertyDamage":0,"cropDamage":0,"source":"","dataSource":"PUB"}},{"type":"Feature","geometry":{"type":"LineString","coordinates":[[-92.45,33.53],[-92.45,33.53]]},"properties":{"id":"ncei-1968-9983221","eventId":"9983221","episodeId":"","year":1968,"month":5,"date":"1968-05-10","beginTime":"1968-05-10T15:30:00","endTime":"1968-05-10T15:30:00","timezone":"CST","state":"AR","stateName":"Arkansas","county":"Calhoun","countyFips":"13","wfo":"","scale":2,"scaleLabel":"F2","lengthMiles":1,"widthYards":50,"deaths":0,"injuries":0,"propertyDamage":2500,"cropDamage":0,"source":"","dataSource":"PUB"}},{"type":"Feature","geometry":{"type":"LineString","coordinates":[[-92.38,36.38],[-92.25,36.38]]},"properties":{"id":"ncei-1968-9983228","eventId":"9983228","episodeId":"","year":1968,"month":5,"date":"1968-05-15","beginTime":"1968-05-15T18:30:00","endTime":"1968-05-15T18:30:00","timezone":"CST","state":"AR","stateName":"Arkansas","county":"Baxter","countyFips":"5","wfo":"","scale":3,"scaleLabel":"F3","lengthMiles":7.3,"widthYards":200,"deaths":3,"injuries":25,"propertyDamage":25000,"cropDamage":0,"source":"","dataSource":"PUB"}},{"type":"Feature","geometry":{"type":"LineString","coordinates":[[-91.97,36.4],[-91.97,36.4]]},"properties":{"id":"ncei-1968-9983231","eventId":"9983231","episodeId":"","year":1968,"month":5,"date":"1968-05-15","beginTime":"1968-05-15T19:15:00","endTime":"1968-05-15T19:15:00","timezone":"CST","state":"AR","stateName":"Arkansas","county":"Fulton","countyFips":"49","wfo":"","scale":1,"scaleLabel":"F1","lengthMiles":0,"widthYards":33,"deaths":0,"injuries":0,"propertyDamage":2500,"cropDamage":0,"source":"","dataSource":"PUB"}},{"type":"Feature","geometry":{"type":"LineString","coordinates":[[-91.47,35.65],[-91.47,35.65]]},"properties":{"id":"ncei-1968-9983233","eventId":"9983233","episodeId":"","year":1968,"month":5,"date":"1968-05-15","beginTime":"1968-05-15T20:36:00","endTime":"1968-05-15T20:36:00","timezone":"CST","state":"AR","stateName":"Arkansas","county":"Independence","countyFips":"63","wfo":"","scale":4,"scaleLabel":"F4","lengthMiles":0.3,"widthYards":300,"deaths":7,"injuries":24,"propertyDamage":2500000,"cropDamage":0,"source":"","dataSource":"PUB"}},{"type":"Feature","geometry":{"type":"LineString","coordinates":[[-91.18,35.73],[-90.73,35.78]]},"properties":{"id":"ncei-1968-9983234","eventId":"9983234","episodeId":"","year":1968,"month":5,"date":"1968-05-15","beginTime":"1968-05-15T20:45:00","endTime":"1968-05-15T20:45:00","timezone":"CST","state":"AR","stateName":"Arkansas","county":"Jackson","countyFips":"67","wfo":"","scale":4,"scaleLabel":"F4","lengthMiles":0.3,"widthYards":100,"deaths":1,"injuries":11,"propertyDamage":25000,"cropDamage":0,"source":"","dataSource":"PUB"}},{"type":"Feature","geometry":{"type":"LineString","coordinates":[[-90.73,35.78],[-90.3,35.88]]},"properties":{"id":"ncei-1968-9983239","eventId":"9983239","episodeId":"","year":1968,"month":5,"date":"1968-05-15","beginTime":"1968-05-15T21:50:00","endTime":"1968-05-15T21:50:00","timezone":"CST","state":"AR","stateName":"Arkansas","county":"Craighead","countyFips":"31","wfo":"","scale":4,"scaleLabel":"F4","lengthMiles":12.6,"widthYards":167,"deaths":34,"injuries":350,"propertyDamage":25000,"cropDamage":0,"source":"","dataSource":"PUB"}},{"type":"Feature","geometry":{"type":"LineString","coordinates":[[-90.3,35.88],[-90.03,35.9]]},"properties":{"id":"ncei-1968-9983240","eventId":"9983240","episodeId":"","year":1968,"month":5,"date":"1968-05-15","beginTime":"1968-05-15T22:00:00","endTime":"1968-05-15T22:00:00","timezone":"CST","state":"AR","stateName":"Arkansas","county":"Mississippi","countyFips":"93","wfo":"","scale":4,"scaleLabel":"F4","lengthMiles":8,"widthYards":250,"deaths":0,"injuries":3,"propertyDamage":25000,"cropDamage":0,"source":"","dataSource":"PUB"}},{"type":"Feature","geometry":{"type":"LineString","coordinates":[[-92.8,35.1],[-92.8,35.1]]},"properties":{"id":"ncei-1968-9983250","eventId":"9983250","episodeId":"","year":1968,"month":5,"date":"1968-05-25","beginTime":"1968-05-25T12:40:00","endTime":"1968-05-25T12:40:00","timezone":"CST","state":"AR","stateName":"Arkansas","county":"Conway","countyFips":"29","wfo":"","scale":1,"scaleLabel":"F1","lengthMiles":0,"widthYards":33,"deaths":0,"injuries":0,"propertyDamage":0,"cropDamage":0,"source":"","dataSource":"PUB"}},{"type":"Feature","geometry":{"type":"LineString","coordinates":[[-94.55,36.13],[-94.45,36.18]]},"properties":{"id":"ncei-1968-9983256","eventId":"9983256","episodeId":"","year":1968,"month":6,"date":"1968-06-01","beginTime":"1968-06-01T15:00:00","endTime":"1968-06-01T15:00:00","timezone":"CST","state":"AR","stateName":"Arkansas","county":"Benton","countyFips":"7","wfo":"","scale":2,"scaleLabel":"F2","lengthMiles":6.5,"widthYards":500,"deaths":0,"injuries":0,"propertyDamage":2500,"cropDamage":0,"source":"","dataSource":"PUB"}},{"type":"Feature","geometry":{"type":"LineString","coordinates":[[-92.27,36.17],[-92.17,36.3]]},"properties":{"id":"ncei-1968-9983262","eventId":"9983262","episodeId":"","year":1968,"month":6,"date":"1968-06-24","beginTime":"1968-06-24T17:00:00","endTime":"1968-06-24T17:00:00","timezone":"CST","state":"AR","stateName":"Arkansas","county":"Baxter","countyFips":"5","wfo":"","scale":2,"scaleLabel":"F2","lengthMiles":10.8,"widthYards":100,"deaths":0,"injuries":2,"propertyDamage":2500,"cropDamage":0,"source":"","dataSource":"PUB"}},{"type":"Feature","geometry":{"type":"LineString","coordinates":[[-92.17,36.3],[-92.1,36.38]]},"properties":{"id":"ncei-1968-9983263","eventId":"9983263","episodeId":"","year":1968,"month":6,"date":"1968-06-24","beginTime":"1968-06-24T17:20:00","endTime":"1968-06-24T17:20:00","timezone":"CST","state":"AR","stateName":"Arkansas","county":"Fulton","countyFips":"49","wfo":"","scale":2,"scaleLabel":"F2","lengthMiles":6.8,"widthYards":100,"deaths":0,"injuries":0,"propertyDamage":2500,"cropDamage":0,"source":"","dataSource":"PUB"}},{"type":"Feature","geometry":{"type":"LineString","coordinates":[[-82.77,28.02],[-82.77,28.02]]},"properties":{"id":"ncei-1968-9985345","eventId":"9985345","episodeId":"","year":1968,"month":1,"date":"1968-01-23","beginTime":"1968-01-23T21:10:00","endTime":"1968-01-23T21:10:00","timezone":"CST","state":"FL","stateName":"Florida","county":"Pinellas","countyFips":"103","wfo":"","scale":1,"scaleLabel":"F1","lengthMiles":0.1,"widthYards":50,"deaths":0,"injuries":0,"propertyDamage":25000,"cropDamage":0,"source":"","dataSource":"PUB"}},{"type":"Feature","geometry":{"type":"LineString","coordinates":[[-81.75,28.05],[-81.75,28.05]]},"properties":{"id":"ncei-1968-9985348","eventId":"9985348","episodeId":"","year":1968,"month":1,"date":"1968-01-24","beginTime":"1968-01-24T00:30:00","endTime":"1968-01-24T00:30:00","timezone":"CST","state":"FL","stateName":"Florida","county":"Polk","countyFips":"105","wfo":"","scale":0,"scaleLabel":"F0","lengthMiles":0,"widthYards":33,"deaths":0,"injuries":0,"propertyDamage":2500,"cropDamage":0,"source":"","dataSource":"PUB"}},{"type":"Feature","geometry":{"type":"LineString","coordinates":[[-104.88,40.2],[-104.88,40.2]]},"properties":{"id":"ncei-1968-9986538","eventId":"9986538","episodeId":"","year":1968,"month":5,"date":"1968-05-23","beginTime":"1968-05-23T12:30:00","endTime":"1968-05-23T12:30:00","timezone":"CST","state":"CO","stateName":"Colorado","county":"Weld","countyFips":"123","wfo":"","scale":1,"scaleLabel":"F1","lengthMiles":0.5,"widthYards":100,"deaths":0,"injuries":1,"propertyDamage":25000,"cropDamage":0,"source":"","dataSource":"PUB"}},{"type":"Feature","geometry":{"type":"LineString","coordinates":[[-73.53,41.37],[-73.52,41.35]]},"properties":{"id":"ncei-1968-9987298","eventId":"9987298","episodeId":"","year":1968,"month":8,"date":"1968-08-09","beginTime":"1968-08-09T18:30:00","endTime":"1968-08-09T18:30:00","timezone":"CST","state":"CT","stateName":"Connecticut","county":"Fairfield","countyFips":"1","wfo":"","scale":1,"scaleLabel":"F1","lengthMiles":0,"widthYards":33,"deaths":0,"injuries":0,"propertyDamage":0,"cropDamage":0,"source":"","dataSource":"PUB"}},{"type":"Feature","geometry":{"type":"LineString","coordinates":[[-72.4,41.7],[-72.4,41.7]]},"properties":{"id":"ncei-1968-9987299","eventId":"9987299","episodeId":"","year":1968,"month":8,"date":"1968-08-17","beginTime":"1968-08-17T17:00:00","endTime":"1968-08-17T17:00:00","timezone":"CST","state":"CT","stateName":"Connecticut","county":"Tolland","countyFips":"13","wfo":"","scale":1,"scaleLabel":"F1","lengthMiles":2.5,"widthYards":50,"deaths":0,"injuries":0,"propertyDamage":25000,"cropDamage":0,"source":"","dataSource":"PUB"}},{"type":"Feature","geometry":{"type":"LineString","coordinates":[[-73.3,42],[-73.3,42]]},"properties":{"id":"ncei-1968-9987300","eventId":"9987300","episodeId":"","year":1968,"month":8,"date":"1968-08-20","beginTime":"1968-08-20T17:45:00","endTime":"1968-08-20T17:45:00","timezone":"CST","state":"CT","stateName":"Connecticut","county":"Litchfield","countyFips":"5","wfo":"","scale":1,"scaleLabel":"F1","lengthMiles":0,"widthYards":33,"deaths":0,"injuries":0,"propertyDamage":2500,"cropDamage":0,"source":"","dataSource":"PUB"}},{"type":"Feature","geometry":{"type":"LineString","coordinates":[[-102.3,37.98],[-102.3,37.98]]},"properties":{"id":"ncei-1968-9987414","eventId":"9987414","episodeId":"","year":1968,"month":6,"date":"1968-06-24","beginTime":"1968-06-24T19:00:00","endTime":"1968-06-24T19:00:00","timezone":"CST","state":"CO","stateName":"Colorado","county":"Prowers","countyFips":"99","wfo":"","scale":1,"scaleLabel":"F1","lengthMiles":0.4,"widthYards":17,"deaths":0,"injuries":0,"propertyDamage":0,"cropDamage":0,"source":"","dataSource":"PUB"}},{"type":"Feature","geometry":{"type":"LineString","coordinates":[[-102.1,38.05],[-102.1,38.05]]},"properties":{"id":"ncei-1968-9987627","eventId":"9987627","episodeId":"","year":1968,"month":6,"date":"1968-06-24","beginTime":"1968-06-24T19:15:00","endTime":"1968-06-24T19:15:00","timezone":"CST","state":"CO","stateName":"Colorado","county":"Prowers","countyFips":"99","wfo":"","scale":0,"scaleLabel":"F0","lengthMiles":0,"widthYards":33,"deaths":0,"injuries":0,"propertyDamage":0,"cropDamage":0,"source":"","dataSource":"PUB"}},{"type":"Feature","geometry":{"type":"LineString","coordinates":[[-102.12,38.07],[-102.1,38.08]]},"properties":{"id":"ncei-1968-9987628","eventId":"9987628","episodeId":"","year":1968,"month":6,"date":"1968-06-24","beginTime":"1968-06-24T19:15:00","endTime":"1968-06-24T19:15:00","timezone":"CST","state":"CO","stateName":"Colorado","county":"Prowers","countyFips":"99","wfo":"","scale":2,"scaleLabel":"F2","lengthMiles":0,"widthYards":100,"deaths":0,"injuries":1,"propertyDamage":25000,"cropDamage":0,"source":"","dataSource":"PUB"}},{"type":"Feature","geometry":{"type":"LineString","coordinates":[[-105.15,38.72],[-105.15,38.72]]},"properties":{"id":"ncei-1968-9987629","eventId":"9987629","episodeId":"","year":1968,"month":7,"date":"1968-07-03","beginTime":"1968-07-03T14:45:00","endTime":"1968-07-03T14:45:00","timezone":"CST","state":"CO","stateName":"Colorado","county":"Teller","countyFips":"119","wfo":"","scale":0,"scaleLabel":"F0","lengthMiles":0,"widthYards":17,"deaths":0,"injuries":0,"propertyDamage":2500,"cropDamage":0,"source":"","dataSource":"PUB"}},{"type":"Feature","geometry":{"type":"LineString","coordinates":[[-102.53,37.1],[-102.53,37.1]]},"properties":{"id":"ncei-1968-9987631","eventId":"9987631","episodeId":"","year":1968,"month":7,"date":"1968-07-11","beginTime":"1968-07-11T16:00:00","endTime":"1968-07-11T16:00:00","timezone":"CST","state":"CO","stateName":"Colorado","county":"Baca","countyFips":"9","wfo":"","scale":0,"scaleLabel":"F0","lengthMiles":0,"widthYards":33,"deaths":0,"injuries":0,"propertyDamage":2500,"cropDamage":0,"source":"","dataSource":"PUB"}},{"type":"Feature","geometry":{"type":"LineString","coordinates":[[-80.2,25.92],[-80.12,25.95]]},"properties":{"id":"ncei-1968-9988480","eventId":"9988480","episodeId":"","year":1968,"month":2,"date":"1968-02-19","beginTime":"1968-02-19T04:00:00","endTime":"1968-02-19T04:00:00","timezone":"CST","state":"FL","stateName":"Florida","county":"Miami-Dade","countyFips":"86","wfo":"","scale":2,"scaleLabel":"F2","lengthMiles":5.7,"widthYards":100,"deaths":0,"injuries":21,"propertyDamage":2500000,"cropDamage":0,"source":"","dataSource":"PUB"}},{"type":"Feature","geometry":{"type":"LineString","coordinates":[[-80.42,25.75],[-80.42,25.75]]},"properties":{"id":"ncei-1968-9988693","eventId":"9988693","episodeId":"","year":1968,"month":2,"date":"1968-02-19","beginTime":"1968-02-19T04:15:00","endTime":"1968-02-19T04:15:00","timezone":"CST","state":"FL","stateName":"Florida","county":"Miami-Dade","countyFips":"86","wfo":"","scale":1,"scaleLabel":"F1","lengthMiles":0,"widthYards":33,"deaths":0,"injuries":0,"propertyDamage":25000,"cropDamage":0,"source":"","dataSource":"PUB"}},{"type":"Feature","geometry":{"type":"LineString","coordinates":[[-80.08,26.38],[-80.08,26.38]]},"properties":{"id":"ncei-1968-9988698","eventId":"9988698","episodeId":"","year":1968,"month":2,"date":"1968-02-23","beginTime":"1968-02-23T14:00:00","endTime":"1968-02-23T14:00:00","timezone":"CST","state":"FL","stateName":"Florida","county":"Palm Beach","countyFips":"99","wfo":"","scale":-1,"scaleLabel":"Unknown","lengthMiles":0,"widthYards":33,"deaths":0,"injuries":0,"propertyDamage":0,"cropDamage":0,"source":"","dataSource":"PUB"}},{"type":"Feature","geometry":{"type":"LineString","coordinates":[[-82.5,29.32],[-82.5,29.32]]},"properties":{"id":"ncei-1968-9988699","eventId":"9988699","episodeId":"","year":1968,"month":3,"date":"1968-03-12","beginTime":"1968-03-12T11:30:00","endTime":"1968-03-12T11:30:00","timezone":"CST","state":"FL","stateName":"Florida","county":"Levy","countyFips":"75","wfo":"","scale":-1,"scaleLabel":"Unknown","lengthMiles":0,"widthYards":33,"deaths":0,"injuries":0,"propertyDamage":0,"cropDamage":0,"source":"","dataSource":"PUB"}},{"type":"Feature","geometry":{"type":"LineString","coordinates":[[-86.48,30.4],[-86.48,30.4]]},"properties":{"id":"ncei-1968-9988700","eventId":"9988700","episodeId":"","year":1968,"month":3,"date":"1968-03-22","beginTime":"1968-03-22T10:40:00","endTime":"1968-03-22T10:40:00","timezone":"CST","state":"FL","stateName":"Florida","county":"Okaloosa","countyFips":"91","wfo":"","scale":-1,"scaleLabel":"Unknown","lengthMiles":0,"widthYards":33,"deaths":0,"injuries":0,"propertyDamage":2500,"cropDamage":0,"source":"","dataSource":"PUB"}},{"type":"Feature","geometry":{"type":"LineString","coordinates":[[-85.7,30.8],[-85.7,30.8]]},"properties":{"id":"ncei-1968-9988701","eventId":"9988701","episodeId":"","year":1968,"month":3,"date":"1968-03-22","beginTime":"1968-03-22T11:00:00","endTime":"1968-03-22T11:00:00","timezone":"CST","state":"FL","stateName":"Florida","county":"Holmes","countyFips":"59","wfo":"","scale":-1,"scaleLabel":"Unknown","lengthMiles":0,"widthYards":33,"deaths":0,"injuries":0,"propertyDamage":0,"cropDamage":0,"source":"","dataSource":"PUB"}},{"type":"Feature","geometry":{"type":"LineString","coordinates":[[-85.23,30.8],[-85.23,30.8]]},"properties":{"id":"ncei-1968-9988703","eventId":"9988703","episodeId":"","year":1968,"month":3,"date":"1968-03-22","beginTime":"1968-03-22T12:30:00","endTime":"1968-03-22T12:30:00","timezone":"CST","state":"FL","stateName":"Florida","county":"Jackson","countyFips":"63","wfo":"","scale":1,"scaleLabel":"F1","lengthMiles":0,"widthYards":33,"deaths":0,"injuries":0,"propertyDamage":25000,"cropDamage":0,"source":"","dataSource":"PUB"}},{"type":"Feature","geometry":{"type":"LineString","coordinates":[[-81.85,26.63],[-81.85,26.63]]},"properties":{"id":"ncei-1968-9988707","eventId":"9988707","episodeId":"","year":1968,"month":5,"date":"1968-05-13","beginTime":"1968-05-13T15:15:00","endTime":"1968-05-13T15:15:00","timezone":"CST","state":"FL","stateName":"Florida","county":"Lee","countyFips":"71","wfo":"","scale":1,"scaleLabel":"F1","lengthMiles":0,"widthYards":33,"deaths":0,"injuries":0,"propertyDamage":0,"cropDamage":0,"source":"","dataSource":"PUB"}},{"type":"Feature","geometry":{"type":"LineString","coordinates":[[-83.98,30.35],[-83.98,30.35]]},"properties":{"id":"ncei-1968-9988710","eventId":"9988710","episodeId":"","year":1968,"month":5,"date":"1968-05-19","beginTime":"1968-05-19T11:00:00","endTime":"1968-05-19T11:00:00","timezone":"CST","state":"FL","stateName":"Florida","county":"Jefferson","countyFips":"65","wfo":"","scale":0,"scaleLabel":"F0","lengthMiles":0,"widthYards":33,"deaths":0,"injuries":0,"propertyDamage":0,"cropDamage":0,"source":"","dataSource":"PUB"}},{"type":"Feature","geometry":{"type":"LineString","coordinates":[[-82.77,27.75],[-82.77,27.75]]},"properties":{"id":"ncei-1968-9988711","eventId":"9988711","episodeId":"","year":1968,"month":5,"date":"1968-05-19","beginTime":"1968-05-19T13:10:00","endTime":"1968-05-19T13:10:00","timezone":"CST","state":"FL","stateName":"Florida","county":"Pinellas","countyFips":"103","wfo":"","scale":-1,"scaleLabel":"Unknown","lengthMiles":0,"widthYards":100,"deaths":0,"injuries":0,"propertyDamage":2500,"cropDamage":0,"source":"","dataSource":"PUB"}},{"type":"Feature","geometry":{"type":"LineString","coordinates":[[-80.6,27.9],[-80.6,27.9]]},"properties":{"id":"ncei-1968-9988716","eventId":"9988716","episodeId":"","year":1968,"month":5,"date":"1968-05-28","beginTime":"1968-05-28T12:40:00","endTime":"1968-05-28T12:40:00","timezone":"CST","state":"FL","stateName":"Florida","county":"Brevard","countyFips":"9","wfo":"","scale":-1,"scaleLabel":"Unknown","lengthMiles":0,"widthYards":33,"deaths":0,"injuries":0,"propertyDamage":0,"cropDamage":0,"source":"","dataSource":"PUB"}},{"type":"Feature","geometry":{"type":"LineString","coordinates":[[-80.67,26.67],[-80.67,26.67]]},"properties":{"id":"ncei-1968-9988718","eventId":"9988718","episodeId":"","year":1968,"month":5,"date":"1968-05-29","beginTime":"1968-05-29T18:02:00","endTime":"1968-05-29T18:02:00","timezone":"CST","state":"FL","stateName":"Florida","county":"Palm Beach","countyFips":"99","wfo":"","scale":-1,"scaleLabel":"Unknown","lengthMiles":0,"widthYards":33,"deaths":0,"injuries":0,"propertyDamage":0,"cropDamage":0,"source":"","dataSource":"PUB"}},{"type":"Feature","geometry":{"type":"LineString","coordinates":[[-80.67,28.22],[-80.67,28.22]]},"properties":{"id":"ncei-1968-9988720","eventId":"9988720","episodeId":"","year":1968,"month":6,"date":"1968-06-04","beginTime":"1968-06-04T04:30:00","endTime":"1968-06-04T04:30:00","timezone":"CST","state":"FL","stateName":"Florida","county":"Brevard","countyFips":"9","wfo":"","scale":1,"scaleLabel":"F1","lengthMiles":0.3,"widthYards":33,"deaths":0,"injuries":0,"propertyDamage":2500,"cropDamage":0,"source":"","dataSource":"PUB"}},{"type":"Feature","geometry":{"type":"LineString","coordinates":[[-80.65,28.4],[-80.65,28.4]]},"properties":{"id":"ncei-1968-9988721","eventId":"9988721","episodeId":"","year":1968,"month":6,"date":"1968-06-04","beginTime":"1968-06-04T08:10:00","endTime":"1968-06-04T08:10:00","timezone":"CST","state":"FL","stateName":"Florida","county":"Brevard","countyFips":"9","wfo":"","scale":0,"scaleLabel":"F0","lengthMiles":0.1,"widthYards":17,"deaths":0,"injuries":0,"propertyDamage":0,"cropDamage":0,"source":"","dataSource":"PUB"}},{"type":"Feature","geometry":{"type":"LineString","coordinates":[[-81.63,28.1],[-81.63,28.1]]},"properties":{"id":"ncei-1968-9988722","eventId":"9988722","episodeId":"","year":1968,"month":6,"date":"1968-06-05","beginTime":"1968-06-05T07:10:00","endTime":"1968-06-05T07:10:00","timezone":"CST","state":"FL","stateName":"Florida","county":"Polk","countyFips":"105","wfo":"","scale":1,"scaleLabel":"F1","lengthMiles":0,"widthYards":33,"deaths":0,"injuries":0,"propertyDamage":0,"cropDamage":0,"source":"","dataSource":"PUB"}},{"type":"Feature","geometry":{"type":"LineString","coordinates":[[-80.3,25.7],[-80.3,25.7]]},"properties":{"id":"ncei-1968-9988723","eventId":"9988723","episodeId":"","year":1968,"month":6,"date":"1968-06-07","beginTime":"1968-06-07T13:10:00","endTime":"1968-06-07T13:10:00","timezone":"CST","state":"FL","stateName":"Florida","county":"Miami-Dade","countyFips":"86","wfo":"","scale":1,"scaleLabel":"F1","lengthMiles":0,"widthYards":33,"deaths":0,"injuries":1,"propertyDamage":250000,"cropDamage":0,"source":"","dataSource":"PUB"}},{"type":"Feature","geometry":{"type":"LineString","coordinates":[[-84.43,30.63],[-84.38,30.67]]},"properties":{"id":"ncei-1968-9988729","eventId":"9988729","episodeId":"","year":1968,"month":6,"date":"1968-06-12","beginTime":"1968-06-12T14:30:00","endTime":"1968-06-12T14:30:00","timezone":"CST","state":"FL","stateName":"Florida","county":"Gadsden","countyFips":"39","wfo":"","scale":1,"scaleLabel":"F1","lengthMiles":4.1,"widthYards":17,"deaths":0,"injuries":0,"propertyDamage":250000,"cropDamage":0,"source":"","dataSource":"PUB"}},{"type":"Feature","geometry":{"type":"LineString","coordinates":[[-80.6,28.17],[-80.6,28.17]]},"properties":{"id":"ncei-1968-9988739","eventId":"9988739","episodeId":"","year":1968,"month":6,"date":"1968-06-19","beginTime":"1968-06-19T11:45:00","endTime":"1968-06-19T11:45:00","timezone":"CST","state":"FL","stateName":"Florida","county":"Brevard","countyFips":"9","wfo":"","scale":1,"scaleLabel":"F1","lengthMiles":0,"widthYards":33,"deaths":0,"injuries":0,"propertyDamage":2500,"cropDamage":0,"source":"","dataSource":"PUB"}},{"type":"Feature","geometry":{"type":"LineString","coordinates":[[-80.38,25.77],[-80.23,25.92]]},"properties":{"id":"ncei-1968-9988740","eventId":"9988740","episodeId":"","year":1968,"month":6,"date":"1968-06-25","beginTime":"1968-06-25T16:40:00","endTime":"1968-06-25T16:40:00","timezone":"CST","state":"FL","stateName":"Florida","county":"Miami-Dade","countyFips":"86","wfo":"","scale":1,"scaleLabel":"F1","lengthMiles":14,"widthYards":33,"deaths":0,"injuries":0,"propertyDamage":0,"cropDamage":0,"source":"","dataSource":"PUB"}},{"type":"Feature","geometry":{"type":"LineString","coordinates":[[-82.42,28.92],[-82.42,28.92]]},"properties":{"id":"ncei-1968-9988742","eventId":"9988742","episodeId":"","year":1968,"month":7,"date":"1968-07-02","beginTime":"1968-07-02T14:00:00","endTime":"1968-07-02T14:00:00","timezone":"CST","state":"FL","stateName":"Florida","county":"Citrus","countyFips":"17","wfo":"","scale":-1,"scaleLabel":"Unknown","lengthMiles":0.8,"widthYards":400,"deaths":0,"injuries":0,"propertyDamage":2500,"cropDamage":0,"source":"","dataSource":"PUB"}},{"type":"Feature","geometry":{"type":"LineString","coordinates":[[-84.3,27.55],[-84.3,27.55]]},"properties":{"id":"ncei-1968-9988744","eventId":"9988744","episodeId":"","year":1968,"month":7,"date":"1968-07-07","beginTime":"1968-07-07T14:00:00","endTime":"1968-07-07T14:00:00","timezone":"CST","state":"FL","stateName":"Florida","county":"Hardee","countyFips":"49","wfo":"","scale":-1,"scaleLabel":"Unknown","lengthMiles":0,"widthYards":33,"deaths":0,"injuries":0,"propertyDamage":0,"cropDamage":0,"source":"","dataSource":"PUB"}},{"type":"Feature","geometry":{"type":"LineString","coordinates":[[-80.6,28.07],[-80.6,28.07]]},"properties":{"id":"ncei-1968-9988746","eventId":"9988746","episodeId":"","year":1968,"month":7,"date":"1968-07-09","beginTime":"1968-07-09T13:30:00","endTime":"1968-07-09T13:30:00","timezone":"CST","state":"FL","stateName":"Florida","county":"Brevard","countyFips":"9","wfo":"","scale":1,"scaleLabel":"F1","lengthMiles":0,"widthYards":33,"deaths":0,"injuries":1,"propertyDamage":25000,"cropDamage":0,"source":"","dataSource":"PUB"}},{"type":"Feature","geometry":{"type":"LineString","coordinates":[[-80.2,27.13],[-80.2,27.13]]},"properties":{"id":"ncei-1968-9988748","eventId":"9988748","episodeId":"","year":1968,"month":7,"date":"1968-07-11","beginTime":"1968-07-11T14:10:00","endTime":"1968-07-11T14:10:00","timezone":"CST","state":"FL","stateName":"Florida","county":"Martin","countyFips":"85","wfo":"","scale":-1,"scaleLabel":"Unknown","lengthMiles":0,"widthYards":33,"deaths":0,"injuries":0,"propertyDamage":0,"cropDamage":0,"source":"","dataSource":"PUB"}},{"type":"Feature","geometry":{"type":"LineString","coordinates":[[-82.8,27.97],[-82.8,27.97]]},"properties":{"id":"ncei-1968-9988750","eventId":"9988750","episodeId":"","year":1968,"month":7,"date":"1968-07-14","beginTime":"1968-07-14T14:10:00","endTime":"1968-07-14T14:10:00","timezone":"CST","state":"FL","stateName":"Florida","county":"Pinellas","countyFips":"103","wfo":"","scale":1,"scaleLabel":"F1","lengthMiles":0,"widthYards":33,"deaths":0,"injuries":0,"propertyDamage":2500,"cropDamage":0,"source":"","dataSource":"PUB"}},{"type":"Feature","geometry":{"type":"LineString","coordinates":[[-82.83,27.95],[-82.83,27.95]]},"properties":{"id":"ncei-1968-9988751","eventId":"9988751","episodeId":"","year":1968,"month":7,"date":"1968-07-14","beginTime":"1968-07-14T23:30:00","endTime":"1968-07-14T23:30:00","timezone":"CST","state":"FL","stateName":"Florida","county":"Pinellas","countyFips":"103","wfo":"","scale":1,"scaleLabel":"F1","lengthMiles":2,"widthYards":27,"deaths":0,"injuries":0,"propertyDamage":25000,"cropDamage":0,"source":"","dataSource":"PUB"}},{"type":"Feature","geometry":{"type":"LineString","coordinates":[[-81.8,26.75],[-81.8,26.75]]},"properties":{"id":"ncei-1968-9988755","eventId":"9988755","episodeId":"","year":1968,"month":7,"date":"1968-07-19","beginTime":"1968-07-19T17:10:00","endTime":"1968-07-19T17:10:00","timezone":"CST","state":"FL","stateName":"Florida","county":"Lee","countyFips":"71","wfo":"","scale":-1,"scaleLabel":"Unknown","lengthMiles":0,"widthYards":33,"deaths":0,"injuries":0,"propertyDamage":0,"cropDamage":0,"source":"","dataSource":"PUB"}},{"type":"Feature","geometry":{"type":"LineString","coordinates":[[-82.13,27],[-82.13,27]]},"properties":{"id":"ncei-1968-9988760","eventId":"9988760","episodeId":"","year":1968,"month":7,"date":"1968-07-30","beginTime":"1968-07-30T17:15:00","endTime":"1968-07-30T17:15:00","timezone":"CST","state":"FL","stateName":"Florida","county":"Charlotte","countyFips":"15","wfo":"","scale":2,"scaleLabel":"F2","lengthMiles":0.3,"widthYards":27,"deaths":2,"injuries":0,"propertyDamage":25000,"cropDamage":0,"source":"","dataSource":"PUB"}},{"type":"Feature","geometry":{"type":"LineString","coordinates":[[-85.1,34.3],[-85.1,34.3]]},"properties":{"id":"ncei-1968-9993930","eventId":"9993930","episodeId":"","year":1968,"month":5,"date":"1968-05-29","beginTime":"1968-05-29T19:00:00","endTime":"1968-05-29T19:00:00","timezone":"CST","state":"GA","stateName":"Georgia","county":"Floyd","countyFips":"115","wfo":"","scale":2,"scaleLabel":"F2","lengthMiles":0.8,"widthYards":33,"deaths":0,"injuries":0,"propertyDamage":25000,"cropDamage":0,"source":"","dataSource":"PUB"}},{"type":"Feature","geometry":{"type":"LineString","coordinates":[[-81.9,26.8],[-81.9,26.8]]},"properties":{"id":"ncei-1968-9994071","eventId":"9994071","episodeId":"","year":1968,"month":8,"date":"1968-08-09","beginTime":"1968-08-09T13:20:00","endTime":"1968-08-09T13:20:00","timezone":"CST","state":"FL","stateName":"Florida","county":"Charlotte","countyFips":"15","wfo":"","scale":-1,"scaleLabel":"Unknown","lengthMiles":0,"widthYards":33,"deaths":0,"injuries":0,"propertyDamage":0,"cropDamage":0,"source":"","dataSource":"PUB"}},{"type":"Feature","geometry":{"type":"LineString","coordinates":[[-82.42,32.22],[-82.42,32.22]]},"properties":{"id":"ncei-1968-9994148","eventId":"9994148","episodeId":"","year":1968,"month":6,"date":"1968-06-02","beginTime":"1968-06-02T16:00:00","endTime":"1968-06-02T16:00:00","timezone":"CST","state":"GA","stateName":"Georgia","county":"Toombs","countyFips":"279","wfo":"","scale":2,"scaleLabel":"F2","lengthMiles":0.1,"widthYards":33,"deaths":0,"injuries":0,"propertyDamage":25000,"cropDamage":0,"source":"","dataSource":"PUB"}},{"type":"Feature","geometry":{"type":"LineString","coordinates":[[-83.53,33.8],[-83.53,33.8]]},"properties":{"id":"ncei-1968-9994150","eventId":"9994150","episodeId":"","year":1968,"month":6,"date":"1968-06-11","beginTime":"1968-06-11T19:00:00","endTime":"1968-06-11T19:00:00","timezone":"CST","state":"GA","stateName":"Georgia","county":"Oconee","countyFips":"219","wfo":"","scale":1,"scaleLabel":"F1","lengthMiles":0.4,"widthYards":30,"deaths":0,"injuries":0,"propertyDamage":2500,"cropDamage":0,"source":"","dataSource":"PUB"}},{"type":"Feature","geometry":{"type":"LineString","coordinates":[[-84.3,31.2],[-84.3,31.2]]},"properties":{"id":"ncei-1968-9994153","eventId":"9994153","episodeId":"","year":1968,"month":6,"date":"1968-06-17","beginTime":"1968-06-17T18:30:00","endTime":"1968-06-17T18:30:00","timezone":"CST","state":"GA","stateName":"Georgia","county":"Mitchell","countyFips":"205","wfo":"","scale":0,"scaleLabel":"F0","lengthMiles":1,"widthYards":37,"deaths":0,"injuries":0,"propertyDamage":25000,"cropDamage":0,"source":"","dataSource":"PUB"}},{"type":"Feature","geometry":{"type":"LineString","coordinates":[[-80.85,32],[-80.85,32]]},"properties":{"id":"ncei-1968-9994158","eventId":"9994158","episodeId":"","year":1968,"month":7,"date":"1968-07-20","beginTime":"1968-07-20T12:30:00","endTime":"1968-07-20T12:30:00","timezone":"CST","state":"GA","stateName":"Georgia","county":"Chatham","countyFips":"51","wfo":"","scale":0,"scaleLabel":"F0","lengthMiles":0.4,"widthYards":27,"deaths":0,"injuries":0,"propertyDamage":2500,"cropDamage":0,"source":"","dataSource":"PUB"}},{"type":"Feature","geometry":{"type":"LineString","coordinates":[[-83.68,32.4],[-83.68,32.4]]},"properties":{"id":"ncei-1968-9994161","eventId":"9994161","episodeId":"","year":1968,"month":7,"date":"1968-07-28","beginTime":"1968-07-28T17:30:00","endTime":"1968-07-28T17:30:00","timezone":"CST","state":"GA","stateName":"Georgia","county":"Houston","countyFips":"153","wfo":"","scale":0,"scaleLabel":"F0","lengthMiles":0.6,"widthYards":33,"deaths":0,"injuries":0,"propertyDamage":2500,"cropDamage":0,"source":"","dataSource":"PUB"}},{"type":"Feature","geometry":{"type":"LineString","coordinates":[[-81.73,32.9],[-81.73,32.9]]},"properties":{"id":"ncei-1968-9994168","eventId":"9994168","episodeId":"","year":1968,"month":8,"date":"1968-08-06","beginTime":"1968-08-06T15:30:00","endTime":"1968-08-06T15:30:00","timezone":"CST","state":"GA","stateName":"Georgia","county":"Screven","countyFips":"251","wfo":"","scale":2,"scaleLabel":"F2","lengthMiles":0.3,"widthYards":10,"deaths":0,"injuries":0,"propertyDamage":2500,"cropDamage":0,"source":"","dataSource":"PUB"}},{"type":"Feature","geometry":{"type":"LineString","coordinates":[[-83.63,31.67],[-83.63,31.67]]},"properties":{"id":"ncei-1968-9994176","eventId":"9994176","episodeId":"","year":1968,"month":8,"date":"1968-08-24","beginTime":"1968-08-24T13:45:00","endTime":"1968-08-24T13:45:00","timezone":"CST","state":"GA","stateName":"Georgia","county":"Turner","countyFips":"287","wfo":"","scale":2,"scaleLabel":"F2","lengthMiles":0.3,"widthYards":33,"deaths":0,"injuries":12,"propertyDamage":250000,"cropDamage":0,"source":"","dataSource":"PUB"}},{"type":"Feature","geometry":{"type":"LineString","coordinates":[[-83.93,31.35],[-83.93,31.35]]},"properties":{"id":"ncei-1968-9994190","eventId":"9994190","episodeId":"","year":1968,"month":11,"date":"1968-11-11","beginTime":"1968-11-11T03:00:00","endTime":"1968-11-11T03:00:00","timezone":"CST","state":"GA","stateName":"Georgia","county":"Worth","countyFips":"321","wfo":"","scale":3,"scaleLabel":"F3","lengthMiles":2,"widthYards":100,"deaths":0,"injuries":0,"propertyDamage":25000,"cropDamage":0,"source":"","dataSource":"PUB"}},{"type":"Feature","geometry":{"type":"LineString","coordinates":[[-83.23,34.2],[-83.23,34.2]]},"properties":{"id":"ncei-1968-9994191","eventId":"9994191","episodeId":"","year":1968,"month":11,"date":"1968-11-17","beginTime":"1968-11-17T16:16:00","endTime":"1968-11-17T16:16:00","timezone":"CST","state":"GA","stateName":"Georgia","county":"Madison","countyFips":"195","wfo":"","scale":1,"scaleLabel":"F1","lengthMiles":2.6,"widthYards":50,"deaths":0,"injuries":0,"propertyDamage":25000,"cropDamage":0,"source":"","dataSource":"PUB"}},{"type":"Feature","geometry":{"type":"LineString","coordinates":[[-83.4,33.9],[-83.4,33.9]]},"properties":{"id":"ncei-1968-9994192","eventId":"9994192","episodeId":"","year":1968,"month":11,"date":"1968-11-17","beginTime":"1968-11-17T17:30:00","endTime":"1968-11-17T17:30:00","timezone":"CST","state":"GA","stateName":"Georgia","county":"Oconee","countyFips":"219","wfo":"","scale":1,"scaleLabel":"F1","lengthMiles":2,"widthYards":33,"deaths":0,"injuries":0,"propertyDamage":25000,"cropDamage":0,"source":"","dataSource":"PUB"}},{"type":"Feature","geometry":{"type":"LineString","coordinates":[[-83.73,32.5],[-83.58,32.62]]},"properties":{"id":"ncei-1968-9994193","eventId":"9994193","episodeId":"","year":1968,"month":11,"date":"1968-11-18","beginTime":"1968-11-18T05:05:00","endTime":"1968-11-18T05:05:00","timezone":"CST","state":"GA","stateName":"Georgia","county":"Houston","countyFips":"153","wfo":"","scale":1,"scaleLabel":"F1","lengthMiles":12,"widthYards":33,"deaths":0,"injuries":0,"propertyDamage":2500,"cropDamage":0,"source":"","dataSource":"PUB"}},{"type":"Feature","geometry":{"type":"LineString","coordinates":[[-82.3,31.17],[-82.3,31.17]]},"properties":{"id":"ncei-1968-9994194","eventId":"9994194","episodeId":"","year":1968,"month":11,"date":"1968-11-18","beginTime":"1968-11-18T13:20:00","endTime":"1968-11-18T13:20:00","timezone":"CST","state":"GA","stateName":"Georgia","county":"Ware","countyFips":"299","wfo":"","scale":3,"scaleLabel":"F3","lengthMiles":0.5,"widthYards":33,"deaths":0,"injuries":0,"propertyDamage":25000,"cropDamage":0,"source":"","dataSource":"PUB"}},{"type":"Feature","geometry":{"type":"LineString","coordinates":[[-83.3,30.9],[-83.3,30.9]]},"properties":{"id":"ncei-1968-9994195","eventId":"9994195","episodeId":"","year":1968,"month":12,"date":"1968-12-03","beginTime":"1968-12-03T09:30:00","endTime":"1968-12-03T09:30:00","timezone":"CST","state":"GA","stateName":"Georgia","county":"Lowndes","countyFips":"185","wfo":"","scale":2,"scaleLabel":"F2","lengthMiles":0.1,"widthYards":27,"deaths":0,"injuries":0,"propertyDamage":2500,"cropDamage":0,"source":"","dataSource":"PUB"}},{"type":"Feature","geometry":{"type":"LineString","coordinates":[[-84.63,30.75],[-84.63,30.75]]},"properties":{"id":"ncei-1968-9994196","eventId":"9994196","episodeId":"","year":1968,"month":12,"date":"1968-12-28","beginTime":"1968-12-28T03:44:00","endTime":"1968-12-28T03:44:00","timezone":"CST","state":"GA","stateName":"Georgia","county":"Decatur","countyFips":"87","wfo":"","scale":3,"scaleLabel":"F3","lengthMiles":0.5,"widthYards":100,"deaths":0,"injuries":0,"propertyDamage":25000,"cropDamage":0,"source":"","dataSource":"PUB"}},{"type":"Feature","geometry":{"type":"LineString","coordinates":[[-84,31],[-84,31]]},"properties":{"id":"ncei-1968-9997508","eventId":"9997508","episodeId":"","year":1968,"month":3,"date":"1968-03-11","beginTime":"1968-03-11T05:15:00","endTime":"1968-03-11T05:15:00","timezone":"CST","state":"GA","stateName":"Georgia","county":"Thomas","countyFips":"275","wfo":"","scale":1,"scaleLabel":"F1","lengthMiles":2,"widthYards":30,"deaths":0,"injuries":0,"propertyDamage":2500,"cropDamage":0,"source":"","dataSource":"PUB"}},{"type":"Feature","geometry":{"type":"LineString","coordinates":[[-84.47,32.8],[-84.38,32.8]]},"properties":{"id":"ncei-1968-9997511","eventId":"9997511","episodeId":"","year":1968,"month":3,"date":"1968-03-11","beginTime":"1968-03-11T16:30:00","endTime":"1968-03-11T16:30:00","timezone":"CST","state":"GA","stateName":"Georgia","county":"Talbot","countyFips":"263","wfo":"","scale":1,"scaleLabel":"F1","lengthMiles":4.9,"widthYards":33,"deaths":0,"injuries":0,"propertyDamage":25000,"cropDamage":0,"source":"","dataSource":"PUB"}},{"type":"Feature","geometry":{"type":"LineString","coordinates":[[-85.27,33.75],[-85.17,33.78]]},"properties":{"id":"ncei-1968-9997512","eventId":"9997512","episodeId":"","year":1968,"month":3,"date":"1968-03-12","beginTime":"1968-03-12T00:01:00","endTime":"1968-03-12T00:01:00","timezone":"CST","state":"GA","stateName":"Georgia","county":"Haralson","countyFips":"143","wfo":"","scale":2,"scaleLabel":"F2","lengthMiles":6.2,"widthYards":100,"deaths":0,"injuries":0,"propertyDamage":25000,"cropDamage":0,"source":"","dataSource":"PUB"}},{"type":"Feature","geometry":{"type":"LineString","coordinates":[[-83.2,31.08],[-83.2,31.08]]},"properties":{"id":"ncei-1968-9997515","eventId":"9997515","episodeId":"","year":1968,"month":3,"date":"1968-03-12","beginTime":"1968-03-12T10:30:00","endTime":"1968-03-12T10:30:00","timezone":"CST","state":"GA","stateName":"Georgia","county":"Berrien","countyFips":"19","wfo":"","scale":1,"scaleLabel":"F1","lengthMiles":0.5,"widthYards":100,"deaths":0,"injuries":0,"propertyDamage":2500,"cropDamage":0,"source":"","dataSource":"PUB"}},{"type":"Feature","geometry":{"type":"LineString","coordinates":[[-82.33,31.17],[-82.33,31.17]]},"properties":{"id":"ncei-1968-9997516","eventId":"9997516","episodeId":"","year":1968,"month":3,"date":"1968-03-12","beginTime":"1968-03-12T15:44:00","endTime":"1968-03-12T15:44:00","timezone":"CST","state":"GA","stateName":"Georgia","county":"Ware","countyFips":"299","wfo":"","scale":0,"scaleLabel":"F0","lengthMiles":0.3,"widthYards":33,"deaths":0,"injuries":0,"propertyDamage":0,"cropDamage":0,"source":"","dataSource":"PUB"}},{"type":"Feature","geometry":{"type":"LineString","coordinates":[[-84.2,33.4],[-84.2,33.4]]},"properties":{"id":"ncei-1968-9997517","eventId":"9997517","episodeId":"","year":1968,"month":3,"date":"1968-03-22","beginTime":"1968-03-22T14:10:00","endTime":"1968-03-22T14:10:00","timezone":"CST","state":"GA","stateName":"Georgia","county":"Henry","countyFips":"151","wfo":"","scale":1,"scaleLabel":"F1","lengthMiles":0,"widthYards":33,"deaths":0,"injuries":0,"propertyDamage":25000,"cropDamage":0,"source":"","dataSource":"PUB"}},{"type":"Feature","geometry":{"type":"LineString","coordinates":[[-82.2,31.7],[-82.2,31.7]]},"properties":{"id":"ncei-1968-9997523","eventId":"9997523","episodeId":"","year":1968,"month":4,"date":"1968-04-27","beginTime":"1968-04-27T17:00:00","endTime":"1968-04-27T17:00:00","timezone":"CST","state":"GA","stateName":"Georgia","county":"Appling","countyFips":"1","wfo":"","scale":0,"scaleLabel":"F0","lengthMiles":0.2,"widthYards":30,"deaths":0,"injuries":0,"propertyDamage":2500,"cropDamage":0,"source":"","dataSource":"PUB"}},{"type":"Feature","geometry":{"type":"LineString","coordinates":[[-83.2,31.72],[-83.2,31.72]]},"properties":{"id":"ncei-1968-9997534","eventId":"9997534","episodeId":"","year":1968,"month":5,"date":"1968-05-28","beginTime":"1968-05-28T00:30:00","endTime":"1968-05-28T00:30:00","timezone":"CST","state":"GA","stateName":"Georgia","county":"Ben Hill","countyFips":"17","wfo":"","scale":1,"scaleLabel":"F1","lengthMiles":2,"widthYards":37,"deaths":0,"injuries":0,"propertyDamage":25000,"cropDamage":0,"source":"","dataSource":"PUB"}},{"type":"Feature","geometry":{"type":"LineString","coordinates":[[-83.2,31.72],[-83.2,31.72]]},"properties":{"id":"ncei-1968-9997535","eventId":"9997535","episodeId":"","year":1968,"month":5,"date":"1968-05-28","beginTime":"1968-05-28T00:30:00","endTime":"1968-05-28T00:30:00","timezone":"CST","state":"GA","stateName":"Georgia","county":"Ben Hill","countyFips":"17","wfo":"","scale":1,"scaleLabel":"F1","lengthMiles":0.9,"widthYards":33,"deaths":0,"injuries":0,"propertyDamage":2500,"cropDamage":0,"source":"","dataSource":"PUB"}}]}
