{"type":"FeatureCollection","metadata":{"source":"NOAA/NCEI StormEvents details CSV","generatedAt":"2026-04-27T22:31:07.075Z","count":1198,"year":1973},"features":[{"type":"Feature","geometry":{"type":"LineString","coordinates":[[-86.42,30.83],[-86.1,30.9]]},"properties":{"id":"ncei-1973-10000281","eventId":"10000281","episodeId":"","year":1973,"month":5,"date":"1973-05-26","beginTime":"1973-05-26T12:00:00","endTime":"1973-05-26T12:00:00","timezone":"CST","state":"FL","stateName":"Florida","county":"Walton","countyFips":"131","wfo":"","scale":2,"scaleLabel":"F2","lengthMiles":19.4,"widthYards":10,"deaths":0,"injuries":0,"propertyDamage":25000,"cropDamage":0,"source":"","dataSource":"PUB"}},{"type":"Feature","geometry":{"type":"LineString","coordinates":[[-86.92,30.23],[-86.92,30.23]]},"properties":{"id":"ncei-1973-10000283","eventId":"10000283","episodeId":"","year":1973,"month":5,"date":"1973-05-26","beginTime":"1973-05-26T14:20:00","endTime":"1973-05-26T14:20:00","timezone":"CST","state":"FL","stateName":"Florida","county":"Escambia","countyFips":"33","wfo":"","scale":1,"scaleLabel":"F1","lengthMiles":0.5,"widthYards":20,"deaths":0,"injuries":7,"propertyDamage":250000,"cropDamage":0,"source":"","dataSource":"PUB"}},{"type":"Feature","geometry":{"type":"LineString","coordinates":[[-82.4,30.2],[-82.4,30.2]]},"properties":{"id":"ncei-1973-10000501","eventId":"10000501","episodeId":"","year":1973,"month":5,"date":"1973-05-29","beginTime":"1973-05-29T20:00:00","endTime":"1973-05-29T20:00:00","timezone":"CST","state":"FL","stateName":"Florida","county":"Baker","countyFips":"3","wfo":"","scale":0,"scaleLabel":"F0","lengthMiles":2,"widthYards":20,"deaths":0,"injuries":0,"propertyDamage":2500,"cropDamage":0,"source":"","dataSource":"PUB"}},{"type":"Feature","geometry":{"type":"LineString","coordinates":[[-81.73,27.23],[-81.73,27.23]]},"properties":{"id":"ncei-1973-10000509","eventId":"10000509","episodeId":"","year":1973,"month":5,"date":"1973-05-31","beginTime":"1973-05-31T21:40:00","endTime":"1973-05-31T21:40:00","timezone":"CST","state":"FL","stateName":"Florida","county":"De Soto","countyFips":"27","wfo":"","scale":0,"scaleLabel":"F0","lengthMiles":0.2,"widthYards":20,"deaths":0,"injuries":3,"propertyDamage":2500,"cropDamage":0,"source":"","dataSource":"PUB"}},{"type":"Feature","geometry":{"type":"LineString","coordinates":[[-82.83,28],[-82.83,28]]},"properties":{"id":"ncei-1973-10000510","eventId":"10000510","episodeId":"","year":1973,"month":6,"date":"1973-06-02","beginTime":"1973-06-02T18:00:00","endTime":"1973-06-02T18:00:00","timezone":"CST","state":"FL","stateName":"Florida","county":"Pinellas","countyFips":"103","wfo":"","scale":0,"scaleLabel":"F0","lengthMiles":0.2,"widthYards":10,"deaths":0,"injuries":0,"propertyDamage":25000,"cropDamage":0,"source":"","dataSource":"PUB"}},{"type":"Feature","geometry":{"type":"LineString","coordinates":[[-82.2,28.2],[-82.2,28.2]]},"properties":{"id":"ncei-1973-10000513","eventId":"10000513","episodeId":"","year":1973,"month":6,"date":"1973-06-15","beginTime":"1973-06-15T14:56:00","endTime":"1973-06-15T14:56:00","timezone":"CST","state":"FL","stateName":"Florida","county":"Pasco","countyFips":"101","wfo":"","scale":0,"scaleLabel":"F0","lengthMiles":0.2,"widthYards":10,"deaths":0,"injuries":0,"propertyDamage":2500,"cropDamage":0,"source":"","dataSource":"PUB"}},{"type":"Feature","geometry":{"type":"LineString","coordinates":[[-80.33,26.67],[-80.33,26.67]]},"properties":{"id":"ncei-1973-10000514","eventId":"10000514","episodeId":"","year":1973,"month":6,"date":"1973-06-23","beginTime":"1973-06-23T11:32:00","endTime":"1973-06-23T11:32:00","timezone":"CST","state":"FL","stateName":"Florida","county":"Miami-Dade","countyFips":"86","wfo":"","scale":0,"scaleLabel":"F0","lengthMiles":0.2,"widthYards":10,"deaths":0,"injuries":0,"propertyDamage":0,"cropDamage":0,"source":"","dataSource":"PUB"}},{"type":"Feature","geometry":{"type":"LineString","coordinates":[[-81.3,28.8],[-81.3,28.8]]},"properties":{"id":"ncei-1973-10000517","eventId":"10000517","episodeId":"","year":1973,"month":7,"date":"1973-07-12","beginTime":"1973-07-12T17:45:00","endTime":"1973-07-12T17:45:00","timezone":"CST","state":"FL","stateName":"Florida","county":"Seminole","countyFips":"117","wfo":"","scale":0,"scaleLabel":"F0","lengthMiles":0.2,"widthYards":10,"deaths":0,"injuries":0,"propertyDamage":2500,"cropDamage":0,"source":"","dataSource":"PUB"}},{"type":"Feature","geometry":{"type":"LineString","coordinates":[[-82.45,27.1],[-82.45,27.1]]},"properties":{"id":"ncei-1973-10000525","eventId":"10000525","episodeId":"","year":1973,"month":8,"date":"1973-08-19","beginTime":"1973-08-19T14:12:00","endTime":"1973-08-19T14:12:00","timezone":"CST","state":"FL","stateName":"Florida","county":"Sarasota","countyFips":"115","wfo":"","scale":1,"scaleLabel":"F1","lengthMiles":0.5,"widthYards":67,"deaths":0,"injuries":0,"propertyDamage":2500000,"cropDamage":0,"source":"","dataSource":"PUB"}},{"type":"Feature","geometry":{"type":"LineString","coordinates":[[-81.83,26.6],[-81.83,26.57]]},"properties":{"id":"ncei-1973-10000537","eventId":"10000537","episodeId":"","year":1973,"month":10,"date":"1973-10-07","beginTime":"1973-10-07T15:25:00","endTime":"1973-10-07T15:25:00","timezone":"CST","state":"FL","stateName":"Florida","county":"Lee","countyFips":"71","wfo":"","scale":1,"scaleLabel":"F1","lengthMiles":2.3,"widthYards":33,"deaths":0,"injuries":0,"propertyDamage":250000,"cropDamage":0,"source":"","dataSource":"PUB"}},{"type":"Feature","geometry":{"type":"LineString","coordinates":[[-86.6,30.4],[-86.6,30.4]]},"properties":{"id":"ncei-1973-10000538","eventId":"10000538","episodeId":"","year":1973,"month":10,"date":"1973-10-31","beginTime":"1973-10-31T11:13:00","endTime":"1973-10-31T11:13:00","timezone":"CST","state":"FL","stateName":"Florida","county":"Okaloosa","countyFips":"91","wfo":"","scale":0,"scaleLabel":"F0","lengthMiles":0.3,"widthYards":20,"deaths":0,"injuries":3,"propertyDamage":250000,"cropDamage":0,"source":"","dataSource":"PUB"}},{"type":"Feature","geometry":{"type":"LineString","coordinates":[[-82.92,27.92],[-82.67,28.02]]},"properties":{"id":"ncei-1973-10000539","eventId":"10000539","episodeId":"","year":1973,"month":10,"date":"1973-10-31","beginTime":"1973-10-31T21:30:00","endTime":"1973-10-31T21:30:00","timezone":"CST","state":"FL","stateName":"Florida","county":"Pinellas","countyFips":"103","wfo":"","scale":2,"scaleLabel":"F2","lengthMiles":16.7,"widthYards":100,"deaths":0,"injuries":9,"propertyDamage":2500000,"cropDamage":0,"source":"","dataSource":"PUB"}},{"type":"Feature","geometry":{"type":"LineString","coordinates":[[-82.67,28.02],[-82.5,28.08]]},"properties":{"id":"ncei-1973-10000540","eventId":"10000540","episodeId":"","year":1973,"month":10,"date":"1973-10-31","beginTime":"1973-10-31T21:30:00","endTime":"1973-10-31T21:30:00","timezone":"CST","state":"FL","stateName":"Florida","county":"Hillsborough","countyFips":"57","wfo":"","scale":2,"scaleLabel":"F2","lengthMiles":11.2,"widthYards":100,"deaths":0,"injuries":8,"propertyDamage":2500000,"cropDamage":0,"source":"","dataSource":"PUB"}},{"type":"Feature","geometry":{"type":"LineString","coordinates":[[-80.42,25.42],[-80.37,25.52]]},"properties":{"id":"ncei-1973-10000541","eventId":"10000541","episodeId":"","year":1973,"month":12,"date":"1973-12-20","beginTime":"1973-12-20T13:15:00","endTime":"1973-12-20T13:15:00","timezone":"CST","state":"FL","stateName":"Florida","county":"Miami-Dade","countyFips":"86","wfo":"","scale":2,"scaleLabel":"F2","lengthMiles":7.6,"widthYards":33,"deaths":0,"injuries":9,"propertyDamage":2500000,"cropDamage":0,"source":"","dataSource":"PUB"}},{"type":"Feature","geometry":{"type":"LineString","coordinates":[[-80.33,25.47],[-80.25,25.57]]},"properties":{"id":"ncei-1973-10000542","eventId":"10000542","episodeId":"","year":1973,"month":12,"date":"1973-12-20","beginTime":"1973-12-20T13:30:00","endTime":"1973-12-20T13:30:00","timezone":"CST","state":"FL","stateName":"Florida","county":"Miami-Dade","countyFips":"86","wfo":"","scale":1,"scaleLabel":"F1","lengthMiles":8.7,"widthYards":17,"deaths":0,"injuries":0,"propertyDamage":250000,"cropDamage":0,"source":"","dataSource":"PUB"}},{"type":"Feature","geometry":{"type":"LineString","coordinates":[[-87.17,30.33],[-87.17,30.33]]},"properties":{"id":"ncei-1973-10000543","eventId":"10000543","episodeId":"","year":1973,"month":12,"date":"1973-12-25","beginTime":"1973-12-25T15:40:00","endTime":"1973-12-25T15:40:00","timezone":"CST","state":"FL","stateName":"Florida","county":"Escambia","countyFips":"33","wfo":"","scale":1,"scaleLabel":"F1","lengthMiles":1,"widthYards":33,"deaths":0,"injuries":0,"propertyDamage":25000,"cropDamage":0,"source":"","dataSource":"PUB"}},{"type":"Feature","geometry":{"type":"LineString","coordinates":[[-89.42,37.13],[-88.02,37.97]]},"properties":{"id":"ncei-1973-10006814","eventId":"10006814","episodeId":"","year":1973,"month":1,"date":"1973-01-18","beginTime":"1973-01-18T14:15:00","endTime":"1973-01-18T14:15:00","timezone":"CST","state":"IL","stateName":"Illinois","county":"Alexander","countyFips":"3","wfo":"","scale":1,"scaleLabel":"F1","lengthMiles":95.9,"widthYards":33,"deaths":0,"injuries":0,"propertyDamage":0,"cropDamage":0,"source":"","dataSource":"PUB"}},{"type":"Feature","geometry":{"type":"LineString","coordinates":[[-88.85,40.53],[-88.85,40.53]]},"properties":{"id":"ncei-1973-10006819","eventId":"10006819","episodeId":"","year":1973,"month":3,"date":"1973-03-31","beginTime":"1973-03-31T15:19:00","endTime":"1973-03-31T15:19:00","timezone":"CST","state":"IL","stateName":"Illinois","county":"Mclean","countyFips":"113","wfo":"","scale":1,"scaleLabel":"F1","lengthMiles":0,"widthYards":33,"deaths":0,"injuries":0,"propertyDamage":2500,"cropDamage":0,"source":"","dataSource":"PUB"}},{"type":"Feature","geometry":{"type":"LineString","coordinates":[[-88.7,40.7],[-88.7,40.7]]},"properties":{"id":"ncei-1973-10006821","eventId":"10006821","episodeId":"","year":1973,"month":3,"date":"1973-03-31","beginTime":"1973-03-31T16:55:00","endTime":"1973-03-31T16:55:00","timezone":"CST","state":"IL","stateName":"Illinois","county":"Mclean","countyFips":"113","wfo":"","scale":0,"scaleLabel":"F0","lengthMiles":0,"widthYards":33,"deaths":0,"injuries":0,"propertyDamage":0,"cropDamage":0,"source":"","dataSource":"PUB"}},{"type":"Feature","geometry":{"type":"LineString","coordinates":[[-89.58,40.88],[-89.58,40.88]]},"properties":{"id":"ncei-1973-10006822","eventId":"10006822","episodeId":"","year":1973,"month":3,"date":"1973-03-31","beginTime":"1973-03-31T17:50:00","endTime":"1973-03-31T17:50:00","timezone":"CST","state":"IL","stateName":"Illinois","county":"Peoria","countyFips":"143","wfo":"","scale":1,"scaleLabel":"F1","lengthMiles":0,"widthYards":33,"deaths":0,"injuries":0,"propertyDamage":2500,"cropDamage":0,"source":"","dataSource":"PUB"}},{"type":"Feature","geometry":{"type":"LineString","coordinates":[[-87.97,40.78],[-87.97,40.78]]},"properties":{"id":"ncei-1973-10006823","eventId":"10006823","episodeId":"","year":1973,"month":3,"date":"1973-03-31","beginTime":"1973-03-31T18:00:00","endTime":"1973-03-31T18:00:00","timezone":"CST","state":"IL","stateName":"Illinois","county":"Iroquois","countyFips":"75","wfo":"","scale":2,"scaleLabel":"F2","lengthMiles":0,"widthYards":33,"deaths":0,"injuries":0,"propertyDamage":25000,"cropDamage":0,"source":"","dataSource":"PUB"}},{"type":"Feature","geometry":{"type":"LineString","coordinates":[[-88.3,41.3],[-88.3,41.3]]},"properties":{"id":"ncei-1973-10006824","eventId":"10006824","episodeId":"","year":1973,"month":4,"date":"1973-04-19","beginTime":"1973-04-19T17:45:00","endTime":"1973-04-19T17:45:00","timezone":"CST","state":"IL","stateName":"Illinois","county":"Grundy","countyFips":"63","wfo":"","scale":2,"scaleLabel":"F2","lengthMiles":0,"widthYards":33,"deaths":0,"injuries":0,"propertyDamage":250000,"cropDamage":0,"source":"","dataSource":"PUB"}},{"type":"Feature","geometry":{"type":"LineString","coordinates":[[-90.83,41.27],[-90.65,41.33]]},"properties":{"id":"ncei-1973-10006829","eventId":"10006829","episodeId":"","year":1973,"month":4,"date":"1973-04-21","beginTime":"1973-04-21T17:43:00","endTime":"1973-04-21T17:43:00","timezone":"CST","state":"IL","stateName":"Illinois","county":"Mercer","countyFips":"131","wfo":"","scale":2,"scaleLabel":"F2","lengthMiles":10.2,"widthYards":33,"deaths":0,"injuries":0,"propertyDamage":2500000,"cropDamage":0,"source":"","dataSource":"PUB"}},{"type":"Feature","geometry":{"type":"LineString","coordinates":[[-90.65,41.33],[-90.42,41.43]]},"properties":{"id":"ncei-1973-10006830","eventId":"10006830","episodeId":"","year":1973,"month":4,"date":"1973-04-21","beginTime":"1973-04-21T17:58:00","endTime":"1973-04-21T17:58:00","timezone":"CST","state":"IL","stateName":"Illinois","county":"Rock Island","countyFips":"161","wfo":"","scale":2,"scaleLabel":"F2","lengthMiles":13.6,"widthYards":33,"deaths":0,"injuries":2,"propertyDamage":2500000,"cropDamage":0,"source":"","dataSource":"PUB"}},{"type":"Feature","geometry":{"type":"LineString","coordinates":[[-89.35,40.07],[-89.35,40.07]]},"properties":{"id":"ncei-1973-10007260","eventId":"10007260","episodeId":"","year":1973,"month":6,"date":"1973-06-16","beginTime":"1973-06-16T21:35:00","endTime":"1973-06-16T21:35:00","timezone":"CDT","state":"IL","stateName":"Illinois","county":"Logan","countyFips":"107","wfo":"","scale":0,"scaleLabel":"F0","lengthMiles":0,"widthYards":33,"deaths":0,"injuries":0,"propertyDamage":0,"cropDamage":0,"source":"","dataSource":"PUB"}},{"type":"Feature","geometry":{"type":"LineString","coordinates":[[-89.72,39.97],[-89.72,39.97]]},"properties":{"id":"ncei-1973-10007261","eventId":"10007261","episodeId":"","year":1973,"month":6,"date":"1973-06-16","beginTime":"1973-06-16T21:35:00","endTime":"1973-06-16T21:35:00","timezone":"CDT","state":"IL","stateName":"Illinois","county":"Menard","countyFips":"129","wfo":"","scale":0,"scaleLabel":"F0","lengthMiles":0,"widthYards":33,"deaths":0,"injuries":0,"propertyDamage":0,"cropDamage":0,"source":"","dataSource":"PUB"}},{"type":"Feature","geometry":{"type":"LineString","coordinates":[[-89.63,39.83],[-89.63,39.83]]},"properties":{"id":"ncei-1973-10007262","eventId":"10007262","episodeId":"","year":1973,"month":6,"date":"1973-06-16","beginTime":"1973-06-16T21:58:00","endTime":"1973-06-16T21:58:00","timezone":"CDT","state":"IL","stateName":"Illinois","county":"Sangamon","countyFips":"167","wfo":"","scale":0,"scaleLabel":"F0","lengthMiles":0,"widthYards":33,"deaths":0,"injuries":0,"propertyDamage":0,"cropDamage":0,"source":"","dataSource":"PUB"}},{"type":"Feature","geometry":{"type":"LineString","coordinates":[[-90.13,38.72],[-90.13,38.72]]},"properties":{"id":"ncei-1973-10007264","eventId":"10007264","episodeId":"","year":1973,"month":6,"date":"1973-06-17","beginTime":"1973-06-17T01:00:00","endTime":"1973-06-17T01:00:00","timezone":"CDT","state":"IL","stateName":"Illinois","county":"Madison","countyFips":"119","wfo":"","scale":0,"scaleLabel":"F0","lengthMiles":0,"widthYards":33,"deaths":0,"injuries":0,"propertyDamage":0,"cropDamage":0,"source":"","dataSource":"PUB"}},{"type":"Feature","geometry":{"type":"LineString","coordinates":[[-89.25,38.17],[-89.25,38.17]]},"properties":{"id":"ncei-1973-10007265","eventId":"10007265","episodeId":"","year":1973,"month":6,"date":"1973-06-17","beginTime":"1973-06-17T02:40:00","endTime":"1973-06-17T02:40:00","timezone":"CDT","state":"IL","stateName":"Illinois","county":"Perry","countyFips":"145","wfo":"","scale":0,"scaleLabel":"F0","lengthMiles":0,"widthYards":33,"deaths":0,"injuries":0,"propertyDamage":0,"cropDamage":0,"source":"","dataSource":"PUB"}},{"type":"Feature","geometry":{"type":"LineString","coordinates":[[-90.13,40.52],[-90.13,40.52]]},"properties":{"id":"ncei-1973-10007266","eventId":"10007266","episodeId":"","year":1973,"month":6,"date":"1973-06-18","beginTime":"1973-06-18T12:00:00","endTime":"1973-06-18T12:00:00","timezone":"CST","state":"IL","stateName":"Illinois","county":"Fulton","countyFips":"57","wfo":"","scale":0,"scaleLabel":"F0","lengthMiles":0,"widthYards":33,"deaths":0,"injuries":0,"propertyDamage":0,"cropDamage":0,"source":"","dataSource":"PUB"}},{"type":"Feature","geometry":{"type":"LineString","coordinates":[[-90,41.2],[-90,41.2]]},"properties":{"id":"ncei-1973-10007267","eventId":"10007267","episodeId":"","year":1973,"month":6,"date":"1973-06-18","beginTime":"1973-06-18T13:15:00","endTime":"1973-06-18T13:15:00","timezone":"CDT","state":"IL","stateName":"Illinois","county":"Henry","countyFips":"73","wfo":"","scale":0,"scaleLabel":"F0","lengthMiles":0,"widthYards":33,"deaths":0,"injuries":0,"propertyDamage":0,"cropDamage":0,"source":"","dataSource":"PUB"}},{"type":"Feature","geometry":{"type":"LineString","coordinates":[[-89.27,40.78],[-89.27,40.78]]},"properties":{"id":"ncei-1973-10007268","eventId":"10007268","episodeId":"","year":1973,"month":6,"date":"1973-06-18","beginTime":"1973-06-18T14:10:00","endTime":"1973-06-18T14:10:00","timezone":"CST","state":"IL","stateName":"Illinois","county":"Woodford","countyFips":"203","wfo":"","scale":0,"scaleLabel":"F0","lengthMiles":0,"widthYards":33,"deaths":0,"injuries":0,"propertyDamage":0,"cropDamage":0,"source":"","dataSource":"PUB"}},{"type":"Feature","geometry":{"type":"LineString","coordinates":[[-89.6,38.4],[-89.6,38.4]]},"properties":{"id":"ncei-1973-10007279","eventId":"10007279","episodeId":"","year":1973,"month":6,"date":"1973-06-18","beginTime":"1973-06-18T21:00:00","endTime":"1973-06-18T21:00:00","timezone":"CDT","state":"IL","stateName":"Illinois","county":"Washington","countyFips":"189","wfo":"","scale":1,"scaleLabel":"F1","lengthMiles":0,"widthYards":33,"deaths":0,"injuries":0,"propertyDamage":0,"cropDamage":0,"source":"","dataSource":"PUB"}},{"type":"Feature","geometry":{"type":"LineString","coordinates":[[-88.63,38.95],[-88.63,38.95]]},"properties":{"id":"ncei-1973-10007283","eventId":"10007283","episodeId":"","year":1973,"month":7,"date":"1973-07-01","beginTime":"1973-07-01T18:30:00","endTime":"1973-07-01T18:30:00","timezone":"CST","state":"IL","stateName":"Illinois","county":"Effingham","countyFips":"49","wfo":"","scale":1,"scaleLabel":"F1","lengthMiles":0,"widthYards":33,"deaths":0,"injuries":0,"propertyDamage":2500,"cropDamage":0,"source":"","dataSource":"PUB"}},{"type":"Feature","geometry":{"type":"LineString","coordinates":[[-89.33,40.15],[-89.33,40.15]]},"properties":{"id":"ncei-1973-10007290","eventId":"10007290","episodeId":"","year":1973,"month":7,"date":"1973-07-23","beginTime":"1973-07-23T20:00:00","endTime":"1973-07-23T20:00:00","timezone":"CST","state":"IL","stateName":"Illinois","county":"Logan","countyFips":"107","wfo":"","scale":0,"scaleLabel":"F0","lengthMiles":0,"widthYards":33,"deaths":0,"injuries":0,"propertyDamage":25000,"cropDamage":0,"source":"","dataSource":"PUB"}},{"type":"Feature","geometry":{"type":"LineString","coordinates":[[-89.37,40.17],[-89.37,40.17]]},"properties":{"id":"ncei-1973-10007291","eventId":"10007291","episodeId":"","year":1973,"month":7,"date":"1973-07-23","beginTime":"1973-07-23T20:00:00","endTime":"1973-07-23T20:00:00","timezone":"CST","state":"IL","stateName":"Illinois","county":"Logan","countyFips":"107","wfo":"","scale":0,"scaleLabel":"F0","lengthMiles":0,"widthYards":33,"deaths":0,"injuries":0,"propertyDamage":25000,"cropDamage":0,"source":"","dataSource":"PUB"}},{"type":"Feature","geometry":{"type":"LineString","coordinates":[[-88.08,41.67],[-88.08,41.67]]},"properties":{"id":"ncei-1973-10007293","eventId":"10007293","episodeId":"","year":1973,"month":7,"date":"1973-07-27","beginTime":"1973-07-27T13:00:00","endTime":"1973-07-27T13:00:00","timezone":"CST","state":"IL","stateName":"Illinois","county":"Will","countyFips":"197","wfo":"","scale":1,"scaleLabel":"F1","lengthMiles":0,"widthYards":33,"deaths":0,"injuries":0,"propertyDamage":25000,"cropDamage":0,"source":"","dataSource":"PUB"}},{"type":"Feature","geometry":{"type":"LineString","coordinates":[[-90.43,40.02],[-90.43,40.02]]},"properties":{"id":"ncei-1973-10007294","eventId":"10007294","episodeId":"","year":1973,"month":7,"date":"1973-07-27","beginTime":"1973-07-27T19:00:00","endTime":"1973-07-27T19:00:00","timezone":"CST","state":"IL","stateName":"Illinois","county":"Cass","countyFips":"17","wfo":"","scale":2,"scaleLabel":"F2","lengthMiles":0,"widthYards":33,"deaths":0,"injuries":0,"propertyDamage":25000,"cropDamage":0,"source":"","dataSource":"PUB"}},{"type":"Feature","geometry":{"type":"LineString","coordinates":[[-90.08,38.73],[-90.08,38.73]]},"properties":{"id":"ncei-1973-10007295","eventId":"10007295","episodeId":"","year":1973,"month":7,"date":"1973-07-29","beginTime":"1973-07-29T22:30:00","endTime":"1973-07-29T22:30:00","timezone":"CST","state":"IL","stateName":"Illinois","county":"Madison","countyFips":"119","wfo":"","scale":2,"scaleLabel":"F2","lengthMiles":0,"widthYards":33,"deaths":0,"injuries":0,"propertyDamage":25000,"cropDamage":0,"source":"","dataSource":"PUB"}},{"type":"Feature","geometry":{"type":"LineString","coordinates":[[-90.5,40.42],[-90.5,40.42]]},"properties":{"id":"ncei-1973-10007296","eventId":"10007296","episodeId":"","year":1973,"month":8,"date":"1973-08-08","beginTime":"1973-08-08T18:00:00","endTime":"1973-08-08T18:00:00","timezone":"CST","state":"IL","stateName":"Illinois","county":"Mcdonough","countyFips":"109","wfo":"","scale":1,"scaleLabel":"F1","lengthMiles":0,"widthYards":33,"deaths":0,"injuries":0,"propertyDamage":0,"cropDamage":0,"source":"","dataSource":"PUB"}},{"type":"Feature","geometry":{"type":"LineString","coordinates":[[-90.43,40.02],[-90.43,40.02]]},"properties":{"id":"ncei-1973-10007298","eventId":"10007298","episodeId":"","year":1973,"month":8,"date":"1973-08-08","beginTime":"1973-08-08T18:30:00","endTime":"1973-08-08T18:30:00","timezone":"CST","state":"IL","stateName":"Illinois","county":"Cass","countyFips":"17","wfo":"","scale":1,"scaleLabel":"F1","lengthMiles":0,"widthYards":33,"deaths":0,"injuries":0,"propertyDamage":0,"cropDamage":0,"source":"","dataSource":"PUB"}},{"type":"Feature","geometry":{"type":"LineString","coordinates":[[-87.67,39.9],[-87.67,39.9]]},"properties":{"id":"ncei-1973-10007301","eventId":"10007301","episodeId":"","year":1973,"month":8,"date":"1973-08-12","beginTime":"1973-08-12T10:15:00","endTime":"1973-08-12T10:15:00","timezone":"CST","state":"IL","stateName":"Illinois","county":"Vermilion","countyFips":"183","wfo":"","scale":2,"scaleLabel":"F2","lengthMiles":0,"widthYards":33,"deaths":0,"injuries":0,"propertyDamage":0,"cropDamage":0,"source":"","dataSource":"PUB"}},{"type":"Feature","geometry":{"type":"LineString","coordinates":[[-87.68,40.47],[-87.68,40.47]]},"properties":{"id":"ncei-1973-10007306","eventId":"10007306","episodeId":"","year":1973,"month":8,"date":"1973-08-14","beginTime":"1973-08-14T12:30:00","endTime":"1973-08-14T12:30:00","timezone":"CST","state":"IL","stateName":"Illinois","county":"Vermilion","countyFips":"183","wfo":"","scale":2,"scaleLabel":"F2","lengthMiles":0,"widthYards":33,"deaths":0,"injuries":0,"propertyDamage":25000,"cropDamage":0,"source":"","dataSource":"PUB"}},{"type":"Feature","geometry":{"type":"LineString","coordinates":[[-87.77,40.12],[-87.77,40.12]]},"properties":{"id":"ncei-1973-10007307","eventId":"10007307","episodeId":"","year":1973,"month":8,"date":"1973-08-14","beginTime":"1973-08-14T12:45:00","endTime":"1973-08-14T12:45:00","timezone":"CST","state":"IL","stateName":"Illinois","county":"Vermilion","countyFips":"183","wfo":"","scale":0,"scaleLabel":"F0","lengthMiles":0,"widthYards":33,"deaths":0,"injuries":0,"propertyDamage":25000,"cropDamage":0,"source":"","dataSource":"PUB"}},{"type":"Feature","geometry":{"type":"LineString","coordinates":[[-89.7,40.5],[-89.45,40.6]]},"properties":{"id":"ncei-1973-10007309","eventId":"10007309","episodeId":"","year":1973,"month":9,"date":"1973-09-04","beginTime":"1973-09-04T12:20:00","endTime":"1973-09-04T12:20:00","timezone":"CST","state":"IL","stateName":"Illinois","county":"Tazewell","countyFips":"179","wfo":"","scale":0,"scaleLabel":"F0","lengthMiles":14.6,"widthYards":33,"deaths":0,"injuries":0,"propertyDamage":0,"cropDamage":0,"source":"","dataSource":"PUB"}},{"type":"Feature","geometry":{"type":"LineString","coordinates":[[-89.02,40.62],[-89.02,40.62]]},"properties":{"id":"ncei-1973-10007310","eventId":"10007310","episodeId":"","year":1973,"month":9,"date":"1973-09-04","beginTime":"1973-09-04T13:08:00","endTime":"1973-09-04T13:08:00","timezone":"CST","state":"IL","stateName":"Illinois","county":"Woodford","countyFips":"203","wfo":"","scale":0,"scaleLabel":"F0","lengthMiles":0,"widthYards":33,"deaths":0,"injuries":0,"propertyDamage":0,"cropDamage":0,"source":"","dataSource":"PUB"}},{"type":"Feature","geometry":{"type":"LineString","coordinates":[[-90.93,40.23],[-90.93,40.23]]},"properties":{"id":"ncei-1973-10007320","eventId":"10007320","episodeId":"","year":1973,"month":9,"date":"1973-09-30","beginTime":"1973-09-30T17:00:00","endTime":"1973-09-30T17:00:00","timezone":"CST","state":"IL","stateName":"Illinois","county":"Hancock","countyFips":"67","wfo":"","scale":3,"scaleLabel":"F3","lengthMiles":0,"widthYards":33,"deaths":0,"injuries":0,"propertyDamage":0,"cropDamage":0,"source":"","dataSource":"PUB"}},{"type":"Feature","geometry":{"type":"LineString","coordinates":[[-89.9,40.52],[-89.9,40.52]]},"properties":{"id":"ncei-1973-10007322","eventId":"10007322","episodeId":"","year":1973,"month":10,"date":"1973-10-01","beginTime":"1973-10-01T15:23:00","endTime":"1973-10-01T15:23:00","timezone":"CST","state":"IL","stateName":"Illinois","county":"Fulton","countyFips":"57","wfo":"","scale":1,"scaleLabel":"F1","lengthMiles":0,"widthYards":33,"deaths":0,"injuries":0,"propertyDamage":0,"cropDamage":0,"source":"","dataSource":"PUB"}},{"type":"Feature","geometry":{"type":"LineString","coordinates":[[-117,46.73],[-117,46.73]]},"properties":{"id":"ncei-1973-10007378","eventId":"10007378","episodeId":"","year":1973,"month":5,"date":"1973-05-02","beginTime":"1973-05-02T14:30:00","endTime":"1973-05-02T14:30:00","timezone":"CST","state":"ID","stateName":"Idaho","county":"Latah","countyFips":"57","wfo":"","scale":1,"scaleLabel":"F1","lengthMiles":0,"widthYards":33,"deaths":0,"injuries":0,"propertyDamage":2500,"cropDamage":0,"source":"","dataSource":"PUB"}},{"type":"Feature","geometry":{"type":"LineString","coordinates":[[-111.8,43.88],[-111.8,43.88]]},"properties":{"id":"ncei-1973-10007389","eventId":"10007389","episodeId":"","year":1973,"month":7,"date":"1973-07-22","beginTime":"1973-07-22T16:00:00","endTime":"1973-07-22T16:00:00","timezone":"CST","state":"ID","stateName":"Idaho","county":"Madison","countyFips":"65","wfo":"","scale":0,"scaleLabel":"F0","lengthMiles":0.1,"widthYards":27,"deaths":0,"injuries":0,"propertyDamage":0,"cropDamage":0,"source":"","dataSource":"PUB"}},{"type":"Feature","geometry":{"type":"LineString","coordinates":[[-90.42,41.43],[-90.3,41.48]]},"properties":{"id":"ncei-1973-10007678","eventId":"10007678","episodeId":"","year":1973,"month":4,"date":"1973-04-21","beginTime":"1973-04-21T18:20:00","endTime":"1973-04-21T18:20:00","timezone":"CST","state":"IL","stateName":"Illinois","county":"Henry","countyFips":"73","wfo":"","scale":2,"scaleLabel":"F2","lengthMiles":6.4,"widthYards":33,"deaths":0,"injuries":0,"propertyDamage":2500000,"cropDamage":0,"source":"","dataSource":"PUB"}},{"type":"Feature","geometry":{"type":"LineString","coordinates":[[-88.1,41.85],[-88.1,41.85]]},"properties":{"id":"ncei-1973-10007679","eventId":"10007679","episodeId":"","year":1973,"month":4,"date":"1973-04-21","beginTime":"1973-04-21T21:00:00","endTime":"1973-04-21T21:00:00","timezone":"CST","state":"IL","stateName":"Illinois","county":"Cook","countyFips":"31","wfo":"","scale":2,"scaleLabel":"F2","lengthMiles":0.2,"widthYards":33,"deaths":0,"injuries":0,"propertyDamage":25000,"cropDamage":0,"source":"","dataSource":"PUB"}},{"type":"Feature","geometry":{"type":"LineString","coordinates":[[-88.12,41.87],[-88.12,41.87]]},"properties":{"id":"ncei-1973-10007895","eventId":"10007895","episodeId":"","year":1973,"month":4,"date":"1973-04-21","beginTime":"1973-04-21T21:15:00","endTime":"1973-04-21T21:15:00","timezone":"CST","state":"IL","stateName":"Illinois","county":"Cook","countyFips":"31","wfo":"","scale":1,"scaleLabel":"F1","lengthMiles":0.2,"widthYards":33,"deaths":0,"injuries":0,"propertyDamage":25000,"cropDamage":0,"source":"","dataSource":"PUB"}},{"type":"Feature","geometry":{"type":"LineString","coordinates":[[-89.68,41.37],[-89.57,41.52]]},"properties":{"id":"ncei-1973-10007896","eventId":"10007896","episodeId":"","year":1973,"month":4,"date":"1973-04-21","beginTime":"1973-04-21T22:15:00","endTime":"1973-04-21T22:15:00","timezone":"CST","state":"IL","stateName":"Illinois","county":"Bureau","countyFips":"11","wfo":"","scale":1,"scaleLabel":"F1","lengthMiles":11.6,"widthYards":33,"deaths":0,"injuries":0,"propertyDamage":250000,"cropDamage":0,"source":"","dataSource":"PUB"}},{"type":"Feature","geometry":{"type":"LineString","coordinates":[[-89.67,41.45],[-89.52,41.38]]},"properties":{"id":"ncei-1973-10007897","eventId":"10007897","episodeId":"","year":1973,"month":4,"date":"1973-04-21","beginTime":"1973-04-21T22:20:00","endTime":"1973-04-21T22:20:00","timezone":"CST","state":"IL","stateName":"Illinois","county":"Bureau","countyFips":"11","wfo":"","scale":1,"scaleLabel":"F1","lengthMiles":8.6,"widthYards":60,"deaths":0,"injuries":0,"propertyDamage":250000,"cropDamage":0,"source":"","dataSource":"PUB"}},{"type":"Feature","geometry":{"type":"LineString","coordinates":[[-89.23,38],[-89.23,38]]},"properties":{"id":"ncei-1973-10007914","eventId":"10007914","episodeId":"","year":1973,"month":5,"date":"1973-05-07","beginTime":"1973-05-07T17:40:00","endTime":"1973-05-07T17:40:00","timezone":"CST","state":"IL","stateName":"Illinois","county":"Perry","countyFips":"145","wfo":"","scale":2,"scaleLabel":"F2","lengthMiles":0,"widthYards":33,"deaths":0,"injuries":0,"propertyDamage":0,"cropDamage":0,"source":"","dataSource":"PUB"}},{"type":"Feature","geometry":{"type":"LineString","coordinates":[[-90.02,38.28],[-90,38.32]]},"properties":{"id":"ncei-1973-10007915","eventId":"10007915","episodeId":"","year":1973,"month":5,"date":"1973-05-07","beginTime":"1973-05-07T18:15:00","endTime":"1973-05-07T18:15:00","timezone":"CST","state":"IL","stateName":"Illinois","county":"Monroe","countyFips":"133","wfo":"","scale":1,"scaleLabel":"F1","lengthMiles":2.3,"widthYards":300,"deaths":0,"injuries":0,"propertyDamage":25000,"cropDamage":0,"source":"","dataSource":"PUB"}},{"type":"Feature","geometry":{"type":"LineString","coordinates":[[-88.77,38.3],[-88.77,38.3]]},"properties":{"id":"ncei-1973-10007916","eventId":"10007916","episodeId":"","year":1973,"month":5,"date":"1973-05-07","beginTime":"1973-05-07T18:30:00","endTime":"1973-05-07T18:30:00","timezone":"CST","state":"IL","stateName":"Illinois","county":"Jefferson","countyFips":"81","wfo":"","scale":1,"scaleLabel":"F1","lengthMiles":0,"widthYards":33,"deaths":0,"injuries":3,"propertyDamage":0,"cropDamage":0,"source":"","dataSource":"PUB"}},{"type":"Feature","geometry":{"type":"LineString","coordinates":[[-89.1,38.72],[-89.1,38.72]]},"properties":{"id":"ncei-1973-10007917","eventId":"10007917","episodeId":"","year":1973,"month":5,"date":"1973-05-07","beginTime":"1973-05-07T18:40:00","endTime":"1973-05-07T18:40:00","timezone":"CST","state":"IL","stateName":"Illinois","county":"Marion","countyFips":"121","wfo":"","scale":1,"scaleLabel":"F1","lengthMiles":0,"widthYards":33,"deaths":0,"injuries":1,"propertyDamage":0,"cropDamage":0,"source":"","dataSource":"PUB"}},{"type":"Feature","geometry":{"type":"LineString","coordinates":[[-88.37,38.43],[-88.37,38.43]]},"properties":{"id":"ncei-1973-10007918","eventId":"10007918","episodeId":"","year":1973,"month":5,"date":"1973-05-07","beginTime":"1973-05-07T19:20:00","endTime":"1973-05-07T19:20:00","timezone":"CST","state":"IL","stateName":"Illinois","county":"Wayne","countyFips":"191","wfo":"","scale":1,"scaleLabel":"F1","lengthMiles":0,"widthYards":33,"deaths":0,"injuries":0,"propertyDamage":25000,"cropDamage":0,"source":"","dataSource":"PUB"}},{"type":"Feature","geometry":{"type":"LineString","coordinates":[[-91.4,40.37],[-91.4,40.37]]},"properties":{"id":"ncei-1973-10007919","eventId":"10007919","episodeId":"","year":1973,"month":5,"date":"1973-05-08","beginTime":"1973-05-08T20:00:00","endTime":"1973-05-08T20:00:00","timezone":"CST","state":"IL","stateName":"Illinois","county":"Hancock","countyFips":"67","wfo":"","scale":1,"scaleLabel":"F1","lengthMiles":0,"widthYards":33,"deaths":0,"injuries":0,"propertyDamage":0,"cropDamage":0,"source":"","dataSource":"PUB"}},{"type":"Feature","geometry":{"type":"LineString","coordinates":[[-90.68,40.4],[-90.68,40.4]]},"properties":{"id":"ncei-1973-10007929","eventId":"10007929","episodeId":"","year":1973,"month":6,"date":"1973-06-02","beginTime":"1973-06-02T13:50:00","endTime":"1973-06-02T13:50:00","timezone":"CST","state":"IL","stateName":"Illinois","county":"Mcdonough","countyFips":"109","wfo":"","scale":1,"scaleLabel":"F1","lengthMiles":0,"widthYards":33,"deaths":0,"injuries":0,"propertyDamage":0,"cropDamage":0,"source":"","dataSource":"PUB"}},{"type":"Feature","geometry":{"type":"LineString","coordinates":[[-88.53,40.42],[-88.53,40.42]]},"properties":{"id":"ncei-1973-10007931","eventId":"10007931","episodeId":"","year":1973,"month":6,"date":"1973-06-02","beginTime":"1973-06-02T15:50:00","endTime":"1973-06-02T15:50:00","timezone":"CDT","state":"IL","stateName":"Illinois","county":"Mclean","countyFips":"113","wfo":"","scale":1,"scaleLabel":"F1","lengthMiles":0,"widthYards":33,"deaths":0,"injuries":0,"propertyDamage":0,"cropDamage":0,"source":"","dataSource":"PUB"}},{"type":"Feature","geometry":{"type":"LineString","coordinates":[[-91.4,40.5],[-91.4,40.5]]},"properties":{"id":"ncei-1973-10007932","eventId":"10007932","episodeId":"","year":1973,"month":6,"date":"1973-06-02","beginTime":"1973-06-02T16:00:00","endTime":"1973-06-02T16:00:00","timezone":"CDT","state":"IL","stateName":"Illinois","county":"Hancock","countyFips":"67","wfo":"","scale":1,"scaleLabel":"F1","lengthMiles":0,"widthYards":33,"deaths":0,"injuries":0,"propertyDamage":0,"cropDamage":0,"source":"","dataSource":"PUB"}},{"type":"Feature","geometry":{"type":"LineString","coordinates":[[-89.18,37.35],[-89.18,37.35]]},"properties":{"id":"ncei-1973-10007933","eventId":"10007933","episodeId":"","year":1973,"month":6,"date":"1973-06-02","beginTime":"1973-06-02T17:40:00","endTime":"1973-06-02T17:40:00","timezone":"CDT","state":"IL","stateName":"Illinois","county":"Union","countyFips":"181","wfo":"","scale":0,"scaleLabel":"F0","lengthMiles":0,"widthYards":33,"deaths":0,"injuries":0,"propertyDamage":0,"cropDamage":0,"source":"","dataSource":"PUB"}},{"type":"Feature","geometry":{"type":"LineString","coordinates":[[-89.23,37.68],[-89.23,37.68]]},"properties":{"id":"ncei-1973-10007934","eventId":"10007934","episodeId":"","year":1973,"month":6,"date":"1973-06-02","beginTime":"1973-06-02T18:04:00","endTime":"1973-06-02T18:04:00","timezone":"CDT","state":"IL","stateName":"Illinois","county":"Jackson","countyFips":"77","wfo":"","scale":0,"scaleLabel":"F0","lengthMiles":0,"widthYards":33,"deaths":0,"injuries":0,"propertyDamage":0,"cropDamage":0,"source":"","dataSource":"PUB"}},{"type":"Feature","geometry":{"type":"LineString","coordinates":[[-88.93,37.77],[-88.93,37.77]]},"properties":{"id":"ncei-1973-10007935","eventId":"10007935","episodeId":"","year":1973,"month":6,"date":"1973-06-02","beginTime":"1973-06-02T18:20:00","endTime":"1973-06-02T18:20:00","timezone":"CDT","state":"IL","stateName":"Illinois","county":"Williamson","countyFips":"199","wfo":"","scale":2,"scaleLabel":"F2","lengthMiles":0,"widthYards":33,"deaths":0,"injuries":0,"propertyDamage":250000,"cropDamage":0,"source":"","dataSource":"PUB"}},{"type":"Feature","geometry":{"type":"LineString","coordinates":[[-90.73,40.55],[-90.7,40.5]]},"properties":{"id":"ncei-1973-10007936","eventId":"10007936","episodeId":"","year":1973,"month":6,"date":"1973-06-02","beginTime":"1973-06-02T19:45:00","endTime":"1973-06-02T19:45:00","timezone":"CDT","state":"IL","stateName":"Illinois","county":"Mcdonough","countyFips":"109","wfo":"","scale":1,"scaleLabel":"F1","lengthMiles":3,"widthYards":33,"deaths":0,"injuries":0,"propertyDamage":25000,"cropDamage":0,"source":"","dataSource":"PUB"}},{"type":"Feature","geometry":{"type":"LineString","coordinates":[[-89.77,39.53],[-89.77,39.53]]},"properties":{"id":"ncei-1973-10007939","eventId":"10007939","episodeId":"","year":1973,"month":6,"date":"1973-06-04","beginTime":"1973-06-04T13:30:00","endTime":"1973-06-04T13:30:00","timezone":"CDT","state":"IL","stateName":"Illinois","county":"Morgan","countyFips":"137","wfo":"","scale":2,"scaleLabel":"F2","lengthMiles":0,"widthYards":33,"deaths":0,"injuries":0,"propertyDamage":0,"cropDamage":0,"source":"","dataSource":"PUB"}},{"type":"Feature","geometry":{"type":"LineString","coordinates":[[-88.08,40.45],[-88.08,40.45]]},"properties":{"id":"ncei-1973-10007945","eventId":"10007945","episodeId":"","year":1973,"month":6,"date":"1973-06-04","beginTime":"1973-06-04T17:35:00","endTime":"1973-06-04T17:35:00","timezone":"CDT","state":"IL","stateName":"Illinois","county":"Ford","countyFips":"53","wfo":"","scale":1,"scaleLabel":"F1","lengthMiles":0.2,"widthYards":33,"deaths":0,"injuries":0,"propertyDamage":0,"cropDamage":0,"source":"","dataSource":"PUB"}},{"type":"Feature","geometry":{"type":"LineString","coordinates":[[-89.8,38.45],[-89.8,38.45]]},"properties":{"id":"ncei-1973-10007947","eventId":"10007947","episodeId":"","year":1973,"month":6,"date":"1973-06-04","beginTime":"1973-06-04T19:10:00","endTime":"1973-06-04T19:10:00","timezone":"CDT","state":"IL","stateName":"Illinois","county":"St. Clair","countyFips":"163","wfo":"","scale":2,"scaleLabel":"F2","lengthMiles":0,"widthYards":33,"deaths":0,"injuries":0,"propertyDamage":0,"cropDamage":0,"source":"","dataSource":"PUB"}},{"type":"Feature","geometry":{"type":"LineString","coordinates":[[-88.75,40.35],[-88.68,40.42]]},"properties":{"id":"ncei-1973-10007948","eventId":"10007948","episodeId":"","year":1973,"month":6,"date":"1973-06-12","beginTime":"1973-06-12T20:00:00","endTime":"1973-06-12T20:00:00","timezone":"CDT","state":"IL","stateName":"Illinois","county":"Mclean","countyFips":"113","wfo":"","scale":1,"scaleLabel":"F1","lengthMiles":5.2,"widthYards":33,"deaths":0,"injuries":0,"propertyDamage":25000,"cropDamage":0,"source":"","dataSource":"PUB"}},{"type":"Feature","geometry":{"type":"LineString","coordinates":[[-88.58,42.25],[-88.58,42.25]]},"properties":{"id":"ncei-1973-10007949","eventId":"10007949","episodeId":"","year":1973,"month":6,"date":"1973-06-15","beginTime":"1973-06-15T17:00:00","endTime":"1973-06-15T17:00:00","timezone":"CDT","state":"IL","stateName":"Illinois","county":"Mchenry","countyFips":"111","wfo":"","scale":0,"scaleLabel":"F0","lengthMiles":0,"widthYards":33,"deaths":0,"injuries":0,"propertyDamage":0,"cropDamage":0,"source":"","dataSource":"PUB"}},{"type":"Feature","geometry":{"type":"LineString","coordinates":[[-88.58,42.42],[-88.58,42.42]]},"properties":{"id":"ncei-1973-10007954","eventId":"10007954","episodeId":"","year":1973,"month":6,"date":"1973-06-16","beginTime":"1973-06-16T14:25:00","endTime":"1973-06-16T14:25:00","timezone":"CDT","state":"IL","stateName":"Illinois","county":"Mchenry","countyFips":"111","wfo":"","scale":0,"scaleLabel":"F0","lengthMiles":0,"widthYards":33,"deaths":0,"injuries":0,"propertyDamage":0,"cropDamage":0,"source":"","dataSource":"PUB"}},{"type":"Feature","geometry":{"type":"LineString","coordinates":[[-87.88,42.08],[-87.88,42.08]]},"properties":{"id":"ncei-1973-10007956","eventId":"10007956","episodeId":"","year":1973,"month":6,"date":"1973-06-16","beginTime":"1973-06-16T15:15:00","endTime":"1973-06-16T15:15:00","timezone":"CDT","state":"IL","stateName":"Illinois","county":"Cook","countyFips":"31","wfo":"","scale":0,"scaleLabel":"F0","lengthMiles":0,"widthYards":33,"deaths":0,"injuries":0,"propertyDamage":0,"cropDamage":0,"source":"","dataSource":"PUB"}},{"type":"Feature","geometry":{"type":"LineString","coordinates":[[-87.87,41.13],[-87.87,41.13]]},"properties":{"id":"ncei-1973-10007961","eventId":"10007961","episodeId":"","year":1973,"month":6,"date":"1973-06-16","beginTime":"1973-06-16T17:30:00","endTime":"1973-06-16T17:30:00","timezone":"CDT","state":"IL","stateName":"Illinois","county":"Kankakee","countyFips":"91","wfo":"","scale":0,"scaleLabel":"F0","lengthMiles":0,"widthYards":33,"deaths":0,"injuries":0,"propertyDamage":0,"cropDamage":0,"source":"","dataSource":"PUB"}},{"type":"Feature","geometry":{"type":"LineString","coordinates":[[-90.25,39.58],[-90.25,39.58]]},"properties":{"id":"ncei-1973-10008396","eventId":"10008396","episodeId":"","year":1973,"month":12,"date":"1973-12-04","beginTime":"1973-12-04T08:30:00","endTime":"1973-12-04T08:30:00","timezone":"CST","state":"IL","stateName":"Illinois","county":"Morgan","countyFips":"137","wfo":"","scale":2,"scaleLabel":"F2","lengthMiles":0,"widthYards":33,"deaths":0,"injuries":1,"propertyDamage":0,"cropDamage":0,"source":"","dataSource":"PUB"}},{"type":"Feature","geometry":{"type":"LineString","coordinates":[[-90.47,40.12],[-90.47,40.12]]},"properties":{"id":"ncei-1973-10008398","eventId":"10008398","episodeId":"","year":1973,"month":12,"date":"1973-12-04","beginTime":"1973-12-04T09:20:00","endTime":"1973-12-04T09:20:00","timezone":"CST","state":"IL","stateName":"Illinois","county":"Schuyler","countyFips":"169","wfo":"","scale":1,"scaleLabel":"F1","lengthMiles":0,"widthYards":33,"deaths":0,"injuries":0,"propertyDamage":0,"cropDamage":0,"source":"","dataSource":"PUB"}},{"type":"Feature","geometry":{"type":"LineString","coordinates":[[-89.82,40.37],[-89.82,40.37]]},"properties":{"id":"ncei-1973-10008399","eventId":"10008399","episodeId":"","year":1973,"month":12,"date":"1973-12-04","beginTime":"1973-12-04T09:50:00","endTime":"1973-12-04T09:50:00","timezone":"CST","state":"IL","stateName":"Illinois","county":"Mason","countyFips":"125","wfo":"","scale":0,"scaleLabel":"F0","lengthMiles":0,"widthYards":33,"deaths":0,"injuries":2,"propertyDamage":0,"cropDamage":0,"source":"","dataSource":"PUB"}},{"type":"Feature","geometry":{"type":"LineString","coordinates":[[-89.87,41.17],[-89.87,41.17]]},"properties":{"id":"ncei-1973-10008402","eventId":"10008402","episodeId":"","year":1973,"month":12,"date":"1973-12-04","beginTime":"1973-12-04T11:00:00","endTime":"1973-12-04T11:00:00","timezone":"CST","state":"IL","stateName":"Illinois","county":"Henry","countyFips":"73","wfo":"","scale":0,"scaleLabel":"F0","lengthMiles":0,"widthYards":33,"deaths":0,"injuries":0,"propertyDamage":0,"cropDamage":0,"source":"","dataSource":"PUB"}},{"type":"Feature","geometry":{"type":"LineString","coordinates":[[-87.95,40.88],[-87.95,40.88]]},"properties":{"id":"ncei-1973-10008403","eventId":"10008403","episodeId":"","year":1973,"month":12,"date":"1973-12-04","beginTime":"1973-12-04T12:00:00","endTime":"1973-12-04T12:00:00","timezone":"CST","state":"IL","stateName":"Illinois","county":"Iroquois","countyFips":"75","wfo":"","scale":1,"scaleLabel":"F1","lengthMiles":0,"widthYards":33,"deaths":0,"injuries":0,"propertyDamage":0,"cropDamage":0,"source":"","dataSource":"PUB"}},{"type":"Feature","geometry":{"type":"LineString","coordinates":[[-91.38,40.13],[-91.38,40.13]]},"properties":{"id":"ncei-1973-10008815","eventId":"10008815","episodeId":"","year":1973,"month":6,"date":"1973-06-16","beginTime":"1973-06-16T19:30:00","endTime":"1973-06-16T19:30:00","timezone":"CDT","state":"IL","stateName":"Illinois","county":"Adams","countyFips":"1","wfo":"","scale":1,"scaleLabel":"F1","lengthMiles":0,"widthYards":33,"deaths":0,"injuries":0,"propertyDamage":0,"cropDamage":0,"source":"","dataSource":"PUB"}},{"type":"Feature","geometry":{"type":"LineString","coordinates":[[-91.2,40.6],[-91.2,40.6]]},"properties":{"id":"ncei-1973-10008816","eventId":"10008816","episodeId":"","year":1973,"month":6,"date":"1973-06-16","beginTime":"1973-06-16T19:40:00","endTime":"1973-06-16T19:40:00","timezone":"CDT","state":"IL","stateName":"Illinois","county":"Hancock","countyFips":"67","wfo":"","scale":1,"scaleLabel":"F1","lengthMiles":0,"widthYards":33,"deaths":0,"injuries":0,"propertyDamage":0,"cropDamage":0,"source":"","dataSource":"PUB"}},{"type":"Feature","geometry":{"type":"LineString","coordinates":[[-156.92,20.92],[-156.92,20.92]]},"properties":{"id":"ncei-1973-10010633","eventId":"10010633","episodeId":"","year":1973,"month":5,"date":"1973-05-27","beginTime":"1973-05-27T18:56:00","endTime":"1973-05-27T18:56:00","timezone":"PST","state":"HI","stateName":"Hawaii","county":"Hawaii","countyFips":"1","wfo":"","scale":0,"scaleLabel":"F0","lengthMiles":0,"widthYards":33,"deaths":0,"injuries":0,"propertyDamage":0,"cropDamage":0,"source":"","dataSource":"PUB"}},{"type":"Feature","geometry":{"type":"LineString","coordinates":[[-94.1,40.77],[-94.05,40.8]]},"properties":{"id":"ncei-1973-10012230","eventId":"10012230","episodeId":"","year":1973,"month":4,"date":"1973-04-19","beginTime":"1973-04-19T18:15:00","endTime":"1973-04-19T18:15:00","timezone":"CST","state":"IA","stateName":"Iowa","county":"Ringgold","countyFips":"159","wfo":"","scale":1,"scaleLabel":"F1","lengthMiles":2.7,"widthYards":300,"deaths":0,"injuries":0,"propertyDamage":25000,"cropDamage":0,"source":"","dataSource":"PUB"}},{"type":"Feature","geometry":{"type":"LineString","coordinates":[[-94.35,41.05],[-94.35,41.05]]},"properties":{"id":"ncei-1973-10012231","eventId":"10012231","episodeId":"","year":1973,"month":4,"date":"1973-04-19","beginTime":"1973-04-19T18:20:00","endTime":"1973-04-19T18:20:00","timezone":"CST","state":"IA","stateName":"Iowa","county":"Union","countyFips":"175","wfo":"","scale":1,"scaleLabel":"F1","lengthMiles":1,"widthYards":200,"deaths":0,"injuries":0,"propertyDamage":25000,"cropDamage":0,"source":"","dataSource":"PUB"}},{"type":"Feature","geometry":{"type":"LineString","coordinates":[[-93.83,41.1],[-93.83,41.1]]},"properties":{"id":"ncei-1973-10012232","eventId":"10012232","episodeId":"","year":1973,"month":4,"date":"1973-04-19","beginTime":"1973-04-19T20:00:00","endTime":"1973-04-19T20:00:00","timezone":"CST","state":"IA","stateName":"Iowa","county":"Clarke","countyFips":"39","wfo":"","scale":2,"scaleLabel":"F2","lengthMiles":2,"widthYards":400,"deaths":0,"injuries":0,"propertyDamage":25000,"cropDamage":0,"source":"","dataSource":"PUB"}},{"type":"Feature","geometry":{"type":"LineString","coordinates":[[-91.7,41.5],[-91.7,41.5]]},"properties":{"id":"ncei-1973-10012233","eventId":"10012233","episodeId":"","year":1973,"month":4,"date":"1973-04-20","beginTime":"1973-04-20T12:15:00","endTime":"1973-04-20T12:15:00","timezone":"CST","state":"IA","stateName":"Iowa","county":"Washington","countyFips":"183","wfo":"","scale":1,"scaleLabel":"F1","lengthMiles":2,"widthYards":350,"deaths":0,"injuries":0,"propertyDamage":25000,"cropDamage":0,"source":"","dataSource":"PUB"}},{"type":"Feature","geometry":{"type":"LineString","coordinates":[[-92.3,40.7],[-92.3,40.7]]},"properties":{"id":"ncei-1973-10012234","eventId":"10012234","episodeId":"","year":1973,"month":4,"date":"1973-04-20","beginTime":"1973-04-20T16:00:00","endTime":"1973-04-20T16:00:00","timezone":"CST","state":"IA","stateName":"Iowa","county":"Davis","countyFips":"51","wfo":"","scale":0,"scaleLabel":"F0","lengthMiles":2,"widthYards":150,"deaths":0,"injuries":0,"propertyDamage":2500,"cropDamage":0,"source":"","dataSource":"PUB"}},{"type":"Feature","geometry":{"type":"LineString","coordinates":[[-92.8,42.33],[-92.47,42.7]]},"properties":{"id":"ncei-1973-10013031","eventId":"10013031","episodeId":"","year":1973,"month":7,"date":"1973-07-02","beginTime":"1973-07-02T00:33:00","endTime":"1973-07-02T00:33:00","timezone":"CST","state":"IA","stateName":"Iowa","county":"Grundy","countyFips":"75","wfo":"","scale":1,"scaleLabel":"F1","lengthMiles":30.3,"widthYards":33,"deaths":0,"injuries":0,"propertyDamage":25000,"cropDamage":0,"source":"","dataSource":"PUB"}},{"type":"Feature","geometry":{"type":"LineString","coordinates":[[-94.23,42.53],[-94.18,42.57]]},"properties":{"id":"ncei-1973-10013070","eventId":"10013070","episodeId":"","year":1973,"month":9,"date":"1973-09-21","beginTime":"1973-09-21T08:25:00","endTime":"1973-09-21T08:25:00","timezone":"CST","state":"IA","stateName":"Iowa","county":"Webster","countyFips":"187","wfo":"","scale":3,"scaleLabel":"F3","lengthMiles":2.3,"widthYards":143,"deaths":0,"injuries":0,"propertyDamage":25000,"cropDamage":0,"source":"","dataSource":"PUB"}},{"type":"Feature","geometry":{"type":"LineString","coordinates":[[-91.92,41.58],[-91.83,41.67]]},"properties":{"id":"ncei-1973-10013307","eventId":"10013307","episodeId":"","year":1973,"month":4,"date":"1973-04-21","beginTime":"1973-04-21T15:40:00","endTime":"1973-04-21T15:40:00","timezone":"CST","state":"IA","stateName":"Iowa","county":"Iowa","countyFips":"95","wfo":"","scale":2,"scaleLabel":"F2","lengthMiles":6.6,"widthYards":33,"deaths":0,"injuries":6,"propertyDamage":0,"cropDamage":0,"source":"","dataSource":"PUB"}},{"type":"Feature","geometry":{"type":"LineString","coordinates":[[-91.83,41.67],[-91.75,41.75]]},"properties":{"id":"ncei-1973-10013308","eventId":"10013308","episodeId":"","year":1973,"month":4,"date":"1973-04-21","beginTime":"1973-04-21T15:56:00","endTime":"1973-04-21T15:56:00","timezone":"CST","state":"IA","stateName":"Iowa","county":"Johnson","countyFips":"103","wfo":"","scale":2,"scaleLabel":"F2","lengthMiles":6.6,"widthYards":33,"deaths":0,"injuries":0,"propertyDamage":2500000,"cropDamage":0,"source":"","dataSource":"PUB"}},{"type":"Feature","geometry":{"type":"LineString","coordinates":[[-91.58,40.78],[-91.52,40.83]]},"properties":{"id":"ncei-1973-10013311","eventId":"10013311","episodeId":"","year":1973,"month":4,"date":"1973-04-21","beginTime":"1973-04-21T18:10:00","endTime":"1973-04-21T18:10:00","timezone":"CST","state":"IA","stateName":"Iowa","county":"Lee","countyFips":"111","wfo":"","scale":1,"scaleLabel":"F1","lengthMiles":4.1,"widthYards":250,"deaths":0,"injuries":0,"propertyDamage":25000,"cropDamage":0,"source":"","dataSource":"PUB"}},{"type":"Feature","geometry":{"type":"LineString","coordinates":[[-91.45,41.13],[-91.45,41.13]]},"properties":{"id":"ncei-1973-10013312","eventId":"10013312","episodeId":"","year":1973,"month":4,"date":"1973-04-21","beginTime":"1973-04-21T21:20:00","endTime":"1973-04-21T21:20:00","timezone":"CST","state":"IA","stateName":"Iowa","county":"Henry","countyFips":"87","wfo":"","scale":1,"scaleLabel":"F1","lengthMiles":1,"widthYards":150,"deaths":0,"injuries":0,"propertyDamage":25000,"cropDamage":0,"source":"","dataSource":"PUB"}},{"type":"Feature","geometry":{"type":"LineString","coordinates":[[-93.45,42.02],[-93.45,42.02]]},"properties":{"id":"ncei-1973-10013314","eventId":"10013314","episodeId":"","year":1973,"month":5,"date":"1973-05-07","beginTime":"1973-05-07T17:30:00","endTime":"1973-05-07T17:30:00","timezone":"CST","state":"IA","stateName":"Iowa","county":"Story","countyFips":"169","wfo":"","scale":0,"scaleLabel":"F0","lengthMiles":0.5,"widthYards":60,"deaths":0,"injuries":0,"propertyDamage":0,"cropDamage":0,"source":"","dataSource":"PUB"}},{"type":"Feature","geometry":{"type":"LineString","coordinates":[[-92.45,42.4],[-92.45,42.4]]},"properties":{"id":"ncei-1973-10013315","eventId":"10013315","episodeId":"","year":1973,"month":5,"date":"1973-05-07","beginTime":"1973-05-07T18:50:00","endTime":"1973-05-07T18:50:00","timezone":"CST","state":"IA","stateName":"Iowa","county":"Black Hawk","countyFips":"13","wfo":"","scale":0,"scaleLabel":"F0","lengthMiles":0.5,"widthYards":50,"deaths":0,"injuries":0,"propertyDamage":0,"cropDamage":0,"source":"","dataSource":"PUB"}},{"type":"Feature","geometry":{"type":"LineString","coordinates":[[-92.47,42.77],[-92.47,42.77]]},"properties":{"id":"ncei-1973-10013329","eventId":"10013329","episodeId":"","year":1973,"month":6,"date":"1973-06-04","beginTime":"1973-06-04T14:15:00","endTime":"1973-06-04T14:15:00","timezone":"CST","state":"IA","stateName":"Iowa","county":"Bremer","countyFips":"17","wfo":"","scale":1,"scaleLabel":"F1","lengthMiles":1,"widthYards":100,"deaths":0,"injuries":0,"propertyDamage":2500,"cropDamage":0,"source":"","dataSource":"PUB"}},{"type":"Feature","geometry":{"type":"LineString","coordinates":[[-93.05,41.7],[-93.02,41.73]]},"properties":{"id":"ncei-1973-10013330","eventId":"10013330","episodeId":"","year":1973,"month":6,"date":"1973-06-04","beginTime":"1973-06-04T14:35:00","endTime":"1973-06-04T14:35:00","timezone":"CST","state":"IA","stateName":"Iowa","county":"Jasper","countyFips":"99","wfo":"","scale":2,"scaleLabel":"F2","lengthMiles":1.3,"widthYards":250,"deaths":0,"injuries":0,"propertyDamage":250000,"cropDamage":0,"source":"","dataSource":"PUB"}},{"type":"Feature","geometry":{"type":"LineString","coordinates":[[-91.77,43.15],[-91.77,43.15]]},"properties":{"id":"ncei-1973-10013332","eventId":"10013332","episodeId":"","year":1973,"month":6,"date":"1973-06-04","beginTime":"1973-06-04T15:30:00","endTime":"1973-06-04T15:30:00","timezone":"CST","state":"IA","stateName":"Iowa","county":"Winneshiek","countyFips":"191","wfo":"","scale":2,"scaleLabel":"F2","lengthMiles":1,"widthYards":100,"deaths":0,"injuries":0,"propertyDamage":250000,"cropDamage":0,"source":"","dataSource":"PUB"}},{"type":"Feature","geometry":{"type":"LineString","coordinates":[[-93.93,41.08],[-93.93,41.08]]},"properties":{"id":"ncei-1973-10013338","eventId":"10013338","episodeId":"","year":1973,"month":6,"date":"1973-06-16","beginTime":"1973-06-16T17:45:00","endTime":"1973-06-16T17:45:00","timezone":"CST","state":"IA","stateName":"Iowa","county":"Clarke","countyFips":"39","wfo":"","scale":0,"scaleLabel":"F0","lengthMiles":1,"widthYards":50,"deaths":0,"injuries":0,"propertyDamage":25000,"cropDamage":0,"source":"","dataSource":"PUB"}},{"type":"Feature","geometry":{"type":"LineString","coordinates":[[-91.12,40.82],[-91.12,40.82]]},"properties":{"id":"ncei-1973-10013344","eventId":"10013344","episodeId":"","year":1973,"month":6,"date":"1973-06-16","beginTime":"1973-06-16T18:45:00","endTime":"1973-06-16T18:45:00","timezone":"CST","state":"IA","stateName":"Iowa","county":"Des Moines","countyFips":"57","wfo":"","scale":0,"scaleLabel":"F0","lengthMiles":0.5,"widthYards":100,"deaths":0,"injuries":0,"propertyDamage":25000,"cropDamage":0,"source":"","dataSource":"PUB"}},{"type":"Feature","geometry":{"type":"LineString","coordinates":[[-92.5,42.32],[-92.5,42.32]]},"properties":{"id":"ncei-1973-10013346","eventId":"10013346","episodeId":"","year":1973,"month":6,"date":"1973-06-16","beginTime":"1973-06-16T19:45:00","endTime":"1973-06-16T19:45:00","timezone":"CST","state":"IA","stateName":"Iowa","county":"Black Hawk","countyFips":"13","wfo":"","scale":1,"scaleLabel":"F1","lengthMiles":0.5,"widthYards":50,"deaths":0,"injuries":0,"propertyDamage":250000,"cropDamage":0,"source":"","dataSource":"PUB"}},{"type":"Feature","geometry":{"type":"LineString","coordinates":[[-96.07,42.48],[-96.07,42.48]]},"properties":{"id":"ncei-1973-10013351","eventId":"10013351","episodeId":"","year":1973,"month":6,"date":"1973-06-18","beginTime":"1973-06-18T03:40:00","endTime":"1973-06-18T03:40:00","timezone":"CST","state":"IA","stateName":"Iowa","county":"Woodbury","countyFips":"193","wfo":"","scale":2,"scaleLabel":"F2","lengthMiles":2,"widthYards":400,"deaths":2,"injuries":10,"propertyDamage":250000,"cropDamage":0,"source":"","dataSource":"PUB"}},{"type":"Feature","geometry":{"type":"LineString","coordinates":[[-96.05,42.47],[-96.05,42.47]]},"properties":{"id":"ncei-1973-10013353","eventId":"10013353","episodeId":"","year":1973,"month":6,"date":"1973-06-18","beginTime":"1973-06-18T03:46:00","endTime":"1973-06-18T03:46:00","timezone":"CST","state":"IA","stateName":"Iowa","county":"Woodbury","countyFips":"193","wfo":"","scale":2,"scaleLabel":"F2","lengthMiles":1,"widthYards":300,"deaths":0,"injuries":5,"propertyDamage":250000,"cropDamage":0,"source":"","dataSource":"PUB"}},{"type":"Feature","geometry":{"type":"LineString","coordinates":[[-93.62,41.98],[-93.62,41.98]]},"properties":{"id":"ncei-1973-10013662","eventId":"10013662","episodeId":"","year":1973,"month":7,"date":"1973-07-01","beginTime":"1973-07-01T23:15:00","endTime":"1973-07-01T23:15:00","timezone":"CST","state":"IA","stateName":"Iowa","county":"Story","countyFips":"169","wfo":"","scale":1,"scaleLabel":"F1","lengthMiles":0,"widthYards":33,"deaths":0,"injuries":0,"propertyDamage":25000,"cropDamage":0,"source":"","dataSource":"PUB"}},{"type":"Feature","geometry":{"type":"LineString","coordinates":[[-92.58,41.92],[-92.58,41.92]]},"properties":{"id":"ncei-1973-10014443","eventId":"10014443","episodeId":"","year":1973,"month":9,"date":"1973-09-21","beginTime":"1973-09-21T19:30:00","endTime":"1973-09-21T19:30:00","timezone":"CST","state":"IA","stateName":"Iowa","county":"Tama","countyFips":"171","wfo":"","scale":1,"scaleLabel":"F1","lengthMiles":2,"widthYards":100,"deaths":0,"injuries":0,"propertyDamage":25000,"cropDamage":0,"source":"","dataSource":"PUB"}},{"type":"Feature","geometry":{"type":"LineString","coordinates":[[-95.33,41.55],[-95.33,41.55]]},"properties":{"id":"ncei-1973-10014448","eventId":"10014448","episodeId":"","year":1973,"month":9,"date":"1973-09-25","beginTime":"1973-09-25T23:59:00","endTime":"1973-09-25T23:59:00","timezone":"CST","state":"IA","stateName":"Iowa","county":"Shelby","countyFips":"165","wfo":"","scale":2,"scaleLabel":"F2","lengthMiles":0,"widthYards":33,"deaths":0,"injuries":0,"propertyDamage":25000,"cropDamage":0,"source":"","dataSource":"PUB"}},{"type":"Feature","geometry":{"type":"LineString","coordinates":[[-93.8,42.82],[-93.8,42.82]]},"properties":{"id":"ncei-1973-10014452","eventId":"10014452","episodeId":"","year":1973,"month":9,"date":"1973-09-26","beginTime":"1973-09-26T02:40:00","endTime":"1973-09-26T02:40:00","timezone":"CST","state":"IA","stateName":"Iowa","county":"Wright","countyFips":"197","wfo":"","scale":2,"scaleLabel":"F2","lengthMiles":1,"widthYards":100,"deaths":0,"injuries":0,"propertyDamage":25000,"cropDamage":0,"source":"","dataSource":"PUB"}},{"type":"Feature","geometry":{"type":"LineString","coordinates":[[-93.6,43.07],[-93.6,43.07]]},"properties":{"id":"ncei-1973-10014453","eventId":"10014453","episodeId":"","year":1973,"month":9,"date":"1973-09-26","beginTime":"1973-09-26T02:45:00","endTime":"1973-09-26T02:45:00","timezone":"CST","state":"IA","stateName":"Iowa","county":"Hancock","countyFips":"81","wfo":"","scale":1,"scaleLabel":"F1","lengthMiles":1,"widthYards":50,"deaths":0,"injuries":0,"propertyDamage":25000,"cropDamage":0,"source":"","dataSource":"PUB"}},{"type":"Feature","geometry":{"type":"LineString","coordinates":[[-93.58,43.02],[-93.58,43.02]]},"properties":{"id":"ncei-1973-10014454","eventId":"10014454","episodeId":"","year":1973,"month":9,"date":"1973-09-26","beginTime":"1973-09-26T02:45:00","endTime":"1973-09-26T02:45:00","timezone":"CST","state":"IA","stateName":"Iowa","county":"Hancock","countyFips":"81","wfo":"","scale":2,"scaleLabel":"F2","lengthMiles":1,"widthYards":50,"deaths":0,"injuries":0,"propertyDamage":25000,"cropDamage":0,"source":"","dataSource":"PUB"}},{"type":"Feature","geometry":{"type":"LineString","coordinates":[[-93.48,42.97],[-93.48,42.97]]},"properties":{"id":"ncei-1973-10014455","eventId":"10014455","episodeId":"","year":1973,"month":9,"date":"1973-09-26","beginTime":"1973-09-26T03:00:00","endTime":"1973-09-26T03:00:00","timezone":"CST","state":"IA","stateName":"Iowa","county":"Cerro Gordo","countyFips":"33","wfo":"","scale":2,"scaleLabel":"F2","lengthMiles":2,"widthYards":100,"deaths":0,"injuries":0,"propertyDamage":25000,"cropDamage":0,"source":"","dataSource":"PUB"}},{"type":"Feature","geometry":{"type":"LineString","coordinates":[[-96.25,42.6],[-96.17,42.65]]},"properties":{"id":"ncei-1973-10014458","eventId":"10014458","episodeId":"","year":1973,"month":10,"date":"1973-10-09","beginTime":"1973-10-09T21:00:00","endTime":"1973-10-09T21:00:00","timezone":"CST","state":"IA","stateName":"Iowa","county":"Plymouth","countyFips":"149","wfo":"","scale":1,"scaleLabel":"F1","lengthMiles":4.7,"widthYards":200,"deaths":0,"injuries":0,"propertyDamage":25000,"cropDamage":0,"source":"","dataSource":"PUB"}},{"type":"Feature","geometry":{"type":"LineString","coordinates":[[-95.78,43.12],[-95.78,43.12]]},"properties":{"id":"ncei-1973-10014459","eventId":"10014459","episodeId":"","year":1973,"month":10,"date":"1973-10-09","beginTime":"1973-10-09T21:00:00","endTime":"1973-10-09T21:00:00","timezone":"CST","state":"IA","stateName":"Iowa","county":"O'brien","countyFips":"141","wfo":"","scale":1,"scaleLabel":"F1","lengthMiles":1,"widthYards":100,"deaths":0,"injuries":0,"propertyDamage":25000,"cropDamage":0,"source":"","dataSource":"PUB"}},{"type":"Feature","geometry":{"type":"LineString","coordinates":[[-96.3,43.3],[-96.3,43.3]]},"properties":{"id":"ncei-1973-10014715","eventId":"10014715","episodeId":"","year":1973,"month":4,"date":"1973-04-19","beginTime":"1973-04-19T16:00:00","endTime":"1973-04-19T16:00:00","timezone":"CST","state":"IA","stateName":"Iowa","county":"Lyon","countyFips":"119","wfo":"","scale":1,"scaleLabel":"F1","lengthMiles":1,"widthYards":50,"deaths":0,"injuries":0,"propertyDamage":25000,"cropDamage":0,"source":"","dataSource":"PUB"}},{"type":"Feature","geometry":{"type":"LineString","coordinates":[[-95.3,42.2],[-95.3,42.2]]},"properties":{"id":"ncei-1973-10014718","eventId":"10014718","episodeId":"","year":1973,"month":4,"date":"1973-04-19","beginTime":"1973-04-19T17:00:00","endTime":"1973-04-19T17:00:00","timezone":"CST","state":"IA","stateName":"Iowa","county":"Crawford","countyFips":"47","wfo":"","scale":1,"scaleLabel":"F1","lengthMiles":1,"widthYards":300,"deaths":0,"injuries":0,"propertyDamage":25000,"cropDamage":0,"source":"","dataSource":"PUB"}},{"type":"Feature","geometry":{"type":"LineString","coordinates":[[-86.77,39.28],[-86.77,39.28]]},"properties":{"id":"ncei-1973-10015795","eventId":"10015795","episodeId":"","year":1973,"month":6,"date":"1973-06-24","beginTime":"1973-06-24T15:45:00","endTime":"1973-06-24T15:45:00","timezone":"CST","state":"IN","stateName":"Indiana","county":"Owen","countyFips":"119","wfo":"","scale":1,"scaleLabel":"F1","lengthMiles":0.1,"widthYards":30,"deaths":0,"injuries":0,"propertyDamage":2500,"cropDamage":0,"source":"","dataSource":"PUB"}},{"type":"Feature","geometry":{"type":"LineString","coordinates":[[-86.53,39.17],[-86.53,39.17]]},"properties":{"id":"ncei-1973-10015796","eventId":"10015796","episodeId":"","year":1973,"month":6,"date":"1973-06-24","beginTime":"1973-06-24T16:15:00","endTime":"1973-06-24T16:15:00","timezone":"CST","state":"IN","stateName":"Indiana","county":"Monroe","countyFips":"105","wfo":"","scale":1,"scaleLabel":"F1","lengthMiles":0.1,"widthYards":20,"deaths":0,"injuries":0,"propertyDamage":25000,"cropDamage":0,"source":"","dataSource":"PUB"}},{"type":"Feature","geometry":{"type":"LineString","coordinates":[[-85.48,41.13],[-85.48,41.13]]},"properties":{"id":"ncei-1973-10015940","eventId":"10015940","episodeId":"","year":1973,"month":6,"date":"1973-06-26","beginTime":"1973-06-26T12:50:00","endTime":"1973-06-26T12:50:00","timezone":"CST","state":"IN","stateName":"Indiana","county":"Whitley","countyFips":"183","wfo":"","scale":1,"scaleLabel":"F1","lengthMiles":1,"widthYards":30,"deaths":0,"injuries":0,"propertyDamage":25000,"cropDamage":0,"source":"","dataSource":"PUB"}},{"type":"Feature","geometry":{"type":"LineString","coordinates":[[-87.37,39.57],[-87.3,39.6]]},"properties":{"id":"ncei-1973-10015941","eventId":"10015941","episodeId":"","year":1973,"month":6,"date":"1973-06-26","beginTime":"1973-06-26T13:00:00","endTime":"1973-06-26T13:00:00","timezone":"CST","state":"IN","stateName":"Indiana","county":"Vigo","countyFips":"167","wfo":"","scale":1,"scaleLabel":"F1","lengthMiles":3.8,"widthYards":50,"deaths":0,"injuries":0,"propertyDamage":250000,"cropDamage":0,"source":"","dataSource":"PUB"}},{"type":"Feature","geometry":{"type":"LineString","coordinates":[[-86.92,39.58],[-86.92,39.58]]},"properties":{"id":"ncei-1973-10015942","eventId":"10015942","episodeId":"","year":1973,"month":6,"date":"1973-06-26","beginTime":"1973-06-26T13:15:00","endTime":"1973-06-26T13:15:00","timezone":"CST","state":"IN","stateName":"Indiana","county":"Putnam","countyFips":"133","wfo":"","scale":1,"scaleLabel":"F1","lengthMiles":2,"widthYards":50,"deaths":0,"injuries":0,"propertyDamage":25000,"cropDamage":0,"source":"","dataSource":"PUB"}},{"type":"Feature","geometry":{"type":"LineString","coordinates":[[-86.33,40],[-86.33,40]]},"properties":{"id":"ncei-1973-10015943","eventId":"10015943","episodeId":"","year":1973,"month":6,"date":"1973-06-26","beginTime":"1973-06-26T13:50:00","endTime":"1973-06-26T13:50:00","timezone":"CST","state":"IN","stateName":"Indiana","county":"Boone","countyFips":"11","wfo":"","scale":1,"scaleLabel":"F1","lengthMiles":0.1,"widthYards":30,"deaths":0,"injuries":0,"propertyDamage":25000,"cropDamage":0,"source":"","dataSource":"PUB"}},{"type":"Feature","geometry":{"type":"LineString","coordinates":[[-86.05,40.12],[-86.05,40.18]]},"properties":{"id":"ncei-1973-10015945","eventId":"10015945","episodeId":"","year":1973,"month":6,"date":"1973-06-26","beginTime":"1973-06-26T14:30:00","endTime":"1973-06-26T14:30:00","timezone":"CST","state":"IN","stateName":"Indiana","county":"Hamilton","countyFips":"57","wfo":"","scale":1,"scaleLabel":"F1","lengthMiles":4.6,"widthYards":80,"deaths":0,"injuries":0,"propertyDamage":250000,"cropDamage":0,"source":"","dataSource":"PUB"}},{"type":"Feature","geometry":{"type":"LineString","coordinates":[[-85.53,40.12],[-85.33,40.22]]},"properties":{"id":"ncei-1973-10015946","eventId":"10015946","episodeId":"","year":1973,"month":6,"date":"1973-06-26","beginTime":"1973-06-26T14:45:00","endTime":"1973-06-26T14:45:00","timezone":"CST","state":"IN","stateName":"Indiana","county":"Delaware","countyFips":"35","wfo":"","scale":1,"scaleLabel":"F1","lengthMiles":12.4,"widthYards":80,"deaths":0,"injuries":0,"propertyDamage":250000,"cropDamage":0,"source":"","dataSource":"PUB"}},{"type":"Feature","geometry":{"type":"LineString","coordinates":[[-85.27,39.7],[-85.27,39.7]]},"properties":{"id":"ncei-1973-10015948","eventId":"10015948","episodeId":"","year":1973,"month":6,"date":"1973-06-26","beginTime":"1973-06-26T15:25:00","endTime":"1973-06-26T15:25:00","timezone":"CST","state":"IN","stateName":"Indiana","county":"Fayette","countyFips":"41","wfo":"","scale":1,"scaleLabel":"F1","lengthMiles":0.1,"widthYards":30,"deaths":0,"injuries":0,"propertyDamage":25000,"cropDamage":0,"source":"","dataSource":"PUB"}},{"type":"Feature","geometry":{"type":"LineString","coordinates":[[-87.13,39.37],[-87.13,39.37]]},"properties":{"id":"ncei-1973-10015949","eventId":"10015949","episodeId":"","year":1973,"month":6,"date":"1973-06-26","beginTime":"1973-06-26T18:40:00","endTime":"1973-06-26T18:40:00","timezone":"CST","state":"IN","stateName":"Indiana","county":"Clay","countyFips":"21","wfo":"","scale":1,"scaleLabel":"F1","lengthMiles":1,"widthYards":30,"deaths":0,"injuries":0,"propertyDamage":25000,"cropDamage":0,"source":"","dataSource":"PUB"}},{"type":"Feature","geometry":{"type":"LineString","coordinates":[[-86.55,39.17],[-86.33,39.23]]},"properties":{"id":"ncei-1973-10015950","eventId":"10015950","episodeId":"","year":1973,"month":6,"date":"1973-06-26","beginTime":"1973-06-26T19:38:00","endTime":"1973-06-26T19:38:00","timezone":"CST","state":"IN","stateName":"Indiana","county":"Monroe","countyFips":"105","wfo":"","scale":2,"scaleLabel":"F2","lengthMiles":12.4,"widthYards":50,"deaths":0,"injuries":0,"propertyDamage":250000,"cropDamage":0,"source":"","dataSource":"PUB"}},{"type":"Feature","geometry":{"type":"LineString","coordinates":[[-85.98,39.15],[-85.97,39.17]]},"properties":{"id":"ncei-1973-10015951","eventId":"10015951","episodeId":"","year":1973,"month":6,"date":"1973-06-26","beginTime":"1973-06-26T20:15:00","endTime":"1973-06-26T20:15:00","timezone":"CST","state":"IN","stateName":"Indiana","county":"Bartholomew","countyFips":"5","wfo":"","scale":1,"scaleLabel":"F1","lengthMiles":0,"widthYards":50,"deaths":0,"injuries":0,"propertyDamage":250000,"cropDamage":0,"source":"","dataSource":"PUB"}},{"type":"Feature","geometry":{"type":"LineString","coordinates":[[-85.67,38.28],[-85.48,38.45]]},"properties":{"id":"ncei-1973-10015953","eventId":"10015953","episodeId":"","year":1973,"month":6,"date":"1973-06-27","beginTime":"1973-06-27T09:00:00","endTime":"1973-06-27T09:00:00","timezone":"CST","state":"IN","stateName":"Indiana","county":"Clark","countyFips":"19","wfo":"","scale":1,"scaleLabel":"F1","lengthMiles":15.2,"widthYards":100,"deaths":0,"injuries":0,"propertyDamage":250000,"cropDamage":0,"source":"","dataSource":"PUB"}},{"type":"Feature","geometry":{"type":"LineString","coordinates":[[-86.2,39.8],[-85.9,39.83]]},"properties":{"id":"ncei-1973-10015957","eventId":"10015957","episodeId":"","year":1973,"month":7,"date":"1973-07-04","beginTime":"1973-07-04T09:25:00","endTime":"1973-07-04T09:25:00","timezone":"CST","state":"IN","stateName":"Indiana","county":"Marion","countyFips":"97","wfo":"","scale":1,"scaleLabel":"F1","lengthMiles":15.9,"widthYards":100,"deaths":0,"injuries":0,"propertyDamage":2500000,"cropDamage":0,"source":"","dataSource":"PUB"}},{"type":"Feature","geometry":{"type":"LineString","coordinates":[[-85.9,39.42],[-85.9,39.42]]},"properties":{"id":"ncei-1973-10015958","eventId":"10015958","episodeId":"","year":1973,"month":7,"date":"1973-07-04","beginTime":"1973-07-04T09:59:00","endTime":"1973-07-04T09:59:00","timezone":"CST","state":"IN","stateName":"Indiana","county":"Johnson","countyFips":"81","wfo":"","scale":0,"scaleLabel":"F0","lengthMiles":0.3,"widthYards":50,"deaths":0,"injuries":0,"propertyDamage":25000,"cropDamage":0,"source":"","dataSource":"PUB"}},{"type":"Feature","geometry":{"type":"LineString","coordinates":[[-86.47,39.7],[-86.47,39.7]]},"properties":{"id":"ncei-1973-10015960","eventId":"10015960","episodeId":"","year":1973,"month":7,"date":"1973-07-10","beginTime":"1973-07-10T06:00:00","endTime":"1973-07-10T06:00:00","timezone":"CST","state":"IN","stateName":"Indiana","county":"Hendricks","countyFips":"63","wfo":"","scale":0,"scaleLabel":"F0","lengthMiles":0.3,"widthYards":100,"deaths":0,"injuries":0,"propertyDamage":2500,"cropDamage":0,"source":"","dataSource":"PUB"}},{"type":"Feature","geometry":{"type":"LineString","coordinates":[[-87.42,39.88],[-87.42,39.88]]},"properties":{"id":"ncei-1973-10015963","eventId":"10015963","episodeId":"","year":1973,"month":8,"date":"1973-08-12","beginTime":"1973-08-12T11:15:00","endTime":"1973-08-12T11:15:00","timezone":"CST","state":"IN","stateName":"Indiana","county":"Vermillion","countyFips":"165","wfo":"","scale":0,"scaleLabel":"F0","lengthMiles":1,"widthYards":20,"deaths":0,"injuries":0,"propertyDamage":25000,"cropDamage":0,"source":"","dataSource":"PUB"}},{"type":"Feature","geometry":{"type":"LineString","coordinates":[[-85.18,40.27],[-85.18,40.27]]},"properties":{"id":"ncei-1973-10015970","eventId":"10015970","episodeId":"","year":1973,"month":9,"date":"1973-09-22","beginTime":"1973-09-22T16:40:00","endTime":"1973-09-22T16:40:00","timezone":"CST","state":"IN","stateName":"Indiana","county":"Randolph","countyFips":"135","wfo":"","scale":0,"scaleLabel":"F0","lengthMiles":0.5,"widthYards":50,"deaths":0,"injuries":0,"propertyDamage":25000,"cropDamage":0,"source":"","dataSource":"PUB"}},{"type":"Feature","geometry":{"type":"LineString","coordinates":[[-86.12,41.42],[-86.12,41.42]]},"properties":{"id":"ncei-1973-10015988","eventId":"10015988","episodeId":"","year":1973,"month":12,"date":"1973-12-04","beginTime":"1973-12-04T14:20:00","endTime":"1973-12-04T14:20:00","timezone":"CST","state":"IN","stateName":"Indiana","county":"Marshall","countyFips":"99","wfo":"","scale":1,"scaleLabel":"F1","lengthMiles":0.5,"widthYards":3,"deaths":0,"injuries":1,"propertyDamage":25000,"cropDamage":0,"source":"","dataSource":"PUB"}},{"type":"Feature","geometry":{"type":"LineString","coordinates":[[-93.08,42.25],[-93.08,42.25]]},"properties":{"id":"ncei-1973-10016080","eventId":"10016080","episodeId":"","year":1973,"month":9,"date":"1973-09-21","beginTime":"1973-09-21T18:00:00","endTime":"1973-09-21T18:00:00","timezone":"CST","state":"IA","stateName":"Iowa","county":"Hardin","countyFips":"83","wfo":"","scale":1,"scaleLabel":"F1","lengthMiles":0,"widthYards":33,"deaths":0,"injuries":0,"propertyDamage":2500,"cropDamage":0,"source":"","dataSource":"PUB"}},{"type":"Feature","geometry":{"type":"LineString","coordinates":[[-86.1,39.83],[-86.1,39.83]]},"properties":{"id":"ncei-1973-10019354","eventId":"10019354","episodeId":"","year":1973,"month":5,"date":"1973-05-07","beginTime":"1973-05-07T23:45:00","endTime":"1973-05-07T23:45:00","timezone":"CST","state":"IN","stateName":"Indiana","county":"Marion","countyFips":"97","wfo":"","scale":1,"scaleLabel":"F1","lengthMiles":2.5,"widthYards":20,"deaths":0,"injuries":0,"propertyDamage":250000,"cropDamage":0,"source":"","dataSource":"PUB"}},{"type":"Feature","geometry":{"type":"LineString","coordinates":[[-85.25,41.12],[-85.25,41.12]]},"properties":{"id":"ncei-1973-10019355","eventId":"10019355","episodeId":"","year":1973,"month":5,"date":"1973-05-10","beginTime":"1973-05-10T13:00:00","endTime":"1973-05-10T13:00:00","timezone":"CST","state":"IN","stateName":"Indiana","county":"Allen","countyFips":"3","wfo":"","scale":1,"scaleLabel":"F1","lengthMiles":1,"widthYards":30,"deaths":0,"injuries":0,"propertyDamage":25000,"cropDamage":0,"source":"","dataSource":"PUB"}},{"type":"Feature","geometry":{"type":"LineString","coordinates":[[-85.17,41.12],[-85.17,41.12]]},"properties":{"id":"ncei-1973-10019356","eventId":"10019356","episodeId":"","year":1973,"month":5,"date":"1973-05-10","beginTime":"1973-05-10T13:05:00","endTime":"1973-05-10T13:05:00","timezone":"CST","state":"IN","stateName":"Indiana","county":"Allen","countyFips":"3","wfo":"","scale":1,"scaleLabel":"F1","lengthMiles":0.1,"widthYards":20,"deaths":0,"injuries":0,"propertyDamage":25000,"cropDamage":0,"source":"","dataSource":"PUB"}},{"type":"Feature","geometry":{"type":"LineString","coordinates":[[-84.97,41],[-84.97,41]]},"properties":{"id":"ncei-1973-10019357","eventId":"10019357","episodeId":"","year":1973,"month":5,"date":"1973-05-10","beginTime":"1973-05-10T13:10:00","endTime":"1973-05-10T13:10:00","timezone":"CST","state":"IN","stateName":"Indiana","county":"Allen","countyFips":"3","wfo":"","scale":1,"scaleLabel":"F1","lengthMiles":1,"widthYards":80,"deaths":0,"injuries":0,"propertyDamage":250000,"cropDamage":0,"source":"","dataSource":"PUB"}},{"type":"Feature","geometry":{"type":"LineString","coordinates":[[-86.27,39.9],[-86.03,39.7]]},"properties":{"id":"ncei-1973-10019358","eventId":"10019358","episodeId":"","year":1973,"month":5,"date":"1973-05-19","beginTime":"1973-05-19T13:55:00","endTime":"1973-05-19T13:55:00","timezone":"CST","state":"IN","stateName":"Indiana","county":"Marion","countyFips":"97","wfo":"","scale":1,"scaleLabel":"F1","lengthMiles":18.4,"widthYards":20,"deaths":0,"injuries":0,"propertyDamage":250000,"cropDamage":0,"source":"","dataSource":"PUB"}},{"type":"Feature","geometry":{"type":"LineString","coordinates":[[-87.3,39.2],[-86.83,39.65]]},"properties":{"id":"ncei-1973-10019360","eventId":"10019360","episodeId":"","year":1973,"month":5,"date":"1973-05-27","beginTime":"1973-05-27T14:50:00","endTime":"1973-05-27T14:50:00","timezone":"CST","state":"IN","stateName":"Indiana","county":"Sullivan","countyFips":"153","wfo":"","scale":2,"scaleLabel":"F2","lengthMiles":39.8,"widthYards":50,"deaths":0,"injuries":0,"propertyDamage":250000,"cropDamage":0,"source":"","dataSource":"PUB"}},{"type":"Feature","geometry":{"type":"LineString","coordinates":[[-86.83,39.65],[-86.42,40.1]]},"properties":{"id":"ncei-1973-10019361","eventId":"10019361","episodeId":"","year":1973,"month":5,"date":"1973-05-27","beginTime":"1973-05-27T16:00:00","endTime":"1973-05-27T16:00:00","timezone":"CST","state":"IN","stateName":"Indiana","county":"Hendricks","countyFips":"63","wfo":"","scale":2,"scaleLabel":"F2","lengthMiles":38.1,"widthYards":50,"deaths":0,"injuries":0,"propertyDamage":250000,"cropDamage":0,"source":"","dataSource":"PUB"}},{"type":"Feature","geometry":{"type":"LineString","coordinates":[[-86.6,39.17],[-86.6,39.17]]},"properties":{"id":"ncei-1973-10019362","eventId":"10019362","episodeId":"","year":1973,"month":5,"date":"1973-05-27","beginTime":"1973-05-27T16:30:00","endTime":"1973-05-27T16:30:00","timezone":"CST","state":"IN","stateName":"Indiana","county":"Monroe","countyFips":"105","wfo":"","scale":2,"scaleLabel":"F2","lengthMiles":30,"widthYards":50,"deaths":0,"injuries":0,"propertyDamage":250000,"cropDamage":0,"source":"","dataSource":"PUB"}},{"type":"Feature","geometry":{"type":"LineString","coordinates":[[-86.45,39.2],[-86.1,39.62]]},"properties":{"id":"ncei-1973-10019363","eventId":"10019363","episodeId":"","year":1973,"month":5,"date":"1973-05-27","beginTime":"1973-05-27T17:00:00","endTime":"1973-05-27T17:00:00","timezone":"CST","state":"IN","stateName":"Indiana","county":"Monroe","countyFips":"105","wfo":"","scale":2,"scaleLabel":"F2","lengthMiles":34.3,"widthYards":50,"deaths":0,"injuries":0,"propertyDamage":250000,"cropDamage":0,"source":"","dataSource":"PUB"}},{"type":"Feature","geometry":{"type":"LineString","coordinates":[[-87.42,39.88],[-87.42,39.88]]},"properties":{"id":"ncei-1973-10019364","eventId":"10019364","episodeId":"","year":1973,"month":5,"date":"1973-05-28","beginTime":"1973-05-28T09:30:00","endTime":"1973-05-28T09:30:00","timezone":"CST","state":"IN","stateName":"Indiana","county":"Vermillion","countyFips":"165","wfo":"","scale":1,"scaleLabel":"F1","lengthMiles":0.1,"widthYards":30,"deaths":0,"injuries":0,"propertyDamage":2500,"cropDamage":0,"source":"","dataSource":"PUB"}},{"type":"Feature","geometry":{"type":"LineString","coordinates":[[-86.33,41.35],[-86.33,41.35]]},"properties":{"id":"ncei-1973-10019365","eventId":"10019365","episodeId":"","year":1973,"month":5,"date":"1973-05-28","beginTime":"1973-05-28T13:02:00","endTime":"1973-05-28T13:02:00","timezone":"CST","state":"IN","stateName":"Indiana","county":"Marshall","countyFips":"99","wfo":"","scale":1,"scaleLabel":"F1","lengthMiles":0.1,"widthYards":20,"deaths":0,"injuries":0,"propertyDamage":2500,"cropDamage":0,"source":"","dataSource":"PUB"}},{"type":"Feature","geometry":{"type":"LineString","coordinates":[[-85.6,41.7],[-85.6,41.7]]},"properties":{"id":"ncei-1973-10019366","eventId":"10019366","episodeId":"","year":1973,"month":5,"date":"1973-05-28","beginTime":"1973-05-28T13:55:00","endTime":"1973-05-28T13:55:00","timezone":"CST","state":"IN","stateName":"Indiana","county":"Steuben","countyFips":"151","wfo":"","scale":1,"scaleLabel":"F1","lengthMiles":2,"widthYards":20,"deaths":0,"injuries":0,"propertyDamage":25000,"cropDamage":0,"source":"","dataSource":"PUB"}},{"type":"Feature","geometry":{"type":"LineString","coordinates":[[-86.95,40.45],[-86.63,40.53]]},"properties":{"id":"ncei-1973-10019367","eventId":"10019367","episodeId":"","year":1973,"month":5,"date":"1973-05-29","beginTime":"1973-05-29T14:20:00","endTime":"1973-05-29T14:20:00","timezone":"CST","state":"IN","stateName":"Indiana","county":"Tippecanoe","countyFips":"157","wfo":"","scale":0,"scaleLabel":"F0","lengthMiles":17.5,"widthYards":20,"deaths":0,"injuries":0,"propertyDamage":0,"cropDamage":0,"source":"","dataSource":"PUB"}},{"type":"Feature","geometry":{"type":"LineString","coordinates":[[-87.33,39.47],[-87.33,39.47]]},"properties":{"id":"ncei-1973-10019369","eventId":"10019369","episodeId":"","year":1973,"month":6,"date":"1973-06-03","beginTime":"1973-06-03T16:48:00","endTime":"1973-06-03T16:48:00","timezone":"CST","state":"IN","stateName":"Indiana","county":"Vigo","countyFips":"167","wfo":"","scale":1,"scaleLabel":"F1","lengthMiles":0.3,"widthYards":40,"deaths":0,"injuries":0,"propertyDamage":250000,"cropDamage":0,"source":"","dataSource":"PUB"}},{"type":"Feature","geometry":{"type":"LineString","coordinates":[[-85.92,39.88],[-85.92,39.88]]},"properties":{"id":"ncei-1973-10019370","eventId":"10019370","episodeId":"","year":1973,"month":6,"date":"1973-06-03","beginTime":"1973-06-03T18:16:00","endTime":"1973-06-03T18:16:00","timezone":"CST","state":"IN","stateName":"Indiana","county":"Hancock","countyFips":"59","wfo":"","scale":1,"scaleLabel":"F1","lengthMiles":0,"widthYards":20,"deaths":0,"injuries":0,"propertyDamage":25000,"cropDamage":0,"source":"","dataSource":"PUB"}},{"type":"Feature","geometry":{"type":"LineString","coordinates":[[-85.02,41.42],[-85.02,41.42]]},"properties":{"id":"ncei-1973-10019371","eventId":"10019371","episodeId":"","year":1973,"month":6,"date":"1973-06-03","beginTime":"1973-06-03T19:00:00","endTime":"1973-06-03T19:00:00","timezone":"CST","state":"IN","stateName":"Indiana","county":"De Kalb","countyFips":"33","wfo":"","scale":1,"scaleLabel":"F1","lengthMiles":1,"widthYards":20,"deaths":0,"injuries":1,"propertyDamage":25000,"cropDamage":0,"source":"","dataSource":"PUB"}},{"type":"Feature","geometry":{"type":"LineString","coordinates":[[-84.98,40.43],[-84.98,40.43]]},"properties":{"id":"ncei-1973-10019372","eventId":"10019372","episodeId":"","year":1973,"month":6,"date":"1973-06-03","beginTime":"1973-06-03T19:57:00","endTime":"1973-06-03T19:57:00","timezone":"CST","state":"IN","stateName":"Indiana","county":"Jay","countyFips":"75","wfo":"","scale":1,"scaleLabel":"F1","lengthMiles":0,"widthYards":33,"deaths":0,"injuries":0,"propertyDamage":25000,"cropDamage":0,"source":"","dataSource":"PUB"}},{"type":"Feature","geometry":{"type":"LineString","coordinates":[[-85.12,41.33],[-85.12,41.33]]},"properties":{"id":"ncei-1973-10019375","eventId":"10019375","episodeId":"","year":1973,"month":6,"date":"1973-06-04","beginTime":"1973-06-04T13:50:00","endTime":"1973-06-04T13:50:00","timezone":"CST","state":"IN","stateName":"Indiana","county":"De Kalb","countyFips":"33","wfo":"","scale":0,"scaleLabel":"F0","lengthMiles":0.1,"widthYards":20,"deaths":0,"injuries":0,"propertyDamage":2500,"cropDamage":0,"source":"","dataSource":"PUB"}},{"type":"Feature","geometry":{"type":"LineString","coordinates":[[-85.77,39.52],[-85.45,39.6]]},"properties":{"id":"ncei-1973-10019376","eventId":"10019376","episodeId":"","year":1973,"month":6,"date":"1973-06-04","beginTime":"1973-06-04T14:40:00","endTime":"1973-06-04T14:40:00","timezone":"CST","state":"IN","stateName":"Indiana","county":"Shelby","countyFips":"145","wfo":"","scale":1,"scaleLabel":"F1","lengthMiles":17.6,"widthYards":80,"deaths":0,"injuries":0,"propertyDamage":25000,"cropDamage":0,"source":"","dataSource":"PUB"}},{"type":"Feature","geometry":{"type":"LineString","coordinates":[[-86.08,39.78],[-86.08,39.78]]},"properties":{"id":"ncei-1973-10019378","eventId":"10019378","episodeId":"","year":1973,"month":6,"date":"1973-06-04","beginTime":"1973-06-04T21:23:00","endTime":"1973-06-04T21:23:00","timezone":"CST","state":"IN","stateName":"Indiana","county":"Marion","countyFips":"97","wfo":"","scale":1,"scaleLabel":"F1","lengthMiles":0.1,"widthYards":20,"deaths":0,"injuries":0,"propertyDamage":2500,"cropDamage":0,"source":"","dataSource":"PUB"}},{"type":"Feature","geometry":{"type":"LineString","coordinates":[[-86.92,40.25],[-86.92,40.25]]},"properties":{"id":"ncei-1973-10019379","eventId":"10019379","episodeId":"","year":1973,"month":6,"date":"1973-06-12","beginTime":"1973-06-12T09:45:00","endTime":"1973-06-12T09:45:00","timezone":"CST","state":"IN","stateName":"Indiana","county":"Tippecanoe","countyFips":"157","wfo":"","scale":1,"scaleLabel":"F1","lengthMiles":0.1,"widthYards":20,"deaths":0,"injuries":0,"propertyDamage":25000,"cropDamage":0,"source":"","dataSource":"PUB"}},{"type":"Feature","geometry":{"type":"LineString","coordinates":[[-86.77,40.38],[-86.77,40.38]]},"properties":{"id":"ncei-1973-10019380","eventId":"10019380","episodeId":"","year":1973,"month":6,"date":"1973-06-12","beginTime":"1973-06-12T10:29:00","endTime":"1973-06-12T10:29:00","timezone":"CST","state":"IN","stateName":"Indiana","county":"Tippecanoe","countyFips":"157","wfo":"","scale":1,"scaleLabel":"F1","lengthMiles":0.1,"widthYards":20,"deaths":0,"injuries":0,"propertyDamage":0,"cropDamage":0,"source":"","dataSource":"PUB"}},{"type":"Feature","geometry":{"type":"LineString","coordinates":[[-85.82,40.42],[-85.82,40.42]]},"properties":{"id":"ncei-1973-10019381","eventId":"10019381","episodeId":"","year":1973,"month":6,"date":"1973-06-12","beginTime":"1973-06-12T11:00:00","endTime":"1973-06-12T11:00:00","timezone":"CST","state":"IN","stateName":"Indiana","county":"Grant","countyFips":"53","wfo":"","scale":1,"scaleLabel":"F1","lengthMiles":0.1,"widthYards":30,"deaths":0,"injuries":0,"propertyDamage":2500,"cropDamage":0,"source":"","dataSource":"PUB"}},{"type":"Feature","geometry":{"type":"LineString","coordinates":[[-85.78,40.37],[-85.78,40.37]]},"properties":{"id":"ncei-1973-10019382","eventId":"10019382","episodeId":"","year":1973,"month":6,"date":"1973-06-12","beginTime":"1973-06-12T11:20:00","endTime":"1973-06-12T11:20:00","timezone":"CST","state":"IN","stateName":"Indiana","county":"Madison","countyFips":"95","wfo":"","scale":1,"scaleLabel":"F1","lengthMiles":0,"widthYards":33,"deaths":0,"injuries":0,"propertyDamage":25000,"cropDamage":0,"source":"","dataSource":"PUB"}},{"type":"Feature","geometry":{"type":"LineString","coordinates":[[-87.25,40.45],[-87.25,40.52]]},"properties":{"id":"ncei-1973-10019383","eventId":"10019383","episodeId":"","year":1973,"month":6,"date":"1973-06-12","beginTime":"1973-06-12T15:00:00","endTime":"1973-06-12T15:00:00","timezone":"CST","state":"IN","stateName":"Indiana","county":"Warren","countyFips":"171","wfo":"","scale":1,"scaleLabel":"F1","lengthMiles":4.6,"widthYards":50,"deaths":0,"injuries":0,"propertyDamage":25000,"cropDamage":0,"source":"","dataSource":"PUB"}},{"type":"Feature","geometry":{"type":"LineString","coordinates":[[-86.6,41.05],[-86.6,41.05]]},"properties":{"id":"ncei-1973-10019385","eventId":"10019385","episodeId":"","year":1973,"month":6,"date":"1973-06-16","beginTime":"1973-06-16T13:12:00","endTime":"1973-06-16T13:12:00","timezone":"CST","state":"IN","stateName":"Indiana","county":"Pulaski","countyFips":"131","wfo":"","scale":1,"scaleLabel":"F1","lengthMiles":1,"widthYards":50,"deaths":0,"injuries":0,"propertyDamage":250000,"cropDamage":0,"source":"","dataSource":"PUB"}},{"type":"Feature","geometry":{"type":"LineString","coordinates":[[-85.57,38.4],[-85.57,38.4]]},"properties":{"id":"ncei-1973-10019391","eventId":"10019391","episodeId":"","year":1973,"month":6,"date":"1973-06-16","beginTime":"1973-06-16T19:10:00","endTime":"1973-06-16T19:10:00","timezone":"CST","state":"IN","stateName":"Indiana","county":"Clark","countyFips":"19","wfo":"","scale":1,"scaleLabel":"F1","lengthMiles":0.1,"widthYards":20,"deaths":0,"injuries":0,"propertyDamage":25000,"cropDamage":0,"source":"","dataSource":"PUB"}},{"type":"Feature","geometry":{"type":"LineString","coordinates":[[-85.95,39.38],[-85.95,39.38]]},"properties":{"id":"ncei-1973-10019392","eventId":"10019392","episodeId":"","year":1973,"month":6,"date":"1973-06-17","beginTime":"1973-06-17T01:30:00","endTime":"1973-06-17T01:30:00","timezone":"CST","state":"IN","stateName":"Indiana","county":"Bartholomew","countyFips":"5","wfo":"","scale":2,"scaleLabel":"F2","lengthMiles":0.3,"widthYards":50,"deaths":0,"injuries":0,"propertyDamage":25000,"cropDamage":0,"source":"","dataSource":"PUB"}},{"type":"Feature","geometry":{"type":"LineString","coordinates":[[-85.67,39.33],[-85.6,39.37]]},"properties":{"id":"ncei-1973-10019393","eventId":"10019393","episodeId":"","year":1973,"month":6,"date":"1973-06-19","beginTime":"1973-06-19T16:45:00","endTime":"1973-06-19T16:45:00","timezone":"CST","state":"IN","stateName":"Indiana","county":"Decatur","countyFips":"31","wfo":"","scale":2,"scaleLabel":"F2","lengthMiles":4.1,"widthYards":50,"deaths":0,"injuries":0,"propertyDamage":25000,"cropDamage":0,"source":"","dataSource":"PUB"}},{"type":"Feature","geometry":{"type":"LineString","coordinates":[[-85.92,38.65],[-85.92,38.65]]},"properties":{"id":"ncei-1973-10019394","eventId":"10019394","episodeId":"","year":1973,"month":6,"date":"1973-06-20","beginTime":"1973-06-20T18:00:00","endTime":"1973-06-20T18:00:00","timezone":"CST","state":"IN","stateName":"Indiana","county":"Daviess","countyFips":"27","wfo":"","scale":1,"scaleLabel":"F1","lengthMiles":0.1,"widthYards":30,"deaths":0,"injuries":0,"propertyDamage":25000,"cropDamage":0,"source":"","dataSource":"PUB"}},{"type":"Feature","geometry":{"type":"LineString","coordinates":[[-100.97,38],[-100.83,37.98]]},"properties":{"id":"ncei-1973-10020187","eventId":"10020187","episodeId":"","year":1973,"month":6,"date":"1973-06-28","beginTime":"1973-06-28T00:01:00","endTime":"1973-06-28T00:01:00","timezone":"CST","state":"KS","stateName":"Kansas","county":"Finney","countyFips":"55","wfo":"","scale":2,"scaleLabel":"F2","lengthMiles":7.2,"widthYards":60,"deaths":0,"injuries":0,"propertyDamage":250000,"cropDamage":0,"source":"","dataSource":"PUB"}},{"type":"Feature","geometry":{"type":"LineString","coordinates":[[-96.2,37.12],[-96.2,37.12]]},"properties":{"id":"ncei-1973-10020255","eventId":"10020255","episodeId":"","year":1973,"month":9,"date":"1973-09-24","beginTime":"1973-09-24T17:02:00","endTime":"1973-09-24T17:02:00","timezone":"CST","state":"KS","stateName":"Kansas","county":"Chautauqua","countyFips":"19","wfo":"","scale":1,"scaleLabel":"F1","lengthMiles":5,"widthYards":150,"deaths":0,"injuries":0,"propertyDamage":25000,"cropDamage":0,"source":"","dataSource":"PUB"}},{"type":"Feature","geometry":{"type":"LineString","coordinates":[[-95.92,37.43],[-95.58,37.58]]},"properties":{"id":"ncei-1973-10020256","eventId":"10020256","episodeId":"","year":1973,"month":9,"date":"1973-09-24","beginTime":"1973-09-24T17:05:00","endTime":"1973-09-24T17:05:00","timezone":"CST","state":"KS","stateName":"Kansas","county":"Wilson","countyFips":"205","wfo":"","scale":1,"scaleLabel":"F1","lengthMiles":20.9,"widthYards":100,"deaths":0,"injuries":0,"propertyDamage":250000,"cropDamage":0,"source":"","dataSource":"PUB"}},{"type":"Feature","geometry":{"type":"LineString","coordinates":[[-95.05,37.95],[-94.97,38.03]]},"properties":{"id":"ncei-1973-10020258","eventId":"10020258","episodeId":"","year":1973,"month":9,"date":"1973-09-24","beginTime":"1973-09-24T19:00:00","endTime":"1973-09-24T19:00:00","timezone":"CST","state":"KS","stateName":"Kansas","county":"Bourbon","countyFips":"11","wfo":"","scale":2,"scaleLabel":"F2","lengthMiles":7.2,"widthYards":60,"deaths":0,"injuries":0,"propertyDamage":250000,"cropDamage":0,"source":"","dataSource":"PUB"}},{"type":"Feature","geometry":{"type":"LineString","coordinates":[[-94.87,37.52],[-94.87,37.52]]},"properties":{"id":"ncei-1973-10020260","eventId":"10020260","episodeId":"","year":1973,"month":9,"date":"1973-09-24","beginTime":"1973-09-24T20:04:00","endTime":"1973-09-24T20:04:00","timezone":"CST","state":"KS","stateName":"Kansas","county":"Crawford","countyFips":"37","wfo":"","scale":1,"scaleLabel":"F1","lengthMiles":2,"widthYards":100,"deaths":0,"injuries":0,"propertyDamage":25000,"cropDamage":0,"source":"","dataSource":"PUB"}},{"type":"Feature","geometry":{"type":"LineString","coordinates":[[-97.82,38.53],[-97.82,38.53]]},"properties":{"id":"ncei-1973-10020261","eventId":"10020261","episodeId":"","year":1973,"month":9,"date":"1973-09-25","beginTime":"1973-09-25T14:30:00","endTime":"1973-09-25T14:30:00","timezone":"CST","state":"KS","stateName":"Kansas","county":"Mcpherson","countyFips":"113","wfo":"","scale":2,"scaleLabel":"F2","lengthMiles":0,"widthYards":33,"deaths":0,"injuries":0,"propertyDamage":250000,"cropDamage":0,"source":"","dataSource":"PUB"}},{"type":"Feature","geometry":{"type":"LineString","coordinates":[[-98.02,38.35],[-97.77,38.62]]},"properties":{"id":"ncei-1973-10020262","eventId":"10020262","episodeId":"","year":1973,"month":9,"date":"1973-09-25","beginTime":"1973-09-25T15:05:00","endTime":"1973-09-25T15:05:00","timezone":"CST","state":"KS","stateName":"Kansas","county":"Rice","countyFips":"159","wfo":"","scale":3,"scaleLabel":"F3","lengthMiles":22.7,"widthYards":100,"deaths":0,"injuries":0,"propertyDamage":25000000,"cropDamage":0,"source":"","dataSource":"PUB"}},{"type":"Feature","geometry":{"type":"LineString","coordinates":[[-97.77,38.62],[-97.47,38.97]]},"properties":{"id":"ncei-1973-10020263","eventId":"10020263","episodeId":"","year":1973,"month":9,"date":"1973-09-25","beginTime":"1973-09-25T16:15:00","endTime":"1973-09-25T16:15:00","timezone":"CST","state":"KS","stateName":"Kansas","county":"Saline","countyFips":"169","wfo":"","scale":3,"scaleLabel":"F3","lengthMiles":29,"widthYards":100,"deaths":0,"injuries":6,"propertyDamage":25000000,"cropDamage":0,"source":"","dataSource":"PUB"}},{"type":"Feature","geometry":{"type":"LineString","coordinates":[[-97.58,39.05],[-97.37,39.3]]},"properties":{"id":"ncei-1973-10020264","eventId":"10020264","episodeId":"","year":1973,"month":9,"date":"1973-09-25","beginTime":"1973-09-25T16:20:00","endTime":"1973-09-25T16:20:00","timezone":"CST","state":"KS","stateName":"Kansas","county":"Ottawa","countyFips":"143","wfo":"","scale":3,"scaleLabel":"F3","lengthMiles":20.7,"widthYards":67,"deaths":0,"injuries":2,"propertyDamage":25000000,"cropDamage":0,"source":"","dataSource":"PUB"}},{"type":"Feature","geometry":{"type":"LineString","coordinates":[[-97.6,39.3],[-97.55,39.35]]},"properties":{"id":"ncei-1973-10020265","eventId":"10020265","episodeId":"","year":1973,"month":9,"date":"1973-09-25","beginTime":"1973-09-25T16:30:00","endTime":"1973-09-25T16:30:00","timezone":"CST","state":"KS","stateName":"Kansas","county":"Cloud","countyFips":"29","wfo":"","scale":2,"scaleLabel":"F2","lengthMiles":4.3,"widthYards":67,"deaths":0,"injuries":0,"propertyDamage":250000,"cropDamage":0,"source":"","dataSource":"PUB"}},{"type":"Feature","geometry":{"type":"LineString","coordinates":[[-97.47,38.97],[-97.37,39.08]]},"properties":{"id":"ncei-1973-10020266","eventId":"10020266","episodeId":"","year":1973,"month":9,"date":"1973-09-25","beginTime":"1973-09-25T16:30:00","endTime":"1973-09-25T16:30:00","timezone":"CST","state":"KS","stateName":"Kansas","county":"Ottawa","countyFips":"143","wfo":"","scale":3,"scaleLabel":"F3","lengthMiles":9.4,"widthYards":100,"deaths":1,"injuries":2,"propertyDamage":25000000,"cropDamage":0,"source":"","dataSource":"PUB"}},{"type":"Feature","geometry":{"type":"LineString","coordinates":[[-97.37,39.08],[-97.3,39.13]]},"properties":{"id":"ncei-1973-10020267","eventId":"10020267","episodeId":"","year":1973,"month":9,"date":"1973-09-25","beginTime":"1973-09-25T17:10:00","endTime":"1973-09-25T17:10:00","timezone":"CST","state":"KS","stateName":"Kansas","county":"Dickinson","countyFips":"41","wfo":"","scale":3,"scaleLabel":"F3","lengthMiles":4.7,"widthYards":100,"deaths":0,"injuries":0,"propertyDamage":25000000,"cropDamage":0,"source":"","dataSource":"PUB"}},{"type":"Feature","geometry":{"type":"LineString","coordinates":[[-97.37,39.3],[-96.87,39.9]]},"properties":{"id":"ncei-1973-10020269","eventId":"10020269","episodeId":"","year":1973,"month":9,"date":"1973-09-25","beginTime":"1973-09-25T17:15:00","endTime":"1973-09-25T17:15:00","timezone":"CST","state":"KS","stateName":"Kansas","county":"Cloud","countyFips":"29","wfo":"","scale":3,"scaleLabel":"F3","lengthMiles":49.2,"widthYards":67,"deaths":0,"injuries":0,"propertyDamage":25000000,"cropDamage":0,"source":"","dataSource":"PUB"}},{"type":"Feature","geometry":{"type":"LineString","coordinates":[[-100.08,37.1],[-100.1,37.18]]},"properties":{"id":"ncei-1973-10020270","eventId":"10020270","episodeId":"","year":1973,"month":9,"date":"1973-09-25","beginTime":"1973-09-25T17:25:00","endTime":"1973-09-25T17:25:00","timezone":"CST","state":"KS","stateName":"Kansas","county":"Meade","countyFips":"119","wfo":"","scale":3,"scaleLabel":"F3","lengthMiles":5.7,"widthYards":50,"deaths":0,"injuries":0,"propertyDamage":25000,"cropDamage":0,"source":"","dataSource":"PUB"}},{"type":"Feature","geometry":{"type":"LineString","coordinates":[[-99.75,37.62],[-99.65,37.72]]},"properties":{"id":"ncei-1973-10020271","eventId":"10020271","episodeId":"","year":1973,"month":9,"date":"1973-09-25","beginTime":"1973-09-25T17:30:00","endTime":"1973-09-25T17:30:00","timezone":"CST","state":"KS","stateName":"Kansas","county":"Ford","countyFips":"57","wfo":"","scale":3,"scaleLabel":"F3","lengthMiles":8.8,"widthYards":73,"deaths":0,"injuries":0,"propertyDamage":25000,"cropDamage":0,"source":"","dataSource":"PUB"}},{"type":"Feature","geometry":{"type":"LineString","coordinates":[[-97.3,39.13],[-97.12,39.38]]},"properties":{"id":"ncei-1973-10020272","eventId":"10020272","episodeId":"","year":1973,"month":9,"date":"1973-09-25","beginTime":"1973-09-25T17:51:00","endTime":"1973-09-25T17:51:00","timezone":"CST","state":"KS","stateName":"Kansas","county":"Clay","countyFips":"27","wfo":"","scale":3,"scaleLabel":"F3","lengthMiles":19.8,"widthYards":100,"deaths":0,"injuries":20,"propertyDamage":25000000,"cropDamage":0,"source":"","dataSource":"PUB"}},{"type":"Feature","geometry":{"type":"LineString","coordinates":[[-97.12,39.38],[-97.03,39.57]]},"properties":{"id":"ncei-1973-10020273","eventId":"10020273","episodeId":"","year":1973,"month":9,"date":"1973-09-25","beginTime":"1973-09-25T17:51:00","endTime":"1973-09-25T17:51:00","timezone":"CST","state":"KS","stateName":"Kansas","county":"Clay","countyFips":"27","wfo":"","scale":3,"scaleLabel":"F3","lengthMiles":13.3,"widthYards":100,"deaths":0,"injuries":0,"propertyDamage":25000000,"cropDamage":0,"source":"","dataSource":"PUB"}},{"type":"Feature","geometry":{"type":"LineString","coordinates":[[-97.03,39.57],[-96.97,39.73]]},"properties":{"id":"ncei-1973-10020274","eventId":"10020274","episodeId":"","year":1973,"month":9,"date":"1973-09-25","beginTime":"1973-09-25T18:25:00","endTime":"1973-09-25T18:25:00","timezone":"CST","state":"KS","stateName":"Kansas","county":"Washington","countyFips":"201","wfo":"","scale":3,"scaleLabel":"F3","lengthMiles":11.9,"widthYards":100,"deaths":2,"injuries":6,"propertyDamage":25000000,"cropDamage":0,"source":"","dataSource":"PUB"}},{"type":"Feature","geometry":{"type":"LineString","coordinates":[[-99.3,37.8],[-99.1,38.02]]},"properties":{"id":"ncei-1973-10020275","eventId":"10020275","episodeId":"","year":1973,"month":9,"date":"1973-09-25","beginTime":"1973-09-25T18:30:00","endTime":"1973-09-25T18:30:00","timezone":"CST","state":"KS","stateName":"Kansas","county":"Edwards","countyFips":"47","wfo":"","scale":3,"scaleLabel":"F3","lengthMiles":18.5,"widthYards":60,"deaths":0,"injuries":0,"propertyDamage":250000,"cropDamage":0,"source":"","dataSource":"PUB"}},{"type":"Feature","geometry":{"type":"LineString","coordinates":[[-99.52,37.13],[-98.9,37.82]]},"properties":{"id":"ncei-1973-10020276","eventId":"10020276","episodeId":"","year":1973,"month":9,"date":"1973-09-25","beginTime":"1973-09-25T18:35:00","endTime":"1973-09-25T18:35:00","timezone":"CST","state":"KS","stateName":"Kansas","county":"Comanche","countyFips":"33","wfo":"","scale":3,"scaleLabel":"F3","lengthMiles":58,"widthYards":80,"deaths":0,"injuries":0,"propertyDamage":250000,"cropDamage":0,"source":"","dataSource":"PUB"}},{"type":"Feature","geometry":{"type":"LineString","coordinates":[[-96.97,39.73],[-96.78,40]]},"properties":{"id":"ncei-1973-10020277","eventId":"10020277","episodeId":"","year":1973,"month":9,"date":"1973-09-25","beginTime":"1973-09-25T18:52:00","endTime":"1973-09-25T18:52:00","timezone":"CST","state":"KS","stateName":"Kansas","county":"Marshall","countyFips":"117","wfo":"","scale":3,"scaleLabel":"F3","lengthMiles":20.7,"widthYards":100,"deaths":0,"injuries":0,"propertyDamage":25000000,"cropDamage":0,"source":"","dataSource":"PUB"}},{"type":"Feature","geometry":{"type":"LineString","coordinates":[[-98.97,39.73],[-98.55,39.98]]},"properties":{"id":"ncei-1973-10020278","eventId":"10020278","episodeId":"","year":1973,"month":9,"date":"1973-09-25","beginTime":"1973-09-25T20:10:00","endTime":"1973-09-25T20:10:00","timezone":"CST","state":"KS","stateName":"Kansas","county":"Smith","countyFips":"183","wfo":"","scale":2,"scaleLabel":"F2","lengthMiles":27.9,"widthYards":80,"deaths":0,"injuries":0,"propertyDamage":25000,"cropDamage":0,"source":"","dataSource":"PUB"}},{"type":"Feature","geometry":{"type":"LineString","coordinates":[[-97.33,39.48],[-97.25,39.55]]},"properties":{"id":"ncei-1973-10020285","eventId":"10020285","episodeId":"","year":1973,"month":9,"date":"1973-09-25","beginTime":"1973-09-25T23:30:00","endTime":"1973-09-25T23:30:00","timezone":"CST","state":"KS","stateName":"Kansas","county":"Clay","countyFips":"27","wfo":"","scale":2,"scaleLabel":"F2","lengthMiles":5.9,"widthYards":67,"deaths":0,"injuries":0,"propertyDamage":250000,"cropDamage":0,"source":"","dataSource":"PUB"}},{"type":"Feature","geometry":{"type":"LineString","coordinates":[[-97.08,39.35],[-97.08,39.35]]},"properties":{"id":"ncei-1973-10020286","eventId":"10020286","episodeId":"","year":1973,"month":9,"date":"1973-09-26","beginTime":"1973-09-26T02:00:00","endTime":"1973-09-26T02:00:00","timezone":"CST","state":"KS","stateName":"Kansas","county":"Clay","countyFips":"27","wfo":"","scale":2,"scaleLabel":"F2","lengthMiles":2.5,"widthYards":33,"deaths":0,"injuries":0,"propertyDamage":250000,"cropDamage":0,"source":"","dataSource":"PUB"}},{"type":"Feature","geometry":{"type":"LineString","coordinates":[[-94.8,37.3],[-94.8,37.3]]},"properties":{"id":"ncei-1973-10020287","eventId":"10020287","episodeId":"","year":1973,"month":9,"date":"1973-09-27","beginTime":"1973-09-27T15:18:00","endTime":"1973-09-27T15:18:00","timezone":"CST","state":"KS","stateName":"Kansas","county":"Cherokee","countyFips":"21","wfo":"","scale":1,"scaleLabel":"F1","lengthMiles":0.5,"widthYards":100,"deaths":0,"injuries":0,"propertyDamage":25000,"cropDamage":0,"source":"","dataSource":"PUB"}},{"type":"Feature","geometry":{"type":"LineString","coordinates":[[-95.03,37.82],[-95.03,37.82]]},"properties":{"id":"ncei-1973-10020288","eventId":"10020288","episodeId":"","year":1973,"month":9,"date":"1973-09-27","beginTime":"1973-09-27T17:00:00","endTime":"1973-09-27T17:00:00","timezone":"CST","state":"KS","stateName":"Kansas","county":"Bourbon","countyFips":"11","wfo":"","scale":2,"scaleLabel":"F2","lengthMiles":0,"widthYards":33,"deaths":0,"injuries":0,"propertyDamage":250000,"cropDamage":0,"source":"","dataSource":"PUB"}},{"type":"Feature","geometry":{"type":"LineString","coordinates":[[-98,37.3],[-98,37.3]]},"properties":{"id":"ncei-1973-10020294","eventId":"10020294","episodeId":"","year":1973,"month":10,"date":"1973-10-11","beginTime":"1973-10-11T01:00:00","endTime":"1973-10-11T01:00:00","timezone":"CST","state":"KS","stateName":"Kansas","county":"Harper","countyFips":"77","wfo":"","scale":1,"scaleLabel":"F1","lengthMiles":0.5,"widthYards":100,"deaths":0,"injuries":0,"propertyDamage":25000,"cropDamage":0,"source":"","dataSource":"PUB"}},{"type":"Feature","geometry":{"type":"LineString","coordinates":[[-97.42,37.65],[-97.42,37.65]]},"properties":{"id":"ncei-1973-10020299","eventId":"10020299","episodeId":"","year":1973,"month":10,"date":"1973-10-11","beginTime":"1973-10-11T16:30:00","endTime":"1973-10-11T16:30:00","timezone":"CST","state":"KS","stateName":"Kansas","county":"Sedgwick","countyFips":"173","wfo":"","scale":2,"scaleLabel":"F2","lengthMiles":0.7,"widthYards":200,"deaths":0,"injuries":15,"propertyDamage":250000,"cropDamage":0,"source":"","dataSource":"PUB"}},{"type":"Feature","geometry":{"type":"LineString","coordinates":[[-98,37.3],[-98,37.3]]},"properties":{"id":"ncei-1973-10020300","eventId":"10020300","episodeId":"","year":1973,"month":10,"date":"1973-10-18","beginTime":"1973-10-18T02:00:00","endTime":"1973-10-18T02:00:00","timezone":"CST","state":"KS","stateName":"Kansas","county":"Harper","countyFips":"77","wfo":"","scale":1,"scaleLabel":"F1","lengthMiles":0.4,"widthYards":100,"deaths":0,"injuries":0,"propertyDamage":250000,"cropDamage":0,"source":"","dataSource":"PUB"}},{"type":"Feature","geometry":{"type":"LineString","coordinates":[[-97.63,37.7],[-97.63,37.7]]},"properties":{"id":"ncei-1973-10020301","eventId":"10020301","episodeId":"","year":1973,"month":10,"date":"1973-10-25","beginTime":"1973-10-25T02:00:00","endTime":"1973-10-25T02:00:00","timezone":"CST","state":"KS","stateName":"Kansas","county":"Sedgwick","countyFips":"173","wfo":"","scale":1,"scaleLabel":"F1","lengthMiles":0.1,"widthYards":100,"deaths":0,"injuries":0,"propertyDamage":25000,"cropDamage":0,"source":"","dataSource":"PUB"}},{"type":"Feature","geometry":{"type":"LineString","coordinates":[[-100.3,37.32],[-100.3,37.32]]},"properties":{"id":"ncei-1973-10020309","eventId":"10020309","episodeId":"","year":1973,"month":11,"date":"1973-11-19","beginTime":"1973-11-19T16:30:00","endTime":"1973-11-19T16:30:00","timezone":"CST","state":"KS","stateName":"Kansas","county":"Meade","countyFips":"119","wfo":"","scale":1,"scaleLabel":"F1","lengthMiles":0.5,"widthYards":33,"deaths":0,"injuries":0,"propertyDamage":2500,"cropDamage":0,"source":"","dataSource":"PUB"}},{"type":"Feature","geometry":{"type":"LineString","coordinates":[[-98.92,38],[-98.78,38.23]]},"properties":{"id":"ncei-1973-10020311","eventId":"10020311","episodeId":"","year":1973,"month":11,"date":"1973-11-19","beginTime":"1973-11-19T18:15:00","endTime":"1973-11-19T18:15:00","timezone":"CST","state":"KS","stateName":"Kansas","county":"Stafford","countyFips":"185","wfo":"","scale":1,"scaleLabel":"F1","lengthMiles":17.6,"widthYards":60,"deaths":0,"injuries":0,"propertyDamage":250000,"cropDamage":0,"source":"","dataSource":"PUB"}},{"type":"Feature","geometry":{"type":"LineString","coordinates":[[-98.57,38.33],[-98.48,38.5]]},"properties":{"id":"ncei-1973-10020312","eventId":"10020312","episodeId":"","year":1973,"month":11,"date":"1973-11-19","beginTime":"1973-11-19T18:35:00","endTime":"1973-11-19T18:35:00","timezone":"CST","state":"KS","stateName":"Kansas","county":"Barton","countyFips":"9","wfo":"","scale":1,"scaleLabel":"F1","lengthMiles":12.3,"widthYards":50,"deaths":0,"injuries":0,"propertyDamage":250000,"cropDamage":0,"source":"","dataSource":"PUB"}},{"type":"Feature","geometry":{"type":"LineString","coordinates":[[-98.73,38.12],[-98.73,38.12]]},"properties":{"id":"ncei-1973-10020313","eventId":"10020313","episodeId":"","year":1973,"month":11,"date":"1973-11-19","beginTime":"1973-11-19T19:00:00","endTime":"1973-11-19T19:00:00","timezone":"CST","state":"KS","stateName":"Kansas","county":"Stafford","countyFips":"185","wfo":"","scale":1,"scaleLabel":"F1","lengthMiles":0.5,"widthYards":33,"deaths":0,"injuries":0,"propertyDamage":25000,"cropDamage":0,"source":"","dataSource":"PUB"}},{"type":"Feature","geometry":{"type":"LineString","coordinates":[[-98.05,37.85],[-98.05,37.85]]},"properties":{"id":"ncei-1973-10021103","eventId":"10021103","episodeId":"","year":1973,"month":11,"date":"1973-11-19","beginTime":"1973-11-19T20:08:00","endTime":"1973-11-19T20:08:00","timezone":"CST","state":"KS","stateName":"Kansas","county":"Reno","countyFips":"155","wfo":"","scale":0,"scaleLabel":"F0","lengthMiles":0.1,"widthYards":33,"deaths":0,"injuries":0,"propertyDamage":25000,"cropDamage":0,"source":"","dataSource":"PUB"}},{"type":"Feature","geometry":{"type":"LineString","coordinates":[[-97.5,38.4],[-97.5,38.4]]},"properties":{"id":"ncei-1973-10021105","eventId":"10021105","episodeId":"","year":1973,"month":11,"date":"1973-11-19","beginTime":"1973-11-19T20:45:00","endTime":"1973-11-19T20:45:00","timezone":"CST","state":"KS","stateName":"Kansas","county":"Mcpherson","countyFips":"113","wfo":"","scale":0,"scaleLabel":"F0","lengthMiles":0.1,"widthYards":33,"deaths":0,"injuries":0,"propertyDamage":25000,"cropDamage":0,"source":"","dataSource":"PUB"}},{"type":"Feature","geometry":{"type":"LineString","coordinates":[[-95.75,38.28],[-95.75,38.28]]},"properties":{"id":"ncei-1973-10021326","eventId":"10021326","episodeId":"","year":1973,"month":11,"date":"1973-11-20","beginTime":"1973-11-20T00:55:00","endTime":"1973-11-20T00:55:00","timezone":"CST","state":"KS","stateName":"Kansas","county":"Coffey","countyFips":"31","wfo":"","scale":2,"scaleLabel":"F2","lengthMiles":1,"widthYards":33,"deaths":0,"injuries":0,"propertyDamage":250000,"cropDamage":0,"source":"","dataSource":"PUB"}},{"type":"Feature","geometry":{"type":"LineString","coordinates":[[-97.33,39.82],[-97.33,39.82]]},"properties":{"id":"ncei-1973-10021327","eventId":"10021327","episodeId":"","year":1973,"month":11,"date":"1973-11-20","beginTime":"1973-11-20T22:00:00","endTime":"1973-11-20T22:00:00","timezone":"CST","state":"KS","stateName":"Kansas","county":"Washington","countyFips":"201","wfo":"","scale":1,"scaleLabel":"F1","lengthMiles":0.3,"widthYards":20,"deaths":0,"injuries":0,"propertyDamage":25000,"cropDamage":0,"source":"","dataSource":"PUB"}},{"type":"Feature","geometry":{"type":"LineString","coordinates":[[-95.4,37.43],[-95.23,37.57]]},"properties":{"id":"ncei-1973-10022433","eventId":"10022433","episodeId":"","year":1973,"month":3,"date":"1973-03-08","beginTime":"1973-03-08T19:50:00","endTime":"1973-03-08T19:50:00","timezone":"CST","state":"KS","stateName":"Kansas","county":"Neosho","countyFips":"133","wfo":"","scale":2,"scaleLabel":"F2","lengthMiles":12.8,"widthYards":440,"deaths":0,"injuries":1,"propertyDamage":250000,"cropDamage":0,"source":"","dataSource":"PUB"}},{"type":"Feature","geometry":{"type":"LineString","coordinates":[[-95.23,37.57],[-95.08,37.6]]},"properties":{"id":"ncei-1973-10022434","eventId":"10022434","episodeId":"","year":1973,"month":3,"date":"1973-03-08","beginTime":"1973-03-08T20:15:00","endTime":"1973-03-08T20:15:00","timezone":"CST","state":"KS","stateName":"Kansas","county":"Neosho","countyFips":"133","wfo":"","scale":2,"scaleLabel":"F2","lengthMiles":8.4,"widthYards":440,"deaths":0,"injuries":0,"propertyDamage":250000,"cropDamage":0,"source":"","dataSource":"PUB"}},{"type":"Feature","geometry":{"type":"LineString","coordinates":[[-95.08,37.6],[-95.03,37.6]]},"properties":{"id":"ncei-1973-10022435","eventId":"10022435","episodeId":"","year":1973,"month":3,"date":"1973-03-08","beginTime":"1973-03-08T20:30:00","endTime":"1973-03-08T20:30:00","timezone":"CST","state":"KS","stateName":"Kansas","county":"Crawford","countyFips":"37","wfo":"","scale":2,"scaleLabel":"F2","lengthMiles":2.3,"widthYards":440,"deaths":0,"injuries":0,"propertyDamage":250000,"cropDamage":0,"source":"","dataSource":"PUB"}},{"type":"Feature","geometry":{"type":"LineString","coordinates":[[-99.33,37.35],[-99.3,37.38]]},"properties":{"id":"ncei-1973-10022436","eventId":"10022436","episodeId":"","year":1973,"month":3,"date":"1973-03-13","beginTime":"1973-03-13T13:20:00","endTime":"1973-03-13T13:20:00","timezone":"CST","state":"KS","stateName":"Kansas","county":"Comanche","countyFips":"33","wfo":"","scale":2,"scaleLabel":"F2","lengthMiles":2.3,"widthYards":40,"deaths":0,"injuries":0,"propertyDamage":25000,"cropDamage":0,"source":"","dataSource":"PUB"}},{"type":"Feature","geometry":{"type":"LineString","coordinates":[[-101.7,39.33],[-101.7,39.33]]},"properties":{"id":"ncei-1973-10022437","eventId":"10022437","episodeId":"","year":1973,"month":3,"date":"1973-03-13","beginTime":"1973-03-13T15:12:00","endTime":"1973-03-13T15:12:00","timezone":"CST","state":"KS","stateName":"Kansas","county":"Sherman","countyFips":"181","wfo":"","scale":1,"scaleLabel":"F1","lengthMiles":0.1,"widthYards":7,"deaths":0,"injuries":0,"propertyDamage":2500,"cropDamage":0,"source":"","dataSource":"PUB"}},{"type":"Feature","geometry":{"type":"LineString","coordinates":[[-96.97,37],[-96.67,37.45]]},"properties":{"id":"ncei-1973-10022438","eventId":"10022438","episodeId":"","year":1973,"month":3,"date":"1973-03-13","beginTime":"1973-03-13T15:30:00","endTime":"1973-03-13T15:30:00","timezone":"CST","state":"KS","stateName":"Kansas","county":"Cowley","countyFips":"35","wfo":"","scale":2,"scaleLabel":"F2","lengthMiles":35.1,"widthYards":50,"deaths":0,"injuries":0,"propertyDamage":2500000,"cropDamage":0,"source":"","dataSource":"PUB"}},{"type":"Feature","geometry":{"type":"LineString","coordinates":[[-96.12,38.23],[-96.1,38.38]]},"properties":{"id":"ncei-1973-10022440","eventId":"10022440","episodeId":"","year":1973,"month":3,"date":"1973-03-13","beginTime":"1973-03-13T17:00:00","endTime":"1973-03-13T17:00:00","timezone":"CST","state":"KS","stateName":"Kansas","county":"Lyon","countyFips":"111","wfo":"","scale":2,"scaleLabel":"F2","lengthMiles":10.2,"widthYards":220,"deaths":0,"injuries":0,"propertyDamage":25000,"cropDamage":0,"source":"","dataSource":"PUB"}},{"type":"Feature","geometry":{"type":"LineString","coordinates":[[-99.28,39.23],[-99.28,39.23]]},"properties":{"id":"ncei-1973-10022441","eventId":"10022441","episodeId":"","year":1973,"month":3,"date":"1973-03-13","beginTime":"1973-03-13T17:10:00","endTime":"1973-03-13T17:10:00","timezone":"CST","state":"KS","stateName":"Kansas","county":"Rooks","countyFips":"163","wfo":"","scale":2,"scaleLabel":"F2","lengthMiles":1,"widthYards":50,"deaths":0,"injuries":0,"propertyDamage":250000,"cropDamage":0,"source":"","dataSource":"PUB"}},{"type":"Feature","geometry":{"type":"LineString","coordinates":[[-98.58,39.58],[-98.55,39.83]]},"properties":{"id":"ncei-1973-10022443","eventId":"10022443","episodeId":"","year":1973,"month":3,"date":"1973-03-13","beginTime":"1973-03-13T18:00:00","endTime":"1973-03-13T18:00:00","timezone":"CST","state":"KS","stateName":"Kansas","county":"Smith","countyFips":"183","wfo":"","scale":2,"scaleLabel":"F2","lengthMiles":17.2,"widthYards":220,"deaths":0,"injuries":0,"propertyDamage":25000,"cropDamage":0,"source":"","dataSource":"PUB"}},{"type":"Feature","geometry":{"type":"LineString","coordinates":[[-94.82,38.88],[-94.82,38.95]]},"properties":{"id":"ncei-1973-10022445","eventId":"10022445","episodeId":"","year":1973,"month":3,"date":"1973-03-13","beginTime":"1973-03-13T18:20:00","endTime":"1973-03-13T18:20:00","timezone":"CST","state":"KS","stateName":"Kansas","county":"Johnson","countyFips":"91","wfo":"","scale":0,"scaleLabel":"F0","lengthMiles":4.6,"widthYards":33,"deaths":0,"injuries":0,"propertyDamage":25000,"cropDamage":0,"source":"","dataSource":"PUB"}},{"type":"Feature","geometry":{"type":"LineString","coordinates":[[-96.15,38.18],[-96.2,38.32]]},"properties":{"id":"ncei-1973-10022447","eventId":"10022447","episodeId":"","year":1973,"month":4,"date":"1973-04-13","beginTime":"1973-04-13T17:00:00","endTime":"1973-04-13T17:00:00","timezone":"CST","state":"KS","stateName":"Kansas","county":"Lyon","countyFips":"111","wfo":"","scale":2,"scaleLabel":"F2","lengthMiles":9.6,"widthYards":333,"deaths":0,"injuries":0,"propertyDamage":2500,"cropDamage":0,"source":"","dataSource":"PUB"}},{"type":"Feature","geometry":{"type":"LineString","coordinates":[[-99.03,39.87],[-99.03,39.93]]},"properties":{"id":"ncei-1973-10022455","eventId":"10022455","episodeId":"","year":1973,"month":4,"date":"1973-04-19","beginTime":"1973-04-19T10:31:00","endTime":"1973-04-19T10:31:00","timezone":"CST","state":"KS","stateName":"Kansas","county":"Smith","countyFips":"183","wfo":"","scale":2,"scaleLabel":"F2","lengthMiles":4.6,"widthYards":100,"deaths":0,"injuries":0,"propertyDamage":2500,"cropDamage":0,"source":"","dataSource":"PUB"}},{"type":"Feature","geometry":{"type":"LineString","coordinates":[[-95.47,39.88],[-95.47,39.88]]},"properties":{"id":"ncei-1973-10022456","eventId":"10022456","episodeId":"","year":1973,"month":4,"date":"1973-04-19","beginTime":"1973-04-19T23:30:00","endTime":"1973-04-19T23:30:00","timezone":"CST","state":"KS","stateName":"Kansas","county":"Brown","countyFips":"13","wfo":"","scale":2,"scaleLabel":"F2","lengthMiles":0.2,"widthYards":100,"deaths":0,"injuries":0,"propertyDamage":0,"cropDamage":0,"source":"","dataSource":"PUB"}},{"type":"Feature","geometry":{"type":"LineString","coordinates":[[-99.45,38.47],[-99.45,38.47]]},"properties":{"id":"ncei-1973-10022467","eventId":"10022467","episodeId":"","year":1973,"month":4,"date":"1973-04-30","beginTime":"1973-04-30T20:45:00","endTime":"1973-04-30T20:45:00","timezone":"CST","state":"KS","stateName":"Kansas","county":"Rush","countyFips":"165","wfo":"","scale":2,"scaleLabel":"F2","lengthMiles":0.2,"widthYards":100,"deaths":0,"injuries":0,"propertyDamage":2500,"cropDamage":0,"source":"","dataSource":"PUB"}},{"type":"Feature","geometry":{"type":"LineString","coordinates":[[-95.23,39.45],[-95.23,39.45]]},"properties":{"id":"ncei-1973-10023548","eventId":"10023548","episodeId":"","year":1973,"month":4,"date":"1973-04-30","beginTime":"1973-04-30T21:30:00","endTime":"1973-04-30T21:30:00","timezone":"CST","state":"KS","stateName":"Kansas","county":"Atchison","countyFips":"5","wfo":"","scale":0,"scaleLabel":"F0","lengthMiles":0,"widthYards":100,"deaths":0,"injuries":0,"propertyDamage":0,"cropDamage":0,"source":"","dataSource":"PUB"}},{"type":"Feature","geometry":{"type":"LineString","coordinates":[[-97.3,37.33],[-97.22,37.43]]},"properties":{"id":"ncei-1973-10023550","eventId":"10023550","episodeId":"","year":1973,"month":4,"date":"1973-04-30","beginTime":"1973-04-30T22:05:00","endTime":"1973-04-30T22:05:00","timezone":"CST","state":"KS","stateName":"Kansas","county":"Sumner","countyFips":"191","wfo":"","scale":1,"scaleLabel":"F1","lengthMiles":8.2,"widthYards":200,"deaths":0,"injuries":0,"propertyDamage":25000,"cropDamage":0,"source":"","dataSource":"PUB"}},{"type":"Feature","geometry":{"type":"LineString","coordinates":[[-95.5,37.7],[-95.45,37.73]]},"properties":{"id":"ncei-1973-10023555","eventId":"10023555","episodeId":"","year":1973,"month":5,"date":"1973-05-01","beginTime":"1973-05-01T00:01:00","endTime":"1973-05-01T00:01:00","timezone":"CST","state":"KS","stateName":"Kansas","county":"Neosho","countyFips":"133","wfo":"","scale":1,"scaleLabel":"F1","lengthMiles":3.6,"widthYards":400,"deaths":0,"injuries":0,"propertyDamage":25000,"cropDamage":0,"source":"","dataSource":"PUB"}},{"type":"Feature","geometry":{"type":"LineString","coordinates":[[-95.67,39.58],[-95.67,39.58]]},"properties":{"id":"ncei-1973-10023565","eventId":"10023565","episodeId":"","year":1973,"month":5,"date":"1973-05-06","beginTime":"1973-05-06T16:30:00","endTime":"1973-05-06T16:30:00","timezone":"CST","state":"KS","stateName":"Kansas","county":"Jackson","countyFips":"85","wfo":"","scale":0,"scaleLabel":"F0","lengthMiles":0.2,"widthYards":133,"deaths":0,"injuries":0,"propertyDamage":0,"cropDamage":0,"source":"","dataSource":"PUB"}},{"type":"Feature","geometry":{"type":"LineString","coordinates":[[-101.62,39.3],[-101.62,39.3]]},"properties":{"id":"ncei-1973-10023566","eventId":"10023566","episodeId":"","year":1973,"month":5,"date":"1973-05-06","beginTime":"1973-05-06T16:50:00","endTime":"1973-05-06T16:50:00","timezone":"CST","state":"KS","stateName":"Kansas","county":"Sherman","countyFips":"181","wfo":"","scale":0,"scaleLabel":"F0","lengthMiles":0.2,"widthYards":133,"deaths":0,"injuries":0,"propertyDamage":0,"cropDamage":0,"source":"","dataSource":"PUB"}},{"type":"Feature","geometry":{"type":"LineString","coordinates":[[-101.63,39.5],[-101.63,39.5]]},"properties":{"id":"ncei-1973-10023567","eventId":"10023567","episodeId":"","year":1973,"month":5,"date":"1973-05-06","beginTime":"1973-05-06T18:10:00","endTime":"1973-05-06T18:10:00","timezone":"CST","state":"KS","stateName":"Kansas","county":"Sherman","countyFips":"181","wfo":"","scale":0,"scaleLabel":"F0","lengthMiles":0.2,"widthYards":133,"deaths":0,"injuries":0,"propertyDamage":0,"cropDamage":0,"source":"","dataSource":"PUB"}},{"type":"Feature","geometry":{"type":"LineString","coordinates":[[-95,37.3],[-95,37.3]]},"properties":{"id":"ncei-1973-10023572","eventId":"10023572","episodeId":"","year":1973,"month":5,"date":"1973-05-11","beginTime":"1973-05-11T05:15:00","endTime":"1973-05-11T05:15:00","timezone":"CST","state":"KS","stateName":"Kansas","county":"Cherokee","countyFips":"21","wfo":"","scale":2,"scaleLabel":"F2","lengthMiles":0,"widthYards":33,"deaths":0,"injuries":0,"propertyDamage":250000,"cropDamage":0,"source":"","dataSource":"PUB"}},{"type":"Feature","geometry":{"type":"LineString","coordinates":[[-95.4,37.6],[-95.4,37.6]]},"properties":{"id":"ncei-1973-10023573","eventId":"10023573","episodeId":"","year":1973,"month":5,"date":"1973-05-11","beginTime":"1973-05-11T06:00:00","endTime":"1973-05-11T06:00:00","timezone":"CDT","state":"KS","stateName":"Kansas","county":"Neosho","countyFips":"133","wfo":"","scale":2,"scaleLabel":"F2","lengthMiles":0,"widthYards":300,"deaths":0,"injuries":0,"propertyDamage":250000,"cropDamage":0,"source":"","dataSource":"PUB"}},{"type":"Feature","geometry":{"type":"LineString","coordinates":[[-101.9,39.53],[-101.9,39.53]]},"properties":{"id":"ncei-1973-10023575","eventId":"10023575","episodeId":"","year":1973,"month":5,"date":"1973-05-21","beginTime":"1973-05-21T18:10:00","endTime":"1973-05-21T18:10:00","timezone":"CST","state":"KS","stateName":"Kansas","county":"Sherman","countyFips":"181","wfo":"","scale":0,"scaleLabel":"F0","lengthMiles":0.1,"widthYards":20,"deaths":0,"injuries":0,"propertyDamage":0,"cropDamage":0,"source":"","dataSource":"PUB"}},{"type":"Feature","geometry":{"type":"LineString","coordinates":[[-97.87,37.8],[-97.8,37.78]]},"properties":{"id":"ncei-1973-10023587","eventId":"10023587","episodeId":"","year":1973,"month":5,"date":"1973-05-26","beginTime":"1973-05-26T14:25:00","endTime":"1973-05-26T14:25:00","timezone":"CST","state":"KS","stateName":"Kansas","county":"Sedgwick","countyFips":"173","wfo":"","scale":1,"scaleLabel":"F1","lengthMiles":3.8,"widthYards":100,"deaths":3,"injuries":0,"propertyDamage":0,"cropDamage":0,"source":"","dataSource":"PUB"}},{"type":"Feature","geometry":{"type":"LineString","coordinates":[[-96.25,37],[-96.25,37]]},"properties":{"id":"ncei-1973-10023588","eventId":"10023588","episodeId":"","year":1973,"month":5,"date":"1973-05-26","beginTime":"1973-05-26T15:00:00","endTime":"1973-05-26T15:00:00","timezone":"CST","state":"KS","stateName":"Kansas","county":"Chautauqua","countyFips":"19","wfo":"","scale":1,"scaleLabel":"F1","lengthMiles":1,"widthYards":200,"deaths":0,"injuries":0,"propertyDamage":2500,"cropDamage":0,"source":"","dataSource":"PUB"}},{"type":"Feature","geometry":{"type":"LineString","coordinates":[[-97.6,37.72],[-97.53,37.75]]},"properties":{"id":"ncei-1973-10023589","eventId":"10023589","episodeId":"","year":1973,"month":5,"date":"1973-05-26","beginTime":"1973-05-26T15:15:00","endTime":"1973-05-26T15:15:00","timezone":"CST","state":"KS","stateName":"Kansas","county":"Sedgwick","countyFips":"173","wfo":"","scale":3,"scaleLabel":"F3","lengthMiles":4.3,"widthYards":400,"deaths":0,"injuries":1,"propertyDamage":250000,"cropDamage":0,"source":"","dataSource":"PUB"}},{"type":"Feature","geometry":{"type":"LineString","coordinates":[[-95.95,37.7],[-95.85,37.73]]},"properties":{"id":"ncei-1973-10023606","eventId":"10023606","episodeId":"","year":1973,"month":6,"date":"1973-06-04","beginTime":"1973-06-04T18:00:00","endTime":"1973-06-04T18:00:00","timezone":"CST","state":"KS","stateName":"Kansas","county":"Greenwood","countyFips":"73","wfo":"","scale":2,"scaleLabel":"F2","lengthMiles":5.9,"widthYards":300,"deaths":0,"injuries":0,"propertyDamage":250000,"cropDamage":0,"source":"","dataSource":"PUB"}},{"type":"Feature","geometry":{"type":"LineString","coordinates":[[-95.2,37.85],[-95.2,37.85]]},"properties":{"id":"ncei-1973-10023607","eventId":"10023607","episodeId":"","year":1973,"month":6,"date":"1973-06-04","beginTime":"1973-06-04T18:40:00","endTime":"1973-06-04T18:40:00","timezone":"CST","state":"KS","stateName":"Kansas","county":"Allen","countyFips":"1","wfo":"","scale":2,"scaleLabel":"F2","lengthMiles":2,"widthYards":200,"deaths":0,"injuries":0,"propertyDamage":25000,"cropDamage":0,"source":"","dataSource":"PUB"}},{"type":"Feature","geometry":{"type":"LineString","coordinates":[[-99.97,37.2],[-99.97,37.2]]},"properties":{"id":"ncei-1973-10024550","eventId":"10024550","episodeId":"","year":1973,"month":8,"date":"1973-08-31","beginTime":"1973-08-31T18:00:00","endTime":"1973-08-31T18:00:00","timezone":"CST","state":"KS","stateName":"Kansas","county":"Clark","countyFips":"25","wfo":"","scale":0,"scaleLabel":"F0","lengthMiles":0.1,"widthYards":3,"deaths":0,"injuries":0,"propertyDamage":0,"cropDamage":0,"source":"","dataSource":"PUB"}},{"type":"Feature","geometry":{"type":"LineString","coordinates":[[-92.3,32.13],[-92.03,32.28]]},"properties":{"id":"ncei-1973-10029829","eventId":"10029829","episodeId":"","year":1973,"month":1,"date":"1973-01-18","beginTime":"1973-01-18T14:15:00","endTime":"1973-01-18T14:15:00","timezone":"CST","state":"LA","stateName":"Louisiana","county":"Caldwell","countyFips":"21","wfo":"","scale":3,"scaleLabel":"F3","lengthMiles":18.7,"widthYards":73,"deaths":1,"injuries":2,"propertyDamage":25000,"cropDamage":0,"source":"","dataSource":"PUB"}},{"type":"Feature","geometry":{"type":"LineString","coordinates":[[-92.03,32.28],[-91.73,32.4]]},"properties":{"id":"ncei-1973-10029830","eventId":"10029830","episodeId":"","year":1973,"month":1,"date":"1973-01-18","beginTime":"1973-01-18T14:15:00","endTime":"1973-01-18T14:15:00","timezone":"CST","state":"LA","stateName":"Louisiana","county":"Richland","countyFips":"83","wfo":"","scale":3,"scaleLabel":"F3","lengthMiles":19.3,"widthYards":73,"deaths":0,"injuries":0,"propertyDamage":25000,"cropDamage":0,"source":"","dataSource":"PUB"}},{"type":"Feature","geometry":{"type":"LineString","coordinates":[[-91.17,32.42],[-91.17,32.42]]},"properties":{"id":"ncei-1973-10029832","eventId":"10029832","episodeId":"","year":1973,"month":1,"date":"1973-01-18","beginTime":"1973-01-18T17:00:00","endTime":"1973-01-18T17:00:00","timezone":"CST","state":"LA","stateName":"Louisiana","county":"Madison","countyFips":"65","wfo":"","scale":2,"scaleLabel":"F2","lengthMiles":0.2,"widthYards":100,"deaths":0,"injuries":4,"propertyDamage":25000,"cropDamage":0,"source":"","dataSource":"PUB"}},{"type":"Feature","geometry":{"type":"LineString","coordinates":[[-93.45,32],[-93.37,32.08]]},"properties":{"id":"ncei-1973-10029833","eventId":"10029833","episodeId":"","year":1973,"month":1,"date":"1973-01-20","beginTime":"1973-01-20T17:45:00","endTime":"1973-01-20T17:45:00","timezone":"CST","state":"LA","stateName":"Louisiana","county":"Red River","countyFips":"81","wfo":"","scale":2,"scaleLabel":"F2","lengthMiles":7.7,"widthYards":100,"deaths":0,"injuries":0,"propertyDamage":25000,"cropDamage":0,"source":"","dataSource":"PUB"}},{"type":"Feature","geometry":{"type":"LineString","coordinates":[[-92.33,30.6],[-92.3,30.7]]},"properties":{"id":"ncei-1973-10029847","eventId":"10029847","episodeId":"","year":1973,"month":3,"date":"1973-03-24","beginTime":"1973-03-24T09:55:00","endTime":"1973-03-24T09:55:00","timezone":"CST","state":"LA","stateName":"Louisiana","county":"Evangeline","countyFips":"39","wfo":"","scale":1,"scaleLabel":"F1","lengthMiles":7.4,"widthYards":50,"deaths":0,"injuries":0,"propertyDamage":250000,"cropDamage":0,"source":"","dataSource":"PUB"}},{"type":"Feature","geometry":{"type":"LineString","coordinates":[[-90.6,30.3],[-90.6,30.3]]},"properties":{"id":"ncei-1973-10029850","eventId":"10029850","episodeId":"","year":1973,"month":3,"date":"1973-03-24","beginTime":"1973-03-24T18:30:00","endTime":"1973-03-24T18:30:00","timezone":"CST","state":"LA","stateName":"Louisiana","county":"Livingston","countyFips":"63","wfo":"","scale":1,"scaleLabel":"F1","lengthMiles":1,"widthYards":50,"deaths":0,"injuries":0,"propertyDamage":25000,"cropDamage":0,"source":"","dataSource":"PUB"}},{"type":"Feature","geometry":{"type":"LineString","coordinates":[[-92.08,31.08],[-92.08,31.08]]},"properties":{"id":"ncei-1973-10029856","eventId":"10029856","episodeId":"","year":1973,"month":4,"date":"1973-04-17","beginTime":"1973-04-17T02:30:00","endTime":"1973-04-17T02:30:00","timezone":"CST","state":"LA","stateName":"Louisiana","county":"Avoyelles","countyFips":"9","wfo":"","scale":1,"scaleLabel":"F1","lengthMiles":1,"widthYards":220,"deaths":0,"injuries":0,"propertyDamage":250000,"cropDamage":0,"source":"","dataSource":"PUB"}},{"type":"Feature","geometry":{"type":"LineString","coordinates":[[-93.67,30.17],[-93.67,30.17]]},"properties":{"id":"ncei-1973-10029857","eventId":"10029857","episodeId":"","year":1973,"month":4,"date":"1973-04-17","beginTime":"1973-04-17T07:32:00","endTime":"1973-04-17T07:32:00","timezone":"CST","state":"LA","stateName":"Louisiana","county":"Calcasieu","countyFips":"19","wfo":"","scale":3,"scaleLabel":"F3","lengthMiles":0.5,"widthYards":10,"deaths":0,"injuries":1,"propertyDamage":25000,"cropDamage":0,"source":"","dataSource":"PUB"}},{"type":"Feature","geometry":{"type":"LineString","coordinates":[[-93.17,30.25],[-93.17,30.25]]},"properties":{"id":"ncei-1973-10029858","eventId":"10029858","episodeId":"","year":1973,"month":4,"date":"1973-04-17","beginTime":"1973-04-17T09:30:00","endTime":"1973-04-17T09:30:00","timezone":"CST","state":"LA","stateName":"Louisiana","county":"Calcasieu","countyFips":"19","wfo":"","scale":3,"scaleLabel":"F3","lengthMiles":0.5,"widthYards":10,"deaths":0,"injuries":0,"propertyDamage":25000,"cropDamage":0,"source":"","dataSource":"PUB"}},{"type":"Feature","geometry":{"type":"LineString","coordinates":[[-92.25,30],[-92.25,30]]},"properties":{"id":"ncei-1973-10029860","eventId":"10029860","episodeId":"","year":1973,"month":4,"date":"1973-04-17","beginTime":"1973-04-17T17:00:00","endTime":"1973-04-17T17:00:00","timezone":"CST","state":"LA","stateName":"Louisiana","county":"Vermilion","countyFips":"113","wfo":"","scale":1,"scaleLabel":"F1","lengthMiles":0.3,"widthYards":50,"deaths":0,"injuries":0,"propertyDamage":2500,"cropDamage":0,"source":"","dataSource":"PUB"}},{"type":"Feature","geometry":{"type":"LineString","coordinates":[[-91.08,30.5],[-91.08,30.5]]},"properties":{"id":"ncei-1973-10029869","eventId":"10029869","episodeId":"","year":1973,"month":4,"date":"1973-04-26","beginTime":"1973-04-26T04:30:00","endTime":"1973-04-26T04:30:00","timezone":"CST","state":"LA","stateName":"Louisiana","county":"East Baton Rouge","countyFips":"33","wfo":"","scale":3,"scaleLabel":"F3","lengthMiles":0.3,"widthYards":70,"deaths":0,"injuries":0,"propertyDamage":25000,"cropDamage":0,"source":"","dataSource":"PUB"}},{"type":"Feature","geometry":{"type":"LineString","coordinates":[[-93.33,32.83],[-93.33,32.83]]},"properties":{"id":"ncei-1973-10029874","eventId":"10029874","episodeId":"","year":1973,"month":5,"date":"1973-05-07","beginTime":"1973-05-07T01:50:00","endTime":"1973-05-07T01:50:00","timezone":"CST","state":"LA","stateName":"Louisiana","county":"Webster","countyFips":"119","wfo":"","scale":2,"scaleLabel":"F2","lengthMiles":0.5,"widthYards":27,"deaths":0,"injuries":2,"propertyDamage":25000,"cropDamage":0,"source":"","dataSource":"PUB"}},{"type":"Feature","geometry":{"type":"LineString","coordinates":[[-89.18,36.55],[-88.57,36.68]]},"properties":{"id":"ncei-1973-10030026","eventId":"10030026","episodeId":"","year":1973,"month":4,"date":"1973-04-19","beginTime":"1973-04-19T13:30:00","endTime":"1973-04-19T13:30:00","timezone":"CST","state":"KY","stateName":"Kentucky","county":"Fulton","countyFips":"75","wfo":"","scale":2,"scaleLabel":"F2","lengthMiles":35.4,"widthYards":33,"deaths":0,"injuries":0,"propertyDamage":25000,"cropDamage":0,"source":"","dataSource":"PUB"}},{"type":"Feature","geometry":{"type":"LineString","coordinates":[[-88.62,37.03],[-88.45,37.02]]},"properties":{"id":"ncei-1973-10030027","eventId":"10030027","episodeId":"","year":1973,"month":4,"date":"1973-04-19","beginTime":"1973-04-19T15:30:00","endTime":"1973-04-19T15:30:00","timezone":"CST","state":"KY","stateName":"Kentucky","county":"Mccracken","countyFips":"145","wfo":"","scale":2,"scaleLabel":"F2","lengthMiles":9.1,"widthYards":33,"deaths":0,"injuries":0,"propertyDamage":25000,"cropDamage":0,"source":"","dataSource":"PUB"}},{"type":"Feature","geometry":{"type":"LineString","coordinates":[[-88.47,36.87],[-88.47,36.87]]},"properties":{"id":"ncei-1973-10030028","eventId":"10030028","episodeId":"","year":1973,"month":4,"date":"1973-04-19","beginTime":"1973-04-19T16:00:00","endTime":"1973-04-19T16:00:00","timezone":"CST","state":"KY","stateName":"Kentucky","county":"Marshall","countyFips":"157","wfo":"","scale":1,"scaleLabel":"F1","lengthMiles":0.1,"widthYards":33,"deaths":0,"injuries":0,"propertyDamage":0,"cropDamage":0,"source":"","dataSource":"PUB"}},{"type":"Feature","geometry":{"type":"LineString","coordinates":[[-87.97,37.65],[-87.97,37.65]]},"properties":{"id":"ncei-1973-10030029","eventId":"10030029","episodeId":"","year":1973,"month":4,"date":"1973-04-19","beginTime":"1973-04-19T16:30:00","endTime":"1973-04-19T16:30:00","timezone":"CST","state":"KY","stateName":"Kentucky","county":"Union","countyFips":"225","wfo":"","scale":2,"scaleLabel":"F2","lengthMiles":0.5,"widthYards":33,"deaths":0,"injuries":0,"propertyDamage":25000,"cropDamage":0,"source":"","dataSource":"PUB"}},{"type":"Feature","geometry":{"type":"LineString","coordinates":[[-86.45,37.02],[-86.45,37.02]]},"properties":{"id":"ncei-1973-10030034","eventId":"10030034","episodeId":"","year":1973,"month":5,"date":"1973-05-10","beginTime":"1973-05-10T10:45:00","endTime":"1973-05-10T10:45:00","timezone":"CST","state":"KY","stateName":"Kentucky","county":"Warren","countyFips":"227","wfo":"","scale":1,"scaleLabel":"F1","lengthMiles":0.1,"widthYards":33,"deaths":0,"injuries":0,"propertyDamage":2500,"cropDamage":0,"source":"","dataSource":"PUB"}},{"type":"Feature","geometry":{"type":"LineString","coordinates":[[-84.43,36.67],[-84.38,36.67]]},"properties":{"id":"ncei-1973-10030036","eventId":"10030036","episodeId":"","year":1973,"month":5,"date":"1973-05-10","beginTime":"1973-05-10T12:00:00","endTime":"1973-05-10T12:00:00","timezone":"CST","state":"KY","stateName":"Kentucky","county":"Mccreary","countyFips":"147","wfo":"","scale":2,"scaleLabel":"F2","lengthMiles":2.7,"widthYards":33,"deaths":0,"injuries":5,"propertyDamage":25000,"cropDamage":0,"source":"","dataSource":"PUB"}},{"type":"Feature","geometry":{"type":"LineString","coordinates":[[-85.2,37.6],[-85.2,37.6]]},"properties":{"id":"ncei-1973-10030051","eventId":"10030051","episodeId":"","year":1973,"month":5,"date":"1973-05-25","beginTime":"1973-05-25T18:00:00","endTime":"1973-05-25T18:00:00","timezone":"CST","state":"KY","stateName":"Kentucky","county":"Marion","countyFips":"155","wfo":"","scale":1,"scaleLabel":"F1","lengthMiles":0.1,"widthYards":33,"deaths":0,"injuries":2,"propertyDamage":25000,"cropDamage":0,"source":"","dataSource":"PUB"}},{"type":"Feature","geometry":{"type":"LineString","coordinates":[[-88,37.55],[-88,37.55]]},"properties":{"id":"ncei-1973-10030055","eventId":"10030055","episodeId":"","year":1973,"month":6,"date":"1973-06-02","beginTime":"1973-06-02T18:30:00","endTime":"1973-06-02T18:30:00","timezone":"CST","state":"KY","stateName":"Kentucky","county":"Union","countyFips":"225","wfo":"","scale":1,"scaleLabel":"F1","lengthMiles":0.5,"widthYards":33,"deaths":0,"injuries":0,"propertyDamage":25000,"cropDamage":0,"source":"","dataSource":"PUB"}},{"type":"Feature","geometry":{"type":"LineString","coordinates":[[-87.55,37.67],[-87.55,37.67]]},"properties":{"id":"ncei-1973-10030078","eventId":"10030078","episodeId":"","year":1973,"month":6,"date":"1973-06-20","beginTime":"1973-06-20T17:00:00","endTime":"1973-06-20T17:00:00","timezone":"CST","state":"KY","stateName":"Kentucky","county":"Henderson","countyFips":"101","wfo":"","scale":1,"scaleLabel":"F1","lengthMiles":1,"widthYards":33,"deaths":0,"injuries":0,"propertyDamage":25000,"cropDamage":0,"source":"","dataSource":"PUB"}},{"type":"Feature","geometry":{"type":"LineString","coordinates":[[-88.45,36.97],[-88.45,36.97]]},"properties":{"id":"ncei-1973-10030079","eventId":"10030079","episodeId":"","year":1973,"month":6,"date":"1973-06-20","beginTime":"1973-06-20T20:00:00","endTime":"1973-06-20T20:00:00","timezone":"CST","state":"KY","stateName":"Kentucky","county":"Warren","countyFips":"227","wfo":"","scale":1,"scaleLabel":"F1","lengthMiles":0.6,"widthYards":33,"deaths":0,"injuries":0,"propertyDamage":2500,"cropDamage":0,"source":"","dataSource":"PUB"}},{"type":"Feature","geometry":{"type":"LineString","coordinates":[[-91.75,32.48],[-91.7,32.62]]},"properties":{"id":"ncei-1973-10030374","eventId":"10030374","episodeId":"","year":1973,"month":12,"date":"1973-12-03","beginTime":"1973-12-03T23:45:00","endTime":"1973-12-03T23:45:00","timezone":"CST","state":"LA","stateName":"Louisiana","county":"Richland","countyFips":"83","wfo":"","scale":2,"scaleLabel":"F2","lengthMiles":9.7,"widthYards":50,"deaths":0,"injuries":23,"propertyDamage":2500000,"cropDamage":0,"source":"","dataSource":"PUB"}},{"type":"Feature","geometry":{"type":"LineString","coordinates":[[-91.75,32.62],[-91.57,32.97]]},"properties":{"id":"ncei-1973-10030375","eventId":"10030375","episodeId":"","year":1973,"month":12,"date":"1973-12-03","beginTime":"1973-12-03T23:45:00","endTime":"1973-12-03T23:45:00","timezone":"CST","state":"LA","stateName":"Louisiana","county":"Morehouse","countyFips":"67","wfo":"","scale":2,"scaleLabel":"F2","lengthMiles":26.4,"widthYards":50,"deaths":0,"injuries":0,"propertyDamage":2500000,"cropDamage":0,"source":"","dataSource":"PUB"}},{"type":"Feature","geometry":{"type":"LineString","coordinates":[[-91.17,30.47],[-90.57,30.7]]},"properties":{"id":"ncei-1973-10030378","eventId":"10030378","episodeId":"","year":1973,"month":12,"date":"1973-12-04","beginTime":"1973-12-04T01:10:00","endTime":"1973-12-04T01:10:00","timezone":"CST","state":"LA","stateName":"Louisiana","county":"East Baton Rouge","countyFips":"33","wfo":"","scale":2,"scaleLabel":"F2","lengthMiles":39.1,"widthYards":80,"deaths":0,"injuries":0,"propertyDamage":2500000,"cropDamage":0,"source":"","dataSource":"PUB"}},{"type":"Feature","geometry":{"type":"LineString","coordinates":[[-90.57,30.7],[-90.52,30.72]]},"properties":{"id":"ncei-1973-10030379","eventId":"10030379","episodeId":"","year":1973,"month":12,"date":"1973-12-04","beginTime":"1973-12-04T01:40:00","endTime":"1973-12-04T01:40:00","timezone":"CST","state":"LA","stateName":"Louisiana","county":"Tangipahoa","countyFips":"105","wfo":"","scale":2,"scaleLabel":"F2","lengthMiles":3.6,"widthYards":80,"deaths":0,"injuries":3,"propertyDamage":2500000,"cropDamage":0,"source":"","dataSource":"PUB"}},{"type":"Feature","geometry":{"type":"LineString","coordinates":[[-90.17,30],[-90.17,30]]},"properties":{"id":"ncei-1973-10030666","eventId":"10030666","episodeId":"","year":1973,"month":5,"date":"1973-05-24","beginTime":"1973-05-24T16:00:00","endTime":"1973-05-24T16:00:00","timezone":"CST","state":"LA","stateName":"Louisiana","county":"Jefferson","countyFips":"51","wfo":"","scale":0,"scaleLabel":"F0","lengthMiles":0.1,"widthYards":27,"deaths":0,"injuries":0,"propertyDamage":0,"cropDamage":0,"source":"","dataSource":"PUB"}},{"type":"Feature","geometry":{"type":"LineString","coordinates":[[-91.17,30.67],[-91.17,30.67]]},"properties":{"id":"ncei-1973-10030677","eventId":"10030677","episodeId":"","year":1973,"month":6,"date":"1973-06-07","beginTime":"1973-06-07T14:45:00","endTime":"1973-06-07T14:45:00","timezone":"CST","state":"LA","stateName":"Louisiana","county":"East Baton Rouge","countyFips":"33","wfo":"","scale":0,"scaleLabel":"F0","lengthMiles":0.1,"widthYards":10,"deaths":0,"injuries":0,"propertyDamage":0,"cropDamage":0,"source":"","dataSource":"PUB"}},{"type":"Feature","geometry":{"type":"LineString","coordinates":[[-93.58,30.33],[-93.58,30.33]]},"properties":{"id":"ncei-1973-10030683","eventId":"10030683","episodeId":"","year":1973,"month":6,"date":"1973-06-20","beginTime":"1973-06-20T15:10:00","endTime":"1973-06-20T15:10:00","timezone":"CST","state":"LA","stateName":"Louisiana","county":"Calcasieu","countyFips":"19","wfo":"","scale":0,"scaleLabel":"F0","lengthMiles":0.2,"widthYards":23,"deaths":0,"injuries":0,"propertyDamage":0,"cropDamage":0,"source":"","dataSource":"PUB"}},{"type":"Feature","geometry":{"type":"LineString","coordinates":[[-92.35,29.73],[-92.35,29.73]]},"properties":{"id":"ncei-1973-10030690","eventId":"10030690","episodeId":"","year":1973,"month":7,"date":"1973-07-23","beginTime":"1973-07-23T11:12:00","endTime":"1973-07-23T11:12:00","timezone":"CST","state":"LA","stateName":"Louisiana","county":"Vermilion","countyFips":"113","wfo":"","scale":0,"scaleLabel":"F0","lengthMiles":1,"widthYards":10,"deaths":0,"injuries":0,"propertyDamage":0,"cropDamage":0,"source":"","dataSource":"PUB"}},{"type":"Feature","geometry":{"type":"LineString","coordinates":[[-91.7,32.07],[-91.62,32.08]]},"properties":{"id":"ncei-1973-10030691","eventId":"10030691","episodeId":"","year":1973,"month":9,"date":"1973-09-04","beginTime":"1973-09-04T16:15:00","endTime":"1973-09-04T16:15:00","timezone":"CST","state":"LA","stateName":"Louisiana","county":"Franklin","countyFips":"41","wfo":"","scale":1,"scaleLabel":"F1","lengthMiles":5.4,"widthYards":100,"deaths":0,"injuries":0,"propertyDamage":2500,"cropDamage":0,"source":"","dataSource":"PUB"}},{"type":"Feature","geometry":{"type":"LineString","coordinates":[[-91.25,31.52],[-91.27,31.55]]},"properties":{"id":"ncei-1973-10030692","eventId":"10030692","episodeId":"","year":1973,"month":9,"date":"1973-09-05","beginTime":"1973-09-05T15:00:00","endTime":"1973-09-05T15:00:00","timezone":"CST","state":"LA","stateName":"Louisiana","county":"Madison","countyFips":"65","wfo":"","scale":2,"scaleLabel":"F2","lengthMiles":2.7,"widthYards":100,"deaths":0,"injuries":4,"propertyDamage":25000,"cropDamage":0,"source":"","dataSource":"PUB"}},{"type":"Feature","geometry":{"type":"LineString","coordinates":[[-91.27,31.55],[-91.38,31.9]]},"properties":{"id":"ncei-1973-10030693","eventId":"10030693","episodeId":"","year":1973,"month":9,"date":"1973-09-05","beginTime":"1973-09-05T15:10:00","endTime":"1973-09-05T15:10:00","timezone":"CST","state":"LA","stateName":"Louisiana","county":"East Carroll","countyFips":"35","wfo":"","scale":2,"scaleLabel":"F2","lengthMiles":25.1,"widthYards":100,"deaths":0,"injuries":0,"propertyDamage":25000,"cropDamage":0,"source":"","dataSource":"PUB"}},{"type":"Feature","geometry":{"type":"LineString","coordinates":[[-92.45,30.43],[-92.33,30.5]]},"properties":{"id":"ncei-1973-10030694","eventId":"10030694","episodeId":"","year":1973,"month":9,"date":"1973-09-11","beginTime":"1973-09-11T13:30:00","endTime":"1973-09-11T13:30:00","timezone":"CST","state":"LA","stateName":"Louisiana","county":"Acadia","countyFips":"1","wfo":"","scale":0,"scaleLabel":"F0","lengthMiles":8.5,"widthYards":50,"deaths":0,"injuries":0,"propertyDamage":0,"cropDamage":0,"source":"","dataSource":"PUB"}},{"type":"Feature","geometry":{"type":"LineString","coordinates":[[-92,29.9],[-91.93,29.93]]},"properties":{"id":"ncei-1973-10030695","eventId":"10030695","episodeId":"","year":1973,"month":9,"date":"1973-09-12","beginTime":"1973-09-12T16:15:00","endTime":"1973-09-12T16:15:00","timezone":"CST","state":"LA","stateName":"Louisiana","county":"Vermilion","countyFips":"113","wfo":"","scale":1,"scaleLabel":"F1","lengthMiles":4.9,"widthYards":50,"deaths":0,"injuries":4,"propertyDamage":25000,"cropDamage":0,"source":"","dataSource":"PUB"}},{"type":"Feature","geometry":{"type":"LineString","coordinates":[[-91.08,29.83],[-90.98,29.83]]},"properties":{"id":"ncei-1973-10030696","eventId":"10030696","episodeId":"","year":1973,"month":9,"date":"1973-09-12","beginTime":"1973-09-12T19:30:00","endTime":"1973-09-12T19:30:00","timezone":"CST","state":"LA","stateName":"Louisiana","county":"Assumption","countyFips":"7","wfo":"","scale":2,"scaleLabel":"F2","lengthMiles":6.2,"widthYards":50,"deaths":0,"injuries":3,"propertyDamage":250000,"cropDamage":0,"source":"","dataSource":"PUB"}},{"type":"Feature","geometry":{"type":"LineString","coordinates":[[-92.2,30],[-92.2,30]]},"properties":{"id":"ncei-1973-10030699","eventId":"10030699","episodeId":"","year":1973,"month":10,"date":"1973-10-31","beginTime":"1973-10-31T03:00:00","endTime":"1973-10-31T03:00:00","timezone":"CST","state":"LA","stateName":"Louisiana","county":"Vermilion","countyFips":"113","wfo":"","scale":1,"scaleLabel":"F1","lengthMiles":2,"widthYards":50,"deaths":0,"injuries":0,"propertyDamage":25000,"cropDamage":0,"source":"","dataSource":"PUB"}},{"type":"Feature","geometry":{"type":"LineString","coordinates":[[-92.97,30.82],[-92.57,30.95]]},"properties":{"id":"ncei-1973-10030700","eventId":"10030700","episodeId":"","year":1973,"month":11,"date":"1973-11-20","beginTime":"1973-11-20T11:23:00","endTime":"1973-11-20T11:23:00","timezone":"EDT","state":"LA","stateName":"Louisiana","county":"Allen","countyFips":"3","wfo":"","scale":1,"scaleLabel":"F1","lengthMiles":25.4,"widthYards":100,"deaths":0,"injuries":0,"propertyDamage":25000,"cropDamage":0,"source":"","dataSource":"PUB"}},{"type":"Feature","geometry":{"type":"LineString","coordinates":[[-93.38,30.72],[-92.97,30.82]]},"properties":{"id":"ncei-1973-10030701","eventId":"10030701","episodeId":"","year":1973,"month":11,"date":"1973-11-20","beginTime":"1973-11-20T11:25:00","endTime":"1973-11-20T11:25:00","timezone":"CST","state":"LA","stateName":"Louisiana","county":"Beauregard","countyFips":"11","wfo":"","scale":1,"scaleLabel":"F1","lengthMiles":25.6,"widthYards":100,"deaths":0,"injuries":1,"propertyDamage":25000,"cropDamage":0,"source":"","dataSource":"PUB"}},{"type":"Feature","geometry":{"type":"LineString","coordinates":[[-91.83,32.92],[-91.83,32.92]]},"properties":{"id":"ncei-1973-10030702","eventId":"10030702","episodeId":"","year":1973,"month":11,"date":"1973-11-20","beginTime":"1973-11-20T13:35:00","endTime":"1973-11-20T13:35:00","timezone":"CST","state":"LA","stateName":"Louisiana","county":"Morehouse","countyFips":"67","wfo":"","scale":1,"scaleLabel":"F1","lengthMiles":1,"widthYards":200,"deaths":0,"injuries":0,"propertyDamage":2500000,"cropDamage":0,"source":"","dataSource":"PUB"}},{"type":"Feature","geometry":{"type":"LineString","coordinates":[[-91.67,31.58],[-91.67,31.58]]},"properties":{"id":"ncei-1973-10030703","eventId":"10030703","episodeId":"","year":1973,"month":11,"date":"1973-11-20","beginTime":"1973-11-20T15:00:00","endTime":"1973-11-20T15:00:00","timezone":"CST","state":"LA","stateName":"Louisiana","county":"Concordia","countyFips":"29","wfo":"","scale":0,"scaleLabel":"F0","lengthMiles":1.5,"widthYards":100,"deaths":0,"injuries":0,"propertyDamage":2500,"cropDamage":0,"source":"","dataSource":"PUB"}},{"type":"Feature","geometry":{"type":"LineString","coordinates":[[-91.92,32.75],[-91.92,32.75]]},"properties":{"id":"ncei-1973-10030706","eventId":"10030706","episodeId":"","year":1973,"month":11,"date":"1973-11-24","beginTime":"1973-11-24T20:50:00","endTime":"1973-11-24T20:50:00","timezone":"CST","state":"LA","stateName":"Louisiana","county":"Morehouse","countyFips":"67","wfo":"","scale":0,"scaleLabel":"F0","lengthMiles":0.3,"widthYards":50,"deaths":0,"injuries":0,"propertyDamage":2500,"cropDamage":0,"source":"","dataSource":"PUB"}},{"type":"Feature","geometry":{"type":"LineString","coordinates":[[-91.42,31.83],[-91.42,31.83]]},"properties":{"id":"ncei-1973-10030710","eventId":"10030710","episodeId":"","year":1973,"month":11,"date":"1973-11-27","beginTime":"1973-11-27T12:28:00","endTime":"1973-11-27T12:28:00","timezone":"CST","state":"LA","stateName":"Louisiana","county":"Tensas","countyFips":"107","wfo":"","scale":0,"scaleLabel":"F0","lengthMiles":2,"widthYards":60,"deaths":0,"injuries":0,"propertyDamage":0,"cropDamage":0,"source":"","dataSource":"PUB"}},{"type":"Feature","geometry":{"type":"LineString","coordinates":[[-93.5,31.5],[-93.5,31.5]]},"properties":{"id":"ncei-1973-10030711","eventId":"10030711","episodeId":"","year":1973,"month":11,"date":"1973-11-27","beginTime":"1973-11-27T13:00:00","endTime":"1973-11-27T13:00:00","timezone":"CST","state":"LA","stateName":"Louisiana","county":"Sabine","countyFips":"85","wfo":"","scale":0,"scaleLabel":"F0","lengthMiles":0,"widthYards":33,"deaths":0,"injuries":0,"propertyDamage":0,"cropDamage":0,"source":"","dataSource":"PUB"}},{"type":"Feature","geometry":{"type":"LineString","coordinates":[[-93.28,30.83],[-93.28,30.83]]},"properties":{"id":"ncei-1973-10030714","eventId":"10030714","episodeId":"","year":1973,"month":12,"date":"1973-12-03","beginTime":"1973-12-03T21:15:00","endTime":"1973-12-03T21:15:00","timezone":"CST","state":"LA","stateName":"Louisiana","county":"Beauregard","countyFips":"11","wfo":"","scale":2,"scaleLabel":"F2","lengthMiles":1.5,"widthYards":100,"deaths":0,"injuries":5,"propertyDamage":2500000,"cropDamage":0,"source":"","dataSource":"PUB"}},{"type":"Feature","geometry":{"type":"LineString","coordinates":[[-84.5,37.47],[-84.5,37.47]]},"properties":{"id":"ncei-1973-10031145","eventId":"10031145","episodeId":"","year":1973,"month":6,"date":"1973-06-27","beginTime":"1973-06-27T13:00:00","endTime":"1973-06-27T13:00:00","timezone":"CST","state":"KY","stateName":"Kentucky","county":"Lincoln","countyFips":"137","wfo":"","scale":1,"scaleLabel":"F1","lengthMiles":0.9,"widthYards":33,"deaths":0,"injuries":0,"propertyDamage":2500,"cropDamage":0,"source":"","dataSource":"PUB"}},{"type":"Feature","geometry":{"type":"LineString","coordinates":[[-84.08,38.28],[-84.08,38.28]]},"properties":{"id":"ncei-1973-10031146","eventId":"10031146","episodeId":"","year":1973,"month":6,"date":"1973-06-27","beginTime":"1973-06-27T13:00:00","endTime":"1973-06-27T13:00:00","timezone":"CST","state":"KY","stateName":"Kentucky","county":"Shelby","countyFips":"211","wfo":"","scale":1,"scaleLabel":"F1","lengthMiles":0.8,"widthYards":33,"deaths":0,"injuries":0,"propertyDamage":2500,"cropDamage":0,"source":"","dataSource":"PUB"}},{"type":"Feature","geometry":{"type":"LineString","coordinates":[[-85.12,37.28],[-85.12,37.28]]},"properties":{"id":"ncei-1973-10031147","eventId":"10031147","episodeId":"","year":1973,"month":6,"date":"1973-06-27","beginTime":"1973-06-27T15:30:00","endTime":"1973-06-27T15:30:00","timezone":"CST","state":"KY","stateName":"Kentucky","county":"Hart","countyFips":"99","wfo":"","scale":1,"scaleLabel":"F1","lengthMiles":0.8,"widthYards":33,"deaths":0,"injuries":2,"propertyDamage":25000,"cropDamage":0,"source":"","dataSource":"PUB"}},{"type":"Feature","geometry":{"type":"LineString","coordinates":[[-84.08,37.13],[-84.08,37.13]]},"properties":{"id":"ncei-1973-10031150","eventId":"10031150","episodeId":"","year":1973,"month":6,"date":"1973-06-29","beginTime":"1973-06-29T14:29:00","endTime":"1973-06-29T14:29:00","timezone":"CST","state":"KY","stateName":"Kentucky","county":"Laurel","countyFips":"125","wfo":"","scale":3,"scaleLabel":"F3","lengthMiles":0.5,"widthYards":100,"deaths":0,"injuries":2,"propertyDamage":250000,"cropDamage":0,"source":"","dataSource":"PUB"}},{"type":"Feature","geometry":{"type":"LineString","coordinates":[[-86.63,36.67],[-86.63,36.67]]},"properties":{"id":"ncei-1973-10031160","eventId":"10031160","episodeId":"","year":1973,"month":7,"date":"1973-07-22","beginTime":"1973-07-22T15:00:00","endTime":"1973-07-22T15:00:00","timezone":"CST","state":"KY","stateName":"Kentucky","county":"Simpson","countyFips":"213","wfo":"","scale":1,"scaleLabel":"F1","lengthMiles":0.4,"widthYards":33,"deaths":0,"injuries":0,"propertyDamage":25000,"cropDamage":0,"source":"","dataSource":"PUB"}},{"type":"Feature","geometry":{"type":"LineString","coordinates":[[-84.7,39],[-84.7,39]]},"properties":{"id":"ncei-1973-10031170","eventId":"10031170","episodeId":"","year":1973,"month":9,"date":"1973-09-29","beginTime":"1973-09-29T11:45:00","endTime":"1973-09-29T11:45:00","timezone":"CST","state":"KY","stateName":"Kentucky","county":"Boone","countyFips":"15","wfo":"","scale":2,"scaleLabel":"F2","lengthMiles":0.5,"widthYards":33,"deaths":0,"injuries":0,"propertyDamage":250000,"cropDamage":0,"source":"","dataSource":"PUB"}},{"type":"Feature","geometry":{"type":"LineString","coordinates":[[-85.33,38.58],[-85.33,38.58]]},"properties":{"id":"ncei-1973-10031176","eventId":"10031176","episodeId":"","year":1973,"month":11,"date":"1973-11-25","beginTime":"1973-11-25T04:00:00","endTime":"1973-11-25T04:00:00","timezone":"CST","state":"KY","stateName":"Kentucky","county":"Trimble","countyFips":"223","wfo":"","scale":1,"scaleLabel":"F1","lengthMiles":0.5,"widthYards":33,"deaths":0,"injuries":0,"propertyDamage":25000,"cropDamage":0,"source":"","dataSource":"PUB"}},{"type":"Feature","geometry":{"type":"LineString","coordinates":[[-84.38,38.87],[-84.38,38.87]]},"properties":{"id":"ncei-1973-10031179","eventId":"10031179","episodeId":"","year":1973,"month":11,"date":"1973-11-25","beginTime":"1973-11-25T04:45:00","endTime":"1973-11-25T04:45:00","timezone":"CST","state":"KY","stateName":"Kentucky","county":"Campbell","countyFips":"37","wfo":"","scale":1,"scaleLabel":"F1","lengthMiles":4,"widthYards":33,"deaths":0,"injuries":2,"propertyDamage":25000,"cropDamage":0,"source":"","dataSource":"PUB"}},{"type":"Feature","geometry":{"type":"LineString","coordinates":[[-88.32,36.62],[-88.32,36.62]]},"properties":{"id":"ncei-1973-10031181","eventId":"10031181","episodeId":"","year":1973,"month":11,"date":"1973-11-26","beginTime":"1973-11-26T06:15:00","endTime":"1973-11-26T06:15:00","timezone":"CST","state":"KY","stateName":"Kentucky","county":"Calloway","countyFips":"35","wfo":"","scale":1,"scaleLabel":"F1","lengthMiles":0.6,"widthYards":33,"deaths":0,"injuries":2,"propertyDamage":250000,"cropDamage":0,"source":"","dataSource":"PUB"}},{"type":"Feature","geometry":{"type":"LineString","coordinates":[[-83.02,42.33],[-82.9,42.32]]},"properties":{"id":"ncei-1973-10038342","eventId":"10038342","episodeId":"","year":1973,"month":8,"date":"1973-08-01","beginTime":"1973-08-01T14:45:00","endTime":"1973-08-01T14:45:00","timezone":"CST","state":"MI","stateName":"Michigan","county":"Wayne","countyFips":"163","wfo":"","scale":0,"scaleLabel":"F0","lengthMiles":5.2,"widthYards":33,"deaths":0,"injuries":0,"propertyDamage":0,"cropDamage":0,"source":"","dataSource":"PUB"}},{"type":"Feature","geometry":{"type":"LineString","coordinates":[[-82.9,42.32],[-82.75,42.28]]},"properties":{"id":"ncei-1973-10038343","eventId":"10038343","episodeId":"","year":1973,"month":8,"date":"1973-08-01","beginTime":"1973-08-01T15:40:00","endTime":"1973-08-01T15:40:00","timezone":"CST","state":"MI","stateName":"Michigan","county":"Wayne","countyFips":"163","wfo":"","scale":0,"scaleLabel":"F0","lengthMiles":7.3,"widthYards":33,"deaths":0,"injuries":0,"propertyDamage":0,"cropDamage":0,"source":"","dataSource":"PUB"}},{"type":"Feature","geometry":{"type":"LineString","coordinates":[[-84.92,43.17],[-84.85,43.18]]},"properties":{"id":"ncei-1973-10038344","eventId":"10038344","episodeId":"","year":1973,"month":8,"date":"1973-08-08","beginTime":"1973-08-08T19:30:00","endTime":"1973-08-08T19:30:00","timezone":"CST","state":"MI","stateName":"Michigan","county":"Montcalm","countyFips":"117","wfo":"","scale":1,"scaleLabel":"F1","lengthMiles":1.9,"widthYards":30,"deaths":0,"injuries":6,"propertyDamage":25000,"cropDamage":0,"source":"","dataSource":"PUB"}},{"type":"Feature","geometry":{"type":"LineString","coordinates":[[-87.97,46.4],[-87.97,46.4]]},"properties":{"id":"ncei-1973-10038569","eventId":"10038569","episodeId":"","year":1973,"month":8,"date":"1973-08-19","beginTime":"1973-08-19T15:00:00","endTime":"1973-08-19T15:00:00","timezone":"CST","state":"MI","stateName":"Michigan","county":"Marquette","countyFips":"103","wfo":"","scale":1,"scaleLabel":"F1","lengthMiles":0.5,"widthYards":33,"deaths":0,"injuries":0,"propertyDamage":2500,"cropDamage":0,"source":"","dataSource":"PUB"}},{"type":"Feature","geometry":{"type":"LineString","coordinates":[[-85.45,41.83],[-85.45,41.83]]},"properties":{"id":"ncei-1973-10038575","eventId":"10038575","episodeId":"","year":1973,"month":8,"date":"1973-08-19","beginTime":"1973-08-19T23:30:00","endTime":"1973-08-19T23:30:00","timezone":"CST","state":"MI","stateName":"Michigan","county":"St. Joseph","countyFips":"149","wfo":"","scale":1,"scaleLabel":"F1","lengthMiles":0,"widthYards":33,"deaths":0,"injuries":0,"propertyDamage":2500,"cropDamage":0,"source":"","dataSource":"PUB"}},{"type":"Feature","geometry":{"type":"LineString","coordinates":[[-72.5,42.55],[-72.42,42.57]]},"properties":{"id":"ncei-1973-10039877","eventId":"10039877","episodeId":"","year":1973,"month":8,"date":"1973-08-02","beginTime":"1973-08-02T09:20:00","endTime":"1973-08-02T09:20:00","timezone":"CST","state":"MA","stateName":"Massachusetts","county":"Franklin","countyFips":"11","wfo":"","scale":0,"scaleLabel":"F0","lengthMiles":3.3,"widthYards":33,"deaths":0,"injuries":0,"propertyDamage":0,"cropDamage":0,"source":"","dataSource":"PUB"}},{"type":"Feature","geometry":{"type":"LineString","coordinates":[[-73.42,42.37],[-73.38,42.27]]},"properties":{"id":"ncei-1973-10039885","eventId":"10039885","episodeId":"","year":1973,"month":8,"date":"1973-08-28","beginTime":"1973-08-28T11:40:00","endTime":"1973-08-28T11:40:00","timezone":"CST","state":"MA","stateName":"Massachusetts","county":"Berkshire","countyFips":"3","wfo":"","scale":4,"scaleLabel":"F4","lengthMiles":6.4,"widthYards":313,"deaths":4,"injuries":36,"propertyDamage":25000000,"cropDamage":0,"source":"","dataSource":"PUB"}},{"type":"Feature","geometry":{"type":"LineString","coordinates":[[-71.2,42.1],[-71.2,42.1]]},"properties":{"id":"ncei-1973-10039896","eventId":"10039896","episodeId":"","year":1973,"month":9,"date":"1973-09-06","beginTime":"1973-09-06T11:15:00","endTime":"1973-09-06T11:15:00","timezone":"CST","state":"MA","stateName":"Massachusetts","county":"Norfolk","countyFips":"21","wfo":"","scale":1,"scaleLabel":"F1","lengthMiles":1.1,"widthYards":33,"deaths":0,"injuries":0,"propertyDamage":25000,"cropDamage":0,"source":"","dataSource":"PUB"}},{"type":"Feature","geometry":{"type":"LineString","coordinates":[[-76.92,38.62],[-76.92,38.62]]},"properties":{"id":"ncei-1973-10040396","eventId":"10040396","episodeId":"","year":1973,"month":4,"date":"1973-04-01","beginTime":"1973-04-01T19:00:00","endTime":"1973-04-01T19:00:00","timezone":"CST","state":"MD","stateName":"Maryland","county":"Charles","countyFips":"17","wfo":"","scale":1,"scaleLabel":"F1","lengthMiles":0.5,"widthYards":20,"deaths":0,"injuries":0,"propertyDamage":25000,"cropDamage":0,"source":"","dataSource":"PUB"}},{"type":"Feature","geometry":{"type":"LineString","coordinates":[[-76.58,39.33],[-76.58,39.33]]},"properties":{"id":"ncei-1973-10040401","eventId":"10040401","episodeId":"","year":1973,"month":6,"date":"1973-06-16","beginTime":"1973-06-16T15:50:00","endTime":"1973-06-16T15:50:00","timezone":"CST","state":"MD","stateName":"Maryland","county":"Baltimore","countyFips":"5","wfo":"","scale":2,"scaleLabel":"F2","lengthMiles":0,"widthYards":33,"deaths":0,"injuries":4,"propertyDamage":25000,"cropDamage":0,"source":"","dataSource":"PUB"}},{"type":"Feature","geometry":{"type":"LineString","coordinates":[[-76.2,39.53],[-76.18,39.55]]},"properties":{"id":"ncei-1973-10040402","eventId":"10040402","episodeId":"","year":1973,"month":6,"date":"1973-06-16","beginTime":"1973-06-16T16:50:00","endTime":"1973-06-16T16:50:00","timezone":"CST","state":"MD","stateName":"Maryland","county":"Harford","countyFips":"25","wfo":"","scale":1,"scaleLabel":"F1","lengthMiles":0,"widthYards":33,"deaths":0,"injuries":0,"propertyDamage":2500,"cropDamage":0,"source":"","dataSource":"PUB"}},{"type":"Feature","geometry":{"type":"LineString","coordinates":[[-79.02,39.67],[-78.95,39.68]]},"properties":{"id":"ncei-1973-10040405","eventId":"10040405","episodeId":"","year":1973,"month":6,"date":"1973-06-28","beginTime":"1973-06-28T14:50:00","endTime":"1973-06-28T14:50:00","timezone":"CST","state":"MD","stateName":"Maryland","county":"Garrett","countyFips":"23","wfo":"","scale":1,"scaleLabel":"F1","lengthMiles":3.6,"widthYards":33,"deaths":0,"injuries":0,"propertyDamage":2500,"cropDamage":0,"source":"","dataSource":"PUB"}},{"type":"Feature","geometry":{"type":"LineString","coordinates":[[-83.12,43.03],[-83.1,43.07]]},"properties":{"id":"ncei-1973-10041600","eventId":"10041600","episodeId":"","year":1973,"month":4,"date":"1973-04-01","beginTime":"1973-04-01T14:55:00","endTime":"1973-04-01T14:55:00","timezone":"CST","state":"MI","stateName":"Michigan","county":"Lapeer","countyFips":"87","wfo":"","scale":1,"scaleLabel":"F1","lengthMiles":0,"widthYards":67,"deaths":0,"injuries":0,"propertyDamage":0,"cropDamage":0,"source":"","dataSource":"PUB"}},{"type":"Feature","geometry":{"type":"LineString","coordinates":[[-84.72,44.6],[-84.72,44.6]]},"properties":{"id":"ncei-1973-10041602","eventId":"10041602","episodeId":"","year":1973,"month":5,"date":"1973-05-20","beginTime":"1973-05-20T19:00:00","endTime":"1973-05-20T19:00:00","timezone":"CST","state":"MI","stateName":"Michigan","county":"Crawford","countyFips":"39","wfo":"","scale":2,"scaleLabel":"F2","lengthMiles":0,"widthYards":33,"deaths":0,"injuries":0,"propertyDamage":0,"cropDamage":0,"source":"","dataSource":"PUB"}},{"type":"Feature","geometry":{"type":"LineString","coordinates":[[-84.9,43.52],[-84.9,43.52]]},"properties":{"id":"ncei-1973-10041603","eventId":"10041603","episodeId":"","year":1973,"month":5,"date":"1973-05-25","beginTime":"1973-05-25T16:43:00","endTime":"1973-05-25T16:43:00","timezone":"CST","state":"MI","stateName":"Michigan","county":"Isabella","countyFips":"73","wfo":"","scale":1,"scaleLabel":"F1","lengthMiles":0.3,"widthYards":17,"deaths":0,"injuries":0,"propertyDamage":25000,"cropDamage":0,"source":"","dataSource":"PUB"}},{"type":"Feature","geometry":{"type":"LineString","coordinates":[[-84.73,44.37],[-84.73,44.37]]},"properties":{"id":"ncei-1973-10041606","eventId":"10041606","episodeId":"","year":1973,"month":5,"date":"1973-05-25","beginTime":"1973-05-25T19:00:00","endTime":"1973-05-25T19:00:00","timezone":"CST","state":"MI","stateName":"Michigan","county":"Roscommon","countyFips":"143","wfo":"","scale":2,"scaleLabel":"F2","lengthMiles":0,"widthYards":33,"deaths":0,"injuries":0,"propertyDamage":0,"cropDamage":0,"source":"","dataSource":"PUB"}},{"type":"Feature","geometry":{"type":"LineString","coordinates":[[-85.5,42.6],[-85.5,42.6]]},"properties":{"id":"ncei-1973-10041609","eventId":"10041609","episodeId":"","year":1973,"month":5,"date":"1973-05-27","beginTime":"1973-05-27T19:10:00","endTime":"1973-05-27T19:10:00","timezone":"CST","state":"MI","stateName":"Michigan","county":"Barry","countyFips":"15","wfo":"","scale":0,"scaleLabel":"F0","lengthMiles":0,"widthYards":13,"deaths":0,"injuries":0,"propertyDamage":0,"cropDamage":0,"source":"","dataSource":"PUB"}},{"type":"Feature","geometry":{"type":"LineString","coordinates":[[-85.18,42.9],[-85.18,42.9]]},"properties":{"id":"ncei-1973-10041610","eventId":"10041610","episodeId":"","year":1973,"month":5,"date":"1973-05-27","beginTime":"1973-05-27T22:00:00","endTime":"1973-05-27T22:00:00","timezone":"CST","state":"MI","stateName":"Michigan","county":"Ionia","countyFips":"67","wfo":"","scale":1,"scaleLabel":"F1","lengthMiles":0.2,"widthYards":133,"deaths":0,"injuries":0,"propertyDamage":2500,"cropDamage":0,"source":"","dataSource":"PUB"}},{"type":"Feature","geometry":{"type":"LineString","coordinates":[[-83.77,43.35],[-83.53,43.27]]},"properties":{"id":"ncei-1973-10041611","eventId":"10041611","episodeId":"","year":1973,"month":6,"date":"1973-06-01","beginTime":"1973-06-01T16:15:00","endTime":"1973-06-01T16:15:00","timezone":"CST","state":"MI","stateName":"Michigan","county":"Saginaw","countyFips":"145","wfo":"","scale":1,"scaleLabel":"F1","lengthMiles":12.8,"widthYards":30,"deaths":0,"injuries":0,"propertyDamage":250000,"cropDamage":0,"source":"","dataSource":"PUB"}},{"type":"Feature","geometry":{"type":"LineString","coordinates":[[-83.78,43],[-83.78,43]]},"properties":{"id":"ncei-1973-10041612","eventId":"10041612","episodeId":"","year":1973,"month":6,"date":"1973-06-03","beginTime":"1973-06-03T14:30:00","endTime":"1973-06-03T14:30:00","timezone":"CST","state":"MI","stateName":"Michigan","county":"Shiawassee","countyFips":"155","wfo":"","scale":0,"scaleLabel":"F0","lengthMiles":0.2,"widthYards":33,"deaths":0,"injuries":0,"propertyDamage":2500,"cropDamage":0,"source":"","dataSource":"PUB"}},{"type":"Feature","geometry":{"type":"LineString","coordinates":[[-83.83,43.08],[-83.83,43.08]]},"properties":{"id":"ncei-1973-10041613","eventId":"10041613","episodeId":"","year":1973,"month":6,"date":"1973-06-03","beginTime":"1973-06-03T15:15:00","endTime":"1973-06-03T15:15:00","timezone":"CST","state":"MI","stateName":"Michigan","county":"Genesee","countyFips":"49","wfo":"","scale":0,"scaleLabel":"F0","lengthMiles":0.3,"widthYards":33,"deaths":0,"injuries":1,"propertyDamage":2500,"cropDamage":0,"source":"","dataSource":"PUB"}},{"type":"Feature","geometry":{"type":"LineString","coordinates":[[-83.68,43.08],[-83.68,43.08]]},"properties":{"id":"ncei-1973-10041614","eventId":"10041614","episodeId":"","year":1973,"month":6,"date":"1973-06-03","beginTime":"1973-06-03T15:30:00","endTime":"1973-06-03T15:30:00","timezone":"CST","state":"MI","stateName":"Michigan","county":"Genesee","countyFips":"49","wfo":"","scale":0,"scaleLabel":"F0","lengthMiles":0,"widthYards":33,"deaths":0,"injuries":0,"propertyDamage":0,"cropDamage":0,"source":"","dataSource":"PUB"}},{"type":"Feature","geometry":{"type":"LineString","coordinates":[[-84.32,43.57],[-84.32,43.57]]},"properties":{"id":"ncei-1973-10041615","eventId":"10041615","episodeId":"","year":1973,"month":6,"date":"1973-06-03","beginTime":"1973-06-03T15:30:00","endTime":"1973-06-03T15:30:00","timezone":"CST","state":"MI","stateName":"Michigan","county":"Midland","countyFips":"111","wfo":"","scale":0,"scaleLabel":"F0","lengthMiles":0,"widthYards":33,"deaths":0,"injuries":0,"propertyDamage":25000,"cropDamage":0,"source":"","dataSource":"PUB"}},{"type":"Feature","geometry":{"type":"LineString","coordinates":[[-83.3,42.08],[-83.3,42.08]]},"properties":{"id":"ncei-1973-10041621","eventId":"10041621","episodeId":"","year":1973,"month":6,"date":"1973-06-12","beginTime":"1973-06-12T15:10:00","endTime":"1973-06-12T15:10:00","timezone":"CST","state":"MI","stateName":"Michigan","county":"Monroe","countyFips":"115","wfo":"","scale":0,"scaleLabel":"F0","lengthMiles":0.1,"widthYards":40,"deaths":0,"injuries":0,"propertyDamage":25000,"cropDamage":0,"source":"","dataSource":"PUB"}},{"type":"Feature","geometry":{"type":"LineString","coordinates":[[-84.63,41.93],[-84.63,41.93]]},"properties":{"id":"ncei-1973-10041622","eventId":"10041622","episodeId":"","year":1973,"month":6,"date":"1973-06-12","beginTime":"1973-06-12T16:30:00","endTime":"1973-06-12T16:30:00","timezone":"CST","state":"MI","stateName":"Michigan","county":"Hillsdale","countyFips":"59","wfo":"","scale":0,"scaleLabel":"F0","lengthMiles":0,"widthYards":33,"deaths":0,"injuries":0,"propertyDamage":0,"cropDamage":0,"source":"","dataSource":"PUB"}},{"type":"Feature","geometry":{"type":"LineString","coordinates":[[-83.93,42.02],[-83.93,42.02]]},"properties":{"id":"ncei-1973-10041624","eventId":"10041624","episodeId":"","year":1973,"month":6,"date":"1973-06-16","beginTime":"1973-06-16T18:05:00","endTime":"1973-06-16T18:05:00","timezone":"CST","state":"MI","stateName":"Michigan","county":"Lenawee","countyFips":"91","wfo":"","scale":1,"scaleLabel":"F1","lengthMiles":2.5,"widthYards":50,"deaths":0,"injuries":0,"propertyDamage":25000,"cropDamage":0,"source":"","dataSource":"PUB"}},{"type":"Feature","geometry":{"type":"LineString","coordinates":[[-84.07,43.58],[-84.07,43.58]]},"properties":{"id":"ncei-1973-10041630","eventId":"10041630","episodeId":"","year":1973,"month":6,"date":"1973-06-26","beginTime":"1973-06-26T12:00:00","endTime":"1973-06-26T12:00:00","timezone":"CST","state":"MI","stateName":"Michigan","county":"Bay","countyFips":"17","wfo":"","scale":0,"scaleLabel":"F0","lengthMiles":0,"widthYards":33,"deaths":0,"injuries":0,"propertyDamage":0,"cropDamage":0,"source":"","dataSource":"PUB"}},{"type":"Feature","geometry":{"type":"LineString","coordinates":[[-83.97,43.52],[-83.97,43.52]]},"properties":{"id":"ncei-1973-10041631","eventId":"10041631","episodeId":"","year":1973,"month":6,"date":"1973-06-26","beginTime":"1973-06-26T12:25:00","endTime":"1973-06-26T12:25:00","timezone":"CST","state":"MI","stateName":"Michigan","county":"Bay","countyFips":"17","wfo":"","scale":0,"scaleLabel":"F0","lengthMiles":0,"widthYards":33,"deaths":0,"injuries":0,"propertyDamage":0,"cropDamage":0,"source":"","dataSource":"PUB"}},{"type":"Feature","geometry":{"type":"LineString","coordinates":[[-83.98,41.95],[-83.98,41.95]]},"properties":{"id":"ncei-1973-10041633","eventId":"10041633","episodeId":"","year":1973,"month":6,"date":"1973-06-26","beginTime":"1973-06-26T14:25:00","endTime":"1973-06-26T14:25:00","timezone":"CST","state":"MI","stateName":"Michigan","county":"Lenawee","countyFips":"91","wfo":"","scale":0,"scaleLabel":"F0","lengthMiles":0,"widthYards":33,"deaths":0,"injuries":0,"propertyDamage":0,"cropDamage":0,"source":"","dataSource":"PUB"}},{"type":"Feature","geometry":{"type":"LineString","coordinates":[[-83.38,41.92],[-83.38,41.92]]},"properties":{"id":"ncei-1973-10041634","eventId":"10041634","episodeId":"","year":1973,"month":6,"date":"1973-06-26","beginTime":"1973-06-26T14:30:00","endTime":"1973-06-26T14:30:00","timezone":"CST","state":"MI","stateName":"Michigan","county":"Monroe","countyFips":"115","wfo":"","scale":2,"scaleLabel":"F2","lengthMiles":0.2,"widthYards":60,"deaths":0,"injuries":0,"propertyDamage":250000,"cropDamage":0,"source":"","dataSource":"PUB"}},{"type":"Feature","geometry":{"type":"LineString","coordinates":[[-83.4,42.05],[-83.4,42.05]]},"properties":{"id":"ncei-1973-10041636","eventId":"10041636","episodeId":"","year":1973,"month":6,"date":"1973-06-26","beginTime":"1973-06-26T14:45:00","endTime":"1973-06-26T14:45:00","timezone":"CST","state":"MI","stateName":"Michigan","county":"Monroe","countyFips":"115","wfo":"","scale":2,"scaleLabel":"F2","lengthMiles":0.7,"widthYards":67,"deaths":0,"injuries":2,"propertyDamage":250000,"cropDamage":0,"source":"","dataSource":"PUB"}},{"type":"Feature","geometry":{"type":"LineString","coordinates":[[-83.2,42.53],[-83.2,42.53]]},"properties":{"id":"ncei-1973-10041638","eventId":"10041638","episodeId":"","year":1973,"month":6,"date":"1973-06-26","beginTime":"1973-06-26T15:00:00","endTime":"1973-06-26T15:00:00","timezone":"CST","state":"MI","stateName":"Michigan","county":"Oakland","countyFips":"125","wfo":"","scale":2,"scaleLabel":"F2","lengthMiles":0,"widthYards":33,"deaths":0,"injuries":0,"propertyDamage":2500,"cropDamage":0,"source":"","dataSource":"PUB"}},{"type":"Feature","geometry":{"type":"LineString","coordinates":[[-83.23,42.17],[-83.23,42.17]]},"properties":{"id":"ncei-1973-10041639","eventId":"10041639","episodeId":"","year":1973,"month":6,"date":"1973-06-26","beginTime":"1973-06-26T15:02:00","endTime":"1973-06-26T15:02:00","timezone":"CST","state":"MI","stateName":"Michigan","county":"Wayne","countyFips":"163","wfo":"","scale":0,"scaleLabel":"F0","lengthMiles":0,"widthYards":33,"deaths":0,"injuries":0,"propertyDamage":0,"cropDamage":0,"source":"","dataSource":"PUB"}},{"type":"Feature","geometry":{"type":"LineString","coordinates":[[-83.08,42.3],[-83.08,42.3]]},"properties":{"id":"ncei-1973-10041640","eventId":"10041640","episodeId":"","year":1973,"month":6,"date":"1973-06-26","beginTime":"1973-06-26T15:20:00","endTime":"1973-06-26T15:20:00","timezone":"CST","state":"MI","stateName":"Michigan","county":"Wayne","countyFips":"163","wfo":"","scale":0,"scaleLabel":"F0","lengthMiles":0.1,"widthYards":17,"deaths":0,"injuries":0,"propertyDamage":0,"cropDamage":0,"source":"","dataSource":"PUB"}},{"type":"Feature","geometry":{"type":"LineString","coordinates":[[-82.88,43.27],[-82.88,43.27]]},"properties":{"id":"ncei-1973-10041642","eventId":"10041642","episodeId":"","year":1973,"month":6,"date":"1973-06-26","beginTime":"1973-06-26T15:25:00","endTime":"1973-06-26T15:25:00","timezone":"CST","state":"MI","stateName":"Michigan","county":"Sanilac","countyFips":"151","wfo":"","scale":0,"scaleLabel":"F0","lengthMiles":0,"widthYards":33,"deaths":0,"injuries":0,"propertyDamage":0,"cropDamage":0,"source":"","dataSource":"PUB"}},{"type":"Feature","geometry":{"type":"LineString","coordinates":[[-83.25,41.93],[-83.25,41.93]]},"properties":{"id":"ncei-1973-10041645","eventId":"10041645","episodeId":"","year":1973,"month":6,"date":"1973-06-28","beginTime":"1973-06-28T10:45:00","endTime":"1973-06-28T10:45:00","timezone":"CST","state":"MI","stateName":"Michigan","county":"Monroe","countyFips":"115","wfo":"","scale":0,"scaleLabel":"F0","lengthMiles":0,"widthYards":33,"deaths":0,"injuries":0,"propertyDamage":0,"cropDamage":0,"source":"","dataSource":"PUB"}},{"type":"Feature","geometry":{"type":"LineString","coordinates":[[-83.17,42.07],[-83.17,42.07]]},"properties":{"id":"ncei-1973-10041647","eventId":"10041647","episodeId":"","year":1973,"month":6,"date":"1973-06-28","beginTime":"1973-06-28T20:15:00","endTime":"1973-06-28T20:15:00","timezone":"CST","state":"MI","stateName":"Michigan","county":"Wayne","countyFips":"163","wfo":"","scale":0,"scaleLabel":"F0","lengthMiles":0,"widthYards":33,"deaths":0,"injuries":0,"propertyDamage":0,"cropDamage":0,"source":"","dataSource":"PUB"}},{"type":"Feature","geometry":{"type":"LineString","coordinates":[[-84.4,42.45],[-84.4,42.45]]},"properties":{"id":"ncei-1973-10041650","eventId":"10041650","episodeId":"","year":1973,"month":7,"date":"1973-07-02","beginTime":"1973-07-02T15:00:00","endTime":"1973-07-02T15:00:00","timezone":"CST","state":"MI","stateName":"Michigan","county":"Ingham","countyFips":"65","wfo":"","scale":1,"scaleLabel":"F1","lengthMiles":0,"widthYards":33,"deaths":0,"injuries":0,"propertyDamage":2500,"cropDamage":0,"source":"","dataSource":"PUB"}},{"type":"Feature","geometry":{"type":"LineString","coordinates":[[-84.75,43.8],[-84.75,43.8]]},"properties":{"id":"ncei-1973-10041657","eventId":"10041657","episodeId":"","year":1973,"month":7,"date":"1973-07-26","beginTime":"1973-07-26T07:00:00","endTime":"1973-07-26T07:00:00","timezone":"CST","state":"MI","stateName":"Michigan","county":"Isabella","countyFips":"73","wfo":"","scale":1,"scaleLabel":"F1","lengthMiles":0.2,"widthYards":33,"deaths":0,"injuries":0,"propertyDamage":2500,"cropDamage":0,"source":"","dataSource":"PUB"}},{"type":"Feature","geometry":{"type":"LineString","coordinates":[[-87,45.67],[-87,45.67]]},"properties":{"id":"ncei-1973-10041659","eventId":"10041659","episodeId":"","year":1973,"month":7,"date":"1973-07-27","beginTime":"1973-07-27T12:04:00","endTime":"1973-07-27T12:04:00","timezone":"CST","state":"MI","stateName":"Michigan","county":"Delta","countyFips":"41","wfo":"","scale":0,"scaleLabel":"F0","lengthMiles":0,"widthYards":33,"deaths":0,"injuries":0,"propertyDamage":0,"cropDamage":0,"source":"","dataSource":"PUB"}},{"type":"Feature","geometry":{"type":"LineString","coordinates":[[-85.63,42.33],[-85.53,42.35]]},"properties":{"id":"ncei-1973-10041660","eventId":"10041660","episodeId":"","year":1973,"month":7,"date":"1973-07-27","beginTime":"1973-07-27T20:05:00","endTime":"1973-07-27T20:05:00","timezone":"CST","state":"MI","stateName":"Michigan","county":"Kalamazoo","countyFips":"77","wfo":"","scale":0,"scaleLabel":"F0","lengthMiles":4.3,"widthYards":100,"deaths":0,"injuries":1,"propertyDamage":250000,"cropDamage":0,"source":"","dataSource":"PUB"}},{"type":"Feature","geometry":{"type":"LineString","coordinates":[[-84,43.88],[-83.93,43.9]]},"properties":{"id":"ncei-1973-10041663","eventId":"10041663","episodeId":"","year":1973,"month":7,"date":"1973-07-31","beginTime":"1973-07-31T05:20:00","endTime":"1973-07-31T05:20:00","timezone":"CST","state":"MI","stateName":"Michigan","county":"Bay","countyFips":"17","wfo":"","scale":2,"scaleLabel":"F2","lengthMiles":2.3,"widthYards":20,"deaths":0,"injuries":0,"propertyDamage":25000,"cropDamage":0,"source":"","dataSource":"PUB"}},{"type":"Feature","geometry":{"type":"LineString","coordinates":[[-70.23,44.68],[-70.23,44.68]]},"properties":{"id":"ncei-1973-10044871","eventId":"10044871","episodeId":"","year":1973,"month":6,"date":"1973-06-12","beginTime":"1973-06-12T14:00:00","endTime":"1973-06-12T14:00:00","timezone":"CST","state":"ME","stateName":"Maine","county":"Franklin","countyFips":"7","wfo":"","scale":1,"scaleLabel":"F1","lengthMiles":1,"widthYards":100,"deaths":0,"injuries":0,"propertyDamage":25000,"cropDamage":0,"source":"","dataSource":"PUB"}},{"type":"Feature","geometry":{"type":"LineString","coordinates":[[-68.08,46.92],[-68.08,46.92]]},"properties":{"id":"ncei-1973-10044872","eventId":"10044872","episodeId":"","year":1973,"month":6,"date":"1973-06-21","beginTime":"1973-06-21T18:15:00","endTime":"1973-06-21T18:15:00","timezone":"CST","state":"ME","stateName":"Maine","county":"Washington","countyFips":"29","wfo":"","scale":0,"scaleLabel":"F0","lengthMiles":0,"widthYards":33,"deaths":0,"injuries":0,"propertyDamage":0,"cropDamage":0,"source":"","dataSource":"PUB"}},{"type":"Feature","geometry":{"type":"LineString","coordinates":[[-70.5,43.4],[-70.5,43.4]]},"properties":{"id":"ncei-1973-10044880","eventId":"10044880","episodeId":"","year":1973,"month":8,"date":"1973-08-28","beginTime":"1973-08-28T12:30:00","endTime":"1973-08-28T12:30:00","timezone":"CST","state":"ME","stateName":"Maine","county":"York","countyFips":"31","wfo":"","scale":0,"scaleLabel":"F0","lengthMiles":0,"widthYards":33,"deaths":0,"injuries":0,"propertyDamage":0,"cropDamage":0,"source":"","dataSource":"PUB"}},{"type":"Feature","geometry":{"type":"LineString","coordinates":[[-88.72,31.68],[-88.72,31.68]]},"properties":{"id":"ncei-1973-10048137","eventId":"10048137","episodeId":"","year":1973,"month":5,"date":"1973-05-08","beginTime":"1973-05-08T05:00:00","endTime":"1973-05-08T05:00:00","timezone":"CST","state":"MS","stateName":"Mississippi","county":"Wayne","countyFips":"153","wfo":"","scale":1,"scaleLabel":"F1","lengthMiles":0.5,"widthYards":300,"deaths":0,"injuries":0,"propertyDamage":250000,"cropDamage":0,"source":"","dataSource":"PUB"}},{"type":"Feature","geometry":{"type":"LineString","coordinates":[[-89.58,34.58],[-89.58,34.58]]},"properties":{"id":"ncei-1973-10048139","eventId":"10048139","episodeId":"","year":1973,"month":5,"date":"1973-05-11","beginTime":"1973-05-11T13:00:00","endTime":"1973-05-11T13:00:00","timezone":"CST","state":"MS","stateName":"Mississippi","county":"Marshall","countyFips":"93","wfo":"","scale":1,"scaleLabel":"F1","lengthMiles":0,"widthYards":33,"deaths":0,"injuries":2,"propertyDamage":25000,"cropDamage":0,"source":"","dataSource":"PUB"}},{"type":"Feature","geometry":{"type":"LineString","coordinates":[[-89.72,32.7],[-89.72,32.7]]},"properties":{"id":"ncei-1973-10048154","eventId":"10048154","episodeId":"","year":1973,"month":5,"date":"1973-05-23","beginTime":"1973-05-23T17:15:00","endTime":"1973-05-23T17:15:00","timezone":"CST","state":"MS","stateName":"Mississippi","county":"Leake","countyFips":"79","wfo":"","scale":1,"scaleLabel":"F1","lengthMiles":0,"widthYards":33,"deaths":0,"injuries":0,"propertyDamage":2500,"cropDamage":0,"source":"","dataSource":"PUB"}},{"type":"Feature","geometry":{"type":"LineString","coordinates":[[-90.3,32.27],[-90.3,32.27]]},"properties":{"id":"ncei-1973-10048157","eventId":"10048157","episodeId":"","year":1973,"month":5,"date":"1973-05-23","beginTime":"1973-05-23T19:40:00","endTime":"1973-05-23T19:40:00","timezone":"CST","state":"MS","stateName":"Mississippi","county":"Hinds","countyFips":"49","wfo":"","scale":1,"scaleLabel":"F1","lengthMiles":0,"widthYards":33,"deaths":0,"injuries":0,"propertyDamage":2500,"cropDamage":0,"source":"","dataSource":"PUB"}},{"type":"Feature","geometry":{"type":"LineString","coordinates":[[-89.37,31.4],[-89.37,31.4]]},"properties":{"id":"ncei-1973-10048160","eventId":"10048160","episodeId":"","year":1973,"month":5,"date":"1973-05-24","beginTime":"1973-05-24T16:00:00","endTime":"1973-05-24T16:00:00","timezone":"CST","state":"MS","stateName":"Mississippi","county":"Forrest","countyFips":"35","wfo":"","scale":1,"scaleLabel":"F1","lengthMiles":0,"widthYards":33,"deaths":0,"injuries":0,"propertyDamage":2500,"cropDamage":0,"source":"","dataSource":"PUB"}},{"type":"Feature","geometry":{"type":"LineString","coordinates":[[-89.6,30.7],[-89.6,30.7]]},"properties":{"id":"ncei-1973-10048171","eventId":"10048171","episodeId":"","year":1973,"month":5,"date":"1973-05-26","beginTime":"1973-05-26T09:23:00","endTime":"1973-05-26T09:23:00","timezone":"CST","state":"MS","stateName":"Mississippi","county":"Pearl River","countyFips":"109","wfo":"","scale":2,"scaleLabel":"F2","lengthMiles":0,"widthYards":33,"deaths":0,"injuries":4,"propertyDamage":25000,"cropDamage":0,"source":"","dataSource":"PUB"}},{"type":"Feature","geometry":{"type":"LineString","coordinates":[[-89,34.83],[-88.92,34.87]]},"properties":{"id":"ncei-1973-10048173","eventId":"10048173","episodeId":"","year":1973,"month":5,"date":"1973-05-27","beginTime":"1973-05-27T05:00:00","endTime":"1973-05-27T05:00:00","timezone":"CST","state":"MS","stateName":"Mississippi","county":"Benton","countyFips":"9","wfo":"","scale":1,"scaleLabel":"F1","lengthMiles":5.4,"widthYards":100,"deaths":0,"injuries":0,"propertyDamage":25000,"cropDamage":0,"source":"","dataSource":"PUB"}},{"type":"Feature","geometry":{"type":"LineString","coordinates":[[-88.57,34.83],[-88.57,34.83]]},"properties":{"id":"ncei-1973-10048174","eventId":"10048174","episodeId":"","year":1973,"month":5,"date":"1973-05-27","beginTime":"1973-05-27T07:00:00","endTime":"1973-05-27T07:00:00","timezone":"CST","state":"MS","stateName":"Mississippi","county":"Alcorn","countyFips":"3","wfo":"","scale":1,"scaleLabel":"F1","lengthMiles":2,"widthYards":33,"deaths":0,"injuries":0,"propertyDamage":25000,"cropDamage":0,"source":"","dataSource":"PUB"}},{"type":"Feature","geometry":{"type":"LineString","coordinates":[[-88.23,34.2],[-88.23,34.2]]},"properties":{"id":"ncei-1973-10048175","eventId":"10048175","episodeId":"","year":1973,"month":5,"date":"1973-05-27","beginTime":"1973-05-27T10:34:00","endTime":"1973-05-27T10:34:00","timezone":"CST","state":"MS","stateName":"Mississippi","county":"Itawamba","countyFips":"57","wfo":"","scale":1,"scaleLabel":"F1","lengthMiles":0,"widthYards":33,"deaths":0,"injuries":0,"propertyDamage":2500,"cropDamage":0,"source":"","dataSource":"PUB"}},{"type":"Feature","geometry":{"type":"LineString","coordinates":[[-89.13,31.53],[-89,31.72]]},"properties":{"id":"ncei-1973-10048176","eventId":"10048176","episodeId":"","year":1973,"month":5,"date":"1973-05-27","beginTime":"1973-05-27T13:15:00","endTime":"1973-05-27T13:15:00","timezone":"CST","state":"MS","stateName":"Mississippi","county":"Jones","countyFips":"67","wfo":"","scale":3,"scaleLabel":"F3","lengthMiles":15,"widthYards":400,"deaths":1,"injuries":35,"propertyDamage":2500000,"cropDamage":0,"source":"","dataSource":"PUB"}},{"type":"Feature","geometry":{"type":"LineString","coordinates":[[-90.35,32.3],[-90.35,32.3]]},"properties":{"id":"ncei-1973-10048178","eventId":"10048178","episodeId":"","year":1973,"month":5,"date":"1973-05-27","beginTime":"1973-05-27T13:45:00","endTime":"1973-05-27T13:45:00","timezone":"CST","state":"MS","stateName":"Mississippi","county":"Hinds","countyFips":"49","wfo":"","scale":1,"scaleLabel":"F1","lengthMiles":0.5,"widthYards":150,"deaths":0,"injuries":0,"propertyDamage":25000,"cropDamage":0,"source":"","dataSource":"PUB"}},{"type":"Feature","geometry":{"type":"LineString","coordinates":[[-88.58,31.97],[-88.58,31.97]]},"properties":{"id":"ncei-1973-10048181","eventId":"10048181","episodeId":"","year":1973,"month":5,"date":"1973-05-27","beginTime":"1973-05-27T15:00:00","endTime":"1973-05-27T15:00:00","timezone":"CST","state":"MS","stateName":"Mississippi","county":"Clarke","countyFips":"23","wfo":"","scale":2,"scaleLabel":"F2","lengthMiles":3,"widthYards":440,"deaths":0,"injuries":1,"propertyDamage":25000,"cropDamage":0,"source":"","dataSource":"PUB"}},{"type":"Feature","geometry":{"type":"LineString","coordinates":[[-88.82,32.07],[-88.82,32.07]]},"properties":{"id":"ncei-1973-10048182","eventId":"10048182","episodeId":"","year":1973,"month":5,"date":"1973-05-27","beginTime":"1973-05-27T15:00:00","endTime":"1973-05-27T15:00:00","timezone":"CST","state":"MS","stateName":"Mississippi","county":"Clarke","countyFips":"23","wfo":"","scale":2,"scaleLabel":"F2","lengthMiles":0,"widthYards":33,"deaths":0,"injuries":1,"propertyDamage":25000,"cropDamage":0,"source":"","dataSource":"PUB"}},{"type":"Feature","geometry":{"type":"LineString","coordinates":[[-88.63,32.07],[-88.63,32.07]]},"properties":{"id":"ncei-1973-10048183","eventId":"10048183","episodeId":"","year":1973,"month":5,"date":"1973-05-27","beginTime":"1973-05-27T15:00:00","endTime":"1973-05-27T15:00:00","timezone":"CST","state":"MS","stateName":"Mississippi","county":"Clarke","countyFips":"23","wfo":"","scale":2,"scaleLabel":"F2","lengthMiles":0,"widthYards":33,"deaths":0,"injuries":1,"propertyDamage":25000,"cropDamage":0,"source":"","dataSource":"PUB"}},{"type":"Feature","geometry":{"type":"LineString","coordinates":[[-89.48,32.28],[-89.48,32.28]]},"properties":{"id":"ncei-1973-10048184","eventId":"10048184","episodeId":"","year":1973,"month":5,"date":"1973-05-27","beginTime":"1973-05-27T15:20:00","endTime":"1973-05-27T15:20:00","timezone":"CST","state":"MS","stateName":"Mississippi","county":"Lauderdale","countyFips":"75","wfo":"","scale":2,"scaleLabel":"F2","lengthMiles":0,"widthYards":33,"deaths":0,"injuries":3,"propertyDamage":250000,"cropDamage":0,"source":"","dataSource":"PUB"}},{"type":"Feature","geometry":{"type":"LineString","coordinates":[[-89.48,32.28],[-89.48,32.28]]},"properties":{"id":"ncei-1973-10048185","eventId":"10048185","episodeId":"","year":1973,"month":5,"date":"1973-05-27","beginTime":"1973-05-27T17:30:00","endTime":"1973-05-27T17:30:00","timezone":"CST","state":"MS","stateName":"Mississippi","county":"Lauderdale","countyFips":"75","wfo":"","scale":2,"scaleLabel":"F2","lengthMiles":0,"widthYards":33,"deaths":0,"injuries":0,"propertyDamage":250000,"cropDamage":0,"source":"","dataSource":"PUB"}},{"type":"Feature","geometry":{"type":"LineString","coordinates":[[-89.1,32.92],[-89.03,32.93]]},"properties":{"id":"ncei-1973-10048420","eventId":"10048420","episodeId":"","year":1973,"month":1,"date":"1973-01-18","beginTime":"1973-01-18T20:00:00","endTime":"1973-01-18T20:00:00","timezone":"CST","state":"MS","stateName":"Mississippi","county":"Neshoba","countyFips":"99","wfo":"","scale":2,"scaleLabel":"F2","lengthMiles":4.3,"widthYards":400,"deaths":0,"injuries":8,"propertyDamage":250000,"cropDamage":0,"source":"","dataSource":"PUB"}},{"type":"Feature","geometry":{"type":"LineString","coordinates":[[-89.03,32.93],[-88.98,32.93]]},"properties":{"id":"ncei-1973-10048421","eventId":"10048421","episodeId":"","year":1973,"month":1,"date":"1973-01-18","beginTime":"1973-01-18T20:00:00","endTime":"1973-01-18T20:00:00","timezone":"CST","state":"MS","stateName":"Mississippi","county":"Winston","countyFips":"159","wfo":"","scale":2,"scaleLabel":"F2","lengthMiles":3.3,"widthYards":400,"deaths":0,"injuries":0,"propertyDamage":250000,"cropDamage":0,"source":"","dataSource":"PUB"}},{"type":"Feature","geometry":{"type":"LineString","coordinates":[[-89.47,32.8],[-89.43,32.82]]},"properties":{"id":"ncei-1973-10048422","eventId":"10048422","episodeId":"","year":1973,"month":1,"date":"1973-01-18","beginTime":"1973-01-18T20:30:00","endTime":"1973-01-18T20:30:00","timezone":"CST","state":"MS","stateName":"Mississippi","county":"Leake","countyFips":"79","wfo":"","scale":2,"scaleLabel":"F2","lengthMiles":2.7,"widthYards":67,"deaths":0,"injuries":0,"propertyDamage":25000,"cropDamage":0,"source":"","dataSource":"PUB"}},{"type":"Feature","geometry":{"type":"LineString","coordinates":[[-88.83,30.43],[-88.83,30.43]]},"properties":{"id":"ncei-1973-10048429","eventId":"10048429","episodeId":"","year":1973,"month":2,"date":"1973-02-13","beginTime":"1973-02-13T23:59:00","endTime":"1973-02-13T23:59:00","timezone":"CST","state":"MS","stateName":"Mississippi","county":"Jackson","countyFips":"59","wfo":"","scale":1,"scaleLabel":"F1","lengthMiles":1.3,"widthYards":40,"deaths":0,"injuries":1,"propertyDamage":2500,"cropDamage":0,"source":"","dataSource":"PUB"}},{"type":"Feature","geometry":{"type":"LineString","coordinates":[[-89.78,33.72],[-89.65,33.98]]},"properties":{"id":"ncei-1973-10048435","eventId":"10048435","episodeId":"","year":1973,"month":3,"date":"1973-03-10","beginTime":"1973-03-10T22:00:00","endTime":"1973-03-10T22:00:00","timezone":"CST","state":"MS","stateName":"Mississippi","county":"Grenada","countyFips":"43","wfo":"","scale":2,"scaleLabel":"F2","lengthMiles":19.9,"widthYards":220,"deaths":0,"injuries":0,"propertyDamage":250000,"cropDamage":0,"source":"","dataSource":"PUB"}},{"type":"Feature","geometry":{"type":"LineString","coordinates":[[-89.8,31.9],[-89.77,32.05]]},"properties":{"id":"ncei-1973-10048436","eventId":"10048436","episodeId":"","year":1973,"month":3,"date":"1973-03-11","beginTime":"1973-03-11T01:25:00","endTime":"1973-03-11T01:25:00","timezone":"CST","state":"MS","stateName":"Mississippi","county":"Simpson","countyFips":"127","wfo":"","scale":2,"scaleLabel":"F2","lengthMiles":10.6,"widthYards":250,"deaths":0,"injuries":1,"propertyDamage":25000,"cropDamage":0,"source":"","dataSource":"PUB"}},{"type":"Feature","geometry":{"type":"LineString","coordinates":[[-89.77,32.05],[-89.75,32.07]]},"properties":{"id":"ncei-1973-10048437","eventId":"10048437","episodeId":"","year":1973,"month":3,"date":"1973-03-11","beginTime":"1973-03-11T01:25:00","endTime":"1973-03-11T01:25:00","timezone":"CST","state":"MS","stateName":"Mississippi","county":"Rankin","countyFips":"121","wfo":"","scale":2,"scaleLabel":"F2","lengthMiles":2.3,"widthYards":250,"deaths":0,"injuries":0,"propertyDamage":25000,"cropDamage":0,"source":"","dataSource":"PUB"}},{"type":"Feature","geometry":{"type":"LineString","coordinates":[[-89.5,30.47],[-89.5,30.47]]},"properties":{"id":"ncei-1973-10048462","eventId":"10048462","episodeId":"","year":1973,"month":4,"date":"1973-04-07","beginTime":"1973-04-07T04:30:00","endTime":"1973-04-07T04:30:00","timezone":"CST","state":"MS","stateName":"Mississippi","county":"Hancock","countyFips":"45","wfo":"","scale":2,"scaleLabel":"F2","lengthMiles":0,"widthYards":33,"deaths":0,"injuries":0,"propertyDamage":25000,"cropDamage":0,"source":"","dataSource":"PUB"}},{"type":"Feature","geometry":{"type":"LineString","coordinates":[[-88.6,30.9],[-88.6,30.9]]},"properties":{"id":"ncei-1973-10048463","eventId":"10048463","episodeId":"","year":1973,"month":4,"date":"1973-04-07","beginTime":"1973-04-07T05:30:00","endTime":"1973-04-07T05:30:00","timezone":"CST","state":"MS","stateName":"Mississippi","county":"George","countyFips":"39","wfo":"","scale":2,"scaleLabel":"F2","lengthMiles":0,"widthYards":33,"deaths":0,"injuries":0,"propertyDamage":2500,"cropDamage":0,"source":"","dataSource":"PUB"}},{"type":"Feature","geometry":{"type":"LineString","coordinates":[[-90.4,33.9],[-90.4,33.9]]},"properties":{"id":"ncei-1973-10048471","eventId":"10048471","episodeId":"","year":1973,"month":4,"date":"1973-04-24","beginTime":"1973-04-24T09:25:00","endTime":"1973-04-24T09:25:00","timezone":"CST","state":"MS","stateName":"Mississippi","county":"Tallahatchie","countyFips":"135","wfo":"","scale":2,"scaleLabel":"F2","lengthMiles":0,"widthYards":33,"deaths":0,"injuries":42,"propertyDamage":2500000,"cropDamage":0,"source":"","dataSource":"PUB"}},{"type":"Feature","geometry":{"type":"LineString","coordinates":[[-89.37,31.47],[-89.37,31.47]]},"properties":{"id":"ncei-1973-10048474","eventId":"10048474","episodeId":"","year":1973,"month":4,"date":"1973-04-24","beginTime":"1973-04-24T22:45:00","endTime":"1973-04-24T22:45:00","timezone":"CST","state":"MS","stateName":"Mississippi","county":"Jones","countyFips":"67","wfo":"","scale":2,"scaleLabel":"F2","lengthMiles":1.5,"widthYards":33,"deaths":0,"injuries":0,"propertyDamage":250000,"cropDamage":0,"source":"","dataSource":"PUB"}},{"type":"Feature","geometry":{"type":"LineString","coordinates":[[-89.37,31.47],[-89.37,31.47]]},"properties":{"id":"ncei-1973-10048475","eventId":"10048475","episodeId":"","year":1973,"month":4,"date":"1973-04-24","beginTime":"1973-04-24T22:45:00","endTime":"1973-04-24T22:45:00","timezone":"CST","state":"MS","stateName":"Mississippi","county":"Jones","countyFips":"67","wfo":"","scale":2,"scaleLabel":"F2","lengthMiles":1,"widthYards":33,"deaths":0,"injuries":0,"propertyDamage":250000,"cropDamage":0,"source":"","dataSource":"PUB"}},{"type":"Feature","geometry":{"type":"LineString","coordinates":[[-95.77,45.45],[-95.7,45.65]]},"properties":{"id":"ncei-1973-10052380","eventId":"10052380","episodeId":"","year":1973,"month":8,"date":"1973-08-31","beginTime":"1973-08-31T16:30:00","endTime":"1973-08-31T16:30:00","timezone":"CST","state":"MN","stateName":"Minnesota","county":"Stevens","countyFips":"149","wfo":"","scale":1,"scaleLabel":"F1","lengthMiles":13.9,"widthYards":77,"deaths":0,"injuries":0,"propertyDamage":250000,"cropDamage":0,"source":"","dataSource":"PUB"}},{"type":"Feature","geometry":{"type":"LineString","coordinates":[[-95.92,46.78],[-95.92,46.78]]},"properties":{"id":"ncei-1973-10052382","eventId":"10052382","episodeId":"","year":1973,"month":8,"date":"1973-08-31","beginTime":"1973-08-31T19:12:00","endTime":"1973-08-31T19:12:00","timezone":"CST","state":"MN","stateName":"Minnesota","county":"Becker","countyFips":"5","wfo":"","scale":0,"scaleLabel":"F0","lengthMiles":0.5,"widthYards":30,"deaths":0,"injuries":3,"propertyDamage":25000,"cropDamage":0,"source":"","dataSource":"PUB"}},{"type":"Feature","geometry":{"type":"LineString","coordinates":[[-95.3,46.52],[-95.3,46.52]]},"properties":{"id":"ncei-1973-10052383","eventId":"10052383","episodeId":"","year":1973,"month":8,"date":"1973-08-31","beginTime":"1973-08-31T20:00:00","endTime":"1973-08-31T20:00:00","timezone":"CST","state":"MN","stateName":"Minnesota","county":"Otter Tail","countyFips":"111","wfo":"","scale":1,"scaleLabel":"F1","lengthMiles":2,"widthYards":40,"deaths":0,"injuries":0,"propertyDamage":250000,"cropDamage":0,"source":"","dataSource":"PUB"}},{"type":"Feature","geometry":{"type":"LineString","coordinates":[[-93.97,48.08],[-93.07,48.6]]},"properties":{"id":"ncei-1973-10052384","eventId":"10052384","episodeId":"","year":1973,"month":9,"date":"1973-09-01","beginTime":"1973-09-01T17:25:00","endTime":"1973-09-01T17:25:00","timezone":"CST","state":"MN","stateName":"Minnesota","county":"Koochiching","countyFips":"71","wfo":"","scale":2,"scaleLabel":"F2","lengthMiles":54.5,"widthYards":100,"deaths":0,"injuries":5,"propertyDamage":250000,"cropDamage":0,"source":"","dataSource":"PUB"}},{"type":"Feature","geometry":{"type":"LineString","coordinates":[[-92.17,44],[-92.17,44]]},"properties":{"id":"ncei-1973-10052386","eventId":"10052386","episodeId":"","year":1973,"month":9,"date":"1973-09-26","beginTime":"1973-09-26T05:30:00","endTime":"1973-09-26T05:30:00","timezone":"CST","state":"MN","stateName":"Minnesota","county":"Olmsted","countyFips":"109","wfo":"","scale":1,"scaleLabel":"F1","lengthMiles":2,"widthYards":50,"deaths":0,"injuries":1,"propertyDamage":25000,"cropDamage":0,"source":"","dataSource":"PUB"}},{"type":"Feature","geometry":{"type":"LineString","coordinates":[[-93.1,43.9],[-92.82,44.1]]},"properties":{"id":"ncei-1973-10052388","eventId":"10052388","episodeId":"","year":1973,"month":10,"date":"1973-10-09","beginTime":"1973-10-09T17:30:00","endTime":"1973-10-09T17:30:00","timezone":"CST","state":"MN","stateName":"Minnesota","county":"Dodge","countyFips":"39","wfo":"","scale":1,"scaleLabel":"F1","lengthMiles":19.5,"widthYards":300,"deaths":0,"injuries":0,"propertyDamage":25000,"cropDamage":0,"source":"","dataSource":"PUB"}},{"type":"Feature","geometry":{"type":"LineString","coordinates":[[-95.57,46.42],[-95.57,46.42]]},"properties":{"id":"ncei-1973-10052396","eventId":"10052396","episodeId":"","year":1973,"month":10,"date":"1973-10-11","beginTime":"1973-10-11T17:45:00","endTime":"1973-10-11T17:45:00","timezone":"CST","state":"MN","stateName":"Minnesota","county":"Otter Tail","countyFips":"111","wfo":"","scale":0,"scaleLabel":"F0","lengthMiles":0.8,"widthYards":100,"deaths":0,"injuries":0,"propertyDamage":2500,"cropDamage":0,"source":"","dataSource":"PUB"}},{"type":"Feature","geometry":{"type":"LineString","coordinates":[[-90.5,32.2],[-90.5,32.2]]},"properties":{"id":"ncei-1973-10053647","eventId":"10053647","episodeId":"","year":1973,"month":9,"date":"1973-09-05","beginTime":"1973-09-05T15:30:00","endTime":"1973-09-05T15:30:00","timezone":"CST","state":"MS","stateName":"Mississippi","county":"Hinds","countyFips":"49","wfo":"","scale":1,"scaleLabel":"F1","lengthMiles":2.5,"widthYards":100,"deaths":0,"injuries":0,"propertyDamage":25000,"cropDamage":0,"source":"","dataSource":"PUB"}},{"type":"Feature","geometry":{"type":"LineString","coordinates":[[-88.47,30.87],[-88.47,30.87]]},"properties":{"id":"ncei-1973-10053648","eventId":"10053648","episodeId":"","year":1973,"month":9,"date":"1973-09-13","beginTime":"1973-09-13T15:30:00","endTime":"1973-09-13T15:30:00","timezone":"CST","state":"MS","stateName":"Mississippi","county":"George","countyFips":"39","wfo":"","scale":1,"scaleLabel":"F1","lengthMiles":0,"widthYards":33,"deaths":0,"injuries":0,"propertyDamage":25000,"cropDamage":0,"source":"","dataSource":"PUB"}},{"type":"Feature","geometry":{"type":"LineString","coordinates":[[-90.07,33.5],[-90.07,33.5]]},"properties":{"id":"ncei-1973-10053863","eventId":"10053863","episodeId":"","year":1973,"month":11,"date":"1973-11-20","beginTime":"1973-11-20T15:30:00","endTime":"1973-11-20T15:30:00","timezone":"CST","state":"MS","stateName":"Mississippi","county":"Leflore","countyFips":"83","wfo":"","scale":2,"scaleLabel":"F2","lengthMiles":0,"widthYards":33,"deaths":0,"injuries":0,"propertyDamage":250000,"cropDamage":0,"source":"","dataSource":"PUB"}},{"type":"Feature","geometry":{"type":"LineString","coordinates":[[-90.05,33.68],[-89.9,33.8]]},"properties":{"id":"ncei-1973-10053864","eventId":"10053864","episodeId":"","year":1973,"month":11,"date":"1973-11-20","beginTime":"1973-11-20T15:30:00","endTime":"1973-11-20T15:30:00","timezone":"CST","state":"MS","stateName":"Mississippi","county":"Grenada","countyFips":"43","wfo":"","scale":3,"scaleLabel":"F3","lengthMiles":11.9,"widthYards":33,"deaths":0,"injuries":0,"propertyDamage":25000,"cropDamage":0,"source":"","dataSource":"PUB"}},{"type":"Feature","geometry":{"type":"LineString","coordinates":[[-90.2,33.67],[-90.2,33.67]]},"properties":{"id":"ncei-1973-10053866","eventId":"10053866","episodeId":"","year":1973,"month":11,"date":"1973-11-24","beginTime":"1973-11-24T23:00:00","endTime":"1973-11-24T23:00:00","timezone":"CST","state":"MS","stateName":"Mississippi","county":"Leflore","countyFips":"83","wfo":"","scale":3,"scaleLabel":"F3","lengthMiles":0,"widthYards":33,"deaths":0,"injuries":0,"propertyDamage":2500,"cropDamage":0,"source":"","dataSource":"PUB"}},{"type":"Feature","geometry":{"type":"LineString","coordinates":[[-89.28,33.58],[-88.47,33.98]]},"properties":{"id":"ncei-1973-10053868","eventId":"10053868","episodeId":"","year":1973,"month":11,"date":"1973-11-26","beginTime":"1973-11-26T13:30:00","endTime":"1973-11-26T13:30:00","timezone":"CST","state":"MS","stateName":"Mississippi","county":"Webster","countyFips":"155","wfo":"","scale":3,"scaleLabel":"F3","lengthMiles":54.4,"widthYards":33,"deaths":0,"injuries":5,"propertyDamage":2500000,"cropDamage":0,"source":"","dataSource":"PUB"}},{"type":"Feature","geometry":{"type":"LineString","coordinates":[[-90.38,32.03],[-90.38,32.03]]},"properties":{"id":"ncei-1973-10053876","eventId":"10053876","episodeId":"","year":1973,"month":11,"date":"1973-11-26","beginTime":"1973-11-26T18:00:00","endTime":"1973-11-26T18:00:00","timezone":"CST","state":"MS","stateName":"Mississippi","county":"Copiah","countyFips":"29","wfo":"","scale":3,"scaleLabel":"F3","lengthMiles":0,"widthYards":33,"deaths":0,"injuries":0,"propertyDamage":0,"cropDamage":0,"source":"","dataSource":"PUB"}},{"type":"Feature","geometry":{"type":"LineString","coordinates":[[-88.53,33.23],[-88.53,33.23]]},"properties":{"id":"ncei-1973-10053879","eventId":"10053879","episodeId":"","year":1973,"month":11,"date":"1973-11-26","beginTime":"1973-11-26T18:50:00","endTime":"1973-11-26T18:50:00","timezone":"CST","state":"MS","stateName":"Mississippi","county":"Noxubee","countyFips":"103","wfo":"","scale":2,"scaleLabel":"F2","lengthMiles":0,"widthYards":33,"deaths":0,"injuries":0,"propertyDamage":2500,"cropDamage":0,"source":"","dataSource":"PUB"}},{"type":"Feature","geometry":{"type":"LineString","coordinates":[[-88.57,34.83],[-88.43,34.93]]},"properties":{"id":"ncei-1973-10053883","eventId":"10053883","episodeId":"","year":1973,"month":11,"date":"1973-11-27","beginTime":"1973-11-27T01:15:00","endTime":"1973-11-27T01:15:00","timezone":"CST","state":"MS","stateName":"Mississippi","county":"Alcorn","countyFips":"3","wfo":"","scale":2,"scaleLabel":"F2","lengthMiles":10.2,"widthYards":33,"deaths":0,"injuries":0,"propertyDamage":250000,"cropDamage":0,"source":"","dataSource":"PUB"}},{"type":"Feature","geometry":{"type":"LineString","coordinates":[[-90.17,34.88],[-90.1,34.92]]},"properties":{"id":"ncei-1973-10053884","eventId":"10053884","episodeId":"","year":1973,"month":11,"date":"1973-11-27","beginTime":"1973-11-27T12:35:00","endTime":"1973-11-27T12:35:00","timezone":"CST","state":"MS","stateName":"Mississippi","county":"De Soto","countyFips":"33","wfo":"","scale":1,"scaleLabel":"F1","lengthMiles":4.5,"widthYards":33,"deaths":0,"injuries":10,"propertyDamage":250000,"cropDamage":0,"source":"","dataSource":"PUB"}},{"type":"Feature","geometry":{"type":"LineString","coordinates":[[-90.1,34.88],[-90.02,34.98]]},"properties":{"id":"ncei-1973-10053885","eventId":"10053885","episodeId":"","year":1973,"month":11,"date":"1973-11-27","beginTime":"1973-11-27T12:40:00","endTime":"1973-11-27T12:40:00","timezone":"CST","state":"MS","stateName":"Mississippi","county":"De Soto","countyFips":"33","wfo":"","scale":1,"scaleLabel":"F1","lengthMiles":8.4,"widthYards":33,"deaths":0,"injuries":15,"propertyDamage":250000,"cropDamage":0,"source":"","dataSource":"PUB"}},{"type":"Feature","geometry":{"type":"LineString","coordinates":[[-90.03,34.92],[-90,34.97]]},"properties":{"id":"ncei-1973-10053886","eventId":"10053886","episodeId":"","year":1973,"month":11,"date":"1973-11-27","beginTime":"1973-11-27T12:45:00","endTime":"1973-11-27T12:45:00","timezone":"CST","state":"MS","stateName":"Mississippi","county":"De Soto","countyFips":"33","wfo":"","scale":2,"scaleLabel":"F2","lengthMiles":4.1,"widthYards":33,"deaths":1,"injuries":50,"propertyDamage":250000,"cropDamage":0,"source":"","dataSource":"PUB"}},{"type":"Feature","geometry":{"type":"LineString","coordinates":[[-91.07,31.95],[-91.07,31.95]]},"properties":{"id":"ncei-1973-10053887","eventId":"10053887","episodeId":"","year":1973,"month":11,"date":"1973-11-27","beginTime":"1973-11-27T13:00:00","endTime":"1973-11-27T13:00:00","timezone":"CST","state":"MS","stateName":"Mississippi","county":"Claiborne","countyFips":"21","wfo":"","scale":1,"scaleLabel":"F1","lengthMiles":0,"widthYards":33,"deaths":0,"injuries":0,"propertyDamage":0,"cropDamage":0,"source":"","dataSource":"PUB"}},{"type":"Feature","geometry":{"type":"LineString","coordinates":[[-89,32.7],[-89,32.7]]},"properties":{"id":"ncei-1973-10053888","eventId":"10053888","episodeId":"","year":1973,"month":11,"date":"1973-11-27","beginTime":"1973-11-27T14:00:00","endTime":"1973-11-27T14:00:00","timezone":"CST","state":"MS","stateName":"Mississippi","county":"Neshoba","countyFips":"99","wfo":"","scale":2,"scaleLabel":"F2","lengthMiles":0,"widthYards":33,"deaths":0,"injuries":0,"propertyDamage":0,"cropDamage":0,"source":"","dataSource":"PUB"}},{"type":"Feature","geometry":{"type":"LineString","coordinates":[[-89.68,30.53],[-89.68,30.53]]},"properties":{"id":"ncei-1973-10053890","eventId":"10053890","episodeId":"","year":1973,"month":11,"date":"1973-11-27","beginTime":"1973-11-27T20:00:00","endTime":"1973-11-27T20:00:00","timezone":"CST","state":"MS","stateName":"Mississippi","county":"Pearl River","countyFips":"109","wfo":"","scale":1,"scaleLabel":"F1","lengthMiles":0,"widthYards":33,"deaths":0,"injuries":0,"propertyDamage":25000,"cropDamage":0,"source":"","dataSource":"PUB"}},{"type":"Feature","geometry":{"type":"LineString","coordinates":[[-90.92,32.07],[-90.92,32.07]]},"properties":{"id":"ncei-1973-10053893","eventId":"10053893","episodeId":"","year":1973,"month":12,"date":"1973-12-04","beginTime":"1973-12-04T00:35:00","endTime":"1973-12-04T00:35:00","timezone":"CST","state":"MS","stateName":"Mississippi","county":"Claiborne","countyFips":"21","wfo":"","scale":2,"scaleLabel":"F2","lengthMiles":0.1,"widthYards":30,"deaths":0,"injuries":0,"propertyDamage":2500,"cropDamage":0,"source":"","dataSource":"PUB"}},{"type":"Feature","geometry":{"type":"LineString","coordinates":[[-91.05,33.4],[-90.88,33.52]]},"properties":{"id":"ncei-1973-10053895","eventId":"10053895","episodeId":"","year":1973,"month":12,"date":"1973-12-04","beginTime":"1973-12-04T00:45:00","endTime":"1973-12-04T00:45:00","timezone":"CST","state":"MS","stateName":"Mississippi","county":"Washington","countyFips":"151","wfo":"","scale":2,"scaleLabel":"F2","lengthMiles":12.5,"widthYards":30,"deaths":0,"injuries":6,"propertyDamage":25000,"cropDamage":0,"source":"","dataSource":"PUB"}},{"type":"Feature","geometry":{"type":"LineString","coordinates":[[-90.65,32.33],[-90.65,32.33]]},"properties":{"id":"ncei-1973-10053897","eventId":"10053897","episodeId":"","year":1973,"month":12,"date":"1973-12-04","beginTime":"1973-12-04T01:30:00","endTime":"1973-12-04T01:30:00","timezone":"CST","state":"MS","stateName":"Mississippi","county":"Hinds","countyFips":"49","wfo":"","scale":2,"scaleLabel":"F2","lengthMiles":2,"widthYards":30,"deaths":0,"injuries":0,"propertyDamage":250000,"cropDamage":0,"source":"","dataSource":"PUB"}},{"type":"Feature","geometry":{"type":"LineString","coordinates":[[-94.5,44.9],[-94.5,44.9]]},"properties":{"id":"ncei-1973-10054624","eventId":"10054624","episodeId":"","year":1973,"month":5,"date":"1973-05-09","beginTime":"1973-05-09T12:00:00","endTime":"1973-05-09T12:00:00","timezone":"CST","state":"MN","stateName":"Minnesota","county":"Mcleod","countyFips":"85","wfo":"","scale":0,"scaleLabel":"F0","lengthMiles":1,"widthYards":30,"deaths":0,"injuries":0,"propertyDamage":2500,"cropDamage":0,"source":"","dataSource":"PUB"}},{"type":"Feature","geometry":{"type":"LineString","coordinates":[[-93.23,44.72],[-93.23,44.72]]},"properties":{"id":"ncei-1973-10054625","eventId":"10054625","episodeId":"","year":1973,"month":5,"date":"1973-05-09","beginTime":"1973-05-09T13:37:00","endTime":"1973-05-09T13:37:00","timezone":"CST","state":"MN","stateName":"Minnesota","county":"Dakota","countyFips":"37","wfo":"","scale":1,"scaleLabel":"F1","lengthMiles":0.2,"widthYards":50,"deaths":1,"injuries":11,"propertyDamage":250000,"cropDamage":0,"source":"","dataSource":"PUB"}},{"type":"Feature","geometry":{"type":"LineString","coordinates":[[-95.42,45.65],[-95.42,45.65]]},"properties":{"id":"ncei-1973-10054631","eventId":"10054631","episodeId":"","year":1973,"month":6,"date":"1973-06-02","beginTime":"1973-06-02T20:32:00","endTime":"1973-06-02T20:32:00","timezone":"CST","state":"MN","stateName":"Minnesota","county":"Pope","countyFips":"121","wfo":"","scale":0,"scaleLabel":"F0","lengthMiles":3,"widthYards":100,"deaths":0,"injuries":0,"propertyDamage":25000,"cropDamage":0,"source":"","dataSource":"PUB"}},{"type":"Feature","geometry":{"type":"LineString","coordinates":[[-94.27,46.22],[-93.93,46.4]]},"properties":{"id":"ncei-1973-10055705","eventId":"10055705","episodeId":"","year":1973,"month":6,"date":"1973-06-16","beginTime":"1973-06-16T00:45:00","endTime":"1973-06-16T00:45:00","timezone":"CST","state":"MN","stateName":"Minnesota","county":"Crow Wing","countyFips":"35","wfo":"","scale":0,"scaleLabel":"F0","lengthMiles":20.1,"widthYards":30,"deaths":0,"injuries":0,"propertyDamage":2500,"cropDamage":0,"source":"","dataSource":"PUB"}},{"type":"Feature","geometry":{"type":"LineString","coordinates":[[-95.6,46.85],[-95.5,46.9]]},"properties":{"id":"ncei-1973-10055713","eventId":"10055713","episodeId":"","year":1973,"month":6,"date":"1973-06-16","beginTime":"1973-06-16T21:40:00","endTime":"1973-06-16T21:40:00","timezone":"CST","state":"MN","stateName":"Minnesota","county":"Becker","countyFips":"5","wfo":"","scale":1,"scaleLabel":"F1","lengthMiles":5.2,"widthYards":60,"deaths":0,"injuries":0,"propertyDamage":250000,"cropDamage":0,"source":"","dataSource":"PUB"}},{"type":"Feature","geometry":{"type":"LineString","coordinates":[[-93.68,43.93],[-93.68,43.93]]},"properties":{"id":"ncei-1973-10055717","eventId":"10055717","episodeId":"","year":1973,"month":6,"date":"1973-06-18","beginTime":"1973-06-18T06:35:00","endTime":"1973-06-18T06:35:00","timezone":"CST","state":"MN","stateName":"Minnesota","county":"Waseca","countyFips":"161","wfo":"","scale":0,"scaleLabel":"F0","lengthMiles":1.5,"widthYards":50,"deaths":0,"injuries":0,"propertyDamage":2500,"cropDamage":0,"source":"","dataSource":"PUB"}},{"type":"Feature","geometry":{"type":"LineString","coordinates":[[-93.08,43.68],[-93.02,43.72]]},"properties":{"id":"ncei-1973-10055718","eventId":"10055718","episodeId":"","year":1973,"month":6,"date":"1973-06-18","beginTime":"1973-06-18T07:40:00","endTime":"1973-06-18T07:40:00","timezone":"CST","state":"MN","stateName":"Minnesota","county":"Freeborn","countyFips":"47","wfo":"","scale":1,"scaleLabel":"F1","lengthMiles":3.6,"widthYards":60,"deaths":0,"injuries":0,"propertyDamage":250000,"cropDamage":0,"source":"","dataSource":"PUB"}},{"type":"Feature","geometry":{"type":"LineString","coordinates":[[-94.03,46.4],[-93.82,46.4]]},"properties":{"id":"ncei-1973-10055724","eventId":"10055724","episodeId":"","year":1973,"month":6,"date":"1973-06-25","beginTime":"1973-06-25T18:08:00","endTime":"1973-06-25T18:08:00","timezone":"CST","state":"MN","stateName":"Minnesota","county":"Crow Wing","countyFips":"35","wfo":"","scale":3,"scaleLabel":"F3","lengthMiles":10,"widthYards":200,"deaths":0,"injuries":2,"propertyDamage":2500000,"cropDamage":0,"source":"","dataSource":"PUB"}},{"type":"Feature","geometry":{"type":"LineString","coordinates":[[-94.67,46.37],[-94.67,46.37]]},"properties":{"id":"ncei-1973-10055725","eventId":"10055725","episodeId":"","year":1973,"month":6,"date":"1973-06-25","beginTime":"1973-06-25T18:30:00","endTime":"1973-06-25T18:30:00","timezone":"CST","state":"MN","stateName":"Minnesota","county":"Aitkin","countyFips":"1","wfo":"","scale":0,"scaleLabel":"F0","lengthMiles":0.8,"widthYards":100,"deaths":0,"injuries":0,"propertyDamage":2500,"cropDamage":0,"source":"","dataSource":"PUB"}},{"type":"Feature","geometry":{"type":"LineString","coordinates":[[-93.58,45.47],[-93.58,45.47]]},"properties":{"id":"ncei-1973-10055736","eventId":"10055736","episodeId":"","year":1973,"month":7,"date":"1973-07-01","beginTime":"1973-07-01T22:30:00","endTime":"1973-07-01T22:30:00","timezone":"CST","state":"MN","stateName":"Minnesota","county":"Sherburne","countyFips":"141","wfo":"","scale":0,"scaleLabel":"F0","lengthMiles":1,"widthYards":30,"deaths":0,"injuries":0,"propertyDamage":2500,"cropDamage":0,"source":"","dataSource":"PUB"}},{"type":"Feature","geometry":{"type":"LineString","coordinates":[[-92.68,46.5],[-92.68,46.5]]},"properties":{"id":"ncei-1973-10055756","eventId":"10055756","episodeId":"","year":1973,"month":7,"date":"1973-07-13","beginTime":"1973-07-13T18:15:00","endTime":"1973-07-13T18:15:00","timezone":"CST","state":"MN","stateName":"Minnesota","county":"Carlton","countyFips":"17","wfo":"","scale":1,"scaleLabel":"F1","lengthMiles":0.5,"widthYards":30,"deaths":0,"injuries":0,"propertyDamage":25000,"cropDamage":0,"source":"","dataSource":"PUB"}},{"type":"Feature","geometry":{"type":"LineString","coordinates":[[-93.5,44],[-93.5,44]]},"properties":{"id":"ncei-1973-10055758","eventId":"10055758","episodeId":"","year":1973,"month":7,"date":"1973-07-23","beginTime":"1973-07-23T19:26:00","endTime":"1973-07-23T19:26:00","timezone":"CST","state":"MN","stateName":"Minnesota","county":"Waseca","countyFips":"161","wfo":"","scale":0,"scaleLabel":"F0","lengthMiles":0.3,"widthYards":100,"deaths":0,"injuries":0,"propertyDamage":2500,"cropDamage":0,"source":"","dataSource":"PUB"}},{"type":"Feature","geometry":{"type":"LineString","coordinates":[[-93.5,44.18],[-93.5,44.18]]},"properties":{"id":"ncei-1973-10055759","eventId":"10055759","episodeId":"","year":1973,"month":7,"date":"1973-07-23","beginTime":"1973-07-23T19:50:00","endTime":"1973-07-23T19:50:00","timezone":"CST","state":"MN","stateName":"Minnesota","county":"Waseca","countyFips":"161","wfo":"","scale":1,"scaleLabel":"F1","lengthMiles":0.3,"widthYards":30,"deaths":0,"injuries":0,"propertyDamage":25000,"cropDamage":0,"source":"","dataSource":"PUB"}},{"type":"Feature","geometry":{"type":"LineString","coordinates":[[-93.28,44.08],[-93.28,44.08]]},"properties":{"id":"ncei-1973-10055760","eventId":"10055760","episodeId":"","year":1973,"month":7,"date":"1973-07-23","beginTime":"1973-07-23T21:18:00","endTime":"1973-07-23T21:18:00","timezone":"CST","state":"MN","stateName":"Minnesota","county":"Steele","countyFips":"147","wfo":"","scale":0,"scaleLabel":"F0","lengthMiles":1,"widthYards":100,"deaths":0,"injuries":0,"propertyDamage":2500,"cropDamage":0,"source":"","dataSource":"PUB"}},{"type":"Feature","geometry":{"type":"LineString","coordinates":[[-92.33,43.8],[-92.33,43.8]]},"properties":{"id":"ncei-1973-10055762","eventId":"10055762","episodeId":"","year":1973,"month":7,"date":"1973-07-23","beginTime":"1973-07-23T23:20:00","endTime":"1973-07-23T23:20:00","timezone":"CST","state":"MN","stateName":"Minnesota","county":"Fillmore","countyFips":"45","wfo":"","scale":0,"scaleLabel":"F0","lengthMiles":0.8,"widthYards":40,"deaths":0,"injuries":0,"propertyDamage":2500,"cropDamage":0,"source":"","dataSource":"PUB"}},{"type":"Feature","geometry":{"type":"LineString","coordinates":[[-92.08,38.25],[-92.08,38.25]]},"properties":{"id":"ncei-1973-10056845","eventId":"10056845","episodeId":"","year":1973,"month":6,"date":"1973-06-04","beginTime":"1973-06-04T18:45:00","endTime":"1973-06-04T18:45:00","timezone":"CST","state":"MO","stateName":"Missouri","county":"Pulaski","countyFips":"169","wfo":"","scale":1,"scaleLabel":"F1","lengthMiles":0.5,"widthYards":200,"deaths":0,"injuries":0,"propertyDamage":25000,"cropDamage":0,"source":"","dataSource":"PUB"}},{"type":"Feature","geometry":{"type":"LineString","coordinates":[[-90.83,36.68],[-90.77,36.72]]},"properties":{"id":"ncei-1973-10057051","eventId":"10057051","episodeId":"","year":1973,"month":1,"date":"1973-01-18","beginTime":"1973-01-18T13:55:00","endTime":"1973-01-18T13:55:00","timezone":"CST","state":"MO","stateName":"Missouri","county":"Ripley","countyFips":"181","wfo":"","scale":2,"scaleLabel":"F2","lengthMiles":4.3,"widthYards":100,"deaths":0,"injuries":1,"propertyDamage":250000,"cropDamage":0,"source":"","dataSource":"PUB"}},{"type":"Feature","geometry":{"type":"LineString","coordinates":[[-89.83,36.88],[-89.75,36.9]]},"properties":{"id":"ncei-1973-10057052","eventId":"10057052","episodeId":"","year":1973,"month":1,"date":"1973-01-18","beginTime":"1973-01-18T16:10:00","endTime":"1973-01-18T16:10:00","timezone":"CST","state":"MO","stateName":"Missouri","county":"Stoddard","countyFips":"207","wfo":"","scale":1,"scaleLabel":"F1","lengthMiles":4.7,"widthYards":100,"deaths":0,"injuries":1,"propertyDamage":25000,"cropDamage":0,"source":"","dataSource":"PUB"}},{"type":"Feature","geometry":{"type":"LineString","coordinates":[[-93.33,36.57],[-93.33,36.57]]},"properties":{"id":"ncei-1973-10057056","eventId":"10057056","episodeId":"","year":1973,"month":3,"date":"1973-03-13","beginTime":"1973-03-13T20:20:00","endTime":"1973-03-13T20:20:00","timezone":"CST","state":"MO","stateName":"Missouri","county":"Stone","countyFips":"209","wfo":"","scale":2,"scaleLabel":"F2","lengthMiles":2.5,"widthYards":300,"deaths":0,"injuries":4,"propertyDamage":25000,"cropDamage":0,"source":"","dataSource":"PUB"}},{"type":"Feature","geometry":{"type":"LineString","coordinates":[[-92.82,37],[-92.82,37]]},"properties":{"id":"ncei-1973-10057058","eventId":"10057058","episodeId":"","year":1973,"month":3,"date":"1973-03-13","beginTime":"1973-03-13T21:05:00","endTime":"1973-03-13T21:05:00","timezone":"CST","state":"MO","stateName":"Missouri","county":"Douglas","countyFips":"67","wfo":"","scale":2,"scaleLabel":"F2","lengthMiles":2,"widthYards":50,"deaths":0,"injuries":0,"propertyDamage":25000,"cropDamage":0,"source":"","dataSource":"PUB"}},{"type":"Feature","geometry":{"type":"LineString","coordinates":[[-92.28,38.9],[-92.23,38.98]]},"properties":{"id":"ncei-1973-10057059","eventId":"10057059","episodeId":"","year":1973,"month":3,"date":"1973-03-13","beginTime":"1973-03-13T21:46:00","endTime":"1973-03-13T21:46:00","timezone":"CST","state":"MO","stateName":"Missouri","county":"Boone","countyFips":"19","wfo":"","scale":1,"scaleLabel":"F1","lengthMiles":6.1,"widthYards":50,"deaths":0,"injuries":0,"propertyDamage":25000,"cropDamage":0,"source":"","dataSource":"PUB"}},{"type":"Feature","geometry":{"type":"LineString","coordinates":[[-94.33,38.4],[-94.33,38.4]]},"properties":{"id":"ncei-1973-10057663","eventId":"10057663","episodeId":"","year":1973,"month":9,"date":"1973-09-04","beginTime":"1973-09-04T02:00:00","endTime":"1973-09-04T02:00:00","timezone":"CST","state":"MO","stateName":"Missouri","county":"Bates","countyFips":"13","wfo":"","scale":1,"scaleLabel":"F1","lengthMiles":2,"widthYards":50,"deaths":0,"injuries":1,"propertyDamage":25000,"cropDamage":0,"source":"","dataSource":"PUB"}},{"type":"Feature","geometry":{"type":"LineString","coordinates":[[-93.85,37.2],[-93.85,37.2]]},"properties":{"id":"ncei-1973-10057667","eventId":"10057667","episodeId":"","year":1973,"month":9,"date":"1973-09-24","beginTime":"1973-09-24T23:00:00","endTime":"1973-09-24T23:00:00","timezone":"CST","state":"MO","stateName":"Missouri","county":"Lawrence","countyFips":"109","wfo":"","scale":1,"scaleLabel":"F1","lengthMiles":2,"widthYards":100,"deaths":0,"injuries":0,"propertyDamage":250000,"cropDamage":0,"source":"","dataSource":"PUB"}},{"type":"Feature","geometry":{"type":"LineString","coordinates":[[-94.3,37.17],[-94.3,37.17]]},"properties":{"id":"ncei-1973-10057671","eventId":"10057671","episodeId":"","year":1973,"month":9,"date":"1973-09-27","beginTime":"1973-09-27T14:30:00","endTime":"1973-09-27T14:30:00","timezone":"CST","state":"MO","stateName":"Missouri","county":"Jasper","countyFips":"97","wfo":"","scale":1,"scaleLabel":"F1","lengthMiles":0,"widthYards":33,"deaths":0,"injuries":0,"propertyDamage":0,"cropDamage":0,"source":"","dataSource":"PUB"}},{"type":"Feature","geometry":{"type":"LineString","coordinates":[[-91.35,37.15],[-91.35,37.15]]},"properties":{"id":"ncei-1973-10057691","eventId":"10057691","episodeId":"","year":1973,"month":11,"date":"1973-11-24","beginTime":"1973-11-24T04:45:00","endTime":"1973-11-24T04:45:00","timezone":"CST","state":"MO","stateName":"Missouri","county":"Shannon","countyFips":"203","wfo":"","scale":2,"scaleLabel":"F2","lengthMiles":1,"widthYards":60,"deaths":3,"injuries":1,"propertyDamage":250000,"cropDamage":0,"source":"","dataSource":"PUB"}},{"type":"Feature","geometry":{"type":"LineString","coordinates":[[-89.98,36.43],[-89.93,36.45]]},"properties":{"id":"ncei-1973-10057692","eventId":"10057692","episodeId":"","year":1973,"month":11,"date":"1973-11-24","beginTime":"1973-11-24T22:25:00","endTime":"1973-11-24T22:25:00","timezone":"CST","state":"MO","stateName":"Missouri","county":"Dunklin","countyFips":"69","wfo":"","scale":2,"scaleLabel":"F2","lengthMiles":3,"widthYards":33,"deaths":2,"injuries":0,"propertyDamage":250000,"cropDamage":0,"source":"","dataSource":"PUB"}},{"type":"Feature","geometry":{"type":"LineString","coordinates":[[-90.08,36.78],[-90.08,36.78]]},"properties":{"id":"ncei-1973-10057693","eventId":"10057693","episodeId":"","year":1973,"month":11,"date":"1973-11-24","beginTime":"1973-11-24T22:30:00","endTime":"1973-11-24T22:30:00","timezone":"CST","state":"MO","stateName":"Missouri","county":"Stoddard","countyFips":"207","wfo":"","scale":0,"scaleLabel":"F0","lengthMiles":0.3,"widthYards":30,"deaths":0,"injuries":0,"propertyDamage":25000,"cropDamage":0,"source":"","dataSource":"PUB"}},{"type":"Feature","geometry":{"type":"LineString","coordinates":[[-89.93,36.45],[-89.8,36.55]]},"properties":{"id":"ncei-1973-10057694","eventId":"10057694","episodeId":"","year":1973,"month":11,"date":"1973-11-24","beginTime":"1973-11-24T22:30:00","endTime":"1973-11-24T22:30:00","timezone":"CST","state":"MO","stateName":"Missouri","county":"New Madrid","countyFips":"143","wfo":"","scale":2,"scaleLabel":"F2","lengthMiles":10,"widthYards":33,"deaths":0,"injuries":6,"propertyDamage":250000,"cropDamage":0,"source":"","dataSource":"PUB"}},{"type":"Feature","geometry":{"type":"LineString","coordinates":[[-89.8,36.55],[-89.43,36.78]]},"properties":{"id":"ncei-1973-10057695","eventId":"10057695","episodeId":"","year":1973,"month":11,"date":"1973-11-24","beginTime":"1973-11-24T23:00:00","endTime":"1973-11-24T23:00:00","timezone":"CST","state":"MO","stateName":"Missouri","county":"New Madrid","countyFips":"143","wfo":"","scale":2,"scaleLabel":"F2","lengthMiles":25.9,"widthYards":33,"deaths":0,"injuries":0,"propertyDamage":250000,"cropDamage":0,"source":"","dataSource":"PUB"}},{"type":"Feature","geometry":{"type":"LineString","coordinates":[[-89.43,36.78],[-89.33,36.83]]},"properties":{"id":"ncei-1973-10057696","eventId":"10057696","episodeId":"","year":1973,"month":11,"date":"1973-11-24","beginTime":"1973-11-24T23:10:00","endTime":"1973-11-24T23:10:00","timezone":"CST","state":"MO","stateName":"Missouri","county":"Mississippi","countyFips":"133","wfo":"","scale":2,"scaleLabel":"F2","lengthMiles":6.5,"widthYards":33,"deaths":0,"injuries":0,"propertyDamage":250000,"cropDamage":0,"source":"","dataSource":"PUB"}},{"type":"Feature","geometry":{"type":"LineString","coordinates":[[-89.33,36.83],[-89.13,36.9]]},"properties":{"id":"ncei-1973-10057697","eventId":"10057697","episodeId":"","year":1973,"month":11,"date":"1973-11-24","beginTime":"1973-11-24T23:25:00","endTime":"1973-11-24T23:25:00","timezone":"CST","state":"MO","stateName":"Missouri","county":"Mississippi","countyFips":"133","wfo":"","scale":2,"scaleLabel":"F2","lengthMiles":11.9,"widthYards":33,"deaths":0,"injuries":0,"propertyDamage":250000,"cropDamage":0,"source":"","dataSource":"PUB"}},{"type":"Feature","geometry":{"type":"LineString","coordinates":[[-90.37,36.7],[-90.37,36.7]]},"properties":{"id":"ncei-1973-10057700","eventId":"10057700","episodeId":"","year":1973,"month":12,"date":"1973-12-04","beginTime":"1973-12-04T02:45:00","endTime":"1973-12-04T02:45:00","timezone":"CST","state":"MO","stateName":"Missouri","county":"Butler","countyFips":"23","wfo":"","scale":0,"scaleLabel":"F0","lengthMiles":0,"widthYards":33,"deaths":0,"injuries":0,"propertyDamage":25000,"cropDamage":0,"source":"","dataSource":"PUB"}},{"type":"Feature","geometry":{"type":"LineString","coordinates":[[-91.17,39.08],[-91.15,39.1]]},"properties":{"id":"ncei-1973-10057920","eventId":"10057920","episodeId":"","year":1973,"month":3,"date":"1973-03-13","beginTime":"1973-03-13T23:30:00","endTime":"1973-03-13T23:30:00","timezone":"CST","state":"MO","stateName":"Missouri","county":"Lincoln","countyFips":"113","wfo":"","scale":1,"scaleLabel":"F1","lengthMiles":0,"widthYards":50,"deaths":0,"injuries":1,"propertyDamage":25000,"cropDamage":0,"source":"","dataSource":"PUB"}},{"type":"Feature","geometry":{"type":"LineString","coordinates":[[-90.58,38.75],[-90.58,38.75]]},"properties":{"id":"ncei-1973-10057925","eventId":"10057925","episodeId":"","year":1973,"month":6,"date":"1973-06-04","beginTime":"1973-06-04T20:30:00","endTime":"1973-06-04T20:30:00","timezone":"CST","state":"MO","stateName":"Missouri","county":"St. Charles","countyFips":"183","wfo":"","scale":1,"scaleLabel":"F1","lengthMiles":0,"widthYards":33,"deaths":0,"injuries":0,"propertyDamage":0,"cropDamage":0,"source":"","dataSource":"PUB"}},{"type":"Feature","geometry":{"type":"LineString","coordinates":[[-90.62,38.35],[-90.62,38.35]]},"properties":{"id":"ncei-1973-10057926","eventId":"10057926","episodeId":"","year":1973,"month":6,"date":"1973-06-04","beginTime":"1973-06-04T21:00:00","endTime":"1973-06-04T21:00:00","timezone":"CST","state":"MO","stateName":"Missouri","county":"Jefferson","countyFips":"99","wfo":"","scale":1,"scaleLabel":"F1","lengthMiles":0,"widthYards":33,"deaths":0,"injuries":0,"propertyDamage":0,"cropDamage":0,"source":"","dataSource":"PUB"}},{"type":"Feature","geometry":{"type":"LineString","coordinates":[[-91.77,37.95],[-91.77,37.95]]},"properties":{"id":"ncei-1973-10057928","eventId":"10057928","episodeId":"","year":1973,"month":6,"date":"1973-06-04","beginTime":"1973-06-04T22:15:00","endTime":"1973-06-04T22:15:00","timezone":"CST","state":"MO","stateName":"Missouri","county":"Phelps","countyFips":"161","wfo":"","scale":2,"scaleLabel":"F2","lengthMiles":0.3,"widthYards":100,"deaths":0,"injuries":1,"propertyDamage":250000,"cropDamage":0,"source":"","dataSource":"PUB"}},{"type":"Feature","geometry":{"type":"LineString","coordinates":[[-94.83,39.77],[-94.83,39.77]]},"properties":{"id":"ncei-1973-10057936","eventId":"10057936","episodeId":"","year":1973,"month":6,"date":"1973-06-16","beginTime":"1973-06-16T15:45:00","endTime":"1973-06-16T15:45:00","timezone":"CST","state":"MO","stateName":"Missouri","county":"Buchanan","countyFips":"21","wfo":"","scale":2,"scaleLabel":"F2","lengthMiles":6,"widthYards":33,"deaths":0,"injuries":14,"propertyDamage":2500000,"cropDamage":0,"source":"","dataSource":"PUB"}},{"type":"Feature","geometry":{"type":"LineString","coordinates":[[-90.38,36.75],[-90.38,36.75]]},"properties":{"id":"ncei-1973-10057962","eventId":"10057962","episodeId":"","year":1973,"month":6,"date":"1973-06-19","beginTime":"1973-06-19T16:15:00","endTime":"1973-06-19T16:15:00","timezone":"CST","state":"MO","stateName":"Missouri","county":"Butler","countyFips":"23","wfo":"","scale":1,"scaleLabel":"F1","lengthMiles":1,"widthYards":300,"deaths":0,"injuries":1,"propertyDamage":250000,"cropDamage":0,"source":"","dataSource":"PUB"}},{"type":"Feature","geometry":{"type":"LineString","coordinates":[[-89.33,36.77],[-89.33,36.77]]},"properties":{"id":"ncei-1973-10057969","eventId":"10057969","episodeId":"","year":1973,"month":7,"date":"1973-07-09","beginTime":"1973-07-09T14:30:00","endTime":"1973-07-09T14:30:00","timezone":"CST","state":"MO","stateName":"Missouri","county":"Mississippi","countyFips":"133","wfo":"","scale":0,"scaleLabel":"F0","lengthMiles":0,"widthYards":33,"deaths":0,"injuries":0,"propertyDamage":0,"cropDamage":0,"source":"","dataSource":"PUB"}},{"type":"Feature","geometry":{"type":"LineString","coordinates":[[-94.07,39.35],[-94.07,39.35]]},"properties":{"id":"ncei-1973-10057974","eventId":"10057974","episodeId":"","year":1973,"month":7,"date":"1973-07-18","beginTime":"1973-07-18T17:30:00","endTime":"1973-07-18T17:30:00","timezone":"CST","state":"MO","stateName":"Missouri","county":"Ray","countyFips":"177","wfo":"","scale":1,"scaleLabel":"F1","lengthMiles":0,"widthYards":33,"deaths":0,"injuries":0,"propertyDamage":0,"cropDamage":0,"source":"","dataSource":"PUB"}},{"type":"Feature","geometry":{"type":"LineString","coordinates":[[-91.93,38.82],[-91.93,38.82]]},"properties":{"id":"ncei-1973-10057977","eventId":"10057977","episodeId":"","year":1973,"month":7,"date":"1973-07-20","beginTime":"1973-07-20T17:30:00","endTime":"1973-07-20T17:30:00","timezone":"CST","state":"MO","stateName":"Missouri","county":"Callaway","countyFips":"27","wfo":"","scale":1,"scaleLabel":"F1","lengthMiles":1,"widthYards":50,"deaths":0,"injuries":0,"propertyDamage":2500,"cropDamage":0,"source":"","dataSource":"PUB"}},{"type":"Feature","geometry":{"type":"LineString","coordinates":[[-90.28,38.7],[-90.28,38.7]]},"properties":{"id":"ncei-1973-10057989","eventId":"10057989","episodeId":"","year":1973,"month":7,"date":"1973-07-23","beginTime":"1973-07-23T16:30:00","endTime":"1973-07-23T16:30:00","timezone":"CST","state":"MO","stateName":"Missouri","county":"St. Louis","countyFips":"189","wfo":"","scale":1,"scaleLabel":"F1","lengthMiles":0.2,"widthYards":50,"deaths":0,"injuries":0,"propertyDamage":0,"cropDamage":0,"source":"","dataSource":"PUB"}},{"type":"Feature","geometry":{"type":"LineString","coordinates":[[-93.78,38.42],[-93.78,38.42]]},"properties":{"id":"ncei-1973-10058142","eventId":"10058142","episodeId":"","year":1973,"month":3,"date":"1973-03-31","beginTime":"1973-03-31T11:25:00","endTime":"1973-03-31T11:25:00","timezone":"CST","state":"MO","stateName":"Missouri","county":"Henry","countyFips":"83","wfo":"","scale":0,"scaleLabel":"F0","lengthMiles":0.1,"widthYards":10,"deaths":0,"injuries":0,"propertyDamage":0,"cropDamage":0,"source":"","dataSource":"PUB"}},{"type":"Feature","geometry":{"type":"LineString","coordinates":[[-89.87,36.13],[-89.87,36.13]]},"properties":{"id":"ncei-1973-10058146","eventId":"10058146","episodeId":"","year":1973,"month":4,"date":"1973-04-19","beginTime":"1973-04-19T13:00:00","endTime":"1973-04-19T13:00:00","timezone":"CST","state":"MO","stateName":"Missouri","county":"Pemiscot","countyFips":"155","wfo":"","scale":2,"scaleLabel":"F2","lengthMiles":2.5,"widthYards":33,"deaths":0,"injuries":0,"propertyDamage":25000,"cropDamage":0,"source":"","dataSource":"PUB"}},{"type":"Feature","geometry":{"type":"LineString","coordinates":[[-94.4,40.08],[-94.32,40.15]]},"properties":{"id":"ncei-1973-10058147","eventId":"10058147","episodeId":"","year":1973,"month":4,"date":"1973-04-19","beginTime":"1973-04-19T17:00:00","endTime":"1973-04-19T17:00:00","timezone":"CST","state":"MO","stateName":"Missouri","county":"Gentry","countyFips":"75","wfo":"","scale":2,"scaleLabel":"F2","lengthMiles":5.9,"widthYards":50,"deaths":0,"injuries":0,"propertyDamage":2500,"cropDamage":0,"source":"","dataSource":"PUB"}},{"type":"Feature","geometry":{"type":"LineString","coordinates":[[-94.32,40.15],[-94.28,40.17]]},"properties":{"id":"ncei-1973-10058148","eventId":"10058148","episodeId":"","year":1973,"month":4,"date":"1973-04-19","beginTime":"1973-04-19T17:00:00","endTime":"1973-04-19T17:00:00","timezone":"CST","state":"MO","stateName":"Missouri","county":"Gentry","countyFips":"75","wfo":"","scale":2,"scaleLabel":"F2","lengthMiles":0,"widthYards":50,"deaths":0,"injuries":0,"propertyDamage":2500,"cropDamage":0,"source":"","dataSource":"PUB"}},{"type":"Feature","geometry":{"type":"LineString","coordinates":[[-94.2,39.7],[-94.2,39.7]]},"properties":{"id":"ncei-1973-10058149","eventId":"10058149","episodeId":"","year":1973,"month":4,"date":"1973-04-19","beginTime":"1973-04-19T18:00:00","endTime":"1973-04-19T18:00:00","timezone":"CST","state":"MO","stateName":"Missouri","county":"Clinton","countyFips":"49","wfo":"","scale":2,"scaleLabel":"F2","lengthMiles":1,"widthYards":50,"deaths":0,"injuries":0,"propertyDamage":2500,"cropDamage":0,"source":"","dataSource":"PUB"}},{"type":"Feature","geometry":{"type":"LineString","coordinates":[[-93.53,38.53],[-93.53,38.53]]},"properties":{"id":"ncei-1973-10058150","eventId":"10058150","episodeId":"","year":1973,"month":4,"date":"1973-04-19","beginTime":"1973-04-19T19:30:00","endTime":"1973-04-19T19:30:00","timezone":"CST","state":"MO","stateName":"Missouri","county":"Henry","countyFips":"83","wfo":"","scale":4,"scaleLabel":"F4","lengthMiles":10,"widthYards":880,"deaths":0,"injuries":5,"propertyDamage":25000,"cropDamage":0,"source":"","dataSource":"PUB"}},{"type":"Feature","geometry":{"type":"LineString","coordinates":[[-93.75,38.08],[-93.68,38.15]]},"properties":{"id":"ncei-1973-10058156","eventId":"10058156","episodeId":"","year":1973,"month":4,"date":"1973-04-20","beginTime":"1973-04-20T13:00:00","endTime":"1973-04-20T13:00:00","timezone":"CST","state":"MO","stateName":"Missouri","county":"St. Clair","countyFips":"185","wfo":"","scale":0,"scaleLabel":"F0","lengthMiles":5.7,"widthYards":17,"deaths":0,"injuries":0,"propertyDamage":2500,"cropDamage":0,"source":"","dataSource":"PUB"}},{"type":"Feature","geometry":{"type":"LineString","coordinates":[[-93.83,37.92],[-93.83,37.92]]},"properties":{"id":"ncei-1973-10058157","eventId":"10058157","episodeId":"","year":1973,"month":4,"date":"1973-04-20","beginTime":"1973-04-20T13:08:00","endTime":"1973-04-20T13:08:00","timezone":"CST","state":"MO","stateName":"Missouri","county":"St. Clair","countyFips":"185","wfo":"","scale":1,"scaleLabel":"F1","lengthMiles":13,"widthYards":17,"deaths":0,"injuries":0,"propertyDamage":250000,"cropDamage":0,"source":"","dataSource":"PUB"}},{"type":"Feature","geometry":{"type":"LineString","coordinates":[[-93.85,37.97],[-93.78,38.03]]},"properties":{"id":"ncei-1973-10058158","eventId":"10058158","episodeId":"","year":1973,"month":4,"date":"1973-04-20","beginTime":"1973-04-20T13:10:00","endTime":"1973-04-20T13:10:00","timezone":"CST","state":"MO","stateName":"Missouri","county":"St. Clair","countyFips":"185","wfo":"","scale":2,"scaleLabel":"F2","lengthMiles":5.7,"widthYards":17,"deaths":0,"injuries":0,"propertyDamage":25000,"cropDamage":0,"source":"","dataSource":"PUB"}},{"type":"Feature","geometry":{"type":"LineString","coordinates":[[-92.78,38.9],[-92.78,38.9]]},"properties":{"id":"ncei-1973-10058159","eventId":"10058159","episodeId":"","year":1973,"month":4,"date":"1973-04-20","beginTime":"1973-04-20T13:50:00","endTime":"1973-04-20T13:50:00","timezone":"CST","state":"MO","stateName":"Missouri","county":"Cooper","countyFips":"53","wfo":"","scale":1,"scaleLabel":"F1","lengthMiles":0.1,"widthYards":10,"deaths":0,"injuries":0,"propertyDamage":2500,"cropDamage":0,"source":"","dataSource":"PUB"}},{"type":"Feature","geometry":{"type":"LineString","coordinates":[[-93.8,37.57],[-93.8,37.57]]},"properties":{"id":"ncei-1973-10058160","eventId":"10058160","episodeId":"","year":1973,"month":4,"date":"1973-04-20","beginTime":"1973-04-20T14:30:00","endTime":"1973-04-20T14:30:00","timezone":"CST","state":"MO","stateName":"Missouri","county":"Cedar","countyFips":"39","wfo":"","scale":3,"scaleLabel":"F3","lengthMiles":1,"widthYards":50,"deaths":0,"injuries":0,"propertyDamage":25000,"cropDamage":0,"source":"","dataSource":"PUB"}},{"type":"Feature","geometry":{"type":"LineString","coordinates":[[-93.4,38.42],[-93.4,38.42]]},"properties":{"id":"ncei-1973-10058161","eventId":"10058161","episodeId":"","year":1973,"month":4,"date":"1973-04-20","beginTime":"1973-04-20T14:30:00","endTime":"1973-04-20T14:30:00","timezone":"CST","state":"MO","stateName":"Missouri","county":"Pettis","countyFips":"159","wfo":"","scale":3,"scaleLabel":"F3","lengthMiles":5,"widthYards":50,"deaths":0,"injuries":0,"propertyDamage":2500,"cropDamage":0,"source":"","dataSource":"PUB"}},{"type":"Feature","geometry":{"type":"LineString","coordinates":[[-93.5,39.32],[-93.5,39.32]]},"properties":{"id":"ncei-1973-10058163","eventId":"10058163","episodeId":"","year":1973,"month":4,"date":"1973-04-20","beginTime":"1973-04-20T16:55:00","endTime":"1973-04-20T16:55:00","timezone":"CST","state":"MO","stateName":"Missouri","county":"Carroll","countyFips":"33","wfo":"","scale":2,"scaleLabel":"F2","lengthMiles":5,"widthYards":33,"deaths":0,"injuries":0,"propertyDamage":25000,"cropDamage":0,"source":"","dataSource":"PUB"}},{"type":"Feature","geometry":{"type":"LineString","coordinates":[[-93.63,38.02],[-93.5,38.12]]},"properties":{"id":"ncei-1973-10058164","eventId":"10058164","episodeId":"","year":1973,"month":4,"date":"1973-04-20","beginTime":"1973-04-20T17:05:00","endTime":"1973-04-20T17:05:00","timezone":"CST","state":"MO","stateName":"Missouri","county":"St. Clair","countyFips":"185","wfo":"","scale":1,"scaleLabel":"F1","lengthMiles":9.8,"widthYards":33,"deaths":0,"injuries":0,"propertyDamage":25000,"cropDamage":0,"source":"","dataSource":"PUB"}},{"type":"Feature","geometry":{"type":"LineString","coordinates":[[-93.28,38.3],[-93.17,38.57]]},"properties":{"id":"ncei-1973-10058165","eventId":"10058165","episodeId":"","year":1973,"month":4,"date":"1973-04-20","beginTime":"1973-04-20T17:15:00","endTime":"1973-04-20T17:15:00","timezone":"CST","state":"MO","stateName":"Missouri","county":"Benton","countyFips":"15","wfo":"","scale":3,"scaleLabel":"F3","lengthMiles":19.4,"widthYards":100,"deaths":0,"injuries":4,"propertyDamage":250000,"cropDamage":0,"source":"","dataSource":"PUB"}},{"type":"Feature","geometry":{"type":"LineString","coordinates":[[-92.48,39.93],[-92.43,39.98]]},"properties":{"id":"ncei-1973-10058166","eventId":"10058166","episodeId":"","year":1973,"month":4,"date":"1973-04-20","beginTime":"1973-04-20T17:30:00","endTime":"1973-04-20T17:30:00","timezone":"CST","state":"MO","stateName":"Missouri","county":"Macon","countyFips":"121","wfo":"","scale":4,"scaleLabel":"F4","lengthMiles":3.8,"widthYards":440,"deaths":1,"injuries":3,"propertyDamage":25000,"cropDamage":0,"source":"","dataSource":"PUB"}},{"type":"Feature","geometry":{"type":"LineString","coordinates":[[-93.22,38.53],[-93.22,38.53]]},"properties":{"id":"ncei-1973-10058167","eventId":"10058167","episodeId":"","year":1973,"month":4,"date":"1973-04-20","beginTime":"1973-04-20T18:00:00","endTime":"1973-04-20T18:00:00","timezone":"CST","state":"MO","stateName":"Missouri","county":"Benton","countyFips":"15","wfo":"","scale":2,"scaleLabel":"F2","lengthMiles":2,"widthYards":33,"deaths":0,"injuries":0,"propertyDamage":250000,"cropDamage":0,"source":"","dataSource":"PUB"}},{"type":"Feature","geometry":{"type":"LineString","coordinates":[[-93.47,38.45],[-93.35,38.57]]},"properties":{"id":"ncei-1973-10058168","eventId":"10058168","episodeId":"","year":1973,"month":4,"date":"1973-04-20","beginTime":"1973-04-20T18:25:00","endTime":"1973-04-20T18:25:00","timezone":"CST","state":"MO","stateName":"Missouri","county":"Benton","countyFips":"15","wfo":"","scale":3,"scaleLabel":"F3","lengthMiles":10.1,"widthYards":100,"deaths":0,"injuries":0,"propertyDamage":250000,"cropDamage":0,"source":"","dataSource":"PUB"}},{"type":"Feature","geometry":{"type":"LineString","coordinates":[[-92.95,38.83],[-92.95,38.83]]},"properties":{"id":"ncei-1973-10058169","eventId":"10058169","episodeId":"","year":1973,"month":4,"date":"1973-04-20","beginTime":"1973-04-20T18:35:00","endTime":"1973-04-20T18:35:00","timezone":"CST","state":"MO","stateName":"Missouri","county":"Cooper","countyFips":"53","wfo":"","scale":2,"scaleLabel":"F2","lengthMiles":2.3,"widthYards":50,"deaths":0,"injuries":0,"propertyDamage":25000,"cropDamage":0,"source":"","dataSource":"PUB"}},{"type":"Feature","geometry":{"type":"LineString","coordinates":[[-92.05,40.43],[-91.95,40.55]]},"properties":{"id":"ncei-1973-10058170","eventId":"10058170","episodeId":"","year":1973,"month":4,"date":"1973-04-20","beginTime":"1973-04-20T18:35:00","endTime":"1973-04-20T18:35:00","timezone":"CST","state":"MO","stateName":"Missouri","county":"Scotland","countyFips":"199","wfo":"","scale":3,"scaleLabel":"F3","lengthMiles":9.5,"widthYards":440,"deaths":0,"injuries":0,"propertyDamage":250000,"cropDamage":0,"source":"","dataSource":"PUB"}},{"type":"Feature","geometry":{"type":"LineString","coordinates":[[-93.18,38.7],[-93.18,38.7]]},"properties":{"id":"ncei-1973-10058171","eventId":"10058171","episodeId":"","year":1973,"month":4,"date":"1973-04-20","beginTime":"1973-04-20T19:25:00","endTime":"1973-04-20T19:25:00","timezone":"CST","state":"MO","stateName":"Missouri","county":"Pettis","countyFips":"159","wfo":"","scale":2,"scaleLabel":"F2","lengthMiles":2,"widthYards":50,"deaths":0,"injuries":8,"propertyDamage":2500000,"cropDamage":0,"source":"","dataSource":"PUB"}},{"type":"Feature","geometry":{"type":"LineString","coordinates":[[-93.97,37.38],[-93.85,37.45]]},"properties":{"id":"ncei-1973-10058172","eventId":"10058172","episodeId":"","year":1973,"month":4,"date":"1973-04-20","beginTime":"1973-04-20T22:40:00","endTime":"1973-04-20T22:40:00","timezone":"CST","state":"MO","stateName":"Missouri","county":"Dade","countyFips":"57","wfo":"","scale":3,"scaleLabel":"F3","lengthMiles":7.8,"widthYards":100,"deaths":0,"injuries":6,"propertyDamage":2500000,"cropDamage":0,"source":"","dataSource":"PUB"}},{"type":"Feature","geometry":{"type":"LineString","coordinates":[[-93.85,37.45],[-93.85,37.45]]},"properties":{"id":"ncei-1973-10058173","eventId":"10058173","episodeId":"","year":1973,"month":4,"date":"1973-04-20","beginTime":"1973-04-20T22:55:00","endTime":"1973-04-20T22:55:00","timezone":"CST","state":"MO","stateName":"Missouri","county":"Dade","countyFips":"57","wfo":"","scale":3,"scaleLabel":"F3","lengthMiles":0,"widthYards":100,"deaths":0,"injuries":0,"propertyDamage":2500000,"cropDamage":0,"source":"","dataSource":"PUB"}},{"type":"Feature","geometry":{"type":"LineString","coordinates":[[-93.55,40.33],[-93.38,40.43]]},"properties":{"id":"ncei-1973-10058180","eventId":"10058180","episodeId":"","year":1973,"month":4,"date":"1973-04-21","beginTime":"1973-04-21T14:00:00","endTime":"1973-04-21T14:00:00","timezone":"CST","state":"MO","stateName":"Missouri","county":"Mercer","countyFips":"129","wfo":"","scale":4,"scaleLabel":"F4","lengthMiles":11,"widthYards":440,"deaths":0,"injuries":1,"propertyDamage":250000,"cropDamage":0,"source":"","dataSource":"PUB"}},{"type":"Feature","geometry":{"type":"LineString","coordinates":[[-93.38,40.43],[-93.32,40.47]]},"properties":{"id":"ncei-1973-10058183","eventId":"10058183","episodeId":"","year":1973,"month":4,"date":"1973-04-21","beginTime":"1973-04-21T14:20:00","endTime":"1973-04-21T14:20:00","timezone":"CST","state":"MO","stateName":"Missouri","county":"Putnam","countyFips":"171","wfo":"","scale":4,"scaleLabel":"F4","lengthMiles":3.6,"widthYards":440,"deaths":0,"injuries":0,"propertyDamage":250000,"cropDamage":0,"source":"","dataSource":"PUB"}},{"type":"Feature","geometry":{"type":"LineString","coordinates":[[-94.28,37.18],[-94.28,37.18]]},"properties":{"id":"ncei-1973-10058193","eventId":"10058193","episodeId":"","year":1973,"month":4,"date":"1973-04-21","beginTime":"1973-04-21T21:35:00","endTime":"1973-04-21T21:35:00","timezone":"CST","state":"MO","stateName":"Missouri","county":"Jasper","countyFips":"97","wfo":"","scale":2,"scaleLabel":"F2","lengthMiles":5,"widthYards":100,"deaths":0,"injuries":2,"propertyDamage":25000,"cropDamage":0,"source":"","dataSource":"PUB"}},{"type":"Feature","geometry":{"type":"LineString","coordinates":[[-90.17,36.2],[-90.17,36.2]]},"properties":{"id":"ncei-1973-10058195","eventId":"10058195","episodeId":"","year":1973,"month":4,"date":"1973-04-26","beginTime":"1973-04-26T06:16:00","endTime":"1973-04-26T06:16:00","timezone":"CST","state":"MO","stateName":"Missouri","county":"Dunklin","countyFips":"69","wfo":"","scale":2,"scaleLabel":"F2","lengthMiles":2,"widthYards":100,"deaths":0,"injuries":2,"propertyDamage":25000,"cropDamage":0,"source":"","dataSource":"PUB"}},{"type":"Feature","geometry":{"type":"LineString","coordinates":[[-93.6,39.1],[-93.6,39.1]]},"properties":{"id":"ncei-1973-10058202","eventId":"10058202","episodeId":"","year":1973,"month":5,"date":"1973-05-01","beginTime":"1973-05-01T13:30:00","endTime":"1973-05-01T13:30:00","timezone":"CST","state":"MO","stateName":"Missouri","county":"Lafayette","countyFips":"107","wfo":"","scale":2,"scaleLabel":"F2","lengthMiles":0.5,"widthYards":50,"deaths":0,"injuries":0,"propertyDamage":2500,"cropDamage":0,"source":"","dataSource":"PUB"}},{"type":"Feature","geometry":{"type":"LineString","coordinates":[[-91.67,39.43],[-91.67,39.43]]},"properties":{"id":"ncei-1973-10058203","eventId":"10058203","episodeId":"","year":1973,"month":5,"date":"1973-05-01","beginTime":"1973-05-01T13:50:00","endTime":"1973-05-01T13:50:00","timezone":"CST","state":"MO","stateName":"Missouri","county":"Ralls","countyFips":"173","wfo":"","scale":1,"scaleLabel":"F1","lengthMiles":0.5,"widthYards":100,"deaths":0,"injuries":0,"propertyDamage":0,"cropDamage":0,"source":"","dataSource":"PUB"}},{"type":"Feature","geometry":{"type":"LineString","coordinates":[[-92.6,40.4],[-92.6,40.4]]},"properties":{"id":"ncei-1973-10058204","eventId":"10058204","episodeId":"","year":1973,"month":5,"date":"1973-05-01","beginTime":"1973-05-01T14:50:00","endTime":"1973-05-01T14:50:00","timezone":"CST","state":"MO","stateName":"Missouri","county":"Schuyler","countyFips":"197","wfo":"","scale":1,"scaleLabel":"F1","lengthMiles":1,"widthYards":50,"deaths":0,"injuries":0,"propertyDamage":2500,"cropDamage":0,"source":"","dataSource":"PUB"}},{"type":"Feature","geometry":{"type":"LineString","coordinates":[[-92.5,40.5],[-92.5,40.5]]},"properties":{"id":"ncei-1973-10058205","eventId":"10058205","episodeId":"","year":1973,"month":5,"date":"1973-05-01","beginTime":"1973-05-01T16:20:00","endTime":"1973-05-01T16:20:00","timezone":"CST","state":"MO","stateName":"Missouri","county":"Schuyler","countyFips":"197","wfo":"","scale":1,"scaleLabel":"F1","lengthMiles":1,"widthYards":20,"deaths":0,"injuries":0,"propertyDamage":0,"cropDamage":0,"source":"","dataSource":"PUB"}},{"type":"Feature","geometry":{"type":"LineString","coordinates":[[-91.73,40.42],[-91.67,40.45]]},"properties":{"id":"ncei-1973-10059067","eventId":"10059067","episodeId":"","year":1973,"month":5,"date":"1973-05-01","beginTime":"1973-05-01T20:30:00","endTime":"1973-05-01T20:30:00","timezone":"CST","state":"MO","stateName":"Missouri","county":"Clark","countyFips":"45","wfo":"","scale":3,"scaleLabel":"F3","lengthMiles":3.6,"widthYards":440,"deaths":2,"injuries":20,"propertyDamage":2500000,"cropDamage":0,"source":"","dataSource":"PUB"}},{"type":"Feature","geometry":{"type":"LineString","coordinates":[[-93.95,37.38],[-93.95,37.38]]},"properties":{"id":"ncei-1973-10059078","eventId":"10059078","episodeId":"","year":1973,"month":12,"date":"1973-12-24","beginTime":"1973-12-24T15:30:00","endTime":"1973-12-24T15:30:00","timezone":"CST","state":"MO","stateName":"Missouri","county":"Dade","countyFips":"57","wfo":"","scale":0,"scaleLabel":"F0","lengthMiles":0.3,"widthYards":33,"deaths":0,"injuries":0,"propertyDamage":25000,"cropDamage":0,"source":"","dataSource":"PUB"}},{"type":"Feature","geometry":{"type":"LineString","coordinates":[[-94.4,39.3],[-94.4,39.3]]},"properties":{"id":"ncei-1973-10059289","eventId":"10059289","episodeId":"","year":1973,"month":5,"date":"1973-05-07","beginTime":"1973-05-07T12:20:00","endTime":"1973-05-07T12:20:00","timezone":"CST","state":"MO","stateName":"Missouri","county":"Clay","countyFips":"47","wfo":"","scale":2,"scaleLabel":"F2","lengthMiles":0.5,"widthYards":20,"deaths":0,"injuries":0,"propertyDamage":25000,"cropDamage":0,"source":"","dataSource":"PUB"}},{"type":"Feature","geometry":{"type":"LineString","coordinates":[[-92.3,36.5],[-92.3,36.5]]},"properties":{"id":"ncei-1973-10059290","eventId":"10059290","episodeId":"","year":1973,"month":5,"date":"1973-05-07","beginTime":"1973-05-07T13:45:00","endTime":"1973-05-07T13:45:00","timezone":"CST","state":"MO","stateName":"Missouri","county":"Ozark","countyFips":"153","wfo":"","scale":1,"scaleLabel":"F1","lengthMiles":5,"widthYards":50,"deaths":0,"injuries":0,"propertyDamage":25000,"cropDamage":0,"source":"","dataSource":"PUB"}},{"type":"Feature","geometry":{"type":"LineString","coordinates":[[-92.07,36.73],[-91.93,36.75]]},"properties":{"id":"ncei-1973-10059291","eventId":"10059291","episodeId":"","year":1973,"month":5,"date":"1973-05-07","beginTime":"1973-05-07T14:25:00","endTime":"1973-05-07T14:25:00","timezone":"CST","state":"MO","stateName":"Missouri","county":"Howell","countyFips":"91","wfo":"","scale":2,"scaleLabel":"F2","lengthMiles":7.4,"widthYards":100,"deaths":0,"injuries":1,"propertyDamage":25000,"cropDamage":0,"source":"","dataSource":"PUB"}},{"type":"Feature","geometry":{"type":"LineString","coordinates":[[-90.47,37.4],[-90.3,37.57]]},"properties":{"id":"ncei-1973-10059295","eventId":"10059295","episodeId":"","year":1973,"month":5,"date":"1973-05-07","beginTime":"1973-05-07T16:05:00","endTime":"1973-05-07T16:05:00","timezone":"CST","state":"MO","stateName":"Missouri","county":"Madison","countyFips":"123","wfo":"","scale":2,"scaleLabel":"F2","lengthMiles":14.6,"widthYards":100,"deaths":0,"injuries":0,"propertyDamage":250000,"cropDamage":0,"source":"","dataSource":"PUB"}},{"type":"Feature","geometry":{"type":"LineString","coordinates":[[-93.42,37.62],[-93.42,37.62]]},"properties":{"id":"ncei-1973-10059298","eventId":"10059298","episodeId":"","year":1973,"month":5,"date":"1973-05-07","beginTime":"1973-05-07T16:45:00","endTime":"1973-05-07T16:45:00","timezone":"CST","state":"MO","stateName":"Missouri","county":"Polk","countyFips":"167","wfo":"","scale":0,"scaleLabel":"F0","lengthMiles":1,"widthYards":50,"deaths":0,"injuries":0,"propertyDamage":25000,"cropDamage":0,"source":"","dataSource":"PUB"}},{"type":"Feature","geometry":{"type":"LineString","coordinates":[[-91,39.3],[-91,39.3]]},"properties":{"id":"ncei-1973-10059299","eventId":"10059299","episodeId":"","year":1973,"month":5,"date":"1973-05-07","beginTime":"1973-05-07T16:45:00","endTime":"1973-05-07T16:45:00","timezone":"CST","state":"MO","stateName":"Missouri","county":"Pike","countyFips":"163","wfo":"","scale":1,"scaleLabel":"F1","lengthMiles":1,"widthYards":50,"deaths":0,"injuries":0,"propertyDamage":2500,"cropDamage":0,"source":"","dataSource":"PUB"}},{"type":"Feature","geometry":{"type":"LineString","coordinates":[[-90.35,36.75],[-90.3,36.78]]},"properties":{"id":"ncei-1973-10059300","eventId":"10059300","episodeId":"","year":1973,"month":5,"date":"1973-05-07","beginTime":"1973-05-07T16:50:00","endTime":"1973-05-07T16:50:00","timezone":"CST","state":"MO","stateName":"Missouri","county":"Butler","countyFips":"23","wfo":"","scale":3,"scaleLabel":"F3","lengthMiles":3.6,"widthYards":100,"deaths":0,"injuries":7,"propertyDamage":250000,"cropDamage":0,"source":"","dataSource":"PUB"}},{"type":"Feature","geometry":{"type":"LineString","coordinates":[[-90.3,36.78],[-89.72,36.83]]},"properties":{"id":"ncei-1973-10059301","eventId":"10059301","episodeId":"","year":1973,"month":5,"date":"1973-05-07","beginTime":"1973-05-07T17:00:00","endTime":"1973-05-07T17:00:00","timezone":"CST","state":"MO","stateName":"Missouri","county":"Stoddard","countyFips":"207","wfo":"","scale":3,"scaleLabel":"F3","lengthMiles":32.4,"widthYards":100,"deaths":0,"injuries":0,"propertyDamage":250000,"cropDamage":0,"source":"","dataSource":"PUB"}},{"type":"Feature","geometry":{"type":"LineString","coordinates":[[-90.2,38.47],[-90.2,38.47]]},"properties":{"id":"ncei-1973-10059303","eventId":"10059303","episodeId":"","year":1973,"month":5,"date":"1973-05-07","beginTime":"1973-05-07T17:10:00","endTime":"1973-05-07T17:10:00","timezone":"CST","state":"MO","stateName":"Missouri","county":"St. Louis","countyFips":"189","wfo":"","scale":2,"scaleLabel":"F2","lengthMiles":0.5,"widthYards":50,"deaths":0,"injuries":0,"propertyDamage":25000,"cropDamage":0,"source":"","dataSource":"PUB"}},{"type":"Feature","geometry":{"type":"LineString","coordinates":[[-90,37.7],[-90,37.7]]},"properties":{"id":"ncei-1973-10059305","eventId":"10059305","episodeId":"","year":1973,"month":5,"date":"1973-05-07","beginTime":"1973-05-07T17:15:00","endTime":"1973-05-07T17:15:00","timezone":"CST","state":"MO","stateName":"Missouri","county":"Perry","countyFips":"157","wfo":"","scale":1,"scaleLabel":"F1","lengthMiles":1,"widthYards":50,"deaths":0,"injuries":0,"propertyDamage":2500,"cropDamage":0,"source":"","dataSource":"PUB"}},{"type":"Feature","geometry":{"type":"LineString","coordinates":[[-89.67,37.38],[-89.67,37.38]]},"properties":{"id":"ncei-1973-10059306","eventId":"10059306","episodeId":"","year":1973,"month":5,"date":"1973-05-07","beginTime":"1973-05-07T19:25:00","endTime":"1973-05-07T19:25:00","timezone":"CST","state":"MO","stateName":"Missouri","county":"Cape Girardeau","countyFips":"31","wfo":"","scale":0,"scaleLabel":"F0","lengthMiles":0.3,"widthYards":27,"deaths":0,"injuries":0,"propertyDamage":0,"cropDamage":0,"source":"","dataSource":"PUB"}},{"type":"Feature","geometry":{"type":"LineString","coordinates":[[-89.92,37.1],[-89.92,37.1]]},"properties":{"id":"ncei-1973-10059307","eventId":"10059307","episodeId":"","year":1973,"month":5,"date":"1973-05-07","beginTime":"1973-05-07T20:30:00","endTime":"1973-05-07T20:30:00","timezone":"CST","state":"MO","stateName":"Missouri","county":"Stoddard","countyFips":"207","wfo":"","scale":2,"scaleLabel":"F2","lengthMiles":0.3,"widthYards":27,"deaths":0,"injuries":0,"propertyDamage":0,"cropDamage":0,"source":"","dataSource":"PUB"}},{"type":"Feature","geometry":{"type":"LineString","coordinates":[[-93,38.8],[-93,38.8]]},"properties":{"id":"ncei-1973-10059320","eventId":"10059320","episodeId":"","year":1973,"month":5,"date":"1973-05-21","beginTime":"1973-05-21T16:50:00","endTime":"1973-05-21T16:50:00","timezone":"CST","state":"MO","stateName":"Missouri","county":"Cooper","countyFips":"53","wfo":"","scale":1,"scaleLabel":"F1","lengthMiles":0.5,"widthYards":50,"deaths":0,"injuries":0,"propertyDamage":2500,"cropDamage":0,"source":"","dataSource":"PUB"}},{"type":"Feature","geometry":{"type":"LineString","coordinates":[[-92.55,40.1],[-92.55,40.1]]},"properties":{"id":"ncei-1973-10059328","eventId":"10059328","episodeId":"","year":1973,"month":5,"date":"1973-05-26","beginTime":"1973-05-26T16:30:00","endTime":"1973-05-26T16:30:00","timezone":"CST","state":"MO","stateName":"Missouri","county":"Adair","countyFips":"1","wfo":"","scale":1,"scaleLabel":"F1","lengthMiles":5,"widthYards":50,"deaths":0,"injuries":0,"propertyDamage":25000,"cropDamage":0,"source":"","dataSource":"PUB"}},{"type":"Feature","geometry":{"type":"LineString","coordinates":[[-92.4,37.1],[-92.4,37.1]]},"properties":{"id":"ncei-1973-10059329","eventId":"10059329","episodeId":"","year":1973,"month":5,"date":"1973-05-26","beginTime":"1973-05-26T18:00:00","endTime":"1973-05-26T18:00:00","timezone":"CST","state":"MO","stateName":"Missouri","county":"Wright","countyFips":"229","wfo":"","scale":1,"scaleLabel":"F1","lengthMiles":2,"widthYards":50,"deaths":0,"injuries":0,"propertyDamage":2500,"cropDamage":0,"source":"","dataSource":"PUB"}},{"type":"Feature","geometry":{"type":"LineString","coordinates":[[-92.17,38.82],[-92.17,38.82]]},"properties":{"id":"ncei-1973-10059332","eventId":"10059332","episodeId":"","year":1973,"month":5,"date":"1973-05-26","beginTime":"1973-05-26T18:50:00","endTime":"1973-05-26T18:50:00","timezone":"CST","state":"MO","stateName":"Missouri","county":"Boone","countyFips":"19","wfo":"","scale":2,"scaleLabel":"F2","lengthMiles":3,"widthYards":50,"deaths":0,"injuries":1,"propertyDamage":250000,"cropDamage":0,"source":"","dataSource":"PUB"}},{"type":"Feature","geometry":{"type":"LineString","coordinates":[[-90.72,37.58],[-90.72,37.58]]},"properties":{"id":"ncei-1973-10059335","eventId":"10059335","episodeId":"","year":1973,"month":5,"date":"1973-05-26","beginTime":"1973-05-26T20:05:00","endTime":"1973-05-26T20:05:00","timezone":"CST","state":"MO","stateName":"Missouri","county":"Iron","countyFips":"93","wfo":"","scale":1,"scaleLabel":"F1","lengthMiles":1,"widthYards":50,"deaths":0,"injuries":0,"propertyDamage":0,"cropDamage":0,"source":"","dataSource":"PUB"}},{"type":"Feature","geometry":{"type":"LineString","coordinates":[[-90.45,38.65],[-90.45,38.65]]},"properties":{"id":"ncei-1973-10059339","eventId":"10059339","episodeId":"","year":1973,"month":5,"date":"1973-05-26","beginTime":"1973-05-26T21:30:00","endTime":"1973-05-26T21:30:00","timezone":"CST","state":"MO","stateName":"Missouri","county":"St. Louis","countyFips":"189","wfo":"","scale":2,"scaleLabel":"F2","lengthMiles":1,"widthYards":100,"deaths":0,"injuries":0,"propertyDamage":250000,"cropDamage":0,"source":"","dataSource":"PUB"}},{"type":"Feature","geometry":{"type":"LineString","coordinates":[[-92.48,39.42],[-92.48,39.42]]},"properties":{"id":"ncei-1973-10059341","eventId":"10059341","episodeId":"","year":1973,"month":5,"date":"1973-05-26","beginTime":"1973-05-26T22:30:00","endTime":"1973-05-26T22:30:00","timezone":"CST","state":"MO","stateName":"Missouri","county":"Randolph","countyFips":"175","wfo":"","scale":0,"scaleLabel":"F0","lengthMiles":0,"widthYards":33,"deaths":0,"injuries":0,"propertyDamage":0,"cropDamage":0,"source":"","dataSource":"PUB"}},{"type":"Feature","geometry":{"type":"LineString","coordinates":[[-90.72,37.45],[-90.72,37.45]]},"properties":{"id":"ncei-1973-10059342","eventId":"10059342","episodeId":"","year":1973,"month":5,"date":"1973-05-26","beginTime":"1973-05-26T22:30:00","endTime":"1973-05-26T22:30:00","timezone":"CST","state":"MO","stateName":"Missouri","county":"Iron","countyFips":"93","wfo":"","scale":1,"scaleLabel":"F1","lengthMiles":3,"widthYards":210,"deaths":0,"injuries":0,"propertyDamage":0,"cropDamage":0,"source":"","dataSource":"PUB"}},{"type":"Feature","geometry":{"type":"LineString","coordinates":[[-90.18,37.42],[-90.18,37.42]]},"properties":{"id":"ncei-1973-10059343","eventId":"10059343","episodeId":"","year":1973,"month":5,"date":"1973-05-26","beginTime":"1973-05-26T23:00:00","endTime":"1973-05-26T23:00:00","timezone":"CST","state":"MO","stateName":"Missouri","county":"Madison","countyFips":"123","wfo":"","scale":2,"scaleLabel":"F2","lengthMiles":3,"widthYards":200,"deaths":0,"injuries":0,"propertyDamage":0,"cropDamage":0,"source":"","dataSource":"PUB"}},{"type":"Feature","geometry":{"type":"LineString","coordinates":[[-90.07,36.22],[-90.07,36.22]]},"properties":{"id":"ncei-1973-10059344","eventId":"10059344","episodeId":"","year":1973,"month":5,"date":"1973-05-27","beginTime":"1973-05-27T02:00:00","endTime":"1973-05-27T02:00:00","timezone":"CST","state":"MO","stateName":"Missouri","county":"Dunklin","countyFips":"69","wfo":"","scale":1,"scaleLabel":"F1","lengthMiles":0.5,"widthYards":30,"deaths":0,"injuries":0,"propertyDamage":250000,"cropDamage":0,"source":"","dataSource":"PUB"}},{"type":"Feature","geometry":{"type":"LineString","coordinates":[[-89.67,37.45],[-89.67,37.45]]},"properties":{"id":"ncei-1973-10059345","eventId":"10059345","episodeId":"","year":1973,"month":6,"date":"1973-06-02","beginTime":"1973-06-02T14:40:00","endTime":"1973-06-02T14:40:00","timezone":"CST","state":"MO","stateName":"Missouri","county":"Cape Girardeau","countyFips":"31","wfo":"","scale":1,"scaleLabel":"F1","lengthMiles":0,"widthYards":33,"deaths":0,"injuries":0,"propertyDamage":0,"cropDamage":0,"source":"","dataSource":"PUB"}},{"type":"Feature","geometry":{"type":"LineString","coordinates":[[-91.98,36.58],[-91.98,36.58]]},"properties":{"id":"ncei-1973-10059346","eventId":"10059346","episodeId":"","year":1973,"month":6,"date":"1973-06-02","beginTime":"1973-06-02T23:30:00","endTime":"1973-06-02T23:30:00","timezone":"CST","state":"MO","stateName":"Missouri","county":"Howell","countyFips":"91","wfo":"","scale":1,"scaleLabel":"F1","lengthMiles":1,"widthYards":100,"deaths":0,"injuries":0,"propertyDamage":25000,"cropDamage":0,"source":"","dataSource":"PUB"}},{"type":"Feature","geometry":{"type":"LineString","coordinates":[[-90.52,37.85],[-90.52,37.85]]},"properties":{"id":"ncei-1973-10059347","eventId":"10059347","episodeId":"","year":1973,"month":6,"date":"1973-06-03","beginTime":"1973-06-03T18:00:00","endTime":"1973-06-03T18:00:00","timezone":"CST","state":"MO","stateName":"Missouri","county":"St. Francois","countyFips":"187","wfo":"","scale":2,"scaleLabel":"F2","lengthMiles":0,"widthYards":50,"deaths":0,"injuries":0,"propertyDamage":25000,"cropDamage":0,"source":"","dataSource":"PUB"}},{"type":"Feature","geometry":{"type":"LineString","coordinates":[[-90.83,36.75],[-90.83,36.75]]},"properties":{"id":"ncei-1973-10059350","eventId":"10059350","episodeId":"","year":1973,"month":6,"date":"1973-06-04","beginTime":"1973-06-04T12:00:00","endTime":"1973-06-04T12:00:00","timezone":"CST","state":"MO","stateName":"Missouri","county":"Carter","countyFips":"35","wfo":"","scale":0,"scaleLabel":"F0","lengthMiles":0,"widthYards":33,"deaths":0,"injuries":0,"propertyDamage":0,"cropDamage":0,"source":"","dataSource":"PUB"}},{"type":"Feature","geometry":{"type":"LineString","coordinates":[[-92.23,38.98],[-92.23,38.98]]},"properties":{"id":"ncei-1973-10060715","eventId":"10060715","episodeId":"","year":1973,"month":12,"date":"1973-12-04","beginTime":"1973-12-04T06:30:00","endTime":"1973-12-04T06:30:00","timezone":"CST","state":"MO","stateName":"Missouri","county":"Boone","countyFips":"19","wfo":"","scale":0,"scaleLabel":"F0","lengthMiles":0,"widthYards":33,"deaths":0,"injuries":0,"propertyDamage":25000,"cropDamage":0,"source":"","dataSource":"PUB"}},{"type":"Feature","geometry":{"type":"LineString","coordinates":[[-99.8,41.1],[-99.8,41.1]]},"properties":{"id":"ncei-1973-10064858","eventId":"10064858","episodeId":"","year":1973,"month":4,"date":"1973-04-14","beginTime":"1973-04-14T19:30:00","endTime":"1973-04-14T19:30:00","timezone":"CST","state":"NE","stateName":"Nebraska","county":"Custer","countyFips":"41","wfo":"","scale":1,"scaleLabel":"F1","lengthMiles":0,"widthYards":33,"deaths":0,"injuries":0,"propertyDamage":2500000,"cropDamage":0,"source":"","dataSource":"PUB"}},{"type":"Feature","geometry":{"type":"LineString","coordinates":[[-99.4,41.6],[-98.7,41.8]]},"properties":{"id":"ncei-1973-10064859","eventId":"10064859","episodeId":"","year":1973,"month":4,"date":"1973-04-14","beginTime":"1973-04-14T20:00:00","endTime":"1973-04-14T20:00:00","timezone":"CST","state":"NE","stateName":"Nebraska","county":"Custer","countyFips":"41","wfo":"","scale":1,"scaleLabel":"F1","lengthMiles":38.5,"widthYards":33,"deaths":0,"injuries":0,"propertyDamage":250000,"cropDamage":0,"source":"","dataSource":"PUB"}},{"type":"Feature","geometry":{"type":"LineString","coordinates":[[-97.75,41.13],[-97.75,41.13]]},"properties":{"id":"ncei-1973-10064878","eventId":"10064878","episodeId":"","year":1973,"month":4,"date":"1973-04-30","beginTime":"1973-04-30T07:40:00","endTime":"1973-04-30T07:40:00","timezone":"CST","state":"NE","stateName":"Nebraska","county":"Polk","countyFips":"143","wfo":"","scale":0,"scaleLabel":"F0","lengthMiles":0,"widthYards":33,"deaths":0,"injuries":0,"propertyDamage":25000,"cropDamage":0,"source":"","dataSource":"PUB"}},{"type":"Feature","geometry":{"type":"LineString","coordinates":[[-98.5,41.57],[-98.5,41.57]]},"properties":{"id":"ncei-1973-10064880","eventId":"10064880","episodeId":"","year":1973,"month":5,"date":"1973-05-05","beginTime":"1973-05-05T01:30:00","endTime":"1973-05-05T01:30:00","timezone":"CST","state":"NE","stateName":"Nebraska","county":"Greeley","countyFips":"77","wfo":"","scale":0,"scaleLabel":"F0","lengthMiles":0,"widthYards":33,"deaths":0,"injuries":0,"propertyDamage":25000,"cropDamage":0,"source":"","dataSource":"PUB"}},{"type":"Feature","geometry":{"type":"LineString","coordinates":[[-97.45,41.17],[-97.45,41.17]]},"properties":{"id":"ncei-1973-10064886","eventId":"10064886","episodeId":"","year":1973,"month":5,"date":"1973-05-26","beginTime":"1973-05-26T14:00:00","endTime":"1973-05-26T14:00:00","timezone":"CST","state":"NE","stateName":"Nebraska","county":"Polk","countyFips":"143","wfo":"","scale":0,"scaleLabel":"F0","lengthMiles":0,"widthYards":33,"deaths":0,"injuries":0,"propertyDamage":25000,"cropDamage":0,"source":"","dataSource":"PUB"}},{"type":"Feature","geometry":{"type":"LineString","coordinates":[[-98.07,40.03],[-98.07,40.03]]},"properties":{"id":"ncei-1973-10064893","eventId":"10064893","episodeId":"","year":1973,"month":6,"date":"1973-06-02","beginTime":"1973-06-02T20:30:00","endTime":"1973-06-02T20:30:00","timezone":"CST","state":"NE","stateName":"Nebraska","county":"Nuckolls","countyFips":"129","wfo":"","scale":1,"scaleLabel":"F1","lengthMiles":0,"widthYards":33,"deaths":0,"injuries":0,"propertyDamage":0,"cropDamage":0,"source":"","dataSource":"PUB"}},{"type":"Feature","geometry":{"type":"LineString","coordinates":[[-97.77,42.35],[-97.52,42.2]]},"properties":{"id":"ncei-1973-10064908","eventId":"10064908","episodeId":"","year":1973,"month":6,"date":"1973-06-18","beginTime":"1973-06-18T02:30:00","endTime":"1973-06-18T02:30:00","timezone":"CST","state":"NE","stateName":"Nebraska","county":"Pierce","countyFips":"139","wfo":"","scale":2,"scaleLabel":"F2","lengthMiles":16.2,"widthYards":33,"deaths":0,"injuries":0,"propertyDamage":250000,"cropDamage":0,"source":"","dataSource":"PUB"}},{"type":"Feature","geometry":{"type":"LineString","coordinates":[[-97.25,42.5],[-97.25,42.5]]},"properties":{"id":"ncei-1973-10064928","eventId":"10064928","episodeId":"","year":1973,"month":7,"date":"1973-07-01","beginTime":"1973-07-01T20:45:00","endTime":"1973-07-01T20:45:00","timezone":"CST","state":"NE","stateName":"Nebraska","county":"Cedar","countyFips":"27","wfo":"","scale":0,"scaleLabel":"F0","lengthMiles":0,"widthYards":33,"deaths":0,"injuries":0,"propertyDamage":25000,"cropDamage":0,"source":"","dataSource":"PUB"}},{"type":"Feature","geometry":{"type":"LineString","coordinates":[[-96.73,42.32],[-96.73,42.32]]},"properties":{"id":"ncei-1973-10064933","eventId":"10064933","episodeId":"","year":1973,"month":7,"date":"1973-07-01","beginTime":"1973-07-01T21:15:00","endTime":"1973-07-01T21:15:00","timezone":"CST","state":"NE","stateName":"Nebraska","county":"Thurston","countyFips":"173","wfo":"","scale":1,"scaleLabel":"F1","lengthMiles":0,"widthYards":33,"deaths":0,"injuries":0,"propertyDamage":25000,"cropDamage":0,"source":"","dataSource":"PUB"}},{"type":"Feature","geometry":{"type":"LineString","coordinates":[[-98.5,40.83],[-98.5,40.83]]},"properties":{"id":"ncei-1973-10064955","eventId":"10064955","episodeId":"","year":1973,"month":7,"date":"1973-07-03","beginTime":"1973-07-03T20:10:00","endTime":"1973-07-03T20:10:00","timezone":"CST","state":"NE","stateName":"Nebraska","county":"Hall","countyFips":"79","wfo":"","scale":1,"scaleLabel":"F1","lengthMiles":0,"widthYards":33,"deaths":0,"injuries":0,"propertyDamage":2500000,"cropDamage":0,"source":"","dataSource":"PUB"}},{"type":"Feature","geometry":{"type":"LineString","coordinates":[[-96.75,41.3],[-96.75,41.3]]},"properties":{"id":"ncei-1973-10065749","eventId":"10065749","episodeId":"","year":1973,"month":7,"date":"1973-07-03","beginTime":"1973-07-03T21:30:00","endTime":"1973-07-03T21:30:00","timezone":"CST","state":"NE","stateName":"Nebraska","county":"Saunders","countyFips":"155","wfo":"","scale":1,"scaleLabel":"F1","lengthMiles":0,"widthYards":33,"deaths":0,"injuries":0,"propertyDamage":2500000,"cropDamage":0,"source":"","dataSource":"PUB"}},{"type":"Feature","geometry":{"type":"LineString","coordinates":[[-98.17,41.83],[-97.97,41.88]]},"properties":{"id":"ncei-1973-10065993","eventId":"10065993","episodeId":"","year":1973,"month":7,"date":"1973-07-24","beginTime":"1973-07-24T15:00:00","endTime":"1973-07-24T15:00:00","timezone":"CST","state":"NE","stateName":"Nebraska","county":"Boone","countyFips":"11","wfo":"","scale":1,"scaleLabel":"F1","lengthMiles":10.5,"widthYards":200,"deaths":0,"injuries":0,"propertyDamage":250000,"cropDamage":0,"source":"","dataSource":"PUB"}},{"type":"Feature","geometry":{"type":"LineString","coordinates":[[-98.57,41],[-98.57,41]]},"properties":{"id":"ncei-1973-10067120","eventId":"10067120","episodeId":"","year":1973,"month":9,"date":"1973-09-02","beginTime":"1973-09-02T17:30:00","endTime":"1973-09-02T17:30:00","timezone":"CST","state":"NE","stateName":"Nebraska","county":"Hall","countyFips":"79","wfo":"","scale":0,"scaleLabel":"F0","lengthMiles":0,"widthYards":33,"deaths":0,"injuries":0,"propertyDamage":25000,"cropDamage":0,"source":"","dataSource":"PUB"}},{"type":"Feature","geometry":{"type":"LineString","coordinates":[[-96.78,40],[-96.52,40.52]]},"properties":{"id":"ncei-1973-10067128","eventId":"10067128","episodeId":"","year":1973,"month":9,"date":"1973-09-25","beginTime":"1973-09-25T19:36:00","endTime":"1973-09-25T19:36:00","timezone":"CST","state":"NE","stateName":"Nebraska","county":"Gage","countyFips":"67","wfo":"","scale":3,"scaleLabel":"F3","lengthMiles":38.2,"widthYards":100,"deaths":0,"injuries":8,"propertyDamage":2500000,"cropDamage":0,"source":"","dataSource":"PUB"}},{"type":"Feature","geometry":{"type":"LineString","coordinates":[[-97.6,40.1],[-97.6,40.1]]},"properties":{"id":"ncei-1973-10067130","eventId":"10067130","episodeId":"","year":1973,"month":9,"date":"1973-09-25","beginTime":"1973-09-25T21:20:00","endTime":"1973-09-25T21:20:00","timezone":"CST","state":"NE","stateName":"Nebraska","county":"Thayer","countyFips":"169","wfo":"","scale":0,"scaleLabel":"F0","lengthMiles":0,"widthYards":33,"deaths":0,"injuries":0,"propertyDamage":25000,"cropDamage":0,"source":"","dataSource":"PUB"}},{"type":"Feature","geometry":{"type":"LineString","coordinates":[[-98.5,40.9],[-98.5,40.9]]},"properties":{"id":"ncei-1973-10067135","eventId":"10067135","episodeId":"","year":1973,"month":10,"date":"1973-10-09","beginTime":"1973-10-09T17:30:00","endTime":"1973-10-09T17:30:00","timezone":"CST","state":"NE","stateName":"Nebraska","county":"Hall","countyFips":"79","wfo":"","scale":2,"scaleLabel":"F2","lengthMiles":1,"widthYards":33,"deaths":0,"injuries":5,"propertyDamage":250000,"cropDamage":0,"source":"","dataSource":"PUB"}},{"type":"Feature","geometry":{"type":"LineString","coordinates":[[-97.2,41.7],[-97.2,41.7]]},"properties":{"id":"ncei-1973-10067138","eventId":"10067138","episodeId":"","year":1973,"month":10,"date":"1973-10-09","beginTime":"1973-10-09T20:00:00","endTime":"1973-10-09T20:00:00","timezone":"CST","state":"NE","stateName":"Nebraska","county":"Colfax","countyFips":"37","wfo":"","scale":0,"scaleLabel":"F0","lengthMiles":1,"widthYards":33,"deaths":0,"injuries":0,"propertyDamage":25000,"cropDamage":0,"source":"","dataSource":"PUB"}},{"type":"Feature","geometry":{"type":"LineString","coordinates":[[-97.7,40.8],[-97.7,40.8]]},"properties":{"id":"ncei-1973-10069198","eventId":"10069198","episodeId":"","year":1973,"month":5,"date":"1973-05-26","beginTime":"1973-05-26T15:15:00","endTime":"1973-05-26T15:15:00","timezone":"CST","state":"NE","stateName":"Nebraska","county":"York","countyFips":"185","wfo":"","scale":0,"scaleLabel":"F0","lengthMiles":0,"widthYards":33,"deaths":0,"injuries":0,"propertyDamage":0,"cropDamage":0,"source":"","dataSource":"PUB"}},{"type":"Feature","geometry":{"type":"LineString","coordinates":[[-97.33,41.43],[-97.33,41.43]]},"properties":{"id":"ncei-1973-10069199","eventId":"10069199","episodeId":"","year":1973,"month":5,"date":"1973-05-26","beginTime":"1973-05-26T16:30:00","endTime":"1973-05-26T16:30:00","timezone":"CST","state":"NE","stateName":"Nebraska","county":"Platte","countyFips":"141","wfo":"","scale":0,"scaleLabel":"F0","lengthMiles":0,"widthYards":33,"deaths":0,"injuries":0,"propertyDamage":2500,"cropDamage":0,"source":"","dataSource":"PUB"}},{"type":"Feature","geometry":{"type":"LineString","coordinates":[[-110.97,47.67],[-110.97,47.67]]},"properties":{"id":"ncei-1973-10072418","eventId":"10072418","episodeId":"","year":1973,"month":8,"date":"1973-08-04","beginTime":"1973-08-04T18:30:00","endTime":"1973-08-04T18:30:00","timezone":"CST","state":"MT","stateName":"Montana","county":"Chouteau","countyFips":"15","wfo":"","scale":0,"scaleLabel":"F0","lengthMiles":0.1,"widthYards":10,"deaths":0,"injuries":0,"propertyDamage":25000,"cropDamage":0,"source":"","dataSource":"PUB"}},{"type":"Feature","geometry":{"type":"LineString","coordinates":[[-109.93,45.83],[-109.93,45.83]]},"properties":{"id":"ncei-1973-10073536","eventId":"10073536","episodeId":"","year":1973,"month":5,"date":"1973-05-20","beginTime":"1973-05-20T15:00:00","endTime":"1973-05-20T15:00:00","timezone":"CST","state":"MT","stateName":"Montana","county":"Sweet Grass","countyFips":"97","wfo":"","scale":0,"scaleLabel":"F0","lengthMiles":0.1,"widthYards":17,"deaths":0,"injuries":0,"propertyDamage":0,"cropDamage":0,"source":"","dataSource":"PUB"}},{"type":"Feature","geometry":{"type":"LineString","coordinates":[[-74.05,42.55],[-74.05,42.55]]},"properties":{"id":"ncei-1973-10073940","eventId":"10073940","episodeId":"","year":1973,"month":6,"date":"1973-06-30","beginTime":"1973-06-30T16:15:00","endTime":"1973-06-30T16:15:00","timezone":"CST","state":"NY","stateName":"New York","county":"Albany","countyFips":"1","wfo":"","scale":1,"scaleLabel":"F1","lengthMiles":1.3,"widthYards":10,"deaths":0,"injuries":2,"propertyDamage":25000,"cropDamage":0,"source":"","dataSource":"PUB"}},{"type":"Feature","geometry":{"type":"LineString","coordinates":[[-74.38,43.8],[-74.38,43.77]]},"properties":{"id":"ncei-1973-10073952","eventId":"10073952","episodeId":"","year":1973,"month":8,"date":"1973-08-28","beginTime":"1973-08-28T07:15:00","endTime":"1973-08-28T07:15:00","timezone":"CST","state":"NY","stateName":"New York","county":"Hamilton","countyFips":"41","wfo":"","scale":2,"scaleLabel":"F2","lengthMiles":2.3,"widthYards":150,"deaths":0,"injuries":0,"propertyDamage":0,"cropDamage":0,"source":"","dataSource":"PUB"}},{"type":"Feature","geometry":{"type":"LineString","coordinates":[[-73.55,42.9],[-73.48,42.92]]},"properties":{"id":"ncei-1973-10073956","eventId":"10073956","episodeId":"","year":1973,"month":8,"date":"1973-08-28","beginTime":"1973-08-28T10:00:00","endTime":"1973-08-28T10:00:00","timezone":"CST","state":"NY","stateName":"New York","county":"Rensselaer","countyFips":"83","wfo":"","scale":2,"scaleLabel":"F2","lengthMiles":2.3,"widthYards":83,"deaths":0,"injuries":1,"propertyDamage":25000,"cropDamage":0,"source":"","dataSource":"PUB"}},{"type":"Feature","geometry":{"type":"LineString","coordinates":[[-73.42,42.42],[-73.42,42.37]]},"properties":{"id":"ncei-1973-10073961","eventId":"10073961","episodeId":"","year":1973,"month":8,"date":"1973-08-28","beginTime":"1973-08-28T11:34:00","endTime":"1973-08-28T11:34:00","timezone":"CST","state":"NY","stateName":"New York","county":"Columbia","countyFips":"21","wfo":"","scale":4,"scaleLabel":"F4","lengthMiles":3.4,"widthYards":313,"deaths":0,"injuries":0,"propertyDamage":25000,"cropDamage":0,"source":"","dataSource":"PUB"}},{"type":"Feature","geometry":{"type":"LineString","coordinates":[[-72.75,40.9],[-72.75,40.9]]},"properties":{"id":"ncei-1973-10074964","eventId":"10074964","episodeId":"","year":1973,"month":9,"date":"1973-09-18","beginTime":"1973-09-18T07:24:00","endTime":"1973-09-18T07:24:00","timezone":"CST","state":"NY","stateName":"New York","county":"Suffolk","countyFips":"103","wfo":"","scale":1,"scaleLabel":"F1","lengthMiles":0,"widthYards":33,"deaths":0,"injuries":0,"propertyDamage":0,"cropDamage":0,"source":"","dataSource":"PUB"}},{"type":"Feature","geometry":{"type":"LineString","coordinates":[[-73.5,40.65],[-73.45,40.67]]},"properties":{"id":"ncei-1973-10074965","eventId":"10074965","episodeId":"","year":1973,"month":9,"date":"1973-09-18","beginTime":"1973-09-18T07:40:00","endTime":"1973-09-18T07:40:00","timezone":"CST","state":"NY","stateName":"New York","county":"Nassau","countyFips":"59","wfo":"","scale":2,"scaleLabel":"F2","lengthMiles":1.9,"widthYards":167,"deaths":0,"injuries":0,"propertyDamage":0,"cropDamage":0,"source":"","dataSource":"PUB"}},{"type":"Feature","geometry":{"type":"LineString","coordinates":[[-71.95,43.57],[-71.95,43.57]]},"properties":{"id":"ncei-1973-10079172","eventId":"10079172","episodeId":"","year":1973,"month":5,"date":"1973-05-11","beginTime":"1973-05-11T15:00:00","endTime":"1973-05-11T15:00:00","timezone":"CST","state":"NH","stateName":"New Hampshire","county":"Grafton","countyFips":"9","wfo":"","scale":2,"scaleLabel":"F2","lengthMiles":0.5,"widthYards":150,"deaths":0,"injuries":0,"propertyDamage":0,"cropDamage":0,"source":"","dataSource":"PUB"}},{"type":"Feature","geometry":{"type":"LineString","coordinates":[[-72,44],[-72,44]]},"properties":{"id":"ncei-1973-10079175","eventId":"10079175","episodeId":"","year":1973,"month":6,"date":"1973-06-11","beginTime":"1973-06-11T18:39:00","endTime":"1973-06-11T18:39:00","timezone":"CST","state":"NH","stateName":"New Hampshire","county":"Grafton","countyFips":"9","wfo":"","scale":0,"scaleLabel":"F0","lengthMiles":0,"widthYards":33,"deaths":0,"injuries":0,"propertyDamage":0,"cropDamage":0,"source":"","dataSource":"PUB"}},{"type":"Feature","geometry":{"type":"LineString","coordinates":[[-74.8,40.58],[-74.8,40.58]]},"properties":{"id":"ncei-1973-10080362","eventId":"10080362","episodeId":"","year":1973,"month":2,"date":"1973-02-02","beginTime":"1973-02-02T20:30:00","endTime":"1973-02-02T20:30:00","timezone":"CST","state":"NJ","stateName":"New Jersey","county":"Hunterdon","countyFips":"19","wfo":"","scale":1,"scaleLabel":"F1","lengthMiles":0.2,"widthYards":133,"deaths":0,"injuries":0,"propertyDamage":0,"cropDamage":0,"source":"","dataSource":"PUB"}},{"type":"Feature","geometry":{"type":"LineString","coordinates":[[-74.97,40.67],[-74.97,40.67]]},"properties":{"id":"ncei-1973-10080363","eventId":"10080363","episodeId":"","year":1973,"month":2,"date":"1973-02-02","beginTime":"1973-02-02T20:30:00","endTime":"1973-02-02T20:30:00","timezone":"CST","state":"NJ","stateName":"New Jersey","county":"Hunterdon","countyFips":"19","wfo":"","scale":1,"scaleLabel":"F1","lengthMiles":0.3,"widthYards":133,"deaths":0,"injuries":0,"propertyDamage":0,"cropDamage":0,"source":"","dataSource":"PUB"}},{"type":"Feature","geometry":{"type":"LineString","coordinates":[[-74.87,40.6],[-74.87,40.6]]},"properties":{"id":"ncei-1973-10080364","eventId":"10080364","episodeId":"","year":1973,"month":2,"date":"1973-02-02","beginTime":"1973-02-02T20:30:00","endTime":"1973-02-02T20:30:00","timezone":"CST","state":"NJ","stateName":"New Jersey","county":"Hunterdon","countyFips":"19","wfo":"","scale":2,"scaleLabel":"F2","lengthMiles":0.3,"widthYards":100,"deaths":0,"injuries":0,"propertyDamage":2500,"cropDamage":0,"source":"","dataSource":"PUB"}},{"type":"Feature","geometry":{"type":"LineString","coordinates":[[-74.5,40.8],[-74.5,40.8]]},"properties":{"id":"ncei-1973-10080365","eventId":"10080365","episodeId":"","year":1973,"month":5,"date":"1973-05-28","beginTime":"1973-05-28T18:00:00","endTime":"1973-05-28T18:00:00","timezone":"CST","state":"NJ","stateName":"New Jersey","county":"Morris","countyFips":"27","wfo":"","scale":3,"scaleLabel":"F3","lengthMiles":0.4,"widthYards":50,"deaths":0,"injuries":0,"propertyDamage":250000,"cropDamage":0,"source":"","dataSource":"PUB"}},{"type":"Feature","geometry":{"type":"LineString","coordinates":[[-74.72,40.85],[-74.72,40.85]]},"properties":{"id":"ncei-1973-10080366","eventId":"10080366","episodeId":"","year":1973,"month":5,"date":"1973-05-28","beginTime":"1973-05-28T18:55:00","endTime":"1973-05-28T18:55:00","timezone":"CST","state":"NJ","stateName":"New Jersey","county":"Morris","countyFips":"27","wfo":"","scale":3,"scaleLabel":"F3","lengthMiles":0.4,"widthYards":50,"deaths":0,"injuries":12,"propertyDamage":250000,"cropDamage":0,"source":"","dataSource":"PUB"}},{"type":"Feature","geometry":{"type":"LineString","coordinates":[[-74.27,40.7],[-74.27,40.7]]},"properties":{"id":"ncei-1973-10080367","eventId":"10080367","episodeId":"","year":1973,"month":6,"date":"1973-06-29","beginTime":"1973-06-29T09:00:00","endTime":"1973-06-29T09:00:00","timezone":"CST","state":"NJ","stateName":"New Jersey","county":"Union","countyFips":"39","wfo":"","scale":1,"scaleLabel":"F1","lengthMiles":0.5,"widthYards":23,"deaths":0,"injuries":0,"propertyDamage":2500,"cropDamage":0,"source":"","dataSource":"PUB"}},{"type":"Feature","geometry":{"type":"LineString","coordinates":[[-74.25,40.77],[-74.25,40.77]]},"properties":{"id":"ncei-1973-10080368","eventId":"10080368","episodeId":"","year":1973,"month":6,"date":"1973-06-29","beginTime":"1973-06-29T15:30:00","endTime":"1973-06-29T15:30:00","timezone":"CST","state":"NJ","stateName":"New Jersey","county":"Essex","countyFips":"13","wfo":"","scale":1,"scaleLabel":"F1","lengthMiles":1.5,"widthYards":33,"deaths":0,"injuries":0,"propertyDamage":25000,"cropDamage":0,"source":"","dataSource":"PUB"}},{"type":"Feature","geometry":{"type":"LineString","coordinates":[[-75.3,39.63],[-75.3,39.63]]},"properties":{"id":"ncei-1973-10080373","eventId":"10080373","episodeId":"","year":1973,"month":11,"date":"1973-11-28","beginTime":"1973-11-28T16:30:00","endTime":"1973-11-28T16:30:00","timezone":"CST","state":"NJ","stateName":"New Jersey","county":"Salem","countyFips":"33","wfo":"","scale":0,"scaleLabel":"F0","lengthMiles":0,"widthYards":33,"deaths":0,"injuries":0,"propertyDamage":0,"cropDamage":0,"source":"","dataSource":"PUB"}},{"type":"Feature","geometry":{"type":"LineString","coordinates":[[-103.37,32.97],[-103.37,32.97]]},"properties":{"id":"ncei-1973-10080475","eventId":"10080475","episodeId":"","year":1973,"month":4,"date":"1973-04-18","beginTime":"1973-04-18T15:30:00","endTime":"1973-04-18T15:30:00","timezone":"CST","state":"NM","stateName":"New Mexico","county":"Lea","countyFips":"25","wfo":"","scale":1,"scaleLabel":"F1","lengthMiles":0,"widthYards":33,"deaths":0,"injuries":0,"propertyDamage":0,"cropDamage":0,"source":"","dataSource":"PUB"}},{"type":"Feature","geometry":{"type":"LineString","coordinates":[[-119.77,39.6],[-119.77,39.6]]},"properties":{"id":"ncei-1973-10081263","eventId":"10081263","episodeId":"","year":1973,"month":7,"date":"1973-07-16","beginTime":"1973-07-16T14:15:00","endTime":"1973-07-16T14:15:00","timezone":"CST","state":"NV","stateName":"Nevada","county":"Washoe","countyFips":"31","wfo":"","scale":1,"scaleLabel":"F1","lengthMiles":1,"widthYards":80,"deaths":0,"injuries":1,"propertyDamage":0,"cropDamage":0,"source":"","dataSource":"PUB"}},{"type":"Feature","geometry":{"type":"LineString","coordinates":[[-119.67,40.15],[-119.4,39.83]]},"properties":{"id":"ncei-1973-10081267","eventId":"10081267","episodeId":"","year":1973,"month":11,"date":"1973-11-03","beginTime":"1973-11-03T11:15:00","endTime":"1973-11-03T11:15:00","timezone":"CST","state":"NV","stateName":"Nevada","county":"Washoe","countyFips":"31","wfo":"","scale":1,"scaleLabel":"F1","lengthMiles":25.9,"widthYards":33,"deaths":0,"injuries":0,"propertyDamage":0,"cropDamage":0,"source":"","dataSource":"PUB"}},{"type":"Feature","geometry":{"type":"LineString","coordinates":[[-105.17,36],[-105.17,36]]},"properties":{"id":"ncei-1973-10081831","eventId":"10081831","episodeId":"","year":1973,"month":7,"date":"1973-07-21","beginTime":"1973-07-21T15:00:00","endTime":"1973-07-21T15:00:00","timezone":"CST","state":"NM","stateName":"New Mexico","county":"Mora","countyFips":"33","wfo":"","scale":1,"scaleLabel":"F1","lengthMiles":0,"widthYards":33,"deaths":0,"injuries":0,"propertyDamage":0,"cropDamage":0,"source":"","dataSource":"PUB"}},{"type":"Feature","geometry":{"type":"LineString","coordinates":[[-84.63,39.65],[-84.63,39.65]]},"properties":{"id":"ncei-1973-10083304","eventId":"10083304","episodeId":"","year":1973,"month":7,"date":"1973-07-14","beginTime":"1973-07-14T15:00:00","endTime":"1973-07-14T15:00:00","timezone":"CST","state":"OH","stateName":"Ohio","county":"Preble","countyFips":"135","wfo":"","scale":1,"scaleLabel":"F1","lengthMiles":0.3,"widthYards":10,"deaths":0,"injuries":0,"propertyDamage":2500,"cropDamage":0,"source":"","dataSource":"PUB"}},{"type":"Feature","geometry":{"type":"LineString","coordinates":[[-84.42,39.75],[-84.42,39.75]]},"properties":{"id":"ncei-1973-10083305","eventId":"10083305","episodeId":"","year":1973,"month":7,"date":"1973-07-20","beginTime":"1973-07-20T18:00:00","endTime":"1973-07-20T18:00:00","timezone":"CST","state":"OH","stateName":"Ohio","county":"Putnam","countyFips":"137","wfo":"","scale":1,"scaleLabel":"F1","lengthMiles":0.3,"widthYards":10,"deaths":0,"injuries":0,"propertyDamage":25000,"cropDamage":0,"source":"","dataSource":"PUB"}},{"type":"Feature","geometry":{"type":"LineString","coordinates":[[-99.77,46.25],[-99.77,46.25]]},"properties":{"id":"ncei-1973-10083507","eventId":"10083507","episodeId":"","year":1973,"month":4,"date":"1973-04-19","beginTime":"1973-04-19T20:00:00","endTime":"1973-04-19T20:00:00","timezone":"CST","state":"ND","stateName":"North Dakota","county":"Mcintosh","countyFips":"51","wfo":"","scale":0,"scaleLabel":"F0","lengthMiles":0,"widthYards":33,"deaths":0,"injuries":0,"propertyDamage":25000,"cropDamage":0,"source":"","dataSource":"PUB"}},{"type":"Feature","geometry":{"type":"LineString","coordinates":[[-97.25,46.87],[-97.25,46.87]]},"properties":{"id":"ncei-1973-10083513","eventId":"10083513","episodeId":"","year":1973,"month":6,"date":"1973-06-15","beginTime":"1973-06-15T17:30:00","endTime":"1973-06-15T17:30:00","timezone":"CST","state":"ND","stateName":"North Dakota","county":"Cass","countyFips":"17","wfo":"","scale":3,"scaleLabel":"F3","lengthMiles":0,"widthYards":33,"deaths":0,"injuries":0,"propertyDamage":250000,"cropDamage":0,"source":"","dataSource":"PUB"}},{"type":"Feature","geometry":{"type":"LineString","coordinates":[[-81.03,40.87],[-81.03,40.87]]},"properties":{"id":"ncei-1973-10083525","eventId":"10083525","episodeId":"","year":1973,"month":7,"date":"1973-07-26","beginTime":"1973-07-26T15:00:00","endTime":"1973-07-26T15:00:00","timezone":"CST","state":"OH","stateName":"Ohio","county":"Franklin","countyFips":"49","wfo":"","scale":1,"scaleLabel":"F1","lengthMiles":0.1,"widthYards":7,"deaths":0,"injuries":0,"propertyDamage":0,"cropDamage":0,"source":"","dataSource":"PUB"}},{"type":"Feature","geometry":{"type":"LineString","coordinates":[[-82.92,40.12],[-82.92,40.12]]},"properties":{"id":"ncei-1973-10083526","eventId":"10083526","episodeId":"","year":1973,"month":7,"date":"1973-07-26","beginTime":"1973-07-26T15:00:00","endTime":"1973-07-26T15:00:00","timezone":"CST","state":"OH","stateName":"Ohio","county":"Columbiana","countyFips":"29","wfo":"","scale":1,"scaleLabel":"F1","lengthMiles":1,"widthYards":17,"deaths":0,"injuries":1,"propertyDamage":25000,"cropDamage":0,"source":"","dataSource":"PUB"}},{"type":"Feature","geometry":{"type":"LineString","coordinates":[[-83.83,38.75],[-83.83,38.75]]},"properties":{"id":"ncei-1973-10083527","eventId":"10083527","episodeId":"","year":1973,"month":7,"date":"1973-07-26","beginTime":"1973-07-26T17:00:00","endTime":"1973-07-26T17:00:00","timezone":"CST","state":"OH","stateName":"Ohio","county":"Brown","countyFips":"15","wfo":"","scale":1,"scaleLabel":"F1","lengthMiles":0.1,"widthYards":7,"deaths":0,"injuries":0,"propertyDamage":0,"cropDamage":0,"source":"","dataSource":"PUB"}},{"type":"Feature","geometry":{"type":"LineString","coordinates":[[-84.57,39.37],[-84.57,39.37]]},"properties":{"id":"ncei-1973-10083538","eventId":"10083538","episodeId":"","year":1973,"month":8,"date":"1973-08-12","beginTime":"1973-08-12T14:00:00","endTime":"1973-08-12T14:00:00","timezone":"CST","state":"OH","stateName":"Ohio","county":"Butler","countyFips":"17","wfo":"","scale":0,"scaleLabel":"F0","lengthMiles":0.5,"widthYards":70,"deaths":0,"injuries":0,"propertyDamage":2500,"cropDamage":0,"source":"","dataSource":"PUB"}},{"type":"Feature","geometry":{"type":"LineString","coordinates":[[-82,40],[-81.77,40.03]]},"properties":{"id":"ncei-1973-10083542","eventId":"10083542","episodeId":"","year":1973,"month":8,"date":"1973-08-14","beginTime":"1973-08-14T14:15:00","endTime":"1973-08-14T14:15:00","timezone":"CST","state":"OH","stateName":"Ohio","county":"Muskingum","countyFips":"119","wfo":"","scale":2,"scaleLabel":"F2","lengthMiles":12.5,"widthYards":33,"deaths":0,"injuries":0,"propertyDamage":25000,"cropDamage":0,"source":"","dataSource":"PUB"}},{"type":"Feature","geometry":{"type":"LineString","coordinates":[[-81.92,41.32],[-81.92,41.32]]},"properties":{"id":"ncei-1973-10083547","eventId":"10083547","episodeId":"","year":1973,"month":8,"date":"1973-08-20","beginTime":"1973-08-20T09:00:00","endTime":"1973-08-20T09:00:00","timezone":"CST","state":"OH","stateName":"Ohio","county":"Lorain","countyFips":"93","wfo":"","scale":0,"scaleLabel":"F0","lengthMiles":0.2,"widthYards":17,"deaths":0,"injuries":0,"propertyDamage":0,"cropDamage":0,"source":"","dataSource":"PUB"}},{"type":"Feature","geometry":{"type":"LineString","coordinates":[[-84.37,39.5],[-84.37,39.5]]},"properties":{"id":"ncei-1973-10083567","eventId":"10083567","episodeId":"","year":1973,"month":12,"date":"1973-12-26","beginTime":"1973-12-26T15:30:00","endTime":"1973-12-26T15:30:00","timezone":"CST","state":"OH","stateName":"Ohio","county":"Butler","countyFips":"17","wfo":"","scale":1,"scaleLabel":"F1","lengthMiles":0.5,"widthYards":200,"deaths":0,"injuries":0,"propertyDamage":25000,"cropDamage":0,"source":"","dataSource":"PUB"}},{"type":"Feature","geometry":{"type":"LineString","coordinates":[[-83.02,39.43],[-82.83,39.6]]},"properties":{"id":"ncei-1973-10083571","eventId":"10083571","episodeId":"","year":1973,"month":12,"date":"1973-12-26","beginTime":"1973-12-26T17:00:00","endTime":"1973-12-26T17:00:00","timezone":"CST","state":"OH","stateName":"Ohio","county":"Ross","countyFips":"141","wfo":"","scale":1,"scaleLabel":"F1","lengthMiles":14.9,"widthYards":33,"deaths":0,"injuries":0,"propertyDamage":250000,"cropDamage":0,"source":"","dataSource":"PUB"}},{"type":"Feature","geometry":{"type":"LineString","coordinates":[[-82.83,39.6],[-82.58,39.83]]},"properties":{"id":"ncei-1973-10083572","eventId":"10083572","episodeId":"","year":1973,"month":12,"date":"1973-12-26","beginTime":"1973-12-26T17:00:00","endTime":"1973-12-26T17:00:00","timezone":"CST","state":"OH","stateName":"Ohio","county":"Fairfield","countyFips":"45","wfo":"","scale":1,"scaleLabel":"F1","lengthMiles":20.8,"widthYards":33,"deaths":0,"injuries":4,"propertyDamage":250000,"cropDamage":0,"source":"","dataSource":"PUB"}},{"type":"Feature","geometry":{"type":"LineString","coordinates":[[-98.37,48.67],[-98.37,48.67]]},"properties":{"id":"ncei-1973-10084377","eventId":"10084377","episodeId":"","year":1973,"month":6,"date":"1973-06-15","beginTime":"1973-06-15T19:30:00","endTime":"1973-06-15T19:30:00","timezone":"CST","state":"ND","stateName":"North Dakota","county":"Cavalier","countyFips":"19","wfo":"","scale":1,"scaleLabel":"F1","lengthMiles":0,"widthYards":33,"deaths":0,"injuries":0,"propertyDamage":0,"cropDamage":0,"source":"","dataSource":"PUB"}},{"type":"Feature","geometry":{"type":"LineString","coordinates":[[-97.7,46.45],[-97.7,46.45]]},"properties":{"id":"ncei-1973-10084379","eventId":"10084379","episodeId":"","year":1973,"month":6,"date":"1973-06-16","beginTime":"1973-06-16T17:15:00","endTime":"1973-06-16T17:15:00","timezone":"CST","state":"ND","stateName":"North Dakota","county":"Ransom","countyFips":"73","wfo":"","scale":1,"scaleLabel":"F1","lengthMiles":0,"widthYards":33,"deaths":0,"injuries":0,"propertyDamage":0,"cropDamage":0,"source":"","dataSource":"PUB"}},{"type":"Feature","geometry":{"type":"LineString","coordinates":[[-98.67,47.45],[-98.67,47.45]]},"properties":{"id":"ncei-1973-10084380","eventId":"10084380","episodeId":"","year":1973,"month":6,"date":"1973-06-16","beginTime":"1973-06-16T17:20:00","endTime":"1973-06-16T17:20:00","timezone":"CST","state":"ND","stateName":"North Dakota","county":"Griggs","countyFips":"39","wfo":"","scale":1,"scaleLabel":"F1","lengthMiles":0,"widthYards":33,"deaths":0,"injuries":0,"propertyDamage":0,"cropDamage":0,"source":"","dataSource":"PUB"}},{"type":"Feature","geometry":{"type":"LineString","coordinates":[[-97.07,47.37],[-97.07,47.37]]},"properties":{"id":"ncei-1973-10084596","eventId":"10084596","episodeId":"","year":1973,"month":6,"date":"1973-06-16","beginTime":"1973-06-16T18:15:00","endTime":"1973-06-16T18:15:00","timezone":"CST","state":"ND","stateName":"North Dakota","county":"Traill","countyFips":"97","wfo":"","scale":3,"scaleLabel":"F3","lengthMiles":0,"widthYards":33,"deaths":0,"injuries":0,"propertyDamage":250000,"cropDamage":0,"source":"","dataSource":"PUB"}},{"type":"Feature","geometry":{"type":"LineString","coordinates":[[-99.98,48.2],[-99.98,48.2]]},"properties":{"id":"ncei-1973-10084601","eventId":"10084601","episodeId":"","year":1973,"month":7,"date":"1973-07-01","beginTime":"1973-07-01T17:00:00","endTime":"1973-07-01T17:00:00","timezone":"CST","state":"ND","stateName":"North Dakota","county":"Pierce","countyFips":"69","wfo":"","scale":1,"scaleLabel":"F1","lengthMiles":0,"widthYards":33,"deaths":0,"injuries":0,"propertyDamage":250000,"cropDamage":0,"source":"","dataSource":"PUB"}},{"type":"Feature","geometry":{"type":"LineString","coordinates":[[-97.78,46.03],[-97.78,46.03]]},"properties":{"id":"ncei-1973-10084602","eventId":"10084602","episodeId":"","year":1973,"month":7,"date":"1973-07-01","beginTime":"1973-07-01T17:40:00","endTime":"1973-07-01T17:40:00","timezone":"CST","state":"ND","stateName":"North Dakota","county":"Sargent","countyFips":"81","wfo":"","scale":3,"scaleLabel":"F3","lengthMiles":0,"widthYards":33,"deaths":0,"injuries":0,"propertyDamage":250000,"cropDamage":0,"source":"","dataSource":"PUB"}},{"type":"Feature","geometry":{"type":"LineString","coordinates":[[-97.17,46.12],[-97.17,46.12]]},"properties":{"id":"ncei-1973-10084603","eventId":"10084603","episodeId":"","year":1973,"month":7,"date":"1973-07-01","beginTime":"1973-07-01T19:30:00","endTime":"1973-07-01T19:30:00","timezone":"CST","state":"ND","stateName":"North Dakota","county":"Richland","countyFips":"77","wfo":"","scale":3,"scaleLabel":"F3","lengthMiles":0,"widthYards":33,"deaths":0,"injuries":0,"propertyDamage":250000,"cropDamage":0,"source":"","dataSource":"PUB"}},{"type":"Feature","geometry":{"type":"LineString","coordinates":[[-99.98,48.37],[-99.98,48.37]]},"properties":{"id":"ncei-1973-10084636","eventId":"10084636","episodeId":"","year":1973,"month":8,"date":"1973-08-21","beginTime":"1973-08-21T04:30:00","endTime":"1973-08-21T04:30:00","timezone":"CST","state":"ND","stateName":"North Dakota","county":"Pierce","countyFips":"69","wfo":"","scale":2,"scaleLabel":"F2","lengthMiles":0,"widthYards":33,"deaths":0,"injuries":0,"propertyDamage":250000,"cropDamage":0,"source":"","dataSource":"PUB"}},{"type":"Feature","geometry":{"type":"LineString","coordinates":[[-80.92,40.93],[-80.92,40.93]]},"properties":{"id":"ncei-1973-10085814","eventId":"10085814","episodeId":"","year":1973,"month":6,"date":"1973-06-03","beginTime":"1973-06-03T18:30:00","endTime":"1973-06-03T18:30:00","timezone":"CST","state":"OH","stateName":"Ohio","county":"Columbiana","countyFips":"29","wfo":"","scale":1,"scaleLabel":"F1","lengthMiles":0.5,"widthYards":33,"deaths":0,"injuries":0,"propertyDamage":0,"cropDamage":0,"source":"","dataSource":"PUB"}},{"type":"Feature","geometry":{"type":"LineString","coordinates":[[-83.28,40.2],[-83.28,40.2]]},"properties":{"id":"ncei-1973-10085831","eventId":"10085831","episodeId":"","year":1973,"month":6,"date":"1973-06-19","beginTime":"1973-06-19T14:36:00","endTime":"1973-06-19T14:36:00","timezone":"CST","state":"OH","stateName":"Ohio","county":"Union","countyFips":"159","wfo":"","scale":0,"scaleLabel":"F0","lengthMiles":0.3,"widthYards":100,"deaths":0,"injuries":1,"propertyDamage":2500,"cropDamage":0,"source":"","dataSource":"PUB"}},{"type":"Feature","geometry":{"type":"LineString","coordinates":[[-84.7,39.8],[-84.7,39.8]]},"properties":{"id":"ncei-1973-10085832","eventId":"10085832","episodeId":"","year":1973,"month":6,"date":"1973-06-19","beginTime":"1973-06-19T19:00:00","endTime":"1973-06-19T19:00:00","timezone":"CST","state":"OH","stateName":"Ohio","county":"Darke","countyFips":"37","wfo":"","scale":0,"scaleLabel":"F0","lengthMiles":0.5,"widthYards":7,"deaths":0,"injuries":0,"propertyDamage":0,"cropDamage":0,"source":"","dataSource":"PUB"}},{"type":"Feature","geometry":{"type":"LineString","coordinates":[[-84.28,41.3],[-84.28,41.3]]},"properties":{"id":"ncei-1973-10085833","eventId":"10085833","episodeId":"","year":1973,"month":6,"date":"1973-06-26","beginTime":"1973-06-26T13:40:00","endTime":"1973-06-26T13:40:00","timezone":"CST","state":"OH","stateName":"Ohio","county":"Defiance","countyFips":"39","wfo":"","scale":0,"scaleLabel":"F0","lengthMiles":0.3,"widthYards":33,"deaths":0,"injuries":0,"propertyDamage":0,"cropDamage":0,"source":"","dataSource":"PUB"}},{"type":"Feature","geometry":{"type":"LineString","coordinates":[[-84.5,40.33],[-84.5,40.33]]},"properties":{"id":"ncei-1973-10085838","eventId":"10085838","episodeId":"","year":1973,"month":6,"date":"1973-06-26","beginTime":"1973-06-26T15:20:00","endTime":"1973-06-26T15:20:00","timezone":"CST","state":"OH","stateName":"Ohio","county":"Mercer","countyFips":"107","wfo":"","scale":0,"scaleLabel":"F0","lengthMiles":0.3,"widthYards":13,"deaths":0,"injuries":0,"propertyDamage":25000,"cropDamage":0,"source":"","dataSource":"PUB"}},{"type":"Feature","geometry":{"type":"LineString","coordinates":[[-84.2,40.72],[-84.2,40.72]]},"properties":{"id":"ncei-1973-10085841","eventId":"10085841","episodeId":"","year":1973,"month":6,"date":"1973-06-26","beginTime":"1973-06-26T15:50:00","endTime":"1973-06-26T15:50:00","timezone":"CST","state":"OH","stateName":"Ohio","county":"Allen","countyFips":"3","wfo":"","scale":0,"scaleLabel":"F0","lengthMiles":0.2,"widthYards":17,"deaths":0,"injuries":0,"propertyDamage":0,"cropDamage":0,"source":"","dataSource":"PUB"}},{"type":"Feature","geometry":{"type":"LineString","coordinates":[[-83.17,41.12],[-83.17,41.12]]},"properties":{"id":"ncei-1973-10085842","eventId":"10085842","episodeId":"","year":1973,"month":6,"date":"1973-06-26","beginTime":"1973-06-26T17:12:00","endTime":"1973-06-26T17:12:00","timezone":"CST","state":"OH","stateName":"Ohio","county":"Seneca","countyFips":"147","wfo":"","scale":0,"scaleLabel":"F0","lengthMiles":0.5,"widthYards":33,"deaths":0,"injuries":0,"propertyDamage":2500,"cropDamage":0,"source":"","dataSource":"PUB"}},{"type":"Feature","geometry":{"type":"LineString","coordinates":[[-83.67,41.1],[-83.67,41.1]]},"properties":{"id":"ncei-1973-10085843","eventId":"10085843","episodeId":"","year":1973,"month":6,"date":"1973-06-26","beginTime":"1973-06-26T17:13:00","endTime":"1973-06-26T17:13:00","timezone":"CST","state":"OH","stateName":"Ohio","county":"Hancock","countyFips":"63","wfo":"","scale":1,"scaleLabel":"F1","lengthMiles":2,"widthYards":33,"deaths":0,"injuries":1,"propertyDamage":25000,"cropDamage":0,"source":"","dataSource":"PUB"}},{"type":"Feature","geometry":{"type":"LineString","coordinates":[[-82.72,41.05],[-82.72,41.05]]},"properties":{"id":"ncei-1973-10085844","eventId":"10085844","episodeId":"","year":1973,"month":6,"date":"1973-06-26","beginTime":"1973-06-26T17:40:00","endTime":"1973-06-26T17:40:00","timezone":"CST","state":"OH","stateName":"Ohio","county":"Huron","countyFips":"77","wfo":"","scale":1,"scaleLabel":"F1","lengthMiles":0.5,"widthYards":17,"deaths":0,"injuries":0,"propertyDamage":0,"cropDamage":0,"source":"","dataSource":"PUB"}},{"type":"Feature","geometry":{"type":"LineString","coordinates":[[-82.42,41.08],[-82.42,41.08]]},"properties":{"id":"ncei-1973-10085845","eventId":"10085845","episodeId":"","year":1973,"month":6,"date":"1973-06-26","beginTime":"1973-06-26T18:00:00","endTime":"1973-06-26T18:00:00","timezone":"CST","state":"OH","stateName":"Ohio","county":"Huron","countyFips":"77","wfo":"","scale":0,"scaleLabel":"F0","lengthMiles":0.2,"widthYards":10,"deaths":0,"injuries":0,"propertyDamage":0,"cropDamage":0,"source":"","dataSource":"PUB"}},{"type":"Feature","geometry":{"type":"LineString","coordinates":[[-83.33,40.58],[-83.33,40.58]]},"properties":{"id":"ncei-1973-10085847","eventId":"10085847","episodeId":"","year":1973,"month":6,"date":"1973-06-28","beginTime":"1973-06-28T09:00:00","endTime":"1973-06-28T09:00:00","timezone":"CST","state":"OH","stateName":"Ohio","county":"Mercer","countyFips":"107","wfo":"","scale":0,"scaleLabel":"F0","lengthMiles":0.1,"widthYards":100,"deaths":0,"injuries":0,"propertyDamage":25000,"cropDamage":0,"source":"","dataSource":"PUB"}},{"type":"Feature","geometry":{"type":"LineString","coordinates":[[-84.15,40.35],[-84.15,40.35]]},"properties":{"id":"ncei-1973-10085848","eventId":"10085848","episodeId":"","year":1973,"month":6,"date":"1973-06-28","beginTime":"1973-06-28T10:00:00","endTime":"1973-06-28T10:00:00","timezone":"CST","state":"OH","stateName":"Ohio","county":"Shelby","countyFips":"149","wfo":"","scale":0,"scaleLabel":"F0","lengthMiles":0.1,"widthYards":33,"deaths":0,"injuries":0,"propertyDamage":0,"cropDamage":0,"source":"","dataSource":"PUB"}},{"type":"Feature","geometry":{"type":"LineString","coordinates":[[-83.33,40.25],[-83.33,40.25]]},"properties":{"id":"ncei-1973-10085850","eventId":"10085850","episodeId":"","year":1973,"month":6,"date":"1973-06-28","beginTime":"1973-06-28T14:00:00","endTime":"1973-06-28T14:00:00","timezone":"CST","state":"OH","stateName":"Ohio","county":"Union","countyFips":"159","wfo":"","scale":0,"scaleLabel":"F0","lengthMiles":0.3,"widthYards":167,"deaths":0,"injuries":0,"propertyDamage":0,"cropDamage":0,"source":"","dataSource":"PUB"}},{"type":"Feature","geometry":{"type":"LineString","coordinates":[[-82.75,40.5],[-82.75,40.5]]},"properties":{"id":"ncei-1973-10085851","eventId":"10085851","episodeId":"","year":1973,"month":6,"date":"1973-06-28","beginTime":"1973-06-28T16:27:00","endTime":"1973-06-28T16:27:00","timezone":"CST","state":"OH","stateName":"Ohio","county":"Morrow","countyFips":"117","wfo":"","scale":0,"scaleLabel":"F0","lengthMiles":0.2,"widthYards":167,"deaths":0,"injuries":0,"propertyDamage":0,"cropDamage":0,"source":"","dataSource":"PUB"}},{"type":"Feature","geometry":{"type":"LineString","coordinates":[[-82.85,40.85],[-82.85,40.85]]},"properties":{"id":"ncei-1973-10085861","eventId":"10085861","episodeId":"","year":1973,"month":7,"date":"1973-07-03","beginTime":"1973-07-03T15:00:00","endTime":"1973-07-03T15:00:00","timezone":"CST","state":"OH","stateName":"Ohio","county":"Crawford","countyFips":"33","wfo":"","scale":0,"scaleLabel":"F0","lengthMiles":0.3,"widthYards":50,"deaths":0,"injuries":0,"propertyDamage":2500,"cropDamage":0,"source":"","dataSource":"PUB"}},{"type":"Feature","geometry":{"type":"LineString","coordinates":[[-84.5,39.42],[-84.5,39.42]]},"properties":{"id":"ncei-1973-10085866","eventId":"10085866","episodeId":"","year":1973,"month":7,"date":"1973-07-03","beginTime":"1973-07-03T18:00:00","endTime":"1973-07-03T18:00:00","timezone":"CST","state":"OH","stateName":"Ohio","county":"Butler","countyFips":"17","wfo":"","scale":1,"scaleLabel":"F1","lengthMiles":0.2,"widthYards":100,"deaths":0,"injuries":0,"propertyDamage":2500,"cropDamage":0,"source":"","dataSource":"PUB"}},{"type":"Feature","geometry":{"type":"LineString","coordinates":[[-81.28,40.43],[-81.28,40.43]]},"properties":{"id":"ncei-1973-10085878","eventId":"10085878","episodeId":"","year":1973,"month":7,"date":"1973-07-10","beginTime":"1973-07-10T14:00:00","endTime":"1973-07-10T14:00:00","timezone":"CST","state":"OH","stateName":"Ohio","county":"Tuscarawas","countyFips":"157","wfo":"","scale":0,"scaleLabel":"F0","lengthMiles":0.5,"widthYards":10,"deaths":0,"injuries":0,"propertyDamage":0,"cropDamage":0,"source":"","dataSource":"PUB"}},{"type":"Feature","geometry":{"type":"LineString","coordinates":[[-81.62,39.28],[-81.62,39.28]]},"properties":{"id":"ncei-1973-10085879","eventId":"10085879","episodeId":"","year":1973,"month":7,"date":"1973-07-10","beginTime":"1973-07-10T14:30:00","endTime":"1973-07-10T14:30:00","timezone":"CST","state":"OH","stateName":"Ohio","county":"Washington","countyFips":"167","wfo":"","scale":1,"scaleLabel":"F1","lengthMiles":0.3,"widthYards":10,"deaths":0,"injuries":0,"propertyDamage":250000,"cropDamage":0,"source":"","dataSource":"PUB"}},{"type":"Feature","geometry":{"type":"LineString","coordinates":[[-84.4,39.5],[-84.4,39.5]]},"properties":{"id":"ncei-1973-10085881","eventId":"10085881","episodeId":"","year":1973,"month":7,"date":"1973-07-14","beginTime":"1973-07-14T15:00:00","endTime":"1973-07-14T15:00:00","timezone":"CST","state":"OH","stateName":"Ohio","county":"Butler","countyFips":"17","wfo":"","scale":0,"scaleLabel":"F0","lengthMiles":0.5,"widthYards":7,"deaths":0,"injuries":0,"propertyDamage":2500,"cropDamage":0,"source":"","dataSource":"PUB"}},{"type":"Feature","geometry":{"type":"LineString","coordinates":[[-83.12,40.1],[-82.85,40.25]]},"properties":{"id":"ncei-1973-10087064","eventId":"10087064","episodeId":"","year":1973,"month":5,"date":"1973-05-08","beginTime":"1973-05-08T13:10:00","endTime":"1973-05-08T13:10:00","timezone":"CST","state":"OH","stateName":"Ohio","county":"Franklin","countyFips":"49","wfo":"","scale":2,"scaleLabel":"F2","lengthMiles":17.3,"widthYards":67,"deaths":0,"injuries":0,"propertyDamage":250000,"cropDamage":0,"source":"","dataSource":"PUB"}},{"type":"Feature","geometry":{"type":"LineString","coordinates":[[-81.83,41.42],[-81.83,41.42]]},"properties":{"id":"ncei-1973-10087065","eventId":"10087065","episodeId":"","year":1973,"month":5,"date":"1973-05-08","beginTime":"1973-05-08T16:00:00","endTime":"1973-05-08T16:00:00","timezone":"CST","state":"OH","stateName":"Ohio","county":"Cuyahoga","countyFips":"35","wfo":"","scale":0,"scaleLabel":"F0","lengthMiles":0.3,"widthYards":27,"deaths":0,"injuries":0,"propertyDamage":2500,"cropDamage":0,"source":"","dataSource":"PUB"}},{"type":"Feature","geometry":{"type":"LineString","coordinates":[[-83.43,41.23],[-82.7,41.1]]},"properties":{"id":"ncei-1973-10087068","eventId":"10087068","episodeId":"","year":1973,"month":5,"date":"1973-05-10","beginTime":"1973-05-10T15:40:00","endTime":"1973-05-10T15:40:00","timezone":"CST","state":"OH","stateName":"Ohio","county":"Seneca","countyFips":"147","wfo":"","scale":3,"scaleLabel":"F3","lengthMiles":39.1,"widthYards":27,"deaths":1,"injuries":0,"propertyDamage":2500000,"cropDamage":0,"source":"","dataSource":"PUB"}},{"type":"Feature","geometry":{"type":"LineString","coordinates":[[-83.5,40.77],[-83.12,40.7]]},"properties":{"id":"ncei-1973-10087069","eventId":"10087069","episodeId":"","year":1973,"month":5,"date":"1973-05-10","beginTime":"1973-05-10T15:41:00","endTime":"1973-05-10T15:41:00","timezone":"CST","state":"OH","stateName":"Ohio","county":"Wyandot","countyFips":"175","wfo":"","scale":2,"scaleLabel":"F2","lengthMiles":20.4,"widthYards":267,"deaths":0,"injuries":0,"propertyDamage":25000,"cropDamage":0,"source":"","dataSource":"PUB"}},{"type":"Feature","geometry":{"type":"LineString","coordinates":[[-82.5,41.03],[-82.13,40.95]]},"properties":{"id":"ncei-1973-10087070","eventId":"10087070","episodeId":"","year":1973,"month":5,"date":"1973-05-10","beginTime":"1973-05-10T16:15:00","endTime":"1973-05-10T16:15:00","timezone":"CST","state":"OH","stateName":"Ohio","county":"Ashland","countyFips":"5","wfo":"","scale":2,"scaleLabel":"F2","lengthMiles":19.7,"widthYards":667,"deaths":0,"injuries":6,"propertyDamage":250000,"cropDamage":0,"source":"","dataSource":"PUB"}},{"type":"Feature","geometry":{"type":"LineString","coordinates":[[-83.12,40.7],[-82.85,40.67]]},"properties":{"id":"ncei-1973-10087071","eventId":"10087071","episodeId":"","year":1973,"month":5,"date":"1973-05-10","beginTime":"1973-05-10T16:21:00","endTime":"1973-05-10T16:21:00","timezone":"CST","state":"OH","stateName":"Ohio","county":"Marion","countyFips":"101","wfo":"","scale":2,"scaleLabel":"F2","lengthMiles":13.9,"widthYards":267,"deaths":0,"injuries":0,"propertyDamage":2500,"cropDamage":0,"source":"","dataSource":"PUB"}},{"type":"Feature","geometry":{"type":"LineString","coordinates":[[-82.7,41.1],[-82.5,41.03]]},"properties":{"id":"ncei-1973-10087072","eventId":"10087072","episodeId":"","year":1973,"month":5,"date":"1973-05-10","beginTime":"1973-05-10T16:38:00","endTime":"1973-05-10T16:38:00","timezone":"CST","state":"OH","stateName":"Ohio","county":"Huron","countyFips":"77","wfo":"","scale":3,"scaleLabel":"F3","lengthMiles":11,"widthYards":50,"deaths":5,"injuries":100,"propertyDamage":2500000,"cropDamage":0,"source":"","dataSource":"PUB"}},{"type":"Feature","geometry":{"type":"LineString","coordinates":[[-82.13,40.95],[-81.73,40.95]]},"properties":{"id":"ncei-1973-10087073","eventId":"10087073","episodeId":"","year":1973,"month":5,"date":"1973-05-10","beginTime":"1973-05-10T16:45:00","endTime":"1973-05-10T16:45:00","timezone":"CST","state":"OH","stateName":"Ohio","county":"Wayne","countyFips":"169","wfo":"","scale":2,"scaleLabel":"F2","lengthMiles":20.7,"widthYards":667,"deaths":0,"injuries":2,"propertyDamage":250000,"cropDamage":0,"source":"","dataSource":"PUB"}},{"type":"Feature","geometry":{"type":"LineString","coordinates":[[-82.85,40.67],[-82.52,40.63]]},"properties":{"id":"ncei-1973-10087074","eventId":"10087074","episodeId":"","year":1973,"month":5,"date":"1973-05-10","beginTime":"1973-05-10T16:49:00","endTime":"1973-05-10T16:49:00","timezone":"CST","state":"OH","stateName":"Ohio","county":"Morrow","countyFips":"117","wfo":"","scale":2,"scaleLabel":"F2","lengthMiles":17.3,"widthYards":267,"deaths":0,"injuries":0,"propertyDamage":2500,"cropDamage":0,"source":"","dataSource":"PUB"}},{"type":"Feature","geometry":{"type":"LineString","coordinates":[[-83.83,40.23],[-83.6,40.02]]},"properties":{"id":"ncei-1973-10087075","eventId":"10087075","episodeId":"","year":1973,"month":5,"date":"1973-05-10","beginTime":"1973-05-10T16:49:00","endTime":"1973-05-10T16:49:00","timezone":"CST","state":"OH","stateName":"Ohio","county":"Champaign","countyFips":"21","wfo":"","scale":3,"scaleLabel":"F3","lengthMiles":19.2,"widthYards":300,"deaths":0,"injuries":0,"propertyDamage":2500,"cropDamage":0,"source":"","dataSource":"PUB"}},{"type":"Feature","geometry":{"type":"LineString","coordinates":[[-83.6,40.02],[-83.52,39.92]]},"properties":{"id":"ncei-1973-10087076","eventId":"10087076","episodeId":"","year":1973,"month":5,"date":"1973-05-10","beginTime":"1973-05-10T17:00:00","endTime":"1973-05-10T17:00:00","timezone":"CST","state":"OH","stateName":"Ohio","county":"Clark","countyFips":"23","wfo":"","scale":3,"scaleLabel":"F3","lengthMiles":8,"widthYards":300,"deaths":0,"injuries":4,"propertyDamage":2500,"cropDamage":0,"source":"","dataSource":"PUB"}},{"type":"Feature","geometry":{"type":"LineString","coordinates":[[-82.52,40.63],[-82.38,40.62]]},"properties":{"id":"ncei-1973-10087078","eventId":"10087078","episodeId":"","year":1973,"month":5,"date":"1973-05-10","beginTime":"1973-05-10T17:15:00","endTime":"1973-05-10T17:15:00","timezone":"CST","state":"OH","stateName":"Ohio","county":"Richland","countyFips":"139","wfo":"","scale":2,"scaleLabel":"F2","lengthMiles":6.6,"widthYards":267,"deaths":0,"injuries":14,"propertyDamage":25000,"cropDamage":0,"source":"","dataSource":"PUB"}},{"type":"Feature","geometry":{"type":"LineString","coordinates":[[-83.52,39.92],[-83.25,39.92]]},"properties":{"id":"ncei-1973-10087079","eventId":"10087079","episodeId":"","year":1973,"month":5,"date":"1973-05-10","beginTime":"1973-05-10T17:20:00","endTime":"1973-05-10T17:20:00","timezone":"CST","state":"OH","stateName":"Ohio","county":"Madison","countyFips":"97","wfo":"","scale":3,"scaleLabel":"F3","lengthMiles":14.1,"widthYards":300,"deaths":0,"injuries":0,"propertyDamage":2500,"cropDamage":0,"source":"","dataSource":"PUB"}},{"type":"Feature","geometry":{"type":"LineString","coordinates":[[-83.25,39.92],[-82.8,39.92]]},"properties":{"id":"ncei-1973-10087080","eventId":"10087080","episodeId":"","year":1973,"month":5,"date":"1973-05-10","beginTime":"1973-05-10T18:00:00","endTime":"1973-05-10T18:00:00","timezone":"CST","state":"OH","stateName":"Ohio","county":"Franklin","countyFips":"49","wfo":"","scale":3,"scaleLabel":"F3","lengthMiles":23.8,"widthYards":300,"deaths":0,"injuries":3,"propertyDamage":2500,"cropDamage":0,"source":"","dataSource":"PUB"}},{"type":"Feature","geometry":{"type":"LineString","coordinates":[[-82.8,39.92],[-82.5,39.92]]},"properties":{"id":"ncei-1973-10087081","eventId":"10087081","episodeId":"","year":1973,"month":5,"date":"1973-05-10","beginTime":"1973-05-10T18:20:00","endTime":"1973-05-10T18:20:00","timezone":"CST","state":"OH","stateName":"Ohio","county":"Fairfield","countyFips":"45","wfo":"","scale":3,"scaleLabel":"F3","lengthMiles":15.8,"widthYards":300,"deaths":0,"injuries":0,"propertyDamage":2500,"cropDamage":0,"source":"","dataSource":"PUB"}},{"type":"Feature","geometry":{"type":"LineString","coordinates":[[-82.02,40.57],[-81.9,40.53]]},"properties":{"id":"ncei-1973-10087082","eventId":"10087082","episodeId":"","year":1973,"month":5,"date":"1973-05-10","beginTime":"1973-05-10T18:25:00","endTime":"1973-05-10T18:25:00","timezone":"CST","state":"OH","stateName":"Ohio","county":"Holmes","countyFips":"75","wfo":"","scale":2,"scaleLabel":"F2","lengthMiles":6.2,"widthYards":17,"deaths":0,"injuries":1,"propertyDamage":250000,"cropDamage":0,"source":"","dataSource":"PUB"}},{"type":"Feature","geometry":{"type":"LineString","coordinates":[[-82.5,39.92],[-82.33,39.92]]},"properties":{"id":"ncei-1973-10087083","eventId":"10087083","episodeId":"","year":1973,"month":5,"date":"1973-05-10","beginTime":"1973-05-10T18:45:00","endTime":"1973-05-10T18:45:00","timezone":"CST","state":"OH","stateName":"Ohio","county":"Perry","countyFips":"127","wfo":"","scale":3,"scaleLabel":"F3","lengthMiles":8.7,"widthYards":300,"deaths":0,"injuries":1,"propertyDamage":2500,"cropDamage":0,"source":"","dataSource":"PUB"}},{"type":"Feature","geometry":{"type":"LineString","coordinates":[[-84.67,39.25],[-84.67,39.25]]},"properties":{"id":"ncei-1973-10087084","eventId":"10087084","episodeId":"","year":1973,"month":5,"date":"1973-05-19","beginTime":"1973-05-19T16:45:00","endTime":"1973-05-19T16:45:00","timezone":"CST","state":"OH","stateName":"Ohio","county":"Butler","countyFips":"17","wfo":"","scale":1,"scaleLabel":"F1","lengthMiles":1,"widthYards":77,"deaths":0,"injuries":0,"propertyDamage":25000,"cropDamage":0,"source":"","dataSource":"PUB"}},{"type":"Feature","geometry":{"type":"LineString","coordinates":[[-84.48,40.77],[-84.48,40.77]]},"properties":{"id":"ncei-1973-10087087","eventId":"10087087","episodeId":"","year":1973,"month":5,"date":"1973-05-25","beginTime":"1973-05-25T13:45:00","endTime":"1973-05-25T13:45:00","timezone":"CST","state":"OH","stateName":"Ohio","county":"Van Wert","countyFips":"161","wfo":"","scale":1,"scaleLabel":"F1","lengthMiles":0,"widthYards":67,"deaths":0,"injuries":0,"propertyDamage":2500,"cropDamage":0,"source":"","dataSource":"PUB"}},{"type":"Feature","geometry":{"type":"LineString","coordinates":[[-83.78,40.75],[-83.78,40.75]]},"properties":{"id":"ncei-1973-10087088","eventId":"10087088","episodeId":"","year":1973,"month":5,"date":"1973-05-25","beginTime":"1973-05-25T14:30:00","endTime":"1973-05-25T14:30:00","timezone":"CST","state":"OH","stateName":"Ohio","county":"Hardin","countyFips":"65","wfo":"","scale":1,"scaleLabel":"F1","lengthMiles":0,"widthYards":100,"deaths":0,"injuries":0,"propertyDamage":2500,"cropDamage":0,"source":"","dataSource":"PUB"}},{"type":"Feature","geometry":{"type":"LineString","coordinates":[[-82.93,40.92],[-82.93,40.92]]},"properties":{"id":"ncei-1973-10087090","eventId":"10087090","episodeId":"","year":1973,"month":5,"date":"1973-05-25","beginTime":"1973-05-25T17:20:00","endTime":"1973-05-25T17:20:00","timezone":"CST","state":"OH","stateName":"Ohio","county":"Crawford","countyFips":"33","wfo":"","scale":1,"scaleLabel":"F1","lengthMiles":0,"widthYards":133,"deaths":0,"injuries":0,"propertyDamage":0,"cropDamage":0,"source":"","dataSource":"PUB"}},{"type":"Feature","geometry":{"type":"LineString","coordinates":[[-83.18,40.05],[-83.18,40.05]]},"properties":{"id":"ncei-1973-10087091","eventId":"10087091","episodeId":"","year":1973,"month":5,"date":"1973-05-25","beginTime":"1973-05-25T17:30:00","endTime":"1973-05-25T17:30:00","timezone":"CST","state":"OH","stateName":"Ohio","county":"Franklin","countyFips":"49","wfo":"","scale":2,"scaleLabel":"F2","lengthMiles":0,"widthYards":133,"deaths":0,"injuries":0,"propertyDamage":250000,"cropDamage":0,"source":"","dataSource":"PUB"}},{"type":"Feature","geometry":{"type":"LineString","coordinates":[[-83.12,40.05],[-83.12,40.05]]},"properties":{"id":"ncei-1973-10087093","eventId":"10087093","episodeId":"","year":1973,"month":5,"date":"1973-05-30","beginTime":"1973-05-30T12:55:00","endTime":"1973-05-30T12:55:00","timezone":"CST","state":"OH","stateName":"Ohio","county":"Franklin","countyFips":"49","wfo":"","scale":2,"scaleLabel":"F2","lengthMiles":2,"widthYards":17,"deaths":0,"injuries":1,"propertyDamage":2500000,"cropDamage":0,"source":"","dataSource":"PUB"}},{"type":"Feature","geometry":{"type":"LineString","coordinates":[[-81.43,41.2],[-81.33,41.18]]},"properties":{"id":"ncei-1973-10087097","eventId":"10087097","episodeId":"","year":1973,"month":6,"date":"1973-06-03","beginTime":"1973-06-03T17:00:00","endTime":"1973-06-03T17:00:00","timezone":"CST","state":"OH","stateName":"Ohio","county":"Summit","countyFips":"153","wfo":"","scale":3,"scaleLabel":"F3","lengthMiles":4.5,"widthYards":100,"deaths":0,"injuries":0,"propertyDamage":25000,"cropDamage":0,"source":"","dataSource":"PUB"}},{"type":"Feature","geometry":{"type":"LineString","coordinates":[[-81.33,41.18],[-81.17,41.18]]},"properties":{"id":"ncei-1973-10087098","eventId":"10087098","episodeId":"","year":1973,"month":6,"date":"1973-06-03","beginTime":"1973-06-03T17:15:00","endTime":"1973-06-03T17:15:00","timezone":"CST","state":"OH","stateName":"Ohio","county":"Portage","countyFips":"133","wfo":"","scale":3,"scaleLabel":"F3","lengthMiles":8.4,"widthYards":100,"deaths":0,"injuries":1,"propertyDamage":25000,"cropDamage":0,"source":"","dataSource":"PUB"}},{"type":"Feature","geometry":{"type":"LineString","coordinates":[[-77.72,34.38],[-77.72,34.38]]},"properties":{"id":"ncei-1973-10089182","eventId":"10089182","episodeId":"","year":1973,"month":4,"date":"1973-04-26","beginTime":"1973-04-26T23:18:00","endTime":"1973-04-26T23:18:00","timezone":"CST","state":"NC","stateName":"North Carolina","county":"Pender","countyFips":"141","wfo":"","scale":1,"scaleLabel":"F1","lengthMiles":1.5,"widthYards":100,"deaths":0,"injuries":0,"propertyDamage":25000,"cropDamage":0,"source":"","dataSource":"PUB"}},{"type":"Feature","geometry":{"type":"LineString","coordinates":[[-76.7,35.47],[-76.7,35.47]]},"properties":{"id":"ncei-1973-10089183","eventId":"10089183","episodeId":"","year":1973,"month":4,"date":"1973-04-27","beginTime":"1973-04-27T03:15:00","endTime":"1973-04-27T03:15:00","timezone":"CST","state":"NC","stateName":"North Carolina","county":"Beaufort","countyFips":"13","wfo":"","scale":2,"scaleLabel":"F2","lengthMiles":0.5,"widthYards":123,"deaths":1,"injuries":1,"propertyDamage":25000,"cropDamage":0,"source":"","dataSource":"PUB"}},{"type":"Feature","geometry":{"type":"LineString","coordinates":[[-79.8,35.3],[-79.8,35.3]]},"properties":{"id":"ncei-1973-10089184","eventId":"10089184","episodeId":"","year":1973,"month":5,"date":"1973-05-11","beginTime":"1973-05-11T17:00:00","endTime":"1973-05-11T17:00:00","timezone":"CST","state":"NC","stateName":"North Carolina","county":"Richmond","countyFips":"153","wfo":"","scale":1,"scaleLabel":"F1","lengthMiles":0,"widthYards":33,"deaths":0,"injuries":0,"propertyDamage":250000,"cropDamage":0,"source":"","dataSource":"PUB"}},{"type":"Feature","geometry":{"type":"LineString","coordinates":[[-78.75,35.47],[-78.75,35.47]]},"properties":{"id":"ncei-1973-10089187","eventId":"10089187","episodeId":"","year":1973,"month":5,"date":"1973-05-17","beginTime":"1973-05-17T17:00:00","endTime":"1973-05-17T17:00:00","timezone":"CST","state":"NC","stateName":"North Carolina","county":"Harnett","countyFips":"85","wfo":"","scale":1,"scaleLabel":"F1","lengthMiles":0,"widthYards":33,"deaths":0,"injuries":0,"propertyDamage":25000,"cropDamage":0,"source":"","dataSource":"PUB"}},{"type":"Feature","geometry":{"type":"LineString","coordinates":[[-76.2,36.37],[-76.15,36.38]]},"properties":{"id":"ncei-1973-10089189","eventId":"10089189","episodeId":"","year":1973,"month":5,"date":"1973-05-20","beginTime":"1973-05-20T09:15:00","endTime":"1973-05-20T09:15:00","timezone":"CST","state":"NC","stateName":"North Carolina","county":"Pasquotank","countyFips":"139","wfo":"","scale":2,"scaleLabel":"F2","lengthMiles":2.7,"widthYards":33,"deaths":0,"injuries":2,"propertyDamage":250000,"cropDamage":0,"source":"","dataSource":"PUB"}},{"type":"Feature","geometry":{"type":"LineString","coordinates":[[-77,35.72],[-77,35.72]]},"properties":{"id":"ncei-1973-10089194","eventId":"10089194","episodeId":"","year":1973,"month":5,"date":"1973-05-23","beginTime":"1973-05-23T11:30:00","endTime":"1973-05-23T11:30:00","timezone":"CST","state":"NC","stateName":"North Carolina","county":"Martin","countyFips":"117","wfo":"","scale":1,"scaleLabel":"F1","lengthMiles":1,"widthYards":33,"deaths":0,"injuries":0,"propertyDamage":250000,"cropDamage":0,"source":"","dataSource":"PUB"}},{"type":"Feature","geometry":{"type":"LineString","coordinates":[[-81.2,35.58],[-81.2,35.58]]},"properties":{"id":"ncei-1973-10089200","eventId":"10089200","episodeId":"","year":1973,"month":5,"date":"1973-05-23","beginTime":"1973-05-23T21:30:00","endTime":"1973-05-23T21:30:00","timezone":"CST","state":"NC","stateName":"North Carolina","county":"Catawba","countyFips":"35","wfo":"","scale":1,"scaleLabel":"F1","lengthMiles":0,"widthYards":33,"deaths":0,"injuries":2,"propertyDamage":25000,"cropDamage":0,"source":"","dataSource":"PUB"}},{"type":"Feature","geometry":{"type":"LineString","coordinates":[[-79.32,35.35],[-79.32,35.35]]},"properties":{"id":"ncei-1973-10089201","eventId":"10089201","episodeId":"","year":1973,"month":5,"date":"1973-05-24","beginTime":"1973-05-24T15:00:00","endTime":"1973-05-24T15:00:00","timezone":"CST","state":"NC","stateName":"North Carolina","county":"Moore","countyFips":"125","wfo":"","scale":1,"scaleLabel":"F1","lengthMiles":0,"widthYards":33,"deaths":0,"injuries":0,"propertyDamage":250000,"cropDamage":0,"source":"","dataSource":"PUB"}},{"type":"Feature","geometry":{"type":"LineString","coordinates":[[-76.62,36.07],[-76.62,36.07]]},"properties":{"id":"ncei-1973-10089203","eventId":"10089203","episodeId":"","year":1973,"month":5,"date":"1973-05-24","beginTime":"1973-05-24T20:30:00","endTime":"1973-05-24T20:30:00","timezone":"CST","state":"NC","stateName":"North Carolina","county":"Chowan","countyFips":"41","wfo":"","scale":1,"scaleLabel":"F1","lengthMiles":0,"widthYards":33,"deaths":0,"injuries":0,"propertyDamage":25000,"cropDamage":0,"source":"","dataSource":"PUB"}},{"type":"Feature","geometry":{"type":"LineString","coordinates":[[-81.13,36.52],[-81.13,36.52]]},"properties":{"id":"ncei-1973-10089204","eventId":"10089204","episodeId":"","year":1973,"month":5,"date":"1973-05-27","beginTime":"1973-05-27T17:30:00","endTime":"1973-05-27T17:30:00","timezone":"CST","state":"NC","stateName":"North Carolina","county":"Alleghany","countyFips":"5","wfo":"","scale":1,"scaleLabel":"F1","lengthMiles":0,"widthYards":33,"deaths":0,"injuries":1,"propertyDamage":250000,"cropDamage":0,"source":"","dataSource":"PUB"}},{"type":"Feature","geometry":{"type":"LineString","coordinates":[[-81.35,35.63],[-80.88,35.88]]},"properties":{"id":"ncei-1973-10089205","eventId":"10089205","episodeId":"","year":1973,"month":5,"date":"1973-05-27","beginTime":"1973-05-27T18:00:00","endTime":"1973-05-27T18:00:00","timezone":"CST","state":"NC","stateName":"North Carolina","county":"Catawba","countyFips":"35","wfo":"","scale":1,"scaleLabel":"F1","lengthMiles":31.3,"widthYards":300,"deaths":0,"injuries":0,"propertyDamage":250000,"cropDamage":0,"source":"","dataSource":"PUB"}},{"type":"Feature","geometry":{"type":"LineString","coordinates":[[-81.77,35.17],[-81.6,35.3]]},"properties":{"id":"ncei-1973-10089206","eventId":"10089206","episodeId":"","year":1973,"month":5,"date":"1973-05-27","beginTime":"1973-05-27T19:00:00","endTime":"1973-05-27T19:00:00","timezone":"CST","state":"NC","stateName":"North Carolina","county":"Cleveland","countyFips":"45","wfo":"","scale":3,"scaleLabel":"F3","lengthMiles":13.2,"widthYards":100,"deaths":0,"injuries":3,"propertyDamage":250000,"cropDamage":0,"source":"","dataSource":"PUB"}},{"type":"Feature","geometry":{"type":"LineString","coordinates":[[-81.83,35.38],[-81.83,35.38]]},"properties":{"id":"ncei-1973-10089207","eventId":"10089207","episodeId":"","year":1973,"month":5,"date":"1973-05-27","beginTime":"1973-05-27T19:15:00","endTime":"1973-05-27T19:15:00","timezone":"CST","state":"NC","stateName":"North Carolina","county":"Rutherford","countyFips":"161","wfo":"","scale":0,"scaleLabel":"F0","lengthMiles":0,"widthYards":33,"deaths":0,"injuries":0,"propertyDamage":0,"cropDamage":0,"source":"","dataSource":"PUB"}},{"type":"Feature","geometry":{"type":"LineString","coordinates":[[-81.67,35.92],[-81.5,35.98]]},"properties":{"id":"ncei-1973-10089208","eventId":"10089208","episodeId":"","year":1973,"month":5,"date":"1973-05-27","beginTime":"1973-05-27T20:00:00","endTime":"1973-05-27T20:00:00","timezone":"CST","state":"NC","stateName":"North Carolina","county":"Caldwell","countyFips":"27","wfo":"","scale":1,"scaleLabel":"F1","lengthMiles":10.4,"widthYards":100,"deaths":0,"injuries":0,"propertyDamage":25000,"cropDamage":0,"source":"","dataSource":"PUB"}},{"type":"Feature","geometry":{"type":"LineString","coordinates":[[-81.33,35.47],[-81.33,35.47]]},"properties":{"id":"ncei-1973-10089209","eventId":"10089209","episodeId":"","year":1973,"month":5,"date":"1973-05-27","beginTime":"1973-05-27T20:30:00","endTime":"1973-05-27T20:30:00","timezone":"CST","state":"NC","stateName":"North Carolina","county":"Lincoln","countyFips":"109","wfo":"","scale":0,"scaleLabel":"F0","lengthMiles":0,"widthYards":33,"deaths":0,"injuries":0,"propertyDamage":25000,"cropDamage":0,"source":"","dataSource":"PUB"}},{"type":"Feature","geometry":{"type":"LineString","coordinates":[[-81.03,36.3],[-80.88,36.35]]},"properties":{"id":"ncei-1973-10089211","eventId":"10089211","episodeId":"","year":1973,"month":5,"date":"1973-05-27","beginTime":"1973-05-27T23:05:00","endTime":"1973-05-27T23:05:00","timezone":"CST","state":"NC","stateName":"North Carolina","county":"Wilkes","countyFips":"193","wfo":"","scale":1,"scaleLabel":"F1","lengthMiles":9.1,"widthYards":33,"deaths":0,"injuries":0,"propertyDamage":250000,"cropDamage":0,"source":"","dataSource":"PUB"}},{"type":"Feature","geometry":{"type":"LineString","coordinates":[[-80.88,36.35],[-80.48,36.45]]},"properties":{"id":"ncei-1973-10089212","eventId":"10089212","episodeId":"","year":1973,"month":5,"date":"1973-05-27","beginTime":"1973-05-27T23:25:00","endTime":"1973-05-27T23:25:00","timezone":"CST","state":"NC","stateName":"North Carolina","county":"Surry","countyFips":"171","wfo":"","scale":1,"scaleLabel":"F1","lengthMiles":23.2,"widthYards":33,"deaths":0,"injuries":3,"propertyDamage":250000,"cropDamage":0,"source":"","dataSource":"PUB"}},{"type":"Feature","geometry":{"type":"LineString","coordinates":[[-80.3,36.17],[-80.3,36.17]]},"properties":{"id":"ncei-1973-10089213","eventId":"10089213","episodeId":"","year":1973,"month":5,"date":"1973-05-28","beginTime":"1973-05-28T00:01:00","endTime":"1973-05-28T00:01:00","timezone":"CST","state":"NC","stateName":"North Carolina","county":"Forsyth","countyFips":"67","wfo":"","scale":0,"scaleLabel":"F0","lengthMiles":0,"widthYards":33,"deaths":0,"injuries":2,"propertyDamage":25000,"cropDamage":0,"source":"","dataSource":"PUB"}},{"type":"Feature","geometry":{"type":"LineString","coordinates":[[-80.63,35.28],[-80.63,35.28]]},"properties":{"id":"ncei-1973-10089216","eventId":"10089216","episodeId":"","year":1973,"month":5,"date":"1973-05-28","beginTime":"1973-05-28T05:00:00","endTime":"1973-05-28T05:00:00","timezone":"CST","state":"NC","stateName":"North Carolina","county":"Cabarrus","countyFips":"25","wfo":"","scale":0,"scaleLabel":"F0","lengthMiles":0,"widthYards":33,"deaths":0,"injuries":0,"propertyDamage":25000,"cropDamage":0,"source":"","dataSource":"PUB"}},{"type":"Feature","geometry":{"type":"LineString","coordinates":[[-80.98,35.2],[-80.87,35.3]]},"properties":{"id":"ncei-1973-10089217","eventId":"10089217","episodeId":"","year":1973,"month":5,"date":"1973-05-28","beginTime":"1973-05-28T05:00:00","endTime":"1973-05-28T05:00:00","timezone":"CST","state":"NC","stateName":"North Carolina","county":"Mecklenburg","countyFips":"119","wfo":"","scale":2,"scaleLabel":"F2","lengthMiles":9.6,"widthYards":100,"deaths":0,"injuries":0,"propertyDamage":250000,"cropDamage":0,"source":"","dataSource":"PUB"}},{"type":"Feature","geometry":{"type":"LineString","coordinates":[[-79.82,35.33],[-79.82,35.33]]},"properties":{"id":"ncei-1973-10089218","eventId":"10089218","episodeId":"","year":1973,"month":5,"date":"1973-05-28","beginTime":"1973-05-28T14:00:00","endTime":"1973-05-28T14:00:00","timezone":"CST","state":"NC","stateName":"North Carolina","county":"Montgomery","countyFips":"123","wfo":"","scale":0,"scaleLabel":"F0","lengthMiles":0,"widthYards":33,"deaths":0,"injuries":0,"propertyDamage":250000,"cropDamage":0,"source":"","dataSource":"PUB"}},{"type":"Feature","geometry":{"type":"LineString","coordinates":[[-78.53,35.98],[-78.48,36]]},"properties":{"id":"ncei-1973-10089220","eventId":"10089220","episodeId":"","year":1973,"month":5,"date":"1973-05-28","beginTime":"1973-05-28T15:00:00","endTime":"1973-05-28T15:00:00","timezone":"CST","state":"NC","stateName":"North Carolina","county":"Wake","countyFips":"183","wfo":"","scale":1,"scaleLabel":"F1","lengthMiles":3,"widthYards":33,"deaths":0,"injuries":0,"propertyDamage":25000,"cropDamage":0,"source":"","dataSource":"PUB"}},{"type":"Feature","geometry":{"type":"LineString","coordinates":[[-78.48,36],[-78.48,36.05]]},"properties":{"id":"ncei-1973-10089222","eventId":"10089222","episodeId":"","year":1973,"month":5,"date":"1973-05-28","beginTime":"1973-05-28T15:05:00","endTime":"1973-05-28T15:05:00","timezone":"CST","state":"NC","stateName":"North Carolina","county":"Franklin","countyFips":"69","wfo":"","scale":1,"scaleLabel":"F1","lengthMiles":3.4,"widthYards":33,"deaths":0,"injuries":2,"propertyDamage":25000,"cropDamage":0,"source":"","dataSource":"PUB"}},{"type":"Feature","geometry":{"type":"LineString","coordinates":[[-80.93,35.22],[-80.93,35.22]]},"properties":{"id":"ncei-1973-10089223","eventId":"10089223","episodeId":"","year":1973,"month":5,"date":"1973-05-28","beginTime":"1973-05-28T17:00:00","endTime":"1973-05-28T17:00:00","timezone":"CST","state":"NC","stateName":"North Carolina","county":"Mecklenburg","countyFips":"119","wfo":"","scale":1,"scaleLabel":"F1","lengthMiles":0,"widthYards":50,"deaths":0,"injuries":1,"propertyDamage":250000,"cropDamage":0,"source":"","dataSource":"PUB"}},{"type":"Feature","geometry":{"type":"LineString","coordinates":[[-80.07,35.88],[-80.03,35.88]]},"properties":{"id":"ncei-1973-10089224","eventId":"10089224","episodeId":"","year":1973,"month":5,"date":"1973-05-28","beginTime":"1973-05-28T17:00:00","endTime":"1973-05-28T17:00:00","timezone":"CST","state":"NC","stateName":"North Carolina","county":"Davidson","countyFips":"57","wfo":"","scale":1,"scaleLabel":"F1","lengthMiles":1.3,"widthYards":33,"deaths":0,"injuries":0,"propertyDamage":250000,"cropDamage":0,"source":"","dataSource":"PUB"}},{"type":"Feature","geometry":{"type":"LineString","coordinates":[[-80.03,35.88],[-79.98,35.88]]},"properties":{"id":"ncei-1973-10089582","eventId":"10089582","episodeId":"","year":1973,"month":5,"date":"1973-05-28","beginTime":"1973-05-28T17:10:00","endTime":"1973-05-28T17:10:00","timezone":"CST","state":"NC","stateName":"North Carolina","county":"Randolph","countyFips":"151","wfo":"","scale":1,"scaleLabel":"F1","lengthMiles":2.7,"widthYards":33,"deaths":0,"injuries":0,"propertyDamage":250000,"cropDamage":0,"source":"","dataSource":"PUB"}},{"type":"Feature","geometry":{"type":"LineString","coordinates":[[-80.53,35.2],[-80.53,35.2]]},"properties":{"id":"ncei-1973-10089794","eventId":"10089794","episodeId":"","year":1973,"month":5,"date":"1973-05-28","beginTime":"1973-05-28T18:00:00","endTime":"1973-05-28T18:00:00","timezone":"CST","state":"NC","stateName":"North Carolina","county":"Cabarrus","countyFips":"25","wfo":"","scale":0,"scaleLabel":"F0","lengthMiles":0,"widthYards":33,"deaths":0,"injuries":0,"propertyDamage":25000,"cropDamage":0,"source":"","dataSource":"PUB"}},{"type":"Feature","geometry":{"type":"LineString","coordinates":[[-81.18,35.27],[-81.18,35.27]]},"properties":{"id":"ncei-1973-10089795","eventId":"10089795","episodeId":"","year":1973,"month":5,"date":"1973-05-28","beginTime":"1973-05-28T18:00:00","endTime":"1973-05-28T18:00:00","timezone":"CST","state":"NC","stateName":"North Carolina","county":"Gaston","countyFips":"71","wfo":"","scale":0,"scaleLabel":"F0","lengthMiles":0,"widthYards":33,"deaths":0,"injuries":0,"propertyDamage":0,"cropDamage":0,"source":"","dataSource":"PUB"}},{"type":"Feature","geometry":{"type":"LineString","coordinates":[[-77.4,36.02],[-77.37,36.37]]},"properties":{"id":"ncei-1973-10089796","eventId":"10089796","episodeId":"","year":1973,"month":5,"date":"1973-05-28","beginTime":"1973-05-28T18:30:00","endTime":"1973-05-28T18:30:00","timezone":"CST","state":"NC","stateName":"North Carolina","county":"Halifax","countyFips":"83","wfo":"","scale":1,"scaleLabel":"F1","lengthMiles":24.1,"widthYards":33,"deaths":0,"injuries":0,"propertyDamage":25000,"cropDamage":0,"source":"","dataSource":"PUB"}},{"type":"Feature","geometry":{"type":"LineString","coordinates":[[-77,36.38],[-77,36.38]]},"properties":{"id":"ncei-1973-10089799","eventId":"10089799","episodeId":"","year":1973,"month":5,"date":"1973-05-28","beginTime":"1973-05-28T19:45:00","endTime":"1973-05-28T19:45:00","timezone":"CST","state":"NC","stateName":"North Carolina","county":"Hertford","countyFips":"91","wfo":"","scale":1,"scaleLabel":"F1","lengthMiles":0,"widthYards":33,"deaths":0,"injuries":1,"propertyDamage":250000,"cropDamage":0,"source":"","dataSource":"PUB"}},{"type":"Feature","geometry":{"type":"LineString","coordinates":[[-77.8,35.97],[-77.8,35.97]]},"properties":{"id":"ncei-1973-10089800","eventId":"10089800","episodeId":"","year":1973,"month":5,"date":"1973-05-28","beginTime":"1973-05-28T20:00:00","endTime":"1973-05-28T20:00:00","timezone":"CST","state":"NC","stateName":"North Carolina","county":"Nash","countyFips":"127","wfo":"","scale":0,"scaleLabel":"F0","lengthMiles":1,"widthYards":33,"deaths":0,"injuries":0,"propertyDamage":25000,"cropDamage":0,"source":"","dataSource":"PUB"}},{"type":"Feature","geometry":{"type":"LineString","coordinates":[[-78.37,35.85],[-78.37,35.85]]},"properties":{"id":"ncei-1973-10089803","eventId":"10089803","episodeId":"","year":1973,"month":5,"date":"1973-05-29","beginTime":"1973-05-29T02:00:00","endTime":"1973-05-29T02:00:00","timezone":"CST","state":"NC","stateName":"North Carolina","county":"Wake","countyFips":"183","wfo":"","scale":0,"scaleLabel":"F0","lengthMiles":0,"widthYards":33,"deaths":0,"injuries":0,"propertyDamage":25000,"cropDamage":0,"source":"","dataSource":"PUB"}},{"type":"Feature","geometry":{"type":"LineString","coordinates":[[-77.22,36.18],[-77.22,36.18]]},"properties":{"id":"ncei-1973-10089804","eventId":"10089804","episodeId":"","year":1973,"month":5,"date":"1973-05-29","beginTime":"1973-05-29T02:00:00","endTime":"1973-05-29T02:00:00","timezone":"CST","state":"NC","stateName":"North Carolina","county":"Bertie","countyFips":"15","wfo":"","scale":0,"scaleLabel":"F0","lengthMiles":0,"widthYards":33,"deaths":0,"injuries":0,"propertyDamage":25000,"cropDamage":0,"source":"","dataSource":"PUB"}},{"type":"Feature","geometry":{"type":"LineString","coordinates":[[-78.72,35.23],[-78.72,35.23]]},"properties":{"id":"ncei-1973-10089805","eventId":"10089805","episodeId":"","year":1973,"month":5,"date":"1973-05-29","beginTime":"1973-05-29T04:00:00","endTime":"1973-05-29T04:00:00","timezone":"CST","state":"NC","stateName":"North Carolina","county":"Cumberland","countyFips":"51","wfo":"","scale":1,"scaleLabel":"F1","lengthMiles":0,"widthYards":33,"deaths":0,"injuries":0,"propertyDamage":25000,"cropDamage":0,"source":"","dataSource":"PUB"}},{"type":"Feature","geometry":{"type":"LineString","coordinates":[[-78.33,35.53],[-78.02,35.57]]},"properties":{"id":"ncei-1973-10089809","eventId":"10089809","episodeId":"","year":1973,"month":5,"date":"1973-05-29","beginTime":"1973-05-29T05:00:00","endTime":"1973-05-29T05:00:00","timezone":"CST","state":"NC","stateName":"North Carolina","county":"Johnston","countyFips":"101","wfo":"","scale":1,"scaleLabel":"F1","lengthMiles":17.9,"widthYards":33,"deaths":0,"injuries":0,"propertyDamage":25000,"cropDamage":0,"source":"","dataSource":"PUB"}},{"type":"Feature","geometry":{"type":"LineString","coordinates":[[-77.35,35.58],[-77.3,35.77]]},"properties":{"id":"ncei-1973-10089810","eventId":"10089810","episodeId":"","year":1973,"month":5,"date":"1973-05-29","beginTime":"1973-05-29T13:30:00","endTime":"1973-05-29T13:30:00","timezone":"CST","state":"NC","stateName":"North Carolina","county":"Pitt","countyFips":"147","wfo":"","scale":0,"scaleLabel":"F0","lengthMiles":12.9,"widthYards":33,"deaths":0,"injuries":0,"propertyDamage":25000,"cropDamage":0,"source":"","dataSource":"PUB"}},{"type":"Feature","geometry":{"type":"LineString","coordinates":[[-77.63,35.45],[-77.63,35.45]]},"properties":{"id":"ncei-1973-10089811","eventId":"10089811","episodeId":"","year":1973,"month":5,"date":"1973-05-29","beginTime":"1973-05-29T13:50:00","endTime":"1973-05-29T13:50:00","timezone":"CST","state":"NC","stateName":"North Carolina","county":"Greene","countyFips":"79","wfo":"","scale":0,"scaleLabel":"F0","lengthMiles":0,"widthYards":33,"deaths":0,"injuries":0,"propertyDamage":25000,"cropDamage":0,"source":"","dataSource":"PUB"}},{"type":"Feature","geometry":{"type":"LineString","coordinates":[[-77.98,34.52],[-77.98,34.52]]},"properties":{"id":"ncei-1973-10089813","eventId":"10089813","episodeId":"","year":1973,"month":6,"date":"1973-06-13","beginTime":"1973-06-13T15:00:00","endTime":"1973-06-13T15:00:00","timezone":"CST","state":"NC","stateName":"North Carolina","county":"Pender","countyFips":"141","wfo":"","scale":0,"scaleLabel":"F0","lengthMiles":0,"widthYards":33,"deaths":0,"injuries":0,"propertyDamage":2500,"cropDamage":0,"source":"","dataSource":"PUB"}},{"type":"Feature","geometry":{"type":"LineString","coordinates":[[-80.3,35.85],[-80.3,35.85]]},"properties":{"id":"ncei-1973-10089814","eventId":"10089814","episodeId":"","year":1973,"month":6,"date":"1973-06-17","beginTime":"1973-06-17T18:00:00","endTime":"1973-06-17T18:00:00","timezone":"CST","state":"NC","stateName":"North Carolina","county":"Davidson","countyFips":"57","wfo":"","scale":1,"scaleLabel":"F1","lengthMiles":0,"widthYards":33,"deaths":0,"injuries":2,"propertyDamage":2500,"cropDamage":0,"source":"","dataSource":"PUB"}},{"type":"Feature","geometry":{"type":"LineString","coordinates":[[-76.75,35.83],[-76.57,35.9]]},"properties":{"id":"ncei-1973-10089824","eventId":"10089824","episodeId":"","year":1973,"month":9,"date":"1973-09-14","beginTime":"1973-09-14T15:00:00","endTime":"1973-09-14T15:00:00","timezone":"CST","state":"NC","stateName":"North Carolina","county":"Washington","countyFips":"187","wfo":"","scale":2,"scaleLabel":"F2","lengthMiles":11.2,"widthYards":300,"deaths":0,"injuries":0,"propertyDamage":25000,"cropDamage":0,"source":"","dataSource":"PUB"}},{"type":"Feature","geometry":{"type":"LineString","coordinates":[[-77.5,35.22],[-77.42,35.25]]},"properties":{"id":"ncei-1973-10089825","eventId":"10089825","episodeId":"","year":1973,"month":9,"date":"1973-09-14","beginTime":"1973-09-14T16:00:00","endTime":"1973-09-14T16:00:00","timezone":"CST","state":"NC","stateName":"North Carolina","county":"Lenoir","countyFips":"107","wfo":"","scale":1,"scaleLabel":"F1","lengthMiles":5.2,"widthYards":67,"deaths":0,"injuries":0,"propertyDamage":25000,"cropDamage":0,"source":"","dataSource":"PUB"}},{"type":"Feature","geometry":{"type":"LineString","coordinates":[[-97.3,36.72],[-97.02,36.75]]},"properties":{"id":"ncei-1973-10092133","eventId":"10092133","episodeId":"","year":1973,"month":9,"date":"1973-09-04","beginTime":"1973-09-04T13:58:00","endTime":"1973-09-04T13:58:00","timezone":"CST","state":"OK","stateName":"Oklahoma","county":"Kay","countyFips":"71","wfo":"","scale":1,"scaleLabel":"F1","lengthMiles":15.8,"widthYards":200,"deaths":0,"injuries":0,"propertyDamage":2500,"cropDamage":0,"source":"","dataSource":"PUB"}},{"type":"Feature","geometry":{"type":"LineString","coordinates":[[-96.67,35.4],[-96.6,35.45]]},"properties":{"id":"ncei-1973-10092290","eventId":"10092290","episodeId":"","year":1973,"month":1,"date":"1973-01-18","beginTime":"1973-01-18T02:20:00","endTime":"1973-01-18T02:20:00","timezone":"CST","state":"OK","stateName":"Oklahoma","county":"Seminole","countyFips":"133","wfo":"","scale":2,"scaleLabel":"F2","lengthMiles":5.1,"widthYards":30,"deaths":0,"injuries":4,"propertyDamage":250000,"cropDamage":0,"source":"","dataSource":"PUB"}},{"type":"Feature","geometry":{"type":"LineString","coordinates":[[-99.4,34.95],[-99.33,34.98]]},"properties":{"id":"ncei-1973-10092294","eventId":"10092294","episodeId":"","year":1973,"month":3,"date":"1973-03-13","beginTime":"1973-03-13T11:53:00","endTime":"1973-03-13T11:53:00","timezone":"CST","state":"OK","stateName":"Oklahoma","county":"Greer","countyFips":"55","wfo":"","scale":2,"scaleLabel":"F2","lengthMiles":4.5,"widthYards":100,"deaths":0,"injuries":0,"propertyDamage":25000,"cropDamage":0,"source":"","dataSource":"PUB"}},{"type":"Feature","geometry":{"type":"LineString","coordinates":[[-98.43,34.5],[-98.43,34.5]]},"properties":{"id":"ncei-1973-10092296","eventId":"10092296","episodeId":"","year":1973,"month":3,"date":"1973-03-13","beginTime":"1973-03-13T12:27:00","endTime":"1973-03-13T12:27:00","timezone":"CST","state":"OK","stateName":"Oklahoma","county":"Comanche","countyFips":"31","wfo":"","scale":2,"scaleLabel":"F2","lengthMiles":0,"widthYards":33,"deaths":0,"injuries":5,"propertyDamage":25000,"cropDamage":0,"source":"","dataSource":"PUB"}},{"type":"Feature","geometry":{"type":"LineString","coordinates":[[-98.25,34.3],[-98.13,34.3]]},"properties":{"id":"ncei-1973-10092297","eventId":"10092297","episodeId":"","year":1973,"month":3,"date":"1973-03-13","beginTime":"1973-03-13T12:35:00","endTime":"1973-03-13T12:35:00","timezone":"CST","state":"OK","stateName":"Oklahoma","county":"Cotton","countyFips":"33","wfo":"","scale":1,"scaleLabel":"F1","lengthMiles":6.6,"widthYards":33,"deaths":0,"injuries":0,"propertyDamage":25000,"cropDamage":0,"source":"","dataSource":"PUB"}},{"type":"Feature","geometry":{"type":"LineString","coordinates":[[-98,34.15],[-98,34.15]]},"properties":{"id":"ncei-1973-10092298","eventId":"10092298","episodeId":"","year":1973,"month":3,"date":"1973-03-13","beginTime":"1973-03-13T12:50:00","endTime":"1973-03-13T12:50:00","timezone":"CST","state":"OK","stateName":"Oklahoma","county":"Jefferson","countyFips":"67","wfo":"","scale":0,"scaleLabel":"F0","lengthMiles":0.5,"widthYards":33,"deaths":0,"injuries":0,"propertyDamage":2500,"cropDamage":0,"source":"","dataSource":"PUB"}},{"type":"Feature","geometry":{"type":"LineString","coordinates":[[-97.13,36.8],[-96.97,37]]},"properties":{"id":"ncei-1973-10092304","eventId":"10092304","episodeId":"","year":1973,"month":3,"date":"1973-03-13","beginTime":"1973-03-13T15:08:00","endTime":"1973-03-13T15:08:00","timezone":"CST","state":"OK","stateName":"Oklahoma","county":"Kay","countyFips":"71","wfo":"","scale":2,"scaleLabel":"F2","lengthMiles":16.5,"widthYards":250,"deaths":0,"injuries":1,"propertyDamage":2500000,"cropDamage":0,"source":"","dataSource":"PUB"}},{"type":"Feature","geometry":{"type":"LineString","coordinates":[[-97.9,33.9],[-97.9,33.9]]},"properties":{"id":"ncei-1973-10092308","eventId":"10092308","episodeId":"","year":1973,"month":3,"date":"1973-03-24","beginTime":"1973-03-24T13:40:00","endTime":"1973-03-24T13:40:00","timezone":"CST","state":"OK","stateName":"Oklahoma","county":"Jefferson","countyFips":"67","wfo":"","scale":0,"scaleLabel":"F0","lengthMiles":0.5,"widthYards":17,"deaths":0,"injuries":0,"propertyDamage":0,"cropDamage":0,"source":"","dataSource":"PUB"}},{"type":"Feature","geometry":{"type":"LineString","coordinates":[[-95.4,36.87],[-94.9,36.93]]},"properties":{"id":"ncei-1973-10092309","eventId":"10092309","episodeId":"","year":1973,"month":3,"date":"1973-03-28","beginTime":"1973-03-28T16:40:00","endTime":"1973-03-28T16:40:00","timezone":"CST","state":"OK","stateName":"Oklahoma","county":"Craig","countyFips":"35","wfo":"","scale":1,"scaleLabel":"F1","lengthMiles":28,"widthYards":33,"deaths":0,"injuries":0,"propertyDamage":25000,"cropDamage":0,"source":"","dataSource":"PUB"}},{"type":"Feature","geometry":{"type":"LineString","coordinates":[[-97,35.8],[-97,35.8]]},"properties":{"id":"ncei-1973-10092313","eventId":"10092313","episodeId":"","year":1973,"month":4,"date":"1973-04-15","beginTime":"1973-04-15T17:45:00","endTime":"1973-04-15T17:45:00","timezone":"CST","state":"OK","stateName":"Oklahoma","county":"Lincoln","countyFips":"81","wfo":"","scale":1,"scaleLabel":"F1","lengthMiles":0.2,"widthYards":50,"deaths":0,"injuries":0,"propertyDamage":25000,"cropDamage":0,"source":"","dataSource":"PUB"}},{"type":"Feature","geometry":{"type":"LineString","coordinates":[[-97.67,34.5],[-97.67,34.5]]},"properties":{"id":"ncei-1973-10092315","eventId":"10092315","episodeId":"","year":1973,"month":4,"date":"1973-04-19","beginTime":"1973-04-19T23:00:00","endTime":"1973-04-19T23:00:00","timezone":"CST","state":"OK","stateName":"Oklahoma","county":"Stephens","countyFips":"137","wfo":"","scale":2,"scaleLabel":"F2","lengthMiles":2,"widthYards":83,"deaths":0,"injuries":4,"propertyDamage":25000,"cropDamage":0,"source":"","dataSource":"PUB"}},{"type":"Feature","geometry":{"type":"LineString","coordinates":[[-97.3,34.7],[-97.08,34.87]]},"properties":{"id":"ncei-1973-10092316","eventId":"10092316","episodeId":"","year":1973,"month":4,"date":"1973-04-19","beginTime":"1973-04-19T23:45:00","endTime":"1973-04-19T23:45:00","timezone":"CST","state":"OK","stateName":"Oklahoma","county":"Garvin","countyFips":"49","wfo":"","scale":2,"scaleLabel":"F2","lengthMiles":16.8,"widthYards":250,"deaths":0,"injuries":2,"propertyDamage":2500000,"cropDamage":0,"source":"","dataSource":"PUB"}},{"type":"Feature","geometry":{"type":"LineString","coordinates":[[-96.68,34.78],[-96.62,34.88]]},"properties":{"id":"ncei-1973-10092318","eventId":"10092318","episodeId":"","year":1973,"month":4,"date":"1973-04-20","beginTime":"1973-04-20T00:15:00","endTime":"1973-04-20T00:15:00","timezone":"CST","state":"OK","stateName":"Oklahoma","county":"Pontotoc","countyFips":"123","wfo":"","scale":3,"scaleLabel":"F3","lengthMiles":7.9,"widthYards":100,"deaths":0,"injuries":21,"propertyDamage":2500000,"cropDamage":0,"source":"","dataSource":"PUB"}},{"type":"Feature","geometry":{"type":"LineString","coordinates":[[-95.03,36.6],[-95.03,36.6]]},"properties":{"id":"ncei-1973-10092322","eventId":"10092322","episodeId":"","year":1973,"month":4,"date":"1973-04-21","beginTime":"1973-04-21T20:00:00","endTime":"1973-04-21T20:00:00","timezone":"CST","state":"OK","stateName":"Oklahoma","county":"Craig","countyFips":"35","wfo":"","scale":1,"scaleLabel":"F1","lengthMiles":0,"widthYards":120,"deaths":0,"injuries":0,"propertyDamage":25000,"cropDamage":0,"source":"","dataSource":"PUB"}},{"type":"Feature","geometry":{"type":"LineString","coordinates":[[-95.02,36.63],[-94.95,36.68]]},"properties":{"id":"ncei-1973-10092323","eventId":"10092323","episodeId":"","year":1973,"month":4,"date":"1973-04-21","beginTime":"1973-04-21T20:40:00","endTime":"1973-04-21T20:40:00","timezone":"CST","state":"OK","stateName":"Oklahoma","county":"Craig","countyFips":"35","wfo":"","scale":1,"scaleLabel":"F1","lengthMiles":5.1,"widthYards":40,"deaths":0,"injuries":0,"propertyDamage":0,"cropDamage":0,"source":"","dataSource":"PUB"}},{"type":"Feature","geometry":{"type":"LineString","coordinates":[[-98.1,36.8],[-98.03,36.8]]},"properties":{"id":"ncei-1973-10092327","eventId":"10092327","episodeId":"","year":1973,"month":4,"date":"1973-04-30","beginTime":"1973-04-30T20:20:00","endTime":"1973-04-30T20:20:00","timezone":"CST","state":"OK","stateName":"Oklahoma","county":"Alfalfa","countyFips":"3","wfo":"","scale":2,"scaleLabel":"F2","lengthMiles":3.3,"widthYards":100,"deaths":0,"injuries":6,"propertyDamage":250000,"cropDamage":0,"source":"","dataSource":"PUB"}},{"type":"Feature","geometry":{"type":"LineString","coordinates":[[-98.03,36.8],[-97.85,36.82]]},"properties":{"id":"ncei-1973-10092328","eventId":"10092328","episodeId":"","year":1973,"month":4,"date":"1973-04-30","beginTime":"1973-04-30T20:30:00","endTime":"1973-04-30T20:30:00","timezone":"CST","state":"OK","stateName":"Oklahoma","county":"Grant","countyFips":"53","wfo":"","scale":2,"scaleLabel":"F2","lengthMiles":10.1,"widthYards":100,"deaths":0,"injuries":0,"propertyDamage":250000,"cropDamage":0,"source":"","dataSource":"PUB"}},{"type":"Feature","geometry":{"type":"LineString","coordinates":[[-98,36.3],[-98,36.3]]},"properties":{"id":"ncei-1973-10092329","eventId":"10092329","episodeId":"","year":1973,"month":4,"date":"1973-04-30","beginTime":"1973-04-30T20:35:00","endTime":"1973-04-30T20:35:00","timezone":"CST","state":"OK","stateName":"Oklahoma","county":"Garfield","countyFips":"47","wfo":"","scale":1,"scaleLabel":"F1","lengthMiles":1,"widthYards":33,"deaths":0,"injuries":0,"propertyDamage":2500,"cropDamage":0,"source":"","dataSource":"PUB"}},{"type":"Feature","geometry":{"type":"LineString","coordinates":[[-97.08,36.98],[-97.08,36.98]]},"properties":{"id":"ncei-1973-10092331","eventId":"10092331","episodeId":"","year":1973,"month":4,"date":"1973-04-30","beginTime":"1973-04-30T21:25:00","endTime":"1973-04-30T21:25:00","timezone":"CST","state":"OK","stateName":"Oklahoma","county":"Kay","countyFips":"71","wfo":"","scale":2,"scaleLabel":"F2","lengthMiles":0.4,"widthYards":67,"deaths":0,"injuries":0,"propertyDamage":25000,"cropDamage":0,"source":"","dataSource":"PUB"}},{"type":"Feature","geometry":{"type":"LineString","coordinates":[[-101.2,36.87],[-101.2,36.87]]},"properties":{"id":"ncei-1973-10092334","eventId":"10092334","episodeId":"","year":1973,"month":5,"date":"1973-05-01","beginTime":"1973-05-01T09:00:00","endTime":"1973-05-01T09:00:00","timezone":"CST","state":"OK","stateName":"Oklahoma","county":"Texas","countyFips":"139","wfo":"","scale":0,"scaleLabel":"F0","lengthMiles":1,"widthYards":150,"deaths":0,"injuries":0,"propertyDamage":0,"cropDamage":0,"source":"","dataSource":"PUB"}},{"type":"Feature","geometry":{"type":"LineString","coordinates":[[-95,36.03],[-95,36.03]]},"properties":{"id":"ncei-1973-10092340","eventId":"10092340","episodeId":"","year":1973,"month":5,"date":"1973-05-01","beginTime":"1973-05-01T13:45:00","endTime":"1973-05-01T13:45:00","timezone":"CST","state":"OK","stateName":"Oklahoma","county":"Cherokee","countyFips":"21","wfo":"","scale":1,"scaleLabel":"F1","lengthMiles":0,"widthYards":33,"deaths":0,"injuries":0,"propertyDamage":25000,"cropDamage":0,"source":"","dataSource":"PUB"}},{"type":"Feature","geometry":{"type":"LineString","coordinates":[[-96.75,35.17],[-96.65,35.27]]},"properties":{"id":"ncei-1973-10092341","eventId":"10092341","episodeId":"","year":1973,"month":5,"date":"1973-05-06","beginTime":"1973-05-06T14:00:00","endTime":"1973-05-06T14:00:00","timezone":"CST","state":"OK","stateName":"Oklahoma","county":"Seminole","countyFips":"133","wfo":"","scale":2,"scaleLabel":"F2","lengthMiles":9.1,"widthYards":70,"deaths":0,"injuries":0,"propertyDamage":250000,"cropDamage":0,"source":"","dataSource":"PUB"}},{"type":"Feature","geometry":{"type":"LineString","coordinates":[[-95.37,35.13],[-95.3,35.18]]},"properties":{"id":"ncei-1973-10092343","eventId":"10092343","episodeId":"","year":1973,"month":5,"date":"1973-05-06","beginTime":"1973-05-06T18:00:00","endTime":"1973-05-06T18:00:00","timezone":"CST","state":"OK","stateName":"Oklahoma","county":"Pittsburg","countyFips":"121","wfo":"","scale":0,"scaleLabel":"F0","lengthMiles":5.2,"widthYards":40,"deaths":0,"injuries":0,"propertyDamage":25000,"cropDamage":0,"source":"","dataSource":"PUB"}},{"type":"Feature","geometry":{"type":"LineString","coordinates":[[-97.62,36.8],[-97.62,36.8]]},"properties":{"id":"ncei-1973-10092344","eventId":"10092344","episodeId":"","year":1973,"month":5,"date":"1973-05-06","beginTime":"1973-05-06T19:10:00","endTime":"1973-05-06T19:10:00","timezone":"CST","state":"OK","stateName":"Oklahoma","county":"Grant","countyFips":"53","wfo":"","scale":1,"scaleLabel":"F1","lengthMiles":1,"widthYards":50,"deaths":0,"injuries":0,"propertyDamage":25000,"cropDamage":0,"source":"","dataSource":"PUB"}},{"type":"Feature","geometry":{"type":"LineString","coordinates":[[-95.12,36.67],[-94.98,36.7]]},"properties":{"id":"ncei-1973-10092362","eventId":"10092362","episodeId":"","year":1973,"month":9,"date":"1973-09-24","beginTime":"1973-09-24T18:40:00","endTime":"1973-09-24T18:40:00","timezone":"CST","state":"OK","stateName":"Oklahoma","county":"Craig","countyFips":"35","wfo":"","scale":3,"scaleLabel":"F3","lengthMiles":7.7,"widthYards":100,"deaths":0,"injuries":0,"propertyDamage":250000,"cropDamage":0,"source":"","dataSource":"PUB"}},{"type":"Feature","geometry":{"type":"LineString","coordinates":[[-94.98,36.7],[-94.92,36.72]]},"properties":{"id":"ncei-1973-10092363","eventId":"10092363","episodeId":"","year":1973,"month":9,"date":"1973-09-24","beginTime":"1973-09-24T19:10:00","endTime":"1973-09-24T19:10:00","timezone":"CST","state":"OK","stateName":"Oklahoma","county":"Ottawa","countyFips":"115","wfo":"","scale":3,"scaleLabel":"F3","lengthMiles":3.6,"widthYards":100,"deaths":0,"injuries":14,"propertyDamage":250000,"cropDamage":0,"source":"","dataSource":"PUB"}},{"type":"Feature","geometry":{"type":"LineString","coordinates":[[-94.92,36.72],[-94.87,36.85]]},"properties":{"id":"ncei-1973-10092364","eventId":"10092364","episodeId":"","year":1973,"month":9,"date":"1973-09-24","beginTime":"1973-09-24T19:20:00","endTime":"1973-09-24T19:20:00","timezone":"CST","state":"OK","stateName":"Oklahoma","county":"Ottawa","countyFips":"115","wfo":"","scale":3,"scaleLabel":"F3","lengthMiles":9.5,"widthYards":100,"deaths":0,"injuries":0,"propertyDamage":250000,"cropDamage":0,"source":"","dataSource":"PUB"}},{"type":"Feature","geometry":{"type":"LineString","coordinates":[[-99.7,35.28],[-99.47,35.77]]},"properties":{"id":"ncei-1973-10092368","eventId":"10092368","episodeId":"","year":1973,"month":10,"date":"1973-10-10","beginTime":"1973-10-10T07:30:00","endTime":"1973-10-10T07:30:00","timezone":"CST","state":"OK","stateName":"Oklahoma","county":"Beckham","countyFips":"9","wfo":"","scale":1,"scaleLabel":"F1","lengthMiles":35.8,"widthYards":33,"deaths":0,"injuries":0,"propertyDamage":250000,"cropDamage":0,"source":"","dataSource":"PUB"}},{"type":"Feature","geometry":{"type":"LineString","coordinates":[[-97.9,36.4],[-97.9,36.4]]},"properties":{"id":"ncei-1973-10092369","eventId":"10092369","episodeId":"","year":1973,"month":10,"date":"1973-10-10","beginTime":"1973-10-10T18:05:00","endTime":"1973-10-10T18:05:00","timezone":"CST","state":"OK","stateName":"Oklahoma","county":"Garfield","countyFips":"47","wfo":"","scale":1,"scaleLabel":"F1","lengthMiles":0.1,"widthYards":50,"deaths":0,"injuries":0,"propertyDamage":2500,"cropDamage":0,"source":"","dataSource":"PUB"}},{"type":"Feature","geometry":{"type":"LineString","coordinates":[[-97.53,35.35],[-97.45,35.38]]},"properties":{"id":"ncei-1973-10092372","eventId":"10092372","episodeId":"","year":1973,"month":10,"date":"1973-10-11","beginTime":"1973-10-11T01:15:00","endTime":"1973-10-11T01:15:00","timezone":"CST","state":"OK","stateName":"Oklahoma","county":"Oklahoma","countyFips":"109","wfo":"","scale":1,"scaleLabel":"F1","lengthMiles":5.2,"widthYards":50,"deaths":0,"injuries":0,"propertyDamage":250000,"cropDamage":0,"source":"","dataSource":"PUB"}},{"type":"Feature","geometry":{"type":"LineString","coordinates":[[-99.7,36.13],[-99.63,36.17]]},"properties":{"id":"ncei-1973-10092379","eventId":"10092379","episodeId":"","year":1973,"month":11,"date":"1973-11-19","beginTime":"1973-11-19T17:15:00","endTime":"1973-11-19T17:15:00","timezone":"CST","state":"OK","stateName":"Oklahoma","county":"Ellis","countyFips":"45","wfo":"","scale":1,"scaleLabel":"F1","lengthMiles":4.3,"widthYards":40,"deaths":0,"injuries":0,"propertyDamage":25000,"cropDamage":0,"source":"","dataSource":"PUB"}},{"type":"Feature","geometry":{"type":"LineString","coordinates":[[-97.65,35.13],[-97.55,35.27]]},"properties":{"id":"ncei-1973-10092383","eventId":"10092383","episodeId":"","year":1973,"month":11,"date":"1973-11-19","beginTime":"1973-11-19T19:30:00","endTime":"1973-11-19T19:30:00","timezone":"CST","state":"OK","stateName":"Oklahoma","county":"Mcclain","countyFips":"87","wfo":"","scale":3,"scaleLabel":"F3","lengthMiles":10.8,"widthYards":500,"deaths":2,"injuries":18,"propertyDamage":2500000,"cropDamage":0,"source":"","dataSource":"PUB"}},{"type":"Feature","geometry":{"type":"LineString","coordinates":[[-97.95,36.05],[-97.92,36.13]]},"properties":{"id":"ncei-1973-10092384","eventId":"10092384","episodeId":"","year":1973,"month":11,"date":"1973-11-19","beginTime":"1973-11-19T19:40:00","endTime":"1973-11-19T19:40:00","timezone":"CST","state":"OK","stateName":"Oklahoma","county":"Kingfisher","countyFips":"73","wfo":"","scale":1,"scaleLabel":"F1","lengthMiles":5.9,"widthYards":50,"deaths":0,"injuries":2,"propertyDamage":250000,"cropDamage":0,"source":"","dataSource":"PUB"}},{"type":"Feature","geometry":{"type":"LineString","coordinates":[[-97.42,36.62],[-97.22,36.73]]},"properties":{"id":"ncei-1973-10092385","eventId":"10092385","episodeId":"","year":1973,"month":11,"date":"1973-11-19","beginTime":"1973-11-19T19:45:00","endTime":"1973-11-19T19:45:00","timezone":"CST","state":"OK","stateName":"Oklahoma","county":"Kay","countyFips":"71","wfo":"","scale":2,"scaleLabel":"F2","lengthMiles":13.7,"widthYards":60,"deaths":0,"injuries":6,"propertyDamage":2500000,"cropDamage":0,"source":"","dataSource":"PUB"}},{"type":"Feature","geometry":{"type":"LineString","coordinates":[[-97.55,35.27],[-97.48,35.35]]},"properties":{"id":"ncei-1973-10092386","eventId":"10092386","episodeId":"","year":1973,"month":11,"date":"1973-11-19","beginTime":"1973-11-19T19:48:00","endTime":"1973-11-19T19:48:00","timezone":"CST","state":"OK","stateName":"Oklahoma","county":"Cleveland","countyFips":"27","wfo":"","scale":3,"scaleLabel":"F3","lengthMiles":7.1,"widthYards":500,"deaths":3,"injuries":28,"propertyDamage":2500000,"cropDamage":0,"source":"","dataSource":"PUB"}},{"type":"Feature","geometry":{"type":"LineString","coordinates":[[-97.48,35.35],[-97.47,35.38]]},"properties":{"id":"ncei-1973-10092388","eventId":"10092388","episodeId":"","year":1973,"month":11,"date":"1973-11-19","beginTime":"1973-11-19T20:02:00","endTime":"1973-11-19T20:02:00","timezone":"CST","state":"OK","stateName":"Oklahoma","county":"Cleveland","countyFips":"27","wfo":"","scale":3,"scaleLabel":"F3","lengthMiles":2.7,"widthYards":500,"deaths":0,"injuries":0,"propertyDamage":2500000,"cropDamage":0,"source":"","dataSource":"PUB"}},{"type":"Feature","geometry":{"type":"LineString","coordinates":[[-97.47,35.38],[-97.45,35.43]]},"properties":{"id":"ncei-1973-10092389","eventId":"10092389","episodeId":"","year":1973,"month":11,"date":"1973-11-19","beginTime":"1973-11-19T20:07:00","endTime":"1973-11-19T20:07:00","timezone":"CST","state":"OK","stateName":"Oklahoma","county":"Oklahoma","countyFips":"109","wfo":"","scale":3,"scaleLabel":"F3","lengthMiles":3.6,"widthYards":500,"deaths":0,"injuries":0,"propertyDamage":2500000,"cropDamage":0,"source":"","dataSource":"PUB"}},{"type":"Feature","geometry":{"type":"LineString","coordinates":[[-97.3,36.78],[-97.27,36.82]]},"properties":{"id":"ncei-1973-10092390","eventId":"10092390","episodeId":"","year":1973,"month":11,"date":"1973-11-19","beginTime":"1973-11-19T20:10:00","endTime":"1973-11-19T20:10:00","timezone":"CST","state":"OK","stateName":"Oklahoma","county":"Kay","countyFips":"71","wfo":"","scale":1,"scaleLabel":"F1","lengthMiles":2.7,"widthYards":150,"deaths":0,"injuries":0,"propertyDamage":2500000,"cropDamage":0,"source":"","dataSource":"PUB"}},{"type":"Feature","geometry":{"type":"LineString","coordinates":[[-95.8,36.33],[-95.8,36.33]]},"properties":{"id":"ncei-1973-10092393","eventId":"10092393","episodeId":"","year":1973,"month":11,"date":"1973-11-20","beginTime":"1973-11-20T00:01:00","endTime":"1973-11-20T00:01:00","timezone":"CST","state":"OK","stateName":"Oklahoma","county":"Roger Mills","countyFips":"129","wfo":"","scale":1,"scaleLabel":"F1","lengthMiles":0.5,"widthYards":30,"deaths":0,"injuries":7,"propertyDamage":250000,"cropDamage":0,"source":"","dataSource":"PUB"}},{"type":"Feature","geometry":{"type":"LineString","coordinates":[[-95.25,36.27],[-95.25,36.27]]},"properties":{"id":"ncei-1973-10092397","eventId":"10092397","episodeId":"","year":1973,"month":11,"date":"1973-11-23","beginTime":"1973-11-23T22:30:00","endTime":"1973-11-23T22:30:00","timezone":"CST","state":"OK","stateName":"Oklahoma","county":"Mayes","countyFips":"97","wfo":"","scale":1,"scaleLabel":"F1","lengthMiles":1,"widthYards":40,"deaths":0,"injuries":0,"propertyDamage":25000,"cropDamage":0,"source":"","dataSource":"PUB"}},{"type":"Feature","geometry":{"type":"LineString","coordinates":[[-94.82,34.08],[-94.67,34.2]]},"properties":{"id":"ncei-1973-10092401","eventId":"10092401","episodeId":"","year":1973,"month":11,"date":"1973-11-24","beginTime":"1973-11-24T16:35:00","endTime":"1973-11-24T16:35:00","timezone":"CST","state":"OK","stateName":"Oklahoma","county":"Mccurtain","countyFips":"89","wfo":"","scale":1,"scaleLabel":"F1","lengthMiles":11.8,"widthYards":40,"deaths":0,"injuries":0,"propertyDamage":25000,"cropDamage":0,"source":"","dataSource":"PUB"}},{"type":"Feature","geometry":{"type":"LineString","coordinates":[[-97.43,36.98],[-97.3,36.92]]},"properties":{"id":"ncei-1973-10093213","eventId":"10093213","episodeId":"","year":1973,"month":5,"date":"1973-05-18","beginTime":"1973-05-18T18:00:00","endTime":"1973-05-18T18:00:00","timezone":"CST","state":"OK","stateName":"Oklahoma","county":"Kay","countyFips":"71","wfo":"","scale":1,"scaleLabel":"F1","lengthMiles":8.7,"widthYards":33,"deaths":0,"injuries":0,"propertyDamage":0,"cropDamage":0,"source":"","dataSource":"PUB"}},{"type":"Feature","geometry":{"type":"LineString","coordinates":[[-99.02,34.4],[-98.97,34.43]]},"properties":{"id":"ncei-1973-10093430","eventId":"10093430","episodeId":"","year":1973,"month":5,"date":"1973-05-22","beginTime":"1973-05-22T21:30:00","endTime":"1973-05-22T21:30:00","timezone":"CST","state":"OK","stateName":"Oklahoma","county":"Tillman","countyFips":"141","wfo":"","scale":1,"scaleLabel":"F1","lengthMiles":3.6,"widthYards":100,"deaths":0,"injuries":0,"propertyDamage":250000,"cropDamage":0,"source":"","dataSource":"PUB"}},{"type":"Feature","geometry":{"type":"LineString","coordinates":[[-96.82,34.92],[-96.73,34.97]]},"properties":{"id":"ncei-1973-10093432","eventId":"10093432","episodeId":"","year":1973,"month":5,"date":"1973-05-23","beginTime":"1973-05-23T00:15:00","endTime":"1973-05-23T00:15:00","timezone":"CST","state":"OK","stateName":"Oklahoma","county":"Pontotoc","countyFips":"123","wfo":"","scale":1,"scaleLabel":"F1","lengthMiles":5.9,"widthYards":100,"deaths":0,"injuries":0,"propertyDamage":2500,"cropDamage":0,"source":"","dataSource":"PUB"}},{"type":"Feature","geometry":{"type":"LineString","coordinates":[[-98.4,34.6],[-98.4,34.6]]},"properties":{"id":"ncei-1973-10093435","eventId":"10093435","episodeId":"","year":1973,"month":5,"date":"1973-05-24","beginTime":"1973-05-24T16:00:00","endTime":"1973-05-24T16:00:00","timezone":"CST","state":"OK","stateName":"Oklahoma","county":"Comanche","countyFips":"31","wfo":"","scale":0,"scaleLabel":"F0","lengthMiles":0.4,"widthYards":33,"deaths":0,"injuries":0,"propertyDamage":2500,"cropDamage":0,"source":"","dataSource":"PUB"}},{"type":"Feature","geometry":{"type":"LineString","coordinates":[[-97.97,35.4],[-97.77,35.3]]},"properties":{"id":"ncei-1973-10093436","eventId":"10093436","episodeId":"","year":1973,"month":5,"date":"1973-05-24","beginTime":"1973-05-24T16:00:00","endTime":"1973-05-24T16:00:00","timezone":"CST","state":"OK","stateName":"Oklahoma","county":"Canadian","countyFips":"17","wfo":"","scale":4,"scaleLabel":"F4","lengthMiles":13.3,"widthYards":300,"deaths":2,"injuries":4,"propertyDamage":2500000,"cropDamage":0,"source":"","dataSource":"PUB"}},{"type":"Feature","geometry":{"type":"LineString","coordinates":[[-95.78,36.02],[-95.78,36.02]]},"properties":{"id":"ncei-1973-10093438","eventId":"10093438","episodeId":"","year":1973,"month":5,"date":"1973-05-26","beginTime":"1973-05-26T15:00:00","endTime":"1973-05-26T15:00:00","timezone":"CST","state":"OK","stateName":"Oklahoma","county":"Tulsa","countyFips":"143","wfo":"","scale":2,"scaleLabel":"F2","lengthMiles":2,"widthYards":33,"deaths":0,"injuries":0,"propertyDamage":2500,"cropDamage":0,"source":"","dataSource":"PUB"}},{"type":"Feature","geometry":{"type":"LineString","coordinates":[[-95.92,36.97],[-95.92,36.97]]},"properties":{"id":"ncei-1973-10093439","eventId":"10093439","episodeId":"","year":1973,"month":5,"date":"1973-05-26","beginTime":"1973-05-26T15:00:00","endTime":"1973-05-26T15:00:00","timezone":"CST","state":"OK","stateName":"Oklahoma","county":"Washington","countyFips":"147","wfo":"","scale":3,"scaleLabel":"F3","lengthMiles":0.3,"widthYards":100,"deaths":0,"injuries":3,"propertyDamage":2500,"cropDamage":0,"source":"","dataSource":"PUB"}},{"type":"Feature","geometry":{"type":"LineString","coordinates":[[-95.38,36.17],[-95.2,36.2]]},"properties":{"id":"ncei-1973-10093440","eventId":"10093440","episodeId":"","year":1973,"month":5,"date":"1973-05-26","beginTime":"1973-05-26T15:30:00","endTime":"1973-05-26T15:30:00","timezone":"CST","state":"OK","stateName":"Oklahoma","county":"Mayes","countyFips":"97","wfo":"","scale":1,"scaleLabel":"F1","lengthMiles":10.5,"widthYards":60,"deaths":0,"injuries":0,"propertyDamage":25000,"cropDamage":0,"source":"","dataSource":"PUB"}},{"type":"Feature","geometry":{"type":"LineString","coordinates":[[-95.32,35.55],[-95.27,35.58]]},"properties":{"id":"ncei-1973-10093441","eventId":"10093441","episodeId":"","year":1973,"month":5,"date":"1973-05-26","beginTime":"1973-05-26T16:00:00","endTime":"1973-05-26T16:00:00","timezone":"CST","state":"OK","stateName":"Oklahoma","county":"Muskogee","countyFips":"101","wfo":"","scale":4,"scaleLabel":"F4","lengthMiles":3.6,"widthYards":500,"deaths":5,"injuries":25,"propertyDamage":250000,"cropDamage":0,"source":"","dataSource":"PUB"}},{"type":"Feature","geometry":{"type":"LineString","coordinates":[[-95.1,35.57],[-94.77,35.6]]},"properties":{"id":"ncei-1973-10093442","eventId":"10093442","episodeId":"","year":1973,"month":5,"date":"1973-05-26","beginTime":"1973-05-26T16:40:00","endTime":"1973-05-26T16:40:00","timezone":"CST","state":"OK","stateName":"Oklahoma","county":"Sequoyah","countyFips":"135","wfo":"","scale":3,"scaleLabel":"F3","lengthMiles":18.7,"widthYards":250,"deaths":0,"injuries":6,"propertyDamage":250000,"cropDamage":0,"source":"","dataSource":"PUB"}},{"type":"Feature","geometry":{"type":"LineString","coordinates":[[-95.53,35.5],[-95.47,35.57]]},"properties":{"id":"ncei-1973-10093445","eventId":"10093445","episodeId":"","year":1973,"month":5,"date":"1973-05-26","beginTime":"1973-05-26T20:00:00","endTime":"1973-05-26T20:00:00","timezone":"CST","state":"OK","stateName":"Oklahoma","county":"Mcintosh","countyFips":"91","wfo":"","scale":2,"scaleLabel":"F2","lengthMiles":5.7,"widthYards":200,"deaths":0,"injuries":0,"propertyDamage":250000,"cropDamage":0,"source":"","dataSource":"PUB"}},{"type":"Feature","geometry":{"type":"LineString","coordinates":[[-96.07,34.73],[-95.8,34.78]]},"properties":{"id":"ncei-1973-10093447","eventId":"10093447","episodeId":"","year":1973,"month":5,"date":"1973-05-26","beginTime":"1973-05-26T20:10:00","endTime":"1973-05-26T20:10:00","timezone":"CST","state":"OK","stateName":"Oklahoma","county":"Pittsburg","countyFips":"121","wfo":"","scale":1,"scaleLabel":"F1","lengthMiles":15.5,"widthYards":80,"deaths":0,"injuries":0,"propertyDamage":25000,"cropDamage":0,"source":"","dataSource":"PUB"}},{"type":"Feature","geometry":{"type":"LineString","coordinates":[[-94.7,34.95],[-94.7,34.95]]},"properties":{"id":"ncei-1973-10093448","eventId":"10093448","episodeId":"","year":1973,"month":5,"date":"1973-05-26","beginTime":"1973-05-26T21:00:00","endTime":"1973-05-26T21:00:00","timezone":"CST","state":"OK","stateName":"Oklahoma","county":"Le Flore","countyFips":"79","wfo":"","scale":2,"scaleLabel":"F2","lengthMiles":1.5,"widthYards":33,"deaths":0,"injuries":0,"propertyDamage":25000,"cropDamage":0,"source":"","dataSource":"PUB"}},{"type":"Feature","geometry":{"type":"LineString","coordinates":[[-98.43,34.48],[-98.4,34.48]]},"properties":{"id":"ncei-1973-10093458","eventId":"10093458","episodeId":"","year":1973,"month":6,"date":"1973-06-02","beginTime":"1973-06-02T00:15:00","endTime":"1973-06-02T00:15:00","timezone":"CST","state":"OK","stateName":"Oklahoma","county":"Comanche","countyFips":"31","wfo":"","scale":2,"scaleLabel":"F2","lengthMiles":2.3,"widthYards":100,"deaths":0,"injuries":0,"propertyDamage":250000,"cropDamage":0,"source":"","dataSource":"PUB"}},{"type":"Feature","geometry":{"type":"LineString","coordinates":[[-98.4,34.48],[-98.38,34.48]]},"properties":{"id":"ncei-1973-10093459","eventId":"10093459","episodeId":"","year":1973,"month":6,"date":"1973-06-02","beginTime":"1973-06-02T00:15:00","endTime":"1973-06-02T00:15:00","timezone":"CST","state":"OK","stateName":"Oklahoma","county":"Cotton","countyFips":"33","wfo":"","scale":2,"scaleLabel":"F2","lengthMiles":1.3,"widthYards":100,"deaths":0,"injuries":2,"propertyDamage":250000,"cropDamage":0,"source":"","dataSource":"PUB"}},{"type":"Feature","geometry":{"type":"LineString","coordinates":[[-95.17,35.93],[-95.17,35.93]]},"properties":{"id":"ncei-1973-10093461","eventId":"10093461","episodeId":"","year":1973,"month":6,"date":"1973-06-02","beginTime":"1973-06-02T14:55:00","endTime":"1973-06-02T14:55:00","timezone":"CST","state":"OK","stateName":"Oklahoma","county":"Cherokee","countyFips":"21","wfo":"","scale":1,"scaleLabel":"F1","lengthMiles":0.5,"widthYards":100,"deaths":0,"injuries":0,"propertyDamage":0,"cropDamage":0,"source":"","dataSource":"PUB"}},{"type":"Feature","geometry":{"type":"LineString","coordinates":[[-95.23,36.1],[-95.23,36.1]]},"properties":{"id":"ncei-1973-10093463","eventId":"10093463","episodeId":"","year":1973,"month":6,"date":"1973-06-02","beginTime":"1973-06-02T19:00:00","endTime":"1973-06-02T19:00:00","timezone":"CST","state":"OK","stateName":"Oklahoma","county":"Mayes","countyFips":"97","wfo":"","scale":1,"scaleLabel":"F1","lengthMiles":0.5,"widthYards":100,"deaths":0,"injuries":0,"propertyDamage":25000,"cropDamage":0,"source":"","dataSource":"PUB"}},{"type":"Feature","geometry":{"type":"LineString","coordinates":[[-99.73,36.93],[-99.73,36.93]]},"properties":{"id":"ncei-1973-10093474","eventId":"10093474","episodeId":"","year":1973,"month":6,"date":"1973-06-03","beginTime":"1973-06-03T16:30:00","endTime":"1973-06-03T16:30:00","timezone":"CST","state":"OK","stateName":"Oklahoma","county":"Harper","countyFips":"59","wfo":"","scale":1,"scaleLabel":"F1","lengthMiles":0.1,"widthYards":23,"deaths":0,"injuries":0,"propertyDamage":0,"cropDamage":0,"source":"","dataSource":"PUB"}},{"type":"Feature","geometry":{"type":"LineString","coordinates":[[-97.12,33.92],[-97.03,33.97]]},"properties":{"id":"ncei-1973-10093475","eventId":"10093475","episodeId":"","year":1973,"month":6,"date":"1973-06-04","beginTime":"1973-06-04T00:45:00","endTime":"1973-06-04T00:45:00","timezone":"CST","state":"OK","stateName":"Oklahoma","county":"Love","countyFips":"85","wfo":"","scale":1,"scaleLabel":"F1","lengthMiles":5.9,"widthYards":100,"deaths":0,"injuries":0,"propertyDamage":25000,"cropDamage":0,"source":"","dataSource":"PUB"}},{"type":"Feature","geometry":{"type":"LineString","coordinates":[[-97.73,35.53],[-97.73,35.53]]},"properties":{"id":"ncei-1973-10093478","eventId":"10093478","episodeId":"","year":1973,"month":6,"date":"1973-06-04","beginTime":"1973-06-04T18:00:00","endTime":"1973-06-04T18:00:00","timezone":"CST","state":"OK","stateName":"Oklahoma","county":"Canadian","countyFips":"17","wfo":"","scale":1,"scaleLabel":"F1","lengthMiles":2,"widthYards":50,"deaths":0,"injuries":0,"propertyDamage":2500,"cropDamage":0,"source":"","dataSource":"PUB"}},{"type":"Feature","geometry":{"type":"LineString","coordinates":[[-97.07,36.7],[-97.07,36.67]]},"properties":{"id":"ncei-1973-10093479","eventId":"10093479","episodeId":"","year":1973,"month":6,"date":"1973-06-04","beginTime":"1973-06-04T18:00:00","endTime":"1973-06-04T18:00:00","timezone":"CST","state":"OK","stateName":"Oklahoma","county":"Kay","countyFips":"71","wfo":"","scale":2,"scaleLabel":"F2","lengthMiles":2.3,"widthYards":100,"deaths":0,"injuries":0,"propertyDamage":25000,"cropDamage":0,"source":"","dataSource":"PUB"}},{"type":"Feature","geometry":{"type":"LineString","coordinates":[[-97.07,36.67],[-96.88,36.67]]},"properties":{"id":"ncei-1973-10093482","eventId":"10093482","episodeId":"","year":1973,"month":6,"date":"1973-06-04","beginTime":"1973-06-04T18:15:00","endTime":"1973-06-04T18:15:00","timezone":"CST","state":"OK","stateName":"Oklahoma","county":"Osage","countyFips":"113","wfo":"","scale":2,"scaleLabel":"F2","lengthMiles":10.1,"widthYards":83,"deaths":0,"injuries":0,"propertyDamage":2500,"cropDamage":0,"source":"","dataSource":"PUB"}},{"type":"Feature","geometry":{"type":"LineString","coordinates":[[-96.53,36.08],[-96.53,36.08]]},"properties":{"id":"ncei-1973-10093483","eventId":"10093483","episodeId":"","year":1973,"month":6,"date":"1973-06-04","beginTime":"1973-06-04T18:30:00","endTime":"1973-06-04T18:30:00","timezone":"CST","state":"OK","stateName":"Oklahoma","county":"Creek","countyFips":"37","wfo":"","scale":2,"scaleLabel":"F2","lengthMiles":1.5,"widthYards":33,"deaths":0,"injuries":0,"propertyDamage":25000,"cropDamage":0,"source":"","dataSource":"PUB"}},{"type":"Feature","geometry":{"type":"LineString","coordinates":[[-96.12,36.57],[-96.12,36.57]]},"properties":{"id":"ncei-1973-10093486","eventId":"10093486","episodeId":"","year":1973,"month":6,"date":"1973-06-04","beginTime":"1973-06-04T19:00:00","endTime":"1973-06-04T19:00:00","timezone":"CST","state":"OK","stateName":"Oklahoma","county":"Osage","countyFips":"113","wfo":"","scale":1,"scaleLabel":"F1","lengthMiles":1.5,"widthYards":50,"deaths":0,"injuries":0,"propertyDamage":2500,"cropDamage":0,"source":"","dataSource":"PUB"}},{"type":"Feature","geometry":{"type":"LineString","coordinates":[[-97.5,35.22],[-97.5,35.22]]},"properties":{"id":"ncei-1973-10093489","eventId":"10093489","episodeId":"","year":1973,"month":6,"date":"1973-06-04","beginTime":"1973-06-04T19:12:00","endTime":"1973-06-04T19:12:00","timezone":"CST","state":"OK","stateName":"Oklahoma","county":"Cleveland","countyFips":"27","wfo":"","scale":0,"scaleLabel":"F0","lengthMiles":0.4,"widthYards":17,"deaths":0,"injuries":0,"propertyDamage":2500,"cropDamage":0,"source":"","dataSource":"PUB"}},{"type":"Feature","geometry":{"type":"LineString","coordinates":[[-96.87,35.5],[-96.87,35.5]]},"properties":{"id":"ncei-1973-10094361","eventId":"10094361","episodeId":"","year":1973,"month":6,"date":"1973-06-04","beginTime":"1973-06-04T20:58:00","endTime":"1973-06-04T20:58:00","timezone":"CST","state":"OK","stateName":"Oklahoma","county":"Lincoln","countyFips":"81","wfo":"","scale":0,"scaleLabel":"F0","lengthMiles":0.5,"widthYards":17,"deaths":0,"injuries":0,"propertyDamage":0,"cropDamage":0,"source":"","dataSource":"PUB"}},{"type":"Feature","geometry":{"type":"LineString","coordinates":[[-96.95,34.8],[-96.95,34.8]]},"properties":{"id":"ncei-1973-10094586","eventId":"10094586","episodeId":"","year":1973,"month":6,"date":"1973-06-04","beginTime":"1973-06-04T21:48:00","endTime":"1973-06-04T21:48:00","timezone":"CST","state":"OK","stateName":"Oklahoma","county":"Garvin","countyFips":"49","wfo":"","scale":1,"scaleLabel":"F1","lengthMiles":0.2,"widthYards":17,"deaths":0,"injuries":0,"propertyDamage":2500,"cropDamage":0,"source":"","dataSource":"PUB"}},{"type":"Feature","geometry":{"type":"LineString","coordinates":[[-97.13,34.17],[-97.13,34.17]]},"properties":{"id":"ncei-1973-10094587","eventId":"10094587","episodeId":"","year":1973,"month":6,"date":"1973-06-04","beginTime":"1973-06-04T23:30:00","endTime":"1973-06-04T23:30:00","timezone":"CST","state":"OK","stateName":"Oklahoma","county":"Carter","countyFips":"19","wfo":"","scale":1,"scaleLabel":"F1","lengthMiles":0.5,"widthYards":17,"deaths":0,"injuries":1,"propertyDamage":25000,"cropDamage":0,"source":"","dataSource":"PUB"}},{"type":"Feature","geometry":{"type":"LineString","coordinates":[[-95.75,35.05],[-95.65,35.12]]},"properties":{"id":"ncei-1973-10094594","eventId":"10094594","episodeId":"","year":1973,"month":6,"date":"1973-06-16","beginTime":"1973-06-16T17:30:00","endTime":"1973-06-16T17:30:00","timezone":"CST","state":"OK","stateName":"Oklahoma","county":"Pittsburg","countyFips":"121","wfo":"","scale":1,"scaleLabel":"F1","lengthMiles":7.3,"widthYards":100,"deaths":0,"injuries":2,"propertyDamage":25000,"cropDamage":0,"source":"","dataSource":"PUB"}},{"type":"Feature","geometry":{"type":"LineString","coordinates":[[-95.65,35.12],[-95.57,35.17]]},"properties":{"id":"ncei-1973-10094595","eventId":"10094595","episodeId":"","year":1973,"month":6,"date":"1973-06-16","beginTime":"1973-06-16T17:45:00","endTime":"1973-06-16T17:45:00","timezone":"CST","state":"OK","stateName":"Oklahoma","county":"Pittsburg","countyFips":"121","wfo":"","scale":1,"scaleLabel":"F1","lengthMiles":5.9,"widthYards":100,"deaths":0,"injuries":0,"propertyDamage":2500,"cropDamage":0,"source":"","dataSource":"PUB"}},{"type":"Feature","geometry":{"type":"LineString","coordinates":[[-95.57,35.17],[-95.3,35.3]]},"properties":{"id":"ncei-1973-10094596","eventId":"10094596","episodeId":"","year":1973,"month":6,"date":"1973-06-16","beginTime":"1973-06-16T18:00:00","endTime":"1973-06-16T18:00:00","timezone":"CST","state":"OK","stateName":"Oklahoma","county":"Pittsburg","countyFips":"121","wfo":"","scale":1,"scaleLabel":"F1","lengthMiles":17.7,"widthYards":100,"deaths":0,"injuries":0,"propertyDamage":2500,"cropDamage":0,"source":"","dataSource":"PUB"}},{"type":"Feature","geometry":{"type":"LineString","coordinates":[[-94.58,35.98],[-94.58,35.98]]},"properties":{"id":"ncei-1973-10094597","eventId":"10094597","episodeId":"","year":1973,"month":6,"date":"1973-06-16","beginTime":"1973-06-16T19:20:00","endTime":"1973-06-16T19:20:00","timezone":"CST","state":"OK","stateName":"Oklahoma","county":"Adair","countyFips":"1","wfo":"","scale":1,"scaleLabel":"F1","lengthMiles":0.1,"widthYards":40,"deaths":0,"injuries":0,"propertyDamage":2500,"cropDamage":0,"source":"","dataSource":"PUB"}},{"type":"Feature","geometry":{"type":"LineString","coordinates":[[-96.33,36.42],[-96.33,36.42]]},"properties":{"id":"ncei-1973-10094599","eventId":"10094599","episodeId":"","year":1973,"month":6,"date":"1973-06-18","beginTime":"1973-06-18T16:30:00","endTime":"1973-06-18T16:30:00","timezone":"CST","state":"OK","stateName":"Oklahoma","county":"Osage","countyFips":"113","wfo":"","scale":3,"scaleLabel":"F3","lengthMiles":2.5,"widthYards":40,"deaths":0,"injuries":0,"propertyDamage":250000,"cropDamage":0,"source":"","dataSource":"PUB"}},{"type":"Feature","geometry":{"type":"LineString","coordinates":[[-98.45,35.32],[-98.67,35.15]]},"properties":{"id":"ncei-1973-10094600","eventId":"10094600","episodeId":"","year":1973,"month":6,"date":"1973-06-18","beginTime":"1973-06-18T16:45:00","endTime":"1973-06-18T16:45:00","timezone":"CST","state":"OK","stateName":"Oklahoma","county":"Caddo","countyFips":"15","wfo":"","scale":3,"scaleLabel":"F3","lengthMiles":16.8,"widthYards":133,"deaths":0,"injuries":0,"propertyDamage":250000,"cropDamage":0,"source":"","dataSource":"PUB"}},{"type":"Feature","geometry":{"type":"LineString","coordinates":[[-98.75,35.02],[-98.75,35.02]]},"properties":{"id":"ncei-1973-10094601","eventId":"10094601","episodeId":"","year":1973,"month":6,"date":"1973-06-18","beginTime":"1973-06-18T17:00:00","endTime":"1973-06-18T17:00:00","timezone":"CST","state":"OK","stateName":"Oklahoma","county":"Kiowa","countyFips":"75","wfo":"","scale":2,"scaleLabel":"F2","lengthMiles":0.5,"widthYards":83,"deaths":0,"injuries":0,"propertyDamage":0,"cropDamage":0,"source":"","dataSource":"PUB"}},{"type":"Feature","geometry":{"type":"LineString","coordinates":[[-98.98,34.4],[-98.98,34.4]]},"properties":{"id":"ncei-1973-10094603","eventId":"10094603","episodeId":"","year":1973,"month":6,"date":"1973-06-18","beginTime":"1973-06-18T17:50:00","endTime":"1973-06-18T17:50:00","timezone":"CST","state":"OK","stateName":"Oklahoma","county":"Tillman","countyFips":"141","wfo":"","scale":1,"scaleLabel":"F1","lengthMiles":0.5,"widthYards":40,"deaths":0,"injuries":0,"propertyDamage":0,"cropDamage":0,"source":"","dataSource":"PUB"}},{"type":"Feature","geometry":{"type":"LineString","coordinates":[[-98.82,34.42],[-98.82,34.42]]},"properties":{"id":"ncei-1973-10094604","eventId":"10094604","episodeId":"","year":1973,"month":6,"date":"1973-06-18","beginTime":"1973-06-18T17:50:00","endTime":"1973-06-18T17:50:00","timezone":"CST","state":"OK","stateName":"Oklahoma","county":"Tillman","countyFips":"141","wfo":"","scale":2,"scaleLabel":"F2","lengthMiles":0.5,"widthYards":100,"deaths":0,"injuries":0,"propertyDamage":0,"cropDamage":0,"source":"","dataSource":"PUB"}},{"type":"Feature","geometry":{"type":"LineString","coordinates":[[-98.43,35.12],[-98.43,35.12]]},"properties":{"id":"ncei-1973-10094605","eventId":"10094605","episodeId":"","year":1973,"month":6,"date":"1973-06-18","beginTime":"1973-06-18T18:00:00","endTime":"1973-06-18T18:00:00","timezone":"CST","state":"OK","stateName":"Oklahoma","county":"Caddo","countyFips":"15","wfo":"","scale":2,"scaleLabel":"F2","lengthMiles":0.5,"widthYards":67,"deaths":0,"injuries":0,"propertyDamage":250000,"cropDamage":0,"source":"","dataSource":"PUB"}},{"type":"Feature","geometry":{"type":"LineString","coordinates":[[-99.02,34.4],[-98.97,34.42]]},"properties":{"id":"ncei-1973-10094606","eventId":"10094606","episodeId":"","year":1973,"month":6,"date":"1973-06-18","beginTime":"1973-06-18T18:15:00","endTime":"1973-06-18T18:15:00","timezone":"CST","state":"OK","stateName":"Oklahoma","county":"Tillman","countyFips":"141","wfo":"","scale":3,"scaleLabel":"F3","lengthMiles":3.3,"widthYards":50,"deaths":0,"injuries":29,"propertyDamage":250000,"cropDamage":0,"source":"","dataSource":"PUB"}},{"type":"Feature","geometry":{"type":"LineString","coordinates":[[-99.02,34.4],[-99.02,34.4]]},"properties":{"id":"ncei-1973-10094607","eventId":"10094607","episodeId":"","year":1973,"month":6,"date":"1973-06-18","beginTime":"1973-06-18T18:25:00","endTime":"1973-06-18T18:25:00","timezone":"CST","state":"OK","stateName":"Oklahoma","county":"Tillman","countyFips":"141","wfo":"","scale":0,"scaleLabel":"F0","lengthMiles":0.2,"widthYards":13,"deaths":0,"injuries":29,"propertyDamage":2500000,"cropDamage":0,"source":"","dataSource":"PUB"}},{"type":"Feature","geometry":{"type":"LineString","coordinates":[[-97.97,34.8],[-97.92,34.83]]},"properties":{"id":"ncei-1973-10094608","eventId":"10094608","episodeId":"","year":1973,"month":6,"date":"1973-06-18","beginTime":"1973-06-18T19:00:00","endTime":"1973-06-18T19:00:00","timezone":"CST","state":"OK","stateName":"Oklahoma","county":"Grady","countyFips":"51","wfo":"","scale":1,"scaleLabel":"F1","lengthMiles":3.8,"widthYards":50,"deaths":0,"injuries":1,"propertyDamage":2500,"cropDamage":0,"source":"","dataSource":"PUB"}},{"type":"Feature","geometry":{"type":"LineString","coordinates":[[-94.95,33.88],[-94.95,33.88]]},"properties":{"id":"ncei-1973-10094621","eventId":"10094621","episodeId":"","year":1973,"month":7,"date":"1973-07-06","beginTime":"1973-07-06T17:20:00","endTime":"1973-07-06T17:20:00","timezone":"CST","state":"OK","stateName":"Oklahoma","county":"Mccurtain","countyFips":"89","wfo":"","scale":1,"scaleLabel":"F1","lengthMiles":0.5,"widthYards":50,"deaths":0,"injuries":0,"propertyDamage":25000,"cropDamage":0,"source":"","dataSource":"PUB"}},{"type":"Feature","geometry":{"type":"LineString","coordinates":[[-95.53,35.48],[-95.53,35.48]]},"properties":{"id":"ncei-1973-10094641","eventId":"10094641","episodeId":"","year":1973,"month":8,"date":"1973-08-10","beginTime":"1973-08-10T17:30:00","endTime":"1973-08-10T17:30:00","timezone":"CST","state":"OK","stateName":"Oklahoma","county":"Mcintosh","countyFips":"91","wfo":"","scale":1,"scaleLabel":"F1","lengthMiles":0.4,"widthYards":17,"deaths":0,"injuries":0,"propertyDamage":25000,"cropDamage":0,"source":"","dataSource":"PUB"}},{"type":"Feature","geometry":{"type":"LineString","coordinates":[[-96.88,36],[-97.02,35.8]]},"properties":{"id":"ncei-1973-10094644","eventId":"10094644","episodeId":"","year":1973,"month":9,"date":"1973-09-03","beginTime":"1973-09-03T17:20:00","endTime":"1973-09-03T17:20:00","timezone":"CST","state":"OK","stateName":"Oklahoma","county":"Payne","countyFips":"119","wfo":"","scale":1,"scaleLabel":"F1","lengthMiles":15.7,"widthYards":40,"deaths":0,"injuries":0,"propertyDamage":2500,"cropDamage":0,"source":"","dataSource":"PUB"}},{"type":"Feature","geometry":{"type":"LineString","coordinates":[[-119.63,42.73],[-119.63,42.73]]},"properties":{"id":"ncei-1973-10103802","eventId":"10103802","episodeId":"","year":1973,"month":9,"date":"1973-09-21","beginTime":"1973-09-21T12:23:00","endTime":"1973-09-21T12:23:00","timezone":"CST","state":"OR","stateName":"Oregon","county":"Lake","countyFips":"37","wfo":"","scale":0,"scaleLabel":"F0","lengthMiles":0,"widthYards":33,"deaths":0,"injuries":0,"propertyDamage":0,"cropDamage":0,"source":"","dataSource":"PUB"}},{"type":"Feature","geometry":{"type":"LineString","coordinates":[[-97.9,44],[-98.2,44.2]]},"properties":{"id":"ncei-1973-10111268","eventId":"10111268","episodeId":"","year":1973,"month":4,"date":"1973-04-19","beginTime":"1973-04-19T14:15:00","endTime":"1973-04-19T14:15:00","timezone":"CST","state":"SD","stateName":"South Dakota","county":"Sanborn","countyFips":"111","wfo":"","scale":2,"scaleLabel":"F2","lengthMiles":20.1,"widthYards":200,"deaths":0,"injuries":2,"propertyDamage":25000,"cropDamage":0,"source":"","dataSource":"PUB"}},{"type":"Feature","geometry":{"type":"LineString","coordinates":[[-97.23,43],[-97.23,43]]},"properties":{"id":"ncei-1973-10111270","eventId":"10111270","episodeId":"","year":1973,"month":4,"date":"1973-04-19","beginTime":"1973-04-19T17:07:00","endTime":"1973-04-19T17:07:00","timezone":"CST","state":"SD","stateName":"South Dakota","county":"Turner","countyFips":"125","wfo":"","scale":1,"scaleLabel":"F1","lengthMiles":1,"widthYards":33,"deaths":0,"injuries":0,"propertyDamage":25000,"cropDamage":0,"source":"","dataSource":"PUB"}},{"type":"Feature","geometry":{"type":"LineString","coordinates":[[-97.5,43.78],[-97.5,43.78]]},"properties":{"id":"ncei-1973-10111272","eventId":"10111272","episodeId":"","year":1973,"month":4,"date":"1973-04-19","beginTime":"1973-04-19T17:30:00","endTime":"1973-04-19T17:30:00","timezone":"CST","state":"SD","stateName":"South Dakota","county":"Mccook","countyFips":"87","wfo":"","scale":1,"scaleLabel":"F1","lengthMiles":2,"widthYards":27,"deaths":0,"injuries":0,"propertyDamage":25000,"cropDamage":0,"source":"","dataSource":"PUB"}},{"type":"Feature","geometry":{"type":"LineString","coordinates":[[-98.9,44.92],[-99,44.95]]},"properties":{"id":"ncei-1973-10111273","eventId":"10111273","episodeId":"","year":1973,"month":4,"date":"1973-04-19","beginTime":"1973-04-19T17:30:00","endTime":"1973-04-19T17:30:00","timezone":"CST","state":"SD","stateName":"South Dakota","county":"Faulk","countyFips":"49","wfo":"","scale":2,"scaleLabel":"F2","lengthMiles":4.9,"widthYards":27,"deaths":0,"injuries":0,"propertyDamage":2500,"cropDamage":0,"source":"","dataSource":"PUB"}},{"type":"Feature","geometry":{"type":"LineString","coordinates":[[-98.93,45],[-98.95,45.1]]},"properties":{"id":"ncei-1973-10111274","eventId":"10111274","episodeId":"","year":1973,"month":4,"date":"1973-04-19","beginTime":"1973-04-19T18:00:00","endTime":"1973-04-19T18:00:00","timezone":"CST","state":"SD","stateName":"South Dakota","county":"Edmunds","countyFips":"45","wfo":"","scale":1,"scaleLabel":"F1","lengthMiles":6.4,"widthYards":20,"deaths":0,"injuries":0,"propertyDamage":25000,"cropDamage":0,"source":"","dataSource":"PUB"}},{"type":"Feature","geometry":{"type":"LineString","coordinates":[[-96.75,45.17],[-96.75,45.17]]},"properties":{"id":"ncei-1973-10111280","eventId":"10111280","episodeId":"","year":1973,"month":5,"date":"1973-05-23","beginTime":"1973-05-23T20:00:00","endTime":"1973-05-23T20:00:00","timezone":"CST","state":"SD","stateName":"South Dakota","county":"Grant","countyFips":"51","wfo":"","scale":1,"scaleLabel":"F1","lengthMiles":6,"widthYards":100,"deaths":0,"injuries":0,"propertyDamage":2500,"cropDamage":0,"source":"","dataSource":"PUB"}},{"type":"Feature","geometry":{"type":"LineString","coordinates":[[-102.9,45],[-102.9,45]]},"properties":{"id":"ncei-1973-10111281","eventId":"10111281","episodeId":"","year":1973,"month":6,"date":"1973-06-02","beginTime":"1973-06-02T10:20:00","endTime":"1973-06-02T10:20:00","timezone":"CST","state":"SD","stateName":"South Dakota","county":"Perkins","countyFips":"105","wfo":"","scale":1,"scaleLabel":"F1","lengthMiles":0.9,"widthYards":17,"deaths":0,"injuries":0,"propertyDamage":2500,"cropDamage":0,"source":"","dataSource":"PUB"}},{"type":"Feature","geometry":{"type":"LineString","coordinates":[[-98.45,45.85],[-98.45,45.85]]},"properties":{"id":"ncei-1973-10111288","eventId":"10111288","episodeId":"","year":1973,"month":6,"date":"1973-06-15","beginTime":"1973-06-15T17:30:00","endTime":"1973-06-15T17:30:00","timezone":"CST","state":"SD","stateName":"South Dakota","county":"Brown","countyFips":"13","wfo":"","scale":1,"scaleLabel":"F1","lengthMiles":1,"widthYards":13,"deaths":0,"injuries":0,"propertyDamage":2500,"cropDamage":0,"source":"","dataSource":"PUB"}},{"type":"Feature","geometry":{"type":"LineString","coordinates":[[-96.58,43.32],[-96.58,43.32]]},"properties":{"id":"ncei-1973-10111289","eventId":"10111289","episodeId":"","year":1973,"month":6,"date":"1973-06-15","beginTime":"1973-06-15T18:20:00","endTime":"1973-06-15T18:20:00","timezone":"CST","state":"SD","stateName":"South Dakota","county":"Lincoln","countyFips":"83","wfo":"","scale":0,"scaleLabel":"F0","lengthMiles":0,"widthYards":33,"deaths":0,"injuries":0,"propertyDamage":25000,"cropDamage":0,"source":"","dataSource":"PUB"}},{"type":"Feature","geometry":{"type":"LineString","coordinates":[[-98.5,45.58],[-98.5,45.58]]},"properties":{"id":"ncei-1973-10111292","eventId":"10111292","episodeId":"","year":1973,"month":6,"date":"1973-06-17","beginTime":"1973-06-17T17:15:00","endTime":"1973-06-17T17:15:00","timezone":"CST","state":"SD","stateName":"South Dakota","county":"Brown","countyFips":"13","wfo":"","scale":1,"scaleLabel":"F1","lengthMiles":0,"widthYards":33,"deaths":0,"injuries":0,"propertyDamage":25000,"cropDamage":0,"source":"","dataSource":"PUB"}},{"type":"Feature","geometry":{"type":"LineString","coordinates":[[-82.57,34.08],[-82.28,34.25]]},"properties":{"id":"ncei-1973-10112046","eventId":"10112046","episodeId":"","year":1973,"month":3,"date":"1973-03-31","beginTime":"1973-03-31T18:20:00","endTime":"1973-03-31T18:20:00","timezone":"CST","state":"SC","stateName":"South Carolina","county":"Abbeville","countyFips":"1","wfo":"","scale":4,"scaleLabel":"F4","lengthMiles":19.9,"widthYards":200,"deaths":7,"injuries":30,"propertyDamage":2500000,"cropDamage":0,"source":"","dataSource":"PUB"}},{"type":"Feature","geometry":{"type":"LineString","coordinates":[[-82.62,34.77],[-82.43,34.87]]},"properties":{"id":"ncei-1973-10112047","eventId":"10112047","episodeId":"","year":1973,"month":3,"date":"1973-03-31","beginTime":"1973-03-31T19:00:00","endTime":"1973-03-31T19:00:00","timezone":"CST","state":"SC","stateName":"South Carolina","county":"Pickens","countyFips":"77","wfo":"","scale":2,"scaleLabel":"F2","lengthMiles":12.4,"widthYards":100,"deaths":0,"injuries":0,"propertyDamage":25000,"cropDamage":0,"source":"","dataSource":"PUB"}},{"type":"Feature","geometry":{"type":"LineString","coordinates":[[-82.28,34.25],[-82.25,34.27]]},"properties":{"id":"ncei-1973-10112048","eventId":"10112048","episodeId":"","year":1973,"month":3,"date":"1973-03-31","beginTime":"1973-03-31T19:00:00","endTime":"1973-03-31T19:00:00","timezone":"CST","state":"SC","stateName":"South Carolina","county":"Greenwood","countyFips":"47","wfo":"","scale":4,"scaleLabel":"F4","lengthMiles":2.7,"widthYards":200,"deaths":0,"injuries":0,"propertyDamage":2500000,"cropDamage":0,"source":"","dataSource":"PUB"}},{"type":"Feature","geometry":{"type":"LineString","coordinates":[[-78.98,34.1],[-78.98,34.1]]},"properties":{"id":"ncei-1973-10112050","eventId":"10112050","episodeId":"","year":1973,"month":4,"date":"1973-04-07","beginTime":"1973-04-07T17:00:00","endTime":"1973-04-07T17:00:00","timezone":"CST","state":"SC","stateName":"South Carolina","county":"Horry","countyFips":"51","wfo":"","scale":1,"scaleLabel":"F1","lengthMiles":2,"widthYards":100,"deaths":0,"injuries":0,"propertyDamage":250000,"cropDamage":0,"source":"","dataSource":"PUB"}},{"type":"Feature","geometry":{"type":"LineString","coordinates":[[-80.12,33.67],[-80.12,33.67]]},"properties":{"id":"ncei-1973-10112055","eventId":"10112055","episodeId":"","year":1973,"month":5,"date":"1973-05-11","beginTime":"1973-05-11T21:00:00","endTime":"1973-05-11T21:00:00","timezone":"CST","state":"SC","stateName":"South Carolina","county":"Clarendon","countyFips":"27","wfo":"","scale":1,"scaleLabel":"F1","lengthMiles":0.2,"widthYards":27,"deaths":0,"injuries":0,"propertyDamage":2500,"cropDamage":0,"source":"","dataSource":"PUB"}},{"type":"Feature","geometry":{"type":"LineString","coordinates":[[-81.27,34.97],[-81.27,34.97]]},"properties":{"id":"ncei-1973-10112058","eventId":"10112058","episodeId":"","year":1973,"month":5,"date":"1973-05-24","beginTime":"1973-05-24T15:20:00","endTime":"1973-05-24T15:20:00","timezone":"CST","state":"SC","stateName":"South Carolina","county":"York","countyFips":"91","wfo":"","scale":2,"scaleLabel":"F2","lengthMiles":2,"widthYards":67,"deaths":0,"injuries":2,"propertyDamage":250000,"cropDamage":0,"source":"","dataSource":"PUB"}},{"type":"Feature","geometry":{"type":"LineString","coordinates":[[-80.22,34.2],[-80.22,34.2]]},"properties":{"id":"ncei-1973-10112059","eventId":"10112059","episodeId":"","year":1973,"month":5,"date":"1973-05-24","beginTime":"1973-05-24T16:00:00","endTime":"1973-05-24T16:00:00","timezone":"CST","state":"SC","stateName":"South Carolina","county":"Lee","countyFips":"61","wfo":"","scale":1,"scaleLabel":"F1","lengthMiles":0.5,"widthYards":30,"deaths":0,"injuries":0,"propertyDamage":2500,"cropDamage":0,"source":"","dataSource":"PUB"}},{"type":"Feature","geometry":{"type":"LineString","coordinates":[[-81.25,33.38],[-80.78,33.48]]},"properties":{"id":"ncei-1973-10112060","eventId":"10112060","episodeId":"","year":1973,"month":5,"date":"1973-05-24","beginTime":"1973-05-24T17:00:00","endTime":"1973-05-24T17:00:00","timezone":"CST","state":"SC","stateName":"South Carolina","county":"Barnwell","countyFips":"11","wfo":"","scale":1,"scaleLabel":"F1","lengthMiles":27.8,"widthYards":33,"deaths":0,"injuries":0,"propertyDamage":25000,"cropDamage":0,"source":"","dataSource":"PUB"}},{"type":"Feature","geometry":{"type":"LineString","coordinates":[[-82.43,34.77],[-82.22,34.92]]},"properties":{"id":"ncei-1973-10112061","eventId":"10112061","episodeId":"","year":1973,"month":5,"date":"1973-05-27","beginTime":"1973-05-27T17:20:00","endTime":"1973-05-27T17:20:00","timezone":"CST","state":"SC","stateName":"South Carolina","county":"Greenville","countyFips":"45","wfo":"","scale":3,"scaleLabel":"F3","lengthMiles":16,"widthYards":100,"deaths":0,"injuries":17,"propertyDamage":2500000,"cropDamage":0,"source":"","dataSource":"PUB"}},{"type":"Feature","geometry":{"type":"LineString","coordinates":[[-82.22,34.92],[-82.05,35]]},"properties":{"id":"ncei-1973-10112062","eventId":"10112062","episodeId":"","year":1973,"month":5,"date":"1973-05-27","beginTime":"1973-05-27T17:30:00","endTime":"1973-05-27T17:30:00","timezone":"CST","state":"SC","stateName":"South Carolina","county":"Spartanburg","countyFips":"83","wfo":"","scale":3,"scaleLabel":"F3","lengthMiles":11.1,"widthYards":150,"deaths":0,"injuries":16,"propertyDamage":2500000,"cropDamage":0,"source":"","dataSource":"PUB"}},{"type":"Feature","geometry":{"type":"LineString","coordinates":[[-82.05,35],[-81.77,35.17]]},"properties":{"id":"ncei-1973-10112063","eventId":"10112063","episodeId":"","year":1973,"month":5,"date":"1973-05-27","beginTime":"1973-05-27T18:20:00","endTime":"1973-05-27T18:20:00","timezone":"CST","state":"SC","stateName":"South Carolina","county":"Cherokee","countyFips":"21","wfo":"","scale":3,"scaleLabel":"F3","lengthMiles":19.8,"widthYards":100,"deaths":0,"injuries":4,"propertyDamage":2500000,"cropDamage":0,"source":"","dataSource":"PUB"}},{"type":"Feature","geometry":{"type":"LineString","coordinates":[[-83.28,34.8],[-82.93,34.95]]},"properties":{"id":"ncei-1973-10112064","eventId":"10112064","episodeId":"","year":1973,"month":5,"date":"1973-05-27","beginTime":"1973-05-27T19:30:00","endTime":"1973-05-27T19:30:00","timezone":"CST","state":"SC","stateName":"South Carolina","county":"Oconee","countyFips":"73","wfo":"","scale":2,"scaleLabel":"F2","lengthMiles":22.5,"widthYards":200,"deaths":0,"injuries":1,"propertyDamage":250000,"cropDamage":0,"source":"","dataSource":"PUB"}},{"type":"Feature","geometry":{"type":"LineString","coordinates":[[-82.52,34.3],[-82.35,34.4]]},"properties":{"id":"ncei-1973-10112065","eventId":"10112065","episodeId":"","year":1973,"month":5,"date":"1973-05-27","beginTime":"1973-05-27T19:30:00","endTime":"1973-05-27T19:30:00","timezone":"CST","state":"SC","stateName":"South Carolina","county":"Abbeville","countyFips":"1","wfo":"","scale":2,"scaleLabel":"F2","lengthMiles":11.8,"widthYards":100,"deaths":0,"injuries":7,"propertyDamage":250000,"cropDamage":0,"source":"","dataSource":"PUB"}},{"type":"Feature","geometry":{"type":"LineString","coordinates":[[-82.78,34.88],[-82.38,34.98]]},"properties":{"id":"ncei-1973-10112066","eventId":"10112066","episodeId":"","year":1973,"month":5,"date":"1973-05-27","beginTime":"1973-05-27T21:00:00","endTime":"1973-05-27T21:00:00","timezone":"CST","state":"SC","stateName":"South Carolina","county":"Pickens","countyFips":"77","wfo":"","scale":2,"scaleLabel":"F2","lengthMiles":23.6,"widthYards":150,"deaths":0,"injuries":0,"propertyDamage":25000,"cropDamage":0,"source":"","dataSource":"PUB"}},{"type":"Feature","geometry":{"type":"LineString","coordinates":[[-82.98,34.87],[-82.98,34.87]]},"properties":{"id":"ncei-1973-10112067","eventId":"10112067","episodeId":"","year":1973,"month":5,"date":"1973-05-27","beginTime":"1973-05-27T21:30:00","endTime":"1973-05-27T21:30:00","timezone":"CST","state":"SC","stateName":"South Carolina","county":"Oconee","countyFips":"73","wfo":"","scale":2,"scaleLabel":"F2","lengthMiles":1,"widthYards":100,"deaths":0,"injuries":0,"propertyDamage":25000,"cropDamage":0,"source":"","dataSource":"PUB"}},{"type":"Feature","geometry":{"type":"LineString","coordinates":[[-82.42,34.8],[-82.42,34.8]]},"properties":{"id":"ncei-1973-10112070","eventId":"10112070","episodeId":"","year":1973,"month":5,"date":"1973-05-28","beginTime":"1973-05-28T15:30:00","endTime":"1973-05-28T15:30:00","timezone":"CST","state":"SC","stateName":"South Carolina","county":"Greenville","countyFips":"45","wfo":"","scale":1,"scaleLabel":"F1","lengthMiles":0.5,"widthYards":90,"deaths":0,"injuries":0,"propertyDamage":2500,"cropDamage":0,"source":"","dataSource":"PUB"}},{"type":"Feature","geometry":{"type":"LineString","coordinates":[[-81.1,35.1],[-81.1,35.1]]},"properties":{"id":"ncei-1973-10112072","eventId":"10112072","episodeId":"","year":1973,"month":5,"date":"1973-05-28","beginTime":"1973-05-28T16:30:00","endTime":"1973-05-28T16:30:00","timezone":"CST","state":"SC","stateName":"South Carolina","county":"York","countyFips":"91","wfo":"","scale":2,"scaleLabel":"F2","lengthMiles":2,"widthYards":100,"deaths":0,"injuries":0,"propertyDamage":25000,"cropDamage":0,"source":"","dataSource":"PUB"}},{"type":"Feature","geometry":{"type":"LineString","coordinates":[[-80.62,32.38],[-80.52,32.43]]},"properties":{"id":"ncei-1973-10112078","eventId":"10112078","episodeId":"","year":1973,"month":5,"date":"1973-05-29","beginTime":"1973-05-29T12:00:00","endTime":"1973-05-29T12:00:00","timezone":"CST","state":"SC","stateName":"South Carolina","county":"Beaufort","countyFips":"13","wfo":"","scale":1,"scaleLabel":"F1","lengthMiles":6.8,"widthYards":30,"deaths":0,"injuries":0,"propertyDamage":25000,"cropDamage":0,"source":"","dataSource":"PUB"}},{"type":"Feature","geometry":{"type":"LineString","coordinates":[[-98.3,43.02],[-98.3,43.02]]},"properties":{"id":"ncei-1973-10112157","eventId":"10112157","episodeId":"","year":1973,"month":6,"date":"1973-06-24","beginTime":"1973-06-24T18:45:00","endTime":"1973-06-24T18:45:00","timezone":"CST","state":"SD","stateName":"South Dakota","county":"Charles Mix","countyFips":"23","wfo":"","scale":2,"scaleLabel":"F2","lengthMiles":0,"widthYards":33,"deaths":1,"injuries":1,"propertyDamage":25000,"cropDamage":0,"source":"","dataSource":"PUB"}},{"type":"Feature","geometry":{"type":"LineString","coordinates":[[-97.3,45.5],[-97.3,45.5]]},"properties":{"id":"ncei-1973-10112158","eventId":"10112158","episodeId":"","year":1973,"month":6,"date":"1973-06-25","beginTime":"1973-06-25T00:45:00","endTime":"1973-06-25T00:45:00","timezone":"CST","state":"SD","stateName":"South Dakota","county":"Day","countyFips":"37","wfo":"","scale":1,"scaleLabel":"F1","lengthMiles":0,"widthYards":33,"deaths":0,"injuries":1,"propertyDamage":2500,"cropDamage":0,"source":"","dataSource":"PUB"}},{"type":"Feature","geometry":{"type":"LineString","coordinates":[[-98.98,43.83],[-98.98,43.83]]},"properties":{"id":"ncei-1973-10112163","eventId":"10112163","episodeId":"","year":1973,"month":7,"date":"1973-07-01","beginTime":"1973-07-01T17:10:00","endTime":"1973-07-01T17:10:00","timezone":"CST","state":"SD","stateName":"South Dakota","county":"Brule","countyFips":"15","wfo":"","scale":2,"scaleLabel":"F2","lengthMiles":0.3,"widthYards":50,"deaths":0,"injuries":1,"propertyDamage":25000,"cropDamage":0,"source":"","dataSource":"PUB"}},{"type":"Feature","geometry":{"type":"LineString","coordinates":[[-98.5,45.25],[-98.5,45.25]]},"properties":{"id":"ncei-1973-10112165","eventId":"10112165","episodeId":"","year":1973,"month":7,"date":"1973-07-01","beginTime":"1973-07-01T17:15:00","endTime":"1973-07-01T17:15:00","timezone":"CST","state":"SD","stateName":"South Dakota","county":"Brown","countyFips":"13","wfo":"","scale":3,"scaleLabel":"F3","lengthMiles":0.3,"widthYards":30,"deaths":1,"injuries":3,"propertyDamage":25000,"cropDamage":0,"source":"","dataSource":"PUB"}},{"type":"Feature","geometry":{"type":"LineString","coordinates":[[-97.4,45.1],[-97.4,45.1]]},"properties":{"id":"ncei-1973-10112170","eventId":"10112170","episodeId":"","year":1973,"month":7,"date":"1973-07-01","beginTime":"1973-07-01T18:35:00","endTime":"1973-07-01T18:35:00","timezone":"CST","state":"SD","stateName":"South Dakota","county":"Codington","countyFips":"29","wfo":"","scale":0,"scaleLabel":"F0","lengthMiles":0.4,"widthYards":67,"deaths":0,"injuries":1,"propertyDamage":25000,"cropDamage":0,"source":"","dataSource":"PUB"}},{"type":"Feature","geometry":{"type":"LineString","coordinates":[[-98.68,43.72],[-98.68,43.72]]},"properties":{"id":"ncei-1973-10112171","eventId":"10112171","episodeId":"","year":1973,"month":7,"date":"1973-07-01","beginTime":"1973-07-01T18:39:00","endTime":"1973-07-01T18:39:00","timezone":"CST","state":"SD","stateName":"South Dakota","county":"Aurora","countyFips":"3","wfo":"","scale":1,"scaleLabel":"F1","lengthMiles":0.2,"widthYards":83,"deaths":0,"injuries":1,"propertyDamage":25000,"cropDamage":0,"source":"","dataSource":"PUB"}},{"type":"Feature","geometry":{"type":"LineString","coordinates":[[-97.55,43.83],[-97.55,43.83]]},"properties":{"id":"ncei-1973-10112172","eventId":"10112172","episodeId":"","year":1973,"month":7,"date":"1973-07-01","beginTime":"1973-07-01T18:50:00","endTime":"1973-07-01T18:50:00","timezone":"CST","state":"SD","stateName":"South Dakota","county":"Mccook","countyFips":"87","wfo":"","scale":2,"scaleLabel":"F2","lengthMiles":0.5,"widthYards":67,"deaths":0,"injuries":1,"propertyDamage":25000,"cropDamage":0,"source":"","dataSource":"PUB"}},{"type":"Feature","geometry":{"type":"LineString","coordinates":[[-96.9,43.8],[-96.9,43.8]]},"properties":{"id":"ncei-1973-10112386","eventId":"10112386","episodeId":"","year":1973,"month":7,"date":"1973-07-01","beginTime":"1973-07-01T19:35:00","endTime":"1973-07-01T19:35:00","timezone":"CST","state":"SD","stateName":"South Dakota","county":"Minnehaha","countyFips":"99","wfo":"","scale":1,"scaleLabel":"F1","lengthMiles":0.5,"widthYards":67,"deaths":0,"injuries":0,"propertyDamage":25000,"cropDamage":0,"source":"","dataSource":"PUB"}},{"type":"Feature","geometry":{"type":"LineString","coordinates":[[-100.25,43.48],[-100.25,43.48]]},"properties":{"id":"ncei-1973-10112393","eventId":"10112393","episodeId":"","year":1973,"month":7,"date":"1973-07-04","beginTime":"1973-07-04T21:00:00","endTime":"1973-07-04T21:00:00","timezone":"CST","state":"SD","stateName":"South Dakota","county":"Mellette","countyFips":"95","wfo":"","scale":1,"scaleLabel":"F1","lengthMiles":0.5,"widthYards":83,"deaths":0,"injuries":0,"propertyDamage":25000,"cropDamage":0,"source":"","dataSource":"PUB"}},{"type":"Feature","geometry":{"type":"LineString","coordinates":[[-101.02,44.37],[-101.02,44.37]]},"properties":{"id":"ncei-1973-10112394","eventId":"10112394","episodeId":"","year":1973,"month":7,"date":"1973-07-08","beginTime":"1973-07-08T19:58:00","endTime":"1973-07-08T19:58:00","timezone":"CST","state":"SD","stateName":"South Dakota","county":"Stanley","countyFips":"117","wfo":"","scale":0,"scaleLabel":"F0","lengthMiles":0.9,"widthYards":100,"deaths":0,"injuries":0,"propertyDamage":2500,"cropDamage":0,"source":"","dataSource":"PUB"}},{"type":"Feature","geometry":{"type":"LineString","coordinates":[[-100.83,43.25],[-100.83,43.25]]},"properties":{"id":"ncei-1973-10112396","eventId":"10112396","episodeId":"","year":1973,"month":7,"date":"1973-07-08","beginTime":"1973-07-08T21:22:00","endTime":"1973-07-08T21:22:00","timezone":"CST","state":"SD","stateName":"South Dakota","county":"Hutchinson","countyFips":"67","wfo":"","scale":2,"scaleLabel":"F2","lengthMiles":1,"widthYards":133,"deaths":0,"injuries":0,"propertyDamage":2500,"cropDamage":0,"source":"","dataSource":"PUB"}},{"type":"Feature","geometry":{"type":"LineString","coordinates":[[-100.35,44.35],[-100.35,44.35]]},"properties":{"id":"ncei-1973-10112405","eventId":"10112405","episodeId":"","year":1973,"month":7,"date":"1973-07-23","beginTime":"1973-07-23T14:30:00","endTime":"1973-07-23T14:30:00","timezone":"CST","state":"SD","stateName":"South Dakota","county":"Hughes","countyFips":"65","wfo":"","scale":3,"scaleLabel":"F3","lengthMiles":2.5,"widthYards":500,"deaths":0,"injuries":10,"propertyDamage":2500000,"cropDamage":0,"source":"","dataSource":"PUB"}},{"type":"Feature","geometry":{"type":"LineString","coordinates":[[-101.03,44.25],[-101.03,44.25]]},"properties":{"id":"ncei-1973-10112416","eventId":"10112416","episodeId":"","year":1973,"month":8,"date":"1973-08-14","beginTime":"1973-08-14T16:39:00","endTime":"1973-08-14T16:39:00","timezone":"CST","state":"SD","stateName":"South Dakota","county":"Stanley","countyFips":"117","wfo":"","scale":1,"scaleLabel":"F1","lengthMiles":1,"widthYards":200,"deaths":0,"injuries":0,"propertyDamage":0,"cropDamage":0,"source":"","dataSource":"PUB"}},{"type":"Feature","geometry":{"type":"LineString","coordinates":[[-96.77,45.03],[-96.77,45.03]]},"properties":{"id":"ncei-1973-10112418","eventId":"10112418","episodeId":"","year":1973,"month":8,"date":"1973-08-15","beginTime":"1973-08-15T18:54:00","endTime":"1973-08-15T18:54:00","timezone":"CST","state":"SD","stateName":"South Dakota","county":"Grant","countyFips":"51","wfo":"","scale":1,"scaleLabel":"F1","lengthMiles":0.5,"widthYards":10,"deaths":0,"injuries":0,"propertyDamage":0,"cropDamage":0,"source":"","dataSource":"PUB"}},{"type":"Feature","geometry":{"type":"LineString","coordinates":[[-100.02,45.5],[-100.02,45.5]]},"properties":{"id":"ncei-1973-10112419","eventId":"10112419","episodeId":"","year":1973,"month":8,"date":"1973-08-18","beginTime":"1973-08-18T17:00:00","endTime":"1973-08-18T17:00:00","timezone":"CST","state":"SD","stateName":"South Dakota","county":"Walworth","countyFips":"129","wfo":"","scale":1,"scaleLabel":"F1","lengthMiles":0.4,"widthYards":7,"deaths":0,"injuries":0,"propertyDamage":0,"cropDamage":0,"source":"","dataSource":"PUB"}},{"type":"Feature","geometry":{"type":"LineString","coordinates":[[-98.5,43.7],[-98.5,43.7]]},"properties":{"id":"ncei-1973-10112432","eventId":"10112432","episodeId":"","year":1973,"month":8,"date":"1973-08-30","beginTime":"1973-08-30T02:00:00","endTime":"1973-08-30T02:00:00","timezone":"CST","state":"SD","stateName":"South Dakota","county":"Aurora","countyFips":"3","wfo":"","scale":1,"scaleLabel":"F1","lengthMiles":0.8,"widthYards":100,"deaths":0,"injuries":0,"propertyDamage":0,"cropDamage":0,"source":"","dataSource":"PUB"}},{"type":"Feature","geometry":{"type":"LineString","coordinates":[[-97.3,45.63],[-97.3,45.63]]},"properties":{"id":"ncei-1973-10112433","eventId":"10112433","episodeId":"","year":1973,"month":8,"date":"1973-08-31","beginTime":"1973-08-31T15:47:00","endTime":"1973-08-31T15:47:00","timezone":"CST","state":"SD","stateName":"South Dakota","county":"Brown","countyFips":"13","wfo":"","scale":0,"scaleLabel":"F0","lengthMiles":1.7,"widthYards":50,"deaths":0,"injuries":0,"propertyDamage":0,"cropDamage":0,"source":"","dataSource":"PUB"}},{"type":"Feature","geometry":{"type":"LineString","coordinates":[[-97.07,43.68],[-97.07,43.68]]},"properties":{"id":"ncei-1973-10112434","eventId":"10112434","episodeId":"","year":1973,"month":9,"date":"1973-09-02","beginTime":"1973-09-02T21:30:00","endTime":"1973-09-02T21:30:00","timezone":"CST","state":"SD","stateName":"South Dakota","county":"Minnehaha","countyFips":"99","wfo":"","scale":1,"scaleLabel":"F1","lengthMiles":0.5,"widthYards":40,"deaths":0,"injuries":0,"propertyDamage":0,"cropDamage":0,"source":"","dataSource":"PUB"}},{"type":"Feature","geometry":{"type":"LineString","coordinates":[[-82.05,34.27],[-81.98,34.28]]},"properties":{"id":"ncei-1973-10114443","eventId":"10114443","episodeId":"","year":1973,"month":12,"date":"1973-12-13","beginTime":"1973-12-13T13:53:00","endTime":"1973-12-13T13:53:00","timezone":"CST","state":"SC","stateName":"South Carolina","county":"Laurens","countyFips":"59","wfo":"","scale":3,"scaleLabel":"F3","lengthMiles":4.1,"widthYards":200,"deaths":0,"injuries":1,"propertyDamage":2500000,"cropDamage":0,"source":"","dataSource":"PUB"}},{"type":"Feature","geometry":{"type":"LineString","coordinates":[[-82.17,34.27],[-82.05,34.27]]},"properties":{"id":"ncei-1973-10114444","eventId":"10114444","episodeId":"","year":1973,"month":12,"date":"1973-12-13","beginTime":"1973-12-13T14:10:00","endTime":"1973-12-13T14:10:00","timezone":"CST","state":"SC","stateName":"South Carolina","county":"Greenwood","countyFips":"47","wfo":"","scale":3,"scaleLabel":"F3","lengthMiles":6.6,"widthYards":200,"deaths":0,"injuries":2,"propertyDamage":2500000,"cropDamage":0,"source":"","dataSource":"PUB"}},{"type":"Feature","geometry":{"type":"LineString","coordinates":[[-82.17,34.13],[-81.9,34.17]]},"properties":{"id":"ncei-1973-10114445","eventId":"10114445","episodeId":"","year":1973,"month":12,"date":"1973-12-13","beginTime":"1973-12-13T14:25:00","endTime":"1973-12-13T14:25:00","timezone":"CST","state":"SC","stateName":"South Carolina","county":"Greenwood","countyFips":"47","wfo":"","scale":3,"scaleLabel":"F3","lengthMiles":15.4,"widthYards":150,"deaths":0,"injuries":26,"propertyDamage":2500000,"cropDamage":0,"source":"","dataSource":"PUB"}},{"type":"Feature","geometry":{"type":"LineString","coordinates":[[-81.9,34.17],[-81.87,34.18]]},"properties":{"id":"ncei-1973-10114446","eventId":"10114446","episodeId":"","year":1973,"month":12,"date":"1973-12-13","beginTime":"1973-12-13T14:25:00","endTime":"1973-12-13T14:25:00","timezone":"CST","state":"SC","stateName":"South Carolina","county":"Newberry","countyFips":"71","wfo":"","scale":3,"scaleLabel":"F3","lengthMiles":2.3,"widthYards":150,"deaths":0,"injuries":0,"propertyDamage":2500000,"cropDamage":0,"source":"","dataSource":"PUB"}},{"type":"Feature","geometry":{"type":"LineString","coordinates":[[-82.02,34.18],[-82.02,34.18]]},"properties":{"id":"ncei-1973-10114447","eventId":"10114447","episodeId":"","year":1973,"month":12,"date":"1973-12-13","beginTime":"1973-12-13T14:30:00","endTime":"1973-12-13T14:30:00","timezone":"CST","state":"SC","stateName":"South Carolina","county":"Greenwood","countyFips":"47","wfo":"","scale":4,"scaleLabel":"F4","lengthMiles":1,"widthYards":50,"deaths":2,"injuries":0,"propertyDamage":2500000,"cropDamage":0,"source":"","dataSource":"PUB"}},{"type":"Feature","geometry":{"type":"LineString","coordinates":[[-81.72,34.2],[-81.42,34.23]]},"properties":{"id":"ncei-1973-10114448","eventId":"10114448","episodeId":"","year":1973,"month":12,"date":"1973-12-13","beginTime":"1973-12-13T15:03:00","endTime":"1973-12-13T15:03:00","timezone":"CST","state":"SC","stateName":"South Carolina","county":"Newberry","countyFips":"71","wfo":"","scale":3,"scaleLabel":"F3","lengthMiles":17.3,"widthYards":200,"deaths":1,"injuries":5,"propertyDamage":2500000,"cropDamage":0,"source":"","dataSource":"PUB"}},{"type":"Feature","geometry":{"type":"LineString","coordinates":[[-81.53,34.2],[-81,34.2]]},"properties":{"id":"ncei-1973-10114452","eventId":"10114452","episodeId":"","year":1973,"month":12,"date":"1973-12-13","beginTime":"1973-12-13T16:16:00","endTime":"1973-12-13T16:16:00","timezone":"CST","state":"SC","stateName":"South Carolina","county":"Newberry","countyFips":"71","wfo":"","scale":2,"scaleLabel":"F2","lengthMiles":30.5,"widthYards":80,"deaths":0,"injuries":0,"propertyDamage":2500000,"cropDamage":0,"source":"","dataSource":"PUB"}},{"type":"Feature","geometry":{"type":"LineString","coordinates":[[-81.4,34.17],[-81.33,34.17]]},"properties":{"id":"ncei-1973-10114453","eventId":"10114453","episodeId":"","year":1973,"month":12,"date":"1973-12-13","beginTime":"1973-12-13T16:45:00","endTime":"1973-12-13T16:45:00","timezone":"CST","state":"SC","stateName":"South Carolina","county":"Newberry","countyFips":"71","wfo":"","scale":2,"scaleLabel":"F2","lengthMiles":3.8,"widthYards":20,"deaths":0,"injuries":0,"propertyDamage":2500,"cropDamage":0,"source":"","dataSource":"PUB"}},{"type":"Feature","geometry":{"type":"LineString","coordinates":[[-76.98,41.23],[-76.98,41.23]]},"properties":{"id":"ncei-1973-10115655","eventId":"10115655","episodeId":"","year":1973,"month":5,"date":"1973-05-10","beginTime":"1973-05-10T13:30:00","endTime":"1973-05-10T13:30:00","timezone":"CST","state":"PA","stateName":"Pennsylvania","county":"Lycoming","countyFips":"81","wfo":"","scale":1,"scaleLabel":"F1","lengthMiles":1.6,"widthYards":67,"deaths":0,"injuries":0,"propertyDamage":250000,"cropDamage":0,"source":"","dataSource":"PUB"}},{"type":"Feature","geometry":{"type":"LineString","coordinates":[[-80.4,40.1],[-80.4,40.1]]},"properties":{"id":"ncei-1973-10115656","eventId":"10115656","episodeId":"","year":1973,"month":5,"date":"1973-05-10","beginTime":"1973-05-10T20:30:00","endTime":"1973-05-10T20:30:00","timezone":"CST","state":"PA","stateName":"Pennsylvania","county":"Washington","countyFips":"125","wfo":"","scale":1,"scaleLabel":"F1","lengthMiles":2,"widthYards":33,"deaths":0,"injuries":3,"propertyDamage":25000,"cropDamage":0,"source":"","dataSource":"PUB"}},{"type":"Feature","geometry":{"type":"LineString","coordinates":[[-75.67,40.5],[-75.6,40.5]]},"properties":{"id":"ncei-1973-10115659","eventId":"10115659","episodeId":"","year":1973,"month":5,"date":"1973-05-28","beginTime":"1973-05-28T17:30:00","endTime":"1973-05-28T17:30:00","timezone":"CST","state":"PA","stateName":"Pennsylvania","county":"Berks","countyFips":"11","wfo":"","scale":1,"scaleLabel":"F1","lengthMiles":1.9,"widthYards":100,"deaths":0,"injuries":0,"propertyDamage":25000,"cropDamage":0,"source":"","dataSource":"PUB"}},{"type":"Feature","geometry":{"type":"LineString","coordinates":[[-76.58,39.67],[-76.58,39.67]]},"properties":{"id":"ncei-1973-10115684","eventId":"10115684","episodeId":"","year":1973,"month":6,"date":"1973-06-28","beginTime":"1973-06-28T17:15:00","endTime":"1973-06-28T17:15:00","timezone":"CST","state":"PA","stateName":"Pennsylvania","county":"York","countyFips":"133","wfo":"","scale":1,"scaleLabel":"F1","lengthMiles":0,"widthYards":33,"deaths":0,"injuries":0,"propertyDamage":0,"cropDamage":0,"source":"","dataSource":"PUB"}},{"type":"Feature","geometry":{"type":"LineString","coordinates":[[-76.58,39.67],[-76.58,39.67]]},"properties":{"id":"ncei-1973-10115685","eventId":"10115685","episodeId":"","year":1973,"month":6,"date":"1973-06-28","beginTime":"1973-06-28T17:15:00","endTime":"1973-06-28T17:15:00","timezone":"CST","state":"PA","stateName":"Pennsylvania","county":"York","countyFips":"133","wfo":"","scale":1,"scaleLabel":"F1","lengthMiles":0,"widthYards":33,"deaths":0,"injuries":0,"propertyDamage":0,"cropDamage":0,"source":"","dataSource":"PUB"}},{"type":"Feature","geometry":{"type":"LineString","coordinates":[[-76.82,41.72],[-76.82,41.72]]},"properties":{"id":"ncei-1973-10115686","eventId":"10115686","episodeId":"","year":1973,"month":6,"date":"1973-06-28","beginTime":"1973-06-28T20:00:00","endTime":"1973-06-28T20:00:00","timezone":"CST","state":"PA","stateName":"Pennsylvania","county":"Bradford","countyFips":"15","wfo":"","scale":0,"scaleLabel":"F0","lengthMiles":0,"widthYards":33,"deaths":0,"injuries":0,"propertyDamage":2500,"cropDamage":0,"source":"","dataSource":"PUB"}},{"type":"Feature","geometry":{"type":"LineString","coordinates":[[-75.03,40.23],[-74.98,40.25]]},"properties":{"id":"ncei-1973-10115687","eventId":"10115687","episodeId":"","year":1973,"month":6,"date":"1973-06-29","beginTime":"1973-06-29T00:00:00","endTime":"1973-06-29T00:00:00","timezone":"CST","state":"PA","stateName":"Pennsylvania","county":"Bucks","countyFips":"17","wfo":"","scale":2,"scaleLabel":"F2","lengthMiles":1.9,"widthYards":100,"deaths":0,"injuries":0,"propertyDamage":25000,"cropDamage":0,"source":"","dataSource":"PUB"}},{"type":"Feature","geometry":{"type":"LineString","coordinates":[[-75.33,40.67],[-75.33,40.67]]},"properties":{"id":"ncei-1973-10115689","eventId":"10115689","episodeId":"","year":1973,"month":6,"date":"1973-06-29","beginTime":"1973-06-29T01:30:00","endTime":"1973-06-29T01:30:00","timezone":"CST","state":"PA","stateName":"Pennsylvania","county":"Northampton","countyFips":"95","wfo":"","scale":1,"scaleLabel":"F1","lengthMiles":0,"widthYards":33,"deaths":0,"injuries":0,"propertyDamage":2500,"cropDamage":0,"source":"","dataSource":"PUB"}},{"type":"Feature","geometry":{"type":"LineString","coordinates":[[-75.48,39.93],[-75.45,39.9]]},"properties":{"id":"ncei-1973-10115690","eventId":"10115690","episodeId":"","year":1973,"month":6,"date":"1973-06-29","beginTime":"1973-06-29T09:45:00","endTime":"1973-06-29T09:45:00","timezone":"CST","state":"PA","stateName":"Pennsylvania","county":"Delaware","countyFips":"45","wfo":"","scale":2,"scaleLabel":"F2","lengthMiles":1.9,"widthYards":63,"deaths":0,"injuries":0,"propertyDamage":25000,"cropDamage":0,"source":"","dataSource":"PUB"}},{"type":"Feature","geometry":{"type":"LineString","coordinates":[[-78.03,41.92],[-78.03,41.92]]},"properties":{"id":"ncei-1973-10116540","eventId":"10116540","episodeId":"","year":1973,"month":7,"date":"1973-07-28","beginTime":"1973-07-28T15:00:00","endTime":"1973-07-28T15:00:00","timezone":"CST","state":"PA","stateName":"Pennsylvania","county":"Potter","countyFips":"105","wfo":"","scale":1,"scaleLabel":"F1","lengthMiles":0,"widthYards":33,"deaths":0,"injuries":0,"propertyDamage":25000,"cropDamage":0,"source":"","dataSource":"PUB"}},{"type":"Feature","geometry":{"type":"LineString","coordinates":[[-79.73,34.2],[-79.73,34.2]]},"properties":{"id":"ncei-1973-10116680","eventId":"10116680","episodeId":"","year":1973,"month":8,"date":"1973-08-03","beginTime":"1973-08-03T13:00:00","endTime":"1973-08-03T13:00:00","timezone":"CST","state":"SC","stateName":"South Carolina","county":"Florence","countyFips":"41","wfo":"","scale":1,"scaleLabel":"F1","lengthMiles":0.1,"widthYards":17,"deaths":0,"injuries":0,"propertyDamage":25000,"cropDamage":0,"source":"","dataSource":"PUB"}},{"type":"Feature","geometry":{"type":"LineString","coordinates":[[-82.65,34.48],[-82.65,34.48]]},"properties":{"id":"ncei-1973-10116690","eventId":"10116690","episodeId":"","year":1973,"month":11,"date":"1973-11-21","beginTime":"1973-11-21T09:10:00","endTime":"1973-11-21T09:10:00","timezone":"CST","state":"SC","stateName":"South Carolina","county":"Anderson","countyFips":"7","wfo":"","scale":2,"scaleLabel":"F2","lengthMiles":0.3,"widthYards":50,"deaths":0,"injuries":0,"propertyDamage":25000,"cropDamage":0,"source":"","dataSource":"PUB"}},{"type":"Feature","geometry":{"type":"LineString","coordinates":[[-79.65,41.1],[-79.65,41.1]]},"properties":{"id":"ncei-1973-10116796","eventId":"10116796","episodeId":"","year":1973,"month":10,"date":"1973-10-04","beginTime":"1973-10-04T17:10:00","endTime":"1973-10-04T17:10:00","timezone":"CST","state":"PA","stateName":"Pennsylvania","county":"Clarion","countyFips":"31","wfo":"","scale":1,"scaleLabel":"F1","lengthMiles":1,"widthYards":60,"deaths":0,"injuries":1,"propertyDamage":250000,"cropDamage":0,"source":"","dataSource":"PUB"}},{"type":"Feature","geometry":{"type":"LineString","coordinates":[[-75.58,40.12],[-75.58,40.12]]},"properties":{"id":"ncei-1973-10116802","eventId":"10116802","episodeId":"","year":1973,"month":11,"date":"1973-11-28","beginTime":"1973-11-28T15:30:00","endTime":"1973-11-28T15:30:00","timezone":"CST","state":"PA","stateName":"Pennsylvania","county":"Chester","countyFips":"29","wfo":"","scale":0,"scaleLabel":"F0","lengthMiles":0,"widthYards":33,"deaths":0,"injuries":0,"propertyDamage":25000,"cropDamage":0,"source":"","dataSource":"PUB"}},{"type":"Feature","geometry":{"type":"LineString","coordinates":[[-88.8,36.17],[-88.8,36.17]]},"properties":{"id":"ncei-1973-10123150","eventId":"10123150","episodeId":"","year":1973,"month":11,"date":"1973-11-26","beginTime":"1973-11-26T07:05:00","endTime":"1973-11-26T07:05:00","timezone":"CST","state":"TN","stateName":"Tennessee","county":"Weakley","countyFips":"183","wfo":"","scale":2,"scaleLabel":"F2","lengthMiles":0.5,"widthYards":27,"deaths":0,"injuries":0,"propertyDamage":25000,"cropDamage":0,"source":"","dataSource":"PUB"}},{"type":"Feature","geometry":{"type":"LineString","coordinates":[[-85.33,36.43],[-85.33,36.43]]},"properties":{"id":"ncei-1973-10123152","eventId":"10123152","episodeId":"","year":1973,"month":11,"date":"1973-11-26","beginTime":"1973-11-26T17:45:00","endTime":"1973-11-26T17:45:00","timezone":"CST","state":"TN","stateName":"Tennessee","county":"Overton","countyFips":"133","wfo":"","scale":1,"scaleLabel":"F1","lengthMiles":2,"widthYards":33,"deaths":0,"injuries":0,"propertyDamage":25000,"cropDamage":0,"source":"","dataSource":"PUB"}},{"type":"Feature","geometry":{"type":"LineString","coordinates":[[-89.5,35.42],[-89.32,35.58]]},"properties":{"id":"ncei-1973-10123157","eventId":"10123157","episodeId":"","year":1973,"month":11,"date":"1973-11-27","beginTime":"1973-11-27T13:25:00","endTime":"1973-11-27T13:25:00","timezone":"CST","state":"TN","stateName":"Tennessee","county":"Fayette","countyFips":"47","wfo":"","scale":2,"scaleLabel":"F2","lengthMiles":15.4,"widthYards":440,"deaths":0,"injuries":1,"propertyDamage":250000,"cropDamage":0,"source":"","dataSource":"PUB"}},{"type":"Feature","geometry":{"type":"LineString","coordinates":[[-84.65,35.18],[-84.65,35.18]]},"properties":{"id":"ncei-1973-10123165","eventId":"10123165","episodeId":"","year":1973,"month":12,"date":"1973-12-13","beginTime":"1973-12-13T07:50:00","endTime":"1973-12-13T07:50:00","timezone":"CST","state":"TN","stateName":"Tennessee","county":"Polk","countyFips":"139","wfo":"","scale":2,"scaleLabel":"F2","lengthMiles":0.8,"widthYards":880,"deaths":0,"injuries":3,"propertyDamage":250000,"cropDamage":0,"source":"","dataSource":"PUB"}},{"type":"Feature","geometry":{"type":"LineString","coordinates":[[-82.83,36.17],[-82.83,36.17]]},"properties":{"id":"ncei-1973-10123167","eventId":"10123167","episodeId":"","year":1973,"month":12,"date":"1973-12-13","beginTime":"1973-12-13T10:00:00","endTime":"1973-12-13T10:00:00","timezone":"EDT","state":"TN","stateName":"Tennessee","county":"Greene","countyFips":"59","wfo":"","scale":1,"scaleLabel":"F1","lengthMiles":0.5,"widthYards":440,"deaths":0,"injuries":1,"propertyDamage":25000,"cropDamage":0,"source":"","dataSource":"PUB"}},{"type":"Feature","geometry":{"type":"LineString","coordinates":[[-85.5,35.92],[-85.5,35.92]]},"properties":{"id":"ncei-1973-10126471","eventId":"10126471","episodeId":"","year":1973,"month":3,"date":"1973-03-15","beginTime":"1973-03-15T02:00:00","endTime":"1973-03-15T02:00:00","timezone":"CST","state":"TN","stateName":"Tennessee","county":"White","countyFips":"185","wfo":"","scale":2,"scaleLabel":"F2","lengthMiles":0.1,"widthYards":100,"deaths":1,"injuries":3,"propertyDamage":250000,"cropDamage":0,"source":"","dataSource":"PUB"}},{"type":"Feature","geometry":{"type":"LineString","coordinates":[[-89.83,35.33],[-89.83,35.33]]},"properties":{"id":"ncei-1973-10126473","eventId":"10126473","episodeId":"","year":1973,"month":4,"date":"1973-04-19","beginTime":"1973-04-19T10:15:00","endTime":"1973-04-19T10:15:00","timezone":"CST","state":"TN","stateName":"Tennessee","county":"Shelby","countyFips":"157","wfo":"","scale":1,"scaleLabel":"F1","lengthMiles":1,"widthYards":100,"deaths":0,"injuries":0,"propertyDamage":25000,"cropDamage":0,"source":"","dataSource":"PUB"}},{"type":"Feature","geometry":{"type":"LineString","coordinates":[[-89.67,35.75],[-89.67,35.75]]},"properties":{"id":"ncei-1973-10126475","eventId":"10126475","episodeId":"","year":1973,"month":4,"date":"1973-04-19","beginTime":"1973-04-19T11:30:00","endTime":"1973-04-19T11:30:00","timezone":"CST","state":"TN","stateName":"Tennessee","county":"Lauderdale","countyFips":"97","wfo":"","scale":1,"scaleLabel":"F1","lengthMiles":0,"widthYards":100,"deaths":0,"injuries":0,"propertyDamage":25000,"cropDamage":0,"source":"","dataSource":"PUB"}},{"type":"Feature","geometry":{"type":"LineString","coordinates":[[-89.58,36],[-89.58,36]]},"properties":{"id":"ncei-1973-10126476","eventId":"10126476","episodeId":"","year":1973,"month":4,"date":"1973-04-19","beginTime":"1973-04-19T12:35:00","endTime":"1973-04-19T12:35:00","timezone":"CST","state":"TN","stateName":"Tennessee","county":"Dyer","countyFips":"45","wfo":"","scale":1,"scaleLabel":"F1","lengthMiles":0,"widthYards":50,"deaths":0,"injuries":1,"propertyDamage":25000,"cropDamage":0,"source":"","dataSource":"PUB"}},{"type":"Feature","geometry":{"type":"LineString","coordinates":[[-86.17,36.17],[-86.17,36.17]]},"properties":{"id":"ncei-1973-10126480","eventId":"10126480","episodeId":"","year":1973,"month":4,"date":"1973-04-25","beginTime":"1973-04-25T15:25:00","endTime":"1973-04-25T15:25:00","timezone":"CST","state":"TN","stateName":"Tennessee","county":"Wilson","countyFips":"189","wfo":"","scale":1,"scaleLabel":"F1","lengthMiles":0,"widthYards":33,"deaths":0,"injuries":0,"propertyDamage":25000,"cropDamage":0,"source":"","dataSource":"PUB"}},{"type":"Feature","geometry":{"type":"LineString","coordinates":[[-86.67,36.25],[-86.67,36.25]]},"properties":{"id":"ncei-1973-10126488","eventId":"10126488","episodeId":"","year":1973,"month":5,"date":"1973-05-10","beginTime":"1973-05-10T12:45:00","endTime":"1973-05-10T12:45:00","timezone":"CST","state":"TN","stateName":"Tennessee","county":"Davidson","countyFips":"37","wfo":"","scale":1,"scaleLabel":"F1","lengthMiles":0,"widthYards":33,"deaths":0,"injuries":0,"propertyDamage":2500,"cropDamage":0,"source":"","dataSource":"PUB"}},{"type":"Feature","geometry":{"type":"LineString","coordinates":[[-85.3,36.2],[-85.3,36.2]]},"properties":{"id":"ncei-1973-10126490","eventId":"10126490","episodeId":"","year":1973,"month":5,"date":"1973-05-10","beginTime":"1973-05-10T13:15:00","endTime":"1973-05-10T13:15:00","timezone":"CST","state":"TN","stateName":"Tennessee","county":"Putnam","countyFips":"141","wfo":"","scale":1,"scaleLabel":"F1","lengthMiles":0,"widthYards":33,"deaths":0,"injuries":0,"propertyDamage":25000,"cropDamage":0,"source":"","dataSource":"PUB"}},{"type":"Feature","geometry":{"type":"LineString","coordinates":[[-83.52,36.35],[-83.52,36.35]]},"properties":{"id":"ncei-1973-10126496","eventId":"10126496","episodeId":"","year":1973,"month":5,"date":"1973-05-10","beginTime":"1973-05-10T21:30:00","endTime":"1973-05-10T21:30:00","timezone":"CST","state":"TN","stateName":"Tennessee","county":"Grainger","countyFips":"57","wfo":"","scale":1,"scaleLabel":"F1","lengthMiles":0,"widthYards":33,"deaths":0,"injuries":0,"propertyDamage":2500,"cropDamage":0,"source":"","dataSource":"PUB"}},{"type":"Feature","geometry":{"type":"LineString","coordinates":[[-86,36.5],[-86,36.5]]},"properties":{"id":"ncei-1973-10126499","eventId":"10126499","episodeId":"","year":1973,"month":5,"date":"1973-05-11","beginTime":"1973-05-11T08:30:00","endTime":"1973-05-11T08:30:00","timezone":"CST","state":"TN","stateName":"Tennessee","county":"Smith","countyFips":"159","wfo":"","scale":1,"scaleLabel":"F1","lengthMiles":0,"widthYards":33,"deaths":0,"injuries":0,"propertyDamage":0,"cropDamage":0,"source":"","dataSource":"PUB"}},{"type":"Feature","geometry":{"type":"LineString","coordinates":[[-90,35.23],[-90,35.23]]},"properties":{"id":"ncei-1973-10126501","eventId":"10126501","episodeId":"","year":1973,"month":5,"date":"1973-05-11","beginTime":"1973-05-11T12:15:00","endTime":"1973-05-11T12:15:00","timezone":"CST","state":"TN","stateName":"Tennessee","county":"Shelby","countyFips":"157","wfo":"","scale":1,"scaleLabel":"F1","lengthMiles":0.5,"widthYards":100,"deaths":0,"injuries":0,"propertyDamage":25000,"cropDamage":0,"source":"","dataSource":"PUB"}},{"type":"Feature","geometry":{"type":"LineString","coordinates":[[-86.57,36.32],[-86.57,36.32]]},"properties":{"id":"ncei-1973-10126504","eventId":"10126504","episodeId":"","year":1973,"month":5,"date":"1973-05-19","beginTime":"1973-05-19T13:40:00","endTime":"1973-05-19T13:40:00","timezone":"CST","state":"TN","stateName":"Tennessee","county":"Sumner","countyFips":"165","wfo":"","scale":1,"scaleLabel":"F1","lengthMiles":0,"widthYards":33,"deaths":0,"injuries":0,"propertyDamage":0,"cropDamage":0,"source":"","dataSource":"PUB"}},{"type":"Feature","geometry":{"type":"LineString","coordinates":[[-86.52,35.25],[-86.47,35.22]]},"properties":{"id":"ncei-1973-10126505","eventId":"10126505","episodeId":"","year":1973,"month":5,"date":"1973-05-19","beginTime":"1973-05-19T14:15:00","endTime":"1973-05-19T14:15:00","timezone":"CST","state":"TN","stateName":"Tennessee","county":"Lincoln","countyFips":"103","wfo":"","scale":1,"scaleLabel":"F1","lengthMiles":3.6,"widthYards":33,"deaths":0,"injuries":0,"propertyDamage":25000,"cropDamage":0,"source":"","dataSource":"PUB"}},{"type":"Feature","geometry":{"type":"LineString","coordinates":[[-89.92,35.15],[-89.92,35.15]]},"properties":{"id":"ncei-1973-10126506","eventId":"10126506","episodeId":"","year":1973,"month":5,"date":"1973-05-22","beginTime":"1973-05-22T16:00:00","endTime":"1973-05-22T16:00:00","timezone":"CST","state":"TN","stateName":"Tennessee","county":"Shelby","countyFips":"157","wfo":"","scale":1,"scaleLabel":"F1","lengthMiles":0.3,"widthYards":100,"deaths":0,"injuries":0,"propertyDamage":2500,"cropDamage":0,"source":"","dataSource":"PUB"}},{"type":"Feature","geometry":{"type":"LineString","coordinates":[[-87.33,36.53],[-87.33,36.53]]},"properties":{"id":"ncei-1973-10126507","eventId":"10126507","episodeId":"","year":1973,"month":5,"date":"1973-05-22","beginTime":"1973-05-22T19:15:00","endTime":"1973-05-22T19:15:00","timezone":"CST","state":"TN","stateName":"Tennessee","county":"Montgomery","countyFips":"125","wfo":"","scale":1,"scaleLabel":"F1","lengthMiles":0,"widthYards":33,"deaths":0,"injuries":0,"propertyDamage":0,"cropDamage":0,"source":"","dataSource":"PUB"}},{"type":"Feature","geometry":{"type":"LineString","coordinates":[[-85.08,35.92],[-85.08,35.92]]},"properties":{"id":"ncei-1973-10126512","eventId":"10126512","episodeId":"","year":1973,"month":5,"date":"1973-05-23","beginTime":"1973-05-23T16:00:00","endTime":"1973-05-23T16:00:00","timezone":"CST","state":"TN","stateName":"Tennessee","county":"Cumberland","countyFips":"35","wfo":"","scale":1,"scaleLabel":"F1","lengthMiles":1,"widthYards":100,"deaths":0,"injuries":0,"propertyDamage":25000,"cropDamage":0,"source":"","dataSource":"PUB"}},{"type":"Feature","geometry":{"type":"LineString","coordinates":[[-89.12,36.33],[-89,36.43]]},"properties":{"id":"ncei-1973-10126517","eventId":"10126517","episodeId":"","year":1973,"month":5,"date":"1973-05-23","beginTime":"1973-05-23T22:30:00","endTime":"1973-05-23T22:30:00","timezone":"CST","state":"TN","stateName":"Tennessee","county":"Obion","countyFips":"131","wfo":"","scale":2,"scaleLabel":"F2","lengthMiles":9.5,"widthYards":100,"deaths":0,"injuries":0,"propertyDamage":250000,"cropDamage":0,"source":"","dataSource":"PUB"}},{"type":"Feature","geometry":{"type":"LineString","coordinates":[[-89.77,35.33],[-89.77,35.33]]},"properties":{"id":"ncei-1973-10126520","eventId":"10126520","episodeId":"","year":1973,"month":5,"date":"1973-05-27","beginTime":"1973-05-27T02:35:00","endTime":"1973-05-27T02:35:00","timezone":"CST","state":"TN","stateName":"Tennessee","county":"Shelby","countyFips":"157","wfo":"","scale":2,"scaleLabel":"F2","lengthMiles":2,"widthYards":100,"deaths":0,"injuries":0,"propertyDamage":25000,"cropDamage":0,"source":"","dataSource":"PUB"}},{"type":"Feature","geometry":{"type":"LineString","coordinates":[[-88.43,36.02],[-88.43,36.02]]},"properties":{"id":"ncei-1973-10127373","eventId":"10127373","episodeId":"","year":1973,"month":5,"date":"1973-05-27","beginTime":"1973-05-27T03:36:00","endTime":"1973-05-27T03:36:00","timezone":"CST","state":"TN","stateName":"Tennessee","county":"Carroll","countyFips":"17","wfo":"","scale":1,"scaleLabel":"F1","lengthMiles":0,"widthYards":33,"deaths":0,"injuries":0,"propertyDamage":2500,"cropDamage":0,"source":"","dataSource":"PUB"}},{"type":"Feature","geometry":{"type":"LineString","coordinates":[[-86.33,35],[-86.33,35]]},"properties":{"id":"ncei-1973-10127374","eventId":"10127374","episodeId":"","year":1973,"month":5,"date":"1973-05-27","beginTime":"1973-05-27T10:00:00","endTime":"1973-05-27T10:00:00","timezone":"CST","state":"TN","stateName":"Tennessee","county":"Lincoln","countyFips":"103","wfo":"","scale":2,"scaleLabel":"F2","lengthMiles":0,"widthYards":33,"deaths":0,"injuries":0,"propertyDamage":250000,"cropDamage":0,"source":"","dataSource":"PUB"}},{"type":"Feature","geometry":{"type":"LineString","coordinates":[[-94.28,32.48],[-94.28,32.48]]},"properties":{"id":"ncei-1973-10131997","eventId":"10131997","episodeId":"","year":1973,"month":9,"date":"1973-09-06","beginTime":"1973-09-06T16:40:00","endTime":"1973-09-06T16:40:00","timezone":"CST","state":"TX","stateName":"Texas","county":"Harrison","countyFips":"203","wfo":"","scale":0,"scaleLabel":"F0","lengthMiles":0.3,"widthYards":10,"deaths":0,"injuries":0,"propertyDamage":0,"cropDamage":0,"source":"","dataSource":"PUB"}},{"type":"Feature","geometry":{"type":"LineString","coordinates":[[-99.88,32.35],[-99.88,32.35]]},"properties":{"id":"ncei-1973-10131998","eventId":"10131998","episodeId":"","year":1973,"month":9,"date":"1973-09-06","beginTime":"1973-09-06T17:30:00","endTime":"1973-09-06T17:30:00","timezone":"CST","state":"TX","stateName":"Texas","county":"Taylor","countyFips":"441","wfo":"","scale":1,"scaleLabel":"F1","lengthMiles":0.3,"widthYards":7,"deaths":0,"injuries":0,"propertyDamage":25000,"cropDamage":0,"source":"","dataSource":"PUB"}},{"type":"Feature","geometry":{"type":"LineString","coordinates":[[-97.7,30.07],[-97.67,30.03]]},"properties":{"id":"ncei-1973-10132004","eventId":"10132004","episodeId":"","year":1973,"month":9,"date":"1973-09-13","beginTime":"1973-09-13T16:20:00","endTime":"1973-09-13T16:20:00","timezone":"CST","state":"TX","stateName":"Texas","county":"Caldwell","countyFips":"55","wfo":"","scale":1,"scaleLabel":"F1","lengthMiles":3.3,"widthYards":40,"deaths":0,"injuries":0,"propertyDamage":0,"cropDamage":0,"source":"","dataSource":"PUB"}},{"type":"Feature","geometry":{"type":"LineString","coordinates":[[-94.03,30.02],[-94.03,30.02]]},"properties":{"id":"ncei-1973-10132010","eventId":"10132010","episodeId":"","year":1973,"month":9,"date":"1973-09-28","beginTime":"1973-09-28T08:13:00","endTime":"1973-09-28T08:13:00","timezone":"CST","state":"TX","stateName":"Texas","county":"Jefferson","countyFips":"245","wfo":"","scale":0,"scaleLabel":"F0","lengthMiles":0.3,"widthYards":17,"deaths":0,"injuries":0,"propertyDamage":0,"cropDamage":0,"source":"","dataSource":"PUB"}},{"type":"Feature","geometry":{"type":"LineString","coordinates":[[-95.5,30.33],[-95.5,30.33]]},"properties":{"id":"ncei-1973-10132015","eventId":"10132015","episodeId":"","year":1973,"month":10,"date":"1973-10-10","beginTime":"1973-10-10T12:30:00","endTime":"1973-10-10T12:30:00","timezone":"CST","state":"TX","stateName":"Texas","county":"Montgomery","countyFips":"339","wfo":"","scale":1,"scaleLabel":"F1","lengthMiles":1,"widthYards":17,"deaths":0,"injuries":0,"propertyDamage":2500,"cropDamage":0,"source":"","dataSource":"PUB"}},{"type":"Feature","geometry":{"type":"LineString","coordinates":[[-97.27,29.65],[-97.25,29.75]]},"properties":{"id":"ncei-1973-10132017","eventId":"10132017","episodeId":"","year":1973,"month":10,"date":"1973-10-11","beginTime":"1973-10-11T08:15:00","endTime":"1973-10-11T08:15:00","timezone":"CST","state":"TX","stateName":"Texas","county":"Gonzales","countyFips":"177","wfo":"","scale":2,"scaleLabel":"F2","lengthMiles":7.1,"widthYards":50,"deaths":0,"injuries":0,"propertyDamage":25000,"cropDamage":0,"source":"","dataSource":"PUB"}},{"type":"Feature","geometry":{"type":"LineString","coordinates":[[-97.25,29.75],[-97.25,29.77]]},"properties":{"id":"ncei-1973-10132018","eventId":"10132018","episodeId":"","year":1973,"month":10,"date":"1973-10-11","beginTime":"1973-10-11T08:26:00","endTime":"1973-10-11T08:26:00","timezone":"CST","state":"TX","stateName":"Texas","county":"Fayette","countyFips":"149","wfo":"","scale":2,"scaleLabel":"F2","lengthMiles":1.1,"widthYards":50,"deaths":0,"injuries":1,"propertyDamage":25000,"cropDamage":0,"source":"","dataSource":"PUB"}},{"type":"Feature","geometry":{"type":"LineString","coordinates":[[-96.45,32.95],[-96.45,32.95]]},"properties":{"id":"ncei-1973-10132019","eventId":"10132019","episodeId":"","year":1973,"month":10,"date":"1973-10-12","beginTime":"1973-10-12T18:44:00","endTime":"1973-10-12T18:44:00","timezone":"CST","state":"TX","stateName":"Texas","county":"Rockwall","countyFips":"397","wfo":"","scale":0,"scaleLabel":"F0","lengthMiles":0.3,"widthYards":3,"deaths":0,"injuries":0,"propertyDamage":0,"cropDamage":0,"source":"","dataSource":"PUB"}},{"type":"Feature","geometry":{"type":"LineString","coordinates":[[-96.72,33],[-96.72,33]]},"properties":{"id":"ncei-1973-10132022","eventId":"10132022","episodeId":"","year":1973,"month":11,"date":"1973-11-20","beginTime":"1973-11-20T01:10:00","endTime":"1973-11-20T01:10:00","timezone":"CST","state":"TX","stateName":"Texas","county":"Collin","countyFips":"85","wfo":"","scale":1,"scaleLabel":"F1","lengthMiles":0,"widthYards":33,"deaths":0,"injuries":3,"propertyDamage":25000,"cropDamage":0,"source":"","dataSource":"PUB"}},{"type":"Feature","geometry":{"type":"LineString","coordinates":[[-97.12,30.63],[-97.15,30.68]]},"properties":{"id":"ncei-1973-10132025","eventId":"10132025","episodeId":"","year":1973,"month":11,"date":"1973-11-23","beginTime":"1973-11-23T12:00:00","endTime":"1973-11-23T12:00:00","timezone":"CST","state":"TX","stateName":"Texas","county":"Milam","countyFips":"331","wfo":"","scale":1,"scaleLabel":"F1","lengthMiles":4.3,"widthYards":70,"deaths":0,"injuries":0,"propertyDamage":25000,"cropDamage":0,"source":"","dataSource":"PUB"}},{"type":"Feature","geometry":{"type":"LineString","coordinates":[[-97.4,32.35],[-97.4,32.35]]},"properties":{"id":"ncei-1973-10132027","eventId":"10132027","episodeId":"","year":1973,"month":11,"date":"1973-11-24","beginTime":"1973-11-24T13:15:00","endTime":"1973-11-24T13:15:00","timezone":"CST","state":"TX","stateName":"Texas","county":"Johnson","countyFips":"251","wfo":"","scale":3,"scaleLabel":"F3","lengthMiles":0.1,"widthYards":33,"deaths":0,"injuries":0,"propertyDamage":0,"cropDamage":0,"source":"","dataSource":"PUB"}},{"type":"Feature","geometry":{"type":"LineString","coordinates":[[-97.62,33],[-97.62,33]]},"properties":{"id":"ncei-1973-10132028","eventId":"10132028","episodeId":"","year":1973,"month":11,"date":"1973-11-24","beginTime":"1973-11-24T14:30:00","endTime":"1973-11-24T14:30:00","timezone":"CST","state":"TX","stateName":"Texas","county":"Wise","countyFips":"497","wfo":"","scale":2,"scaleLabel":"F2","lengthMiles":0,"widthYards":33,"deaths":0,"injuries":0,"propertyDamage":25000,"cropDamage":0,"source":"","dataSource":"PUB"}},{"type":"Feature","geometry":{"type":"LineString","coordinates":[[-94.72,33.07],[-94.72,33.07]]},"properties":{"id":"ncei-1973-10132031","eventId":"10132031","episodeId":"","year":1973,"month":11,"date":"1973-11-24","beginTime":"1973-11-24T17:10:00","endTime":"1973-11-24T17:10:00","timezone":"CST","state":"TX","stateName":"Texas","county":"Morris","countyFips":"343","wfo":"","scale":2,"scaleLabel":"F2","lengthMiles":1,"widthYards":200,"deaths":0,"injuries":0,"propertyDamage":2500,"cropDamage":0,"source":"","dataSource":"PUB"}},{"type":"Feature","geometry":{"type":"LineString","coordinates":[[-94.95,32.45],[-94.95,32.45]]},"properties":{"id":"ncei-1973-10132033","eventId":"10132033","episodeId":"","year":1973,"month":11,"date":"1973-11-24","beginTime":"1973-11-24T17:40:00","endTime":"1973-11-24T17:40:00","timezone":"CST","state":"TX","stateName":"Texas","county":"Gregg","countyFips":"183","wfo":"","scale":1,"scaleLabel":"F1","lengthMiles":0,"widthYards":33,"deaths":0,"injuries":0,"propertyDamage":2500,"cropDamage":0,"source":"","dataSource":"PUB"}},{"type":"Feature","geometry":{"type":"LineString","coordinates":[[-94.42,33.3],[-94.42,33.3]]},"properties":{"id":"ncei-1973-10132034","eventId":"10132034","episodeId":"","year":1973,"month":11,"date":"1973-11-24","beginTime":"1973-11-24T17:50:00","endTime":"1973-11-24T17:50:00","timezone":"CST","state":"TX","stateName":"Texas","county":"Cass","countyFips":"67","wfo":"","scale":2,"scaleLabel":"F2","lengthMiles":0,"widthYards":33,"deaths":0,"injuries":0,"propertyDamage":2500,"cropDamage":0,"source":"","dataSource":"PUB"}},{"type":"Feature","geometry":{"type":"LineString","coordinates":[[-94.37,32.5],[-94.37,32.5]]},"properties":{"id":"ncei-1973-10132037","eventId":"10132037","episodeId":"","year":1973,"month":11,"date":"1973-11-24","beginTime":"1973-11-24T18:30:00","endTime":"1973-11-24T18:30:00","timezone":"CST","state":"TX","stateName":"Texas","county":"Harrison","countyFips":"203","wfo":"","scale":2,"scaleLabel":"F2","lengthMiles":0.1,"widthYards":33,"deaths":0,"injuries":1,"propertyDamage":0,"cropDamage":0,"source":"","dataSource":"PUB"}},{"type":"Feature","geometry":{"type":"LineString","coordinates":[[-94.17,30.15],[-94.17,30.15]]},"properties":{"id":"ncei-1973-10132040","eventId":"10132040","episodeId":"","year":1973,"month":11,"date":"1973-11-27","beginTime":"1973-11-27T13:00:00","endTime":"1973-11-27T13:00:00","timezone":"CST","state":"TX","stateName":"Texas","county":"Jefferson","countyFips":"245","wfo":"","scale":1,"scaleLabel":"F1","lengthMiles":0.3,"widthYards":27,"deaths":0,"injuries":0,"propertyDamage":25000,"cropDamage":0,"source":"","dataSource":"PUB"}},{"type":"Feature","geometry":{"type":"LineString","coordinates":[[-97,33.07],[-97,33.07]]},"properties":{"id":"ncei-1973-10132041","eventId":"10132041","episodeId":"","year":1973,"month":12,"date":"1973-12-03","beginTime":"1973-12-03T13:10:00","endTime":"1973-12-03T13:10:00","timezone":"CST","state":"TX","stateName":"Texas","county":"Denton","countyFips":"121","wfo":"","scale":2,"scaleLabel":"F2","lengthMiles":0.1,"widthYards":7,"deaths":0,"injuries":0,"propertyDamage":2500,"cropDamage":0,"source":"","dataSource":"PUB"}},{"type":"Feature","geometry":{"type":"LineString","coordinates":[[-95.68,32.8],[-95.63,32.8]]},"properties":{"id":"ncei-1973-10132042","eventId":"10132042","episodeId":"","year":1973,"month":12,"date":"1973-12-03","beginTime":"1973-12-03T13:45:00","endTime":"1973-12-03T13:45:00","timezone":"CST","state":"TX","stateName":"Texas","county":"Rains","countyFips":"379","wfo":"","scale":3,"scaleLabel":"F3","lengthMiles":3,"widthYards":27,"deaths":0,"injuries":0,"propertyDamage":0,"cropDamage":0,"source":"","dataSource":"PUB"}},{"type":"Feature","geometry":{"type":"LineString","coordinates":[[-100.37,33.87],[-100.77,34]]},"properties":{"id":"ncei-1973-10132762","eventId":"10132762","episodeId":"","year":1973,"month":3,"date":"1973-03-23","beginTime":"1973-03-23T14:30:00","endTime":"1973-03-23T14:30:00","timezone":"CST","state":"TX","stateName":"Texas","county":"Motley","countyFips":"345","wfo":"","scale":2,"scaleLabel":"F2","lengthMiles":24.7,"widthYards":300,"deaths":0,"injuries":0,"propertyDamage":25000,"cropDamage":0,"source":"","dataSource":"PUB"}},{"type":"Feature","geometry":{"type":"LineString","coordinates":[[-100.73,33.33],[-100.6,33.4]]},"properties":{"id":"ncei-1973-10132765","eventId":"10132765","episodeId":"","year":1973,"month":3,"date":"1973-03-23","beginTime":"1973-03-23T15:30:00","endTime":"1973-03-23T15:30:00","timezone":"CST","state":"TX","stateName":"Texas","county":"Kent","countyFips":"263","wfo":"","scale":1,"scaleLabel":"F1","lengthMiles":9.1,"widthYards":77,"deaths":0,"injuries":0,"propertyDamage":2500,"cropDamage":0,"source":"","dataSource":"PUB"}},{"type":"Feature","geometry":{"type":"LineString","coordinates":[[-100.25,32.72],[-100.25,32.72]]},"properties":{"id":"ncei-1973-10132767","eventId":"10132767","episodeId":"","year":1973,"month":3,"date":"1973-03-23","beginTime":"1973-03-23T16:00:00","endTime":"1973-03-23T16:00:00","timezone":"CST","state":"TX","stateName":"Texas","county":"Fisher","countyFips":"151","wfo":"","scale":1,"scaleLabel":"F1","lengthMiles":0.5,"widthYards":100,"deaths":0,"injuries":0,"propertyDamage":25000,"cropDamage":0,"source":"","dataSource":"PUB"}},{"type":"Feature","geometry":{"type":"LineString","coordinates":[[-101.88,35.22],[-101.88,35.22]]},"properties":{"id":"ncei-1973-10132768","eventId":"10132768","episodeId":"","year":1973,"month":3,"date":"1973-03-23","beginTime":"1973-03-23T16:00:00","endTime":"1973-03-23T16:00:00","timezone":"CST","state":"TX","stateName":"Texas","county":"Potter","countyFips":"375","wfo":"","scale":2,"scaleLabel":"F2","lengthMiles":2,"widthYards":50,"deaths":0,"injuries":0,"propertyDamage":25000,"cropDamage":0,"source":"","dataSource":"PUB"}},{"type":"Feature","geometry":{"type":"LineString","coordinates":[[-100.4,32.47],[-100.35,32.47]]},"properties":{"id":"ncei-1973-10132769","eventId":"10132769","episodeId":"","year":1973,"month":3,"date":"1973-03-23","beginTime":"1973-03-23T16:00:00","endTime":"1973-03-23T16:00:00","timezone":"CST","state":"TX","stateName":"Texas","county":"Nolan","countyFips":"353","wfo":"","scale":2,"scaleLabel":"F2","lengthMiles":3.3,"widthYards":300,"deaths":0,"injuries":0,"propertyDamage":250000,"cropDamage":0,"source":"","dataSource":"PUB"}},{"type":"Feature","geometry":{"type":"LineString","coordinates":[[-99.5,32.35],[-99.5,32.35]]},"properties":{"id":"ncei-1973-10132771","eventId":"10132771","episodeId":"","year":1973,"month":3,"date":"1973-03-23","beginTime":"1973-03-23T17:30:00","endTime":"1973-03-23T17:30:00","timezone":"CST","state":"TX","stateName":"Texas","county":"Callahan","countyFips":"59","wfo":"","scale":0,"scaleLabel":"F0","lengthMiles":0,"widthYards":33,"deaths":0,"injuries":0,"propertyDamage":2500,"cropDamage":0,"source":"","dataSource":"PUB"}},{"type":"Feature","geometry":{"type":"LineString","coordinates":[[-100.33,34.48],[-100.33,34.48]]},"properties":{"id":"ncei-1973-10132773","eventId":"10132773","episodeId":"","year":1973,"month":3,"date":"1973-03-23","beginTime":"1973-03-23T18:00:00","endTime":"1973-03-23T18:00:00","timezone":"CST","state":"TX","stateName":"Texas","county":"Childress","countyFips":"75","wfo":"","scale":1,"scaleLabel":"F1","lengthMiles":1,"widthYards":70,"deaths":0,"injuries":0,"propertyDamage":2500,"cropDamage":0,"source":"","dataSource":"PUB"}},{"type":"Feature","geometry":{"type":"LineString","coordinates":[[-94.27,30.33],[-94.27,30.33]]},"properties":{"id":"ncei-1973-10132904","eventId":"10132904","episodeId":"","year":1973,"month":12,"date":"1973-12-19","beginTime":"1973-12-19T09:25:00","endTime":"1973-12-19T09:25:00","timezone":"CST","state":"TX","stateName":"Texas","county":"Hardin","countyFips":"199","wfo":"","scale":1,"scaleLabel":"F1","lengthMiles":0.2,"widthYards":40,"deaths":0,"injuries":0,"propertyDamage":25000,"cropDamage":0,"source":"","dataSource":"PUB"}},{"type":"Feature","geometry":{"type":"LineString","coordinates":[[-96.45,29.87],[-96.42,29.93]]},"properties":{"id":"ncei-1973-10132908","eventId":"10132908","episodeId":"","year":1973,"month":12,"date":"1973-12-23","beginTime":"1973-12-23T18:00:00","endTime":"1973-12-23T18:00:00","timezone":"CST","state":"TX","stateName":"Texas","county":"Austin","countyFips":"15","wfo":"","scale":1,"scaleLabel":"F1","lengthMiles":5.2,"widthYards":50,"deaths":0,"injuries":0,"propertyDamage":25000,"cropDamage":0,"source":"","dataSource":"PUB"}},{"type":"Feature","geometry":{"type":"LineString","coordinates":[[-94.03,30.13],[-94.03,30.13]]},"properties":{"id":"ncei-1973-10132992","eventId":"10132992","episodeId":"","year":1973,"month":3,"date":"1973-03-23","beginTime":"1973-03-23T19:15:00","endTime":"1973-03-23T19:15:00","timezone":"CST","state":"TX","stateName":"Texas","county":"Orange","countyFips":"361","wfo":"","scale":0,"scaleLabel":"F0","lengthMiles":0,"widthYards":33,"deaths":0,"injuries":0,"propertyDamage":0,"cropDamage":0,"source":"","dataSource":"PUB"}},{"type":"Feature","geometry":{"type":"LineString","coordinates":[[-95.03,29.75],[-95.03,29.75]]},"properties":{"id":"ncei-1973-10132993","eventId":"10132993","episodeId":"","year":1973,"month":3,"date":"1973-03-23","beginTime":"1973-03-23T19:30:00","endTime":"1973-03-23T19:30:00","timezone":"CST","state":"TX","stateName":"Texas","county":"Chambers","countyFips":"71","wfo":"","scale":0,"scaleLabel":"F0","lengthMiles":0,"widthYards":33,"deaths":0,"injuries":0,"propertyDamage":0,"cropDamage":0,"source":"","dataSource":"PUB"}},{"type":"Feature","geometry":{"type":"LineString","coordinates":[[-100.3,29.3],[-100.3,29.3]]},"properties":{"id":"ncei-1973-10132996","eventId":"10132996","episodeId":"","year":1973,"month":3,"date":"1973-03-23","beginTime":"1973-03-23T23:25:00","endTime":"1973-03-23T23:25:00","timezone":"CST","state":"TX","stateName":"Texas","county":"Kinney","countyFips":"271","wfo":"","scale":0,"scaleLabel":"F0","lengthMiles":0,"widthYards":33,"deaths":0,"injuries":0,"propertyDamage":0,"cropDamage":0,"source":"","dataSource":"PUB"}},{"type":"Feature","geometry":{"type":"LineString","coordinates":[[-94.17,29.85],[-94.17,29.85]]},"properties":{"id":"ncei-1973-10132997","eventId":"10132997","episodeId":"","year":1973,"month":3,"date":"1973-03-24","beginTime":"1973-03-24T05:45:00","endTime":"1973-03-24T05:45:00","timezone":"CST","state":"TX","stateName":"Texas","county":"Jefferson","countyFips":"245","wfo":"","scale":0,"scaleLabel":"F0","lengthMiles":0,"widthYards":33,"deaths":0,"injuries":0,"propertyDamage":0,"cropDamage":0,"source":"","dataSource":"PUB"}},{"type":"Feature","geometry":{"type":"LineString","coordinates":[[-102.75,33.22],[-102.75,33.22]]},"properties":{"id":"ncei-1973-10133002","eventId":"10133002","episodeId":"","year":1973,"month":3,"date":"1973-03-29","beginTime":"1973-03-29T17:00:00","endTime":"1973-03-29T17:00:00","timezone":"CST","state":"TX","stateName":"Texas","county":"Yoakum","countyFips":"501","wfo":"","scale":1,"scaleLabel":"F1","lengthMiles":0.3,"widthYards":100,"deaths":0,"injuries":0,"propertyDamage":2500,"cropDamage":0,"source":"","dataSource":"PUB"}},{"type":"Feature","geometry":{"type":"LineString","coordinates":[[-102.3,33.73],[-102.3,33.73]]},"properties":{"id":"ncei-1973-10133010","eventId":"10133010","episodeId":"","year":1973,"month":4,"date":"1973-04-02","beginTime":"1973-04-02T13:28:00","endTime":"1973-04-02T13:28:00","timezone":"CST","state":"TX","stateName":"Texas","county":"Hockley","countyFips":"219","wfo":"","scale":1,"scaleLabel":"F1","lengthMiles":2,"widthYards":17,"deaths":0,"injuries":0,"propertyDamage":0,"cropDamage":0,"source":"","dataSource":"PUB"}},{"type":"Feature","geometry":{"type":"LineString","coordinates":[[-102.82,34.22],[-102.82,34.22]]},"properties":{"id":"ncei-1973-10133011","eventId":"10133011","episodeId":"","year":1973,"month":4,"date":"1973-04-02","beginTime":"1973-04-02T15:30:00","endTime":"1973-04-02T15:30:00","timezone":"CST","state":"TX","stateName":"Texas","county":"Bailey","countyFips":"17","wfo":"","scale":1,"scaleLabel":"F1","lengthMiles":1,"widthYards":20,"deaths":0,"injuries":0,"propertyDamage":0,"cropDamage":0,"source":"","dataSource":"PUB"}},{"type":"Feature","geometry":{"type":"LineString","coordinates":[[-101.57,35.2],[-101.33,35.3]]},"properties":{"id":"ncei-1973-10133016","eventId":"10133016","episodeId":"","year":1973,"month":4,"date":"1973-04-13","beginTime":"1973-04-13T17:30:00","endTime":"1973-04-13T17:30:00","timezone":"CST","state":"TX","stateName":"Texas","county":"Armstrong","countyFips":"11","wfo":"","scale":2,"scaleLabel":"F2","lengthMiles":14.9,"widthYards":150,"deaths":0,"injuries":0,"propertyDamage":25000,"cropDamage":0,"source":"","dataSource":"PUB"}},{"type":"Feature","geometry":{"type":"LineString","coordinates":[[-102.12,35.48],[-102.12,35.48]]},"properties":{"id":"ncei-1973-10133017","eventId":"10133017","episodeId":"","year":1973,"month":4,"date":"1973-04-13","beginTime":"1973-04-13T17:58:00","endTime":"1973-04-13T17:58:00","timezone":"CST","state":"TX","stateName":"Texas","county":"Potter","countyFips":"375","wfo":"","scale":1,"scaleLabel":"F1","lengthMiles":1,"widthYards":17,"deaths":0,"injuries":0,"propertyDamage":0,"cropDamage":0,"source":"","dataSource":"PUB"}},{"type":"Feature","geometry":{"type":"LineString","coordinates":[[-101.33,35.3],[-101.2,35.55]]},"properties":{"id":"ncei-1973-10133019","eventId":"10133019","episodeId":"","year":1973,"month":4,"date":"1973-04-13","beginTime":"1973-04-13T18:00:00","endTime":"1973-04-13T18:00:00","timezone":"CST","state":"TX","stateName":"Texas","county":"Armstrong","countyFips":"11","wfo":"","scale":2,"scaleLabel":"F2","lengthMiles":18.8,"widthYards":150,"deaths":0,"injuries":0,"propertyDamage":0,"cropDamage":0,"source":"","dataSource":"PUB"}},{"type":"Feature","geometry":{"type":"LineString","coordinates":[[-101.2,35.55],[-100.3,35.92]]},"properties":{"id":"ncei-1973-10133020","eventId":"10133020","episodeId":"","year":1973,"month":4,"date":"1973-04-13","beginTime":"1973-04-13T18:15:00","endTime":"1973-04-13T18:15:00","timezone":"CST","state":"TX","stateName":"Texas","county":"Gray","countyFips":"179","wfo":"","scale":2,"scaleLabel":"F2","lengthMiles":56.4,"widthYards":150,"deaths":0,"injuries":0,"propertyDamage":0,"cropDamage":0,"source":"","dataSource":"PUB"}},{"type":"Feature","geometry":{"type":"LineString","coordinates":[[-101.75,34.18],[-101.63,34.23]]},"properties":{"id":"ncei-1973-10133028","eventId":"10133028","episodeId":"","year":1973,"month":4,"date":"1973-04-15","beginTime":"1973-04-15T04:15:00","endTime":"1973-04-15T04:15:00","timezone":"CST","state":"TX","stateName":"Texas","county":"Hale","countyFips":"189","wfo":"","scale":3,"scaleLabel":"F3","lengthMiles":7.6,"widthYards":200,"deaths":2,"injuries":26,"propertyDamage":0,"cropDamage":0,"source":"","dataSource":"PUB"}},{"type":"Feature","geometry":{"type":"LineString","coordinates":[[-99.03,29.38],[-98.67,29.33]]},"properties":{"id":"ncei-1973-10133033","eventId":"10133033","episodeId":"","year":1973,"month":4,"date":"1973-04-15","beginTime":"1973-04-15T17:00:00","endTime":"1973-04-15T17:00:00","timezone":"CST","state":"TX","stateName":"Texas","county":"Medina","countyFips":"325","wfo":"","scale":1,"scaleLabel":"F1","lengthMiles":22.4,"widthYards":200,"deaths":0,"injuries":0,"propertyDamage":250000,"cropDamage":0,"source":"","dataSource":"PUB"}},{"type":"Feature","geometry":{"type":"LineString","coordinates":[[-99.22,28.83],[-98.83,28.82]]},"properties":{"id":"ncei-1973-10133035","eventId":"10133035","episodeId":"","year":1973,"month":4,"date":"1973-04-15","beginTime":"1973-04-15T17:20:00","endTime":"1973-04-15T17:20:00","timezone":"CST","state":"TX","stateName":"Texas","county":"Frio","countyFips":"163","wfo":"","scale":4,"scaleLabel":"F4","lengthMiles":23.3,"widthYards":440,"deaths":5,"injuries":12,"propertyDamage":0,"cropDamage":0,"source":"","dataSource":"PUB"}},{"type":"Feature","geometry":{"type":"LineString","coordinates":[[-96.47,32.08],[-96.52,32.08]]},"properties":{"id":"ncei-1973-10133039","eventId":"10133039","episodeId":"","year":1973,"month":4,"date":"1973-04-15","beginTime":"1973-04-15T19:50:00","endTime":"1973-04-15T19:50:00","timezone":"CST","state":"TX","stateName":"Texas","county":"Navarro","countyFips":"349","wfo":"","scale":3,"scaleLabel":"F3","lengthMiles":3.8,"widthYards":200,"deaths":0,"injuries":3,"propertyDamage":0,"cropDamage":0,"source":"","dataSource":"PUB"}},{"type":"Feature","geometry":{"type":"LineString","coordinates":[[-96.95,28.02],[-96.95,28.02]]},"properties":{"id":"ncei-1973-10133041","eventId":"10133041","episodeId":"","year":1973,"month":4,"date":"1973-04-15","beginTime":"1973-04-15T22:00:00","endTime":"1973-04-15T22:00:00","timezone":"CST","state":"TX","stateName":"Texas","county":"Aransas","countyFips":"7","wfo":"","scale":0,"scaleLabel":"F0","lengthMiles":0,"widthYards":33,"deaths":0,"injuries":0,"propertyDamage":0,"cropDamage":0,"source":"","dataSource":"PUB"}},{"type":"Feature","geometry":{"type":"LineString","coordinates":[[-93.9,29.93],[-93.9,29.93]]},"properties":{"id":"ncei-1973-10133903","eventId":"10133903","episodeId":"","year":1973,"month":4,"date":"1973-04-17","beginTime":"1973-04-17T06:10:00","endTime":"1973-04-17T06:10:00","timezone":"CST","state":"TX","stateName":"Texas","county":"Jefferson","countyFips":"245","wfo":"","scale":0,"scaleLabel":"F0","lengthMiles":0,"widthYards":33,"deaths":0,"injuries":0,"propertyDamage":0,"cropDamage":0,"source":"","dataSource":"PUB"}},{"type":"Feature","geometry":{"type":"LineString","coordinates":[[-99.32,32.28],[-99.32,32.28]]},"properties":{"id":"ncei-1973-10133916","eventId":"10133916","episodeId":"","year":1973,"month":4,"date":"1973-04-22","beginTime":"1973-04-22T13:30:00","endTime":"1973-04-22T13:30:00","timezone":"CST","state":"TX","stateName":"Texas","county":"Callahan","countyFips":"59","wfo":"","scale":2,"scaleLabel":"F2","lengthMiles":0.3,"widthYards":100,"deaths":0,"injuries":0,"propertyDamage":2500,"cropDamage":0,"source":"","dataSource":"PUB"}},{"type":"Feature","geometry":{"type":"LineString","coordinates":[[-99.98,31.68],[-99.98,31.68]]},"properties":{"id":"ncei-1973-10133917","eventId":"10133917","episodeId":"","year":1973,"month":4,"date":"1973-04-22","beginTime":"1973-04-22T13:34:00","endTime":"1973-04-22T13:34:00","timezone":"CST","state":"TX","stateName":"Texas","county":"Runnels","countyFips":"399","wfo":"","scale":2,"scaleLabel":"F2","lengthMiles":0.2,"widthYards":50,"deaths":0,"injuries":0,"propertyDamage":0,"cropDamage":0,"source":"","dataSource":"PUB"}},{"type":"Feature","geometry":{"type":"LineString","coordinates":[[-99.98,31.68],[-99.98,31.68]]},"properties":{"id":"ncei-1973-10134131","eventId":"10134131","episodeId":"","year":1973,"month":4,"date":"1973-04-22","beginTime":"1973-04-22T13:34:00","endTime":"1973-04-22T13:34:00","timezone":"CST","state":"TX","stateName":"Texas","county":"Runnels","countyFips":"399","wfo":"","scale":2,"scaleLabel":"F2","lengthMiles":0.2,"widthYards":50,"deaths":0,"injuries":0,"propertyDamage":0,"cropDamage":0,"source":"","dataSource":"PUB"}},{"type":"Feature","geometry":{"type":"LineString","coordinates":[[-99.98,31.68],[-99.98,31.68]]},"properties":{"id":"ncei-1973-10134132","eventId":"10134132","episodeId":"","year":1973,"month":4,"date":"1973-04-22","beginTime":"1973-04-22T13:34:00","endTime":"1973-04-22T13:34:00","timezone":"CST","state":"TX","stateName":"Texas","county":"Runnels","countyFips":"399","wfo":"","scale":2,"scaleLabel":"F2","lengthMiles":0.2,"widthYards":50,"deaths":0,"injuries":0,"propertyDamage":0,"cropDamage":0,"source":"","dataSource":"PUB"}},{"type":"Feature","geometry":{"type":"LineString","coordinates":[[-100.17,31.52],[-100.17,31.52]]},"properties":{"id":"ncei-1973-10134140","eventId":"10134140","episodeId":"","year":1973,"month":4,"date":"1973-04-23","beginTime":"1973-04-23T16:00:00","endTime":"1973-04-23T16:00:00","timezone":"CST","state":"TX","stateName":"Texas","county":"Runnels","countyFips":"399","wfo":"","scale":1,"scaleLabel":"F1","lengthMiles":1,"widthYards":333,"deaths":0,"injuries":0,"propertyDamage":0,"cropDamage":0,"source":"","dataSource":"PUB"}},{"type":"Feature","geometry":{"type":"LineString","coordinates":[[-97.38,32.37],[-97.38,32.37]]},"properties":{"id":"ncei-1973-10134145","eventId":"10134145","episodeId":"","year":1973,"month":4,"date":"1973-04-23","beginTime":"1973-04-23T17:00:00","endTime":"1973-04-23T17:00:00","timezone":"CST","state":"TX","stateName":"Texas","county":"Johnson","countyFips":"251","wfo":"","scale":3,"scaleLabel":"F3","lengthMiles":2.5,"widthYards":333,"deaths":0,"injuries":3,"propertyDamage":0,"cropDamage":0,"source":"","dataSource":"PUB"}},{"type":"Feature","geometry":{"type":"LineString","coordinates":[[-102.63,33.68],[-102.58,33.68]]},"properties":{"id":"ncei-1973-10134150","eventId":"10134150","episodeId":"","year":1973,"month":4,"date":"1973-04-23","beginTime":"1973-04-23T19:40:00","endTime":"1973-04-23T19:40:00","timezone":"CST","state":"TX","stateName":"Texas","county":"Cochran","countyFips":"79","wfo":"","scale":1,"scaleLabel":"F1","lengthMiles":3,"widthYards":20,"deaths":0,"injuries":0,"propertyDamage":2500,"cropDamage":0,"source":"","dataSource":"PUB"}},{"type":"Feature","geometry":{"type":"LineString","coordinates":[[-102.63,33.68],[-102.58,33.68]]},"properties":{"id":"ncei-1973-10134151","eventId":"10134151","episodeId":"","year":1973,"month":4,"date":"1973-04-23","beginTime":"1973-04-23T19:40:00","endTime":"1973-04-23T19:40:00","timezone":"CST","state":"TX","stateName":"Texas","county":"Cochran","countyFips":"79","wfo":"","scale":1,"scaleLabel":"F1","lengthMiles":3,"widthYards":20,"deaths":0,"injuries":0,"propertyDamage":2500,"cropDamage":0,"source":"","dataSource":"PUB"}},{"type":"Feature","geometry":{"type":"LineString","coordinates":[[-100.25,35.27],[-100.25,35.27]]},"properties":{"id":"ncei-1973-10134153","eventId":"10134153","episodeId":"","year":1973,"month":4,"date":"1973-04-23","beginTime":"1973-04-23T21:45:00","endTime":"1973-04-23T21:45:00","timezone":"CST","state":"TX","stateName":"Texas","county":"Wheeler","countyFips":"483","wfo":"","scale":2,"scaleLabel":"F2","lengthMiles":0.3,"widthYards":100,"deaths":0,"injuries":0,"propertyDamage":250000,"cropDamage":0,"source":"","dataSource":"PUB"}},{"type":"Feature","geometry":{"type":"LineString","coordinates":[[-94.1,33.4],[-94.1,33.4]]},"properties":{"id":"ncei-1973-10134156","eventId":"10134156","episodeId":"","year":1973,"month":4,"date":"1973-04-24","beginTime":"1973-04-24T05:45:00","endTime":"1973-04-24T05:45:00","timezone":"CST","state":"TX","stateName":"Texas","county":"Bowie","countyFips":"37","wfo":"","scale":2,"scaleLabel":"F2","lengthMiles":2,"widthYards":300,"deaths":0,"injuries":8,"propertyDamage":2500000,"cropDamage":0,"source":"","dataSource":"PUB"}},{"type":"Feature","geometry":{"type":"LineString","coordinates":[[-95.45,32.32],[-95.45,32.32]]},"properties":{"id":"ncei-1973-10134159","eventId":"10134159","episodeId":"","year":1973,"month":4,"date":"1973-04-24","beginTime":"1973-04-24T16:30:00","endTime":"1973-04-24T16:30:00","timezone":"CST","state":"TX","stateName":"Texas","county":"Hunt","countyFips":"231","wfo":"","scale":1,"scaleLabel":"F1","lengthMiles":0.3,"widthYards":50,"deaths":0,"injuries":0,"propertyDamage":2500,"cropDamage":0,"source":"","dataSource":"PUB"}},{"type":"Feature","geometry":{"type":"LineString","coordinates":[[-101.98,33.88],[-101.98,33.88]]},"properties":{"id":"ncei-1973-10134160","eventId":"10134160","episodeId":"","year":1973,"month":4,"date":"1973-04-24","beginTime":"1973-04-24T21:40:00","endTime":"1973-04-24T21:40:00","timezone":"CST","state":"TX","stateName":"Texas","county":"Hale","countyFips":"189","wfo":"","scale":1,"scaleLabel":"F1","lengthMiles":0.3,"widthYards":17,"deaths":0,"injuries":0,"propertyDamage":0,"cropDamage":0,"source":"","dataSource":"PUB"}},{"type":"Feature","geometry":{"type":"LineString","coordinates":[[-95.02,29.8],[-94.98,29.73]]},"properties":{"id":"ncei-1973-10134184","eventId":"10134184","episodeId":"","year":1973,"month":4,"date":"1973-04-26","beginTime":"1973-04-26T00:30:00","endTime":"1973-04-26T00:30:00","timezone":"CST","state":"TX","stateName":"Texas","county":"Harris","countyFips":"201","wfo":"","scale":2,"scaleLabel":"F2","lengthMiles":5.2,"widthYards":100,"deaths":0,"injuries":0,"propertyDamage":0,"cropDamage":0,"source":"","dataSource":"PUB"}},{"type":"Feature","geometry":{"type":"LineString","coordinates":[[-103.02,30.87],[-103.02,30.87]]},"properties":{"id":"ncei-1973-10135054","eventId":"10135054","episodeId":"","year":1973,"month":4,"date":"1973-04-28","beginTime":"1973-04-28T15:15:00","endTime":"1973-04-28T15:15:00","timezone":"CST","state":"TX","stateName":"Texas","county":"Pecos","countyFips":"371","wfo":"","scale":1,"scaleLabel":"F1","lengthMiles":0.3,"widthYards":17,"deaths":0,"injuries":0,"propertyDamage":0,"cropDamage":0,"source":"","dataSource":"PUB"}},{"type":"Feature","geometry":{"type":"LineString","coordinates":[[-101.2,35.4],[-101.2,35.4]]},"properties":{"id":"ncei-1973-10135055","eventId":"10135055","episodeId":"","year":1973,"month":4,"date":"1973-04-30","beginTime":"1973-04-30T17:40:00","endTime":"1973-04-30T17:40:00","timezone":"CST","state":"TX","stateName":"Texas","county":"Carson","countyFips":"65","wfo":"","scale":2,"scaleLabel":"F2","lengthMiles":0.5,"widthYards":100,"deaths":0,"injuries":3,"propertyDamage":250000,"cropDamage":0,"source":"","dataSource":"PUB"}},{"type":"Feature","geometry":{"type":"LineString","coordinates":[[-96.77,32.88],[-96.77,32.88]]},"properties":{"id":"ncei-1973-10135057","eventId":"10135057","episodeId":"","year":1973,"month":5,"date":"1973-05-01","beginTime":"1973-05-01T13:45:00","endTime":"1973-05-01T13:45:00","timezone":"CST","state":"TX","stateName":"Texas","county":"Dallas","countyFips":"113","wfo":"","scale":1,"scaleLabel":"F1","lengthMiles":0.3,"widthYards":20,"deaths":0,"injuries":0,"propertyDamage":25000,"cropDamage":0,"source":"","dataSource":"PUB"}},{"type":"Feature","geometry":{"type":"LineString","coordinates":[[-97.92,32.88],[-97.92,32.88]]},"properties":{"id":"ncei-1973-10135061","eventId":"10135061","episodeId":"","year":1973,"month":5,"date":"1973-05-06","beginTime":"1973-05-06T15:40:00","endTime":"1973-05-06T15:40:00","timezone":"CST","state":"TX","stateName":"Texas","county":"Parker","countyFips":"367","wfo":"","scale":2,"scaleLabel":"F2","lengthMiles":1,"widthYards":50,"deaths":0,"injuries":0,"propertyDamage":25000,"cropDamage":0,"source":"","dataSource":"PUB"}},{"type":"Feature","geometry":{"type":"LineString","coordinates":[[-97.88,32.83],[-97.88,32.83]]},"properties":{"id":"ncei-1973-10135062","eventId":"10135062","episodeId":"","year":1973,"month":5,"date":"1973-05-06","beginTime":"1973-05-06T17:01:00","endTime":"1973-05-06T17:01:00","timezone":"CST","state":"TX","stateName":"Texas","county":"Parker","countyFips":"367","wfo":"","scale":2,"scaleLabel":"F2","lengthMiles":1,"widthYards":100,"deaths":0,"injuries":3,"propertyDamage":25000,"cropDamage":0,"source":"","dataSource":"PUB"}},{"type":"Feature","geometry":{"type":"LineString","coordinates":[[-95.23,29.03],[-95.22,29.05]]},"properties":{"id":"ncei-1973-10135123","eventId":"10135123","episodeId":"","year":1973,"month":6,"date":"1973-06-05","beginTime":"1973-06-05T18:55:00","endTime":"1973-06-05T18:55:00","timezone":"CST","state":"TX","stateName":"Texas","county":"Brazoria","countyFips":"39","wfo":"","scale":1,"scaleLabel":"F1","lengthMiles":1.9,"widthYards":50,"deaths":0,"injuries":0,"propertyDamage":0,"cropDamage":0,"source":"","dataSource":"PUB"}},{"type":"Feature","geometry":{"type":"LineString","coordinates":[[-95.45,29.52],[-95.45,29.52]]},"properties":{"id":"ncei-1973-10135127","eventId":"10135127","episodeId":"","year":1973,"month":6,"date":"1973-06-11","beginTime":"1973-06-11T15:20:00","endTime":"1973-06-11T15:20:00","timezone":"CST","state":"TX","stateName":"Texas","county":"Fort Bend","countyFips":"157","wfo":"","scale":1,"scaleLabel":"F1","lengthMiles":0,"widthYards":33,"deaths":0,"injuries":0,"propertyDamage":0,"cropDamage":0,"source":"","dataSource":"PUB"}},{"type":"Feature","geometry":{"type":"LineString","coordinates":[[-94.2,29.95],[-94.13,29.87]]},"properties":{"id":"ncei-1973-10135129","eventId":"10135129","episodeId":"","year":1973,"month":6,"date":"1973-06-11","beginTime":"1973-06-11T21:05:00","endTime":"1973-06-11T21:05:00","timezone":"CST","state":"TX","stateName":"Texas","county":"Jefferson","countyFips":"245","wfo":"","scale":1,"scaleLabel":"F1","lengthMiles":7.2,"widthYards":50,"deaths":0,"injuries":0,"propertyDamage":2500000,"cropDamage":0,"source":"","dataSource":"PUB"}},{"type":"Feature","geometry":{"type":"LineString","coordinates":[[-95.13,29.55],[-95.17,29.57]]},"properties":{"id":"ncei-1973-10135131","eventId":"10135131","episodeId":"","year":1973,"month":6,"date":"1973-06-12","beginTime":"1973-06-12T07:30:00","endTime":"1973-06-12T07:30:00","timezone":"CST","state":"TX","stateName":"Texas","county":"Harris","countyFips":"201","wfo":"","scale":1,"scaleLabel":"F1","lengthMiles":2.7,"widthYards":33,"deaths":0,"injuries":0,"propertyDamage":25000,"cropDamage":0,"source":"","dataSource":"PUB"}},{"type":"Feature","geometry":{"type":"LineString","coordinates":[[-95.23,29.68],[-95.22,29.78]]},"properties":{"id":"ncei-1973-10135132","eventId":"10135132","episodeId":"","year":1973,"month":6,"date":"1973-06-12","beginTime":"1973-06-12T07:30:00","endTime":"1973-06-12T07:30:00","timezone":"CST","state":"TX","stateName":"Texas","county":"Harris","countyFips":"201","wfo":"","scale":1,"scaleLabel":"F1","lengthMiles":7.1,"widthYards":33,"deaths":0,"injuries":0,"propertyDamage":25000,"cropDamage":0,"source":"","dataSource":"PUB"}},{"type":"Feature","geometry":{"type":"LineString","coordinates":[[-94.18,30.25],[-94.18,30.25]]},"properties":{"id":"ncei-1973-10135134","eventId":"10135134","episodeId":"","year":1973,"month":6,"date":"1973-06-12","beginTime":"1973-06-12T15:35:00","endTime":"1973-06-12T15:35:00","timezone":"CST","state":"TX","stateName":"Texas","county":"Hardin","countyFips":"199","wfo":"","scale":0,"scaleLabel":"F0","lengthMiles":0,"widthYards":33,"deaths":0,"injuries":0,"propertyDamage":0,"cropDamage":0,"source":"","dataSource":"PUB"}},{"type":"Feature","geometry":{"type":"LineString","coordinates":[[-96.4,29.43],[-96.4,29.43]]},"properties":{"id":"ncei-1973-10135135","eventId":"10135135","episodeId":"","year":1973,"month":6,"date":"1973-06-13","beginTime":"1973-06-13T05:50:00","endTime":"1973-06-13T05:50:00","timezone":"CST","state":"TX","stateName":"Texas","county":"Colorado","countyFips":"89","wfo":"","scale":0,"scaleLabel":"F0","lengthMiles":0,"widthYards":33,"deaths":0,"injuries":0,"propertyDamage":0,"cropDamage":0,"source":"","dataSource":"PUB"}},{"type":"Feature","geometry":{"type":"LineString","coordinates":[[-97.33,32.55],[-97.33,32.55]]},"properties":{"id":"ncei-1973-10135280","eventId":"10135280","episodeId":"","year":1973,"month":5,"date":"1973-05-06","beginTime":"1973-05-06T19:15:00","endTime":"1973-05-06T19:15:00","timezone":"CST","state":"TX","stateName":"Texas","county":"Johnson","countyFips":"251","wfo":"","scale":2,"scaleLabel":"F2","lengthMiles":12,"widthYards":100,"deaths":0,"injuries":0,"propertyDamage":250000,"cropDamage":0,"source":"","dataSource":"PUB"}},{"type":"Feature","geometry":{"type":"LineString","coordinates":[[-97.48,31.63],[-97.35,31.73]]},"properties":{"id":"ncei-1973-10135281","eventId":"10135281","episodeId":"","year":1973,"month":5,"date":"1973-05-06","beginTime":"1973-05-06T19:25:00","endTime":"1973-05-06T19:25:00","timezone":"CST","state":"TX","stateName":"Texas","county":"Mclennan","countyFips":"309","wfo":"","scale":5,"scaleLabel":"F5","lengthMiles":10.6,"widthYards":100,"deaths":0,"injuries":0,"propertyDamage":0,"cropDamage":0,"source":"","dataSource":"PUB"}},{"type":"Feature","geometry":{"type":"LineString","coordinates":[[-96.18,33.58],[-96.18,33.58]]},"properties":{"id":"ncei-1973-10135282","eventId":"10135282","episodeId":"","year":1973,"month":5,"date":"1973-05-06","beginTime":"1973-05-06T19:30:00","endTime":"1973-05-06T19:30:00","timezone":"CST","state":"TX","stateName":"Texas","county":"Fannin","countyFips":"147","wfo":"","scale":2,"scaleLabel":"F2","lengthMiles":0.1,"widthYards":20,"deaths":0,"injuries":0,"propertyDamage":25000,"cropDamage":0,"source":"","dataSource":"PUB"}},{"type":"Feature","geometry":{"type":"LineString","coordinates":[[-97.12,32.75],[-97.12,32.75]]},"properties":{"id":"ncei-1973-10135284","eventId":"10135284","episodeId":"","year":1973,"month":5,"date":"1973-05-06","beginTime":"1973-05-06T20:20:00","endTime":"1973-05-06T20:20:00","timezone":"CST","state":"TX","stateName":"Texas","county":"Tarrant","countyFips":"439","wfo":"","scale":2,"scaleLabel":"F2","lengthMiles":2.5,"widthYards":150,"deaths":0,"injuries":0,"propertyDamage":250000,"cropDamage":0,"source":"","dataSource":"PUB"}},{"type":"Feature","geometry":{"type":"LineString","coordinates":[[-95.92,33.8],[-95.92,33.8]]},"properties":{"id":"ncei-1973-10135286","eventId":"10135286","episodeId":"","year":1973,"month":5,"date":"1973-05-06","beginTime":"1973-05-06T21:30:00","endTime":"1973-05-06T21:30:00","timezone":"CST","state":"TX","stateName":"Texas","county":"Fannin","countyFips":"147","wfo":"","scale":2,"scaleLabel":"F2","lengthMiles":0.5,"widthYards":67,"deaths":0,"injuries":3,"propertyDamage":250000,"cropDamage":0,"source":"","dataSource":"PUB"}},{"type":"Feature","geometry":{"type":"LineString","coordinates":[[-97.67,32.97],[-97.67,32.97]]},"properties":{"id":"ncei-1973-10135294","eventId":"10135294","episodeId":"","year":1973,"month":5,"date":"1973-05-11","beginTime":"1973-05-11T18:30:00","endTime":"1973-05-11T18:30:00","timezone":"CST","state":"TX","stateName":"Texas","county":"Parker","countyFips":"367","wfo":"","scale":1,"scaleLabel":"F1","lengthMiles":2,"widthYards":440,"deaths":0,"injuries":0,"propertyDamage":25000,"cropDamage":0,"source":"","dataSource":"PUB"}},{"type":"Feature","geometry":{"type":"LineString","coordinates":[[-98.02,32.75],[-98.02,32.75]]},"properties":{"id":"ncei-1973-10135300","eventId":"10135300","episodeId":"","year":1973,"month":5,"date":"1973-05-11","beginTime":"1973-05-11T19:20:00","endTime":"1973-05-11T19:20:00","timezone":"CST","state":"TX","stateName":"Texas","county":"Parker","countyFips":"367","wfo":"","scale":1,"scaleLabel":"F1","lengthMiles":2,"widthYards":20,"deaths":0,"injuries":0,"propertyDamage":2500,"cropDamage":0,"source":"","dataSource":"PUB"}},{"type":"Feature","geometry":{"type":"LineString","coordinates":[[-97.45,32.92],[-97.42,32.8]]},"properties":{"id":"ncei-1973-10135302","eventId":"10135302","episodeId":"","year":1973,"month":5,"date":"1973-05-11","beginTime":"1973-05-11T19:29:00","endTime":"1973-05-11T19:29:00","timezone":"CST","state":"TX","stateName":"Texas","county":"Tarrant","countyFips":"439","wfo":"","scale":2,"scaleLabel":"F2","lengthMiles":8.4,"widthYards":200,"deaths":0,"injuries":0,"propertyDamage":250000,"cropDamage":0,"source":"","dataSource":"PUB"}},{"type":"Feature","geometry":{"type":"LineString","coordinates":[[-102.32,31.85],[-102.32,31.85]]},"properties":{"id":"ncei-1973-10135308","eventId":"10135308","episodeId":"","year":1973,"month":5,"date":"1973-05-12","beginTime":"1973-05-12T03:20:00","endTime":"1973-05-12T03:20:00","timezone":"CST","state":"TX","stateName":"Texas","county":"Ector","countyFips":"135","wfo":"","scale":2,"scaleLabel":"F2","lengthMiles":1,"widthYards":120,"deaths":0,"injuries":0,"propertyDamage":250000,"cropDamage":0,"source":"","dataSource":"PUB"}},{"type":"Feature","geometry":{"type":"LineString","coordinates":[[-102.6,33.43],[-102.57,33.45]]},"properties":{"id":"ncei-1973-10135309","eventId":"10135309","episodeId":"","year":1973,"month":5,"date":"1973-05-14","beginTime":"1973-05-14T14:50:00","endTime":"1973-05-14T14:50:00","timezone":"CST","state":"TX","stateName":"Texas","county":"Cochran","countyFips":"79","wfo":"","scale":1,"scaleLabel":"F1","lengthMiles":2.3,"widthYards":27,"deaths":0,"injuries":0,"propertyDamage":0,"cropDamage":0,"source":"","dataSource":"PUB"}},{"type":"Feature","geometry":{"type":"LineString","coordinates":[[-102.2,33.57],[-102.2,33.57]]},"properties":{"id":"ncei-1973-10135310","eventId":"10135310","episodeId":"","year":1973,"month":5,"date":"1973-05-14","beginTime":"1973-05-14T15:30:00","endTime":"1973-05-14T15:30:00","timezone":"CST","state":"TX","stateName":"Texas","county":"Hockley","countyFips":"219","wfo":"","scale":0,"scaleLabel":"F0","lengthMiles":0.3,"widthYards":20,"deaths":0,"injuries":0,"propertyDamage":0,"cropDamage":0,"source":"","dataSource":"PUB"}},{"type":"Feature","geometry":{"type":"LineString","coordinates":[[-101.75,35.1],[-101.75,35.1]]},"properties":{"id":"ncei-1973-10135319","eventId":"10135319","episodeId":"","year":1973,"month":5,"date":"1973-05-22","beginTime":"1973-05-22T17:10:00","endTime":"1973-05-22T17:10:00","timezone":"CST","state":"TX","stateName":"Texas","county":"Randall","countyFips":"381","wfo":"","scale":1,"scaleLabel":"F1","lengthMiles":0.3,"widthYards":20,"deaths":0,"injuries":0,"propertyDamage":0,"cropDamage":0,"source":"","dataSource":"PUB"}},{"type":"Feature","geometry":{"type":"LineString","coordinates":[[-102,34.18],[-102,34.18]]},"properties":{"id":"ncei-1973-10135324","eventId":"10135324","episodeId":"","year":1973,"month":5,"date":"1973-05-22","beginTime":"1973-05-22T18:20:00","endTime":"1973-05-22T18:20:00","timezone":"CST","state":"TX","stateName":"Texas","county":"Hale","countyFips":"189","wfo":"","scale":1,"scaleLabel":"F1","lengthMiles":1,"widthYards":17,"deaths":0,"injuries":0,"propertyDamage":0,"cropDamage":0,"source":"","dataSource":"PUB"}},{"type":"Feature","geometry":{"type":"LineString","coordinates":[[-100.02,31.82],[-100.02,31.82]]},"properties":{"id":"ncei-1973-10135332","eventId":"10135332","episodeId":"","year":1973,"month":5,"date":"1973-05-22","beginTime":"1973-05-22T22:55:00","endTime":"1973-05-22T22:55:00","timezone":"CST","state":"TX","stateName":"Texas","county":"Runnels","countyFips":"399","wfo":"","scale":2,"scaleLabel":"F2","lengthMiles":2,"widthYards":33,"deaths":0,"injuries":0,"propertyDamage":2500,"cropDamage":0,"source":"","dataSource":"PUB"}},{"type":"Feature","geometry":{"type":"LineString","coordinates":[[-96.98,28.17],[-96.98,28.17]]},"properties":{"id":"ncei-1973-10135351","eventId":"10135351","episodeId":"","year":1973,"month":6,"date":"1973-06-13","beginTime":"1973-06-13T06:20:00","endTime":"1973-06-13T06:20:00","timezone":"CST","state":"TX","stateName":"Texas","county":"Aransas","countyFips":"7","wfo":"","scale":1,"scaleLabel":"F1","lengthMiles":0.1,"widthYards":33,"deaths":0,"injuries":0,"propertyDamage":2500,"cropDamage":0,"source":"","dataSource":"PUB"}},{"type":"Feature","geometry":{"type":"LineString","coordinates":[[-96.33,29.15],[-96.25,29.23]]},"properties":{"id":"ncei-1973-10135352","eventId":"10135352","episodeId":"","year":1973,"month":6,"date":"1973-06-13","beginTime":"1973-06-13T07:15:00","endTime":"1973-06-13T07:15:00","timezone":"CST","state":"TX","stateName":"Texas","county":"Wharton","countyFips":"481","wfo":"","scale":1,"scaleLabel":"F1","lengthMiles":7.8,"widthYards":33,"deaths":0,"injuries":0,"propertyDamage":2500,"cropDamage":0,"source":"","dataSource":"PUB"}},{"type":"Feature","geometry":{"type":"LineString","coordinates":[[-96.82,28.55],[-96.77,28.65]]},"properties":{"id":"ncei-1973-10135353","eventId":"10135353","episodeId":"","year":1973,"month":6,"date":"1973-06-13","beginTime":"1973-06-13T07:45:00","endTime":"1973-06-13T07:45:00","timezone":"CST","state":"TX","stateName":"Texas","county":"Calhoun","countyFips":"57","wfo":"","scale":1,"scaleLabel":"F1","lengthMiles":7.8,"widthYards":33,"deaths":0,"injuries":0,"propertyDamage":2500,"cropDamage":0,"source":"","dataSource":"PUB"}},{"type":"Feature","geometry":{"type":"LineString","coordinates":[[-97.42,27.75],[-97.35,27.73]]},"properties":{"id":"ncei-1973-10135354","eventId":"10135354","episodeId":"","year":1973,"month":6,"date":"1973-06-13","beginTime":"1973-06-13T12:20:00","endTime":"1973-06-13T12:20:00","timezone":"CST","state":"TX","stateName":"Texas","county":"Nueces","countyFips":"355","wfo":"","scale":0,"scaleLabel":"F0","lengthMiles":4.5,"widthYards":33,"deaths":0,"injuries":0,"propertyDamage":0,"cropDamage":0,"source":"","dataSource":"PUB"}},{"type":"Feature","geometry":{"type":"LineString","coordinates":[[-97.5,27.95],[-97.5,27.95]]},"properties":{"id":"ncei-1973-10135355","eventId":"10135355","episodeId":"","year":1973,"month":6,"date":"1973-06-13","beginTime":"1973-06-13T12:25:00","endTime":"1973-06-13T12:25:00","timezone":"CST","state":"TX","stateName":"Texas","county":"San Patricio","countyFips":"409","wfo":"","scale":0,"scaleLabel":"F0","lengthMiles":0,"widthYards":33,"deaths":0,"injuries":0,"propertyDamage":2500,"cropDamage":0,"source":"","dataSource":"PUB"}},{"type":"Feature","geometry":{"type":"LineString","coordinates":[[-97.33,32.75],[-97.33,32.75]]},"properties":{"id":"ncei-1973-10135372","eventId":"10135372","episodeId":"","year":1973,"month":6,"date":"1973-06-19","beginTime":"1973-06-19T18:30:00","endTime":"1973-06-19T18:30:00","timezone":"CST","state":"TX","stateName":"Texas","county":"Tarrant","countyFips":"439","wfo":"","scale":2,"scaleLabel":"F2","lengthMiles":0.3,"widthYards":500,"deaths":0,"injuries":0,"propertyDamage":250000,"cropDamage":0,"source":"","dataSource":"PUB"}},{"type":"Feature","geometry":{"type":"LineString","coordinates":[[-95.27,29.3],[-95.27,29.3]]},"properties":{"id":"ncei-1973-10135374","eventId":"10135374","episodeId":"","year":1973,"month":6,"date":"1973-06-20","beginTime":"1973-06-20T12:30:00","endTime":"1973-06-20T12:30:00","timezone":"CST","state":"TX","stateName":"Texas","county":"Brazoria","countyFips":"39","wfo":"","scale":1,"scaleLabel":"F1","lengthMiles":0.2,"widthYards":33,"deaths":0,"injuries":0,"propertyDamage":25000,"cropDamage":0,"source":"","dataSource":"PUB"}},{"type":"Feature","geometry":{"type":"LineString","coordinates":[[-94.23,30.07],[-94.23,30.07]]},"properties":{"id":"ncei-1973-10135375","eventId":"10135375","episodeId":"","year":1973,"month":6,"date":"1973-06-20","beginTime":"1973-06-20T14:10:00","endTime":"1973-06-20T14:10:00","timezone":"CST","state":"TX","stateName":"Texas","county":"Jefferson","countyFips":"245","wfo":"","scale":0,"scaleLabel":"F0","lengthMiles":0.1,"widthYards":10,"deaths":0,"injuries":0,"propertyDamage":25000,"cropDamage":0,"source":"","dataSource":"PUB"}},{"type":"Feature","geometry":{"type":"LineString","coordinates":[[-97.6,26.78],[-97.6,26.78]]},"properties":{"id":"ncei-1973-10135376","eventId":"10135376","episodeId":"","year":1973,"month":6,"date":"1973-06-26","beginTime":"1973-06-26T09:00:00","endTime":"1973-06-26T09:00:00","timezone":"CST","state":"TX","stateName":"Texas","county":"Kenedy","countyFips":"261","wfo":"","scale":0,"scaleLabel":"F0","lengthMiles":0,"widthYards":33,"deaths":0,"injuries":0,"propertyDamage":0,"cropDamage":0,"source":"","dataSource":"PUB"}},{"type":"Feature","geometry":{"type":"LineString","coordinates":[[-101.77,34.62],[-101.75,34.55]]},"properties":{"id":"ncei-1973-10135380","eventId":"10135380","episodeId":"","year":1973,"month":6,"date":"1973-06-29","beginTime":"1973-06-29T18:24:00","endTime":"1973-06-29T18:24:00","timezone":"CST","state":"TX","stateName":"Texas","county":"Swisher","countyFips":"437","wfo":"","scale":1,"scaleLabel":"F1","lengthMiles":4.7,"widthYards":50,"deaths":0,"injuries":0,"propertyDamage":0,"cropDamage":0,"source":"","dataSource":"PUB"}},{"type":"Feature","geometry":{"type":"LineString","coordinates":[[-97,29.65],[-97,29.65]]},"properties":{"id":"ncei-1973-10135388","eventId":"10135388","episodeId":"","year":1973,"month":7,"date":"1973-07-06","beginTime":"1973-07-06T20:30:00","endTime":"1973-07-06T20:30:00","timezone":"CST","state":"TX","stateName":"Texas","county":"Fayette","countyFips":"149","wfo":"","scale":0,"scaleLabel":"F0","lengthMiles":0,"widthYards":33,"deaths":0,"injuries":0,"propertyDamage":0,"cropDamage":0,"source":"","dataSource":"PUB"}},{"type":"Feature","geometry":{"type":"LineString","coordinates":[[-94.2,29.68],[-94.2,29.68]]},"properties":{"id":"ncei-1973-10135389","eventId":"10135389","episodeId":"","year":1973,"month":7,"date":"1973-07-07","beginTime":"1973-07-07T08:50:00","endTime":"1973-07-07T08:50:00","timezone":"CST","state":"TX","stateName":"Texas","county":"Jefferson","countyFips":"245","wfo":"","scale":0,"scaleLabel":"F0","lengthMiles":0.1,"widthYards":17,"deaths":0,"injuries":0,"propertyDamage":0,"cropDamage":0,"source":"","dataSource":"PUB"}},{"type":"Feature","geometry":{"type":"LineString","coordinates":[[-99.83,33.02],[-99.83,33.02]]},"properties":{"id":"ncei-1973-10135392","eventId":"10135392","episodeId":"","year":1973,"month":7,"date":"1973-07-12","beginTime":"1973-07-12T18:00:00","endTime":"1973-07-12T18:00:00","timezone":"CST","state":"TX","stateName":"Texas","county":"Haskell","countyFips":"207","wfo":"","scale":0,"scaleLabel":"F0","lengthMiles":0,"widthYards":33,"deaths":0,"injuries":0,"propertyDamage":0,"cropDamage":0,"source":"","dataSource":"PUB"}},{"type":"Feature","geometry":{"type":"LineString","coordinates":[[-94.17,30.42],[-94.15,30.42]]},"properties":{"id":"ncei-1973-10135397","eventId":"10135397","episodeId":"","year":1973,"month":7,"date":"1973-07-25","beginTime":"1973-07-25T14:25:00","endTime":"1973-07-25T14:25:00","timezone":"CST","state":"TX","stateName":"Texas","county":"Hardin","countyFips":"199","wfo":"","scale":1,"scaleLabel":"F1","lengthMiles":1.3,"widthYards":17,"deaths":0,"injuries":0,"propertyDamage":0,"cropDamage":0,"source":"","dataSource":"PUB"}},{"type":"Feature","geometry":{"type":"LineString","coordinates":[[-102.05,33.65],[-102.03,33.6]]},"properties":{"id":"ncei-1973-10135401","eventId":"10135401","episodeId":"","year":1973,"month":8,"date":"1973-08-02","beginTime":"1973-08-02T17:55:00","endTime":"1973-08-02T17:55:00","timezone":"CST","state":"TX","stateName":"Texas","county":"Hockley","countyFips":"219","wfo":"","scale":1,"scaleLabel":"F1","lengthMiles":3.8,"widthYards":13,"deaths":0,"injuries":0,"propertyDamage":0,"cropDamage":0,"source":"","dataSource":"PUB"}},{"type":"Feature","geometry":{"type":"LineString","coordinates":[[-101.2,35.6],[-101.2,35.6]]},"properties":{"id":"ncei-1973-10135404","eventId":"10135404","episodeId":"","year":1973,"month":8,"date":"1973-08-08","beginTime":"1973-08-08T16:57:00","endTime":"1973-08-08T16:57:00","timezone":"CST","state":"TX","stateName":"Texas","county":"Hutchinson","countyFips":"233","wfo":"","scale":1,"scaleLabel":"F1","lengthMiles":0,"widthYards":33,"deaths":0,"injuries":0,"propertyDamage":0,"cropDamage":0,"source":"","dataSource":"PUB"}},{"type":"Feature","geometry":{"type":"LineString","coordinates":[[-94.03,29.92],[-94.03,29.92]]},"properties":{"id":"ncei-1973-10135408","eventId":"10135408","episodeId":"","year":1973,"month":8,"date":"1973-08-09","beginTime":"1973-08-09T12:46:00","endTime":"1973-08-09T12:46:00","timezone":"CST","state":"TX","stateName":"Texas","county":"Jefferson","countyFips":"245","wfo":"","scale":0,"scaleLabel":"F0","lengthMiles":0.1,"widthYards":17,"deaths":0,"injuries":0,"propertyDamage":2500,"cropDamage":0,"source":"","dataSource":"PUB"}},{"type":"Feature","geometry":{"type":"LineString","coordinates":[[-94.38,31.88],[-94.27,32.07]]},"properties":{"id":"ncei-1973-10136129","eventId":"10136129","episodeId":"","year":1973,"month":1,"date":"1973-01-20","beginTime":"1973-01-20T14:10:00","endTime":"1973-01-20T14:10:00","timezone":"CST","state":"TX","stateName":"Texas","county":"Shelby","countyFips":"419","wfo":"","scale":1,"scaleLabel":"F1","lengthMiles":14.5,"widthYards":200,"deaths":0,"injuries":0,"propertyDamage":250000,"cropDamage":0,"source":"","dataSource":"PUB"}},{"type":"Feature","geometry":{"type":"LineString","coordinates":[[-94.38,31.88],[-94.23,32.1]]},"properties":{"id":"ncei-1973-10136130","eventId":"10136130","episodeId":"","year":1973,"month":1,"date":"1973-01-20","beginTime":"1973-01-20T14:15:00","endTime":"1973-01-20T14:15:00","timezone":"CST","state":"TX","stateName":"Texas","county":"Shelby","countyFips":"419","wfo":"","scale":1,"scaleLabel":"F1","lengthMiles":17.3,"widthYards":200,"deaths":0,"injuries":0,"propertyDamage":250000,"cropDamage":0,"source":"","dataSource":"PUB"}},{"type":"Feature","geometry":{"type":"LineString","coordinates":[[-95.43,32.57],[-95.43,32.57]]},"properties":{"id":"ncei-1973-10136131","eventId":"10136131","episodeId":"","year":1973,"month":1,"date":"1973-01-20","beginTime":"1973-01-20T14:30:00","endTime":"1973-01-20T14:30:00","timezone":"CST","state":"TX","stateName":"Texas","county":"Smith","countyFips":"423","wfo":"","scale":1,"scaleLabel":"F1","lengthMiles":0.3,"widthYards":200,"deaths":0,"injuries":0,"propertyDamage":2500,"cropDamage":0,"source":"","dataSource":"PUB"}},{"type":"Feature","geometry":{"type":"LineString","coordinates":[[-95.28,32.15],[-95.28,32.15]]},"properties":{"id":"ncei-1973-10136132","eventId":"10136132","episodeId":"","year":1973,"month":1,"date":"1973-01-20","beginTime":"1973-01-20T15:15:00","endTime":"1973-01-20T15:15:00","timezone":"CST","state":"TX","stateName":"Texas","county":"Smith","countyFips":"423","wfo":"","scale":2,"scaleLabel":"F2","lengthMiles":0.5,"widthYards":100,"deaths":0,"injuries":1,"propertyDamage":25000,"cropDamage":0,"source":"","dataSource":"PUB"}},{"type":"Feature","geometry":{"type":"LineString","coordinates":[[-99.43,31.12],[-99.43,31.12]]},"properties":{"id":"ncei-1973-10136133","eventId":"10136133","episodeId":"","year":1973,"month":1,"date":"1973-01-20","beginTime":"1973-01-20T18:00:00","endTime":"1973-01-20T18:00:00","timezone":"CST","state":"TX","stateName":"Texas","county":"Mcculloch","countyFips":"307","wfo":"","scale":1,"scaleLabel":"F1","lengthMiles":0.5,"widthYards":20,"deaths":0,"injuries":0,"propertyDamage":2500,"cropDamage":0,"source":"","dataSource":"PUB"}},{"type":"Feature","geometry":{"type":"LineString","coordinates":[[-98.78,31.2],[-98.73,31.23]]},"properties":{"id":"ncei-1973-10136134","eventId":"10136134","episodeId":"","year":1973,"month":1,"date":"1973-01-20","beginTime":"1973-01-20T18:15:00","endTime":"1973-01-20T18:15:00","timezone":"CST","state":"TX","stateName":"Texas","county":"San Saba","countyFips":"411","wfo":"","scale":1,"scaleLabel":"F1","lengthMiles":4.3,"widthYards":440,"deaths":0,"injuries":0,"propertyDamage":2500,"cropDamage":0,"source":"","dataSource":"PUB"}},{"type":"Feature","geometry":{"type":"LineString","coordinates":[[-98.83,30.25],[-98.83,30.25]]},"properties":{"id":"ncei-1973-10136135","eventId":"10136135","episodeId":"","year":1973,"month":1,"date":"1973-01-20","beginTime":"1973-01-20T19:00:00","endTime":"1973-01-20T19:00:00","timezone":"CST","state":"TX","stateName":"Texas","county":"Gillespie","countyFips":"171","wfo":"","scale":1,"scaleLabel":"F1","lengthMiles":0.1,"widthYards":10,"deaths":0,"injuries":0,"propertyDamage":2500,"cropDamage":0,"source":"","dataSource":"PUB"}},{"type":"Feature","geometry":{"type":"LineString","coordinates":[[-97.33,31.1],[-97.28,31.1]]},"properties":{"id":"ncei-1973-10136195","eventId":"10136195","episodeId":"","year":1973,"month":5,"date":"1973-05-23","beginTime":"1973-05-23T18:46:00","endTime":"1973-05-23T18:46:00","timezone":"CST","state":"TX","stateName":"Texas","county":"Bell","countyFips":"27","wfo":"","scale":2,"scaleLabel":"F2","lengthMiles":3.3,"widthYards":150,"deaths":0,"injuries":0,"propertyDamage":25000,"cropDamage":0,"source":"","dataSource":"PUB"}},{"type":"Feature","geometry":{"type":"LineString","coordinates":[[-98.38,31.32],[-98.38,31.32]]},"properties":{"id":"ncei-1973-10136204","eventId":"10136204","episodeId":"","year":1973,"month":5,"date":"1973-05-24","beginTime":"1973-05-24T17:55:00","endTime":"1973-05-24T17:55:00","timezone":"CST","state":"TX","stateName":"Texas","county":"Lampasas","countyFips":"281","wfo":"","scale":2,"scaleLabel":"F2","lengthMiles":2.5,"widthYards":250,"deaths":0,"injuries":0,"propertyDamage":25000,"cropDamage":0,"source":"","dataSource":"PUB"}},{"type":"Feature","geometry":{"type":"LineString","coordinates":[[-100.92,32.72],[-100.92,32.72]]},"properties":{"id":"ncei-1973-10136269","eventId":"10136269","episodeId":"","year":1973,"month":8,"date":"1973-08-11","beginTime":"1973-08-11T14:32:00","endTime":"1973-08-11T14:32:00","timezone":"CST","state":"TX","stateName":"Texas","county":"Scurry","countyFips":"415","wfo":"","scale":1,"scaleLabel":"F1","lengthMiles":0.3,"widthYards":20,"deaths":0,"injuries":0,"propertyDamage":0,"cropDamage":0,"source":"","dataSource":"PUB"}},{"type":"Feature","geometry":{"type":"LineString","coordinates":[[-97.37,26.07],[-97.37,26.07]]},"properties":{"id":"ncei-1973-10136271","eventId":"10136271","episodeId":"","year":1973,"month":8,"date":"1973-08-12","beginTime":"1973-08-12T12:10:00","endTime":"1973-08-12T12:10:00","timezone":"CST","state":"TX","stateName":"Texas","county":"Cameron","countyFips":"61","wfo":"","scale":0,"scaleLabel":"F0","lengthMiles":0,"widthYards":33,"deaths":0,"injuries":0,"propertyDamage":0,"cropDamage":0,"source":"","dataSource":"PUB"}},{"type":"Feature","geometry":{"type":"LineString","coordinates":[[-97.18,27.58],[-97.18,27.58]]},"properties":{"id":"ncei-1973-10136272","eventId":"10136272","episodeId":"","year":1973,"month":8,"date":"1973-08-13","beginTime":"1973-08-13T10:05:00","endTime":"1973-08-13T10:05:00","timezone":"CST","state":"TX","stateName":"Texas","county":"Nueces","countyFips":"355","wfo":"","scale":0,"scaleLabel":"F0","lengthMiles":0,"widthYards":7,"deaths":0,"injuries":0,"propertyDamage":0,"cropDamage":0,"source":"","dataSource":"PUB"}},{"type":"Feature","geometry":{"type":"LineString","coordinates":[[-97.38,27.62],[-97.38,27.62]]},"properties":{"id":"ncei-1973-10136273","eventId":"10136273","episodeId":"","year":1973,"month":8,"date":"1973-08-13","beginTime":"1973-08-13T11:46:00","endTime":"1973-08-13T11:46:00","timezone":"CST","state":"TX","stateName":"Texas","county":"Nueces","countyFips":"355","wfo":"","scale":0,"scaleLabel":"F0","lengthMiles":0.1,"widthYards":13,"deaths":0,"injuries":0,"propertyDamage":0,"cropDamage":0,"source":"","dataSource":"PUB"}},{"type":"Feature","geometry":{"type":"LineString","coordinates":[[-97.7,27.55],[-97.7,27.55]]},"properties":{"id":"ncei-1973-10136279","eventId":"10136279","episodeId":"","year":1973,"month":8,"date":"1973-08-29","beginTime":"1973-08-29T09:30:00","endTime":"1973-08-29T09:30:00","timezone":"CST","state":"TX","stateName":"Texas","county":"Kleberg","countyFips":"273","wfo":"","scale":0,"scaleLabel":"F0","lengthMiles":0,"widthYards":33,"deaths":0,"injuries":0,"propertyDamage":0,"cropDamage":0,"source":"","dataSource":"PUB"}},{"type":"Feature","geometry":{"type":"LineString","coordinates":[[-102.32,33.53],[-102.32,33.53]]},"properties":{"id":"ncei-1973-10136280","eventId":"10136280","episodeId":"","year":1973,"month":9,"date":"1973-09-01","beginTime":"1973-09-01T17:05:00","endTime":"1973-09-01T17:05:00","timezone":"CST","state":"TX","stateName":"Texas","county":"Lamb","countyFips":"279","wfo":"","scale":1,"scaleLabel":"F1","lengthMiles":1,"widthYards":7,"deaths":0,"injuries":0,"propertyDamage":25000,"cropDamage":0,"source":"","dataSource":"PUB"}},{"type":"Feature","geometry":{"type":"LineString","coordinates":[[-97.97,29.6],[-97.97,29.6]]},"properties":{"id":"ncei-1973-10136354","eventId":"10136354","episodeId":"","year":1973,"month":1,"date":"1973-01-20","beginTime":"1973-01-20T19:30:00","endTime":"1973-01-20T19:30:00","timezone":"CST","state":"TX","stateName":"Texas","county":"Guadalupe","countyFips":"187","wfo":"","scale":1,"scaleLabel":"F1","lengthMiles":0.1,"widthYards":10,"deaths":0,"injuries":0,"propertyDamage":0,"cropDamage":0,"source":"","dataSource":"PUB"}},{"type":"Feature","geometry":{"type":"LineString","coordinates":[[-95.05,32.95],[-95.05,32.95]]},"properties":{"id":"ncei-1973-10136355","eventId":"10136355","episodeId":"","year":1973,"month":1,"date":"1973-01-20","beginTime":"1973-01-20T19:30:00","endTime":"1973-01-20T19:30:00","timezone":"CST","state":"TX","stateName":"Texas","county":"Camp","countyFips":"63","wfo":"","scale":1,"scaleLabel":"F1","lengthMiles":0.3,"widthYards":10,"deaths":0,"injuries":0,"propertyDamage":0,"cropDamage":0,"source":"","dataSource":"PUB"}},{"type":"Feature","geometry":{"type":"LineString","coordinates":[[-97.07,30.57],[-97.07,30.57]]},"properties":{"id":"ncei-1973-10136359","eventId":"10136359","episodeId":"","year":1973,"month":1,"date":"1973-01-20","beginTime":"1973-01-20T21:00:00","endTime":"1973-01-20T21:00:00","timezone":"CST","state":"TX","stateName":"Texas","county":"Milam","countyFips":"331","wfo":"","scale":1,"scaleLabel":"F1","lengthMiles":0.3,"widthYards":10,"deaths":0,"injuries":0,"propertyDamage":25000,"cropDamage":0,"source":"","dataSource":"PUB"}},{"type":"Feature","geometry":{"type":"LineString","coordinates":[[-97.92,30.35],[-97.92,30.35]]},"properties":{"id":"ncei-1973-10136360","eventId":"10136360","episodeId":"","year":1973,"month":1,"date":"1973-01-20","beginTime":"1973-01-20T21:00:00","endTime":"1973-01-20T21:00:00","timezone":"CST","state":"TX","stateName":"Texas","county":"Travis","countyFips":"453","wfo":"","scale":2,"scaleLabel":"F2","lengthMiles":0.1,"widthYards":40,"deaths":0,"injuries":0,"propertyDamage":25000,"cropDamage":0,"source":"","dataSource":"PUB"}},{"type":"Feature","geometry":{"type":"LineString","coordinates":[[-94.13,31.83],[-94,31.88]]},"properties":{"id":"ncei-1973-10136363","eventId":"10136363","episodeId":"","year":1973,"month":1,"date":"1973-01-21","beginTime":"1973-01-21T00:15:00","endTime":"1973-01-21T00:15:00","timezone":"CST","state":"TX","stateName":"Texas","county":"Shelby","countyFips":"419","wfo":"","scale":2,"scaleLabel":"F2","lengthMiles":8.7,"widthYards":200,"deaths":0,"injuries":3,"propertyDamage":250000,"cropDamage":0,"source":"","dataSource":"PUB"}},{"type":"Feature","geometry":{"type":"LineString","coordinates":[[-94,30.07],[-93.98,30.1]]},"properties":{"id":"ncei-1973-10136364","eventId":"10136364","episodeId":"","year":1973,"month":1,"date":"1973-01-21","beginTime":"1973-01-21T01:30:00","endTime":"1973-01-21T01:30:00","timezone":"CST","state":"TX","stateName":"Texas","county":"Orange","countyFips":"361","wfo":"","scale":0,"scaleLabel":"F0","lengthMiles":3,"widthYards":17,"deaths":0,"injuries":0,"propertyDamage":2500,"cropDamage":0,"source":"","dataSource":"PUB"}},{"type":"Feature","geometry":{"type":"LineString","coordinates":[[-96.2,32.53],[-96.13,32.6]]},"properties":{"id":"ncei-1973-10136368","eventId":"10136368","episodeId":"","year":1973,"month":1,"date":"1973-01-31","beginTime":"1973-01-31T16:50:00","endTime":"1973-01-31T16:50:00","timezone":"CST","state":"TX","stateName":"Texas","county":"Kaufman","countyFips":"257","wfo":"","scale":0,"scaleLabel":"F0","lengthMiles":6.2,"widthYards":300,"deaths":0,"injuries":0,"propertyDamage":2500,"cropDamage":0,"source":"","dataSource":"PUB"}},{"type":"Feature","geometry":{"type":"LineString","coordinates":[[-95.72,29.97],[-95.67,29.98]]},"properties":{"id":"ncei-1973-10136369","eventId":"10136369","episodeId":"","year":1973,"month":2,"date":"1973-02-13","beginTime":"1973-02-13T13:00:00","endTime":"1973-02-13T13:00:00","timezone":"CST","state":"TX","stateName":"Texas","county":"Harris","countyFips":"201","wfo":"","scale":2,"scaleLabel":"F2","lengthMiles":3.3,"widthYards":30,"deaths":0,"injuries":1,"propertyDamage":25000,"cropDamage":0,"source":"","dataSource":"PUB"}},{"type":"Feature","geometry":{"type":"LineString","coordinates":[[-97.2,31.62],[-97.07,31.62]]},"properties":{"id":"ncei-1973-10136371","eventId":"10136371","episodeId":"","year":1973,"month":3,"date":"1973-03-01","beginTime":"1973-03-01T14:50:00","endTime":"1973-03-01T14:50:00","timezone":"CST","state":"TX","stateName":"Texas","county":"Mclennan","countyFips":"309","wfo":"","scale":2,"scaleLabel":"F2","lengthMiles":8,"widthYards":50,"deaths":0,"injuries":0,"propertyDamage":250000,"cropDamage":0,"source":"","dataSource":"PUB"}},{"type":"Feature","geometry":{"type":"LineString","coordinates":[[-98.52,33.92],[-98.52,33.92]]},"properties":{"id":"ncei-1973-10136377","eventId":"10136377","episodeId":"","year":1973,"month":3,"date":"1973-03-03","beginTime":"1973-03-03T18:00:00","endTime":"1973-03-03T18:00:00","timezone":"CST","state":"TX","stateName":"Texas","county":"Wichita","countyFips":"485","wfo":"","scale":0,"scaleLabel":"F0","lengthMiles":0.1,"widthYards":10,"deaths":0,"injuries":0,"propertyDamage":0,"cropDamage":0,"source":"","dataSource":"PUB"}},{"type":"Feature","geometry":{"type":"LineString","coordinates":[[-97.18,32.82],[-97.18,32.82]]},"properties":{"id":"ncei-1973-10136381","eventId":"10136381","episodeId":"","year":1973,"month":3,"date":"1973-03-06","beginTime":"1973-03-06T06:25:00","endTime":"1973-03-06T06:25:00","timezone":"CST","state":"TX","stateName":"Texas","county":"Tarrant","countyFips":"439","wfo":"","scale":2,"scaleLabel":"F2","lengthMiles":1.5,"widthYards":30,"deaths":0,"injuries":0,"propertyDamage":25000,"cropDamage":0,"source":"","dataSource":"PUB"}},{"type":"Feature","geometry":{"type":"LineString","coordinates":[[-97.6,30.3],[-97.6,30.3]]},"properties":{"id":"ncei-1973-10136383","eventId":"10136383","episodeId":"","year":1973,"month":3,"date":"1973-03-06","beginTime":"1973-03-06T08:05:00","endTime":"1973-03-06T08:05:00","timezone":"CST","state":"TX","stateName":"Texas","county":"Travis","countyFips":"453","wfo":"","scale":1,"scaleLabel":"F1","lengthMiles":0.1,"widthYards":50,"deaths":0,"injuries":0,"propertyDamage":0,"cropDamage":0,"source":"","dataSource":"PUB"}},{"type":"Feature","geometry":{"type":"LineString","coordinates":[[-96.5,32.33],[-96.5,32.33]]},"properties":{"id":"ncei-1973-10136385","eventId":"10136385","episodeId":"","year":1973,"month":3,"date":"1973-03-09","beginTime":"1973-03-09T19:59:00","endTime":"1973-03-09T19:59:00","timezone":"CST","state":"TX","stateName":"Texas","county":"Ellis","countyFips":"139","wfo":"","scale":0,"scaleLabel":"F0","lengthMiles":1.5,"widthYards":33,"deaths":0,"injuries":0,"propertyDamage":0,"cropDamage":0,"source":"","dataSource":"PUB"}},{"type":"Feature","geometry":{"type":"LineString","coordinates":[[-100.25,31.58],[-100.25,31.58]]},"properties":{"id":"ncei-1973-10136387","eventId":"10136387","episodeId":"","year":1973,"month":3,"date":"1973-03-10","beginTime":"1973-03-10T01:40:00","endTime":"1973-03-10T01:40:00","timezone":"CST","state":"TX","stateName":"Texas","county":"Tom Green","countyFips":"451","wfo":"","scale":2,"scaleLabel":"F2","lengthMiles":0.3,"widthYards":70,"deaths":1,"injuries":7,"propertyDamage":250000,"cropDamage":0,"source":"","dataSource":"PUB"}},{"type":"Feature","geometry":{"type":"LineString","coordinates":[[-99.75,32.33],[-99.75,32.33]]},"properties":{"id":"ncei-1973-10136389","eventId":"10136389","episodeId":"","year":1973,"month":3,"date":"1973-03-10","beginTime":"1973-03-10T03:00:00","endTime":"1973-03-10T03:00:00","timezone":"CST","state":"TX","stateName":"Texas","county":"Taylor","countyFips":"441","wfo":"","scale":2,"scaleLabel":"F2","lengthMiles":0,"widthYards":33,"deaths":0,"injuries":1,"propertyDamage":25000,"cropDamage":0,"source":"","dataSource":"PUB"}},{"type":"Feature","geometry":{"type":"LineString","coordinates":[[-98.23,30.73],[-98.15,30.82]]},"properties":{"id":"ncei-1973-10136391","eventId":"10136391","episodeId":"","year":1973,"month":3,"date":"1973-03-10","beginTime":"1973-03-10T04:10:00","endTime":"1973-03-10T04:10:00","timezone":"CST","state":"TX","stateName":"Texas","county":"Burnet","countyFips":"53","wfo":"","scale":3,"scaleLabel":"F3","lengthMiles":7.8,"widthYards":250,"deaths":0,"injuries":40,"propertyDamage":0,"cropDamage":0,"source":"","dataSource":"PUB"}},{"type":"Feature","geometry":{"type":"LineString","coordinates":[[-97.7,30.3],[-97.7,30.3]]},"properties":{"id":"ncei-1973-10136392","eventId":"10136392","episodeId":"","year":1973,"month":3,"date":"1973-03-10","beginTime":"1973-03-10T05:45:00","endTime":"1973-03-10T05:45:00","timezone":"CST","state":"TX","stateName":"Texas","county":"Travis","countyFips":"453","wfo":"","scale":1,"scaleLabel":"F1","lengthMiles":0.3,"widthYards":33,"deaths":0,"injuries":2,"propertyDamage":250000,"cropDamage":0,"source":"","dataSource":"PUB"}},{"type":"Feature","geometry":{"type":"LineString","coordinates":[[-96.83,31.53],[-96.95,31.58]]},"properties":{"id":"ncei-1973-10136393","eventId":"10136393","episodeId":"","year":1973,"month":3,"date":"1973-03-10","beginTime":"1973-03-10T06:02:00","endTime":"1973-03-10T06:02:00","timezone":"CST","state":"TX","stateName":"Texas","county":"Mclennan","countyFips":"309","wfo":"","scale":4,"scaleLabel":"F4","lengthMiles":7.9,"widthYards":150,"deaths":0,"injuries":2,"propertyDamage":0,"cropDamage":0,"source":"","dataSource":"PUB"}},{"type":"Feature","geometry":{"type":"LineString","coordinates":[[-96.85,31.63],[-96.82,31.77]]},"properties":{"id":"ncei-1973-10136394","eventId":"10136394","episodeId":"","year":1973,"month":3,"date":"1973-03-10","beginTime":"1973-03-10T06:11:00","endTime":"1973-03-10T06:11:00","timezone":"CST","state":"TX","stateName":"Texas","county":"Limestone","countyFips":"293","wfo":"","scale":4,"scaleLabel":"F4","lengthMiles":9.5,"widthYards":150,"deaths":0,"injuries":0,"propertyDamage":0,"cropDamage":0,"source":"","dataSource":"PUB"}},{"type":"Feature","geometry":{"type":"LineString","coordinates":[[-96.82,31.77],[-96.8,31.85]]},"properties":{"id":"ncei-1973-10136395","eventId":"10136395","episodeId":"","year":1973,"month":3,"date":"1973-03-10","beginTime":"1973-03-10T06:21:00","endTime":"1973-03-10T06:21:00","timezone":"CST","state":"TX","stateName":"Texas","county":"Hill","countyFips":"217","wfo":"","scale":4,"scaleLabel":"F4","lengthMiles":5.9,"widthYards":150,"deaths":6,"injuries":75,"propertyDamage":0,"cropDamage":0,"source":"","dataSource":"PUB"}},{"type":"Feature","geometry":{"type":"LineString","coordinates":[[-96.88,30.28],[-96.88,30.28]]},"properties":{"id":"ncei-1973-10136397","eventId":"10136397","episodeId":"","year":1973,"month":3,"date":"1973-03-10","beginTime":"1973-03-10T07:00:00","endTime":"1973-03-10T07:00:00","timezone":"CST","state":"TX","stateName":"Texas","county":"Lee","countyFips":"287","wfo":"","scale":1,"scaleLabel":"F1","lengthMiles":0,"widthYards":33,"deaths":0,"injuries":0,"propertyDamage":0,"cropDamage":0,"source":"","dataSource":"PUB"}},{"type":"Feature","geometry":{"type":"LineString","coordinates":[[-96.85,33.77],[-96.73,33.77]]},"properties":{"id":"ncei-1973-10136398","eventId":"10136398","episodeId":"","year":1973,"month":3,"date":"1973-03-10","beginTime":"1973-03-10T07:00:00","endTime":"1973-03-10T07:00:00","timezone":"CST","state":"TX","stateName":"Texas","county":"Grayson","countyFips":"181","wfo":"","scale":3,"scaleLabel":"F3","lengthMiles":6.8,"widthYards":100,"deaths":0,"injuries":3,"propertyDamage":0,"cropDamage":0,"source":"","dataSource":"PUB"}},{"type":"Feature","geometry":{"type":"LineString","coordinates":[[-95.95,32.87],[-95.95,32.87]]},"properties":{"id":"ncei-1973-10136399","eventId":"10136399","episodeId":"","year":1973,"month":3,"date":"1973-03-10","beginTime":"1973-03-10T08:00:00","endTime":"1973-03-10T08:00:00","timezone":"CST","state":"TX","stateName":"Texas","county":"Rains","countyFips":"379","wfo":"","scale":1,"scaleLabel":"F1","lengthMiles":0.3,"widthYards":50,"deaths":0,"injuries":0,"propertyDamage":250000,"cropDamage":0,"source":"","dataSource":"PUB"}},{"type":"Feature","geometry":{"type":"LineString","coordinates":[[-95.4,33.57],[-95.4,33.57]]},"properties":{"id":"ncei-1973-10136400","eventId":"10136400","episodeId":"","year":1973,"month":3,"date":"1973-03-10","beginTime":"1973-03-10T08:00:00","endTime":"1973-03-10T08:00:00","timezone":"CST","state":"TX","stateName":"Texas","county":"Lamar","countyFips":"277","wfo":"","scale":2,"scaleLabel":"F2","lengthMiles":1.5,"widthYards":100,"deaths":0,"injuries":1,"propertyDamage":25000,"cropDamage":0,"source":"","dataSource":"PUB"}},{"type":"Feature","geometry":{"type":"LineString","coordinates":[[-95.63,33.17],[-95.63,33.17]]},"properties":{"id":"ncei-1973-10136401","eventId":"10136401","episodeId":"","year":1973,"month":3,"date":"1973-03-10","beginTime":"1973-03-10T08:45:00","endTime":"1973-03-10T08:45:00","timezone":"CST","state":"TX","stateName":"Texas","county":"Hopkins","countyFips":"223","wfo":"","scale":2,"scaleLabel":"F2","lengthMiles":0.5,"widthYards":150,"deaths":0,"injuries":0,"propertyDamage":25000,"cropDamage":0,"source":"","dataSource":"PUB"}},{"type":"Feature","geometry":{"type":"LineString","coordinates":[[-94.95,32.13],[-94.95,32.13]]},"properties":{"id":"ncei-1973-10136402","eventId":"10136402","episodeId":"","year":1973,"month":3,"date":"1973-03-10","beginTime":"1973-03-10T10:00:00","endTime":"1973-03-10T10:00:00","timezone":"CST","state":"TX","stateName":"Texas","county":"Rusk","countyFips":"401","wfo":"","scale":1,"scaleLabel":"F1","lengthMiles":0.1,"widthYards":20,"deaths":0,"injuries":0,"propertyDamage":2500,"cropDamage":0,"source":"","dataSource":"PUB"}},{"type":"Feature","geometry":{"type":"LineString","coordinates":[[-100.87,32.37],[-100.73,32.45]]},"properties":{"id":"ncei-1973-10136404","eventId":"10136404","episodeId":"","year":1973,"month":3,"date":"1973-03-13","beginTime":"1973-03-13T09:00:00","endTime":"1973-03-13T09:00:00","timezone":"CST","state":"TX","stateName":"Texas","county":"Mitchell","countyFips":"335","wfo":"","scale":1,"scaleLabel":"F1","lengthMiles":9.8,"widthYards":33,"deaths":0,"injuries":0,"propertyDamage":25000,"cropDamage":0,"source":"","dataSource":"PUB"}},{"type":"Feature","geometry":{"type":"LineString","coordinates":[[-94.87,30.12],[-94.65,30.02]]},"properties":{"id":"ncei-1973-10136438","eventId":"10136438","episodeId":"","year":1973,"month":5,"date":"1973-05-26","beginTime":"1973-05-26T03:04:00","endTime":"1973-05-26T03:04:00","timezone":"CDT","state":"TX","stateName":"Texas","county":"Liberty","countyFips":"291","wfo":"","scale":2,"scaleLabel":"F2","lengthMiles":14.7,"widthYards":33,"deaths":0,"injuries":4,"propertyDamage":250000,"cropDamage":0,"source":"","dataSource":"PUB"}},{"type":"Feature","geometry":{"type":"LineString","coordinates":[[-94.3,29.95],[-94.27,29.87]]},"properties":{"id":"ncei-1973-10136440","eventId":"10136440","episodeId":"","year":1973,"month":5,"date":"1973-05-26","beginTime":"1973-05-26T03:45:00","endTime":"1973-05-26T03:45:00","timezone":"CDT","state":"TX","stateName":"Texas","county":"Jefferson","countyFips":"245","wfo":"","scale":2,"scaleLabel":"F2","lengthMiles":6.2,"widthYards":167,"deaths":0,"injuries":3,"propertyDamage":250000,"cropDamage":0,"source":"","dataSource":"PUB"}},{"type":"Feature","geometry":{"type":"LineString","coordinates":[[-98.2,30.4],[-98.2,30.4]]},"properties":{"id":"ncei-1973-10136442","eventId":"10136442","episodeId":"","year":1973,"month":6,"date":"1973-06-01","beginTime":"1973-06-01T13:28:00","endTime":"1973-06-01T13:28:00","timezone":"CST","state":"TX","stateName":"Texas","county":"Blanco","countyFips":"31","wfo":"","scale":0,"scaleLabel":"F0","lengthMiles":0.5,"widthYards":33,"deaths":0,"injuries":0,"propertyDamage":0,"cropDamage":0,"source":"","dataSource":"PUB"}},{"type":"Feature","geometry":{"type":"LineString","coordinates":[[-96.62,31.43],[-96.52,31.48]]},"properties":{"id":"ncei-1973-10136465","eventId":"10136465","episodeId":"","year":1973,"month":6,"date":"1973-06-03","beginTime":"1973-06-03T17:00:00","endTime":"1973-06-03T17:00:00","timezone":"CST","state":"TX","stateName":"Texas","county":"Limestone","countyFips":"293","wfo":"","scale":2,"scaleLabel":"F2","lengthMiles":6.8,"widthYards":100,"deaths":0,"injuries":0,"propertyDamage":250000,"cropDamage":0,"source":"","dataSource":"PUB"}},{"type":"Feature","geometry":{"type":"LineString","coordinates":[[-95.62,31.77],[-95.62,31.77]]},"properties":{"id":"ncei-1973-10136466","eventId":"10136466","episodeId":"","year":1973,"month":6,"date":"1973-06-03","beginTime":"1973-06-03T18:30:00","endTime":"1973-06-03T18:30:00","timezone":"CST","state":"TX","stateName":"Texas","county":"Anderson","countyFips":"1","wfo":"","scale":1,"scaleLabel":"F1","lengthMiles":0,"widthYards":33,"deaths":0,"injuries":0,"propertyDamage":250000,"cropDamage":0,"source":"","dataSource":"PUB"}},{"type":"Feature","geometry":{"type":"LineString","coordinates":[[-95.17,31.77],[-95.17,31.77]]},"properties":{"id":"ncei-1973-10136467","eventId":"10136467","episodeId":"","year":1973,"month":6,"date":"1973-06-03","beginTime":"1973-06-03T20:00:00","endTime":"1973-06-03T20:00:00","timezone":"CST","state":"TX","stateName":"Texas","county":"Cherokee","countyFips":"73","wfo":"","scale":3,"scaleLabel":"F3","lengthMiles":0.1,"widthYards":33,"deaths":0,"injuries":3,"propertyDamage":0,"cropDamage":0,"source":"","dataSource":"PUB"}},{"type":"Feature","geometry":{"type":"LineString","coordinates":[[-94.95,32.73],[-94.95,32.73]]},"properties":{"id":"ncei-1973-10136469","eventId":"10136469","episodeId":"","year":1973,"month":6,"date":"1973-06-03","beginTime":"1973-06-03T23:00:00","endTime":"1973-06-03T23:00:00","timezone":"CST","state":"TX","stateName":"Texas","county":"Upshur","countyFips":"459","wfo":"","scale":2,"scaleLabel":"F2","lengthMiles":0,"widthYards":33,"deaths":0,"injuries":0,"propertyDamage":25000,"cropDamage":0,"source":"","dataSource":"PUB"}},{"type":"Feature","geometry":{"type":"LineString","coordinates":[[-95.12,33.37],[-95.12,33.37]]},"properties":{"id":"ncei-1973-10136470","eventId":"10136470","episodeId":"","year":1973,"month":6,"date":"1973-06-03","beginTime":"1973-06-03T23:55:00","endTime":"1973-06-03T23:55:00","timezone":"CST","state":"TX","stateName":"Texas","county":"Titus","countyFips":"449","wfo":"","scale":2,"scaleLabel":"F2","lengthMiles":0,"widthYards":33,"deaths":0,"injuries":0,"propertyDamage":25000,"cropDamage":0,"source":"","dataSource":"PUB"}},{"type":"Feature","geometry":{"type":"LineString","coordinates":[[-95.38,30.75],[-95.13,31.07]]},"properties":{"id":"ncei-1973-10136472","eventId":"10136472","episodeId":"","year":1973,"month":6,"date":"1973-06-04","beginTime":"1973-06-04T03:01:00","endTime":"1973-06-04T03:01:00","timezone":"CST","state":"TX","stateName":"Texas","county":"Walker","countyFips":"471","wfo":"","scale":2,"scaleLabel":"F2","lengthMiles":26.4,"widthYards":40,"deaths":0,"injuries":0,"propertyDamage":250000,"cropDamage":0,"source":"","dataSource":"PUB"}},{"type":"Feature","geometry":{"type":"LineString","coordinates":[[-82.55,38.23],[-82.55,38.23]]},"properties":{"id":"ncei-1973-10145526","eventId":"10145526","episodeId":"","year":1973,"month":6,"date":"1973-06-05","beginTime":"1973-06-05T14:45:00","endTime":"1973-06-05T14:45:00","timezone":"CST","state":"WV","stateName":"West Virginia","county":"Wayne","countyFips":"99","wfo":"","scale":0,"scaleLabel":"F0","lengthMiles":0,"widthYards":33,"deaths":0,"injuries":0,"propertyDamage":0,"cropDamage":0,"source":"","dataSource":"PUB"}},{"type":"Feature","geometry":{"type":"LineString","coordinates":[[-89.22,42.95],[-89.22,42.95]]},"properties":{"id":"ncei-1973-10145945","eventId":"10145945","episodeId":"","year":1973,"month":3,"date":"1973-03-11","beginTime":"1973-03-11T08:05:00","endTime":"1973-03-11T08:05:00","timezone":"CST","state":"WI","stateName":"Wisconsin","county":"Dane","countyFips":"25","wfo":"","scale":1,"scaleLabel":"F1","lengthMiles":0.5,"widthYards":50,"deaths":0,"injuries":0,"propertyDamage":0,"cropDamage":0,"source":"","dataSource":"PUB"}},{"type":"Feature","geometry":{"type":"LineString","coordinates":[[-88.27,43.92],[-88.27,43.92]]},"properties":{"id":"ncei-1973-10145946","eventId":"10145946","episodeId":"","year":1973,"month":3,"date":"1973-03-11","beginTime":"1973-03-11T10:30:00","endTime":"1973-03-11T10:30:00","timezone":"CST","state":"WI","stateName":"Wisconsin","county":"Fond Du Lac","countyFips":"39","wfo":"","scale":1,"scaleLabel":"F1","lengthMiles":2,"widthYards":50,"deaths":0,"injuries":0,"propertyDamage":25000,"cropDamage":0,"source":"","dataSource":"PUB"}},{"type":"Feature","geometry":{"type":"LineString","coordinates":[[-87.98,44.12],[-87.92,44.13]]},"properties":{"id":"ncei-1973-10145948","eventId":"10145948","episodeId":"","year":1973,"month":5,"date":"1973-05-09","beginTime":"1973-05-09T15:50:00","endTime":"1973-05-09T15:50:00","timezone":"CST","state":"WI","stateName":"Wisconsin","county":"Manitowoc","countyFips":"71","wfo":"","scale":1,"scaleLabel":"F1","lengthMiles":2.3,"widthYards":50,"deaths":0,"injuries":0,"propertyDamage":2500,"cropDamage":0,"source":"","dataSource":"PUB"}},{"type":"Feature","geometry":{"type":"LineString","coordinates":[[-91.22,44.5],[-91.22,44.5]]},"properties":{"id":"ncei-1973-10145950","eventId":"10145950","episodeId":"","year":1973,"month":6,"date":"1973-06-02","beginTime":"1973-06-02T14:15:00","endTime":"1973-06-02T14:15:00","timezone":"CST","state":"WI","stateName":"Wisconsin","county":"Trempealeau","countyFips":"121","wfo":"","scale":1,"scaleLabel":"F1","lengthMiles":1,"widthYards":50,"deaths":0,"injuries":0,"propertyDamage":25000,"cropDamage":0,"source":"","dataSource":"PUB"}},{"type":"Feature","geometry":{"type":"LineString","coordinates":[[-87.98,45.52],[-87.93,45.58]]},"properties":{"id":"ncei-1973-10145951","eventId":"10145951","episodeId":"","year":1973,"month":6,"date":"1973-06-03","beginTime":"1973-06-03T18:15:00","endTime":"1973-06-03T18:15:00","timezone":"CST","state":"WI","stateName":"Wisconsin","county":"Marinette","countyFips":"75","wfo":"","scale":1,"scaleLabel":"F1","lengthMiles":4.5,"widthYards":100,"deaths":0,"injuries":0,"propertyDamage":250000,"cropDamage":0,"source":"","dataSource":"PUB"}},{"type":"Feature","geometry":{"type":"LineString","coordinates":[[-90.38,45.67],[-90.38,45.67]]},"properties":{"id":"ncei-1973-10145952","eventId":"10145952","episodeId":"","year":1973,"month":6,"date":"1973-06-08","beginTime":"1973-06-08T04:30:00","endTime":"1973-06-08T04:30:00","timezone":"CST","state":"WI","stateName":"Wisconsin","county":"Price","countyFips":"99","wfo":"","scale":1,"scaleLabel":"F1","lengthMiles":2,"widthYards":100,"deaths":0,"injuries":0,"propertyDamage":25000,"cropDamage":0,"source":"","dataSource":"PUB"}},{"type":"Feature","geometry":{"type":"LineString","coordinates":[[-90.1,45.05],[-90.1,45.05]]},"properties":{"id":"ncei-1973-10145973","eventId":"10145973","episodeId":"","year":1973,"month":6,"date":"1973-06-18","beginTime":"1973-06-18T11:00:00","endTime":"1973-06-18T11:00:00","timezone":"CST","state":"WI","stateName":"Wisconsin","county":"Marathon","countyFips":"73","wfo":"","scale":1,"scaleLabel":"F1","lengthMiles":2,"widthYards":200,"deaths":0,"injuries":0,"propertyDamage":25000,"cropDamage":0,"source":"","dataSource":"PUB"}},{"type":"Feature","geometry":{"type":"LineString","coordinates":[[-90.45,43.18],[-90.43,43.18]]},"properties":{"id":"ncei-1973-10146824","eventId":"10146824","episodeId":"","year":1973,"month":6,"date":"1973-06-26","beginTime":"1973-06-26T18:00:00","endTime":"1973-06-26T18:00:00","timezone":"CST","state":"WI","stateName":"Wisconsin","county":"Grant","countyFips":"43","wfo":"","scale":1,"scaleLabel":"F1","lengthMiles":0,"widthYards":50,"deaths":0,"injuries":2,"propertyDamage":250000,"cropDamage":0,"source":"","dataSource":"PUB"}},{"type":"Feature","geometry":{"type":"LineString","coordinates":[[-90.43,43.18],[-90.03,43.18]]},"properties":{"id":"ncei-1973-10146825","eventId":"10146825","episodeId":"","year":1973,"month":6,"date":"1973-06-26","beginTime":"1973-06-26T18:01:00","endTime":"1973-06-26T18:01:00","timezone":"CST","state":"WI","stateName":"Wisconsin","county":"Iowa","countyFips":"49","wfo":"","scale":1,"scaleLabel":"F1","lengthMiles":19.9,"widthYards":50,"deaths":0,"injuries":0,"propertyDamage":250000,"cropDamage":0,"source":"","dataSource":"PUB"}},{"type":"Feature","geometry":{"type":"LineString","coordinates":[[-90.03,43.18],[-89.93,43.18]]},"properties":{"id":"ncei-1973-10146827","eventId":"10146827","episodeId":"","year":1973,"month":6,"date":"1973-06-26","beginTime":"1973-06-26T18:41:00","endTime":"1973-06-26T18:41:00","timezone":"CST","state":"WI","stateName":"Wisconsin","county":"Iowa","countyFips":"49","wfo":"","scale":1,"scaleLabel":"F1","lengthMiles":4.1,"widthYards":50,"deaths":0,"injuries":0,"propertyDamage":250000,"cropDamage":0,"source":"","dataSource":"PUB"}},{"type":"Feature","geometry":{"type":"LineString","coordinates":[[-89.83,46.17],[-89.5,46]]},"properties":{"id":"ncei-1973-10147051","eventId":"10147051","episodeId":"","year":1973,"month":7,"date":"1973-07-12","beginTime":"1973-07-12T03:00:00","endTime":"1973-07-12T03:00:00","timezone":"CST","state":"WI","stateName":"Wisconsin","county":"Vilas","countyFips":"125","wfo":"","scale":1,"scaleLabel":"F1","lengthMiles":19.5,"widthYards":100,"deaths":0,"injuries":0,"propertyDamage":25000,"cropDamage":0,"source":"","dataSource":"PUB"}},{"type":"Feature","geometry":{"type":"LineString","coordinates":[[-87.25,44.98],[-87.2,44.97]]},"properties":{"id":"ncei-1973-10147052","eventId":"10147052","episodeId":"","year":1973,"month":7,"date":"1973-07-12","beginTime":"1973-07-12T07:30:00","endTime":"1973-07-12T07:30:00","timezone":"CST","state":"WI","stateName":"Wisconsin","county":"Door","countyFips":"29","wfo":"","scale":1,"scaleLabel":"F1","lengthMiles":0,"widthYards":100,"deaths":0,"injuries":0,"propertyDamage":25000,"cropDamage":0,"source":"","dataSource":"PUB"}},{"type":"Feature","geometry":{"type":"LineString","coordinates":[[-88.37,44.38],[-88.37,44.38]]},"properties":{"id":"ncei-1973-10147053","eventId":"10147053","episodeId":"","year":1973,"month":7,"date":"1973-07-12","beginTime":"1973-07-12T08:00:00","endTime":"1973-07-12T08:00:00","timezone":"CST","state":"WI","stateName":"Wisconsin","county":"Outagamie","countyFips":"87","wfo":"","scale":1,"scaleLabel":"F1","lengthMiles":1,"widthYards":100,"deaths":0,"injuries":0,"propertyDamage":25000,"cropDamage":0,"source":"","dataSource":"PUB"}},{"type":"Feature","geometry":{"type":"LineString","coordinates":[[-92.02,45.53],[-92.02,45.53]]},"properties":{"id":"ncei-1973-10147060","eventId":"10147060","episodeId":"","year":1973,"month":7,"date":"1973-07-26","beginTime":"1973-07-26T17:20:00","endTime":"1973-07-26T17:20:00","timezone":"CST","state":"WI","stateName":"Wisconsin","county":"Barron","countyFips":"5","wfo":"","scale":1,"scaleLabel":"F1","lengthMiles":0.3,"widthYards":100,"deaths":0,"injuries":0,"propertyDamage":25000,"cropDamage":0,"source":"","dataSource":"PUB"}},{"type":"Feature","geometry":{"type":"LineString","coordinates":[[-87.93,43.72],[-87.93,43.72]]},"properties":{"id":"ncei-1973-10147066","eventId":"10147066","episodeId":"","year":1973,"month":7,"date":"1973-07-30","beginTime":"1973-07-30T16:00:00","endTime":"1973-07-30T16:00:00","timezone":"CST","state":"WI","stateName":"Wisconsin","county":"Sheboygan","countyFips":"117","wfo":"","scale":1,"scaleLabel":"F1","lengthMiles":0.3,"widthYards":50,"deaths":0,"injuries":0,"propertyDamage":25000,"cropDamage":0,"source":"","dataSource":"PUB"}},{"type":"Feature","geometry":{"type":"LineString","coordinates":[[-92.63,45.37],[-92.48,45.43]]},"properties":{"id":"ncei-1973-10147069","eventId":"10147069","episodeId":"","year":1973,"month":8,"date":"1973-08-08","beginTime":"1973-08-08T17:00:00","endTime":"1973-08-08T17:00:00","timezone":"CST","state":"WI","stateName":"Wisconsin","county":"Polk","countyFips":"95","wfo":"","scale":1,"scaleLabel":"F1","lengthMiles":8.2,"widthYards":150,"deaths":0,"injuries":0,"propertyDamage":250000,"cropDamage":0,"source":"","dataSource":"PUB"}},{"type":"Feature","geometry":{"type":"LineString","coordinates":[[-91.47,45.12],[-91.38,45.15]]},"properties":{"id":"ncei-1973-10147071","eventId":"10147071","episodeId":"","year":1973,"month":8,"date":"1973-08-08","beginTime":"1973-08-08T18:15:00","endTime":"1973-08-08T18:15:00","timezone":"CST","state":"WI","stateName":"Wisconsin","county":"Rusk","countyFips":"107","wfo":"","scale":1,"scaleLabel":"F1","lengthMiles":3.6,"widthYards":100,"deaths":0,"injuries":0,"propertyDamage":25000,"cropDamage":0,"source":"","dataSource":"PUB"}},{"type":"Feature","geometry":{"type":"LineString","coordinates":[[-88.5,43.17],[-88.5,43.17]]},"properties":{"id":"ncei-1973-10147085","eventId":"10147085","episodeId":"","year":1973,"month":8,"date":"1973-08-30","beginTime":"1973-08-30T08:30:00","endTime":"1973-08-30T08:30:00","timezone":"CST","state":"WI","stateName":"Wisconsin","county":"Waukesha","countyFips":"133","wfo":"","scale":0,"scaleLabel":"F0","lengthMiles":0.5,"widthYards":150,"deaths":0,"injuries":0,"propertyDamage":2500,"cropDamage":0,"source":"","dataSource":"PUB"}},{"type":"Feature","geometry":{"type":"LineString","coordinates":[[-92.28,45.48],[-92.28,45.48]]},"properties":{"id":"ncei-1973-10147101","eventId":"10147101","episodeId":"","year":1973,"month":10,"date":"1973-10-09","beginTime":"1973-10-09T01:00:00","endTime":"1973-10-09T01:00:00","timezone":"CST","state":"WI","stateName":"Wisconsin","county":"Polk","countyFips":"95","wfo":"","scale":1,"scaleLabel":"F1","lengthMiles":1,"widthYards":50,"deaths":0,"injuries":0,"propertyDamage":25000,"cropDamage":0,"source":"","dataSource":"PUB"}},{"type":"Feature","geometry":{"type":"LineString","coordinates":[[-77.33,38.8],[-77.22,38.85]]},"properties":{"id":"ncei-1973-10149868","eventId":"10149868","episodeId":"","year":1973,"month":4,"date":"1973-04-01","beginTime":"1973-04-01T14:45:00","endTime":"1973-04-01T14:45:00","timezone":"CST","state":"VA","stateName":"Virginia","county":"Fairfax","countyFips":"59","wfo":"","scale":3,"scaleLabel":"F3","lengthMiles":7.1,"widthYards":100,"deaths":0,"injuries":37,"propertyDamage":25000000,"cropDamage":0,"source":"","dataSource":"PUB"}},{"type":"Feature","geometry":{"type":"LineString","coordinates":[[-77.22,38.85],[-77.17,38.87]]},"properties":{"id":"ncei-1973-10149869","eventId":"10149869","episodeId":"","year":1973,"month":4,"date":"1973-04-01","beginTime":"1973-04-01T14:45:00","endTime":"1973-04-01T14:45:00","timezone":"CST","state":"VA","stateName":"Virginia","county":"Fauquier","countyFips":"61","wfo":"","scale":3,"scaleLabel":"F3","lengthMiles":2.7,"widthYards":100,"deaths":0,"injuries":0,"propertyDamage":25000,"cropDamage":0,"source":"","dataSource":"PUB"}},{"type":"Feature","geometry":{"type":"LineString","coordinates":[[-76.6,36.7],[-76.6,36.7]]},"properties":{"id":"ncei-1973-10149872","eventId":"10149872","episodeId":"","year":1973,"month":5,"date":"1973-05-20","beginTime":"1973-05-20T19:02:00","endTime":"1973-05-20T19:02:00","timezone":"CST","state":"VA","stateName":"Virginia","county":"Suffolk (c)","countyFips":"800","wfo":"","scale":0,"scaleLabel":"F0","lengthMiles":0,"widthYards":33,"deaths":0,"injuries":0,"propertyDamage":0,"cropDamage":0,"source":"","dataSource":"PUB"}},{"type":"Feature","geometry":{"type":"LineString","coordinates":[[-76.5,36.8],[-76.5,36.8]]},"properties":{"id":"ncei-1973-10149873","eventId":"10149873","episodeId":"","year":1973,"month":5,"date":"1973-05-28","beginTime":"1973-05-28T20:30:00","endTime":"1973-05-28T20:30:00","timezone":"CST","state":"VA","stateName":"Virginia","county":"Suffolk (c)","countyFips":"123","wfo":"","scale":1,"scaleLabel":"F1","lengthMiles":0,"widthYards":33,"deaths":0,"injuries":0,"propertyDamage":2500,"cropDamage":0,"source":"","dataSource":"PUB"}},{"type":"Feature","geometry":{"type":"LineString","coordinates":[[-77.37,37.53],[-77.37,37.53]]},"properties":{"id":"ncei-1973-10149876","eventId":"10149876","episodeId":"","year":1973,"month":6,"date":"1973-06-16","beginTime":"1973-06-16T14:00:00","endTime":"1973-06-16T14:00:00","timezone":"CST","state":"VA","stateName":"Virginia","county":"Henrico","countyFips":"87","wfo":"","scale":0,"scaleLabel":"F0","lengthMiles":0,"widthYards":33,"deaths":0,"injuries":0,"propertyDamage":0,"cropDamage":0,"source":"","dataSource":"PUB"}},{"type":"Feature","geometry":{"type":"LineString","coordinates":[[-75.75,37.7],[-75.75,37.7]]},"properties":{"id":"ncei-1973-10149883","eventId":"10149883","episodeId":"","year":1973,"month":10,"date":"1973-10-02","beginTime":"1973-10-02T15:00:00","endTime":"1973-10-02T15:00:00","timezone":"CST","state":"VA","stateName":"Virginia","county":"Accomack","countyFips":"1","wfo":"","scale":2,"scaleLabel":"F2","lengthMiles":0,"widthYards":33,"deaths":0,"injuries":0,"propertyDamage":0,"cropDamage":0,"source":"","dataSource":"PUB"}},{"type":"Feature","geometry":{"type":"LineString","coordinates":[[-73.1,44.6],[-73.1,44.6]]},"properties":{"id":"ncei-1973-10151220","eventId":"10151220","episodeId":"","year":1973,"month":6,"date":"1973-06-11","beginTime":"1973-06-11T18:45:00","endTime":"1973-06-11T18:45:00","timezone":"CST","state":"VT","stateName":"Vermont","county":"Franklin","countyFips":"11","wfo":"","scale":1,"scaleLabel":"F1","lengthMiles":0,"widthYards":33,"deaths":0,"injuries":0,"propertyDamage":250000,"cropDamage":0,"source":"","dataSource":"PUB"}},{"type":"Feature","geometry":{"type":"LineString","coordinates":[[-73.17,44.42],[-73.17,44.42]]},"properties":{"id":"ncei-1973-10151226","eventId":"10151226","episodeId":"","year":1973,"month":6,"date":"1973-06-22","beginTime":"1973-06-22T20:00:00","endTime":"1973-06-22T20:00:00","timezone":"CST","state":"VT","stateName":"Vermont","county":"Chittenden","countyFips":"7","wfo":"","scale":1,"scaleLabel":"F1","lengthMiles":0,"widthYards":27,"deaths":0,"injuries":0,"propertyDamage":0,"cropDamage":0,"source":"","dataSource":"PUB"}},{"type":"Feature","geometry":{"type":"LineString","coordinates":[[-105.33,44.22],[-105.33,44.22]]},"properties":{"id":"ncei-1973-10162888","eventId":"10162888","episodeId":"","year":1973,"month":7,"date":"1973-07-21","beginTime":"1973-07-21T18:00:00","endTime":"1973-07-21T18:00:00","timezone":"CST","state":"WY","stateName":"Wyoming","county":"Campbell","countyFips":"5","wfo":"","scale":1,"scaleLabel":"F1","lengthMiles":0,"widthYards":33,"deaths":0,"injuries":0,"propertyDamage":0,"cropDamage":0,"source":"","dataSource":"PUB"}},{"type":"Feature","geometry":{"type":"LineString","coordinates":[[-105.63,44.3],[-105.63,44.3]]},"properties":{"id":"ncei-1973-10162889","eventId":"10162889","episodeId":"","year":1973,"month":7,"date":"1973-07-21","beginTime":"1973-07-21T18:00:00","endTime":"1973-07-21T18:00:00","timezone":"CST","state":"WY","stateName":"Wyoming","county":"Campbell","countyFips":"5","wfo":"","scale":1,"scaleLabel":"F1","lengthMiles":0,"widthYards":33,"deaths":0,"injuries":0,"propertyDamage":0,"cropDamage":0,"source":"","dataSource":"PUB"}},{"type":"Feature","geometry":{"type":"LineString","coordinates":[[-104.92,41.12],[-104.92,41.12]]},"properties":{"id":"ncei-1973-10162893","eventId":"10162893","episodeId":"","year":1973,"month":7,"date":"1973-07-22","beginTime":"1973-07-22T17:15:00","endTime":"1973-07-22T17:15:00","timezone":"CST","state":"WY","stateName":"Wyoming","county":"Laramie","countyFips":"21","wfo":"","scale":1,"scaleLabel":"F1","lengthMiles":0,"widthYards":33,"deaths":0,"injuries":0,"propertyDamage":0,"cropDamage":0,"source":"","dataSource":"PUB"}},{"type":"Feature","geometry":{"type":"LineString","coordinates":[[-106.7,44.23],[-106.7,44.23]]},"properties":{"id":"ncei-1973-10162894","eventId":"10162894","episodeId":"","year":1973,"month":7,"date":"1973-07-23","beginTime":"1973-07-23T13:50:00","endTime":"1973-07-23T13:50:00","timezone":"CST","state":"WY","stateName":"Wyoming","county":"Johnson","countyFips":"19","wfo":"","scale":1,"scaleLabel":"F1","lengthMiles":0,"widthYards":33,"deaths":0,"injuries":0,"propertyDamage":0,"cropDamage":0,"source":"","dataSource":"PUB"}},{"type":"Feature","geometry":{"type":"LineString","coordinates":[[-108.85,42.58],[-108.85,42.58]]},"properties":{"id":"ncei-1973-10162899","eventId":"10162899","episodeId":"","year":1973,"month":8,"date":"1973-08-27","beginTime":"1973-08-27T15:30:00","endTime":"1973-08-27T15:30:00","timezone":"CST","state":"WY","stateName":"Wyoming","county":"Fremont","countyFips":"13","wfo":"","scale":2,"scaleLabel":"F2","lengthMiles":0.5,"widthYards":200,"deaths":0,"injuries":0,"propertyDamage":25000,"cropDamage":0,"source":"","dataSource":"PUB"}},{"type":"Feature","geometry":{"type":"LineString","coordinates":[[-109.53,41.6],[-109.53,41.6]]},"properties":{"id":"ncei-1973-10162904","eventId":"10162904","episodeId":"","year":1973,"month":9,"date":"1973-09-09","beginTime":"1973-09-09T16:28:00","endTime":"1973-09-09T16:28:00","timezone":"CST","state":"WY","stateName":"Wyoming","county":"Sweetwater","countyFips":"37","wfo":"","scale":1,"scaleLabel":"F1","lengthMiles":0,"widthYards":33,"deaths":0,"injuries":0,"propertyDamage":0,"cropDamage":0,"source":"","dataSource":"PUB"}},{"type":"Feature","geometry":{"type":"LineString","coordinates":[[-86.07,31.42],[-86.07,31.42]]},"properties":{"id":"ncei-1973-9975926","eventId":"9975926","episodeId":"","year":1973,"month":4,"date":"1973-04-18","beginTime":"1973-04-18T17:00:00","endTime":"1973-04-18T17:00:00","timezone":"CST","state":"AL","stateName":"Alabama","county":"Coffee","countyFips":"31","wfo":"","scale":2,"scaleLabel":"F2","lengthMiles":1,"widthYards":100,"deaths":0,"injuries":14,"propertyDamage":2500000,"cropDamage":0,"source":"","dataSource":"PUB"}},{"type":"Feature","geometry":{"type":"LineString","coordinates":[[-86.43,33.23],[-86.37,33.27]]},"properties":{"id":"ncei-1973-9975927","eventId":"9975927","episodeId":"","year":1973,"month":4,"date":"1973-04-24","beginTime":"1973-04-24T17:20:00","endTime":"1973-04-24T17:20:00","timezone":"CST","state":"AL","stateName":"Alabama","county":"Shelby","countyFips":"117","wfo":"","scale":1,"scaleLabel":"F1","lengthMiles":4.7,"widthYards":800,"deaths":0,"injuries":0,"propertyDamage":250000,"cropDamage":0,"source":"","dataSource":"PUB"}},{"type":"Feature","geometry":{"type":"LineString","coordinates":[[-87.83,32.52],[-87.83,32.52]]},"properties":{"id":"ncei-1973-9975940","eventId":"9975940","episodeId":"","year":1973,"month":5,"date":"1973-05-07","beginTime":"1973-05-07T13:40:00","endTime":"1973-05-07T13:40:00","timezone":"CST","state":"AL","stateName":"Alabama","county":"Marengo","countyFips":"91","wfo":"","scale":1,"scaleLabel":"F1","lengthMiles":1,"widthYards":400,"deaths":0,"injuries":0,"propertyDamage":25000,"cropDamage":0,"source":"","dataSource":"PUB"}},{"type":"Feature","geometry":{"type":"LineString","coordinates":[[-87.38,33.98],[-87.38,33.98]]},"properties":{"id":"ncei-1973-9975941","eventId":"9975941","episodeId":"","year":1973,"month":5,"date":"1973-05-08","beginTime":"1973-05-08T03:05:00","endTime":"1973-05-08T03:05:00","timezone":"CST","state":"AL","stateName":"Alabama","county":"Walker","countyFips":"127","wfo":"","scale":2,"scaleLabel":"F2","lengthMiles":2,"widthYards":500,"deaths":0,"injuries":0,"propertyDamage":250000,"cropDamage":0,"source":"","dataSource":"PUB"}},{"type":"Feature","geometry":{"type":"LineString","coordinates":[[-86.28,34.28],[-86.13,34.33]]},"properties":{"id":"ncei-1973-9975943","eventId":"9975943","episodeId":"","year":1973,"month":5,"date":"1973-05-08","beginTime":"1973-05-08T04:10:00","endTime":"1973-05-08T04:10:00","timezone":"CST","state":"AL","stateName":"Alabama","county":"Marshall","countyFips":"95","wfo":"","scale":2,"scaleLabel":"F2","lengthMiles":9.2,"widthYards":900,"deaths":0,"injuries":0,"propertyDamage":2500000,"cropDamage":0,"source":"","dataSource":"PUB"}},{"type":"Feature","geometry":{"type":"LineString","coordinates":[[-86.13,34.33],[-85.83,34.48]]},"properties":{"id":"ncei-1973-9975944","eventId":"9975944","episodeId":"","year":1973,"month":5,"date":"1973-05-08","beginTime":"1973-05-08T04:10:00","endTime":"1973-05-08T04:10:00","timezone":"CST","state":"AL","stateName":"Alabama","county":"Dekalb","countyFips":"49","wfo":"","scale":2,"scaleLabel":"F2","lengthMiles":19.9,"widthYards":900,"deaths":2,"injuries":12,"propertyDamage":2500000,"cropDamage":0,"source":"","dataSource":"PUB"}},{"type":"Feature","geometry":{"type":"LineString","coordinates":[[-87.43,31.42],[-87.43,31.42]]},"properties":{"id":"ncei-1973-9975946","eventId":"9975946","episodeId":"","year":1973,"month":5,"date":"1973-05-08","beginTime":"1973-05-08T06:57:00","endTime":"1973-05-08T06:57:00","timezone":"CST","state":"AL","stateName":"Alabama","county":"Monroe","countyFips":"99","wfo":"","scale":1,"scaleLabel":"F1","lengthMiles":0,"widthYards":33,"deaths":0,"injuries":2,"propertyDamage":250000,"cropDamage":0,"source":"","dataSource":"PUB"}},{"type":"Feature","geometry":{"type":"LineString","coordinates":[[-86.55,34.95],[-86.55,34.95]]},"properties":{"id":"ncei-1973-9975961","eventId":"9975961","episodeId":"","year":1973,"month":5,"date":"1973-05-19","beginTime":"1973-05-19T14:40:00","endTime":"1973-05-19T14:40:00","timezone":"CST","state":"AL","stateName":"Alabama","county":"Madison","countyFips":"89","wfo":"","scale":2,"scaleLabel":"F2","lengthMiles":2,"widthYards":500,"deaths":0,"injuries":10,"propertyDamage":250000,"cropDamage":0,"source":"","dataSource":"PUB"}},{"type":"Feature","geometry":{"type":"LineString","coordinates":[[-86.03,34.67],[-85.78,34.6]]},"properties":{"id":"ncei-1973-9975962","eventId":"9975962","episodeId":"","year":1973,"month":5,"date":"1973-05-19","beginTime":"1973-05-19T16:15:00","endTime":"1973-05-19T16:15:00","timezone":"CST","state":"AL","stateName":"Alabama","county":"Jackson","countyFips":"71","wfo":"","scale":2,"scaleLabel":"F2","lengthMiles":14.9,"widthYards":900,"deaths":0,"injuries":9,"propertyDamage":2500000,"cropDamage":0,"source":"","dataSource":"PUB"}},{"type":"Feature","geometry":{"type":"LineString","coordinates":[[-85.78,34.6],[-85.77,34.55]]},"properties":{"id":"ncei-1973-9975963","eventId":"9975963","episodeId":"","year":1973,"month":5,"date":"1973-05-19","beginTime":"1973-05-19T16:15:00","endTime":"1973-05-19T16:15:00","timezone":"CST","state":"AL","stateName":"Alabama","county":"Dekalb","countyFips":"49","wfo":"","scale":2,"scaleLabel":"F2","lengthMiles":3.6,"widthYards":900,"deaths":0,"injuries":0,"propertyDamage":2500,"cropDamage":0,"source":"","dataSource":"PUB"}},{"type":"Feature","geometry":{"type":"LineString","coordinates":[[-85.75,34.47],[-85.67,34.5]]},"properties":{"id":"ncei-1973-9975966","eventId":"9975966","episodeId":"","year":1973,"month":5,"date":"1973-05-19","beginTime":"1973-05-19T18:45:00","endTime":"1973-05-19T18:45:00","timezone":"CST","state":"AL","stateName":"Alabama","county":"Dekalb","countyFips":"49","wfo":"","scale":4,"scaleLabel":"F4","lengthMiles":5.4,"widthYards":400,"deaths":0,"injuries":19,"propertyDamage":2500000,"cropDamage":0,"source":"","dataSource":"PUB"}},{"type":"Feature","geometry":{"type":"LineString","coordinates":[[-86.07,31.67],[-86.07,31.67]]},"properties":{"id":"ncei-1973-9975987","eventId":"9975987","episodeId":"","year":1973,"month":5,"date":"1973-05-25","beginTime":"1973-05-25T12:25:00","endTime":"1973-05-25T12:25:00","timezone":"CST","state":"AL","stateName":"Alabama","county":"Pike","countyFips":"109","wfo":"","scale":1,"scaleLabel":"F1","lengthMiles":0,"widthYards":33,"deaths":0,"injuries":0,"propertyDamage":25000,"cropDamage":0,"source":"","dataSource":"PUB"}},{"type":"Feature","geometry":{"type":"LineString","coordinates":[[-85.5,31.3],[-85.5,31.3]]},"properties":{"id":"ncei-1973-9975988","eventId":"9975988","episodeId":"","year":1973,"month":5,"date":"1973-05-25","beginTime":"1973-05-25T13:08:00","endTime":"1973-05-25T13:08:00","timezone":"CST","state":"AL","stateName":"Alabama","county":"Dale","countyFips":"45","wfo":"","scale":1,"scaleLabel":"F1","lengthMiles":1,"widthYards":400,"deaths":0,"injuries":0,"propertyDamage":25000,"cropDamage":0,"source":"","dataSource":"PUB"}},{"type":"Feature","geometry":{"type":"LineString","coordinates":[[-86.62,34.3],[-86.18,34.58]]},"properties":{"id":"ncei-1973-9976848","eventId":"9976848","episodeId":"","year":1973,"month":5,"date":"1973-05-27","beginTime":"1973-05-27T13:30:00","endTime":"1973-05-27T13:30:00","timezone":"CST","state":"AL","stateName":"Alabama","county":"Marshall","countyFips":"95","wfo":"","scale":2,"scaleLabel":"F2","lengthMiles":31.5,"widthYards":500,"deaths":0,"injuries":3,"propertyDamage":250000,"cropDamage":0,"source":"","dataSource":"PUB"}},{"type":"Feature","geometry":{"type":"LineString","coordinates":[[-85.98,34.6],[-85.92,34.62]]},"properties":{"id":"ncei-1973-9977063","eventId":"9977063","episodeId":"","year":1973,"month":5,"date":"1973-05-27","beginTime":"1973-05-27T14:15:00","endTime":"1973-05-27T14:15:00","timezone":"CST","state":"AL","stateName":"Alabama","county":"Jackson","countyFips":"71","wfo":"","scale":2,"scaleLabel":"F2","lengthMiles":4.3,"widthYards":500,"deaths":0,"injuries":4,"propertyDamage":250000,"cropDamage":0,"source":"","dataSource":"PUB"}},{"type":"Feature","geometry":{"type":"LineString","coordinates":[[-87.08,33.4],[-87.08,33.4]]},"properties":{"id":"ncei-1973-9977066","eventId":"9977066","episodeId":"","year":1973,"month":5,"date":"1973-05-27","beginTime":"1973-05-27T14:56:00","endTime":"1973-05-27T14:56:00","timezone":"CST","state":"AL","stateName":"Alabama","county":"Jefferson","countyFips":"73","wfo":"","scale":2,"scaleLabel":"F2","lengthMiles":1,"widthYards":500,"deaths":0,"injuries":3,"propertyDamage":250000,"cropDamage":0,"source":"","dataSource":"PUB"}},{"type":"Feature","geometry":{"type":"LineString","coordinates":[[-86.4,33.7],[-86.27,33.75]]},"properties":{"id":"ncei-1973-9977069","eventId":"9977069","episodeId":"","year":1973,"month":5,"date":"1973-05-27","beginTime":"1973-05-27T15:35:00","endTime":"1973-05-27T15:35:00","timezone":"CST","state":"AL","stateName":"Alabama","county":"St. Clair","countyFips":"115","wfo":"","scale":2,"scaleLabel":"F2","lengthMiles":8.4,"widthYards":500,"deaths":0,"injuries":0,"propertyDamage":250000,"cropDamage":0,"source":"","dataSource":"PUB"}},{"type":"Feature","geometry":{"type":"LineString","coordinates":[[-87.8,32.53],[-87.47,32.78]]},"properties":{"id":"ncei-1973-9977072","eventId":"9977072","episodeId":"","year":1973,"month":5,"date":"1973-05-27","beginTime":"1973-05-27T17:20:00","endTime":"1973-05-27T17:20:00","timezone":"CST","state":"AL","stateName":"Alabama","county":"Hale","countyFips":"65","wfo":"","scale":4,"scaleLabel":"F4","lengthMiles":26,"widthYards":800,"deaths":1,"injuries":72,"propertyDamage":25000000,"cropDamage":0,"source":"","dataSource":"PUB"}},{"type":"Feature","geometry":{"type":"LineString","coordinates":[[-86.7,33.57],[-86.55,33.72]]},"properties":{"id":"ncei-1973-9977074","eventId":"9977074","episodeId":"","year":1973,"month":5,"date":"1973-05-27","beginTime":"1973-05-27T17:50:00","endTime":"1973-05-27T17:50:00","timezone":"CST","state":"AL","stateName":"Alabama","county":"Jefferson","countyFips":"73","wfo":"","scale":3,"scaleLabel":"F3","lengthMiles":13.5,"widthYards":800,"deaths":1,"injuries":44,"propertyDamage":25000000,"cropDamage":0,"source":"","dataSource":"PUB"}},{"type":"Feature","geometry":{"type":"LineString","coordinates":[[-86.55,33.72],[-86.15,33.95]]},"properties":{"id":"ncei-1973-9977075","eventId":"9977075","episodeId":"","year":1973,"month":5,"date":"1973-05-27","beginTime":"1973-05-27T17:50:00","endTime":"1973-05-27T17:50:00","timezone":"CST","state":"AL","stateName":"Alabama","county":"St. Clair","countyFips":"115","wfo":"","scale":3,"scaleLabel":"F3","lengthMiles":28.1,"widthYards":800,"deaths":0,"injuries":0,"propertyDamage":25000000,"cropDamage":0,"source":"","dataSource":"PUB"}},{"type":"Feature","geometry":{"type":"LineString","coordinates":[[-87.47,32.78],[-87.28,32.83]]},"properties":{"id":"ncei-1973-9977077","eventId":"9977077","episodeId":"","year":1973,"month":5,"date":"1973-05-27","beginTime":"1973-05-27T18:00:00","endTime":"1973-05-27T18:00:00","timezone":"CST","state":"AL","stateName":"Alabama","county":"Perry","countyFips":"105","wfo":"","scale":4,"scaleLabel":"F4","lengthMiles":11.2,"widthYards":800,"deaths":0,"injuries":0,"propertyDamage":25000000,"cropDamage":0,"source":"","dataSource":"PUB"}},{"type":"Feature","geometry":{"type":"LineString","coordinates":[[-87.28,32.83],[-86.93,33.08]]},"properties":{"id":"ncei-1973-9977079","eventId":"9977079","episodeId":"","year":1973,"month":5,"date":"1973-05-27","beginTime":"1973-05-27T18:16:00","endTime":"1973-05-27T18:16:00","timezone":"CST","state":"AL","stateName":"Alabama","county":"Bibb","countyFips":"7","wfo":"","scale":4,"scaleLabel":"F4","lengthMiles":26.7,"widthYards":800,"deaths":5,"injuries":47,"propertyDamage":25000000,"cropDamage":0,"source":"","dataSource":"PUB"}},{"type":"Feature","geometry":{"type":"LineString","coordinates":[[-86.93,33.08],[-86.45,33.25]]},"properties":{"id":"ncei-1973-9977080","eventId":"9977080","episodeId":"","year":1973,"month":5,"date":"1973-05-27","beginTime":"1973-05-27T19:00:00","endTime":"1973-05-27T19:00:00","timezone":"CST","state":"AL","stateName":"Alabama","county":"Shelby","countyFips":"117","wfo":"","scale":4,"scaleLabel":"F4","lengthMiles":30.2,"widthYards":800,"deaths":1,"injuries":63,"propertyDamage":25000000,"cropDamage":0,"source":"","dataSource":"PUB"}},{"type":"Feature","geometry":{"type":"LineString","coordinates":[[-86.45,33.25],[-85.9,33.45]]},"properties":{"id":"ncei-1973-9977081","eventId":"9977081","episodeId":"","year":1973,"month":5,"date":"1973-05-27","beginTime":"1973-05-27T19:20:00","endTime":"1973-05-27T19:20:00","timezone":"CST","state":"AL","stateName":"Alabama","county":"Talladega","countyFips":"121","wfo":"","scale":4,"scaleLabel":"F4","lengthMiles":34.6,"widthYards":33,"deaths":0,"injuries":17,"propertyDamage":25000000,"cropDamage":0,"source":"","dataSource":"PUB"}},{"type":"Feature","geometry":{"type":"LineString","coordinates":[[-85.9,33.45],[-85.75,33.53]]},"properties":{"id":"ncei-1973-9977082","eventId":"9977082","episodeId":"","year":1973,"month":5,"date":"1973-05-27","beginTime":"1973-05-27T19:20:00","endTime":"1973-05-27T19:20:00","timezone":"CST","state":"AL","stateName":"Alabama","county":"Clay","countyFips":"27","wfo":"","scale":4,"scaleLabel":"F4","lengthMiles":10.4,"widthYards":33,"deaths":0,"injuries":0,"propertyDamage":25000000,"cropDamage":0,"source":"","dataSource":"PUB"}},{"type":"Feature","geometry":{"type":"LineString","coordinates":[[-86.7,31.53],[-86.7,31.53]]},"properties":{"id":"ncei-1973-9977097","eventId":"9977097","episodeId":"","year":1973,"month":6,"date":"1973-06-17","beginTime":"1973-06-17T12:45:00","endTime":"1973-06-17T12:45:00","timezone":"CST","state":"AL","stateName":"Alabama","county":"Butler","countyFips":"13","wfo":"","scale":1,"scaleLabel":"F1","lengthMiles":0,"widthYards":33,"deaths":0,"injuries":0,"propertyDamage":0,"cropDamage":0,"source":"","dataSource":"PUB"}},{"type":"Feature","geometry":{"type":"LineString","coordinates":[[-88.05,30.73],[-88.05,30.73]]},"properties":{"id":"ncei-1973-9977105","eventId":"9977105","episodeId":"","year":1973,"month":7,"date":"1973-07-03","beginTime":"1973-07-03T13:45:00","endTime":"1973-07-03T13:45:00","timezone":"CST","state":"AL","stateName":"Alabama","county":"Mobile","countyFips":"97","wfo":"","scale":0,"scaleLabel":"F0","lengthMiles":0.1,"widthYards":50,"deaths":0,"injuries":0,"propertyDamage":2500,"cropDamage":0,"source":"","dataSource":"PUB"}},{"type":"Feature","geometry":{"type":"LineString","coordinates":[[-88.2,30.6],[-88.2,30.6]]},"properties":{"id":"ncei-1973-9977107","eventId":"9977107","episodeId":"","year":1973,"month":7,"date":"1973-07-10","beginTime":"1973-07-10T17:00:00","endTime":"1973-07-10T17:00:00","timezone":"CST","state":"AL","stateName":"Alabama","county":"Mobile","countyFips":"97","wfo":"","scale":0,"scaleLabel":"F0","lengthMiles":0.1,"widthYards":50,"deaths":0,"injuries":0,"propertyDamage":25000,"cropDamage":0,"source":"","dataSource":"PUB"}},{"type":"Feature","geometry":{"type":"LineString","coordinates":[[-86.27,31.72],[-86.27,31.72]]},"properties":{"id":"ncei-1973-9977120","eventId":"9977120","episodeId":"","year":1973,"month":11,"date":"1973-11-20","beginTime":"1973-11-20T15:00:00","endTime":"1973-11-20T15:00:00","timezone":"CST","state":"AL","stateName":"Alabama","county":"Crenshaw","countyFips":"41","wfo":"","scale":2,"scaleLabel":"F2","lengthMiles":0,"widthYards":33,"deaths":0,"injuries":0,"propertyDamage":25000,"cropDamage":0,"source":"","dataSource":"PUB"}},{"type":"Feature","geometry":{"type":"LineString","coordinates":[[-85.18,32.82],[-85.18,32.82]]},"properties":{"id":"ncei-1973-9977121","eventId":"9977121","episodeId":"","year":1973,"month":11,"date":"1973-11-21","beginTime":"1973-11-21T07:45:00","endTime":"1973-11-21T07:45:00","timezone":"CST","state":"AL","stateName":"Alabama","county":"Chambers","countyFips":"17","wfo":"","scale":1,"scaleLabel":"F1","lengthMiles":0,"widthYards":33,"deaths":0,"injuries":0,"propertyDamage":25000,"cropDamage":0,"source":"","dataSource":"PUB"}},{"type":"Feature","geometry":{"type":"LineString","coordinates":[[-87.12,34.05],[-87.12,34.05]]},"properties":{"id":"ncei-1973-9977123","eventId":"9977123","episodeId":"","year":1973,"month":11,"date":"1973-11-26","beginTime":"1973-11-26T16:20:00","endTime":"1973-11-26T16:20:00","timezone":"CST","state":"AL","stateName":"Alabama","county":"Winston","countyFips":"133","wfo":"","scale":2,"scaleLabel":"F2","lengthMiles":0,"widthYards":33,"deaths":0,"injuries":0,"propertyDamage":25000,"cropDamage":0,"source":"","dataSource":"PUB"}},{"type":"Feature","geometry":{"type":"LineString","coordinates":[[-88,33.78],[-88,33.78]]},"properties":{"id":"ncei-1973-9977124","eventId":"9977124","episodeId":"","year":1973,"month":11,"date":"1973-11-26","beginTime":"1973-11-26T16:38:00","endTime":"1973-11-26T16:38:00","timezone":"CST","state":"AL","stateName":"Alabama","county":"Lamar","countyFips":"75","wfo":"","scale":1,"scaleLabel":"F1","lengthMiles":0,"widthYards":33,"deaths":0,"injuries":0,"propertyDamage":0,"cropDamage":0,"source":"","dataSource":"PUB"}},{"type":"Feature","geometry":{"type":"LineString","coordinates":[[-87.9,33.97],[-87.83,34.02]]},"properties":{"id":"ncei-1973-9977128","eventId":"9977128","episodeId":"","year":1973,"month":11,"date":"1973-11-26","beginTime":"1973-11-26T18:15:00","endTime":"1973-11-26T18:15:00","timezone":"CST","state":"AL","stateName":"Alabama","county":"Marion","countyFips":"93","wfo":"","scale":2,"scaleLabel":"F2","lengthMiles":5.4,"widthYards":33,"deaths":0,"injuries":5,"propertyDamage":250000,"cropDamage":0,"source":"","dataSource":"PUB"}},{"type":"Feature","geometry":{"type":"LineString","coordinates":[[-87.03,34],[-87.03,34]]},"properties":{"id":"ncei-1973-9977130","eventId":"9977130","episodeId":"","year":1973,"month":11,"date":"1973-11-27","beginTime":"1973-11-27T18:30:00","endTime":"1973-11-27T18:30:00","timezone":"CST","state":"AL","stateName":"Alabama","county":"Cullman","countyFips":"43","wfo":"","scale":2,"scaleLabel":"F2","lengthMiles":0,"widthYards":33,"deaths":0,"injuries":0,"propertyDamage":250000,"cropDamage":0,"source":"","dataSource":"PUB"}},{"type":"Feature","geometry":{"type":"LineString","coordinates":[[-86.78,34.63],[-86.57,34.73]]},"properties":{"id":"ncei-1973-9977131","eventId":"9977131","episodeId":"","year":1973,"month":11,"date":"1973-11-27","beginTime":"1973-11-27T18:33:00","endTime":"1973-11-27T18:33:00","timezone":"CST","state":"AL","stateName":"Alabama","county":"Madison","countyFips":"89","wfo":"","scale":3,"scaleLabel":"F3","lengthMiles":14.1,"widthYards":200,"deaths":0,"injuries":42,"propertyDamage":2500000,"cropDamage":0,"source":"","dataSource":"PUB"}},{"type":"Feature","geometry":{"type":"LineString","coordinates":[[-86.82,34.32],[-86.73,34.33]]},"properties":{"id":"ncei-1973-9977132","eventId":"9977132","episodeId":"","year":1973,"month":11,"date":"1973-11-27","beginTime":"1973-11-27T18:45:00","endTime":"1973-11-27T18:45:00","timezone":"CST","state":"AL","stateName":"Alabama","county":"Morgan","countyFips":"103","wfo":"","scale":2,"scaleLabel":"F2","lengthMiles":5.1,"widthYards":33,"deaths":0,"injuries":3,"propertyDamage":250000,"cropDamage":0,"source":"","dataSource":"PUB"}},{"type":"Feature","geometry":{"type":"LineString","coordinates":[[-88.22,30.53],[-88.17,30.55]]},"properties":{"id":"ncei-1973-9978208","eventId":"9978208","episodeId":"","year":1973,"month":12,"date":"1973-12-26","beginTime":"1973-12-26T03:30:00","endTime":"1973-12-26T03:30:00","timezone":"CST","state":"AL","stateName":"Alabama","county":"Mobile","countyFips":"97","wfo":"","scale":2,"scaleLabel":"F2","lengthMiles":3.8,"widthYards":50,"deaths":0,"injuries":1,"propertyDamage":25000,"cropDamage":0,"source":"","dataSource":"PUB"}},{"type":"Feature","geometry":{"type":"LineString","coordinates":[[-86.08,33.03],[-86.08,33.03]]},"properties":{"id":"ncei-1973-9978213","eventId":"9978213","episodeId":"","year":1973,"month":12,"date":"1973-12-26","beginTime":"1973-12-26T06:50:00","endTime":"1973-12-26T06:50:00","timezone":"CST","state":"AL","stateName":"Alabama","county":"Talladega","countyFips":"121","wfo":"","scale":2,"scaleLabel":"F2","lengthMiles":0.1,"widthYards":27,"deaths":0,"injuries":1,"propertyDamage":25000,"cropDamage":0,"source":"","dataSource":"PUB"}},{"type":"Feature","geometry":{"type":"LineString","coordinates":[[-86.75,33.9],[-86.75,33.9]]},"properties":{"id":"ncei-1973-9978220","eventId":"9978220","episodeId":"","year":1973,"month":12,"date":"1973-12-29","beginTime":"1973-12-29T14:55:00","endTime":"1973-12-29T14:55:00","timezone":"CST","state":"AL","stateName":"Alabama","county":"Blount","countyFips":"9","wfo":"","scale":1,"scaleLabel":"F1","lengthMiles":0,"widthYards":30,"deaths":0,"injuries":0,"propertyDamage":0,"cropDamage":0,"source":"","dataSource":"PUB"}},{"type":"Feature","geometry":{"type":"LineString","coordinates":[[-85.9,31.32],[-85.8,31.33]]},"properties":{"id":"ncei-1973-9978223","eventId":"9978223","episodeId":"","year":1973,"month":12,"date":"1973-12-29","beginTime":"1973-12-29T16:25:00","endTime":"1973-12-29T16:25:00","timezone":"CST","state":"AL","stateName":"Alabama","county":"Coffee","countyFips":"31","wfo":"","scale":3,"scaleLabel":"F3","lengthMiles":5.9,"widthYards":67,"deaths":0,"injuries":11,"propertyDamage":2500000,"cropDamage":0,"source":"","dataSource":"PUB"}},{"type":"Feature","geometry":{"type":"LineString","coordinates":[[-85.8,31.33],[-85.7,31.33]]},"properties":{"id":"ncei-1973-9978224","eventId":"9978224","episodeId":"","year":1973,"month":12,"date":"1973-12-29","beginTime":"1973-12-29T16:25:00","endTime":"1973-12-29T16:25:00","timezone":"CST","state":"AL","stateName":"Alabama","county":"Dale","countyFips":"45","wfo":"","scale":3,"scaleLabel":"F3","lengthMiles":5.7,"widthYards":67,"deaths":0,"injuries":0,"propertyDamage":2500000,"cropDamage":0,"source":"","dataSource":"PUB"}},{"type":"Feature","geometry":{"type":"LineString","coordinates":[[-86.73,33.72],[-86.73,33.72]]},"properties":{"id":"ncei-1973-9978225","eventId":"9978225","episodeId":"","year":1973,"month":12,"date":"1973-12-29","beginTime":"1973-12-29T16:35:00","endTime":"1973-12-29T16:35:00","timezone":"CST","state":"AL","stateName":"Alabama","county":"Jefferson","countyFips":"73","wfo":"","scale":1,"scaleLabel":"F1","lengthMiles":0.5,"widthYards":50,"deaths":0,"injuries":0,"propertyDamage":0,"cropDamage":0,"source":"","dataSource":"PUB"}},{"type":"Feature","geometry":{"type":"LineString","coordinates":[[-86.02,34.28],[-86.02,34.28]]},"properties":{"id":"ncei-1973-9978227","eventId":"9978227","episodeId":"","year":1973,"month":12,"date":"1973-12-29","beginTime":"1973-12-29T17:15:00","endTime":"1973-12-29T17:15:00","timezone":"CST","state":"AL","stateName":"Alabama","county":"Dekalb","countyFips":"49","wfo":"","scale":2,"scaleLabel":"F2","lengthMiles":0.3,"widthYards":100,"deaths":0,"injuries":1,"propertyDamage":250000,"cropDamage":0,"source":"","dataSource":"PUB"}},{"type":"Feature","geometry":{"type":"LineString","coordinates":[[-85.35,31.35],[-85.17,31.5]]},"properties":{"id":"ncei-1973-9978228","eventId":"9978228","episodeId":"","year":1973,"month":12,"date":"1973-12-29","beginTime":"1973-12-29T18:40:00","endTime":"1973-12-29T18:40:00","timezone":"CST","state":"AL","stateName":"Alabama","county":"Henry","countyFips":"67","wfo":"","scale":3,"scaleLabel":"F3","lengthMiles":15,"widthYards":70,"deaths":0,"injuries":2,"propertyDamage":2500000,"cropDamage":0,"source":"","dataSource":"PUB"}},{"type":"Feature","geometry":{"type":"LineString","coordinates":[[-85.65,31.45],[-85.65,31.45]]},"properties":{"id":"ncei-1973-9978231","eventId":"9978231","episodeId":"","year":1973,"month":12,"date":"1973-12-30","beginTime":"1973-12-30T16:58:00","endTime":"1973-12-30T16:58:00","timezone":"CST","state":"AL","stateName":"Alabama","county":"Dale","countyFips":"45","wfo":"","scale":3,"scaleLabel":"F3","lengthMiles":1.5,"widthYards":120,"deaths":0,"injuries":14,"propertyDamage":2500,"cropDamage":0,"source":"","dataSource":"PUB"}},{"type":"Feature","geometry":{"type":"LineString","coordinates":[[-87.77,30.63],[-87.77,30.63]]},"properties":{"id":"ncei-1973-9978232","eventId":"9978232","episodeId":"","year":1973,"month":12,"date":"1973-12-31","beginTime":"1973-12-31T10:50:00","endTime":"1973-12-31T10:50:00","timezone":"CST","state":"AL","stateName":"Alabama","county":"Baldwin","countyFips":"3","wfo":"","scale":1,"scaleLabel":"F1","lengthMiles":1,"widthYards":100,"deaths":0,"injuries":0,"propertyDamage":2500,"cropDamage":0,"source":"","dataSource":"PUB"}},{"type":"Feature","geometry":{"type":"LineString","coordinates":[[-86.07,34.33],[-86.07,34.33]]},"properties":{"id":"ncei-1973-9978618","eventId":"9978618","episodeId":"","year":1973,"month":1,"date":"1973-01-26","beginTime":"1973-01-26T15:45:00","endTime":"1973-01-26T15:45:00","timezone":"CST","state":"AL","stateName":"Alabama","county":"Marshall","countyFips":"95","wfo":"","scale":2,"scaleLabel":"F2","lengthMiles":0,"widthYards":33,"deaths":0,"injuries":0,"propertyDamage":25000,"cropDamage":0,"source":"","dataSource":"PUB"}},{"type":"Feature","geometry":{"type":"LineString","coordinates":[[-86.5,32.7],[-86.38,32.8]]},"properties":{"id":"ncei-1973-9978624","eventId":"9978624","episodeId":"","year":1973,"month":3,"date":"1973-03-16","beginTime":"1973-03-16T07:30:00","endTime":"1973-03-16T07:30:00","timezone":"CST","state":"AL","stateName":"Alabama","county":"Chilton","countyFips":"21","wfo":"","scale":2,"scaleLabel":"F2","lengthMiles":9.7,"widthYards":77,"deaths":0,"injuries":0,"propertyDamage":250000,"cropDamage":0,"source":"","dataSource":"PUB"}},{"type":"Feature","geometry":{"type":"LineString","coordinates":[[-88.18,32.67],[-88.18,32.67]]},"properties":{"id":"ncei-1973-9978625","eventId":"9978625","episodeId":"","year":1973,"month":3,"date":"1973-03-16","beginTime":"1973-03-16T10:20:00","endTime":"1973-03-16T10:20:00","timezone":"CST","state":"AL","stateName":"Alabama","county":"Sumter","countyFips":"119","wfo":"","scale":1,"scaleLabel":"F1","lengthMiles":1,"widthYards":100,"deaths":0,"injuries":0,"propertyDamage":250000,"cropDamage":0,"source":"","dataSource":"PUB"}},{"type":"Feature","geometry":{"type":"LineString","coordinates":[[-87.67,32.9],[-87.6,32.92]]},"properties":{"id":"ncei-1973-9978626","eventId":"9978626","episodeId":"","year":1973,"month":3,"date":"1973-03-16","beginTime":"1973-03-16T10:30:00","endTime":"1973-03-16T10:30:00","timezone":"CST","state":"AL","stateName":"Alabama","county":"Hale","countyFips":"65","wfo":"","scale":2,"scaleLabel":"F2","lengthMiles":4.5,"widthYards":100,"deaths":0,"injuries":0,"propertyDamage":25000,"cropDamage":0,"source":"","dataSource":"PUB"}},{"type":"Feature","geometry":{"type":"LineString","coordinates":[[-87.67,32.62],[-87.52,32.67]]},"properties":{"id":"ncei-1973-9978627","eventId":"9978627","episodeId":"","year":1973,"month":3,"date":"1973-03-16","beginTime":"1973-03-16T11:00:00","endTime":"1973-03-16T11:00:00","timezone":"CST","state":"AL","stateName":"Alabama","county":"Hale","countyFips":"65","wfo":"","scale":2,"scaleLabel":"F2","lengthMiles":9.5,"widthYards":33,"deaths":0,"injuries":0,"propertyDamage":250000,"cropDamage":0,"source":"","dataSource":"PUB"}},{"type":"Feature","geometry":{"type":"LineString","coordinates":[[-86.82,33.28],[-86.75,33.3]]},"properties":{"id":"ncei-1973-9978628","eventId":"9978628","episodeId":"","year":1973,"month":3,"date":"1973-03-16","beginTime":"1973-03-16T12:10:00","endTime":"1973-03-16T12:10:00","timezone":"CST","state":"AL","stateName":"Alabama","county":"Shelby","countyFips":"117","wfo":"","scale":2,"scaleLabel":"F2","lengthMiles":4.3,"widthYards":33,"deaths":0,"injuries":5,"propertyDamage":250000,"cropDamage":0,"source":"","dataSource":"PUB"}},{"type":"Feature","geometry":{"type":"LineString","coordinates":[[-86.28,33.58],[-86.28,33.58]]},"properties":{"id":"ncei-1973-9978629","eventId":"9978629","episodeId":"","year":1973,"month":3,"date":"1973-03-16","beginTime":"1973-03-16T12:30:00","endTime":"1973-03-16T12:30:00","timezone":"CST","state":"AL","stateName":"Alabama","county":"St. Clair","countyFips":"115","wfo":"","scale":1,"scaleLabel":"F1","lengthMiles":1,"widthYards":33,"deaths":0,"injuries":0,"propertyDamage":250000,"cropDamage":0,"source":"","dataSource":"PUB"}},{"type":"Feature","geometry":{"type":"LineString","coordinates":[[-91.12,34.77],[-91.02,34.8]]},"properties":{"id":"ncei-1973-9979997","eventId":"9979997","episodeId":"","year":1973,"month":11,"date":"1973-11-23","beginTime":"1973-11-23T18:00:00","endTime":"1973-11-23T18:00:00","timezone":"CST","state":"AR","stateName":"Arkansas","county":"Lee","countyFips":"77","wfo":"","scale":2,"scaleLabel":"F2","lengthMiles":6.2,"widthYards":200,"deaths":0,"injuries":1,"propertyDamage":250000,"cropDamage":0,"source":"","dataSource":"PUB"}},{"type":"Feature","geometry":{"type":"LineString","coordinates":[[-94.07,33.58],[-94.07,33.58]]},"properties":{"id":"ncei-1973-9980000","eventId":"9980000","episodeId":"","year":1973,"month":11,"date":"1973-11-24","beginTime":"1973-11-24T18:15:00","endTime":"1973-11-24T18:15:00","timezone":"CST","state":"AR","stateName":"Arkansas","county":"Little River","countyFips":"81","wfo":"","scale":2,"scaleLabel":"F2","lengthMiles":0,"widthYards":33,"deaths":0,"injuries":0,"propertyDamage":2500,"cropDamage":0,"source":"","dataSource":"PUB"}},{"type":"Feature","geometry":{"type":"LineString","coordinates":[[-93.2,34.6],[-93.12,34.63]]},"properties":{"id":"ncei-1973-9980004","eventId":"9980004","episodeId":"","year":1973,"month":11,"date":"1973-11-24","beginTime":"1973-11-24T18:40:00","endTime":"1973-11-24T18:40:00","timezone":"CST","state":"AR","stateName":"Arkansas","county":"Garland","countyFips":"51","wfo":"","scale":2,"scaleLabel":"F2","lengthMiles":5.4,"widthYards":133,"deaths":0,"injuries":0,"propertyDamage":25000,"cropDamage":0,"source":"","dataSource":"PUB"}},{"type":"Feature","geometry":{"type":"LineString","coordinates":[[-93.08,34.12],[-93.08,34.12]]},"properties":{"id":"ncei-1973-9980007","eventId":"9980007","episodeId":"","year":1973,"month":11,"date":"1973-11-24","beginTime":"1973-11-24T19:00:00","endTime":"1973-11-24T19:00:00","timezone":"CST","state":"AR","stateName":"Arkansas","county":"Clark","countyFips":"19","wfo":"","scale":1,"scaleLabel":"F1","lengthMiles":0.3,"widthYards":50,"deaths":0,"injuries":0,"propertyDamage":2500,"cropDamage":0,"source":"","dataSource":"PUB"}},{"type":"Feature","geometry":{"type":"LineString","coordinates":[[-92.52,34.83],[-92.52,34.83]]},"properties":{"id":"ncei-1973-9980008","eventId":"9980008","episodeId":"","year":1973,"month":11,"date":"1973-11-24","beginTime":"1973-11-24T19:10:00","endTime":"1973-11-24T19:10:00","timezone":"CST","state":"AR","stateName":"Arkansas","county":"Pulaski","countyFips":"119","wfo":"","scale":1,"scaleLabel":"F1","lengthMiles":1,"widthYards":40,"deaths":0,"injuries":0,"propertyDamage":2500,"cropDamage":0,"source":"","dataSource":"PUB"}},{"type":"Feature","geometry":{"type":"LineString","coordinates":[[-92.45,34.95],[-92.45,34.95]]},"properties":{"id":"ncei-1973-9980009","eventId":"9980009","episodeId":"","year":1973,"month":11,"date":"1973-11-24","beginTime":"1973-11-24T19:30:00","endTime":"1973-11-24T19:30:00","timezone":"CST","state":"AR","stateName":"Arkansas","county":"Faulkner","countyFips":"45","wfo":"","scale":2,"scaleLabel":"F2","lengthMiles":0,"widthYards":33,"deaths":0,"injuries":0,"propertyDamage":25000,"cropDamage":0,"source":"","dataSource":"PUB"}},{"type":"Feature","geometry":{"type":"LineString","coordinates":[[-92.08,35.33],[-92.08,35.33]]},"properties":{"id":"ncei-1973-9980014","eventId":"9980014","episodeId":"","year":1973,"month":11,"date":"1973-11-24","beginTime":"1973-11-24T20:00:00","endTime":"1973-11-24T20:00:00","timezone":"CST","state":"AR","stateName":"Arkansas","county":"White","countyFips":"145","wfo":"","scale":2,"scaleLabel":"F2","lengthMiles":1.3,"widthYards":100,"deaths":1,"injuries":8,"propertyDamage":250000,"cropDamage":0,"source":"","dataSource":"PUB"}},{"type":"Feature","geometry":{"type":"LineString","coordinates":[[-91.53,35.45],[-91.53,35.45]]},"properties":{"id":"ncei-1973-9980016","eventId":"9980016","episodeId":"","year":1973,"month":11,"date":"1973-11-24","beginTime":"1973-11-24T20:30:00","endTime":"1973-11-24T20:30:00","timezone":"CST","state":"AR","stateName":"Arkansas","county":"White","countyFips":"145","wfo":"","scale":1,"scaleLabel":"F1","lengthMiles":0,"widthYards":33,"deaths":0,"injuries":4,"propertyDamage":250000,"cropDamage":0,"source":"","dataSource":"PUB"}},{"type":"Feature","geometry":{"type":"LineString","coordinates":[[-91.12,35.82],[-91.12,35.82]]},"properties":{"id":"ncei-1973-9980018","eventId":"9980018","episodeId":"","year":1973,"month":11,"date":"1973-11-24","beginTime":"1973-11-24T20:55:00","endTime":"1973-11-24T20:55:00","timezone":"CST","state":"AR","stateName":"Arkansas","county":"Jackson","countyFips":"67","wfo":"","scale":2,"scaleLabel":"F2","lengthMiles":1,"widthYards":200,"deaths":0,"injuries":1,"propertyDamage":250000,"cropDamage":0,"source":"","dataSource":"PUB"}},{"type":"Feature","geometry":{"type":"LineString","coordinates":[[-91.13,35.63],[-91.13,35.63]]},"properties":{"id":"ncei-1973-9980021","eventId":"9980021","episodeId":"","year":1973,"month":11,"date":"1973-11-24","beginTime":"1973-11-24T21:35:00","endTime":"1973-11-24T21:35:00","timezone":"CST","state":"AR","stateName":"Arkansas","county":"Jackson","countyFips":"67","wfo":"","scale":2,"scaleLabel":"F2","lengthMiles":1.8,"widthYards":200,"deaths":0,"injuries":0,"propertyDamage":250000,"cropDamage":0,"source":"","dataSource":"PUB"}},{"type":"Feature","geometry":{"type":"LineString","coordinates":[[-93.3,33.33],[-93.3,33.33]]},"properties":{"id":"ncei-1973-9980025","eventId":"9980025","episodeId":"","year":1973,"month":12,"date":"1973-12-03","beginTime":"1973-12-03T19:45:00","endTime":"1973-12-03T19:45:00","timezone":"CST","state":"AR","stateName":"Arkansas","county":"Columbia","countyFips":"27","wfo":"","scale":1,"scaleLabel":"F1","lengthMiles":0.2,"widthYards":50,"deaths":0,"injuries":1,"propertyDamage":250000,"cropDamage":0,"source":"","dataSource":"PUB"}},{"type":"Feature","geometry":{"type":"LineString","coordinates":[[-110.23,34.83],[-110.23,34.83]]},"properties":{"id":"ncei-1973-9981085","eventId":"9981085","episodeId":"","year":1973,"month":4,"date":"1973-04-20","beginTime":"1973-04-20T14:55:00","endTime":"1973-04-20T14:55:00","timezone":"CST","state":"AZ","stateName":"Arizona","county":"Navajo","countyFips":"17","wfo":"","scale":0,"scaleLabel":"F0","lengthMiles":0,"widthYards":33,"deaths":0,"injuries":0,"propertyDamage":0,"cropDamage":0,"source":"","dataSource":"PUB"}},{"type":"Feature","geometry":{"type":"LineString","coordinates":[[-112.43,34.6],[-112.43,34.6]]},"properties":{"id":"ncei-1973-9981091","eventId":"9981091","episodeId":"","year":1973,"month":8,"date":"1973-08-02","beginTime":"1973-08-02T13:50:00","endTime":"1973-08-02T13:50:00","timezone":"CST","state":"AZ","stateName":"Arizona","county":"Yavapai","countyFips":"25","wfo":"","scale":0,"scaleLabel":"F0","lengthMiles":0.3,"widthYards":10,"deaths":0,"injuries":0,"propertyDamage":0,"cropDamage":0,"source":"","dataSource":"PUB"}},{"type":"Feature","geometry":{"type":"LineString","coordinates":[[-91.3,33.8],[-91.3,33.8]]},"properties":{"id":"ncei-1973-9983354","eventId":"9983354","episodeId":"","year":1973,"month":4,"date":"1973-04-24","beginTime":"1973-04-24T08:15:00","endTime":"1973-04-24T08:15:00","timezone":"CST","state":"AR","stateName":"Arkansas","county":"Desha","countyFips":"41","wfo":"","scale":2,"scaleLabel":"F2","lengthMiles":0,"widthYards":33,"deaths":0,"injuries":0,"propertyDamage":25000,"cropDamage":0,"source":"","dataSource":"PUB"}},{"type":"Feature","geometry":{"type":"LineString","coordinates":[[-93.1,33.1],[-93.1,33.1]]},"properties":{"id":"ncei-1973-9983355","eventId":"9983355","episodeId":"","year":1973,"month":4,"date":"1973-04-24","beginTime":"1973-04-24T09:50:00","endTime":"1973-04-24T09:50:00","timezone":"CST","state":"AR","stateName":"Arkansas","county":"Columbia","countyFips":"27","wfo":"","scale":1,"scaleLabel":"F1","lengthMiles":0,"widthYards":33,"deaths":0,"injuries":0,"propertyDamage":0,"cropDamage":0,"source":"","dataSource":"PUB"}},{"type":"Feature","geometry":{"type":"LineString","coordinates":[[-93.38,33.8],[-93.38,33.8]]},"properties":{"id":"ncei-1973-9983356","eventId":"9983356","episodeId":"","year":1973,"month":4,"date":"1973-04-24","beginTime":"1973-04-24T10:05:00","endTime":"1973-04-24T10:05:00","timezone":"CST","state":"AR","stateName":"Arkansas","county":"Nevada","countyFips":"99","wfo":"","scale":1,"scaleLabel":"F1","lengthMiles":0,"widthYards":33,"deaths":0,"injuries":0,"propertyDamage":0,"cropDamage":0,"source":"","dataSource":"PUB"}},{"type":"Feature","geometry":{"type":"LineString","coordinates":[[-92.02,34.73],[-92.02,34.73]]},"properties":{"id":"ncei-1973-9983357","eventId":"9983357","episodeId":"","year":1973,"month":4,"date":"1973-04-24","beginTime":"1973-04-24T10:12:00","endTime":"1973-04-24T10:12:00","timezone":"CST","state":"AR","stateName":"Arkansas","county":"Pulaski","countyFips":"119","wfo":"","scale":0,"scaleLabel":"F0","lengthMiles":0,"widthYards":33,"deaths":0,"injuries":0,"propertyDamage":0,"cropDamage":0,"source":"","dataSource":"PUB"}},{"type":"Feature","geometry":{"type":"LineString","coordinates":[[-94.55,36.18],[-94.5,36.22]]},"properties":{"id":"ncei-1973-9983363","eventId":"9983363","episodeId":"","year":1973,"month":5,"date":"1973-05-01","beginTime":"1973-05-01T14:30:00","endTime":"1973-05-01T14:30:00","timezone":"CST","state":"AR","stateName":"Arkansas","county":"Benton","countyFips":"7","wfo":"","scale":2,"scaleLabel":"F2","lengthMiles":3.8,"widthYards":150,"deaths":0,"injuries":4,"propertyDamage":250000,"cropDamage":0,"source":"","dataSource":"PUB"}},{"type":"Feature","geometry":{"type":"LineString","coordinates":[[-92.63,35.9],[-92.58,35.9]]},"properties":{"id":"ncei-1973-9983364","eventId":"9983364","episodeId":"","year":1973,"month":5,"date":"1973-05-07","beginTime":"1973-05-07T01:25:00","endTime":"1973-05-07T01:25:00","timezone":"CST","state":"AR","stateName":"Arkansas","county":"Searcy","countyFips":"129","wfo":"","scale":2,"scaleLabel":"F2","lengthMiles":2.7,"widthYards":150,"deaths":0,"injuries":0,"propertyDamage":250000,"cropDamage":0,"source":"","dataSource":"PUB"}},{"type":"Feature","geometry":{"type":"LineString","coordinates":[[-92.38,36.47],[-92.38,36.47]]},"properties":{"id":"ncei-1973-9983366","eventId":"9983366","episodeId":"","year":1973,"month":5,"date":"1973-05-07","beginTime":"1973-05-07T14:05:00","endTime":"1973-05-07T14:05:00","timezone":"CST","state":"AR","stateName":"Arkansas","county":"Baxter","countyFips":"5","wfo":"","scale":2,"scaleLabel":"F2","lengthMiles":2,"widthYards":100,"deaths":0,"injuries":0,"propertyDamage":25000,"cropDamage":0,"source":"","dataSource":"PUB"}},{"type":"Feature","geometry":{"type":"LineString","coordinates":[[-90.5,35.6],[-90.53,35.67]]},"properties":{"id":"ncei-1973-9983367","eventId":"9983367","episodeId":"","year":1973,"month":5,"date":"1973-05-07","beginTime":"1973-05-07T18:45:00","endTime":"1973-05-07T18:45:00","timezone":"CST","state":"AR","stateName":"Arkansas","county":"Poinsett","countyFips":"111","wfo":"","scale":2,"scaleLabel":"F2","lengthMiles":4.7,"widthYards":100,"deaths":0,"injuries":2,"propertyDamage":25000,"cropDamage":0,"source":"","dataSource":"PUB"}},{"type":"Feature","geometry":{"type":"LineString","coordinates":[[-93.83,36.42],[-93.73,36.43]]},"properties":{"id":"ncei-1973-9983385","eventId":"9983385","episodeId":"","year":1973,"month":5,"date":"1973-05-26","beginTime":"1973-05-26T17:00:00","endTime":"1973-05-26T17:00:00","timezone":"CST","state":"AR","stateName":"Arkansas","county":"Benton","countyFips":"7","wfo":"","scale":2,"scaleLabel":"F2","lengthMiles":5.6,"widthYards":100,"deaths":0,"injuries":0,"propertyDamage":250000,"cropDamage":0,"source":"","dataSource":"PUB"}},{"type":"Feature","geometry":{"type":"LineString","coordinates":[[-94,36.2],[-94,36.2]]},"properties":{"id":"ncei-1973-9983386","eventId":"9983386","episodeId":"","year":1973,"month":5,"date":"1973-05-26","beginTime":"1973-05-26T17:55:00","endTime":"1973-05-26T17:55:00","timezone":"CST","state":"AR","stateName":"Arkansas","county":"Benton","countyFips":"7","wfo":"","scale":0,"scaleLabel":"F0","lengthMiles":0.5,"widthYards":100,"deaths":0,"injuries":0,"propertyDamage":0,"cropDamage":0,"source":"","dataSource":"PUB"}},{"type":"Feature","geometry":{"type":"LineString","coordinates":[[-93.57,36.33],[-93.57,36.33]]},"properties":{"id":"ncei-1973-9983387","eventId":"9983387","episodeId":"","year":1973,"month":5,"date":"1973-05-26","beginTime":"1973-05-26T21:25:00","endTime":"1973-05-26T21:25:00","timezone":"CST","state":"AR","stateName":"Arkansas","county":"Carroll","countyFips":"15","wfo":"","scale":2,"scaleLabel":"F2","lengthMiles":2,"widthYards":200,"deaths":0,"injuries":2,"propertyDamage":250000,"cropDamage":0,"source":"","dataSource":"PUB"}},{"type":"Feature","geometry":{"type":"LineString","coordinates":[[-94.32,35.43],[-94.32,35.43]]},"properties":{"id":"ncei-1973-9983388","eventId":"9983388","episodeId":"","year":1973,"month":5,"date":"1973-05-26","beginTime":"1973-05-26T21:30:00","endTime":"1973-05-26T21:30:00","timezone":"CST","state":"AR","stateName":"Arkansas","county":"Crawford","countyFips":"33","wfo":"","scale":1,"scaleLabel":"F1","lengthMiles":1,"widthYards":100,"deaths":0,"injuries":23,"propertyDamage":250000,"cropDamage":0,"source":"","dataSource":"PUB"}},{"type":"Feature","geometry":{"type":"LineString","coordinates":[[-91.37,35.27],[-91.27,35.37]]},"properties":{"id":"ncei-1973-9983389","eventId":"9983389","episodeId":"","year":1973,"month":5,"date":"1973-05-26","beginTime":"1973-05-26T22:30:00","endTime":"1973-05-26T22:30:00","timezone":"CST","state":"AR","stateName":"Arkansas","county":"Woodruff","countyFips":"147","wfo":"","scale":4,"scaleLabel":"F4","lengthMiles":9,"widthYards":300,"deaths":0,"injuries":0,"propertyDamage":25000,"cropDamage":0,"source":"","dataSource":"PUB"}},{"type":"Feature","geometry":{"type":"LineString","coordinates":[[-91.27,35.37],[-91.03,35.53]]},"properties":{"id":"ncei-1973-9983390","eventId":"9983390","episodeId":"","year":1973,"month":5,"date":"1973-05-26","beginTime":"1973-05-26T22:45:00","endTime":"1973-05-26T22:45:00","timezone":"CST","state":"AR","stateName":"Arkansas","county":"Jackson","countyFips":"67","wfo":"","scale":4,"scaleLabel":"F4","lengthMiles":17.3,"widthYards":300,"deaths":0,"injuries":7,"propertyDamage":25000,"cropDamage":0,"source":"","dataSource":"PUB"}},{"type":"Feature","geometry":{"type":"LineString","coordinates":[[-91.03,35.53],[-90.87,35.7]]},"properties":{"id":"ncei-1973-9983391","eventId":"9983391","episodeId":"","year":1973,"month":5,"date":"1973-05-26","beginTime":"1973-05-26T23:00:00","endTime":"1973-05-26T23:00:00","timezone":"CST","state":"AR","stateName":"Arkansas","county":"Poinsett","countyFips":"111","wfo":"","scale":4,"scaleLabel":"F4","lengthMiles":14.7,"widthYards":300,"deaths":0,"injuries":25,"propertyDamage":25000,"cropDamage":0,"source":"","dataSource":"PUB"}},{"type":"Feature","geometry":{"type":"LineString","coordinates":[[-90.87,35.7],[-90.68,35.83]]},"properties":{"id":"ncei-1973-9983392","eventId":"9983392","episodeId":"","year":1973,"month":5,"date":"1973-05-26","beginTime":"1973-05-26T23:15:00","endTime":"1973-05-26T23:15:00","timezone":"CST","state":"AR","stateName":"Arkansas","county":"Craighead","countyFips":"31","wfo":"","scale":4,"scaleLabel":"F4","lengthMiles":13.8,"widthYards":300,"deaths":3,"injuries":257,"propertyDamage":25000,"cropDamage":0,"source":"","dataSource":"PUB"}},{"type":"Feature","geometry":{"type":"LineString","coordinates":[[-91.8,36],[-91.8,36]]},"properties":{"id":"ncei-1973-9983397","eventId":"9983397","episodeId":"","year":1973,"month":6,"date":"1973-06-02","beginTime":"1973-06-02T17:45:00","endTime":"1973-06-02T17:45:00","timezone":"CST","state":"AR","stateName":"Arkansas","county":"Izard","countyFips":"65","wfo":"","scale":1,"scaleLabel":"F1","lengthMiles":0.2,"widthYards":33,"deaths":0,"injuries":0,"propertyDamage":25000,"cropDamage":0,"source":"","dataSource":"PUB"}},{"type":"Feature","geometry":{"type":"LineString","coordinates":[[-90.47,34.95],[-90.47,34.95]]},"properties":{"id":"ncei-1973-9983410","eventId":"9983410","episodeId":"","year":1973,"month":8,"date":"1973-08-14","beginTime":"1973-08-14T01:30:00","endTime":"1973-08-14T01:30:00","timezone":"CST","state":"AR","stateName":"Arkansas","county":"St. Francis","countyFips":"123","wfo":"","scale":2,"scaleLabel":"F2","lengthMiles":0.3,"widthYards":50,"deaths":0,"injuries":0,"propertyDamage":250000,"cropDamage":0,"source":"","dataSource":"PUB"}},{"type":"Feature","geometry":{"type":"LineString","coordinates":[[-93.33,34.48],[-93.33,34.48]]},"properties":{"id":"ncei-1973-9983412","eventId":"9983412","episodeId":"","year":1973,"month":9,"date":"1973-09-01","beginTime":"1973-09-01T16:10:00","endTime":"1973-09-01T16:10:00","timezone":"CST","state":"AR","stateName":"Arkansas","county":"Garland","countyFips":"51","wfo":"","scale":0,"scaleLabel":"F0","lengthMiles":0.5,"widthYards":50,"deaths":0,"injuries":0,"propertyDamage":2500,"cropDamage":0,"source":"","dataSource":"PUB"}},{"type":"Feature","geometry":{"type":"LineString","coordinates":[[-93.17,33.18],[-93.17,33.18]]},"properties":{"id":"ncei-1973-9983413","eventId":"9983413","episodeId":"","year":1973,"month":9,"date":"1973-09-06","beginTime":"1973-09-06T15:00:00","endTime":"1973-09-06T15:00:00","timezone":"CST","state":"AR","stateName":"Arkansas","county":"Columbia","countyFips":"27","wfo":"","scale":0,"scaleLabel":"F0","lengthMiles":0.8,"widthYards":50,"deaths":0,"injuries":0,"propertyDamage":2500,"cropDamage":0,"source":"","dataSource":"PUB"}},{"type":"Feature","geometry":{"type":"LineString","coordinates":[[-93.25,35.17],[-93.25,35.17]]},"properties":{"id":"ncei-1973-9983414","eventId":"9983414","episodeId":"","year":1973,"month":10,"date":"1973-10-12","beginTime":"1973-10-12T21:30:00","endTime":"1973-10-12T21:30:00","timezone":"CST","state":"AR","stateName":"Arkansas","county":"Yell","countyFips":"149","wfo":"","scale":1,"scaleLabel":"F1","lengthMiles":0.3,"widthYards":50,"deaths":0,"injuries":0,"propertyDamage":2500,"cropDamage":0,"source":"","dataSource":"PUB"}},{"type":"Feature","geometry":{"type":"LineString","coordinates":[[-94.35,34.03],[-94.25,34.05]]},"properties":{"id":"ncei-1973-9983417","eventId":"9983417","episodeId":"","year":1973,"month":11,"date":"1973-11-20","beginTime":"1973-11-20T06:00:00","endTime":"1973-11-20T06:00:00","timezone":"CST","state":"AR","stateName":"Arkansas","county":"Sevier","countyFips":"133","wfo":"","scale":2,"scaleLabel":"F2","lengthMiles":5.7,"widthYards":100,"deaths":0,"injuries":6,"propertyDamage":250000,"cropDamage":0,"source":"","dataSource":"PUB"}},{"type":"Feature","geometry":{"type":"LineString","coordinates":[[-93.27,35.47],[-93.27,35.47]]},"properties":{"id":"ncei-1973-9983418","eventId":"9983418","episodeId":"","year":1973,"month":11,"date":"1973-11-21","beginTime":"1973-11-21T18:30:00","endTime":"1973-11-21T18:30:00","timezone":"CST","state":"AR","stateName":"Arkansas","county":"Johnson","countyFips":"71","wfo":"","scale":1,"scaleLabel":"F1","lengthMiles":0.5,"widthYards":50,"deaths":0,"injuries":6,"propertyDamage":25000,"cropDamage":0,"source":"","dataSource":"PUB"}},{"type":"Feature","geometry":{"type":"LineString","coordinates":[[-93.6,33.8],[-93.6,33.8]]},"properties":{"id":"ncei-1973-9983420","eventId":"9983420","episodeId":"","year":1973,"month":11,"date":"1973-11-23","beginTime":"1973-11-23T11:45:00","endTime":"1973-11-23T11:45:00","timezone":"CST","state":"AR","stateName":"Arkansas","county":"Calhoun","countyFips":"13","wfo":"","scale":1,"scaleLabel":"F1","lengthMiles":0,"widthYards":33,"deaths":0,"injuries":0,"propertyDamage":2500,"cropDamage":0,"source":"","dataSource":"PUB"}},{"type":"Feature","geometry":{"type":"LineString","coordinates":[[-92.58,34.67],[-92.58,34.67]]},"properties":{"id":"ncei-1973-9983421","eventId":"9983421","episodeId":"","year":1973,"month":11,"date":"1973-11-23","beginTime":"1973-11-23T13:15:00","endTime":"1973-11-23T13:15:00","timezone":"CST","state":"AR","stateName":"Arkansas","county":"Saline","countyFips":"125","wfo":"","scale":1,"scaleLabel":"F1","lengthMiles":0,"widthYards":33,"deaths":0,"injuries":4,"propertyDamage":25000,"cropDamage":0,"source":"","dataSource":"PUB"}},{"type":"Feature","geometry":{"type":"LineString","coordinates":[[-91.28,34.58],[-91.12,34.77]]},"properties":{"id":"ncei-1973-9983424","eventId":"9983424","episodeId":"","year":1973,"month":11,"date":"1973-11-23","beginTime":"1973-11-23T17:15:00","endTime":"1973-11-23T17:15:00","timezone":"CST","state":"AR","stateName":"Arkansas","county":"Monroe","countyFips":"95","wfo":"","scale":2,"scaleLabel":"F2","lengthMiles":15.8,"widthYards":200,"deaths":0,"injuries":0,"propertyDamage":250000,"cropDamage":0,"source":"","dataSource":"PUB"}},{"type":"Feature","geometry":{"type":"LineString","coordinates":[[-93.18,35.2],[-93.18,35.2]]},"properties":{"id":"ncei-1973-9984457","eventId":"9984457","episodeId":"","year":1973,"month":1,"date":"1973-01-18","beginTime":"1973-01-18T08:50:00","endTime":"1973-01-18T08:50:00","timezone":"CST","state":"AR","stateName":"Arkansas","county":"Boone","countyFips":"9","wfo":"","scale":0,"scaleLabel":"F0","lengthMiles":0,"widthYards":33,"deaths":0,"injuries":0,"propertyDamage":0,"cropDamage":0,"source":"","dataSource":"PUB"}},{"type":"Feature","geometry":{"type":"LineString","coordinates":[[-91.92,33.62],[-91.92,33.78]]},"properties":{"id":"ncei-1973-9984472","eventId":"9984472","episodeId":"","year":1973,"month":3,"date":"1973-03-10","beginTime":"1973-03-10T15:30:00","endTime":"1973-03-10T15:30:00","timezone":"CST","state":"AR","stateName":"Arkansas","county":"Drew","countyFips":"43","wfo":"","scale":2,"scaleLabel":"F2","lengthMiles":11.5,"widthYards":67,"deaths":0,"injuries":0,"propertyDamage":25000,"cropDamage":0,"source":"","dataSource":"PUB"}},{"type":"Feature","geometry":{"type":"LineString","coordinates":[[-93.85,33.95],[-93.85,33.95]]},"properties":{"id":"ncei-1973-9984481","eventId":"9984481","episodeId":"","year":1973,"month":4,"date":"1973-04-19","beginTime":"1973-04-19T09:45:00","endTime":"1973-04-19T09:45:00","timezone":"CST","state":"AR","stateName":"Arkansas","county":"Sevier","countyFips":"133","wfo":"","scale":1,"scaleLabel":"F1","lengthMiles":0,"widthYards":33,"deaths":0,"injuries":0,"propertyDamage":0,"cropDamage":0,"source":"","dataSource":"PUB"}},{"type":"Feature","geometry":{"type":"LineString","coordinates":[[-93.05,34.63],[-93.05,34.63]]},"properties":{"id":"ncei-1973-9984483","eventId":"9984483","episodeId":"","year":1973,"month":4,"date":"1973-04-19","beginTime":"1973-04-19T10:55:00","endTime":"1973-04-19T10:55:00","timezone":"CST","state":"AR","stateName":"Arkansas","county":"Garland","countyFips":"51","wfo":"","scale":1,"scaleLabel":"F1","lengthMiles":0,"widthYards":33,"deaths":0,"injuries":0,"propertyDamage":2500,"cropDamage":0,"source":"","dataSource":"PUB"}},{"type":"Feature","geometry":{"type":"LineString","coordinates":[[-91.63,35.75],[-91.63,35.75]]},"properties":{"id":"ncei-1973-9984484","eventId":"9984484","episodeId":"","year":1973,"month":4,"date":"1973-04-19","beginTime":"1973-04-19T11:15:00","endTime":"1973-04-19T11:15:00","timezone":"CST","state":"AR","stateName":"Arkansas","county":"Independence","countyFips":"63","wfo":"","scale":3,"scaleLabel":"F3","lengthMiles":1,"widthYards":500,"deaths":0,"injuries":18,"propertyDamage":2500000,"cropDamage":0,"source":"","dataSource":"PUB"}},{"type":"Feature","geometry":{"type":"LineString","coordinates":[[-92.25,34.8],[-92.25,34.8]]},"properties":{"id":"ncei-1973-9984485","eventId":"9984485","episodeId":"","year":1973,"month":4,"date":"1973-04-19","beginTime":"1973-04-19T11:17:00","endTime":"1973-04-19T11:17:00","timezone":"CST","state":"AR","stateName":"Arkansas","county":"Pulaski","countyFips":"119","wfo":"","scale":2,"scaleLabel":"F2","lengthMiles":1,"widthYards":100,"deaths":0,"injuries":0,"propertyDamage":250000,"cropDamage":0,"source":"","dataSource":"PUB"}},{"type":"Feature","geometry":{"type":"LineString","coordinates":[[-91.97,34.5],[-91.97,34.5]]},"properties":{"id":"ncei-1973-9984487","eventId":"9984487","episodeId":"","year":1973,"month":4,"date":"1973-04-19","beginTime":"1973-04-19T14:15:00","endTime":"1973-04-19T14:15:00","timezone":"CST","state":"AR","stateName":"Arkansas","county":"Lonoke","countyFips":"85","wfo":"","scale":2,"scaleLabel":"F2","lengthMiles":0,"widthYards":33,"deaths":0,"injuries":0,"propertyDamage":250000,"cropDamage":0,"source":"","dataSource":"PUB"}},{"type":"Feature","geometry":{"type":"LineString","coordinates":[[-91,34.88],[-91,34.88]]},"properties":{"id":"ncei-1973-9984489","eventId":"9984489","episodeId":"","year":1973,"month":4,"date":"1973-04-19","beginTime":"1973-04-19T16:15:00","endTime":"1973-04-19T16:15:00","timezone":"CST","state":"AR","stateName":"Arkansas","county":"Lee","countyFips":"77","wfo":"","scale":1,"scaleLabel":"F1","lengthMiles":0,"widthYards":33,"deaths":0,"injuries":0,"propertyDamage":2500,"cropDamage":0,"source":"","dataSource":"PUB"}},{"type":"Feature","geometry":{"type":"LineString","coordinates":[[-93.62,35.25],[-93.62,35.25]]},"properties":{"id":"ncei-1973-9984490","eventId":"9984490","episodeId":"","year":1973,"month":4,"date":"1973-04-20","beginTime":"1973-04-20T07:30:00","endTime":"1973-04-20T07:30:00","timezone":"CST","state":"AR","stateName":"Arkansas","county":"Logan","countyFips":"83","wfo":"","scale":1,"scaleLabel":"F1","lengthMiles":0,"widthYards":33,"deaths":0,"injuries":0,"propertyDamage":2500,"cropDamage":0,"source":"","dataSource":"PUB"}},{"type":"Feature","geometry":{"type":"LineString","coordinates":[[-93.5,35.38],[-93.5,35.38]]},"properties":{"id":"ncei-1973-9984491","eventId":"9984491","episodeId":"","year":1973,"month":4,"date":"1973-04-20","beginTime":"1973-04-20T07:50:00","endTime":"1973-04-20T07:50:00","timezone":"CST","state":"AR","stateName":"Arkansas","county":"Logan","countyFips":"83","wfo":"","scale":2,"scaleLabel":"F2","lengthMiles":1.5,"widthYards":500,"deaths":0,"injuries":2,"propertyDamage":25000,"cropDamage":0,"source":"","dataSource":"PUB"}},{"type":"Feature","geometry":{"type":"LineString","coordinates":[[-93.15,36.15],[-93.08,36.25]]},"properties":{"id":"ncei-1973-9984492","eventId":"9984492","episodeId":"","year":1973,"month":4,"date":"1973-04-20","beginTime":"1973-04-20T10:15:00","endTime":"1973-04-20T10:15:00","timezone":"CST","state":"AR","stateName":"Arkansas","county":"Boone","countyFips":"9","wfo":"","scale":3,"scaleLabel":"F3","lengthMiles":7.8,"widthYards":500,"deaths":1,"injuries":19,"propertyDamage":2500000,"cropDamage":0,"source":"","dataSource":"PUB"}},{"type":"Feature","geometry":{"type":"LineString","coordinates":[[-92.15,34.92],[-92.15,34.92]]},"properties":{"id":"ncei-1973-9984493","eventId":"9984493","episodeId":"","year":1973,"month":4,"date":"1973-04-22","beginTime":"1973-04-22T22:50:00","endTime":"1973-04-22T22:50:00","timezone":"CST","state":"AR","stateName":"Arkansas","county":"Pulaski","countyFips":"119","wfo":"","scale":1,"scaleLabel":"F1","lengthMiles":0,"widthYards":33,"deaths":0,"injuries":0,"propertyDamage":0,"cropDamage":0,"source":"","dataSource":"PUB"}},{"type":"Feature","geometry":{"type":"LineString","coordinates":[[-92.23,34.77],[-92.23,34.77]]},"properties":{"id":"ncei-1973-9984494","eventId":"9984494","episodeId":"","year":1973,"month":4,"date":"1973-04-22","beginTime":"1973-04-22T23:55:00","endTime":"1973-04-22T23:55:00","timezone":"CST","state":"AR","stateName":"Arkansas","county":"Pulaski","countyFips":"119","wfo":"","scale":1,"scaleLabel":"F1","lengthMiles":0,"widthYards":33,"deaths":0,"injuries":0,"propertyDamage":0,"cropDamage":0,"source":"","dataSource":"PUB"}},{"type":"Feature","geometry":{"type":"LineString","coordinates":[[-94.05,33.42],[-94.05,33.42]]},"properties":{"id":"ncei-1973-9984496","eventId":"9984496","episodeId":"","year":1973,"month":4,"date":"1973-04-24","beginTime":"1973-04-24T05:45:00","endTime":"1973-04-24T05:45:00","timezone":"CST","state":"AR","stateName":"Arkansas","county":"Miller","countyFips":"91","wfo":"","scale":2,"scaleLabel":"F2","lengthMiles":0,"widthYards":33,"deaths":0,"injuries":3,"propertyDamage":250000,"cropDamage":0,"source":"","dataSource":"PUB"}},{"type":"Feature","geometry":{"type":"LineString","coordinates":[[-91.47,33.72],[-91.47,33.72]]},"properties":{"id":"ncei-1973-9984497","eventId":"9984497","episodeId":"","year":1973,"month":4,"date":"1973-04-24","beginTime":"1973-04-24T07:07:00","endTime":"1973-04-24T07:07:00","timezone":"CST","state":"AR","stateName":"Arkansas","county":"Drew","countyFips":"43","wfo":"","scale":2,"scaleLabel":"F2","lengthMiles":0,"widthYards":33,"deaths":0,"injuries":1,"propertyDamage":250000,"cropDamage":0,"source":"","dataSource":"PUB"}},{"type":"Feature","geometry":{"type":"LineString","coordinates":[[-93,33.22],[-93,33.22]]},"properties":{"id":"ncei-1973-9984498","eventId":"9984498","episodeId":"","year":1973,"month":4,"date":"1973-04-24","beginTime":"1973-04-24T07:15:00","endTime":"1973-04-24T07:15:00","timezone":"CST","state":"AR","stateName":"Arkansas","county":"Union","countyFips":"139","wfo":"","scale":2,"scaleLabel":"F2","lengthMiles":0.5,"widthYards":100,"deaths":0,"injuries":0,"propertyDamage":2500,"cropDamage":0,"source":"","dataSource":"PUB"}},{"type":"Feature","geometry":{"type":"LineString","coordinates":[[-91.5,33.88],[-91.5,33.88]]},"properties":{"id":"ncei-1973-9984499","eventId":"9984499","episodeId":"","year":1973,"month":4,"date":"1973-04-24","beginTime":"1973-04-24T07:25:00","endTime":"1973-04-24T07:25:00","timezone":"CST","state":"AR","stateName":"Arkansas","county":"Desha","countyFips":"41","wfo":"","scale":1,"scaleLabel":"F1","lengthMiles":0,"widthYards":33,"deaths":0,"injuries":2,"propertyDamage":25000,"cropDamage":0,"source":"","dataSource":"PUB"}},{"type":"Feature","geometry":{"type":"LineString","coordinates":[[-102.32,37.63],[-102.32,37.63]]},"properties":{"id":"ncei-1973-9986894","eventId":"9986894","episodeId":"","year":1973,"month":5,"date":"1973-05-06","beginTime":"1973-05-06T13:30:00","endTime":"1973-05-06T13:30:00","timezone":"CST","state":"CO","stateName":"Colorado","county":"Baca","countyFips":"9","wfo":"","scale":1,"scaleLabel":"F1","lengthMiles":0.5,"widthYards":100,"deaths":0,"injuries":0,"propertyDamage":0,"cropDamage":0,"source":"","dataSource":"PUB"}},{"type":"Feature","geometry":{"type":"LineString","coordinates":[[-102.85,37.42],[-102.85,37.42]]},"properties":{"id":"ncei-1973-9986895","eventId":"9986895","episodeId":"","year":1973,"month":5,"date":"1973-05-06","beginTime":"1973-05-06T14:30:00","endTime":"1973-05-06T14:30:00","timezone":"CST","state":"CO","stateName":"Colorado","county":"Baca","countyFips":"9","wfo":"","scale":1,"scaleLabel":"F1","lengthMiles":0.3,"widthYards":50,"deaths":0,"injuries":0,"propertyDamage":0,"cropDamage":0,"source":"","dataSource":"PUB"}},{"type":"Feature","geometry":{"type":"LineString","coordinates":[[-102.3,39.08],[-102.3,39.08]]},"properties":{"id":"ncei-1973-9986896","eventId":"9986896","episodeId":"","year":1973,"month":5,"date":"1973-05-06","beginTime":"1973-05-06T15:00:00","endTime":"1973-05-06T15:00:00","timezone":"CST","state":"CO","stateName":"Colorado","county":"Kit Carson","countyFips":"63","wfo":"","scale":2,"scaleLabel":"F2","lengthMiles":1,"widthYards":100,"deaths":0,"injuries":5,"propertyDamage":25000,"cropDamage":0,"source":"","dataSource":"PUB"}},{"type":"Feature","geometry":{"type":"LineString","coordinates":[[-73.12,41.62],[-73.12,41.62]]},"properties":{"id":"ncei-1973-9987332","eventId":"9987332","episodeId":"","year":1973,"month":6,"date":"1973-06-12","beginTime":"1973-06-12T16:35:00","endTime":"1973-06-12T16:35:00","timezone":"CST","state":"CT","stateName":"Connecticut","county":"Litchfield","countyFips":"5","wfo":"","scale":2,"scaleLabel":"F2","lengthMiles":1.5,"widthYards":23,"deaths":0,"injuries":0,"propertyDamage":0,"cropDamage":0,"source":"","dataSource":"PUB"}},{"type":"Feature","geometry":{"type":"LineString","coordinates":[[-72.92,41.82],[-72.92,41.82]]},"properties":{"id":"ncei-1973-9987333","eventId":"9987333","episodeId":"","year":1973,"month":6,"date":"1973-06-28","beginTime":"1973-06-28T12:45:00","endTime":"1973-06-28T12:45:00","timezone":"CST","state":"CT","stateName":"Connecticut","county":"Hartford","countyFips":"3","wfo":"","scale":1,"scaleLabel":"F1","lengthMiles":0.2,"widthYards":23,"deaths":0,"injuries":1,"propertyDamage":2500,"cropDamage":0,"source":"","dataSource":"PUB"}},{"type":"Feature","geometry":{"type":"LineString","coordinates":[[-73.43,41.98],[-73.38,41.98]]},"properties":{"id":"ncei-1973-9987334","eventId":"9987334","episodeId":"","year":1973,"month":6,"date":"1973-06-29","beginTime":"1973-06-29T08:40:00","endTime":"1973-06-29T08:40:00","timezone":"CST","state":"CT","stateName":"Connecticut","county":"Litchfield","countyFips":"5","wfo":"","scale":1,"scaleLabel":"F1","lengthMiles":1.3,"widthYards":77,"deaths":0,"injuries":0,"propertyDamage":2500,"cropDamage":0,"source":"","dataSource":"PUB"}},{"type":"Feature","geometry":{"type":"LineString","coordinates":[[-75.73,39.73],[-75.73,39.73]]},"properties":{"id":"ncei-1973-9987363","eventId":"9987363","episodeId":"","year":1973,"month":6,"date":"1973-06-28","beginTime":"1973-06-28T12:50:00","endTime":"1973-06-28T12:50:00","timezone":"CST","state":"DE","stateName":"Delaware","county":"New Castle","countyFips":"3","wfo":"","scale":0,"scaleLabel":"F0","lengthMiles":0,"widthYards":33,"deaths":0,"injuries":0,"propertyDamage":0,"cropDamage":0,"source":"","dataSource":"PUB"}},{"type":"Feature","geometry":{"type":"LineString","coordinates":[[-72.73,41.73],[-72.73,41.73]]},"properties":{"id":"ncei-1973-9988413","eventId":"9988413","episodeId":"","year":1973,"month":8,"date":"1973-08-31","beginTime":"1973-08-31T16:30:00","endTime":"1973-08-31T16:30:00","timezone":"CST","state":"CT","stateName":"Connecticut","county":"Hartford","countyFips":"3","wfo":"","scale":2,"scaleLabel":"F2","lengthMiles":0,"widthYards":33,"deaths":0,"injuries":0,"propertyDamage":25000,"cropDamage":0,"source":"","dataSource":"PUB"}},{"type":"Feature","geometry":{"type":"LineString","coordinates":[[-72.53,41.8],[-72.45,41.82]]},"properties":{"id":"ncei-1973-9988414","eventId":"9988414","episodeId":"","year":1973,"month":9,"date":"1973-09-06","beginTime":"1973-09-06T09:00:00","endTime":"1973-09-06T09:00:00","timezone":"CST","state":"CT","stateName":"Connecticut","county":"Hartford","countyFips":"3","wfo":"","scale":2,"scaleLabel":"F2","lengthMiles":3.3,"widthYards":33,"deaths":0,"injuries":0,"propertyDamage":2500000,"cropDamage":0,"source":"","dataSource":"PUB"}},{"type":"Feature","geometry":{"type":"LineString","coordinates":[[-72.9,41.6],[-72.9,41.6]]},"properties":{"id":"ncei-1973-9988415","eventId":"9988415","episodeId":"","year":1973,"month":9,"date":"1973-09-18","beginTime":"1973-09-18T09:15:00","endTime":"1973-09-18T09:15:00","timezone":"CST","state":"CT","stateName":"Connecticut","county":"New Haven","countyFips":"9","wfo":"","scale":2,"scaleLabel":"F2","lengthMiles":0,"widthYards":117,"deaths":0,"injuries":0,"propertyDamage":0,"cropDamage":0,"source":"","dataSource":"PUB"}},{"type":"Feature","geometry":{"type":"LineString","coordinates":[[-73.62,41.03],[-73.62,41.03]]},"properties":{"id":"ncei-1973-9988416","eventId":"9988416","episodeId":"","year":1973,"month":9,"date":"1973-09-18","beginTime":"1973-09-18T09:45:00","endTime":"1973-09-18T09:45:00","timezone":"CST","state":"CT","stateName":"Connecticut","county":"Fairfield","countyFips":"1","wfo":"","scale":1,"scaleLabel":"F1","lengthMiles":0,"widthYards":33,"deaths":0,"injuries":0,"propertyDamage":0,"cropDamage":0,"source":"","dataSource":"PUB"}},{"type":"Feature","geometry":{"type":"LineString","coordinates":[[-72.37,41.75],[-72.37,41.75]]},"properties":{"id":"ncei-1973-9988417","eventId":"9988417","episodeId":"","year":1973,"month":9,"date":"1973-09-18","beginTime":"1973-09-18T11:08:00","endTime":"1973-09-18T11:08:00","timezone":"CST","state":"CT","stateName":"Connecticut","county":"Tolland","countyFips":"13","wfo":"","scale":1,"scaleLabel":"F1","lengthMiles":0,"widthYards":33,"deaths":0,"injuries":0,"propertyDamage":0,"cropDamage":0,"source":"","dataSource":"PUB"}},{"type":"Feature","geometry":{"type":"LineString","coordinates":[[-104,40.22],[-104,40.22]]},"properties":{"id":"ncei-1973-9989272","eventId":"9989272","episodeId":"","year":1973,"month":7,"date":"1973-07-09","beginTime":"1973-07-09T20:45:00","endTime":"1973-07-09T20:45:00","timezone":"CST","state":"CO","stateName":"Colorado","county":"Morgan","countyFips":"87","wfo":"","scale":1,"scaleLabel":"F1","lengthMiles":1,"widthYards":17,"deaths":0,"injuries":0,"propertyDamage":0,"cropDamage":0,"source":"","dataSource":"PUB"}},{"type":"Feature","geometry":{"type":"LineString","coordinates":[[-104.73,39.53],[-104.73,39.53]]},"properties":{"id":"ncei-1973-9989278","eventId":"9989278","episodeId":"","year":1973,"month":7,"date":"1973-07-21","beginTime":"1973-07-21T14:45:00","endTime":"1973-07-21T14:45:00","timezone":"CST","state":"CO","stateName":"Colorado","county":"Douglas","countyFips":"35","wfo":"","scale":0,"scaleLabel":"F0","lengthMiles":0.3,"widthYards":10,"deaths":0,"injuries":0,"propertyDamage":250000,"cropDamage":0,"source":"","dataSource":"PUB"}},{"type":"Feature","geometry":{"type":"LineString","coordinates":[[-102.35,38.53],[-102.35,38.53]]},"properties":{"id":"ncei-1973-9989292","eventId":"9989292","episodeId":"","year":1973,"month":7,"date":"1973-07-24","beginTime":"1973-07-24T17:25:00","endTime":"1973-07-24T17:25:00","timezone":"CST","state":"CO","stateName":"Colorado","county":"Kiowa","countyFips":"61","wfo":"","scale":1,"scaleLabel":"F1","lengthMiles":0.5,"widthYards":17,"deaths":0,"injuries":0,"propertyDamage":0,"cropDamage":0,"source":"","dataSource":"PUB"}},{"type":"Feature","geometry":{"type":"LineString","coordinates":[[-102.6,40.62],[-102.6,40.62]]},"properties":{"id":"ncei-1973-9989313","eventId":"9989313","episodeId":"","year":1973,"month":8,"date":"1973-08-09","beginTime":"1973-08-09T16:45:00","endTime":"1973-08-09T16:45:00","timezone":"CST","state":"CO","stateName":"Colorado","county":"Phillips","countyFips":"95","wfo":"","scale":1,"scaleLabel":"F1","lengthMiles":0.5,"widthYards":50,"deaths":0,"injuries":0,"propertyDamage":0,"cropDamage":0,"source":"","dataSource":"PUB"}},{"type":"Feature","geometry":{"type":"LineString","coordinates":[[-102.3,40.53],[-102.3,40.53]]},"properties":{"id":"ncei-1973-9989318","eventId":"9989318","episodeId":"","year":1973,"month":8,"date":"1973-08-25","beginTime":"1973-08-25T16:27:00","endTime":"1973-08-25T16:27:00","timezone":"CST","state":"CO","stateName":"Colorado","county":"Phillips","countyFips":"95","wfo":"","scale":1,"scaleLabel":"F1","lengthMiles":0.3,"widthYards":27,"deaths":0,"injuries":0,"propertyDamage":0,"cropDamage":0,"source":"","dataSource":"PUB"}},{"type":"Feature","geometry":{"type":"LineString","coordinates":[[-104.55,39.52],[-104.55,39.52]]},"properties":{"id":"ncei-1973-9989320","eventId":"9989320","episodeId":"","year":1973,"month":9,"date":"1973-09-08","beginTime":"1973-09-08T14:30:00","endTime":"1973-09-08T14:30:00","timezone":"CST","state":"CO","stateName":"Colorado","county":"Elbert","countyFips":"39","wfo":"","scale":1,"scaleLabel":"F1","lengthMiles":0.5,"widthYards":100,"deaths":0,"injuries":0,"propertyDamage":0,"cropDamage":0,"source":"","dataSource":"PUB"}},{"type":"Feature","geometry":{"type":"LineString","coordinates":[[-104.25,39.37],[-104.25,39.37]]},"properties":{"id":"ncei-1973-9989321","eventId":"9989321","episodeId":"","year":1973,"month":9,"date":"1973-09-08","beginTime":"1973-09-08T14:30:00","endTime":"1973-09-08T14:30:00","timezone":"CST","state":"CO","stateName":"Colorado","county":"Elbert","countyFips":"39","wfo":"","scale":1,"scaleLabel":"F1","lengthMiles":0,"widthYards":50,"deaths":0,"injuries":0,"propertyDamage":0,"cropDamage":0,"source":"","dataSource":"PUB"}},{"type":"Feature","geometry":{"type":"LineString","coordinates":[[-103.1,40.25],[-103.1,40.25]]},"properties":{"id":"ncei-1973-9989327","eventId":"9989327","episodeId":"","year":1973,"month":9,"date":"1973-09-25","beginTime":"1973-09-25T18:50:00","endTime":"1973-09-25T18:50:00","timezone":"CST","state":"CO","stateName":"Colorado","county":"Washington","countyFips":"121","wfo":"","scale":0,"scaleLabel":"F0","lengthMiles":0,"widthYards":33,"deaths":0,"injuries":0,"propertyDamage":0,"cropDamage":0,"source":"","dataSource":"PUB"}},{"type":"Feature","geometry":{"type":"LineString","coordinates":[[-114.63,33.62],[-114.63,33.62]]},"properties":{"id":"ncei-1973-9990629","eventId":"9990629","episodeId":"","year":1973,"month":8,"date":"1973-08-16","beginTime":"1973-08-16T21:00:00","endTime":"1973-08-16T21:00:00","timezone":"PST","state":"CA","stateName":"California","county":"Riverside","countyFips":"65","wfo":"","scale":3,"scaleLabel":"F3","lengthMiles":0,"widthYards":33,"deaths":0,"injuries":0,"propertyDamage":25000,"cropDamage":0,"source":"","dataSource":"PUB"}},{"type":"Feature","geometry":{"type":"LineString","coordinates":[[-84.55,34.32],[-84.55,34.32]]},"properties":{"id":"ncei-1973-9993435","eventId":"9993435","episodeId":"","year":1973,"month":8,"date":"1973-08-20","beginTime":"1973-08-20T15:00:00","endTime":"1973-08-20T15:00:00","timezone":"CST","state":"GA","stateName":"Georgia","county":"Cherokee","countyFips":"57","wfo":"","scale":1,"scaleLabel":"F1","lengthMiles":0.3,"widthYards":50,"deaths":0,"injuries":0,"propertyDamage":250000,"cropDamage":0,"source":"","dataSource":"PUB"}},{"type":"Feature","geometry":{"type":"LineString","coordinates":[[-81.08,32],[-81.08,32]]},"properties":{"id":"ncei-1973-9993440","eventId":"9993440","episodeId":"","year":1973,"month":11,"date":"1973-11-09","beginTime":"1973-11-09T12:30:00","endTime":"1973-11-09T12:30:00","timezone":"CST","state":"GA","stateName":"Georgia","county":"Chatham","countyFips":"51","wfo":"","scale":2,"scaleLabel":"F2","lengthMiles":1,"widthYards":200,"deaths":0,"injuries":0,"propertyDamage":250000,"cropDamage":0,"source":"","dataSource":"PUB"}},{"type":"Feature","geometry":{"type":"LineString","coordinates":[[-83.28,34.57],[-83.28,34.57]]},"properties":{"id":"ncei-1973-9993445","eventId":"9993445","episodeId":"","year":1973,"month":11,"date":"1973-11-21","beginTime":"1973-11-21T08:30:00","endTime":"1973-11-21T08:30:00","timezone":"CST","state":"GA","stateName":"Georgia","county":"Stephens","countyFips":"257","wfo":"","scale":2,"scaleLabel":"F2","lengthMiles":0,"widthYards":33,"deaths":0,"injuries":0,"propertyDamage":25000,"cropDamage":0,"source":"","dataSource":"PUB"}},{"type":"Feature","geometry":{"type":"LineString","coordinates":[[-83.87,34.3],[-83.7,34.3]]},"properties":{"id":"ncei-1973-9993448","eventId":"9993448","episodeId":"","year":1973,"month":12,"date":"1973-12-13","beginTime":"1973-12-13T11:20:00","endTime":"1973-12-13T11:20:00","timezone":"CST","state":"GA","stateName":"Georgia","county":"Hall","countyFips":"139","wfo":"","scale":3,"scaleLabel":"F3","lengthMiles":9.5,"widthYards":200,"deaths":0,"injuries":21,"propertyDamage":2500000,"cropDamage":0,"source":"","dataSource":"PUB"}},{"type":"Feature","geometry":{"type":"LineString","coordinates":[[-84.73,31.57],[-84.73,31.57]]},"properties":{"id":"ncei-1973-9993449","eventId":"9993449","episodeId":"","year":1973,"month":12,"date":"1973-12-26","beginTime":"1973-12-26T10:00:00","endTime":"1973-12-26T10:00:00","timezone":"CST","state":"GA","stateName":"Georgia","county":"Calhoun","countyFips":"37","wfo":"","scale":1,"scaleLabel":"F1","lengthMiles":0,"widthYards":33,"deaths":0,"injuries":0,"propertyDamage":2500,"cropDamage":0,"source":"","dataSource":"PUB"}},{"type":"Feature","geometry":{"type":"LineString","coordinates":[[-84.75,33.83],[-84.65,33.83]]},"properties":{"id":"ncei-1973-9993450","eventId":"9993450","episodeId":"","year":1973,"month":12,"date":"1973-12-29","beginTime":"1973-12-29T19:30:00","endTime":"1973-12-29T19:30:00","timezone":"CST","state":"GA","stateName":"Georgia","county":"Paulding","countyFips":"223","wfo":"","scale":1,"scaleLabel":"F1","lengthMiles":5.7,"widthYards":33,"deaths":0,"injuries":0,"propertyDamage":250000,"cropDamage":0,"source":"","dataSource":"PUB"}},{"type":"Feature","geometry":{"type":"LineString","coordinates":[[-85,31.38],[-85,31.38]]},"properties":{"id":"ncei-1973-9993451","eventId":"9993451","episodeId":"","year":1973,"month":12,"date":"1973-12-29","beginTime":"1973-12-29T20:00:00","endTime":"1973-12-29T20:00:00","timezone":"CST","state":"GA","stateName":"Georgia","county":"Early","countyFips":"99","wfo":"","scale":1,"scaleLabel":"F1","lengthMiles":0,"widthYards":33,"deaths":0,"injuries":0,"propertyDamage":2500,"cropDamage":0,"source":"","dataSource":"PUB"}},{"type":"Feature","geometry":{"type":"LineString","coordinates":[[-83.22,31.22],[-83.22,31.22]]},"properties":{"id":"ncei-1973-9993452","eventId":"9993452","episodeId":"","year":1973,"month":12,"date":"1973-12-30","beginTime":"1973-12-30T11:20:00","endTime":"1973-12-30T11:20:00","timezone":"CST","state":"GA","stateName":"Georgia","county":"Berrien","countyFips":"19","wfo":"","scale":0,"scaleLabel":"F0","lengthMiles":0,"widthYards":33,"deaths":0,"injuries":0,"propertyDamage":250000,"cropDamage":0,"source":"","dataSource":"PUB"}},{"type":"Feature","geometry":{"type":"LineString","coordinates":[[-82.85,31.52],[-82.85,31.52]]},"properties":{"id":"ncei-1973-9993453","eventId":"9993453","episodeId":"","year":1973,"month":12,"date":"1973-12-30","beginTime":"1973-12-30T12:00:00","endTime":"1973-12-30T12:00:00","timezone":"CST","state":"GA","stateName":"Georgia","county":"Coffee","countyFips":"69","wfo":"","scale":1,"scaleLabel":"F1","lengthMiles":0,"widthYards":33,"deaths":0,"injuries":0,"propertyDamage":2500,"cropDamage":0,"source":"","dataSource":"PUB"}},{"type":"Feature","geometry":{"type":"LineString","coordinates":[[-84.35,31.73],[-84.35,31.73]]},"properties":{"id":"ncei-1973-9993456","eventId":"9993456","episodeId":"","year":1973,"month":12,"date":"1973-12-31","beginTime":"1973-12-31T16:40:00","endTime":"1973-12-31T16:40:00","timezone":"CST","state":"GA","stateName":"Georgia","county":"Terrell","countyFips":"273","wfo":"","scale":1,"scaleLabel":"F1","lengthMiles":0,"widthYards":33,"deaths":0,"injuries":0,"propertyDamage":250000,"cropDamage":0,"source":"","dataSource":"PUB"}},{"type":"Feature","geometry":{"type":"LineString","coordinates":[[-82.7,33.45],[-82.7,33.45]]},"properties":{"id":"ncei-1973-9995694","eventId":"9995694","episodeId":"","year":1973,"month":2,"date":"1973-02-02","beginTime":"1973-02-02T02:30:00","endTime":"1973-02-02T02:30:00","timezone":"CST","state":"GA","stateName":"Georgia","county":"Warren","countyFips":"301","wfo":"","scale":1,"scaleLabel":"F1","lengthMiles":1,"widthYards":50,"deaths":0,"injuries":0,"propertyDamage":2500,"cropDamage":0,"source":"","dataSource":"PUB"}},{"type":"Feature","geometry":{"type":"LineString","coordinates":[[-82.47,33.5],[-82.47,33.5]]},"properties":{"id":"ncei-1973-9995695","eventId":"9995695","episodeId":"","year":1973,"month":2,"date":"1973-02-02","beginTime":"1973-02-02T02:30:00","endTime":"1973-02-02T02:30:00","timezone":"CST","state":"GA","stateName":"Georgia","county":"Mcduffie","countyFips":"189","wfo":"","scale":1,"scaleLabel":"F1","lengthMiles":1,"widthYards":50,"deaths":0,"injuries":0,"propertyDamage":2500,"cropDamage":0,"source":"","dataSource":"PUB"}},{"type":"Feature","geometry":{"type":"LineString","coordinates":[[-84.25,31.65],[-84.25,31.65]]},"properties":{"id":"ncei-1973-9996544","eventId":"9996544","episodeId":"","year":1973,"month":2,"date":"1973-02-08","beginTime":"1973-02-08T16:40:00","endTime":"1973-02-08T16:40:00","timezone":"CST","state":"GA","stateName":"Georgia","county":"Lee","countyFips":"177","wfo":"","scale":0,"scaleLabel":"F0","lengthMiles":0,"widthYards":20,"deaths":0,"injuries":0,"propertyDamage":2500,"cropDamage":0,"source":"","dataSource":"PUB"}},{"type":"Feature","geometry":{"type":"LineString","coordinates":[[-83.93,31.58],[-83.93,31.58]]},"properties":{"id":"ncei-1973-9996545","eventId":"9996545","episodeId":"","year":1973,"month":2,"date":"1973-02-08","beginTime":"1973-02-08T17:30:00","endTime":"1973-02-08T17:30:00","timezone":"CST","state":"GA","stateName":"Georgia","county":"Worth","countyFips":"321","wfo":"","scale":2,"scaleLabel":"F2","lengthMiles":2,"widthYards":500,"deaths":0,"injuries":5,"propertyDamage":250000,"cropDamage":0,"source":"","dataSource":"PUB"}},{"type":"Feature","geometry":{"type":"LineString","coordinates":[[-85.25,34.5],[-85.17,34.58]]},"properties":{"id":"ncei-1973-9996761","eventId":"9996761","episodeId":"","year":1973,"month":3,"date":"1973-03-16","beginTime":"1973-03-16T13:25:00","endTime":"1973-03-16T13:25:00","timezone":"CST","state":"GA","stateName":"Georgia","county":"Chattooga","countyFips":"55","wfo":"","scale":2,"scaleLabel":"F2","lengthMiles":7.6,"widthYards":100,"deaths":0,"injuries":1,"propertyDamage":2500000,"cropDamage":0,"source":"","dataSource":"PUB"}},{"type":"Feature","geometry":{"type":"LineString","coordinates":[[-84.95,34.57],[-84.95,34.57]]},"properties":{"id":"ncei-1973-9996762","eventId":"9996762","episodeId":"","year":1973,"month":3,"date":"1973-03-16","beginTime":"1973-03-16T13:37:00","endTime":"1973-03-16T13:37:00","timezone":"CST","state":"GA","stateName":"Georgia","county":"Gordon","countyFips":"129","wfo":"","scale":2,"scaleLabel":"F2","lengthMiles":2,"widthYards":300,"deaths":0,"injuries":5,"propertyDamage":250000,"cropDamage":0,"source":"","dataSource":"PUB"}},{"type":"Feature","geometry":{"type":"LineString","coordinates":[[-85.28,33.75],[-85.28,33.75]]},"properties":{"id":"ncei-1973-9996763","eventId":"9996763","episodeId":"","year":1973,"month":3,"date":"1973-03-16","beginTime":"1973-03-16T13:45:00","endTime":"1973-03-16T13:45:00","timezone":"CST","state":"GA","stateName":"Georgia","county":"Haralson","countyFips":"143","wfo":"","scale":1,"scaleLabel":"F1","lengthMiles":1,"widthYards":100,"deaths":0,"injuries":0,"propertyDamage":25000,"cropDamage":0,"source":"","dataSource":"PUB"}},{"type":"Feature","geometry":{"type":"LineString","coordinates":[[-84.48,34.68],[-84.25,34.9]]},"properties":{"id":"ncei-1973-9996764","eventId":"9996764","episodeId":"","year":1973,"month":3,"date":"1973-03-16","beginTime":"1973-03-16T14:05:00","endTime":"1973-03-16T14:05:00","timezone":"CST","state":"GA","stateName":"Georgia","county":"Gilmer","countyFips":"123","wfo":"","scale":1,"scaleLabel":"F1","lengthMiles":20,"widthYards":100,"deaths":0,"injuries":0,"propertyDamage":250000,"cropDamage":0,"source":"","dataSource":"PUB"}},{"type":"Feature","geometry":{"type":"LineString","coordinates":[[-84.33,33.53],[-83.93,33.75]]},"properties":{"id":"ncei-1973-9996766","eventId":"9996766","episodeId":"","year":1973,"month":3,"date":"1973-03-31","beginTime":"1973-03-31T16:30:00","endTime":"1973-03-31T16:30:00","timezone":"CST","state":"GA","stateName":"Georgia","county":"Clayton","countyFips":"63","wfo":"","scale":2,"scaleLabel":"F2","lengthMiles":27.4,"widthYards":500,"deaths":0,"injuries":0,"propertyDamage":250000000,"cropDamage":0,"source":"","dataSource":"PUB"}},{"type":"Feature","geometry":{"type":"LineString","coordinates":[[-83.93,33.75],[-83.58,33.88]]},"properties":{"id":"ncei-1973-9996767","eventId":"9996767","episodeId":"","year":1973,"month":3,"date":"1973-03-31","beginTime":"1973-03-31T17:15:00","endTime":"1973-03-31T17:15:00","timezone":"CST","state":"GA","stateName":"Georgia","county":"Walton","countyFips":"297","wfo":"","scale":2,"scaleLabel":"F2","lengthMiles":22.1,"widthYards":500,"deaths":1,"injuries":50,"propertyDamage":250000000,"cropDamage":0,"source":"","dataSource":"PUB"}},{"type":"Feature","geometry":{"type":"LineString","coordinates":[[-83.58,33.88],[-83.47,33.92]]},"properties":{"id":"ncei-1973-9996768","eventId":"9996768","episodeId":"","year":1973,"month":3,"date":"1973-03-31","beginTime":"1973-03-31T18:00:00","endTime":"1973-03-31T18:00:00","timezone":"UNK","state":"GA","stateName":"Georgia","county":"Oconee","countyFips":"219","wfo":"","scale":2,"scaleLabel":"F2","lengthMiles":7.2,"widthYards":500,"deaths":0,"injuries":0,"propertyDamage":250000000,"cropDamage":0,"source":"","dataSource":"PUB"}},{"type":"Feature","geometry":{"type":"LineString","coordinates":[[-83.47,33.92],[-83.27,33.98]]},"properties":{"id":"ncei-1973-9996769","eventId":"9996769","episodeId":"","year":1973,"month":3,"date":"1973-03-31","beginTime":"1973-03-31T18:15:00","endTime":"1973-03-31T18:15:00","timezone":"CST","state":"GA","stateName":"Georgia","county":"Clarke","countyFips":"59","wfo":"","scale":2,"scaleLabel":"F2","lengthMiles":12.4,"widthYards":500,"deaths":1,"injuries":50,"propertyDamage":250000000,"cropDamage":0,"source":"","dataSource":"PUB"}},{"type":"Feature","geometry":{"type":"LineString","coordinates":[[-83.27,33.98],[-83.23,34.02]]},"properties":{"id":"ncei-1973-9996770","eventId":"9996770","episodeId":"","year":1973,"month":3,"date":"1973-03-31","beginTime":"1973-03-31T18:25:00","endTime":"1973-03-31T18:25:00","timezone":"CST","state":"GA","stateName":"Georgia","county":"Oglethorpe","countyFips":"221","wfo":"","scale":2,"scaleLabel":"F2","lengthMiles":3.3,"widthYards":500,"deaths":0,"injuries":0,"propertyDamage":250000000,"cropDamage":0,"source":"","dataSource":"PUB"}},{"type":"Feature","geometry":{"type":"LineString","coordinates":[[-83.42,31.25],[-83.42,31.25]]},"properties":{"id":"ncei-1973-9996772","eventId":"9996772","episodeId":"","year":1973,"month":4,"date":"1973-04-25","beginTime":"1973-04-25T17:30:00","endTime":"1973-04-25T17:30:00","timezone":"CST","state":"GA","stateName":"Georgia","county":"Cook","countyFips":"75","wfo":"","scale":1,"scaleLabel":"F1","lengthMiles":0,"widthYards":50,"deaths":0,"injuries":0,"propertyDamage":25000,"cropDamage":0,"source":"","dataSource":"PUB"}},{"type":"Feature","geometry":{"type":"LineString","coordinates":[[-84.65,30.82],[-84.65,30.82]]},"properties":{"id":"ncei-1973-9996773","eventId":"9996773","episodeId":"","year":1973,"month":4,"date":"1973-04-26","beginTime":"1973-04-26T12:30:00","endTime":"1973-04-26T12:30:00","timezone":"CST","state":"GA","stateName":"Georgia","county":"Decatur","countyFips":"87","wfo":"","scale":2,"scaleLabel":"F2","lengthMiles":0,"widthYards":73,"deaths":0,"injuries":0,"propertyDamage":250000,"cropDamage":0,"source":"","dataSource":"PUB"}},{"type":"Feature","geometry":{"type":"LineString","coordinates":[[-84.13,31.53],[-84.13,31.53]]},"properties":{"id":"ncei-1973-9996774","eventId":"9996774","episodeId":"","year":1973,"month":4,"date":"1973-04-26","beginTime":"1973-04-26T14:00:00","endTime":"1973-04-26T14:00:00","timezone":"CST","state":"GA","stateName":"Georgia","county":"Dougherty","countyFips":"95","wfo":"","scale":1,"scaleLabel":"F1","lengthMiles":0,"widthYards":50,"deaths":0,"injuries":0,"propertyDamage":25000,"cropDamage":0,"source":"","dataSource":"PUB"}},{"type":"Feature","geometry":{"type":"LineString","coordinates":[[-84.88,33.08],[-84.88,33.08]]},"properties":{"id":"ncei-1973-9996782","eventId":"9996782","episodeId":"","year":1973,"month":5,"date":"1973-05-11","beginTime":"1973-05-11T18:05:00","endTime":"1973-05-11T18:05:00","timezone":"CST","state":"GA","stateName":"Georgia","county":"Troup","countyFips":"285","wfo":"","scale":1,"scaleLabel":"F1","lengthMiles":0,"widthYards":50,"deaths":0,"injuries":0,"propertyDamage":0,"cropDamage":0,"source":"","dataSource":"PUB"}},{"type":"Feature","geometry":{"type":"LineString","coordinates":[[-83.33,34.83],[-83.33,34.83]]},"properties":{"id":"ncei-1973-9996798","eventId":"9996798","episodeId":"","year":1973,"month":5,"date":"1973-05-27","beginTime":"1973-05-27T17:30:00","endTime":"1973-05-27T17:30:00","timezone":"CST","state":"GA","stateName":"Georgia","county":"Rabun","countyFips":"241","wfo":"","scale":1,"scaleLabel":"F1","lengthMiles":0,"widthYards":50,"deaths":0,"injuries":0,"propertyDamage":25000,"cropDamage":0,"source":"","dataSource":"PUB"}},{"type":"Feature","geometry":{"type":"LineString","coordinates":[[-85.17,34.67],[-85.17,34.67]]},"properties":{"id":"ncei-1973-9996799","eventId":"9996799","episodeId":"","year":1973,"month":5,"date":"1973-05-27","beginTime":"1973-05-27T18:00:00","endTime":"1973-05-27T18:00:00","timezone":"CST","state":"GA","stateName":"Georgia","county":"Walker","countyFips":"295","wfo":"","scale":1,"scaleLabel":"F1","lengthMiles":0,"widthYards":50,"deaths":0,"injuries":0,"propertyDamage":2500,"cropDamage":0,"source":"","dataSource":"PUB"}},{"type":"Feature","geometry":{"type":"LineString","coordinates":[[-85.08,33.25],[-85.08,33.25]]},"properties":{"id":"ncei-1973-9996802","eventId":"9996802","episodeId":"","year":1973,"month":5,"date":"1973-05-27","beginTime":"1973-05-27T20:00:00","endTime":"1973-05-27T20:00:00","timezone":"CST","state":"GA","stateName":"Georgia","county":"Heard","countyFips":"149","wfo":"","scale":2,"scaleLabel":"F2","lengthMiles":0.8,"widthYards":100,"deaths":0,"injuries":0,"propertyDamage":2500000,"cropDamage":0,"source":"","dataSource":"PUB"}},{"type":"Feature","geometry":{"type":"LineString","coordinates":[[-84.5,33.72],[-84.5,33.72]]},"properties":{"id":"ncei-1973-9996803","eventId":"9996803","episodeId":"","year":1973,"month":5,"date":"1973-05-27","beginTime":"1973-05-27T23:30:00","endTime":"1973-05-27T23:30:00","timezone":"CST","state":"GA","stateName":"Georgia","county":"Fulton","countyFips":"121","wfo":"","scale":3,"scaleLabel":"F3","lengthMiles":0.5,"widthYards":100,"deaths":0,"injuries":0,"propertyDamage":250000,"cropDamage":0,"source":"","dataSource":"PUB"}},{"type":"Feature","geometry":{"type":"LineString","coordinates":[[-83.22,34.32],[-83.22,34.32]]},"properties":{"id":"ncei-1973-9996804","eventId":"9996804","episodeId":"","year":1973,"month":5,"date":"1973-05-28","beginTime":"1973-05-28T01:30:00","endTime":"1973-05-28T01:30:00","timezone":"CST","state":"GA","stateName":"Georgia","county":"Franklin","countyFips":"119","wfo":"","scale":1,"scaleLabel":"F1","lengthMiles":1,"widthYards":40,"deaths":0,"injuries":0,"propertyDamage":250000,"cropDamage":0,"source":"","dataSource":"PUB"}},{"type":"Feature","geometry":{"type":"LineString","coordinates":[[-83.63,33.87],[-83.5,33.93]]},"properties":{"id":"ncei-1973-9996808","eventId":"9996808","episodeId":"","year":1973,"month":5,"date":"1973-05-28","beginTime":"1973-05-28T15:00:00","endTime":"1973-05-28T15:00:00","timezone":"CST","state":"GA","stateName":"Georgia","county":"Walton","countyFips":"297","wfo":"","scale":3,"scaleLabel":"F3","lengthMiles":8.9,"widthYards":200,"deaths":0,"injuries":0,"propertyDamage":25000000,"cropDamage":0,"source":"","dataSource":"PUB"}},{"type":"Feature","geometry":{"type":"LineString","coordinates":[[-83.5,33.93],[-83.33,33.97]]},"properties":{"id":"ncei-1973-9996810","eventId":"9996810","episodeId":"","year":1973,"month":5,"date":"1973-05-28","beginTime":"1973-05-28T15:20:00","endTime":"1973-05-28T15:20:00","timezone":"CST","state":"GA","stateName":"Georgia","county":"Clarke","countyFips":"59","wfo":"","scale":3,"scaleLabel":"F3","lengthMiles":9.8,"widthYards":100,"deaths":1,"injuries":65,"propertyDamage":25000000,"cropDamage":0,"source":"","dataSource":"PUB"}},{"type":"Feature","geometry":{"type":"LineString","coordinates":[[-81.28,32.13],[-81.28,32.13]]},"properties":{"id":"ncei-1973-9996813","eventId":"9996813","episodeId":"","year":1973,"month":5,"date":"1973-05-29","beginTime":"1973-05-29T11:00:00","endTime":"1973-05-29T11:00:00","timezone":"CST","state":"GA","stateName":"Georgia","county":"Chatham","countyFips":"51","wfo":"","scale":1,"scaleLabel":"F1","lengthMiles":0,"widthYards":100,"deaths":0,"injuries":0,"propertyDamage":2500,"cropDamage":0,"source":"","dataSource":"PUB"}},{"type":"Feature","geometry":{"type":"LineString","coordinates":[[-83.67,33.92],[-83.67,33.92]]},"properties":{"id":"ncei-1973-9996819","eventId":"9996819","episodeId":"","year":1973,"month":6,"date":"1973-06-05","beginTime":"1973-06-05T16:30:00","endTime":"1973-06-05T16:30:00","timezone":"CST","state":"GA","stateName":"Georgia","county":"Walton","countyFips":"297","wfo":"","scale":1,"scaleLabel":"F1","lengthMiles":0.3,"widthYards":50,"deaths":0,"injuries":0,"propertyDamage":25000,"cropDamage":0,"source":"","dataSource":"PUB"}},{"type":"Feature","geometry":{"type":"LineString","coordinates":[[-87.3,30.72],[-87.3,30.72]]},"properties":{"id":"ncei-1973-9999382","eventId":"9999382","episodeId":"","year":1973,"month":1,"date":"1973-01-18","beginTime":"1973-01-18T20:00:00","endTime":"1973-01-18T20:00:00","timezone":"CST","state":"FL","stateName":"Florida","county":"Escambia","countyFips":"33","wfo":"","scale":0,"scaleLabel":"F0","lengthMiles":0.3,"widthYards":10,"deaths":0,"injuries":0,"propertyDamage":0,"cropDamage":0,"source":"","dataSource":"PUB"}},{"type":"Feature","geometry":{"type":"LineString","coordinates":[[-87.2,30.47],[-87.2,30.47]]},"properties":{"id":"ncei-1973-9999383","eventId":"9999383","episodeId":"","year":1973,"month":1,"date":"1973-01-21","beginTime":"1973-01-21T11:45:00","endTime":"1973-01-21T11:45:00","timezone":"CST","state":"FL","stateName":"Florida","county":"Escambia","countyFips":"33","wfo":"","scale":0,"scaleLabel":"F0","lengthMiles":0.3,"widthYards":10,"deaths":0,"injuries":0,"propertyDamage":0,"cropDamage":0,"source":"","dataSource":"PUB"}},{"type":"Feature","geometry":{"type":"LineString","coordinates":[[-81.97,28.02],[-81.97,28.02]]},"properties":{"id":"ncei-1973-9999385","eventId":"9999385","episodeId":"","year":1973,"month":1,"date":"1973-01-22","beginTime":"1973-01-22T08:45:00","endTime":"1973-01-22T08:45:00","timezone":"CST","state":"FL","stateName":"Florida","county":"Polk","countyFips":"105","wfo":"","scale":1,"scaleLabel":"F1","lengthMiles":1.5,"widthYards":20,"deaths":0,"injuries":0,"propertyDamage":25000,"cropDamage":0,"source":"","dataSource":"PUB"}},{"type":"Feature","geometry":{"type":"LineString","coordinates":[[-82.17,27.87],[-82.17,27.87]]},"properties":{"id":"ncei-1973-9999386","eventId":"9999386","episodeId":"","year":1973,"month":1,"date":"1973-01-22","beginTime":"1973-01-22T08:56:00","endTime":"1973-01-22T08:56:00","timezone":"CST","state":"FL","stateName":"Florida","county":"Hillsborough","countyFips":"57","wfo":"","scale":1,"scaleLabel":"F1","lengthMiles":0.3,"widthYards":30,"deaths":0,"injuries":8,"propertyDamage":25000,"cropDamage":0,"source":"","dataSource":"PUB"}},{"type":"Feature","geometry":{"type":"LineString","coordinates":[[-82.17,28.33],[-82.17,28.33]]},"properties":{"id":"ncei-1973-9999387","eventId":"9999387","episodeId":"","year":1973,"month":1,"date":"1973-01-28","beginTime":"1973-01-28T10:35:00","endTime":"1973-01-28T10:35:00","timezone":"CST","state":"FL","stateName":"Florida","county":"Pasco","countyFips":"101","wfo":"","scale":1,"scaleLabel":"F1","lengthMiles":2,"widthYards":20,"deaths":0,"injuries":1,"propertyDamage":25000,"cropDamage":0,"source":"","dataSource":"PUB"}},{"type":"Feature","geometry":{"type":"LineString","coordinates":[[-81.47,28.27],[-81.25,28.33]]},"properties":{"id":"ncei-1973-9999388","eventId":"9999388","episodeId":"","year":1973,"month":1,"date":"1973-01-28","beginTime":"1973-01-28T11:15:00","endTime":"1973-01-28T11:15:00","timezone":"CST","state":"FL","stateName":"Florida","county":"Osceola","countyFips":"97","wfo":"","scale":2,"scaleLabel":"F2","lengthMiles":14,"widthYards":100,"deaths":0,"injuries":7,"propertyDamage":2500000,"cropDamage":0,"source":"","dataSource":"PUB"}},{"type":"Feature","geometry":{"type":"LineString","coordinates":[[-81.43,28.52],[-81.42,28.53]]},"properties":{"id":"ncei-1973-9999389","eventId":"9999389","episodeId":"","year":1973,"month":1,"date":"1973-01-28","beginTime":"1973-01-28T11:42:00","endTime":"1973-01-28T11:42:00","timezone":"CST","state":"FL","stateName":"Florida","county":"Orange","countyFips":"95","wfo":"","scale":2,"scaleLabel":"F2","lengthMiles":2.7,"widthYards":300,"deaths":0,"injuries":16,"propertyDamage":2500000,"cropDamage":0,"source":"","dataSource":"PUB"}},{"type":"Feature","geometry":{"type":"LineString","coordinates":[[-80.8,28.5],[-80.72,28.5]]},"properties":{"id":"ncei-1973-9999390","eventId":"9999390","episodeId":"","year":1973,"month":1,"date":"1973-01-28","beginTime":"1973-01-28T12:30:00","endTime":"1973-01-28T12:30:00","timezone":"CST","state":"FL","stateName":"Florida","county":"Brevard","countyFips":"9","wfo":"","scale":2,"scaleLabel":"F2","lengthMiles":5.1,"widthYards":50,"deaths":0,"injuries":0,"propertyDamage":25000,"cropDamage":0,"source":"","dataSource":"PUB"}},{"type":"Feature","geometry":{"type":"LineString","coordinates":[[-80.2,27.13],[-80.2,27.13]]},"properties":{"id":"ncei-1973-9999391","eventId":"9999391","episodeId":"","year":1973,"month":2,"date":"1973-02-09","beginTime":"1973-02-09T22:28:00","endTime":"1973-02-09T22:28:00","timezone":"CST","state":"FL","stateName":"Florida","county":"Martin","countyFips":"85","wfo":"","scale":2,"scaleLabel":"F2","lengthMiles":2,"widthYards":30,"deaths":0,"injuries":1,"propertyDamage":250000,"cropDamage":0,"source":"","dataSource":"PUB"}},{"type":"Feature","geometry":{"type":"LineString","coordinates":[[-81.38,27.32],[-81.38,27.32]]},"properties":{"id":"ncei-1973-9999393","eventId":"9999393","episodeId":"","year":1973,"month":3,"date":"1973-03-08","beginTime":"1973-03-08T17:20:00","endTime":"1973-03-08T17:20:00","timezone":"CST","state":"FL","stateName":"Florida","county":"Highlands","countyFips":"55","wfo":"","scale":1,"scaleLabel":"F1","lengthMiles":0.3,"widthYards":20,"deaths":0,"injuries":0,"propertyDamage":0,"cropDamage":0,"source":"","dataSource":"PUB"}},{"type":"Feature","geometry":{"type":"LineString","coordinates":[[-82.1,29.07],[-82.1,29.07]]},"properties":{"id":"ncei-1973-9999394","eventId":"9999394","episodeId":"","year":1973,"month":3,"date":"1973-03-08","beginTime":"1973-03-08T23:20:00","endTime":"1973-03-08T23:20:00","timezone":"CST","state":"FL","stateName":"Florida","county":"Marion","countyFips":"83","wfo":"","scale":2,"scaleLabel":"F2","lengthMiles":1.5,"widthYards":100,"deaths":0,"injuries":6,"propertyDamage":250000,"cropDamage":0,"source":"","dataSource":"PUB"}},{"type":"Feature","geometry":{"type":"LineString","coordinates":[[-82.78,27.77],[-82.78,27.77]]},"properties":{"id":"ncei-1973-9999396","eventId":"9999396","episodeId":"","year":1973,"month":3,"date":"1973-03-17","beginTime":"1973-03-17T02:00:00","endTime":"1973-03-17T02:00:00","timezone":"CST","state":"FL","stateName":"Florida","county":"Pinellas","countyFips":"103","wfo":"","scale":1,"scaleLabel":"F1","lengthMiles":1,"widthYards":50,"deaths":0,"injuries":0,"propertyDamage":25000,"cropDamage":0,"source":"","dataSource":"PUB"}},{"type":"Feature","geometry":{"type":"LineString","coordinates":[[-82.17,28.22],[-82.17,28.22]]},"properties":{"id":"ncei-1973-9999397","eventId":"9999397","episodeId":"","year":1973,"month":3,"date":"1973-03-17","beginTime":"1973-03-17T02:45:00","endTime":"1973-03-17T02:45:00","timezone":"CST","state":"FL","stateName":"Florida","county":"Pasco","countyFips":"101","wfo":"","scale":2,"scaleLabel":"F2","lengthMiles":0.3,"widthYards":20,"deaths":0,"injuries":1,"propertyDamage":25000,"cropDamage":0,"source":"","dataSource":"PUB"}},{"type":"Feature","geometry":{"type":"LineString","coordinates":[[-81.72,28.03],[-81.72,28.03]]},"properties":{"id":"ncei-1973-9999398","eventId":"9999398","episodeId":"","year":1973,"month":3,"date":"1973-03-17","beginTime":"1973-03-17T03:00:00","endTime":"1973-03-17T03:00:00","timezone":"CST","state":"FL","stateName":"Florida","county":"Polk","countyFips":"105","wfo":"","scale":1,"scaleLabel":"F1","lengthMiles":0.5,"widthYards":50,"deaths":0,"injuries":0,"propertyDamage":25000,"cropDamage":0,"source":"","dataSource":"PUB"}},{"type":"Feature","geometry":{"type":"LineString","coordinates":[[-81.67,28.1],[-81.67,28.1]]},"properties":{"id":"ncei-1973-9999399","eventId":"9999399","episodeId":"","year":1973,"month":3,"date":"1973-03-17","beginTime":"1973-03-17T03:00:00","endTime":"1973-03-17T03:00:00","timezone":"CST","state":"FL","stateName":"Florida","county":"Polk","countyFips":"105","wfo":"","scale":2,"scaleLabel":"F2","lengthMiles":0.3,"widthYards":20,"deaths":0,"injuries":0,"propertyDamage":25000,"cropDamage":0,"source":"","dataSource":"PUB"}},{"type":"Feature","geometry":{"type":"LineString","coordinates":[[-80.75,28.42],[-80.75,28.42]]},"properties":{"id":"ncei-1973-9999401","eventId":"9999401","episodeId":"","year":1973,"month":3,"date":"1973-03-17","beginTime":"1973-03-17T04:00:00","endTime":"1973-03-17T04:00:00","timezone":"CST","state":"FL","stateName":"Florida","county":"Brevard","countyFips":"9","wfo":"","scale":1,"scaleLabel":"F1","lengthMiles":0.3,"widthYards":20,"deaths":0,"injuries":0,"propertyDamage":2500,"cropDamage":0,"source":"","dataSource":"PUB"}},{"type":"Feature","geometry":{"type":"LineString","coordinates":[[-82.5,27.5],[-82.5,27.5]]},"properties":{"id":"ncei-1973-9999405","eventId":"9999405","episodeId":"","year":1973,"month":4,"date":"1973-04-03","beginTime":"1973-04-03T00:30:00","endTime":"1973-04-03T00:30:00","timezone":"CST","state":"FL","stateName":"Florida","county":"Manatee","countyFips":"81","wfo":"","scale":1,"scaleLabel":"F1","lengthMiles":0.2,"widthYards":20,"deaths":0,"injuries":0,"propertyDamage":25000,"cropDamage":0,"source":"","dataSource":"PUB"}},{"type":"Feature","geometry":{"type":"LineString","coordinates":[[-82.08,28.17],[-82.08,28.17]]},"properties":{"id":"ncei-1973-9999406","eventId":"9999406","episodeId":"","year":1973,"month":4,"date":"1973-04-03","beginTime":"1973-04-03T00:45:00","endTime":"1973-04-03T00:45:00","timezone":"CST","state":"FL","stateName":"Florida","county":"Pasco","countyFips":"101","wfo":"","scale":1,"scaleLabel":"F1","lengthMiles":0.2,"widthYards":20,"deaths":0,"injuries":0,"propertyDamage":25000,"cropDamage":0,"source":"","dataSource":"PUB"}},{"type":"Feature","geometry":{"type":"LineString","coordinates":[[-84.98,30.43],[-84.98,30.43]]},"properties":{"id":"ncei-1973-9999410","eventId":"9999410","episodeId":"","year":1973,"month":4,"date":"1973-04-03","beginTime":"1973-04-03T11:15:00","endTime":"1973-04-03T11:15:00","timezone":"CST","state":"FL","stateName":"Florida","county":"Liberty","countyFips":"77","wfo":"","scale":1,"scaleLabel":"F1","lengthMiles":0.2,"widthYards":20,"deaths":0,"injuries":0,"propertyDamage":25000,"cropDamage":0,"source":"","dataSource":"PUB"}},{"type":"Feature","geometry":{"type":"LineString","coordinates":[[-82.1,29.55],[-82.07,29.6]]},"properties":{"id":"ncei-1973-9999414","eventId":"9999414","episodeId":"","year":1973,"month":4,"date":"1973-04-04","beginTime":"1973-04-04T05:15:00","endTime":"1973-04-04T05:15:00","timezone":"CST","state":"FL","stateName":"Florida","county":"Alachua","countyFips":"1","wfo":"","scale":2,"scaleLabel":"F2","lengthMiles":4.5,"widthYards":67,"deaths":0,"injuries":0,"propertyDamage":250000,"cropDamage":0,"source":"","dataSource":"PUB"}},{"type":"Feature","geometry":{"type":"LineString","coordinates":[[-82.07,29.6],[-81.55,29.67]]},"properties":{"id":"ncei-1973-9999415","eventId":"9999415","episodeId":"","year":1973,"month":4,"date":"1973-04-04","beginTime":"1973-04-04T05:15:00","endTime":"1973-04-04T05:15:00","timezone":"CST","state":"FL","stateName":"Florida","county":"Putnam","countyFips":"107","wfo":"","scale":2,"scaleLabel":"F2","lengthMiles":31.4,"widthYards":67,"deaths":0,"injuries":4,"propertyDamage":250000,"cropDamage":0,"source":"","dataSource":"PUB"}},{"type":"Feature","geometry":{"type":"LineString","coordinates":[[-81.55,29.67],[-81.5,29.7]]},"properties":{"id":"ncei-1973-9999416","eventId":"9999416","episodeId":"","year":1973,"month":4,"date":"1973-04-04","beginTime":"1973-04-04T05:15:00","endTime":"1973-04-04T05:15:00","timezone":"CST","state":"FL","stateName":"Florida","county":"St. Johns","countyFips":"109","wfo":"","scale":2,"scaleLabel":"F2","lengthMiles":4.1,"widthYards":67,"deaths":0,"injuries":0,"propertyDamage":250000,"cropDamage":0,"source":"","dataSource":"PUB"}},{"type":"Feature","geometry":{"type":"LineString","coordinates":[[-82.5,27.42],[-82.5,27.42]]},"properties":{"id":"ncei-1973-9999421","eventId":"9999421","episodeId":"","year":1973,"month":4,"date":"1973-04-07","beginTime":"1973-04-07T21:53:00","endTime":"1973-04-07T21:53:00","timezone":"CST","state":"FL","stateName":"Florida","county":"Manatee","countyFips":"81","wfo":"","scale":0,"scaleLabel":"F0","lengthMiles":0.2,"widthYards":20,"deaths":0,"injuries":0,"propertyDamage":2500,"cropDamage":0,"source":"","dataSource":"PUB"}},{"type":"Feature","geometry":{"type":"LineString","coordinates":[[-82.53,27.4],[-82.53,27.4]]},"properties":{"id":"ncei-1973-9999423","eventId":"9999423","episodeId":"","year":1973,"month":4,"date":"1973-04-07","beginTime":"1973-04-07T23:01:00","endTime":"1973-04-07T23:01:00","timezone":"CST","state":"FL","stateName":"Florida","county":"Sarasota","countyFips":"115","wfo":"","scale":0,"scaleLabel":"F0","lengthMiles":0.2,"widthYards":20,"deaths":0,"injuries":0,"propertyDamage":0,"cropDamage":0,"source":"","dataSource":"PUB"}},{"type":"Feature","geometry":{"type":"LineString","coordinates":[[-80.42,27.73],[-80.42,27.73]]},"properties":{"id":"ncei-1973-9999424","eventId":"9999424","episodeId":"","year":1973,"month":4,"date":"1973-04-08","beginTime":"1973-04-08T02:00:00","endTime":"1973-04-08T02:00:00","timezone":"CST","state":"FL","stateName":"Florida","county":"Indian River","countyFips":"61","wfo":"","scale":0,"scaleLabel":"F0","lengthMiles":0.2,"widthYards":20,"deaths":0,"injuries":0,"propertyDamage":2500,"cropDamage":0,"source":"","dataSource":"PUB"}},{"type":"Feature","geometry":{"type":"LineString","coordinates":[[-84.37,30.52],[-84.37,30.52]]},"properties":{"id":"ncei-1973-9999425","eventId":"9999425","episodeId":"","year":1973,"month":4,"date":"1973-04-25","beginTime":"1973-04-25T17:23:00","endTime":"1973-04-25T17:23:00","timezone":"CST","state":"FL","stateName":"Florida","county":"Gadsden","countyFips":"39","wfo":"","scale":1,"scaleLabel":"F1","lengthMiles":0.2,"widthYards":20,"deaths":0,"injuries":0,"propertyDamage":25000,"cropDamage":0,"source":"","dataSource":"PUB"}},{"type":"Feature","geometry":{"type":"LineString","coordinates":[[-81.5,30.5],[-81.33,30.6]]},"properties":{"id":"ncei-1973-9999427","eventId":"9999427","episodeId":"","year":1973,"month":4,"date":"1973-04-25","beginTime":"1973-04-25T21:15:00","endTime":"1973-04-25T21:15:00","timezone":"CST","state":"FL","stateName":"Florida","county":"Duval","countyFips":"31","wfo":"","scale":1,"scaleLabel":"F1","lengthMiles":12.1,"widthYards":20,"deaths":0,"injuries":0,"propertyDamage":250000,"cropDamage":0,"source":"","dataSource":"PUB"}},{"type":"Feature","geometry":{"type":"LineString","coordinates":[[-85.8,30.2],[-85.8,30.2]]},"properties":{"id":"ncei-1973-9999428","eventId":"9999428","episodeId":"","year":1973,"month":4,"date":"1973-04-26","beginTime":"1973-04-26T11:04:00","endTime":"1973-04-26T11:04:00","timezone":"CST","state":"FL","stateName":"Florida","county":"Bay","countyFips":"5","wfo":"","scale":1,"scaleLabel":"F1","lengthMiles":0.5,"widthYards":33,"deaths":0,"injuries":6,"propertyDamage":2500000,"cropDamage":0,"source":"","dataSource":"PUB"}},{"type":"Feature","geometry":{"type":"LineString","coordinates":[[-83.17,30.2],[-83.17,30.2]]},"properties":{"id":"ncei-1973-9999429","eventId":"9999429","episodeId":"","year":1973,"month":4,"date":"1973-04-26","beginTime":"1973-04-26T15:00:00","endTime":"1973-04-26T15:00:00","timezone":"CST","state":"FL","stateName":"Florida","county":"Suwannee","countyFips":"121","wfo":"","scale":0,"scaleLabel":"F0","lengthMiles":0.2,"widthYards":20,"deaths":0,"injuries":0,"propertyDamage":25000,"cropDamage":0,"source":"","dataSource":"PUB"}},{"type":"Feature","geometry":{"type":"LineString","coordinates":[[-82.13,29],[-82.13,29]]},"properties":{"id":"ncei-1973-9999430","eventId":"9999430","episodeId":"","year":1973,"month":4,"date":"1973-04-26","beginTime":"1973-04-26T15:00:00","endTime":"1973-04-26T15:00:00","timezone":"CST","state":"FL","stateName":"Florida","county":"Marion","countyFips":"83","wfo":"","scale":0,"scaleLabel":"F0","lengthMiles":0.5,"widthYards":20,"deaths":0,"injuries":0,"propertyDamage":2500,"cropDamage":0,"source":"","dataSource":"PUB"}},{"type":"Feature","geometry":{"type":"LineString","coordinates":[[-81.1,28.55],[-81.1,28.55]]},"properties":{"id":"ncei-1973-9999437","eventId":"9999437","episodeId":"","year":1973,"month":5,"date":"1973-05-25","beginTime":"1973-05-25T12:20:00","endTime":"1973-05-25T12:20:00","timezone":"CST","state":"FL","stateName":"Florida","county":"Orange","countyFips":"95","wfo":"","scale":0,"scaleLabel":"F0","lengthMiles":0.2,"widthYards":20,"deaths":0,"injuries":1,"propertyDamage":25000,"cropDamage":0,"source":"","dataSource":"PUB"}},{"type":"Feature","geometry":{"type":"LineString","coordinates":[[-80.12,26.12],[-80.12,26.12]]},"properties":{"id":"ncei-1973-9999438","eventId":"9999438","episodeId":"","year":1973,"month":5,"date":"1973-05-25","beginTime":"1973-05-25T16:00:00","endTime":"1973-05-25T16:00:00","timezone":"CST","state":"FL","stateName":"Florida","county":"Broward","countyFips":"11","wfo":"","scale":0,"scaleLabel":"F0","lengthMiles":0.2,"widthYards":20,"deaths":0,"injuries":0,"propertyDamage":2500,"cropDamage":0,"source":"","dataSource":"PUB"}},{"type":"Feature","geometry":{"type":"LineString","coordinates":[[-87.3,30.6],[-86.8,30.73]]},"properties":{"id":"ncei-1973-9999439","eventId":"9999439","episodeId":"","year":1973,"month":5,"date":"1973-05-26","beginTime":"1973-05-26T12:00:00","endTime":"1973-05-26T12:00:00","timezone":"CST","state":"FL","stateName":"Florida","county":"Escambia","countyFips":"33","wfo":"","scale":2,"scaleLabel":"F2","lengthMiles":31.1,"widthYards":20,"deaths":0,"injuries":0,"propertyDamage":25000,"cropDamage":0,"source":"","dataSource":"PUB"}},{"type":"Feature","geometry":{"type":"LineString","coordinates":[[-86.8,30.73],[-86.42,30.83]]},"properties":{"id":"ncei-1973-9999440","eventId":"9999440","episodeId":"","year":1973,"month":5,"date":"1973-05-26","beginTime":"1973-05-26T12:00:00","endTime":"1973-05-26T12:00:00","timezone":"CST","state":"FL","stateName":"Florida","county":"Okaloosa","countyFips":"91","wfo":"","scale":2,"scaleLabel":"F2","lengthMiles":23.8,"widthYards":10,"deaths":1,"injuries":4,"propertyDamage":25000,"cropDamage":0,"source":"","dataSource":"PUB"}}]}
