{"type":"FeatureCollection","metadata":{"source":"NOAA/NCEI StormEvents details CSV","generatedAt":"2026-04-27T22:31:07.075Z","count":1522,"year":2023},"features":[{"type":"Feature","geometry":{"type":"LineString","coordinates":[[-96.6194,36.7218],[-96.6174,36.7219]]},"properties":{"id":"ncei-2023-1063203","eventId":"1063203","episodeId":"175356","year":2023,"month":1,"date":"2023-01-02","beginTime":"2023-01-02T16:37:00","endTime":"2023-01-02T16:38:00","timezone":"CST-6","state":"OK","stateName":"Oklahoma","county":"Osage","countyFips":"113","wfo":"TSA","scale":-1,"scaleLabel":"Unknown","lengthMiles":0.1,"widthYards":100,"deaths":0,"injuries":0,"propertyDamage":0,"cropDamage":0,"source":"Storm Chaser","dataSource":"CSV"}},{"type":"Feature","geometry":{"type":"LineString","coordinates":[[-95.298,36.346],[-95.228,36.397]]},"properties":{"id":"ncei-2023-1063207","eventId":"1063207","episodeId":"175356","year":2023,"month":1,"date":"2023-01-02","beginTime":"2023-01-02T17:32:00","endTime":"2023-01-02T17:43:00","timezone":"CST-6","state":"OK","stateName":"Oklahoma","county":"Mayes","countyFips":"97","wfo":"TSA","scale":0,"scaleLabel":"EF0","lengthMiles":5.3,"widthYards":700,"deaths":0,"injuries":0,"propertyDamage":50000,"cropDamage":0,"source":"NWS Storm Survey","dataSource":"CSV"}},{"type":"Feature","geometry":{"type":"LineString","coordinates":[[-95.474,35.32],[-95.374,35.413]]},"properties":{"id":"ncei-2023-1063213","eventId":"1063213","episodeId":"175356","year":2023,"month":1,"date":"2023-01-02","beginTime":"2023-01-02T17:52:00","endTime":"2023-01-02T18:05:00","timezone":"CST-6","state":"OK","stateName":"Oklahoma","county":"Mcintosh","countyFips":"91","wfo":"TSA","scale":1,"scaleLabel":"EF1","lengthMiles":8.6,"widthYards":650,"deaths":0,"injuries":0,"propertyDamage":100000,"cropDamage":0,"source":"NWS Storm Survey","dataSource":"CSV"}},{"type":"Feature","geometry":{"type":"LineString","coordinates":[[-94.874,36.706],[-94.867,36.713]]},"properties":{"id":"ncei-2023-1063214","eventId":"1063214","episodeId":"175356","year":2023,"month":1,"date":"2023-01-02","beginTime":"2023-01-02T18:23:00","endTime":"2023-01-02T18:25:00","timezone":"CST-6","state":"OK","stateName":"Oklahoma","county":"Ottawa","countyFips":"115","wfo":"TSA","scale":1,"scaleLabel":"EF1","lengthMiles":0.6,"widthYards":200,"deaths":0,"injuries":0,"propertyDamage":75000,"cropDamage":0,"source":"Emergency Manager","dataSource":"CSV"}},{"type":"Feature","geometry":{"type":"LineString","coordinates":[[-94.9746,35.4105],[-94.9317,35.41]]},"properties":{"id":"ncei-2023-1063215","eventId":"1063215","episodeId":"175356","year":2023,"month":1,"date":"2023-01-02","beginTime":"2023-01-02T19:25:00","endTime":"2023-01-02T19:30:00","timezone":"CST-6","state":"OK","stateName":"Oklahoma","county":"Sequoyah","countyFips":"135","wfo":"TSA","scale":-1,"scaleLabel":"Unknown","lengthMiles":2.5,"widthYards":200,"deaths":0,"injuries":0,"propertyDamage":0,"cropDamage":0,"source":"Storm Chaser","dataSource":"CSV"}},{"type":"Feature","geometry":{"type":"LineString","coordinates":[[-76.7974,35.4378],[-76.7921,35.4397]]},"properties":{"id":"ncei-2023-1064000","eventId":"1064000","episodeId":"175429","year":2023,"month":1,"date":"2023-01-04","beginTime":"2023-01-04T14:49:00","endTime":"2023-01-04T14:50:00","timezone":"EST-5","state":"NC","stateName":"North Carolina","county":"Beaufort","countyFips":"13","wfo":"MHX","scale":1,"scaleLabel":"EF1","lengthMiles":0.33,"widthYards":125,"deaths":0,"injuries":0,"propertyDamage":0,"cropDamage":0,"source":"NWS Storm Survey","dataSource":"CSV"}},{"type":"Feature","geometry":{"type":"LineString","coordinates":[[-92.7057,33.2939],[-92.703,33.2965]]},"properties":{"id":"ncei-2023-1064017","eventId":"1064017","episodeId":"175431","year":2023,"month":1,"date":"2023-01-02","beginTime":"2023-01-02T11:47:00","endTime":"2023-01-02T11:48:00","timezone":"CST-6","state":"AR","stateName":"Arkansas","county":"Union","countyFips":"139","wfo":"SHV","scale":1,"scaleLabel":"EF1","lengthMiles":0.24,"widthYards":350,"deaths":0,"injuries":0,"propertyDamage":25000,"cropDamage":0,"source":"NWS Storm Survey","dataSource":"CSV"}},{"type":"Feature","geometry":{"type":"LineString","coordinates":[[-92.7048,32.172],[-92.5957,32.3646]]},"properties":{"id":"ncei-2023-1064054","eventId":"1064054","episodeId":"175436","year":2023,"month":1,"date":"2023-01-02","beginTime":"2023-01-02T16:46:00","endTime":"2023-01-02T17:09:00","timezone":"CST-6","state":"LA","stateName":"Louisiana","county":"Jackson","countyFips":"49","wfo":"SHV","scale":2,"scaleLabel":"EF2","lengthMiles":14.76,"widthYards":1928,"deaths":0,"injuries":3,"propertyDamage":850000,"cropDamage":0,"source":"NWS Storm Survey","dataSource":"CSV"}},{"type":"Feature","geometry":{"type":"LineString","coordinates":[[-93.4807,31.7499],[-93.446,31.8192]]},"properties":{"id":"ncei-2023-1064122","eventId":"1064122","episodeId":"175436","year":2023,"month":1,"date":"2023-01-02","beginTime":"2023-01-02T15:11:00","endTime":"2023-01-02T15:19:00","timezone":"CST-6","state":"LA","stateName":"Louisiana","county":"Sabine","countyFips":"85","wfo":"SHV","scale":1,"scaleLabel":"EF1","lengthMiles":5.2,"widthYards":70,"deaths":0,"injuries":0,"propertyDamage":15000,"cropDamage":0,"source":"NWS Storm Survey","dataSource":"CSV"}},{"type":"Feature","geometry":{"type":"LineString","coordinates":[[-93.2735,32.0582],[-93.2729,32.0626]]},"properties":{"id":"ncei-2023-1064124","eventId":"1064124","episodeId":"175436","year":2023,"month":1,"date":"2023-01-02","beginTime":"2023-01-02T15:43:00","endTime":"2023-01-02T15:44:00","timezone":"CST-6","state":"LA","stateName":"Louisiana","county":"Red River","countyFips":"81","wfo":"SHV","scale":0,"scaleLabel":"EF0","lengthMiles":0.31,"widthYards":50,"deaths":0,"injuries":0,"propertyDamage":10000,"cropDamage":0,"source":"NWS Storm Survey","dataSource":"CSV"}},{"type":"Feature","geometry":{"type":"LineString","coordinates":[[-92.1695,32.784],[-92.1251,32.8271]]},"properties":{"id":"ncei-2023-1064234","eventId":"1064234","episodeId":"175436","year":2023,"month":1,"date":"2023-01-02","beginTime":"2023-01-02T18:19:00","endTime":"2023-01-02T18:25:00","timezone":"CST-6","state":"LA","stateName":"Louisiana","county":"Union","countyFips":"111","wfo":"SHV","scale":2,"scaleLabel":"EF2","lengthMiles":3.94,"widthYards":900,"deaths":0,"injuries":0,"propertyDamage":250000,"cropDamage":0,"source":"NWS Storm Survey","dataSource":"CSV"}},{"type":"Feature","geometry":{"type":"LineString","coordinates":[[-84.5797,38.6581],[-84.5756,38.6603]]},"properties":{"id":"ncei-2023-1064552","eventId":"1064552","episodeId":"175488","year":2023,"month":1,"date":"2023-01-12","beginTime":"2023-01-12T09:23:00","endTime":"2023-01-12T09:24:00","timezone":"EST-5","state":"KY","stateName":"Kentucky","county":"Grant","countyFips":"81","wfo":"ILN","scale":0,"scaleLabel":"EF0","lengthMiles":0.27,"widthYards":50,"deaths":0,"injuries":0,"propertyDamage":150000,"cropDamage":0,"source":"NWS Storm Survey","dataSource":"CSV"}},{"type":"Feature","geometry":{"type":"LineString","coordinates":[[-81.3907,33.6098],[-81.3364,33.6323]]},"properties":{"id":"ncei-2023-1064986","eventId":"1064986","episodeId":"175514","year":2023,"month":1,"date":"2023-01-04","beginTime":"2023-01-04T10:27:00","endTime":"2023-01-04T10:30:00","timezone":"EST-5","state":"SC","stateName":"South Carolina","county":"Aiken","countyFips":"3","wfo":"CAE","scale":0,"scaleLabel":"EF0","lengthMiles":3.49,"widthYards":75,"deaths":0,"injuries":0,"propertyDamage":0,"cropDamage":0,"source":"NWS Storm Survey","dataSource":"CSV"}},{"type":"Feature","geometry":{"type":"LineString","coordinates":[[-81.2369,33.8849],[-81.1571,33.8843]]},"properties":{"id":"ncei-2023-1065036","eventId":"1065036","episodeId":"175514","year":2023,"month":1,"date":"2023-01-04","beginTime":"2023-01-04T10:42:00","endTime":"2023-01-04T10:51:00","timezone":"EST-5","state":"SC","stateName":"South Carolina","county":"Lexington","countyFips":"63","wfo":"CAE","scale":0,"scaleLabel":"EF0","lengthMiles":4.58,"widthYards":50,"deaths":0,"injuries":0,"propertyDamage":0,"cropDamage":0,"source":"NWS Storm Survey","dataSource":"CSV"}},{"type":"Feature","geometry":{"type":"LineString","coordinates":[[-81.3356,33.8859],[-81.3114,33.8808]]},"properties":{"id":"ncei-2023-1065046","eventId":"1065046","episodeId":"175514","year":2023,"month":1,"date":"2023-01-04","beginTime":"2023-01-04T10:30:00","endTime":"2023-01-04T10:32:00","timezone":"EST-5","state":"SC","stateName":"South Carolina","county":"Lexington","countyFips":"63","wfo":"CAE","scale":0,"scaleLabel":"EF0","lengthMiles":1.43,"widthYards":50,"deaths":0,"injuries":0,"propertyDamage":0,"cropDamage":0,"source":"NWS Storm Survey","dataSource":"CSV"}},{"type":"Feature","geometry":{"type":"LineString","coordinates":[[-81.1892,33.6653],[-81.122,33.68]]},"properties":{"id":"ncei-2023-1065047","eventId":"1065047","episodeId":"175514","year":2023,"month":1,"date":"2023-01-04","beginTime":"2023-01-04T10:40:00","endTime":"2023-01-04T10:47:00","timezone":"EST-5","state":"SC","stateName":"South Carolina","county":"Lexington","countyFips":"63","wfo":"CAE","scale":1,"scaleLabel":"EF1","lengthMiles":4,"widthYards":50,"deaths":0,"injuries":0,"propertyDamage":0,"cropDamage":0,"source":"NWS Storm Survey","dataSource":"CSV"}},{"type":"Feature","geometry":{"type":"LineString","coordinates":[[-81.122,33.68],[-81.077,33.6863]]},"properties":{"id":"ncei-2023-1065048","eventId":"1065048","episodeId":"175514","year":2023,"month":1,"date":"2023-01-04","beginTime":"2023-01-04T10:47:00","endTime":"2023-01-04T10:50:00","timezone":"EST-5","state":"SC","stateName":"South Carolina","county":"Orangeburg","countyFips":"75","wfo":"CAE","scale":0,"scaleLabel":"EF0","lengthMiles":2.62,"widthYards":50,"deaths":0,"injuries":0,"propertyDamage":0,"cropDamage":0,"source":"NWS Storm Survey","dataSource":"CSV"}},{"type":"Feature","geometry":{"type":"LineString","coordinates":[[-80.9301,33.7079],[-80.9281,33.7083]]},"properties":{"id":"ncei-2023-1065049","eventId":"1065049","episodeId":"175514","year":2023,"month":1,"date":"2023-01-04","beginTime":"2023-01-04T11:02:00","endTime":"2023-01-04T11:03:00","timezone":"EST-5","state":"SC","stateName":"South Carolina","county":"Calhoun","countyFips":"17","wfo":"CAE","scale":0,"scaleLabel":"EF0","lengthMiles":0.12,"widthYards":25,"deaths":0,"injuries":0,"propertyDamage":0,"cropDamage":0,"source":"NWS Storm Survey","dataSource":"CSV"}},{"type":"Feature","geometry":{"type":"LineString","coordinates":[[-82.595,33.475],[-82.565,33.4897]]},"properties":{"id":"ncei-2023-1065372","eventId":"1065372","episodeId":"175539","year":2023,"month":1,"date":"2023-01-12","beginTime":"2023-01-12T16:35:00","endTime":"2023-01-12T16:39:00","timezone":"EST-5","state":"GA","stateName":"Georgia","county":"Mcduffie","countyFips":"189","wfo":"CAE","scale":1,"scaleLabel":"EF1","lengthMiles":2.01,"widthYards":75,"deaths":0,"injuries":0,"propertyDamage":0,"cropDamage":0,"source":"NWS Storm Survey","dataSource":"CSV"}},{"type":"Feature","geometry":{"type":"LineString","coordinates":[[-87.5283,36.837],[-87.51,36.8467]]},"properties":{"id":"ncei-2023-1065959","eventId":"1065959","episodeId":"175611","year":2023,"month":1,"date":"2023-01-03","beginTime":"2023-01-03T04:35:00","endTime":"2023-01-03T04:36:00","timezone":"CST-6","state":"KY","stateName":"Kentucky","county":"Christian","countyFips":"47","wfo":"PAH","scale":0,"scaleLabel":"EF0","lengthMiles":1.21,"widthYards":50,"deaths":0,"injuries":0,"propertyDamage":30000,"cropDamage":0,"source":"NWS Storm Survey","dataSource":"CSV"}},{"type":"Feature","geometry":{"type":"LineString","coordinates":[[-88.99,37.18],[-88.93,37.21]]},"properties":{"id":"ncei-2023-1066115","eventId":"1066115","episodeId":"175610","year":2023,"month":1,"date":"2023-01-12","beginTime":"2023-01-12T02:03:00","endTime":"2023-01-12T02:07:00","timezone":"CST-6","state":"KY","stateName":"Kentucky","county":"Ballard","countyFips":"7","wfo":"PAH","scale":1,"scaleLabel":"EF1","lengthMiles":3.9,"widthYards":200,"deaths":0,"injuries":0,"propertyDamage":50000,"cropDamage":0,"source":"NWS Storm Survey","dataSource":"CSV"}},{"type":"Feature","geometry":{"type":"LineString","coordinates":[[-88.93,37.21],[-88.91,37.22]]},"properties":{"id":"ncei-2023-1066127","eventId":"1066127","episodeId":"175610","year":2023,"month":1,"date":"2023-01-12","beginTime":"2023-01-12T02:07:00","endTime":"2023-01-12T02:08:00","timezone":"CST-6","state":"KY","stateName":"Kentucky","county":"Mccracken","countyFips":"145","wfo":"PAH","scale":1,"scaleLabel":"EF1","lengthMiles":1.3,"widthYards":200,"deaths":0,"injuries":0,"propertyDamage":0,"cropDamage":0,"source":"NWS Storm Survey","dataSource":"CSV"}},{"type":"Feature","geometry":{"type":"LineString","coordinates":[[-88.89,37.23],[-88.91,37.22]]},"properties":{"id":"ncei-2023-1066128","eventId":"1066128","episodeId":"175630","year":2023,"month":1,"date":"2023-01-12","beginTime":"2023-01-12T02:08:00","endTime":"2023-01-12T02:10:00","timezone":"CST-6","state":"IL","stateName":"Illinois","county":"Massac","countyFips":"127","wfo":"PAH","scale":0,"scaleLabel":"EF0","lengthMiles":1.3,"widthYards":100,"deaths":0,"injuries":0,"propertyDamage":15000,"cropDamage":0,"source":"NWS Storm Survey","dataSource":"CSV"}},{"type":"Feature","geometry":{"type":"LineString","coordinates":[[-82.6477,30.812],[-82.6389,30.8164]]},"properties":{"id":"ncei-2023-1068509","eventId":"1068509","episodeId":"175991","year":2023,"month":1,"date":"2023-01-04","beginTime":"2023-01-04T12:35:00","endTime":"2023-01-04T12:36:00","timezone":"EST-5","state":"GA","stateName":"Georgia","county":"Clinch","countyFips":"65","wfo":"JAX","scale":0,"scaleLabel":"EF0","lengthMiles":0.64,"widthYards":300,"deaths":0,"injuries":0,"propertyDamage":0,"cropDamage":0,"source":"Emergency Manager","dataSource":"CSV"}},{"type":"Feature","geometry":{"type":"LineString","coordinates":[[-82.2806,31.4074],[-82.2314,31.4251]]},"properties":{"id":"ncei-2023-1068510","eventId":"1068510","episodeId":"175991","year":2023,"month":1,"date":"2023-01-04","beginTime":"2023-01-04T13:09:00","endTime":"2023-01-04T13:12:00","timezone":"EST-5","state":"GA","stateName":"Georgia","county":"Pierce","countyFips":"229","wfo":"JAX","scale":1,"scaleLabel":"EF1","lengthMiles":3.16,"widthYards":200,"deaths":0,"injuries":0,"propertyDamage":0,"cropDamage":0,"source":"NWS Storm Survey","dataSource":"CSV"}},{"type":"Feature","geometry":{"type":"LineString","coordinates":[[-81.9586,30.9851],[-81.9557,30.986]]},"properties":{"id":"ncei-2023-1068511","eventId":"1068511","episodeId":"175991","year":2023,"month":1,"date":"2023-01-04","beginTime":"2023-01-04T13:40:00","endTime":"2023-01-04T13:41:00","timezone":"EST-5","state":"GA","stateName":"Georgia","county":"Charlton","countyFips":"49","wfo":"JAX","scale":0,"scaleLabel":"EF0","lengthMiles":0.18,"widthYards":50,"deaths":0,"injuries":0,"propertyDamage":0,"cropDamage":0,"source":"NWS Storm Survey","dataSource":"CSV"}},{"type":"Feature","geometry":{"type":"LineString","coordinates":[[-82.7684,31.4166],[-82.7114,31.4373]]},"properties":{"id":"ncei-2023-1068690","eventId":"1068690","episodeId":"176025","year":2023,"month":1,"date":"2023-01-22","beginTime":"2023-01-22T18:11:00","endTime":"2023-01-22T18:14:00","timezone":"EST-5","state":"GA","stateName":"Georgia","county":"Coffee","countyFips":"69","wfo":"JAX","scale":1,"scaleLabel":"EF1","lengthMiles":3.66,"widthYards":210,"deaths":0,"injuries":0,"propertyDamage":0,"cropDamage":0,"source":"NWS Storm Survey","dataSource":"CSV"}},{"type":"Feature","geometry":{"type":"LineString","coordinates":[[-82.4294,31.5711],[-82.3085,31.6016]]},"properties":{"id":"ncei-2023-1068693","eventId":"1068693","episodeId":"176025","year":2023,"month":1,"date":"2023-01-22","beginTime":"2023-01-22T18:32:00","endTime":"2023-01-22T18:42:00","timezone":"EST-5","state":"GA","stateName":"Georgia","county":"Bacon","countyFips":"5","wfo":"JAX","scale":1,"scaleLabel":"EF1","lengthMiles":7.55,"widthYards":600,"deaths":0,"injuries":0,"propertyDamage":0,"cropDamage":0,"source":"NWS Storm Survey","dataSource":"CSV"}},{"type":"Feature","geometry":{"type":"LineString","coordinates":[[-93.0673,34.694],[-93.0503,34.7208]]},"properties":{"id":"ncei-2023-1069133","eventId":"1069133","episodeId":"175476","year":2023,"month":1,"date":"2023-01-02","beginTime":"2023-01-02T14:38:00","endTime":"2023-01-02T14:41:00","timezone":"CST-6","state":"AR","stateName":"Arkansas","county":"Garland","countyFips":"51","wfo":"LZK","scale":1,"scaleLabel":"EF1","lengthMiles":2.09,"widthYards":200,"deaths":0,"injuries":2,"propertyDamage":5000000,"cropDamage":0,"source":"Public","dataSource":"CSV"}},{"type":"Feature","geometry":{"type":"LineString","coordinates":[[-91.3273,33.5262],[-91.325,33.5342]]},"properties":{"id":"ncei-2023-1069158","eventId":"1069158","episodeId":"175476","year":2023,"month":1,"date":"2023-01-02","beginTime":"2023-01-02T19:44:00","endTime":"2023-01-02T19:45:00","timezone":"CST-6","state":"AR","stateName":"Arkansas","county":"Desha","countyFips":"41","wfo":"LZK","scale":0,"scaleLabel":"EF0","lengthMiles":0.57,"widthYards":30,"deaths":0,"injuries":0,"propertyDamage":5000,"cropDamage":0,"source":"NWS Storm Survey","dataSource":"CSV"}},{"type":"Feature","geometry":{"type":"LineString","coordinates":[[-91.99,41.67],[-91.902,41.723]]},"properties":{"id":"ncei-2023-1069176","eventId":"1069176","episodeId":"176117","year":2023,"month":1,"date":"2023-01-16","beginTime":"2023-01-16T14:01:00","endTime":"2023-01-16T14:09:00","timezone":"CST-6","state":"IA","stateName":"Iowa","county":"Iowa","countyFips":"95","wfo":"DVN","scale":1,"scaleLabel":"EF1","lengthMiles":4.7,"widthYards":400,"deaths":0,"injuries":0,"propertyDamage":0,"cropDamage":0,"source":"NWS Storm Survey","dataSource":"CSV"}},{"type":"Feature","geometry":{"type":"LineString","coordinates":[[-91.611,41.915],[-91.595,41.918]]},"properties":{"id":"ncei-2023-1069177","eventId":"1069177","episodeId":"176117","year":2023,"month":1,"date":"2023-01-16","beginTime":"2023-01-16T14:50:00","endTime":"2023-01-16T14:51:00","timezone":"CST-6","state":"IA","stateName":"Iowa","county":"Linn","countyFips":"113","wfo":"DVN","scale":-1,"scaleLabel":"Unknown","lengthMiles":0.85,"widthYards":10,"deaths":0,"injuries":0,"propertyDamage":0,"cropDamage":0,"source":"Storm Chaser","dataSource":"CSV"}},{"type":"Feature","geometry":{"type":"LineString","coordinates":[[-88.367,40.422],[-88.324,40.449]]},"properties":{"id":"ncei-2023-1069825","eventId":"1069825","episodeId":"176200","year":2023,"month":1,"date":"2023-01-03","beginTime":"2023-01-03T17:56:00","endTime":"2023-01-03T18:02:00","timezone":"CST-6","state":"IL","stateName":"Illinois","county":"Ford","countyFips":"53","wfo":"LOT","scale":1,"scaleLabel":"EF1","lengthMiles":2.9,"widthYards":25,"deaths":0,"injuries":0,"propertyDamage":0,"cropDamage":0,"source":"NWS Storm Survey","dataSource":"CSV"}},{"type":"Feature","geometry":{"type":"LineString","coordinates":[[-84.8038,35.4993],[-84.7945,35.5033]]},"properties":{"id":"ncei-2023-1070038","eventId":"1070038","episodeId":"176229","year":2023,"month":1,"date":"2023-01-12","beginTime":"2023-01-12T11:50:00","endTime":"2023-01-12T11:51:00","timezone":"EST-5","state":"TN","stateName":"Tennessee","county":"Meigs","countyFips":"121","wfo":"MRX","scale":0,"scaleLabel":"EF0","lengthMiles":0.57,"widthYards":150,"deaths":0,"injuries":1,"propertyDamage":0,"cropDamage":0,"source":"NWS Storm Survey","dataSource":"CSV"}},{"type":"Feature","geometry":{"type":"LineString","coordinates":[[-83.509,35.9767],[-83.5015,35.9782]]},"properties":{"id":"ncei-2023-1070039","eventId":"1070039","episodeId":"176229","year":2023,"month":1,"date":"2023-01-12","beginTime":"2023-01-12T13:14:00","endTime":"2023-01-12T13:15:00","timezone":"EST-5","state":"TN","stateName":"Tennessee","county":"Jefferson","countyFips":"89","wfo":"MRX","scale":0,"scaleLabel":"EF0","lengthMiles":0.43,"widthYards":30,"deaths":0,"injuries":0,"propertyDamage":0,"cropDamage":0,"source":"NWS Storm Survey","dataSource":"CSV"}},{"type":"Feature","geometry":{"type":"LineString","coordinates":[[-83.2732,36.0514],[-83.2543,36.0565]]},"properties":{"id":"ncei-2023-1070040","eventId":"1070040","episodeId":"176229","year":2023,"month":1,"date":"2023-01-12","beginTime":"2023-01-12T13:26:00","endTime":"2023-01-12T13:28:00","timezone":"EST-5","state":"TN","stateName":"Tennessee","county":"Jefferson","countyFips":"89","wfo":"MRX","scale":0,"scaleLabel":"EF0","lengthMiles":1.11,"widthYards":100,"deaths":0,"injuries":0,"propertyDamage":0,"cropDamage":0,"source":"NWS Storm Survey","dataSource":"CSV"}},{"type":"Feature","geometry":{"type":"LineString","coordinates":[[-87.4872,35.2491],[-87.4338,35.2686]]},"properties":{"id":"ncei-2023-1070534","eventId":"1070534","episodeId":"176239","year":2023,"month":2,"date":"2023-02-16","beginTime":"2023-02-16T15:38:00","endTime":"2023-02-16T15:44:00","timezone":"CST-6","state":"TN","stateName":"Tennessee","county":"Lawrence","countyFips":"99","wfo":"OHX","scale":0,"scaleLabel":"EF0","lengthMiles":3.3,"widthYards":150,"deaths":0,"injuries":0,"propertyDamage":25000,"cropDamage":0,"source":"NWS Storm Survey","dataSource":"CSV"}},{"type":"Feature","geometry":{"type":"LineString","coordinates":[[-87.29,35.34],[-87.2402,35.3689]]},"properties":{"id":"ncei-2023-1070535","eventId":"1070535","episodeId":"176239","year":2023,"month":2,"date":"2023-02-16","beginTime":"2023-02-16T15:57:00","endTime":"2023-02-16T16:03:00","timezone":"CST-6","state":"TN","stateName":"Tennessee","county":"Lawrence","countyFips":"99","wfo":"OHX","scale":0,"scaleLabel":"EF0","lengthMiles":3.44,"widthYards":200,"deaths":0,"injuries":0,"propertyDamage":25000,"cropDamage":0,"source":"NWS Storm Survey","dataSource":"CSV"}},{"type":"Feature","geometry":{"type":"LineString","coordinates":[[-86.7595,35.5158],[-86.7371,35.5249]]},"properties":{"id":"ncei-2023-1070536","eventId":"1070536","episodeId":"176239","year":2023,"month":2,"date":"2023-02-16","beginTime":"2023-02-16T16:38:00","endTime":"2023-02-16T16:42:00","timezone":"CST-6","state":"TN","stateName":"Tennessee","county":"Marshall","countyFips":"117","wfo":"OHX","scale":1,"scaleLabel":"EF1","lengthMiles":1.41,"widthYards":100,"deaths":0,"injuries":0,"propertyDamage":50000,"cropDamage":0,"source":"NWS Storm Survey","dataSource":"CSV"}},{"type":"Feature","geometry":{"type":"LineString","coordinates":[[-93.3557,33.3164],[-93.2895,33.3655]]},"properties":{"id":"ncei-2023-1072915","eventId":"1072915","episodeId":"176637","year":2023,"month":1,"date":"2023-01-18","beginTime":"2023-01-18T10:34:00","endTime":"2023-01-18T10:44:00","timezone":"CST-6","state":"AR","stateName":"Arkansas","county":"Columbia","countyFips":"27","wfo":"SHV","scale":1,"scaleLabel":"EF1","lengthMiles":5.11,"widthYards":80,"deaths":0,"injuries":0,"propertyDamage":35000,"cropDamage":0,"source":"NWS Storm Survey","dataSource":"CSV"}},{"type":"Feature","geometry":{"type":"LineString","coordinates":[[-92.8093,33.1034],[-92.6862,33.1898]]},"properties":{"id":"ncei-2023-1072926","eventId":"1072926","episodeId":"176637","year":2023,"month":1,"date":"2023-01-18","beginTime":"2023-01-18T12:40:00","endTime":"2023-01-18T12:51:00","timezone":"CST-6","state":"AR","stateName":"Arkansas","county":"Union","countyFips":"139","wfo":"SHV","scale":1,"scaleLabel":"EF1","lengthMiles":9.29,"widthYards":840,"deaths":0,"injuries":0,"propertyDamage":130000,"cropDamage":0,"source":"NWS Storm Survey","dataSource":"CSV"}},{"type":"Feature","geometry":{"type":"LineString","coordinates":[[-85.9115,39.8656],[-85.828,39.905]]},"properties":{"id":"ncei-2023-1073869","eventId":"1073869","episodeId":"176741","year":2023,"month":2,"date":"2023-02-27","beginTime":"2023-02-27T13:28:00","endTime":"2023-02-27T13:34:00","timezone":"EST-5","state":"IN","stateName":"Indiana","county":"Hancock","countyFips":"59","wfo":"IND","scale":1,"scaleLabel":"EF1","lengthMiles":5.24,"widthYards":50,"deaths":0,"injuries":0,"propertyDamage":200000,"cropDamage":0,"source":"NWS Storm Survey","dataSource":"CSV"}},{"type":"Feature","geometry":{"type":"LineString","coordinates":[[-85.7692,39.9423],[-85.7642,39.9441]]},"properties":{"id":"ncei-2023-1073870","eventId":"1073870","episodeId":"176741","year":2023,"month":2,"date":"2023-02-27","beginTime":"2023-02-27T13:37:00","endTime":"2023-02-27T13:39:00","timezone":"EST-5","state":"IN","stateName":"Indiana","county":"Hancock","countyFips":"59","wfo":"IND","scale":1,"scaleLabel":"EF1","lengthMiles":0.29,"widthYards":50,"deaths":0,"injuries":0,"propertyDamage":50000,"cropDamage":0,"source":"NWS Storm Survey","dataSource":"CSV"}},{"type":"Feature","geometry":{"type":"LineString","coordinates":[[-84.5036,39.5381],[-84.4325,39.5632]]},"properties":{"id":"ncei-2023-1073931","eventId":"1073931","episodeId":"176754","year":2023,"month":2,"date":"2023-02-27","beginTime":"2023-02-27T14:37:00","endTime":"2023-02-27T14:43:00","timezone":"EST-5","state":"OH","stateName":"Ohio","county":"Butler","countyFips":"17","wfo":"ILN","scale":1,"scaleLabel":"EF1","lengthMiles":4.17,"widthYards":150,"deaths":0,"injuries":0,"propertyDamage":500000,"cropDamage":0,"source":"NWS Storm Survey","dataSource":"CSV"}},{"type":"Feature","geometry":{"type":"LineString","coordinates":[[-84.004,40.0091],[-83.9694,40.0294]]},"properties":{"id":"ncei-2023-1074032","eventId":"1074032","episodeId":"176754","year":2023,"month":2,"date":"2023-02-27","beginTime":"2023-02-27T15:19:00","endTime":"2023-02-27T15:21:00","timezone":"EST-5","state":"OH","stateName":"Ohio","county":"Clark","countyFips":"23","wfo":"ILN","scale":1,"scaleLabel":"EF1","lengthMiles":2.31,"widthYards":300,"deaths":0,"injuries":0,"propertyDamage":250000,"cropDamage":0,"source":"NWS Storm Survey","dataSource":"CSV"}},{"type":"Feature","geometry":{"type":"LineString","coordinates":[[-83.1773,39.7889],[-83.1582,39.8018]]},"properties":{"id":"ncei-2023-1074033","eventId":"1074033","episodeId":"176754","year":2023,"month":2,"date":"2023-02-27","beginTime":"2023-02-27T16:03:00","endTime":"2023-02-27T16:05:00","timezone":"EST-5","state":"OH","stateName":"Ohio","county":"Pickaway","countyFips":"129","wfo":"ILN","scale":0,"scaleLabel":"EF0","lengthMiles":1.35,"widthYards":100,"deaths":0,"injuries":0,"propertyDamage":150000,"cropDamage":0,"source":"NWS Storm Survey","dataSource":"CSV"}},{"type":"Feature","geometry":{"type":"LineString","coordinates":[[-82.6492,39.9491],[-82.6471,39.953]]},"properties":{"id":"ncei-2023-1074034","eventId":"1074034","episodeId":"176754","year":2023,"month":2,"date":"2023-02-27","beginTime":"2023-02-27T16:41:00","endTime":"2023-02-27T16:42:00","timezone":"EST-5","state":"OH","stateName":"Ohio","county":"Licking","countyFips":"89","wfo":"ILN","scale":0,"scaleLabel":"EF0","lengthMiles":0.29,"widthYards":90,"deaths":0,"injuries":0,"propertyDamage":10000,"cropDamage":0,"source":"NWS Storm Survey","dataSource":"CSV"}},{"type":"Feature","geometry":{"type":"LineString","coordinates":[[-84.128,38.959],[-84.1123,38.9731]]},"properties":{"id":"ncei-2023-1074118","eventId":"1074118","episodeId":"176783","year":2023,"month":3,"date":"2023-03-03","beginTime":"2023-03-03T17:05:00","endTime":"2023-03-03T17:07:00","timezone":"EST-5","state":"OH","stateName":"Ohio","county":"Clermont","countyFips":"25","wfo":"ILN","scale":0,"scaleLabel":"EF0","lengthMiles":1.29,"widthYards":200,"deaths":0,"injuries":0,"propertyDamage":100000,"cropDamage":0,"source":"NWS Storm Survey","dataSource":"CSV"}},{"type":"Feature","geometry":{"type":"LineString","coordinates":[[-83.8178,39.1159],[-83.6683,39.285]]},"properties":{"id":"ncei-2023-1074119","eventId":"1074119","episodeId":"176783","year":2023,"month":3,"date":"2023-03-03","beginTime":"2023-03-03T17:26:00","endTime":"2023-03-03T17:40:00","timezone":"EST-5","state":"OH","stateName":"Ohio","county":"Highland","countyFips":"71","wfo":"ILN","scale":1,"scaleLabel":"EF1","lengthMiles":14.16,"widthYards":400,"deaths":0,"injuries":0,"propertyDamage":1000000,"cropDamage":0,"source":"NWS Storm Survey","dataSource":"CSV"}},{"type":"Feature","geometry":{"type":"LineString","coordinates":[[-83.7166,39.2751],[-83.7088,39.2866]]},"properties":{"id":"ncei-2023-1074120","eventId":"1074120","episodeId":"176783","year":2023,"month":3,"date":"2023-03-03","beginTime":"2023-03-03T17:35:00","endTime":"2023-03-03T17:37:00","timezone":"EST-5","state":"OH","stateName":"Ohio","county":"Highland","countyFips":"71","wfo":"ILN","scale":0,"scaleLabel":"EF0","lengthMiles":0.9,"widthYards":150,"deaths":0,"injuries":0,"propertyDamage":100000,"cropDamage":0,"source":"NWS Storm Survey","dataSource":"CSV"}},{"type":"Feature","geometry":{"type":"LineString","coordinates":[[-88.203,31.0196],[-88.0147,31.0686]]},"properties":{"id":"ncei-2023-1074157","eventId":"1074157","episodeId":"176790","year":2023,"month":1,"date":"2023-01-12","beginTime":"2023-01-12T12:15:00","endTime":"2023-01-12T12:33:00","timezone":"CST-6","state":"AL","stateName":"Alabama","county":"Mobile","countyFips":"97","wfo":"MOB","scale":2,"scaleLabel":"EF2","lengthMiles":11.65,"widthYards":200,"deaths":0,"injuries":0,"propertyDamage":0,"cropDamage":0,"source":"NWS Storm Survey","dataSource":"CSV"}},{"type":"Feature","geometry":{"type":"LineString","coordinates":[[-86.2428,31.505],[-86.2372,31.5068]]},"properties":{"id":"ncei-2023-1074158","eventId":"1074158","episodeId":"176790","year":2023,"month":1,"date":"2023-01-12","beginTime":"2023-01-12T14:46:00","endTime":"2023-01-12T14:47:00","timezone":"CST-6","state":"AL","stateName":"Alabama","county":"Crenshaw","countyFips":"41","wfo":"MOB","scale":1,"scaleLabel":"EF1","lengthMiles":0.35,"widthYards":80,"deaths":0,"injuries":0,"propertyDamage":0,"cropDamage":0,"source":"NWS Storm Survey","dataSource":"CSV"}},{"type":"Feature","geometry":{"type":"LineString","coordinates":[[-86.9346,31.3616],[-86.9195,31.3659]]},"properties":{"id":"ncei-2023-1074159","eventId":"1074159","episodeId":"176790","year":2023,"month":1,"date":"2023-01-12","beginTime":"2023-01-12T13:54:00","endTime":"2023-01-12T13:55:00","timezone":"CST-6","state":"AL","stateName":"Alabama","county":"Conecuh","countyFips":"35","wfo":"MOB","scale":0,"scaleLabel":"EF0","lengthMiles":0.94,"widthYards":100,"deaths":0,"injuries":0,"propertyDamage":0,"cropDamage":0,"source":"NWS Storm Survey","dataSource":"CSV"}},{"type":"Feature","geometry":{"type":"LineString","coordinates":[[-87.7827,32.4151],[-87.719,32.481]]},"properties":{"id":"ncei-2023-1074247","eventId":"1074247","episodeId":"176804","year":2023,"month":1,"date":"2023-01-03","beginTime":"2023-01-03T11:21:00","endTime":"2023-01-03T11:29:00","timezone":"CST-6","state":"AL","stateName":"Alabama","county":"Marengo","countyFips":"91","wfo":"BMX","scale":1,"scaleLabel":"EF1","lengthMiles":5.88,"widthYards":275,"deaths":0,"injuries":0,"propertyDamage":0,"cropDamage":0,"source":"NWS Storm Survey","dataSource":"CSV"}},{"type":"Feature","geometry":{"type":"LineString","coordinates":[[-87.719,32.481],[-87.6826,32.5108]]},"properties":{"id":"ncei-2023-1074249","eventId":"1074249","episodeId":"176804","year":2023,"month":1,"date":"2023-01-03","beginTime":"2023-01-03T11:29:00","endTime":"2023-01-03T11:33:00","timezone":"CST-6","state":"AL","stateName":"Alabama","county":"Hale","countyFips":"65","wfo":"BMX","scale":0,"scaleLabel":"EF0","lengthMiles":2.96,"widthYards":195,"deaths":0,"injuries":0,"propertyDamage":0,"cropDamage":0,"source":"NWS Storm Survey","dataSource":"CSV"}},{"type":"Feature","geometry":{"type":"LineString","coordinates":[[-87.3491,32.6835],[-87.3469,32.6848]]},"properties":{"id":"ncei-2023-1074259","eventId":"1074259","episodeId":"176804","year":2023,"month":1,"date":"2023-01-03","beginTime":"2023-01-03T12:10:00","endTime":"2023-01-03T12:11:00","timezone":"CST-6","state":"AL","stateName":"Alabama","county":"Perry","countyFips":"105","wfo":"BMX","scale":1,"scaleLabel":"EF1","lengthMiles":0.15,"widthYards":100,"deaths":0,"injuries":0,"propertyDamage":0,"cropDamage":0,"source":"NWS Storm Survey","dataSource":"CSV"}},{"type":"Feature","geometry":{"type":"LineString","coordinates":[[-87.0548,32.8493],[-87.0158,32.8737]]},"properties":{"id":"ncei-2023-1074270","eventId":"1074270","episodeId":"176804","year":2023,"month":1,"date":"2023-01-03","beginTime":"2023-01-03T12:41:00","endTime":"2023-01-03T12:45:00","timezone":"CST-6","state":"AL","stateName":"Alabama","county":"Bibb","countyFips":"7","wfo":"BMX","scale":0,"scaleLabel":"EF0","lengthMiles":2.82,"widthYards":100,"deaths":0,"injuries":0,"propertyDamage":0,"cropDamage":0,"source":"NWS Storm Survey","dataSource":"CSV"}},{"type":"Feature","geometry":{"type":"LineString","coordinates":[[-87.8899,34.5382],[-87.8821,34.5439]]},"properties":{"id":"ncei-2023-1074279","eventId":"1074279","episodeId":"175314","year":2023,"month":1,"date":"2023-01-03","beginTime":"2023-01-03T10:48:00","endTime":"2023-01-03T10:50:00","timezone":"CST-6","state":"AL","stateName":"Alabama","county":"Franklin","countyFips":"59","wfo":"HUN","scale":1,"scaleLabel":"EF1","lengthMiles":0.6,"widthYards":70,"deaths":0,"injuries":0,"propertyDamage":0,"cropDamage":0,"source":"NWS Storm Survey","dataSource":"CSV"}},{"type":"Feature","geometry":{"type":"LineString","coordinates":[[-86.5972,32.5609],[-86.5506,32.5841]]},"properties":{"id":"ncei-2023-1074280","eventId":"1074280","episodeId":"176804","year":2023,"month":1,"date":"2023-01-03","beginTime":"2023-01-03T13:18:00","endTime":"2023-01-03T13:26:00","timezone":"CST-6","state":"AL","stateName":"Alabama","county":"Autauga","countyFips":"1","wfo":"BMX","scale":0,"scaleLabel":"EF0","lengthMiles":3.18,"widthYards":60,"deaths":0,"injuries":0,"propertyDamage":0,"cropDamage":0,"source":"NWS Storm Survey","dataSource":"CSV"}},{"type":"Feature","geometry":{"type":"LineString","coordinates":[[-86.5264,32.988],[-86.515,32.993]]},"properties":{"id":"ncei-2023-1074284","eventId":"1074284","episodeId":"176804","year":2023,"month":1,"date":"2023-01-03","beginTime":"2023-01-03T13:39:00","endTime":"2023-01-03T13:40:00","timezone":"CST-6","state":"AL","stateName":"Alabama","county":"Chilton","countyFips":"21","wfo":"BMX","scale":1,"scaleLabel":"EF1","lengthMiles":0.75,"widthYards":250,"deaths":0,"injuries":0,"propertyDamage":0,"cropDamage":0,"source":"NWS Storm Survey","dataSource":"CSV"}},{"type":"Feature","geometry":{"type":"LineString","coordinates":[[-87.3637,34.4494],[-87.106,34.575]]},"properties":{"id":"ncei-2023-1074289","eventId":"1074289","episodeId":"175463","year":2023,"month":1,"date":"2023-01-12","beginTime":"2023-01-12T08:09:00","endTime":"2023-01-12T08:30:00","timezone":"CST-6","state":"AL","stateName":"Alabama","county":"Lawrence","countyFips":"79","wfo":"HUN","scale":1,"scaleLabel":"EF1","lengthMiles":17.05,"widthYards":325,"deaths":0,"injuries":0,"propertyDamage":0,"cropDamage":0,"source":"NWS Storm Survey","dataSource":"CSV"}},{"type":"Feature","geometry":{"type":"LineString","coordinates":[[-86.515,32.993],[-86.4899,33.0059]]},"properties":{"id":"ncei-2023-1074293","eventId":"1074293","episodeId":"176804","year":2023,"month":1,"date":"2023-01-03","beginTime":"2023-01-03T13:40:00","endTime":"2023-01-03T13:43:00","timezone":"CST-6","state":"AL","stateName":"Alabama","county":"Coosa","countyFips":"37","wfo":"BMX","scale":0,"scaleLabel":"EF0","lengthMiles":1.71,"widthYards":150,"deaths":0,"injuries":0,"propertyDamage":0,"cropDamage":0,"source":"NWS Storm Survey","dataSource":"CSV"}},{"type":"Feature","geometry":{"type":"LineString","coordinates":[[-87.106,34.575],[-86.991,34.626]]},"properties":{"id":"ncei-2023-1074295","eventId":"1074295","episodeId":"175463","year":2023,"month":1,"date":"2023-01-12","beginTime":"2023-01-12T08:30:00","endTime":"2023-01-12T08:39:00","timezone":"CST-6","state":"AL","stateName":"Alabama","county":"Morgan","countyFips":"103","wfo":"HUN","scale":1,"scaleLabel":"EF1","lengthMiles":7.48,"widthYards":325,"deaths":0,"injuries":0,"propertyDamage":0,"cropDamage":0,"source":"NWS Storm Survey","dataSource":"CSV"}},{"type":"Feature","geometry":{"type":"LineString","coordinates":[[-86.991,34.626],[-86.8991,34.662]]},"properties":{"id":"ncei-2023-1074296","eventId":"1074296","episodeId":"175463","year":2023,"month":1,"date":"2023-01-12","beginTime":"2023-01-12T08:39:00","endTime":"2023-01-12T08:45:00","timezone":"CST-6","state":"AL","stateName":"Alabama","county":"Limestone","countyFips":"83","wfo":"HUN","scale":1,"scaleLabel":"EF1","lengthMiles":5.79,"widthYards":325,"deaths":0,"injuries":0,"propertyDamage":0,"cropDamage":0,"source":"NWS Storm Survey","dataSource":"CSV"}},{"type":"Feature","geometry":{"type":"LineString","coordinates":[[-86.4098,32.6239],[-86.2678,32.6747]]},"properties":{"id":"ncei-2023-1074300","eventId":"1074300","episodeId":"176804","year":2023,"month":1,"date":"2023-01-03","beginTime":"2023-01-03T13:42:00","endTime":"2023-01-03T13:59:00","timezone":"CST-6","state":"AL","stateName":"Alabama","county":"Elmore","countyFips":"51","wfo":"BMX","scale":2,"scaleLabel":"EF2","lengthMiles":9.06,"widthYards":800,"deaths":0,"injuries":0,"propertyDamage":0,"cropDamage":0,"source":"NWS Storm Survey","dataSource":"CSV"}},{"type":"Feature","geometry":{"type":"LineString","coordinates":[[-86.0693,33.235],[-85.9707,33.2769]]},"properties":{"id":"ncei-2023-1074303","eventId":"1074303","episodeId":"176804","year":2023,"month":1,"date":"2023-01-03","beginTime":"2023-01-03T14:31:00","endTime":"2023-01-03T14:45:00","timezone":"CST-6","state":"AL","stateName":"Alabama","county":"Clay","countyFips":"27","wfo":"BMX","scale":0,"scaleLabel":"EF0","lengthMiles":6.41,"widthYards":300,"deaths":0,"injuries":0,"propertyDamage":0,"cropDamage":0,"source":"NWS Storm Survey","dataSource":"CSV"}},{"type":"Feature","geometry":{"type":"LineString","coordinates":[[-85.6469,33.3464],[-85.6304,33.3542]]},"properties":{"id":"ncei-2023-1074309","eventId":"1074309","episodeId":"176804","year":2023,"month":1,"date":"2023-01-03","beginTime":"2023-01-03T15:17:00","endTime":"2023-01-03T15:19:00","timezone":"CST-6","state":"AL","stateName":"Alabama","county":"Randolph","countyFips":"111","wfo":"BMX","scale":0,"scaleLabel":"EF0","lengthMiles":1.11,"widthYards":150,"deaths":0,"injuries":0,"propertyDamage":0,"cropDamage":0,"source":"NWS Storm Survey","dataSource":"CSV"}},{"type":"Feature","geometry":{"type":"LineString","coordinates":[[-85.4433,33.0648],[-85.3852,33.1054]]},"properties":{"id":"ncei-2023-1074318","eventId":"1074318","episodeId":"176804","year":2023,"month":1,"date":"2023-01-03","beginTime":"2023-01-03T15:27:00","endTime":"2023-01-03T15:37:00","timezone":"CST-6","state":"AL","stateName":"Alabama","county":"Chambers","countyFips":"17","wfo":"BMX","scale":0,"scaleLabel":"EF0","lengthMiles":4.4,"widthYards":500,"deaths":0,"injuries":0,"propertyDamage":0,"cropDamage":0,"source":"NWS Storm Survey","dataSource":"CSV"}},{"type":"Feature","geometry":{"type":"LineString","coordinates":[[-85.9362,32.8837],[-85.884,32.9159]]},"properties":{"id":"ncei-2023-1074320","eventId":"1074320","episodeId":"176804","year":2023,"month":1,"date":"2023-01-04","beginTime":"2023-01-04T02:59:00","endTime":"2023-01-04T03:04:00","timezone":"CST-6","state":"AL","stateName":"Alabama","county":"Tallapoosa","countyFips":"123","wfo":"BMX","scale":1,"scaleLabel":"EF1","lengthMiles":3.77,"widthYards":125,"deaths":0,"injuries":0,"propertyDamage":0,"cropDamage":0,"source":"NWS Storm Survey","dataSource":"CSV"}},{"type":"Feature","geometry":{"type":"LineString","coordinates":[[-86.1964,32.3467],[-86.1653,32.352]]},"properties":{"id":"ncei-2023-1074321","eventId":"1074321","episodeId":"176804","year":2023,"month":1,"date":"2023-01-04","beginTime":"2023-01-04T03:00:00","endTime":"2023-01-04T03:05:00","timezone":"CST-6","state":"AL","stateName":"Alabama","county":"Montgomery","countyFips":"101","wfo":"BMX","scale":1,"scaleLabel":"EF1","lengthMiles":1.87,"widthYards":130,"deaths":0,"injuries":1,"propertyDamage":0,"cropDamage":0,"source":"NWS Storm Survey","dataSource":"CSV"}},{"type":"Feature","geometry":{"type":"LineString","coordinates":[[-85.9258,32.384],[-85.9175,32.3907]]},"properties":{"id":"ncei-2023-1074336","eventId":"1074336","episodeId":"176804","year":2023,"month":1,"date":"2023-01-04","beginTime":"2023-01-04T03:23:00","endTime":"2023-01-04T03:25:00","timezone":"CST-6","state":"AL","stateName":"Alabama","county":"Macon","countyFips":"87","wfo":"BMX","scale":0,"scaleLabel":"EF0","lengthMiles":0.67,"widthYards":75,"deaths":0,"injuries":0,"propertyDamage":0,"cropDamage":0,"source":"NWS Storm Survey","dataSource":"CSV"}},{"type":"Feature","geometry":{"type":"LineString","coordinates":[[-85.4533,32.4249],[-85.4351,32.4297]]},"properties":{"id":"ncei-2023-1074339","eventId":"1074339","episodeId":"176804","year":2023,"month":1,"date":"2023-01-04","beginTime":"2023-01-04T04:07:00","endTime":"2023-01-04T04:09:00","timezone":"CST-6","state":"AL","stateName":"Alabama","county":"Macon","countyFips":"87","wfo":"BMX","scale":0,"scaleLabel":"EF0","lengthMiles":1.11,"widthYards":100,"deaths":0,"injuries":0,"propertyDamage":0,"cropDamage":0,"source":"NWS Storm Survey","dataSource":"CSV"}},{"type":"Feature","geometry":{"type":"LineString","coordinates":[[-87.5864,34.1658],[-87.4334,34.204]]},"properties":{"id":"ncei-2023-1074344","eventId":"1074344","episodeId":"176817","year":2023,"month":1,"date":"2023-01-12","beginTime":"2023-01-12T08:05:00","endTime":"2023-01-12T08:18:00","timezone":"CST-6","state":"AL","stateName":"Alabama","county":"Winston","countyFips":"133","wfo":"BMX","scale":2,"scaleLabel":"EF2","lengthMiles":9.18,"widthYards":425,"deaths":0,"injuries":0,"propertyDamage":0,"cropDamage":0,"source":"NWS Storm Survey","dataSource":"CSV"}},{"type":"Feature","geometry":{"type":"LineString","coordinates":[[-88.3463,32.7288],[-88.1314,32.7715]]},"properties":{"id":"ncei-2023-1074345","eventId":"1074345","episodeId":"176817","year":2023,"month":1,"date":"2023-01-12","beginTime":"2023-01-12T09:24:00","endTime":"2023-01-12T09:40:00","timezone":"CST-6","state":"AL","stateName":"Alabama","county":"Sumter","countyFips":"119","wfo":"BMX","scale":2,"scaleLabel":"EF2","lengthMiles":12.87,"widthYards":440,"deaths":0,"injuries":1,"propertyDamage":0,"cropDamage":0,"source":"NWS Storm Survey","dataSource":"CSV"}},{"type":"Feature","geometry":{"type":"LineString","coordinates":[[-87.9158,32.842],[-87.813,32.886]]},"properties":{"id":"ncei-2023-1074354","eventId":"1074354","episodeId":"176817","year":2023,"month":1,"date":"2023-01-12","beginTime":"2023-01-12T09:54:00","endTime":"2023-01-12T10:03:00","timezone":"CST-6","state":"AL","stateName":"Alabama","county":"Greene","countyFips":"63","wfo":"BMX","scale":1,"scaleLabel":"EF1","lengthMiles":6.86,"widthYards":675,"deaths":0,"injuries":0,"propertyDamage":0,"cropDamage":0,"source":"NWS Storm Survey","dataSource":"CSV"}},{"type":"Feature","geometry":{"type":"LineString","coordinates":[[-83.2021,39.4107],[-83.1944,39.4211]]},"properties":{"id":"ncei-2023-1074903","eventId":"1074903","episodeId":"176783","year":2023,"month":3,"date":"2023-03-03","beginTime":"2023-03-03T18:13:00","endTime":"2023-03-03T18:14:00","timezone":"EST-5","state":"OH","stateName":"Ohio","county":"Ross","countyFips":"141","wfo":"ILN","scale":0,"scaleLabel":"EF0","lengthMiles":0.83,"widthYards":50,"deaths":0,"injuries":0,"propertyDamage":15000,"cropDamage":0,"source":"NWS Storm Survey","dataSource":"CSV"}},{"type":"Feature","geometry":{"type":"LineString","coordinates":[[-74.7028,40.2785],[-74.5931,40.2701]]},"properties":{"id":"ncei-2023-1074943","eventId":"1074943","episodeId":"176879","year":2023,"month":2,"date":"2023-02-21","beginTime":"2023-02-21T15:35:00","endTime":"2023-02-21T15:41:00","timezone":"EST-5","state":"NJ","stateName":"New Jersey","county":"Mercer","countyFips":"21","wfo":"PHI","scale":2,"scaleLabel":"EF2","lengthMiles":5.8,"widthYards":200,"deaths":0,"injuries":0,"propertyDamage":0,"cropDamage":0,"source":"NWS Storm Survey","dataSource":"CSV"}},{"type":"Feature","geometry":{"type":"LineString","coordinates":[[-84.7192,33.3844],[-84.7089,33.387]]},"properties":{"id":"ncei-2023-1074973","eventId":"1074973","episodeId":"176877","year":2023,"month":1,"date":"2023-01-03","beginTime":"2023-01-03T17:42:00","endTime":"2023-01-03T17:44:00","timezone":"EST-5","state":"GA","stateName":"Georgia","county":"Coweta","countyFips":"77","wfo":"FFC","scale":0,"scaleLabel":"EF0","lengthMiles":0.62,"widthYards":150,"deaths":0,"injuries":0,"propertyDamage":0,"cropDamage":0,"source":"NWS Storm Survey","dataSource":"CSV"}},{"type":"Feature","geometry":{"type":"LineString","coordinates":[[-84.14,33.6834],[-84.1376,33.681]]},"properties":{"id":"ncei-2023-1074974","eventId":"1074974","episodeId":"176877","year":2023,"month":1,"date":"2023-01-03","beginTime":"2023-01-03T18:25:00","endTime":"2023-01-03T18:26:00","timezone":"EST-5","state":"GA","stateName":"Georgia","county":"De Kalb","countyFips":"89","wfo":"FFC","scale":0,"scaleLabel":"EF0","lengthMiles":0.25,"widthYards":100,"deaths":0,"injuries":0,"propertyDamage":0,"cropDamage":0,"source":"NWS Storm Survey","dataSource":"CSV"}},{"type":"Feature","geometry":{"type":"LineString","coordinates":[[-85.1896,33.4071],[-85.1492,33.4177]]},"properties":{"id":"ncei-2023-1074975","eventId":"1074975","episodeId":"176877","year":2023,"month":1,"date":"2023-01-04","beginTime":"2023-01-04T05:02:00","endTime":"2023-01-04T05:05:00","timezone":"EST-5","state":"GA","stateName":"Georgia","county":"Heard","countyFips":"149","wfo":"FFC","scale":1,"scaleLabel":"EF1","lengthMiles":2.45,"widthYards":100,"deaths":0,"injuries":0,"propertyDamage":0,"cropDamage":0,"source":"NWS Storm Survey","dataSource":"CSV"}},{"type":"Feature","geometry":{"type":"LineString","coordinates":[[-82.845,32.997],[-82.781,33.008]]},"properties":{"id":"ncei-2023-1074977","eventId":"1074977","episodeId":"176877","year":2023,"month":1,"date":"2023-01-04","beginTime":"2023-01-04T08:48:00","endTime":"2023-01-04T08:53:00","timezone":"EST-5","state":"GA","stateName":"Georgia","county":"Washington","countyFips":"303","wfo":"FFC","scale":1,"scaleLabel":"EF1","lengthMiles":3.8,"widthYards":400,"deaths":0,"injuries":1,"propertyDamage":0,"cropDamage":0,"source":"NWS Storm Survey","dataSource":"CSV"}},{"type":"Feature","geometry":{"type":"LineString","coordinates":[[-82.491,33.087],[-82.409,33.105]]},"properties":{"id":"ncei-2023-1074979","eventId":"1074979","episodeId":"176877","year":2023,"month":1,"date":"2023-01-04","beginTime":"2023-01-04T09:12:00","endTime":"2023-01-04T09:18:00","timezone":"EST-5","state":"GA","stateName":"Georgia","county":"Jefferson","countyFips":"163","wfo":"FFC","scale":0,"scaleLabel":"EF0","lengthMiles":5.2,"widthYards":500,"deaths":0,"injuries":0,"propertyDamage":0,"cropDamage":0,"source":"NWS Storm Survey","dataSource":"CSV"}},{"type":"Feature","geometry":{"type":"LineString","coordinates":[[-94.4702,30.0007],[-94.4673,30.0303]]},"properties":{"id":"ncei-2023-1075131","eventId":"1075131","episodeId":"176906","year":2023,"month":1,"date":"2023-01-24","beginTime":"2023-01-24T15:27:00","endTime":"2023-01-24T15:28:00","timezone":"CST-6","state":"TX","stateName":"Texas","county":"Liberty","countyFips":"291","wfo":"HGX","scale":2,"scaleLabel":"EF2","lengthMiles":2.05,"widthYards":50,"deaths":0,"injuries":0,"propertyDamage":150000,"cropDamage":0,"source":"NWS Storm Survey","dataSource":"CSV"}},{"type":"Feature","geometry":{"type":"LineString","coordinates":[[-95.3372,29.5457],[-95.3742,29.5306]]},"properties":{"id":"ncei-2023-1075135","eventId":"1075135","episodeId":"176906","year":2023,"month":1,"date":"2023-01-24","beginTime":"2023-01-24T14:07:00","endTime":"2023-01-24T14:09:00","timezone":"CST-6","state":"TX","stateName":"Texas","county":"Brazoria","countyFips":"39","wfo":"HGX","scale":0,"scaleLabel":"EF0","lengthMiles":2.45,"widthYards":50,"deaths":0,"injuries":0,"propertyDamage":0,"cropDamage":0,"source":"NWS Storm Survey","dataSource":"CSV"}},{"type":"Feature","geometry":{"type":"LineString","coordinates":[[-95.74,29.39],[-95.52,29.48]]},"properties":{"id":"ncei-2023-1075140","eventId":"1075140","episodeId":"176906","year":2023,"month":1,"date":"2023-01-24","beginTime":"2023-01-24T13:38:00","endTime":"2023-01-24T13:53:00","timezone":"CST-6","state":"TX","stateName":"Texas","county":"Fort Bend","countyFips":"157","wfo":"HGX","scale":0,"scaleLabel":"EF0","lengthMiles":14.63,"widthYards":100,"deaths":0,"injuries":0,"propertyDamage":0,"cropDamage":0,"source":"NWS Storm Survey","dataSource":"CSV"}},{"type":"Feature","geometry":{"type":"LineString","coordinates":[[-95.2483,29.5958],[-94.9489,29.8104]]},"properties":{"id":"ncei-2023-1075141","eventId":"1075141","episodeId":"176906","year":2023,"month":1,"date":"2023-01-24","beginTime":"2023-01-24T14:15:00","endTime":"2023-01-24T14:40:00","timezone":"CST-6","state":"TX","stateName":"Texas","county":"Harris","countyFips":"201","wfo":"HGX","scale":3,"scaleLabel":"EF3","lengthMiles":23.3,"widthYards":1000,"deaths":0,"injuries":0,"propertyDamage":6600000,"cropDamage":0,"source":"NWS Storm Survey","dataSource":"CSV"}},{"type":"Feature","geometry":{"type":"LineString","coordinates":[[-85.1327,38.3529],[-85.1093,38.3537]]},"properties":{"id":"ncei-2023-1075494","eventId":"1075494","episodeId":"176459","year":2023,"month":1,"date":"2023-01-12","beginTime":"2023-01-12T08:47:00","endTime":"2023-01-12T08:49:00","timezone":"EST-5","state":"KY","stateName":"Kentucky","county":"Henry","countyFips":"103","wfo":"LMK","scale":1,"scaleLabel":"EF1","lengthMiles":1.27,"widthYards":100,"deaths":0,"injuries":0,"propertyDamage":0,"cropDamage":0,"source":"NWS Storm Survey","dataSource":"CSV"}},{"type":"Feature","geometry":{"type":"LineString","coordinates":[[-84.91,37.77],[-84.84,37.78]]},"properties":{"id":"ncei-2023-1075497","eventId":"1075497","episodeId":"176459","year":2023,"month":1,"date":"2023-01-12","beginTime":"2023-01-12T09:01:00","endTime":"2023-01-12T09:05:00","timezone":"EST-5","state":"KY","stateName":"Kentucky","county":"Mercer","countyFips":"167","wfo":"LMK","scale":1,"scaleLabel":"EF1","lengthMiles":3.6,"widthYards":80,"deaths":0,"injuries":0,"propertyDamage":0,"cropDamage":0,"source":"NWS Storm Survey","dataSource":"CSV"}},{"type":"Feature","geometry":{"type":"LineString","coordinates":[[-84.7367,37.6878],[-84.7231,37.6931]]},"properties":{"id":"ncei-2023-1075506","eventId":"1075506","episodeId":"176459","year":2023,"month":1,"date":"2023-01-12","beginTime":"2023-01-12T09:10:00","endTime":"2023-01-12T09:11:00","timezone":"EST-5","state":"KY","stateName":"Kentucky","county":"Boyle","countyFips":"21","wfo":"LMK","scale":1,"scaleLabel":"EF1","lengthMiles":0.84,"widthYards":125,"deaths":0,"injuries":0,"propertyDamage":0,"cropDamage":0,"source":"NWS Storm Survey","dataSource":"CSV"}},{"type":"Feature","geometry":{"type":"LineString","coordinates":[[-84.2458,37.7719],[-84.2308,37.7844]]},"properties":{"id":"ncei-2023-1075507","eventId":"1075507","episodeId":"176459","year":2023,"month":1,"date":"2023-01-12","beginTime":"2023-01-12T09:42:00","endTime":"2023-01-12T09:45:00","timezone":"EST-5","state":"KY","stateName":"Kentucky","county":"Madison","countyFips":"151","wfo":"LMK","scale":1,"scaleLabel":"EF1","lengthMiles":1.2,"widthYards":80,"deaths":0,"injuries":0,"propertyDamage":0,"cropDamage":0,"source":"NWS Storm Survey","dataSource":"CSV"}},{"type":"Feature","geometry":{"type":"LineString","coordinates":[[-65.8775,18.1734],[-65.8789,18.1762]]},"properties":{"id":"ncei-2023-1076238","eventId":"1076238","episodeId":"177105","year":2023,"month":3,"date":"2023-03-16","beginTime":"2023-03-16T15:10:00","endTime":"2023-03-16T15:16:00","timezone":"AST-4","state":"PR","stateName":"Puerto Rico","county":"Las Piedras","countyFips":"85","wfo":"SJU","scale":0,"scaleLabel":"EF0","lengthMiles":0.25,"widthYards":7,"deaths":0,"injuries":0,"propertyDamage":40000,"cropDamage":0,"source":"NWS Storm Survey","dataSource":"CSV"}},{"type":"Feature","geometry":{"type":"LineString","coordinates":[[-87.813,32.886],[-87.81,32.887]]},"properties":{"id":"ncei-2023-1076603","eventId":"1076603","episodeId":"176817","year":2023,"month":1,"date":"2023-01-12","beginTime":"2023-01-12T10:03:00","endTime":"2023-01-12T10:04:00","timezone":"CST-6","state":"AL","stateName":"Alabama","county":"Hale","countyFips":"65","wfo":"BMX","scale":1,"scaleLabel":"EF1","lengthMiles":0.19,"widthYards":575,"deaths":0,"injuries":0,"propertyDamage":0,"cropDamage":0,"source":"NWS Storm Survey","dataSource":"CSV"}},{"type":"Feature","geometry":{"type":"LineString","coordinates":[[-87.81,32.887],[-87.805,32.889]]},"properties":{"id":"ncei-2023-1076604","eventId":"1076604","episodeId":"176817","year":2023,"month":1,"date":"2023-01-12","beginTime":"2023-01-12T10:04:00","endTime":"2023-01-12T10:05:00","timezone":"CST-6","state":"AL","stateName":"Alabama","county":"Greene","countyFips":"63","wfo":"BMX","scale":1,"scaleLabel":"EF1","lengthMiles":0.29,"widthYards":525,"deaths":0,"injuries":0,"propertyDamage":0,"cropDamage":0,"source":"NWS Storm Survey","dataSource":"CSV"}},{"type":"Feature","geometry":{"type":"LineString","coordinates":[[-87.805,32.889],[-87.423,33.004]]},"properties":{"id":"ncei-2023-1076605","eventId":"1076605","episodeId":"176817","year":2023,"month":1,"date":"2023-01-12","beginTime":"2023-01-12T10:05:00","endTime":"2023-01-12T10:34:00","timezone":"CST-6","state":"AL","stateName":"Alabama","county":"Hale","countyFips":"65","wfo":"BMX","scale":2,"scaleLabel":"EF2","lengthMiles":23.7,"widthYards":600,"deaths":0,"injuries":0,"propertyDamage":0,"cropDamage":0,"source":"NWS Storm Survey","dataSource":"CSV"}},{"type":"Feature","geometry":{"type":"LineString","coordinates":[[-87.423,33.004],[-87.317,33.033]]},"properties":{"id":"ncei-2023-1076606","eventId":"1076606","episodeId":"176817","year":2023,"month":1,"date":"2023-01-12","beginTime":"2023-01-12T10:34:00","endTime":"2023-01-12T10:41:00","timezone":"CST-6","state":"AL","stateName":"Alabama","county":"Tuscaloosa","countyFips":"125","wfo":"BMX","scale":2,"scaleLabel":"EF2","lengthMiles":6.49,"widthYards":600,"deaths":0,"injuries":0,"propertyDamage":0,"cropDamage":0,"source":"NWS Storm Survey","dataSource":"CSV"}},{"type":"Feature","geometry":{"type":"LineString","coordinates":[[-87.317,33.033],[-87.294,33.039]]},"properties":{"id":"ncei-2023-1076607","eventId":"1076607","episodeId":"176817","year":2023,"month":1,"date":"2023-01-12","beginTime":"2023-01-12T10:41:00","endTime":"2023-01-12T10:43:00","timezone":"CST-6","state":"AL","stateName":"Alabama","county":"Bibb","countyFips":"7","wfo":"BMX","scale":0,"scaleLabel":"EF0","lengthMiles":1.49,"widthYards":500,"deaths":0,"injuries":0,"propertyDamage":0,"cropDamage":0,"source":"NWS Storm Survey","dataSource":"CSV"}},{"type":"Feature","geometry":{"type":"LineString","coordinates":[[-87.7543,32.6221],[-87.474,32.723]]},"properties":{"id":"ncei-2023-1076616","eventId":"1076616","episodeId":"176817","year":2023,"month":1,"date":"2023-01-12","beginTime":"2023-01-12T10:47:00","endTime":"2023-01-12T11:10:00","timezone":"CST-6","state":"AL","stateName":"Alabama","county":"Hale","countyFips":"65","wfo":"BMX","scale":2,"scaleLabel":"EF2","lengthMiles":17.73,"widthYards":500,"deaths":0,"injuries":0,"propertyDamage":0,"cropDamage":0,"source":"NWS Storm Survey","dataSource":"CSV"}},{"type":"Feature","geometry":{"type":"LineString","coordinates":[[-87.474,32.723],[-87.4061,32.7427]]},"properties":{"id":"ncei-2023-1076622","eventId":"1076622","episodeId":"176817","year":2023,"month":1,"date":"2023-01-12","beginTime":"2023-01-12T11:10:00","endTime":"2023-01-12T11:15:00","timezone":"CST-6","state":"AL","stateName":"Alabama","county":"Perry","countyFips":"105","wfo":"BMX","scale":0,"scaleLabel":"EF0","lengthMiles":4.17,"widthYards":360,"deaths":0,"injuries":0,"propertyDamage":0,"cropDamage":0,"source":"NWS Storm Survey","dataSource":"CSV"}},{"type":"Feature","geometry":{"type":"LineString","coordinates":[[-87.2421,32.8027],[-87.169,32.836]]},"properties":{"id":"ncei-2023-1076623","eventId":"1076623","episodeId":"176817","year":2023,"month":1,"date":"2023-01-12","beginTime":"2023-01-12T11:30:00","endTime":"2023-01-12T11:34:00","timezone":"CST-6","state":"AL","stateName":"Alabama","county":"Perry","countyFips":"105","wfo":"BMX","scale":1,"scaleLabel":"EF1","lengthMiles":4.83,"widthYards":500,"deaths":0,"injuries":0,"propertyDamage":0,"cropDamage":0,"source":"NWS Storm Survey","dataSource":"CSV"}},{"type":"Feature","geometry":{"type":"LineString","coordinates":[[-87.169,32.836],[-86.967,32.896]]},"properties":{"id":"ncei-2023-1076625","eventId":"1076625","episodeId":"176817","year":2023,"month":1,"date":"2023-01-12","beginTime":"2023-01-12T11:34:00","endTime":"2023-01-12T11:51:00","timezone":"CST-6","state":"AL","stateName":"Alabama","county":"Bibb","countyFips":"7","wfo":"BMX","scale":1,"scaleLabel":"EF1","lengthMiles":12.51,"widthYards":470,"deaths":0,"injuries":0,"propertyDamage":0,"cropDamage":0,"source":"NWS Storm Survey","dataSource":"CSV"}},{"type":"Feature","geometry":{"type":"LineString","coordinates":[[-87.2278,32.3173],[-86.8721,32.4575]]},"properties":{"id":"ncei-2023-1076636","eventId":"1076636","episodeId":"176817","year":2023,"month":1,"date":"2023-01-12","beginTime":"2023-01-12T12:04:00","endTime":"2023-01-12T12:31:00","timezone":"CST-6","state":"AL","stateName":"Alabama","county":"Dallas","countyFips":"47","wfo":"BMX","scale":2,"scaleLabel":"EF2","lengthMiles":23.22,"widthYards":950,"deaths":0,"injuries":2,"propertyDamage":0,"cropDamage":0,"source":"NWS Storm Survey","dataSource":"CSV"}},{"type":"Feature","geometry":{"type":"LineString","coordinates":[[-86.7312,32.5212],[-86.413,32.691]]},"properties":{"id":"ncei-2023-1076639","eventId":"1076639","episodeId":"176817","year":2023,"month":1,"date":"2023-01-12","beginTime":"2023-01-12T12:40:00","endTime":"2023-01-12T13:05:00","timezone":"CST-6","state":"AL","stateName":"Alabama","county":"Autauga","countyFips":"1","wfo":"BMX","scale":3,"scaleLabel":"EF3","lengthMiles":22.3,"widthYards":1500,"deaths":7,"injuries":16,"propertyDamage":0,"cropDamage":0,"source":"NWS Storm Survey","dataSource":"CSV"}},{"type":"Feature","geometry":{"type":"LineString","coordinates":[[-86.413,32.691],[-86.254,32.754]]},"properties":{"id":"ncei-2023-1076640","eventId":"1076640","episodeId":"176817","year":2023,"month":1,"date":"2023-01-12","beginTime":"2023-01-12T13:05:00","endTime":"2023-01-12T13:15:00","timezone":"CST-6","state":"AL","stateName":"Alabama","county":"Elmore","countyFips":"51","wfo":"BMX","scale":2,"scaleLabel":"EF2","lengthMiles":10.3,"widthYards":785,"deaths":0,"injuries":0,"propertyDamage":0,"cropDamage":0,"source":"NWS Storm Survey","dataSource":"CSV"}},{"type":"Feature","geometry":{"type":"LineString","coordinates":[[-86.254,32.754],[-86.008,32.845]]},"properties":{"id":"ncei-2023-1076650","eventId":"1076650","episodeId":"176817","year":2023,"month":1,"date":"2023-01-12","beginTime":"2023-01-12T13:15:00","endTime":"2023-01-12T13:33:00","timezone":"CST-6","state":"AL","stateName":"Alabama","county":"Coosa","countyFips":"37","wfo":"BMX","scale":3,"scaleLabel":"EF3","lengthMiles":15.7,"widthYards":1250,"deaths":0,"injuries":0,"propertyDamage":0,"cropDamage":0,"source":"NWS Storm Survey","dataSource":"CSV"}},{"type":"Feature","geometry":{"type":"LineString","coordinates":[[-86.008,32.845],[-85.593,32.975]]},"properties":{"id":"ncei-2023-1076651","eventId":"1076651","episodeId":"176817","year":2023,"month":1,"date":"2023-01-12","beginTime":"2023-01-12T13:33:00","endTime":"2023-01-12T14:00:00","timezone":"CST-6","state":"AL","stateName":"Alabama","county":"Tallapoosa","countyFips":"123","wfo":"BMX","scale":2,"scaleLabel":"EF2","lengthMiles":25.8,"widthYards":1500,"deaths":0,"injuries":0,"propertyDamage":0,"cropDamage":0,"source":"NWS Storm Survey","dataSource":"CSV"}},{"type":"Feature","geometry":{"type":"LineString","coordinates":[[-85.593,32.975],[-85.4552,33.0069]]},"properties":{"id":"ncei-2023-1076652","eventId":"1076652","episodeId":"176817","year":2023,"month":1,"date":"2023-01-12","beginTime":"2023-01-12T14:00:00","endTime":"2023-01-12T14:08:00","timezone":"CST-6","state":"AL","stateName":"Alabama","county":"Chambers","countyFips":"17","wfo":"BMX","scale":1,"scaleLabel":"EF1","lengthMiles":8.21,"widthYards":1300,"deaths":0,"injuries":0,"propertyDamage":0,"cropDamage":0,"source":"NWS Storm Survey","dataSource":"CSV"}},{"type":"Feature","geometry":{"type":"LineString","coordinates":[[-85.3872,31.6778],[-85.271,31.7042]]},"properties":{"id":"ncei-2023-1076689","eventId":"1076689","episodeId":"176382","year":2023,"month":1,"date":"2023-01-12","beginTime":"2023-01-12T15:45:00","endTime":"2023-01-12T15:56:00","timezone":"CST-6","state":"AL","stateName":"Alabama","county":"Henry","countyFips":"67","wfo":"TAE","scale":1,"scaleLabel":"EF1","lengthMiles":7.07,"widthYards":150,"deaths":0,"injuries":0,"propertyDamage":50000,"cropDamage":0,"source":"NWS Storm Survey","dataSource":"CSV"}},{"type":"Feature","geometry":{"type":"LineString","coordinates":[[-83.444,31.1474],[-83.3535,31.183]]},"properties":{"id":"ncei-2023-1076704","eventId":"1076704","episodeId":"176387","year":2023,"month":1,"date":"2023-01-22","beginTime":"2023-01-22T17:20:00","endTime":"2023-01-22T17:28:00","timezone":"EST-5","state":"GA","stateName":"Georgia","county":"Cook","countyFips":"75","wfo":"TAE","scale":2,"scaleLabel":"EF2","lengthMiles":5.89,"widthYards":80,"deaths":0,"injuries":0,"propertyDamage":500000,"cropDamage":0,"source":"NWS Storm Survey","dataSource":"CSV"}},{"type":"Feature","geometry":{"type":"LineString","coordinates":[[-85.413,32.987],[-85.226,33.074]]},"properties":{"id":"ncei-2023-1077083","eventId":"1077083","episodeId":"176817","year":2023,"month":1,"date":"2023-01-12","beginTime":"2023-01-12T14:08:00","endTime":"2023-01-12T14:24:00","timezone":"CST-6","state":"AL","stateName":"Alabama","county":"Chambers","countyFips":"17","wfo":"BMX","scale":2,"scaleLabel":"EF2","lengthMiles":12.62,"widthYards":1600,"deaths":0,"injuries":0,"propertyDamage":0,"cropDamage":0,"source":"NWS Storm Survey","dataSource":"CSV"}},{"type":"Feature","geometry":{"type":"LineString","coordinates":[[-85.673,31.625],[-85.493,31.662]]},"properties":{"id":"ncei-2023-1077117","eventId":"1077117","episodeId":"176817","year":2023,"month":1,"date":"2023-01-12","beginTime":"2023-01-12T15:25:00","endTime":"2023-01-12T15:38:00","timezone":"CST-6","state":"AL","stateName":"Alabama","county":"Barbour","countyFips":"5","wfo":"BMX","scale":1,"scaleLabel":"EF1","lengthMiles":10.96,"widthYards":900,"deaths":0,"injuries":0,"propertyDamage":0,"cropDamage":0,"source":"NWS Storm Survey","dataSource":"CSV"}},{"type":"Feature","geometry":{"type":"LineString","coordinates":[[-93.8921,30.0741],[-93.7106,30.1797]]},"properties":{"id":"ncei-2023-1077169","eventId":"1077169","episodeId":"177208","year":2023,"month":1,"date":"2023-01-24","beginTime":"2023-01-24T16:28:00","endTime":"2023-01-24T16:42:00","timezone":"CST-6","state":"TX","stateName":"Texas","county":"Orange","countyFips":"361","wfo":"LCH","scale":2,"scaleLabel":"EF2","lengthMiles":13.07,"widthYards":500,"deaths":0,"injuries":2,"propertyDamage":1000000,"cropDamage":0,"source":"NWS Storm Survey","dataSource":"CSV"}},{"type":"Feature","geometry":{"type":"LineString","coordinates":[[-93.9084,30.032],[-93.8835,30.0565]]},"properties":{"id":"ncei-2023-1077174","eventId":"1077174","episodeId":"177208","year":2023,"month":1,"date":"2023-01-24","beginTime":"2023-01-24T16:23:00","endTime":"2023-01-24T16:29:00","timezone":"CST-6","state":"TX","stateName":"Texas","county":"Orange","countyFips":"361","wfo":"LCH","scale":1,"scaleLabel":"EF1","lengthMiles":2.25,"widthYards":75,"deaths":0,"injuries":0,"propertyDamage":25000,"cropDamage":0,"source":"NWS Storm Survey","dataSource":"CSV"}},{"type":"Feature","geometry":{"type":"LineString","coordinates":[[-94.1996,29.833],[-94.123,29.8769]]},"properties":{"id":"ncei-2023-1077175","eventId":"1077175","episodeId":"177208","year":2023,"month":1,"date":"2023-01-24","beginTime":"2023-01-24T16:05:00","endTime":"2023-01-24T16:12:00","timezone":"CST-6","state":"TX","stateName":"Texas","county":"Jefferson","countyFips":"245","wfo":"LCH","scale":1,"scaleLabel":"EF1","lengthMiles":5.5,"widthYards":75,"deaths":0,"injuries":0,"propertyDamage":15000,"cropDamage":0,"source":"NWS Storm Survey","dataSource":"CSV"}},{"type":"Feature","geometry":{"type":"LineString","coordinates":[[-93.6475,30.2248],[-93.6371,30.2428]]},"properties":{"id":"ncei-2023-1077193","eventId":"1077193","episodeId":"177211","year":2023,"month":1,"date":"2023-01-24","beginTime":"2023-01-24T16:44:00","endTime":"2023-01-24T16:46:00","timezone":"CST-6","state":"LA","stateName":"Louisiana","county":"Calcasieu","countyFips":"19","wfo":"LCH","scale":1,"scaleLabel":"EF1","lengthMiles":1.39,"widthYards":90,"deaths":0,"injuries":0,"propertyDamage":15000,"cropDamage":0,"source":"NWS Storm Survey","dataSource":"CSV"}},{"type":"Feature","geometry":{"type":"LineString","coordinates":[[-93.3634,30.3578],[-93.3181,30.4028]]},"properties":{"id":"ncei-2023-1077195","eventId":"1077195","episodeId":"177211","year":2023,"month":1,"date":"2023-01-24","beginTime":"2023-01-24T17:05:00","endTime":"2023-01-24T17:07:00","timezone":"CST-6","state":"LA","stateName":"Louisiana","county":"Calcasieu","countyFips":"19","wfo":"LCH","scale":2,"scaleLabel":"EF2","lengthMiles":4.12,"widthYards":300,"deaths":0,"injuries":0,"propertyDamage":5000,"cropDamage":0,"source":"NWS Storm Survey","dataSource":"CSV"}},{"type":"Feature","geometry":{"type":"LineString","coordinates":[[-93.2406,30.4612],[-93.148,30.5101]]},"properties":{"id":"ncei-2023-1077197","eventId":"1077197","episodeId":"177211","year":2023,"month":1,"date":"2023-01-24","beginTime":"2023-01-24T17:12:00","endTime":"2023-01-24T17:19:00","timezone":"CST-6","state":"LA","stateName":"Louisiana","county":"Beauregard","countyFips":"11","wfo":"LCH","scale":1,"scaleLabel":"EF1","lengthMiles":6.47,"widthYards":75,"deaths":0,"injuries":0,"propertyDamage":20000,"cropDamage":0,"source":"NWS Storm Survey","dataSource":"CSV"}},{"type":"Feature","geometry":{"type":"LineString","coordinates":[[-93.7106,30.1797],[-93.546,30.2828]]},"properties":{"id":"ncei-2023-1077202","eventId":"1077202","episodeId":"177211","year":2023,"month":1,"date":"2023-01-24","beginTime":"2023-01-24T16:42:00","endTime":"2023-01-24T16:55:00","timezone":"CST-6","state":"LA","stateName":"Louisiana","county":"Calcasieu","countyFips":"19","wfo":"LCH","scale":2,"scaleLabel":"EF2","lengthMiles":12.14,"widthYards":500,"deaths":0,"injuries":0,"propertyDamage":250000,"cropDamage":0,"source":"NWS Storm Survey","dataSource":"CSV"}},{"type":"Feature","geometry":{"type":"LineString","coordinates":[[-93.3181,30.4028],[-93.1998,30.4665]]},"properties":{"id":"ncei-2023-1077204","eventId":"1077204","episodeId":"177211","year":2023,"month":1,"date":"2023-01-24","beginTime":"2023-01-24T17:08:00","endTime":"2023-01-24T17:18:00","timezone":"CST-6","state":"LA","stateName":"Louisiana","county":"Beauregard","countyFips":"11","wfo":"LCH","scale":2,"scaleLabel":"EF2","lengthMiles":8.31,"widthYards":300,"deaths":0,"injuries":3,"propertyDamage":500000,"cropDamage":0,"source":"NWS Storm Survey","dataSource":"CSV"}},{"type":"Feature","geometry":{"type":"LineString","coordinates":[[-91.42,30.69],[-91.4,30.69]]},"properties":{"id":"ncei-2023-1077275","eventId":"1077275","episodeId":"177239","year":2023,"month":1,"date":"2023-01-24","beginTime":"2023-01-24T19:37:00","endTime":"2023-01-24T19:40:00","timezone":"CST-6","state":"LA","stateName":"Louisiana","county":"Pointe Coupee","countyFips":"77","wfo":"LIX","scale":1,"scaleLabel":"EF1","lengthMiles":1.15,"widthYards":75,"deaths":0,"injuries":3,"propertyDamage":113000,"cropDamage":0,"source":"NWS Storm Survey","dataSource":"CSV"}},{"type":"Feature","geometry":{"type":"LineString","coordinates":[[-90.7027,29.6677],[-90.66,29.69]]},"properties":{"id":"ncei-2023-1077276","eventId":"1077276","episodeId":"177239","year":2023,"month":1,"date":"2023-01-24","beginTime":"2023-01-24T22:01:00","endTime":"2023-01-24T22:09:00","timezone":"CST-6","state":"LA","stateName":"Louisiana","county":"Terrebonne","countyFips":"109","wfo":"LIX","scale":1,"scaleLabel":"EF1","lengthMiles":2.99,"widthYards":75,"deaths":0,"injuries":0,"propertyDamage":60000,"cropDamage":0,"source":"NWS Storm Survey","dataSource":"CSV"}},{"type":"Feature","geometry":{"type":"LineString","coordinates":[[-85.8125,34.7083],[-85.776,34.7233]]},"properties":{"id":"ncei-2023-1077450","eventId":"1077450","episodeId":"175463","year":2023,"month":1,"date":"2023-01-12","beginTime":"2023-01-12T15:38:00","endTime":"2023-01-12T15:41:00","timezone":"CST-6","state":"AL","stateName":"Alabama","county":"Jackson","countyFips":"71","wfo":"HUN","scale":0,"scaleLabel":"EF0","lengthMiles":2.34,"widthYards":70,"deaths":0,"injuries":0,"propertyDamage":0,"cropDamage":0,"source":"Emergency Manager","dataSource":"CSV"}},{"type":"Feature","geometry":{"type":"LineString","coordinates":[[-77.32,36.59],[-77.29,36.61]]},"properties":{"id":"ncei-2023-1077926","eventId":"1077926","episodeId":"177294","year":2023,"month":1,"date":"2023-01-04","beginTime":"2023-01-04T14:39:00","endTime":"2023-01-04T14:42:00","timezone":"EST-5","state":"VA","stateName":"Virginia","county":"Southampton","countyFips":"175","wfo":"AKQ","scale":0,"scaleLabel":"EF0","lengthMiles":2.16,"widthYards":50,"deaths":0,"injuries":0,"propertyDamage":50000,"cropDamage":0,"source":"NWS Storm Survey","dataSource":"CSV"}},{"type":"Feature","geometry":{"type":"LineString","coordinates":[[-89.2868,39.8744],[-89.2855,39.8753]]},"properties":{"id":"ncei-2023-1078128","eventId":"1078128","episodeId":"177319","year":2023,"month":1,"date":"2023-01-03","beginTime":"2023-01-03T15:52:00","endTime":"2023-01-03T15:53:00","timezone":"CST-6","state":"IL","stateName":"Illinois","county":"Sangamon","countyFips":"167","wfo":"ILX","scale":-1,"scaleLabel":"Unknown","lengthMiles":0.09,"widthYards":10,"deaths":0,"injuries":0,"propertyDamage":0,"cropDamage":0,"source":"Trained Spotter","dataSource":"CSV"}},{"type":"Feature","geometry":{"type":"LineString","coordinates":[[-89.2047,39.9435],[-89.2042,39.9437]]},"properties":{"id":"ncei-2023-1078129","eventId":"1078129","episodeId":"177319","year":2023,"month":1,"date":"2023-01-03","beginTime":"2023-01-03T16:05:00","endTime":"2023-01-03T16:06:00","timezone":"CST-6","state":"IL","stateName":"Illinois","county":"Logan","countyFips":"107","wfo":"ILX","scale":-1,"scaleLabel":"Unknown","lengthMiles":0.03,"widthYards":10,"deaths":0,"injuries":0,"propertyDamage":0,"cropDamage":0,"source":"Trained Spotter","dataSource":"CSV"}},{"type":"Feature","geometry":{"type":"LineString","coordinates":[[-89.0144,40.0109],[-89.0096,40.0136]]},"properties":{"id":"ncei-2023-1078130","eventId":"1078130","episodeId":"177319","year":2023,"month":1,"date":"2023-01-03","beginTime":"2023-01-03T16:33:00","endTime":"2023-01-03T16:34:00","timezone":"CST-6","state":"IL","stateName":"Illinois","county":"Macon","countyFips":"115","wfo":"ILX","scale":0,"scaleLabel":"EF0","lengthMiles":0.32,"widthYards":25,"deaths":0,"injuries":0,"propertyDamage":0,"cropDamage":0,"source":"Trained Spotter","dataSource":"CSV"}},{"type":"Feature","geometry":{"type":"LineString","coordinates":[[-88.9714,40.0373],[-88.9595,40.0462]]},"properties":{"id":"ncei-2023-1078133","eventId":"1078133","episodeId":"177319","year":2023,"month":1,"date":"2023-01-03","beginTime":"2023-01-03T16:35:00","endTime":"2023-01-03T16:38:00","timezone":"CST-6","state":"IL","stateName":"Illinois","county":"Macon","countyFips":"115","wfo":"ILX","scale":1,"scaleLabel":"EF1","lengthMiles":0.88,"widthYards":75,"deaths":0,"injuries":0,"propertyDamage":0,"cropDamage":0,"source":"NWS Storm Survey","dataSource":"CSV"}},{"type":"Feature","geometry":{"type":"LineString","coordinates":[[-89.196,39.7852],[-89.1942,39.7866]]},"properties":{"id":"ncei-2023-1078134","eventId":"1078134","episodeId":"177319","year":2023,"month":1,"date":"2023-01-03","beginTime":"2023-01-03T17:05:00","endTime":"2023-01-03T17:06:00","timezone":"CST-6","state":"IL","stateName":"Illinois","county":"Christian","countyFips":"21","wfo":"ILX","scale":-1,"scaleLabel":"Unknown","lengthMiles":0.14,"widthYards":10,"deaths":0,"injuries":0,"propertyDamage":0,"cropDamage":0,"source":"Law Enforcement","dataSource":"CSV"}},{"type":"Feature","geometry":{"type":"LineString","coordinates":[[-88.481,40.32],[-88.474,40.324]]},"properties":{"id":"ncei-2023-1078144","eventId":"1078144","episodeId":"177319","year":2023,"month":1,"date":"2023-01-03","beginTime":"2023-01-03T17:38:00","endTime":"2023-01-03T17:42:00","timezone":"CST-6","state":"IL","stateName":"Illinois","county":"Mclean","countyFips":"113","wfo":"ILX","scale":1,"scaleLabel":"EF1","lengthMiles":0.46,"widthYards":25,"deaths":0,"injuries":0,"propertyDamage":0,"cropDamage":0,"source":"NWS Storm Survey","dataSource":"CSV"}},{"type":"Feature","geometry":{"type":"LineString","coordinates":[[-88.9289,39.8643],[-88.9254,39.8656]]},"properties":{"id":"ncei-2023-1078182","eventId":"1078182","episodeId":"177319","year":2023,"month":1,"date":"2023-01-03","beginTime":"2023-01-03T18:00:00","endTime":"2023-01-03T18:01:00","timezone":"CST-6","state":"IL","stateName":"Illinois","county":"Macon","countyFips":"115","wfo":"ILX","scale":1,"scaleLabel":"EF1","lengthMiles":0.21,"widthYards":25,"deaths":0,"injuries":0,"propertyDamage":0,"cropDamage":0,"source":"NWS Storm Survey","dataSource":"CSV"}},{"type":"Feature","geometry":{"type":"LineString","coordinates":[[-88.8946,39.8822],[-88.8762,39.8903]]},"properties":{"id":"ncei-2023-1078195","eventId":"1078195","episodeId":"177319","year":2023,"month":1,"date":"2023-01-03","beginTime":"2023-01-03T18:05:00","endTime":"2023-01-03T18:08:00","timezone":"CST-6","state":"IL","stateName":"Illinois","county":"Macon","countyFips":"115","wfo":"ILX","scale":0,"scaleLabel":"EF0","lengthMiles":1.12,"widthYards":20,"deaths":0,"injuries":0,"propertyDamage":0,"cropDamage":0,"source":"NWS Storm Survey","dataSource":"CSV"}},{"type":"Feature","geometry":{"type":"LineString","coordinates":[[-89.7784,34.9561],[-89.7543,34.9561]]},"properties":{"id":"ncei-2023-1078322","eventId":"1078322","episodeId":"177322","year":2023,"month":1,"date":"2023-01-03","beginTime":"2023-01-03T06:05:00","endTime":"2023-01-03T06:07:00","timezone":"CST-6","state":"MS","stateName":"Mississippi","county":"De Soto","countyFips":"33","wfo":"MEG","scale":0,"scaleLabel":"EF0","lengthMiles":1.36,"widthYards":100,"deaths":0,"injuries":0,"propertyDamage":25000,"cropDamage":0,"source":"NWS Storm Survey","dataSource":"CSV"}},{"type":"Feature","geometry":{"type":"LineString","coordinates":[[-89.2079,34.4851],[-89.178,34.4744]]},"properties":{"id":"ncei-2023-1078324","eventId":"1078324","episodeId":"177322","year":2023,"month":1,"date":"2023-01-03","beginTime":"2023-01-03T09:07:00","endTime":"2023-01-03T09:10:00","timezone":"CST-6","state":"MS","stateName":"Mississippi","county":"Union","countyFips":"145","wfo":"MEG","scale":1,"scaleLabel":"EF1","lengthMiles":1.86,"widthYards":150,"deaths":0,"injuries":0,"propertyDamage":75000,"cropDamage":0,"source":"NWS Storm Survey","dataSource":"CSV"}},{"type":"Feature","geometry":{"type":"LineString","coordinates":[[-89.287,35.545],[-89.259,35.571]]},"properties":{"id":"ncei-2023-1078325","eventId":"1078325","episodeId":"177253","year":2023,"month":1,"date":"2023-01-03","beginTime":"2023-01-03T02:24:00","endTime":"2023-01-03T02:27:00","timezone":"CST-6","state":"TN","stateName":"Tennessee","county":"Haywood","countyFips":"75","wfo":"MEG","scale":0,"scaleLabel":"EF0","lengthMiles":2.39,"widthYards":100,"deaths":0,"injuries":0,"propertyDamage":35000,"cropDamage":0,"source":"NWS Storm Survey","dataSource":"CSV"}},{"type":"Feature","geometry":{"type":"LineString","coordinates":[[-88.6716,33.7182],[-88.6325,33.7318]]},"properties":{"id":"ncei-2023-1078329","eventId":"1078329","episodeId":"177347","year":2023,"month":1,"date":"2023-01-12","beginTime":"2023-01-12T06:29:00","endTime":"2023-01-12T06:33:00","timezone":"CST-6","state":"MS","stateName":"Mississippi","county":"Monroe","countyFips":"95","wfo":"MEG","scale":1,"scaleLabel":"EF1","lengthMiles":2.44,"widthYards":50,"deaths":0,"injuries":0,"propertyDamage":75000,"cropDamage":0,"source":"NWS Storm Survey","dataSource":"CSV"}},{"type":"Feature","geometry":{"type":"LineString","coordinates":[[-121.14,38.32],[-121.14,38.32]]},"properties":{"id":"ncei-2023-1078470","eventId":"1078470","episodeId":"177355","year":2023,"month":1,"date":"2023-01-14","beginTime":"2023-01-14T14:00:00","endTime":"2023-01-14T14:02:00","timezone":"PST-8","state":"CA","stateName":"California","county":"Sacramento","countyFips":"67","wfo":"STO","scale":0,"scaleLabel":"EF0","lengthMiles":0.3,"widthYards":50,"deaths":0,"injuries":0,"propertyDamage":25000,"cropDamage":0,"source":"NWS Storm Survey","dataSource":"CSV"}},{"type":"Feature","geometry":{"type":"LineString","coordinates":[[-94.77,29.83],[-94.75,29.86]]},"properties":{"id":"ncei-2023-1078564","eventId":"1078564","episodeId":"176906","year":2023,"month":1,"date":"2023-01-24","beginTime":"2023-01-24T14:58:00","endTime":"2023-01-24T15:01:00","timezone":"CST-6","state":"TX","stateName":"Texas","county":"Chambers","countyFips":"71","wfo":"HGX","scale":0,"scaleLabel":"EF0","lengthMiles":2.39,"widthYards":30,"deaths":0,"injuries":0,"propertyDamage":0,"cropDamage":0,"source":"Official NWS Observations","dataSource":"CSV"}},{"type":"Feature","geometry":{"type":"LineString","coordinates":[[-120.7581,38.0834],[-120.7545,38.0882]]},"properties":{"id":"ncei-2023-1078867","eventId":"1078867","episodeId":"177375","year":2023,"month":1,"date":"2023-01-10","beginTime":"2023-01-10T04:10:00","endTime":"2023-01-10T04:15:00","timezone":"PST-8","state":"CA","stateName":"California","county":"Calaveras","countyFips":"9","wfo":"STO","scale":1,"scaleLabel":"EF1","lengthMiles":0.39,"widthYards":40,"deaths":0,"injuries":0,"propertyDamage":0,"cropDamage":0,"source":"NWS Storm Survey","dataSource":"CSV"}},{"type":"Feature","geometry":{"type":"LineString","coordinates":[[-84.3812,30.3172],[-84.342,30.3497]]},"properties":{"id":"ncei-2023-1079095","eventId":"1079095","episodeId":"176386","year":2023,"month":1,"date":"2023-01-25","beginTime":"2023-01-25T10:23:00","endTime":"2023-01-25T10:27:00","timezone":"EST-5","state":"FL","stateName":"Florida","county":"Leon","countyFips":"73","wfo":"TAE","scale":1,"scaleLabel":"EF1","lengthMiles":3.24,"widthYards":550,"deaths":0,"injuries":0,"propertyDamage":0,"cropDamage":0,"source":"NWS Storm Survey","dataSource":"CSV"}},{"type":"Feature","geometry":{"type":"LineString","coordinates":[[-86.0433,30.3557],[-86.0385,30.3629]]},"properties":{"id":"ncei-2023-1079097","eventId":"1079097","episodeId":"176386","year":2023,"month":1,"date":"2023-01-25","beginTime":"2023-01-25T05:15:00","endTime":"2023-01-25T05:17:00","timezone":"CST-6","state":"FL","stateName":"Florida","county":"Walton","countyFips":"131","wfo":"TAE","scale":0,"scaleLabel":"EF0","lengthMiles":0.57,"widthYards":75,"deaths":0,"injuries":0,"propertyDamage":0,"cropDamage":0,"source":"NWS Storm Survey","dataSource":"CSV"}},{"type":"Feature","geometry":{"type":"LineString","coordinates":[[-85.0355,30.2885],[-85.0297,30.293]]},"properties":{"id":"ncei-2023-1079098","eventId":"1079098","episodeId":"176386","year":2023,"month":1,"date":"2023-01-25","beginTime":"2023-01-25T08:34:00","endTime":"2023-01-25T08:35:00","timezone":"EST-5","state":"FL","stateName":"Florida","county":"Liberty","countyFips":"77","wfo":"TAE","scale":0,"scaleLabel":"EF0","lengthMiles":0.47,"widthYards":50,"deaths":0,"injuries":0,"propertyDamage":10000,"cropDamage":0,"source":"NWS Storm Survey","dataSource":"CSV"}},{"type":"Feature","geometry":{"type":"LineString","coordinates":[[-86.15,30.35],[-86.1284,30.3605]]},"properties":{"id":"ncei-2023-1079100","eventId":"1079100","episodeId":"176386","year":2023,"month":1,"date":"2023-01-25","beginTime":"2023-01-25T05:04:00","endTime":"2023-01-25T05:07:00","timezone":"CST-6","state":"FL","stateName":"Florida","county":"Walton","countyFips":"131","wfo":"TAE","scale":0,"scaleLabel":"EF0","lengthMiles":1.48,"widthYards":50,"deaths":0,"injuries":0,"propertyDamage":0,"cropDamage":0,"source":"NWS Employee","dataSource":"CSV"}},{"type":"Feature","geometry":{"type":"LineString","coordinates":[[-86.05,30.43],[-86.01,30.45]]},"properties":{"id":"ncei-2023-1079101","eventId":"1079101","episodeId":"176386","year":2023,"month":1,"date":"2023-01-25","beginTime":"2023-01-25T05:16:00","endTime":"2023-01-25T05:20:00","timezone":"CST-6","state":"FL","stateName":"Florida","county":"Walton","countyFips":"131","wfo":"TAE","scale":0,"scaleLabel":"EF0","lengthMiles":0.57,"widthYards":50,"deaths":0,"injuries":0,"propertyDamage":0,"cropDamage":0,"source":"NWS Employee","dataSource":"CSV"}},{"type":"Feature","geometry":{"type":"LineString","coordinates":[[-86.3182,30.4116],[-86.3062,30.4161]]},"properties":{"id":"ncei-2023-1079102","eventId":"1079102","episodeId":"176386","year":2023,"month":1,"date":"2023-01-22","beginTime":"2023-01-22T05:14:00","endTime":"2023-01-22T05:15:00","timezone":"CST-6","state":"FL","stateName":"Florida","county":"Walton","countyFips":"131","wfo":"TAE","scale":2,"scaleLabel":"EF2","lengthMiles":0.78,"widthYards":85,"deaths":0,"injuries":0,"propertyDamage":250000,"cropDamage":0,"source":"NWS Storm Survey","dataSource":"CSV"}},{"type":"Feature","geometry":{"type":"LineString","coordinates":[[-84.2843,30.2939],[-84.2812,30.2978]]},"properties":{"id":"ncei-2023-1079103","eventId":"1079103","episodeId":"176386","year":2023,"month":1,"date":"2023-01-22","beginTime":"2023-01-22T12:45:00","endTime":"2023-01-22T12:46:00","timezone":"EST-5","state":"FL","stateName":"Florida","county":"Wakulla","countyFips":"129","wfo":"TAE","scale":1,"scaleLabel":"EF1","lengthMiles":0.33,"widthYards":200,"deaths":0,"injuries":0,"propertyDamage":100000,"cropDamage":0,"source":"NWS Storm Survey","dataSource":"CSV"}},{"type":"Feature","geometry":{"type":"LineString","coordinates":[[-82.186,34.247],[-82.151,34.255]]},"properties":{"id":"ncei-2023-1079280","eventId":"1079280","episodeId":"177461","year":2023,"month":1,"date":"2023-01-12","beginTime":"2023-01-12T18:23:00","endTime":"2023-01-12T18:26:00","timezone":"EST-5","state":"SC","stateName":"South Carolina","county":"Greenwood","countyFips":"47","wfo":"GSP","scale":1,"scaleLabel":"EF1","lengthMiles":2.07,"widthYards":75,"deaths":0,"injuries":0,"propertyDamage":200000,"cropDamage":0,"source":"NWS Storm Survey","dataSource":"CSV"}},{"type":"Feature","geometry":{"type":"LineString","coordinates":[[-81.815,34.412],[-81.72,34.517]]},"properties":{"id":"ncei-2023-1079282","eventId":"1079282","episodeId":"177461","year":2023,"month":1,"date":"2023-01-12","beginTime":"2023-01-12T17:39:00","endTime":"2023-01-12T17:50:00","timezone":"EST-5","state":"SC","stateName":"South Carolina","county":"Laurens","countyFips":"59","wfo":"GSP","scale":1,"scaleLabel":"EF1","lengthMiles":9.05,"widthYards":100,"deaths":0,"injuries":0,"propertyDamage":0,"cropDamage":0,"source":"NWS Storm Survey","dataSource":"CSV"}},{"type":"Feature","geometry":{"type":"LineString","coordinates":[[-85.2254,33.0736],[-85.088,33.0972]]},"properties":{"id":"ncei-2023-1079288","eventId":"1079288","episodeId":"177365","year":2023,"month":1,"date":"2023-01-12","beginTime":"2023-01-12T15:24:00","endTime":"2023-01-12T15:31:00","timezone":"EST-5","state":"GA","stateName":"Georgia","county":"Troup","countyFips":"285","wfo":"FFC","scale":2,"scaleLabel":"EF2","lengthMiles":8.12,"widthYards":1600,"deaths":0,"injuries":0,"propertyDamage":0,"cropDamage":0,"source":"NWS Storm Survey","dataSource":"CSV"}},{"type":"Feature","geometry":{"type":"LineString","coordinates":[[-85.0735,32.9927],[-84.863,33.049]]},"properties":{"id":"ncei-2023-1079301","eventId":"1079301","episodeId":"177365","year":2023,"month":1,"date":"2023-01-12","beginTime":"2023-01-12T15:34:00","endTime":"2023-01-12T15:43:00","timezone":"EST-5","state":"GA","stateName":"Georgia","county":"Troup","countyFips":"285","wfo":"FFC","scale":2,"scaleLabel":"EF2","lengthMiles":17.91,"widthYards":1060,"deaths":0,"injuries":4,"propertyDamage":0,"cropDamage":0,"source":"NWS Storm Survey","dataSource":"CSV"}},{"type":"Feature","geometry":{"type":"LineString","coordinates":[[-84.863,33.049],[-84.776,33.083]]},"properties":{"id":"ncei-2023-1079317","eventId":"1079317","episodeId":"177365","year":2023,"month":1,"date":"2023-01-12","beginTime":"2023-01-12T15:43:00","endTime":"2023-01-12T15:47:00","timezone":"EST-5","state":"GA","stateName":"Georgia","county":"Meriwether","countyFips":"199","wfo":"FFC","scale":2,"scaleLabel":"EF2","lengthMiles":17.91,"widthYards":1060,"deaths":0,"injuries":4,"propertyDamage":0,"cropDamage":0,"source":"NWS Storm Survey","dataSource":"CSV"}},{"type":"Feature","geometry":{"type":"LineString","coordinates":[[-84.8449,33.0506],[-84.507,33.173]]},"properties":{"id":"ncei-2023-1079320","eventId":"1079320","episodeId":"177365","year":2023,"month":1,"date":"2023-01-12","beginTime":"2023-01-12T15:45:00","endTime":"2023-01-12T16:16:00","timezone":"EST-5","state":"GA","stateName":"Georgia","county":"Meriwether","countyFips":"199","wfo":"FFC","scale":2,"scaleLabel":"EF2","lengthMiles":23.3,"widthYards":1500,"deaths":0,"injuries":0,"propertyDamage":0,"cropDamage":0,"source":"NWS Storm Survey","dataSource":"CSV"}},{"type":"Feature","geometry":{"type":"LineString","coordinates":[[-84.507,33.173],[-84.4712,33.1762]]},"properties":{"id":"ncei-2023-1079322","eventId":"1079322","episodeId":"177365","year":2023,"month":1,"date":"2023-01-12","beginTime":"2023-01-12T16:16:00","endTime":"2023-01-12T16:17:00","timezone":"EST-5","state":"GA","stateName":"Georgia","county":"Pike","countyFips":"231","wfo":"FFC","scale":2,"scaleLabel":"EF2","lengthMiles":23.3,"widthYards":1500,"deaths":0,"injuries":0,"propertyDamage":0,"cropDamage":0,"source":"NWS Storm Survey","dataSource":"CSV"}},{"type":"Feature","geometry":{"type":"LineString","coordinates":[[-84.4845,33.1959],[-84.476,33.195]]},"properties":{"id":"ncei-2023-1079325","eventId":"1079325","episodeId":"177365","year":2023,"month":1,"date":"2023-01-12","beginTime":"2023-01-12T16:13:00","endTime":"2023-01-12T16:14:00","timezone":"EST-5","state":"GA","stateName":"Georgia","county":"Spalding","countyFips":"255","wfo":"FFC","scale":2,"scaleLabel":"EF2","lengthMiles":8.35,"widthYards":1000,"deaths":0,"injuries":0,"propertyDamage":0,"cropDamage":0,"source":"NWS Storm Survey","dataSource":"CSV"}},{"type":"Feature","geometry":{"type":"LineString","coordinates":[[-84.476,33.195],[-84.393,33.206]]},"properties":{"id":"ncei-2023-1079328","eventId":"1079328","episodeId":"177365","year":2023,"month":1,"date":"2023-01-12","beginTime":"2023-01-12T16:14:00","endTime":"2023-01-12T16:18:00","timezone":"EST-5","state":"GA","stateName":"Georgia","county":"Pike","countyFips":"231","wfo":"FFC","scale":2,"scaleLabel":"EF2","lengthMiles":8.35,"widthYards":1000,"deaths":0,"injuries":0,"propertyDamage":0,"cropDamage":0,"source":"NWS Storm Survey","dataSource":"CSV"}},{"type":"Feature","geometry":{"type":"LineString","coordinates":[[-84.393,33.206],[-84.342,33.2345]]},"properties":{"id":"ncei-2023-1079329","eventId":"1079329","episodeId":"177365","year":2023,"month":1,"date":"2023-01-12","beginTime":"2023-01-12T16:18:00","endTime":"2023-01-12T16:22:00","timezone":"EST-5","state":"GA","stateName":"Georgia","county":"Spalding","countyFips":"255","wfo":"FFC","scale":2,"scaleLabel":"EF2","lengthMiles":8.35,"widthYards":1000,"deaths":0,"injuries":0,"propertyDamage":0,"cropDamage":0,"source":"NWS Storm Survey","dataSource":"CSV"}},{"type":"Feature","geometry":{"type":"LineString","coordinates":[[-84.4352,33.2147],[-84.4,33.208]]},"properties":{"id":"ncei-2023-1079330","eventId":"1079330","episodeId":"177365","year":2023,"month":1,"date":"2023-01-12","beginTime":"2023-01-12T16:16:00","endTime":"2023-01-12T16:18:00","timezone":"EST-5","state":"GA","stateName":"Georgia","county":"Spalding","countyFips":"255","wfo":"FFC","scale":1,"scaleLabel":"EF1","lengthMiles":2.53,"widthYards":300,"deaths":0,"injuries":0,"propertyDamage":0,"cropDamage":0,"source":"NWS Storm Survey","dataSource":"CSV"}},{"type":"Feature","geometry":{"type":"LineString","coordinates":[[-84.4,33.208],[-84.393,33.207]]},"properties":{"id":"ncei-2023-1079331","eventId":"1079331","episodeId":"177365","year":2023,"month":1,"date":"2023-01-12","beginTime":"2023-01-12T16:18:00","endTime":"2023-01-12T16:19:00","timezone":"EST-5","state":"GA","stateName":"Georgia","county":"Pike","countyFips":"231","wfo":"FFC","scale":1,"scaleLabel":"EF1","lengthMiles":2.53,"widthYards":300,"deaths":0,"injuries":0,"propertyDamage":0,"cropDamage":0,"source":"NWS Storm Survey","dataSource":"CSV"}},{"type":"Feature","geometry":{"type":"LineString","coordinates":[[-84.393,33.207],[-84.3918,33.2075]]},"properties":{"id":"ncei-2023-1079332","eventId":"1079332","episodeId":"177365","year":2023,"month":1,"date":"2023-01-12","beginTime":"2023-01-12T16:19:00","endTime":"2023-01-12T16:20:00","timezone":"EST-5","state":"GA","stateName":"Georgia","county":"Spalding","countyFips":"255","wfo":"FFC","scale":1,"scaleLabel":"EF1","lengthMiles":2.53,"widthYards":300,"deaths":0,"injuries":0,"propertyDamage":0,"cropDamage":0,"source":"NWS Storm Survey","dataSource":"CSV"}},{"type":"Feature","geometry":{"type":"LineString","coordinates":[[-84.4785,33.1654],[-84.408,33.208]]},"properties":{"id":"ncei-2023-1079333","eventId":"1079333","episodeId":"177365","year":2023,"month":1,"date":"2023-01-12","beginTime":"2023-01-12T16:10:00","endTime":"2023-01-12T16:15:00","timezone":"EST-5","state":"GA","stateName":"Georgia","county":"Pike","countyFips":"231","wfo":"FFC","scale":3,"scaleLabel":"EF3","lengthMiles":30.98,"widthYards":2200,"deaths":0,"injuries":18,"propertyDamage":0,"cropDamage":0,"source":"NWS Storm Survey","dataSource":"CSV"}},{"type":"Feature","geometry":{"type":"LineString","coordinates":[[-84.408,33.208],[-84.151,33.319]]},"properties":{"id":"ncei-2023-1079334","eventId":"1079334","episodeId":"177365","year":2023,"month":1,"date":"2023-01-12","beginTime":"2023-01-12T16:15:00","endTime":"2023-01-12T16:35:00","timezone":"EST-5","state":"GA","stateName":"Georgia","county":"Spalding","countyFips":"255","wfo":"FFC","scale":3,"scaleLabel":"EF3","lengthMiles":30.98,"widthYards":2200,"deaths":0,"injuries":18,"propertyDamage":0,"cropDamage":0,"source":"NWS Storm Survey","dataSource":"CSV"}},{"type":"Feature","geometry":{"type":"LineString","coordinates":[[-84.151,33.319],[-84.0014,33.3734]]},"properties":{"id":"ncei-2023-1079335","eventId":"1079335","episodeId":"177365","year":2023,"month":1,"date":"2023-01-12","beginTime":"2023-01-12T16:35:00","endTime":"2023-01-12T16:45:00","timezone":"EST-5","state":"GA","stateName":"Georgia","county":"Henry","countyFips":"151","wfo":"FFC","scale":3,"scaleLabel":"EF3","lengthMiles":30.98,"widthYards":2200,"deaths":0,"injuries":18,"propertyDamage":0,"cropDamage":0,"source":"NWS Storm Survey","dataSource":"CSV"}},{"type":"Feature","geometry":{"type":"LineString","coordinates":[[-84.4144,33.1958],[-84.386,33.2]]},"properties":{"id":"ncei-2023-1079336","eventId":"1079336","episodeId":"177365","year":2023,"month":1,"date":"2023-01-12","beginTime":"2023-01-12T16:17:00","endTime":"2023-01-12T16:20:00","timezone":"EST-5","state":"GA","stateName":"Georgia","county":"Pike","countyFips":"231","wfo":"FFC","scale":1,"scaleLabel":"EF1","lengthMiles":5.39,"widthYards":800,"deaths":0,"injuries":0,"propertyDamage":0,"cropDamage":0,"source":"NWS Storm Survey","dataSource":"CSV"}},{"type":"Feature","geometry":{"type":"LineString","coordinates":[[-84.386,33.2],[-84.3346,33.2373]]},"properties":{"id":"ncei-2023-1079337","eventId":"1079337","episodeId":"177365","year":2023,"month":1,"date":"2023-01-12","beginTime":"2023-01-12T16:20:00","endTime":"2023-01-12T16:24:00","timezone":"EST-5","state":"GA","stateName":"Georgia","county":"Spalding","countyFips":"255","wfo":"FFC","scale":1,"scaleLabel":"EF1","lengthMiles":5.39,"widthYards":800,"deaths":0,"injuries":0,"propertyDamage":0,"cropDamage":0,"source":"NWS Storm Survey","dataSource":"CSV"}},{"type":"Feature","geometry":{"type":"LineString","coordinates":[[-84.607,33.783],[-84.582,33.787]]},"properties":{"id":"ncei-2023-1079338","eventId":"1079338","episodeId":"177365","year":2023,"month":1,"date":"2023-01-12","beginTime":"2023-01-12T15:30:00","endTime":"2023-01-12T15:33:00","timezone":"EST-5","state":"GA","stateName":"Georgia","county":"Cobb","countyFips":"67","wfo":"FFC","scale":1,"scaleLabel":"EF1","lengthMiles":1.46,"widthYards":150,"deaths":0,"injuries":0,"propertyDamage":0,"cropDamage":0,"source":"NWS Storm Survey","dataSource":"CSV"}},{"type":"Feature","geometry":{"type":"LineString","coordinates":[[-84.2021,33.2252],[-84.093,33.289]]},"properties":{"id":"ncei-2023-1079339","eventId":"1079339","episodeId":"177365","year":2023,"month":1,"date":"2023-01-12","beginTime":"2023-01-12T16:27:00","endTime":"2023-01-12T16:35:00","timezone":"EST-5","state":"GA","stateName":"Georgia","county":"Spalding","countyFips":"255","wfo":"FFC","scale":2,"scaleLabel":"EF2","lengthMiles":31.44,"widthYards":1400,"deaths":2,"injuries":10,"propertyDamage":0,"cropDamage":0,"source":"NWS Storm Survey","dataSource":"CSV"}},{"type":"Feature","geometry":{"type":"LineString","coordinates":[[-84.093,33.289],[-83.888,33.392]]},"properties":{"id":"ncei-2023-1079340","eventId":"1079340","episodeId":"177365","year":2023,"month":1,"date":"2023-01-12","beginTime":"2023-01-12T16:35:00","endTime":"2023-01-12T16:51:00","timezone":"EST-5","state":"GA","stateName":"Georgia","county":"Butts","countyFips":"35","wfo":"FFC","scale":2,"scaleLabel":"EF2","lengthMiles":31.44,"widthYards":1400,"deaths":2,"injuries":10,"propertyDamage":0,"cropDamage":0,"source":"NWS Storm Survey","dataSource":"CSV"}},{"type":"Feature","geometry":{"type":"LineString","coordinates":[[-83.888,33.392],[-83.844,33.408]]},"properties":{"id":"ncei-2023-1079341","eventId":"1079341","episodeId":"177365","year":2023,"month":1,"date":"2023-01-12","beginTime":"2023-01-12T16:51:00","endTime":"2023-01-12T16:53:00","timezone":"EST-5","state":"GA","stateName":"Georgia","county":"Newton","countyFips":"217","wfo":"FFC","scale":2,"scaleLabel":"EF2","lengthMiles":31.44,"widthYards":1400,"deaths":2,"injuries":10,"propertyDamage":0,"cropDamage":0,"source":"NWS Storm Survey","dataSource":"CSV"}},{"type":"Feature","geometry":{"type":"LineString","coordinates":[[-83.844,33.408],[-83.7343,33.464]]},"properties":{"id":"ncei-2023-1079342","eventId":"1079342","episodeId":"177365","year":2023,"month":1,"date":"2023-01-12","beginTime":"2023-01-12T16:53:00","endTime":"2023-01-12T17:01:00","timezone":"EST-5","state":"GA","stateName":"Georgia","county":"Jasper","countyFips":"159","wfo":"FFC","scale":2,"scaleLabel":"EF2","lengthMiles":31.44,"widthYards":1400,"deaths":2,"injuries":10,"propertyDamage":0,"cropDamage":0,"source":"NWS Storm Survey","dataSource":"CSV"}},{"type":"Feature","geometry":{"type":"LineString","coordinates":[[-84.114,33.243],[-84.027,33.283]]},"properties":{"id":"ncei-2023-1079343","eventId":"1079343","episodeId":"177365","year":2023,"month":1,"date":"2023-01-12","beginTime":"2023-01-12T16:35:00","endTime":"2023-01-12T16:38:00","timezone":"EST-5","state":"GA","stateName":"Georgia","county":"Butts","countyFips":"35","wfo":"FFC","scale":1,"scaleLabel":"EF1","lengthMiles":5.74,"widthYards":150,"deaths":0,"injuries":0,"propertyDamage":0,"cropDamage":0,"source":"NWS Storm Survey","dataSource":"CSV"}},{"type":"Feature","geometry":{"type":"LineString","coordinates":[[-83.9775,33.3649],[-83.896,33.402]]},"properties":{"id":"ncei-2023-1079344","eventId":"1079344","episodeId":"177365","year":2023,"month":1,"date":"2023-01-12","beginTime":"2023-01-12T16:49:00","endTime":"2023-01-12T16:53:00","timezone":"EST-5","state":"GA","stateName":"Georgia","county":"Butts","countyFips":"35","wfo":"FFC","scale":1,"scaleLabel":"EF1","lengthMiles":10.27,"widthYards":500,"deaths":0,"injuries":0,"propertyDamage":0,"cropDamage":0,"source":"NWS Storm Survey","dataSource":"CSV"}},{"type":"Feature","geometry":{"type":"LineString","coordinates":[[-83.896,33.402],[-83.8297,33.4371]]},"properties":{"id":"ncei-2023-1079345","eventId":"1079345","episodeId":"177365","year":2023,"month":1,"date":"2023-01-12","beginTime":"2023-01-12T16:53:00","endTime":"2023-01-12T16:57:00","timezone":"EST-5","state":"GA","stateName":"Georgia","county":"Newton","countyFips":"217","wfo":"FFC","scale":1,"scaleLabel":"EF1","lengthMiles":10.27,"widthYards":500,"deaths":0,"injuries":0,"propertyDamage":0,"cropDamage":0,"source":"NWS Storm Survey","dataSource":"CSV"}},{"type":"Feature","geometry":{"type":"LineString","coordinates":[[-82.8028,33.3632],[-82.595,33.475]]},"properties":{"id":"ncei-2023-1079346","eventId":"1079346","episodeId":"177365","year":2023,"month":1,"date":"2023-01-12","beginTime":"2023-01-12T16:15:00","endTime":"2023-01-12T16:34:00","timezone":"EST-5","state":"GA","stateName":"Georgia","county":"Warren","countyFips":"301","wfo":"FFC","scale":1,"scaleLabel":"EF1","lengthMiles":16.32,"widthYards":150,"deaths":0,"injuries":0,"propertyDamage":0,"cropDamage":0,"source":"NWS Storm Survey","dataSource":"CSV"}},{"type":"Feature","geometry":{"type":"LineString","coordinates":[[-83.392,32.086],[-83.361,32.104]]},"properties":{"id":"ncei-2023-1079347","eventId":"1079347","episodeId":"177365","year":2023,"month":1,"date":"2023-01-12","beginTime":"2023-01-12T19:03:00","endTime":"2023-01-12T19:07:00","timezone":"EST-5","state":"GA","stateName":"Georgia","county":"Wilcox","countyFips":"315","wfo":"FFC","scale":0,"scaleLabel":"EF0","lengthMiles":2.2,"widthYards":200,"deaths":0,"injuries":0,"propertyDamage":0,"cropDamage":0,"source":"NWS Storm Survey","dataSource":"CSV"}},{"type":"Feature","geometry":{"type":"LineString","coordinates":[[-83.381,32.066],[-83.352,32.104]]},"properties":{"id":"ncei-2023-1079348","eventId":"1079348","episodeId":"177365","year":2023,"month":1,"date":"2023-01-12","beginTime":"2023-01-12T19:00:00","endTime":"2023-01-12T19:05:00","timezone":"EST-5","state":"GA","stateName":"Georgia","county":"Wilcox","countyFips":"315","wfo":"FFC","scale":1,"scaleLabel":"EF1","lengthMiles":3.13,"widthYards":100,"deaths":0,"injuries":0,"propertyDamage":0,"cropDamage":0,"source":"NWS Storm Survey","dataSource":"CSV"}},{"type":"Feature","geometry":{"type":"LineString","coordinates":[[-81.14,35.342],[-81.035,35.361]]},"properties":{"id":"ncei-2023-1079550","eventId":"1079550","episodeId":"177463","year":2023,"month":1,"date":"2023-01-12","beginTime":"2023-01-12T18:10:00","endTime":"2023-01-12T18:19:00","timezone":"EST-5","state":"NC","stateName":"North Carolina","county":"Gaston","countyFips":"71","wfo":"GSP","scale":0,"scaleLabel":"EF0","lengthMiles":6.06,"widthYards":100,"deaths":0,"injuries":0,"propertyDamage":0,"cropDamage":0,"source":"NWS Storm Survey","dataSource":"CSV"}},{"type":"Feature","geometry":{"type":"LineString","coordinates":[[-88.1254,34.2608],[-87.9513,34.2841]]},"properties":{"id":"ncei-2023-1079746","eventId":"1079746","episodeId":"177550","year":2023,"month":3,"date":"2023-03-01","beginTime":"2023-03-01T21:54:00","endTime":"2023-03-01T22:07:00","timezone":"CST-6","state":"AL","stateName":"Alabama","county":"Marion","countyFips":"93","wfo":"BMX","scale":1,"scaleLabel":"EF1","lengthMiles":10.1,"widthYards":500,"deaths":0,"injuries":0,"propertyDamage":0,"cropDamage":0,"source":"NWS Storm Survey","dataSource":"CSV"}},{"type":"Feature","geometry":{"type":"LineString","coordinates":[[-88.009,35.356],[-87.646,35.449]]},"properties":{"id":"ncei-2023-1079902","eventId":"1079902","episodeId":"177518","year":2023,"month":3,"date":"2023-03-31","beginTime":"2023-03-31T22:56:00","endTime":"2023-03-31T23:18:00","timezone":"CST-6","state":"TN","stateName":"Tennessee","county":"Wayne","countyFips":"181","wfo":"OHX","scale":2,"scaleLabel":"EF2","lengthMiles":21.39,"widthYards":880,"deaths":0,"injuries":2,"propertyDamage":550000,"cropDamage":0,"source":"NWS Storm Survey","dataSource":"CSV"}},{"type":"Feature","geometry":{"type":"LineString","coordinates":[[-87.646,35.449],[-87.358,35.521]]},"properties":{"id":"ncei-2023-1079903","eventId":"1079903","episodeId":"177518","year":2023,"month":3,"date":"2023-03-31","beginTime":"2023-03-31T23:18:00","endTime":"2023-03-31T23:37:00","timezone":"CST-6","state":"TN","stateName":"Tennessee","county":"Lewis","countyFips":"101","wfo":"OHX","scale":1,"scaleLabel":"EF1","lengthMiles":16.95,"widthYards":880,"deaths":0,"injuries":0,"propertyDamage":900000,"cropDamage":0,"source":"NWS Storm Survey","dataSource":"CSV"}},{"type":"Feature","geometry":{"type":"LineString","coordinates":[[-86.0573,30.6566],[-86.055,30.6583]]},"properties":{"id":"ncei-2023-1079904","eventId":"1079904","episodeId":"177565","year":2023,"month":2,"date":"2023-02-09","beginTime":"2023-02-09T20:26:00","endTime":"2023-02-09T20:28:00","timezone":"CST-6","state":"FL","stateName":"Florida","county":"Walton","countyFips":"131","wfo":"TAE","scale":1,"scaleLabel":"EF1","lengthMiles":0.18,"widthYards":50,"deaths":0,"injuries":0,"propertyDamage":5000,"cropDamage":0,"source":"NWS Storm Survey","dataSource":"CSV"}},{"type":"Feature","geometry":{"type":"LineString","coordinates":[[-86.0464,36.4204],[-86.029,36.431]]},"properties":{"id":"ncei-2023-1079905","eventId":"1079905","episodeId":"177518","year":2023,"month":3,"date":"2023-03-31","beginTime":"2023-03-31T23:53:00","endTime":"2023-03-31T23:55:00","timezone":"CST-6","state":"TN","stateName":"Tennessee","county":"Trousdale","countyFips":"169","wfo":"OHX","scale":0,"scaleLabel":"EF0","lengthMiles":1.21,"widthYards":125,"deaths":0,"injuries":0,"propertyDamage":50000,"cropDamage":0,"source":"NWS Storm Survey","dataSource":"CSV"}},{"type":"Feature","geometry":{"type":"LineString","coordinates":[[-86.029,36.431],[-85.9463,36.4592]]},"properties":{"id":"ncei-2023-1079906","eventId":"1079906","episodeId":"177518","year":2023,"month":3,"date":"2023-03-31","beginTime":"2023-03-31T23:55:00","endTime":"2023-03-31T23:58:00","timezone":"CST-6","state":"TN","stateName":"Tennessee","county":"Macon","countyFips":"111","wfo":"OHX","scale":1,"scaleLabel":"EF1","lengthMiles":4.99,"widthYards":125,"deaths":0,"injuries":0,"propertyDamage":500000,"cropDamage":0,"source":"NWS Storm Survey","dataSource":"CSV"}},{"type":"Feature","geometry":{"type":"LineString","coordinates":[[-86.753,35.6642],[-86.661,35.694]]},"properties":{"id":"ncei-2023-1079912","eventId":"1079912","episodeId":"177519","year":2023,"month":4,"date":"2023-04-01","beginTime":"2023-04-01T00:16:00","endTime":"2023-04-01T00:21:00","timezone":"CST-6","state":"TN","stateName":"Tennessee","county":"Marshall","countyFips":"117","wfo":"OHX","scale":1,"scaleLabel":"EF1","lengthMiles":5.56,"widthYards":150,"deaths":0,"injuries":0,"propertyDamage":1000000,"cropDamage":0,"source":"NWS Storm Survey","dataSource":"CSV"}},{"type":"Feature","geometry":{"type":"LineString","coordinates":[[-86.661,35.694],[-86.636,35.701]]},"properties":{"id":"ncei-2023-1079914","eventId":"1079914","episodeId":"177519","year":2023,"month":4,"date":"2023-04-01","beginTime":"2023-04-01T00:21:00","endTime":"2023-04-01T00:24:00","timezone":"CST-6","state":"TN","stateName":"Tennessee","county":"Rutherford","countyFips":"149","wfo":"OHX","scale":1,"scaleLabel":"EF1","lengthMiles":1.48,"widthYards":150,"deaths":0,"injuries":0,"propertyDamage":200000,"cropDamage":0,"source":"NWS Storm Survey","dataSource":"CSV"}},{"type":"Feature","geometry":{"type":"LineString","coordinates":[[-86.636,35.701],[-86.634,35.702]]},"properties":{"id":"ncei-2023-1079915","eventId":"1079915","episodeId":"177519","year":2023,"month":4,"date":"2023-04-01","beginTime":"2023-04-01T00:24:00","endTime":"2023-04-01T00:25:00","timezone":"CST-6","state":"TN","stateName":"Tennessee","county":"Bedford","countyFips":"3","wfo":"OHX","scale":1,"scaleLabel":"EF1","lengthMiles":0.13,"widthYards":150,"deaths":0,"injuries":0,"propertyDamage":50000,"cropDamage":0,"source":"NWS Employee","dataSource":"CSV"}},{"type":"Feature","geometry":{"type":"LineString","coordinates":[[-86.634,35.702],[-86.5343,35.7222]]},"properties":{"id":"ncei-2023-1079916","eventId":"1079916","episodeId":"177519","year":2023,"month":4,"date":"2023-04-01","beginTime":"2023-04-01T00:25:00","endTime":"2023-04-01T00:31:00","timezone":"CST-6","state":"TN","stateName":"Tennessee","county":"Rutherford","countyFips":"149","wfo":"OHX","scale":1,"scaleLabel":"EF1","lengthMiles":5.76,"widthYards":150,"deaths":0,"injuries":0,"propertyDamage":1000000,"cropDamage":0,"source":"NWS Storm Survey","dataSource":"CSV"}},{"type":"Feature","geometry":{"type":"LineString","coordinates":[[-86.3814,35.7554],[-86.179,35.828]]},"properties":{"id":"ncei-2023-1079917","eventId":"1079917","episodeId":"177519","year":2023,"month":4,"date":"2023-04-01","beginTime":"2023-04-01T00:41:00","endTime":"2023-04-01T00:53:00","timezone":"CST-6","state":"TN","stateName":"Tennessee","county":"Rutherford","countyFips":"149","wfo":"OHX","scale":2,"scaleLabel":"EF2","lengthMiles":12.4,"widthYards":500,"deaths":0,"injuries":0,"propertyDamage":250000,"cropDamage":0,"source":"NWS Storm Survey","dataSource":"CSV"}},{"type":"Feature","geometry":{"type":"LineString","coordinates":[[-86.179,35.828],[-86.0791,35.8613]]},"properties":{"id":"ncei-2023-1079918","eventId":"1079918","episodeId":"177519","year":2023,"month":4,"date":"2023-04-01","beginTime":"2023-04-01T00:53:00","endTime":"2023-04-01T00:59:00","timezone":"CST-6","state":"TN","stateName":"Tennessee","county":"Cannon","countyFips":"15","wfo":"OHX","scale":2,"scaleLabel":"EF2","lengthMiles":6.05,"widthYards":500,"deaths":0,"injuries":2,"propertyDamage":3000000,"cropDamage":0,"source":"NWS Storm Survey","dataSource":"CSV"}},{"type":"Feature","geometry":{"type":"LineString","coordinates":[[-87.65,38.03],[-87.65,38.07]]},"properties":{"id":"ncei-2023-1080048","eventId":"1080048","episodeId":"177572","year":2023,"month":3,"date":"2023-03-03","beginTime":"2023-03-03T12:38:00","endTime":"2023-03-03T12:40:00","timezone":"CST-6","state":"IN","stateName":"Indiana","county":"Vanderburgh","countyFips":"163","wfo":"PAH","scale":1,"scaleLabel":"EF1","lengthMiles":2.76,"widthYards":100,"deaths":0,"injuries":0,"propertyDamage":150000,"cropDamage":0,"source":"NWS Storm Survey","dataSource":"CSV"}},{"type":"Feature","geometry":{"type":"LineString","coordinates":[[-87.58,38.12],[-87.57,38.15]]},"properties":{"id":"ncei-2023-1080049","eventId":"1080049","episodeId":"177572","year":2023,"month":3,"date":"2023-03-03","beginTime":"2023-03-03T12:45:00","endTime":"2023-03-03T12:47:00","timezone":"CST-6","state":"IN","stateName":"Indiana","county":"Vanderburgh","countyFips":"163","wfo":"PAH","scale":0,"scaleLabel":"EF0","lengthMiles":2.14,"widthYards":50,"deaths":0,"injuries":0,"propertyDamage":25000,"cropDamage":0,"source":"NWS Storm Survey","dataSource":"CSV"}},{"type":"Feature","geometry":{"type":"LineString","coordinates":[[-86.97,38.17],[-86.95,38.2]]},"properties":{"id":"ncei-2023-1080050","eventId":"1080050","episodeId":"177572","year":2023,"month":3,"date":"2023-03-03","beginTime":"2023-03-03T13:07:00","endTime":"2023-03-03T13:12:00","timezone":"CST-6","state":"IN","stateName":"Indiana","county":"Spencer","countyFips":"147","wfo":"PAH","scale":1,"scaleLabel":"EF1","lengthMiles":2.34,"widthYards":100,"deaths":0,"injuries":0,"propertyDamage":50000,"cropDamage":0,"source":"NWS Storm Survey","dataSource":"CSV"}},{"type":"Feature","geometry":{"type":"LineString","coordinates":[[-88.61,36.95],[-88.6,36.97]]},"properties":{"id":"ncei-2023-1080126","eventId":"1080126","episodeId":"177592","year":2023,"month":3,"date":"2023-03-03","beginTime":"2023-03-03T11:08:00","endTime":"2023-03-03T11:10:00","timezone":"CST-6","state":"KY","stateName":"Kentucky","county":"Mccracken","countyFips":"145","wfo":"PAH","scale":2,"scaleLabel":"EF2","lengthMiles":1.49,"widthYards":175,"deaths":0,"injuries":0,"propertyDamage":1300000,"cropDamage":0,"source":"NWS Storm Survey","dataSource":"CSV"}},{"type":"Feature","geometry":{"type":"LineString","coordinates":[[-87.78,37.77],[-87.77,37.8]]},"properties":{"id":"ncei-2023-1080444","eventId":"1080444","episodeId":"177592","year":2023,"month":3,"date":"2023-03-03","beginTime":"2023-03-03T12:17:00","endTime":"2023-03-03T12:19:00","timezone":"CST-6","state":"KY","stateName":"Kentucky","county":"Henderson","countyFips":"101","wfo":"PAH","scale":1,"scaleLabel":"EF1","lengthMiles":2.14,"widthYards":125,"deaths":0,"injuries":0,"propertyDamage":20000,"cropDamage":0,"source":"NWS Storm Survey","dataSource":"CSV"}},{"type":"Feature","geometry":{"type":"LineString","coordinates":[[-87.96,37.52],[-87.89,37.6]]},"properties":{"id":"ncei-2023-1080445","eventId":"1080445","episodeId":"177592","year":2023,"month":3,"date":"2023-03-03","beginTime":"2023-03-03T12:00:00","endTime":"2023-03-03T12:06:00","timezone":"CST-6","state":"KY","stateName":"Kentucky","county":"Union","countyFips":"225","wfo":"PAH","scale":1,"scaleLabel":"EF1","lengthMiles":6.73,"widthYards":100,"deaths":0,"injuries":0,"propertyDamage":115000,"cropDamage":0,"source":"NWS Storm Survey","dataSource":"CSV"}},{"type":"Feature","geometry":{"type":"LineString","coordinates":[[-88.11,37.66],[-88.09,37.68]]},"properties":{"id":"ncei-2023-1080446","eventId":"1080446","episodeId":"177592","year":2023,"month":3,"date":"2023-03-03","beginTime":"2023-03-03T12:02:00","endTime":"2023-03-03T12:03:00","timezone":"CST-6","state":"KY","stateName":"Kentucky","county":"Union","countyFips":"225","wfo":"PAH","scale":1,"scaleLabel":"EF1","lengthMiles":1.76,"widthYards":100,"deaths":0,"injuries":0,"propertyDamage":50000,"cropDamage":0,"source":"NWS Storm Survey","dataSource":"CSV"}},{"type":"Feature","geometry":{"type":"LineString","coordinates":[[-88.06,37.69],[-88.04,37.74]]},"properties":{"id":"ncei-2023-1080447","eventId":"1080447","episodeId":"177592","year":2023,"month":3,"date":"2023-03-03","beginTime":"2023-03-03T12:04:00","endTime":"2023-03-03T12:08:00","timezone":"CST-6","state":"KY","stateName":"Kentucky","county":"Union","countyFips":"225","wfo":"PAH","scale":0,"scaleLabel":"EF0","lengthMiles":3.62,"widthYards":25,"deaths":0,"injuries":0,"propertyDamage":5000,"cropDamage":0,"source":"NWS Storm Survey","dataSource":"CSV"}},{"type":"Feature","geometry":{"type":"LineString","coordinates":[[-86.7053,39.9578],[-86.7006,39.9591]]},"properties":{"id":"ncei-2023-1080501","eventId":"1080501","episodeId":"177649","year":2023,"month":4,"date":"2023-04-05","beginTime":"2023-04-05T10:58:00","endTime":"2023-04-05T10:59:00","timezone":"EST-5","state":"IN","stateName":"Indiana","county":"Montgomery","countyFips":"107","wfo":"IND","scale":0,"scaleLabel":"EF0","lengthMiles":0.26,"widthYards":20,"deaths":0,"injuries":0,"propertyDamage":50000,"cropDamage":0,"source":"NWS Storm Survey","dataSource":"CSV"}},{"type":"Feature","geometry":{"type":"LineString","coordinates":[[-76.01,39.7],[-75.91,39.68]]},"properties":{"id":"ncei-2023-1080800","eventId":"1080800","episodeId":"177702","year":2023,"month":4,"date":"2023-04-01","beginTime":"2023-04-01T17:34:00","endTime":"2023-04-01T17:41:00","timezone":"EST-5","state":"MD","stateName":"Maryland","county":"Cecil","countyFips":"15","wfo":"LWX","scale":1,"scaleLabel":"EF1","lengthMiles":5.49,"widthYards":125,"deaths":0,"injuries":0,"propertyDamage":1000000,"cropDamage":0,"source":"NWS Storm Survey","dataSource":"CSV"}},{"type":"Feature","geometry":{"type":"LineString","coordinates":[[-88,40.44],[-87.9793,40.4576]]},"properties":{"id":"ncei-2023-1080917","eventId":"1080917","episodeId":"177130","year":2023,"month":2,"date":"2023-02-27","beginTime":"2023-02-27T09:15:00","endTime":"2023-02-27T09:17:00","timezone":"CST-6","state":"IL","stateName":"Illinois","county":"Ford","countyFips":"53","wfo":"LOT","scale":-1,"scaleLabel":"Unknown","lengthMiles":1.6,"widthYards":50,"deaths":0,"injuries":0,"propertyDamage":0,"cropDamage":0,"source":"Trained Spotter","dataSource":"CSV"}},{"type":"Feature","geometry":{"type":"LineString","coordinates":[[-88.1619,41.7839],[-88.1539,41.8038]]},"properties":{"id":"ncei-2023-1080918","eventId":"1080918","episodeId":"177130","year":2023,"month":2,"date":"2023-02-27","beginTime":"2023-02-27T09:52:00","endTime":"2023-02-27T09:54:00","timezone":"CST-6","state":"IL","stateName":"Illinois","county":"Du Page","countyFips":"43","wfo":"LOT","scale":0,"scaleLabel":"EF0","lengthMiles":1.4,"widthYards":30,"deaths":0,"injuries":0,"propertyDamage":0,"cropDamage":0,"source":"NWS Storm Survey","dataSource":"CSV"}},{"type":"Feature","geometry":{"type":"LineString","coordinates":[[-88.2636,41.5501],[-88.256,41.56]]},"properties":{"id":"ncei-2023-1080919","eventId":"1080919","episodeId":"177130","year":2023,"month":2,"date":"2023-02-27","beginTime":"2023-02-27T09:41:00","endTime":"2023-02-27T09:42:00","timezone":"CST-6","state":"IL","stateName":"Illinois","county":"Kendall","countyFips":"93","wfo":"LOT","scale":0,"scaleLabel":"EF0","lengthMiles":0.8,"widthYards":100,"deaths":0,"injuries":0,"propertyDamage":0,"cropDamage":0,"source":"NWS Storm Survey","dataSource":"CSV"}},{"type":"Feature","geometry":{"type":"LineString","coordinates":[[-88.256,41.56],[-88.2402,41.5767]]},"properties":{"id":"ncei-2023-1080921","eventId":"1080921","episodeId":"177130","year":2023,"month":2,"date":"2023-02-27","beginTime":"2023-02-27T09:42:00","endTime":"2023-02-27T09:44:00","timezone":"CST-6","state":"IL","stateName":"Illinois","county":"Will","countyFips":"197","wfo":"LOT","scale":0,"scaleLabel":"EF0","lengthMiles":1.4,"widthYards":100,"deaths":0,"injuries":0,"propertyDamage":0,"cropDamage":0,"source":"NWS Storm Survey","dataSource":"CSV"}},{"type":"Feature","geometry":{"type":"LineString","coordinates":[[-94.42,36.8],[-94.4165,36.8105]]},"properties":{"id":"ncei-2023-1081064","eventId":"1081064","episodeId":"176966","year":2023,"month":2,"date":"2023-02-27","beginTime":"2023-02-27T01:02:00","endTime":"2023-02-27T01:03:00","timezone":"CST-6","state":"MO","stateName":"Missouri","county":"Newton","countyFips":"145","wfo":"SGF","scale":1,"scaleLabel":"EF1","lengthMiles":0.75,"widthYards":200,"deaths":0,"injuries":0,"propertyDamage":550000,"cropDamage":0,"source":"NWS Storm Survey","dataSource":"CSV"}},{"type":"Feature","geometry":{"type":"LineString","coordinates":[[-94.045,37.372],[-94.0408,37.377]]},"properties":{"id":"ncei-2023-1081065","eventId":"1081065","episodeId":"176966","year":2023,"month":2,"date":"2023-02-27","beginTime":"2023-02-27T01:25:00","endTime":"2023-02-27T01:26:00","timezone":"CST-6","state":"MO","stateName":"Missouri","county":"Dade","countyFips":"57","wfo":"SGF","scale":0,"scaleLabel":"EF0","lengthMiles":0.41,"widthYards":200,"deaths":0,"injuries":0,"propertyDamage":50000,"cropDamage":0,"source":"NWS Storm Survey","dataSource":"CSV"}},{"type":"Feature","geometry":{"type":"LineString","coordinates":[[-93.69,37.56],[-93.673,37.573]]},"properties":{"id":"ncei-2023-1081066","eventId":"1081066","episodeId":"176966","year":2023,"month":2,"date":"2023-02-27","beginTime":"2023-02-27T01:47:00","endTime":"2023-02-27T01:49:00","timezone":"CST-6","state":"MO","stateName":"Missouri","county":"Dade","countyFips":"57","wfo":"SGF","scale":0,"scaleLabel":"EF0","lengthMiles":1.29,"widthYards":100,"deaths":0,"injuries":0,"propertyDamage":0,"cropDamage":0,"source":"NWS Storm Survey","dataSource":"CSV"}},{"type":"Feature","geometry":{"type":"LineString","coordinates":[[-84.4442,40.5952],[-84.3891,40.6457]]},"properties":{"id":"ncei-2023-1081301","eventId":"1081301","episodeId":"177789","year":2023,"month":3,"date":"2023-03-31","beginTime":"2023-03-31T23:45:00","endTime":"2023-03-31T23:49:00","timezone":"EST-5","state":"OH","stateName":"Ohio","county":"Auglaize","countyFips":"11","wfo":"ILN","scale":0,"scaleLabel":"EF0","lengthMiles":4.53,"widthYards":250,"deaths":0,"injuries":0,"propertyDamage":100000,"cropDamage":0,"source":"NWS Storm Survey","dataSource":"CSV"}},{"type":"Feature","geometry":{"type":"LineString","coordinates":[[-84.5002,40.3652],[-84.434,40.3856]]},"properties":{"id":"ncei-2023-1081302","eventId":"1081302","episodeId":"177789","year":2023,"month":3,"date":"2023-03-31","beginTime":"2023-03-31T23:45:00","endTime":"2023-03-31T23:48:00","timezone":"EST-5","state":"OH","stateName":"Ohio","county":"Mercer","countyFips":"107","wfo":"ILN","scale":0,"scaleLabel":"EF0","lengthMiles":3.76,"widthYards":200,"deaths":0,"injuries":0,"propertyDamage":30000,"cropDamage":0,"source":"NWS Storm Survey","dataSource":"CSV"}},{"type":"Feature","geometry":{"type":"LineString","coordinates":[[-84.434,40.3856],[-84.3525,40.4096]]},"properties":{"id":"ncei-2023-1081303","eventId":"1081303","episodeId":"177789","year":2023,"month":3,"date":"2023-03-31","beginTime":"2023-03-31T23:48:00","endTime":"2023-03-31T23:53:00","timezone":"EST-5","state":"OH","stateName":"Ohio","county":"Auglaize","countyFips":"11","wfo":"ILN","scale":0,"scaleLabel":"EF0","lengthMiles":4.6,"widthYards":200,"deaths":0,"injuries":0,"propertyDamage":70000,"cropDamage":0,"source":"NWS Storm Survey","dataSource":"CSV"}},{"type":"Feature","geometry":{"type":"LineString","coordinates":[[-84.7751,39.8617],[-84.7311,39.8787]]},"properties":{"id":"ncei-2023-1081304","eventId":"1081304","episodeId":"177789","year":2023,"month":3,"date":"2023-03-31","beginTime":"2023-03-31T23:47:00","endTime":"2023-03-31T23:49:00","timezone":"EST-5","state":"OH","stateName":"Ohio","county":"Preble","countyFips":"135","wfo":"ILN","scale":0,"scaleLabel":"EF0","lengthMiles":2.61,"widthYards":150,"deaths":0,"injuries":0,"propertyDamage":200000,"cropDamage":0,"source":"NWS Storm Survey","dataSource":"CSV"}},{"type":"Feature","geometry":{"type":"LineString","coordinates":[[-93.4669,35.7864],[-93.4152,35.8121]]},"properties":{"id":"ncei-2023-1081382","eventId":"1081382","episodeId":"177743","year":2023,"month":2,"date":"2023-02-16","beginTime":"2023-02-16T01:15:00","endTime":"2023-02-16T01:22:00","timezone":"CST-6","state":"AR","stateName":"Arkansas","county":"Newton","countyFips":"101","wfo":"LZK","scale":1,"scaleLabel":"EF1","lengthMiles":3.4,"widthYards":200,"deaths":0,"injuries":0,"propertyDamage":200000,"cropDamage":0,"source":"NWS Storm Survey","dataSource":"CSV"}},{"type":"Feature","geometry":{"type":"LineString","coordinates":[[-92.9051,36.0425],[-92.837,36.07]]},"properties":{"id":"ncei-2023-1081383","eventId":"1081383","episodeId":"177743","year":2023,"month":2,"date":"2023-02-16","beginTime":"2023-02-16T01:59:00","endTime":"2023-02-16T02:04:00","timezone":"CST-6","state":"AR","stateName":"Arkansas","county":"Searcy","countyFips":"129","wfo":"LZK","scale":2,"scaleLabel":"EF2","lengthMiles":4.25,"widthYards":250,"deaths":0,"injuries":0,"propertyDamage":100000,"cropDamage":0,"source":"NWS Storm Survey","dataSource":"CSV"}},{"type":"Feature","geometry":{"type":"LineString","coordinates":[[-92.837,36.07],[-92.726,36.1077]]},"properties":{"id":"ncei-2023-1081384","eventId":"1081384","episodeId":"177743","year":2023,"month":2,"date":"2023-02-16","beginTime":"2023-02-16T02:04:00","endTime":"2023-02-16T02:13:00","timezone":"CST-6","state":"AR","stateName":"Arkansas","county":"Marion","countyFips":"89","wfo":"LZK","scale":2,"scaleLabel":"EF2","lengthMiles":6.72,"widthYards":250,"deaths":0,"injuries":2,"propertyDamage":200000,"cropDamage":0,"source":"NWS Storm Survey","dataSource":"CSV"}},{"type":"Feature","geometry":{"type":"LineString","coordinates":[[-92.7179,35.8649],[-92.6957,35.8727]]},"properties":{"id":"ncei-2023-1081386","eventId":"1081386","episodeId":"177743","year":2023,"month":2,"date":"2023-02-16","beginTime":"2023-02-16T02:22:00","endTime":"2023-02-16T02:25:00","timezone":"CST-6","state":"AR","stateName":"Arkansas","county":"Searcy","countyFips":"129","wfo":"LZK","scale":1,"scaleLabel":"EF1","lengthMiles":1.35,"widthYards":75,"deaths":0,"injuries":0,"propertyDamage":10000,"cropDamage":0,"source":"NWS Storm Survey","dataSource":"CSV"}},{"type":"Feature","geometry":{"type":"LineString","coordinates":[[-84.4078,40.0241],[-84.1717,40.0636]]},"properties":{"id":"ncei-2023-1081512","eventId":"1081512","episodeId":"177576","year":2023,"month":4,"date":"2023-04-01","beginTime":"2023-04-01T00:01:00","endTime":"2023-04-01T00:14:00","timezone":"EST-5","state":"OH","stateName":"Ohio","county":"Miami","countyFips":"109","wfo":"ILN","scale":0,"scaleLabel":"EF0","lengthMiles":12.78,"widthYards":250,"deaths":0,"injuries":0,"propertyDamage":200000,"cropDamage":0,"source":"NWS Storm Survey","dataSource":"CSV"}},{"type":"Feature","geometry":{"type":"LineString","coordinates":[[-84.4491,39.9486],[-84.3388,39.9626]]},"properties":{"id":"ncei-2023-1081516","eventId":"1081516","episodeId":"177576","year":2023,"month":4,"date":"2023-04-01","beginTime":"2023-04-01T00:02:00","endTime":"2023-04-01T00:08:00","timezone":"EST-5","state":"OH","stateName":"Ohio","county":"Darke","countyFips":"37","wfo":"ILN","scale":0,"scaleLabel":"EF0","lengthMiles":5.92,"widthYards":200,"deaths":0,"injuries":0,"propertyDamage":50000,"cropDamage":0,"source":"NWS Storm Survey","dataSource":"CSV"}},{"type":"Feature","geometry":{"type":"LineString","coordinates":[[-84.3905,40.0704],[-84.3156,40.0659]]},"properties":{"id":"ncei-2023-1081517","eventId":"1081517","episodeId":"177576","year":2023,"month":4,"date":"2023-04-01","beginTime":"2023-04-01T00:02:00","endTime":"2023-04-01T00:06:00","timezone":"EST-5","state":"OH","stateName":"Ohio","county":"Miami","countyFips":"109","wfo":"ILN","scale":0,"scaleLabel":"EF0","lengthMiles":3.97,"widthYards":250,"deaths":0,"injuries":0,"propertyDamage":50000,"cropDamage":0,"source":"NWS Storm Survey","dataSource":"CSV"}},{"type":"Feature","geometry":{"type":"LineString","coordinates":[[-82.6479,39.7618],[-82.5628,39.7786]]},"properties":{"id":"ncei-2023-1081548","eventId":"1081548","episodeId":"177828","year":2023,"month":4,"date":"2023-04-05","beginTime":"2023-04-05T16:33:00","endTime":"2023-04-05T16:38:00","timezone":"EST-5","state":"OH","stateName":"Ohio","county":"Fairfield","countyFips":"45","wfo":"ILN","scale":0,"scaleLabel":"EF0","lengthMiles":4.67,"widthYards":100,"deaths":0,"injuries":0,"propertyDamage":250000,"cropDamage":0,"source":"NWS Storm Survey","dataSource":"CSV"}},{"type":"Feature","geometry":{"type":"LineString","coordinates":[[-82.5287,39.8037],[-82.511,39.8085]]},"properties":{"id":"ncei-2023-1081549","eventId":"1081549","episodeId":"177828","year":2023,"month":4,"date":"2023-04-05","beginTime":"2023-04-05T16:39:00","endTime":"2023-04-05T16:41:00","timezone":"EST-5","state":"OH","stateName":"Ohio","county":"Fairfield","countyFips":"45","wfo":"ILN","scale":0,"scaleLabel":"EF0","lengthMiles":1,"widthYards":100,"deaths":0,"injuries":0,"propertyDamage":250000,"cropDamage":0,"source":"NWS Storm Survey","dataSource":"CSV"}},{"type":"Feature","geometry":{"type":"LineString","coordinates":[[-99.7,35.609],[-99.612,35.671]]},"properties":{"id":"ncei-2023-1081667","eventId":"1081667","episodeId":"177004","year":2023,"month":2,"date":"2023-02-26","beginTime":"2023-02-26T19:13:00","endTime":"2023-02-26T19:18:00","timezone":"CST-6","state":"OK","stateName":"Oklahoma","county":"Roger Mills","countyFips":"129","wfo":"OUN","scale":2,"scaleLabel":"EF2","lengthMiles":7,"widthYards":500,"deaths":1,"injuries":3,"propertyDamage":250000,"cropDamage":0,"source":"NWS Storm Survey","dataSource":"CSV"}},{"type":"Feature","geometry":{"type":"LineString","coordinates":[[-99.918,35.15],[-99.838,35.188]]},"properties":{"id":"ncei-2023-1081668","eventId":"1081668","episodeId":"177004","year":2023,"month":2,"date":"2023-02-26","beginTime":"2023-02-26T19:13:00","endTime":"2023-02-26T19:18:00","timezone":"CST-6","state":"OK","stateName":"Oklahoma","county":"Beckham","countyFips":"9","wfo":"OUN","scale":1,"scaleLabel":"EF1","lengthMiles":6,"widthYards":100,"deaths":0,"injuries":0,"propertyDamage":75000,"cropDamage":0,"source":"Fire Department/Rescue","dataSource":"CSV"}},{"type":"Feature","geometry":{"type":"LineString","coordinates":[[-99.682,34.937],[-99.506,34.995]]},"properties":{"id":"ncei-2023-1081669","eventId":"1081669","episodeId":"177004","year":2023,"month":2,"date":"2023-02-26","beginTime":"2023-02-26T19:23:00","endTime":"2023-02-26T19:34:00","timezone":"CST-6","state":"OK","stateName":"Oklahoma","county":"Greer","countyFips":"55","wfo":"OUN","scale":1,"scaleLabel":"EF1","lengthMiles":11,"widthYards":75,"deaths":0,"injuries":0,"propertyDamage":50000,"cropDamage":0,"source":"Emergency Manager","dataSource":"CSV"}},{"type":"Feature","geometry":{"type":"LineString","coordinates":[[-99.202,34.987],[-99.126,35.076]]},"properties":{"id":"ncei-2023-1081670","eventId":"1081670","episodeId":"177004","year":2023,"month":2,"date":"2023-02-26","beginTime":"2023-02-26T19:45:00","endTime":"2023-02-26T19:54:00","timezone":"CST-6","state":"OK","stateName":"Oklahoma","county":"Kiowa","countyFips":"75","wfo":"OUN","scale":1,"scaleLabel":"EF1","lengthMiles":7.5,"widthYards":600,"deaths":0,"injuries":0,"propertyDamage":100000,"cropDamage":0,"source":"NWS Storm Survey","dataSource":"CSV"}},{"type":"Feature","geometry":{"type":"LineString","coordinates":[[-98.306,36.94],[-98.304,36.941]]},"properties":{"id":"ncei-2023-1081671","eventId":"1081671","episodeId":"177004","year":2023,"month":2,"date":"2023-02-26","beginTime":"2023-02-26T20:31:00","endTime":"2023-02-26T20:32:00","timezone":"CST-6","state":"OK","stateName":"Oklahoma","county":"Alfalfa","countyFips":"3","wfo":"OUN","scale":0,"scaleLabel":"EF0","lengthMiles":0.2,"widthYards":50,"deaths":0,"injuries":0,"propertyDamage":10000,"cropDamage":0,"source":"NWS Storm Survey","dataSource":"CSV"}},{"type":"Feature","geometry":{"type":"LineString","coordinates":[[-98.284,35.163],[-98.223,35.206]]},"properties":{"id":"ncei-2023-1081672","eventId":"1081672","episodeId":"177004","year":2023,"month":2,"date":"2023-02-26","beginTime":"2023-02-26T20:32:00","endTime":"2023-02-26T20:39:00","timezone":"CST-6","state":"OK","stateName":"Oklahoma","county":"Caddo","countyFips":"15","wfo":"OUN","scale":0,"scaleLabel":"EF0","lengthMiles":5.1,"widthYards":75,"deaths":0,"injuries":0,"propertyDamage":30000,"cropDamage":0,"source":"NWS Storm Survey","dataSource":"CSV"}},{"type":"Feature","geometry":{"type":"LineString","coordinates":[[-98.013,35.276],[-98.011,35.278]]},"properties":{"id":"ncei-2023-1081673","eventId":"1081673","episodeId":"177004","year":2023,"month":2,"date":"2023-02-26","beginTime":"2023-02-26T20:52:00","endTime":"2023-02-26T20:53:00","timezone":"CST-6","state":"OK","stateName":"Oklahoma","county":"Grady","countyFips":"51","wfo":"OUN","scale":0,"scaleLabel":"EF0","lengthMiles":0.25,"widthYards":75,"deaths":0,"injuries":0,"propertyDamage":10000,"cropDamage":0,"source":"NWS Storm Survey","dataSource":"CSV"}},{"type":"Feature","geometry":{"type":"LineString","coordinates":[[-87.7742,31.8318],[-87.7474,31.84]]},"properties":{"id":"ncei-2023-1081680","eventId":"1081680","episodeId":"177861","year":2023,"month":3,"date":"2023-03-26","beginTime":"2023-03-26T17:24:00","endTime":"2023-03-26T17:26:00","timezone":"CST-6","state":"AL","stateName":"Alabama","county":"Clarke","countyFips":"25","wfo":"MOB","scale":1,"scaleLabel":"EF1","lengthMiles":1.67,"widthYards":340,"deaths":0,"injuries":0,"propertyDamage":0,"cropDamage":0,"source":"NWS Storm Survey","dataSource":"CSV"}},{"type":"Feature","geometry":{"type":"LineString","coordinates":[[-87.5225,32.1697],[-87.4998,32.1624]]},"properties":{"id":"ncei-2023-1081681","eventId":"1081681","episodeId":"177861","year":2023,"month":3,"date":"2023-03-26","beginTime":"2023-03-26T19:38:00","endTime":"2023-03-26T19:40:00","timezone":"CST-6","state":"AL","stateName":"Alabama","county":"Wilcox","countyFips":"131","wfo":"MOB","scale":1,"scaleLabel":"EF1","lengthMiles":1.42,"widthYards":170,"deaths":0,"injuries":0,"propertyDamage":0,"cropDamage":0,"source":"NWS Storm Survey","dataSource":"CSV"}},{"type":"Feature","geometry":{"type":"LineString","coordinates":[[-100.93,37.03],[-100.93,37.03]]},"properties":{"id":"ncei-2023-1081831","eventId":"1081831","episodeId":"177881","year":2023,"month":2,"date":"2023-02-26","beginTime":"2023-02-26T16:42:00","endTime":"2023-02-26T16:55:00","timezone":"CST-6","state":"KS","stateName":"Kansas","county":"Seward","countyFips":"175","wfo":"DDC","scale":0,"scaleLabel":"EF0","lengthMiles":3.89,"widthYards":10,"deaths":0,"injuries":0,"propertyDamage":0,"cropDamage":0,"source":"Law Enforcement","dataSource":"CSV"}},{"type":"Feature","geometry":{"type":"LineString","coordinates":[[-86.5074,34.9504],[-86.5051,34.9509]]},"properties":{"id":"ncei-2023-1081834","eventId":"1081834","episodeId":"176764","year":2023,"month":3,"date":"2023-03-01","beginTime":"2023-03-01T22:32:00","endTime":"2023-03-01T22:33:00","timezone":"CST-6","state":"AL","stateName":"Alabama","county":"Madison","countyFips":"89","wfo":"HUN","scale":1,"scaleLabel":"EF1","lengthMiles":0.14,"widthYards":25,"deaths":0,"injuries":0,"propertyDamage":0,"cropDamage":0,"source":"NWS Storm Survey","dataSource":"CSV"}},{"type":"Feature","geometry":{"type":"LineString","coordinates":[[-85.4777,35.1014],[-85.4732,35.1019]]},"properties":{"id":"ncei-2023-1081932","eventId":"1081932","episodeId":"176854","year":2023,"month":3,"date":"2023-03-02","beginTime":"2023-03-02T06:16:00","endTime":"2023-03-02T06:17:00","timezone":"CST-6","state":"TN","stateName":"Tennessee","county":"Marion","countyFips":"115","wfo":"MRX","scale":0,"scaleLabel":"EF0","lengthMiles":0.26,"widthYards":100,"deaths":0,"injuries":0,"propertyDamage":0,"cropDamage":0,"source":"NWS Storm Survey","dataSource":"CSV"}},{"type":"Feature","geometry":{"type":"LineString","coordinates":[[-84.9925,35.288],[-84.9597,35.3028]]},"properties":{"id":"ncei-2023-1081935","eventId":"1081935","episodeId":"176854","year":2023,"month":3,"date":"2023-03-02","beginTime":"2023-03-02T06:55:00","endTime":"2023-03-02T06:58:00","timezone":"EST-5","state":"TN","stateName":"Tennessee","county":"Hamilton","countyFips":"65","wfo":"MRX","scale":0,"scaleLabel":"EF0","lengthMiles":2.12,"widthYards":100,"deaths":0,"injuries":0,"propertyDamage":0,"cropDamage":0,"source":"NWS Storm Survey","dataSource":"CSV"}},{"type":"Feature","geometry":{"type":"LineString","coordinates":[[-84.9597,35.3029],[-84.9583,35.3034]]},"properties":{"id":"ncei-2023-1081936","eventId":"1081936","episodeId":"176854","year":2023,"month":3,"date":"2023-03-02","beginTime":"2023-03-02T06:58:00","endTime":"2023-03-02T06:59:00","timezone":"EST-5","state":"TN","stateName":"Tennessee","county":"Meigs","countyFips":"121","wfo":"MRX","scale":0,"scaleLabel":"EF0","lengthMiles":0.09,"widthYards":100,"deaths":0,"injuries":0,"propertyDamage":0,"cropDamage":0,"source":"NWS Storm Survey","dataSource":"CSV"}},{"type":"Feature","geometry":{"type":"LineString","coordinates":[[-85.9949,34.5891],[-85.9265,34.634]]},"properties":{"id":"ncei-2023-1081949","eventId":"1081949","episodeId":"176765","year":2023,"month":3,"date":"2023-03-03","beginTime":"2023-03-03T12:39:00","endTime":"2023-03-03T12:43:00","timezone":"CST-6","state":"AL","stateName":"Alabama","county":"Jackson","countyFips":"71","wfo":"HUN","scale":1,"scaleLabel":"EF1","lengthMiles":5.04,"widthYards":105,"deaths":0,"injuries":0,"propertyDamage":0,"cropDamage":0,"source":"NWS Storm Survey","dataSource":"CSV"}},{"type":"Feature","geometry":{"type":"LineString","coordinates":[[-85.8392,34.6785],[-85.7936,34.7025]]},"properties":{"id":"ncei-2023-1081959","eventId":"1081959","episodeId":"176765","year":2023,"month":3,"date":"2023-03-03","beginTime":"2023-03-03T12:47:00","endTime":"2023-03-03T12:50:00","timezone":"CST-6","state":"AL","stateName":"Alabama","county":"Jackson","countyFips":"71","wfo":"HUN","scale":1,"scaleLabel":"EF1","lengthMiles":3.17,"widthYards":50,"deaths":0,"injuries":0,"propertyDamage":0,"cropDamage":0,"source":"NWS Employee","dataSource":"CSV"}},{"type":"Feature","geometry":{"type":"LineString","coordinates":[[-80.504,27.8749],[-80.4965,27.8727]]},"properties":{"id":"ncei-2023-1081994","eventId":"1081994","episodeId":"177903","year":2023,"month":4,"date":"2023-04-16","beginTime":"2023-04-16T16:36:00","endTime":"2023-04-16T16:38:00","timezone":"EST-5","state":"FL","stateName":"Florida","county":"Brevard","countyFips":"9","wfo":"MLB","scale":0,"scaleLabel":"EF0","lengthMiles":0.48,"widthYards":100,"deaths":0,"injuries":0,"propertyDamage":425000,"cropDamage":0,"source":"Emergency Manager","dataSource":"CSV"}},{"type":"Feature","geometry":{"type":"LineString","coordinates":[[-88.3564,40.0975],[-88.346,40.112]]},"properties":{"id":"ncei-2023-1082307","eventId":"1082307","episodeId":"177976","year":2023,"month":2,"date":"2023-02-27","beginTime":"2023-02-27T08:43:00","endTime":"2023-02-27T08:44:00","timezone":"CST-6","state":"IL","stateName":"Illinois","county":"Champaign","countyFips":"19","wfo":"ILX","scale":0,"scaleLabel":"EF0","lengthMiles":1.14,"widthYards":30,"deaths":0,"injuries":0,"propertyDamage":0,"cropDamage":0,"source":"Trained Spotter","dataSource":"CSV"}},{"type":"Feature","geometry":{"type":"LineString","coordinates":[[-88.2649,40.1694],[-88.2415,40.1825]]},"properties":{"id":"ncei-2023-1082308","eventId":"1082308","episodeId":"177976","year":2023,"month":2,"date":"2023-02-27","beginTime":"2023-02-27T08:55:00","endTime":"2023-02-27T08:56:00","timezone":"CST-6","state":"IL","stateName":"Illinois","county":"Champaign","countyFips":"19","wfo":"ILX","scale":-1,"scaleLabel":"Unknown","lengthMiles":1.53,"widthYards":25,"deaths":0,"injuries":0,"propertyDamage":0,"cropDamage":0,"source":"Trained Spotter","dataSource":"CSV"}},{"type":"Feature","geometry":{"type":"LineString","coordinates":[[-84.68,36.243],[-84.658,36.254]]},"properties":{"id":"ncei-2023-1082440","eventId":"1082440","episodeId":"177989","year":2023,"month":4,"date":"2023-04-01","beginTime":"2023-04-01T03:10:00","endTime":"2023-04-01T03:15:00","timezone":"EST-5","state":"TN","stateName":"Tennessee","county":"Morgan","countyFips":"129","wfo":"MRX","scale":1,"scaleLabel":"EF1","lengthMiles":1.44,"widthYards":60,"deaths":0,"injuries":0,"propertyDamage":0,"cropDamage":0,"source":"NWS Storm Survey","dataSource":"CSV"}},{"type":"Feature","geometry":{"type":"LineString","coordinates":[[-92.0218,30.8187],[-92,30.8295]]},"properties":{"id":"ncei-2023-1082539","eventId":"1082539","episodeId":"178013","year":2023,"month":2,"date":"2023-02-08","beginTime":"2023-02-08T19:03:00","endTime":"2023-02-08T19:06:00","timezone":"CST-6","state":"LA","stateName":"Louisiana","county":"St. Landry","countyFips":"97","wfo":"LCH","scale":1,"scaleLabel":"EF1","lengthMiles":1.49,"widthYards":100,"deaths":0,"injuries":0,"propertyDamage":100000,"cropDamage":0,"source":"NWS Storm Survey","dataSource":"CSV"}},{"type":"Feature","geometry":{"type":"LineString","coordinates":[[-89.0426,34.7259],[-88.8583,34.7756]]},"properties":{"id":"ncei-2023-1082556","eventId":"1082556","episodeId":"178016","year":2023,"month":2,"date":"2023-02-16","beginTime":"2023-02-16T13:33:00","endTime":"2023-02-16T13:49:00","timezone":"CST-6","state":"MS","stateName":"Mississippi","county":"Tippah","countyFips":"139","wfo":"MEG","scale":2,"scaleLabel":"EF2","lengthMiles":11.01,"widthYards":500,"deaths":0,"injuries":1,"propertyDamage":500000,"cropDamage":0,"source":"NWS Storm Survey","dataSource":"CSV"}},{"type":"Feature","geometry":{"type":"LineString","coordinates":[[-88.6307,35.0939],[-88.5764,35.1025]]},"properties":{"id":"ncei-2023-1082557","eventId":"1082557","episodeId":"178015","year":2023,"month":2,"date":"2023-02-16","beginTime":"2023-02-16T13:43:00","endTime":"2023-02-16T13:48:00","timezone":"CST-6","state":"TN","stateName":"Tennessee","county":"Mcnairy","countyFips":"109","wfo":"MEG","scale":1,"scaleLabel":"EF1","lengthMiles":3.13,"widthYards":105,"deaths":0,"injuries":0,"propertyDamage":150000,"cropDamage":0,"source":"NWS Storm Survey","dataSource":"CSV"}},{"type":"Feature","geometry":{"type":"LineString","coordinates":[[-88.4525,34.0608],[-88.4289,34.0741]]},"properties":{"id":"ncei-2023-1082558","eventId":"1082558","episodeId":"178016","year":2023,"month":2,"date":"2023-02-16","beginTime":"2023-02-16T15:52:00","endTime":"2023-02-16T15:55:00","timezone":"CST-6","state":"MS","stateName":"Mississippi","county":"Monroe","countyFips":"95","wfo":"MEG","scale":1,"scaleLabel":"EF1","lengthMiles":1.63,"widthYards":100,"deaths":0,"injuries":0,"propertyDamage":25000,"cropDamage":0,"source":"NWS Storm Survey","dataSource":"CSV"}},{"type":"Feature","geometry":{"type":"LineString","coordinates":[[-96.375,38.522],[-96.38,38.53]]},"properties":{"id":"ncei-2023-1082562","eventId":"1082562","episodeId":"178017","year":2023,"month":4,"date":"2023-04-19","beginTime":"2023-04-19T20:04:00","endTime":"2023-04-19T20:08:00","timezone":"CST-6","state":"KS","stateName":"Kansas","county":"Morris","countyFips":"127","wfo":"TOP","scale":1,"scaleLabel":"EF1","lengthMiles":0.62,"widthYards":50,"deaths":0,"injuries":0,"propertyDamage":0,"cropDamage":0,"source":"NWS Storm Survey","dataSource":"CSV"}},{"type":"Feature","geometry":{"type":"LineString","coordinates":[[-100.3964,35.2457],[-100.3949,35.2482]]},"properties":{"id":"ncei-2023-1082835","eventId":"1082835","episodeId":"177607","year":2023,"month":2,"date":"2023-02-26","beginTime":"2023-02-26T18:29:00","endTime":"2023-02-26T18:30:00","timezone":"CST-6","state":"TX","stateName":"Texas","county":"Wheeler","countyFips":"483","wfo":"AMA","scale":0,"scaleLabel":"EF0","lengthMiles":0.19,"widthYards":25,"deaths":0,"injuries":0,"propertyDamage":0,"cropDamage":0,"source":"NWS Storm Survey","dataSource":"CSV"}},{"type":"Feature","geometry":{"type":"LineString","coordinates":[[-100.1214,35.3868],[-100.0935,35.4018]]},"properties":{"id":"ncei-2023-1082836","eventId":"1082836","episodeId":"177607","year":2023,"month":2,"date":"2023-02-26","beginTime":"2023-02-26T18:41:00","endTime":"2023-02-26T18:46:00","timezone":"CST-6","state":"TX","stateName":"Texas","county":"Wheeler","countyFips":"483","wfo":"AMA","scale":1,"scaleLabel":"EF1","lengthMiles":1.88,"widthYards":50,"deaths":0,"injuries":0,"propertyDamage":0,"cropDamage":0,"source":"NWS Storm Survey","dataSource":"CSV"}},{"type":"Feature","geometry":{"type":"LineString","coordinates":[[-97.867,35.284],[-97.827,35.334]]},"properties":{"id":"ncei-2023-1082863","eventId":"1082863","episodeId":"177004","year":2023,"month":2,"date":"2023-02-26","beginTime":"2023-02-26T20:57:00","endTime":"2023-02-26T21:00:00","timezone":"CST-6","state":"OK","stateName":"Oklahoma","county":"Grady","countyFips":"51","wfo":"OUN","scale":0,"scaleLabel":"EF0","lengthMiles":4,"widthYards":150,"deaths":0,"injuries":0,"propertyDamage":5000,"cropDamage":0,"source":"NWS Storm Survey","dataSource":"CSV"}},{"type":"Feature","geometry":{"type":"LineString","coordinates":[[-97.838,35.335],[-97.793,35.423]]},"properties":{"id":"ncei-2023-1082874","eventId":"1082874","episodeId":"177004","year":2023,"month":2,"date":"2023-02-26","beginTime":"2023-02-26T21:00:00","endTime":"2023-02-26T21:07:00","timezone":"CST-6","state":"OK","stateName":"Oklahoma","county":"Canadian","countyFips":"17","wfo":"OUN","scale":1,"scaleLabel":"EF1","lengthMiles":6.7,"widthYards":200,"deaths":0,"injuries":0,"propertyDamage":250000,"cropDamage":0,"source":"NWS Storm Survey","dataSource":"CSV"}},{"type":"Feature","geometry":{"type":"LineString","coordinates":[[-97.55,35.123],[-97.454,35.164]]},"properties":{"id":"ncei-2023-1082890","eventId":"1082890","episodeId":"177004","year":2023,"month":2,"date":"2023-02-26","beginTime":"2023-02-26T21:15:00","endTime":"2023-02-26T21:19:00","timezone":"CST-6","state":"OK","stateName":"Oklahoma","county":"Mcclain","countyFips":"87","wfo":"OUN","scale":2,"scaleLabel":"EF2","lengthMiles":6.12,"widthYards":600,"deaths":0,"injuries":0,"propertyDamage":200000,"cropDamage":0,"source":"NWS Storm Survey","dataSource":"CSV"}},{"type":"Feature","geometry":{"type":"LineString","coordinates":[[-97.454,35.164],[-97.177,35.343]]},"properties":{"id":"ncei-2023-1082894","eventId":"1082894","episodeId":"177004","year":2023,"month":2,"date":"2023-02-26","beginTime":"2023-02-26T21:19:00","endTime":"2023-02-26T21:38:00","timezone":"CST-6","state":"OK","stateName":"Oklahoma","county":"Cleveland","countyFips":"27","wfo":"OUN","scale":2,"scaleLabel":"EF2","lengthMiles":20,"widthYards":900,"deaths":0,"injuries":12,"propertyDamage":50000000,"cropDamage":0,"source":"NWS Storm Survey","dataSource":"CSV"}},{"type":"Feature","geometry":{"type":"LineString","coordinates":[[-97.66,35.424],[-97.614,35.494]]},"properties":{"id":"ncei-2023-1082901","eventId":"1082901","episodeId":"177004","year":2023,"month":2,"date":"2023-02-26","beginTime":"2023-02-26T21:12:00","endTime":"2023-02-26T21:18:00","timezone":"CST-6","state":"OK","stateName":"Oklahoma","county":"Oklahoma","countyFips":"109","wfo":"OUN","scale":1,"scaleLabel":"EF1","lengthMiles":5.5,"widthYards":500,"deaths":0,"injuries":0,"propertyDamage":100000,"cropDamage":0,"source":"NWS Storm Survey","dataSource":"CSV"}},{"type":"Feature","geometry":{"type":"LineString","coordinates":[[-97.146,35.376],[-97.146,35.376]]},"properties":{"id":"ncei-2023-1082911","eventId":"1082911","episodeId":"177004","year":2023,"month":2,"date":"2023-02-26","beginTime":"2023-02-26T21:42:00","endTime":"2023-02-26T21:42:00","timezone":"CST-6","state":"OK","stateName":"Oklahoma","county":"Cleveland","countyFips":"27","wfo":"OUN","scale":1,"scaleLabel":"EF1","lengthMiles":0.25,"widthYards":100,"deaths":0,"injuries":0,"propertyDamage":30000,"cropDamage":0,"source":"NWS Storm Survey","dataSource":"CSV"}},{"type":"Feature","geometry":{"type":"LineString","coordinates":[[-97.142,35.375],[-97.054,35.411]]},"properties":{"id":"ncei-2023-1082912","eventId":"1082912","episodeId":"177004","year":2023,"month":2,"date":"2023-02-26","beginTime":"2023-02-26T21:42:00","endTime":"2023-02-26T21:48:00","timezone":"CST-6","state":"OK","stateName":"Oklahoma","county":"Pottawatomie","countyFips":"125","wfo":"OUN","scale":1,"scaleLabel":"EF1","lengthMiles":5.75,"widthYards":440,"deaths":0,"injuries":0,"propertyDamage":75000,"cropDamage":0,"source":"NWS Storm Survey","dataSource":"CSV"}},{"type":"Feature","geometry":{"type":"LineString","coordinates":[[-96.922,35.39],[-96.876,35.463]]},"properties":{"id":"ncei-2023-1082913","eventId":"1082913","episodeId":"177004","year":2023,"month":2,"date":"2023-02-26","beginTime":"2023-02-26T21:45:00","endTime":"2023-02-26T21:51:00","timezone":"CST-6","state":"OK","stateName":"Oklahoma","county":"Pottawatomie","countyFips":"125","wfo":"OUN","scale":2,"scaleLabel":"EF2","lengthMiles":5.7,"widthYards":200,"deaths":0,"injuries":0,"propertyDamage":250000,"cropDamage":0,"source":"NWS Storm Survey","dataSource":"CSV"}},{"type":"Feature","geometry":{"type":"LineString","coordinates":[[-96.875,35.469],[-96.875,35.469]]},"properties":{"id":"ncei-2023-1082914","eventId":"1082914","episodeId":"177004","year":2023,"month":2,"date":"2023-02-26","beginTime":"2023-02-26T21:51:00","endTime":"2023-02-26T21:51:00","timezone":"CST-6","state":"OK","stateName":"Oklahoma","county":"Lincoln","countyFips":"81","wfo":"OUN","scale":1,"scaleLabel":"EF1","lengthMiles":0.4,"widthYards":50,"deaths":0,"injuries":0,"propertyDamage":5000,"cropDamage":0,"source":"NWS Storm Survey","dataSource":"CSV"}},{"type":"Feature","geometry":{"type":"LineString","coordinates":[[-99.954,34.81],[-99.841,34.865]]},"properties":{"id":"ncei-2023-1082915","eventId":"1082915","episodeId":"177004","year":2023,"month":2,"date":"2023-02-26","beginTime":"2023-02-26T19:08:00","endTime":"2023-02-26T19:14:00","timezone":"CST-6","state":"OK","stateName":"Oklahoma","county":"Harmon","countyFips":"57","wfo":"OUN","scale":-1,"scaleLabel":"Unknown","lengthMiles":7.5,"widthYards":200,"deaths":0,"injuries":0,"propertyDamage":0,"cropDamage":0,"source":"Storm Chaser","dataSource":"CSV"}},{"type":"Feature","geometry":{"type":"LineString","coordinates":[[-90.3063,31.6756],[-90.2946,31.6872]]},"properties":{"id":"ncei-2023-1082923","eventId":"1082923","episodeId":"176555","year":2023,"month":2,"date":"2023-02-16","beginTime":"2023-02-16T11:16:00","endTime":"2023-02-16T11:18:00","timezone":"CST-6","state":"MS","stateName":"Mississippi","county":"Lincoln","countyFips":"85","wfo":"JAN","scale":1,"scaleLabel":"EF1","lengthMiles":1.06,"widthYards":75,"deaths":0,"injuries":0,"propertyDamage":100000,"cropDamage":0,"source":"NWS Storm Survey","dataSource":"CSV"}},{"type":"Feature","geometry":{"type":"LineString","coordinates":[[-89.5982,31.8363],[-89.5945,31.8376]]},"properties":{"id":"ncei-2023-1082924","eventId":"1082924","episodeId":"176555","year":2023,"month":2,"date":"2023-02-16","beginTime":"2023-02-16T13:24:00","endTime":"2023-02-16T13:25:00","timezone":"CST-6","state":"MS","stateName":"Mississippi","county":"Smith","countyFips":"129","wfo":"JAN","scale":1,"scaleLabel":"EF1","lengthMiles":0.23,"widthYards":50,"deaths":0,"injuries":0,"propertyDamage":140000,"cropDamage":0,"source":"NWS Storm Survey","dataSource":"CSV"}},{"type":"Feature","geometry":{"type":"LineString","coordinates":[[-84.7159,40.9171],[-84.7048,40.919]]},"properties":{"id":"ncei-2023-1083223","eventId":"1083223","episodeId":"178064","year":2023,"month":2,"date":"2023-02-27","beginTime":"2023-02-27T15:00:00","endTime":"2023-02-27T15:02:00","timezone":"EST-5","state":"OH","stateName":"Ohio","county":"Van Wert","countyFips":"161","wfo":"IWX","scale":0,"scaleLabel":"EF0","lengthMiles":0.59,"widthYards":75,"deaths":0,"injuries":0,"propertyDamage":30000,"cropDamage":0,"source":"NWS Storm Survey","dataSource":"CSV"}},{"type":"Feature","geometry":{"type":"LineString","coordinates":[[-89.8701,40.4736],[-89.8664,40.4758]]},"properties":{"id":"ncei-2023-1083232","eventId":"1083232","episodeId":"178024","year":2023,"month":3,"date":"2023-03-31","beginTime":"2023-03-31T13:37:00","endTime":"2023-03-31T13:38:00","timezone":"CST-6","state":"IL","stateName":"Illinois","county":"Tazewell","countyFips":"179","wfo":"ILX","scale":-1,"scaleLabel":"Unknown","lengthMiles":0.25,"widthYards":10,"deaths":0,"injuries":0,"propertyDamage":0,"cropDamage":0,"source":"Trained Spotter","dataSource":"CSV"}},{"type":"Feature","geometry":{"type":"LineString","coordinates":[[-90.3526,39.7671],[-90.3419,39.7737]]},"properties":{"id":"ncei-2023-1083233","eventId":"1083233","episodeId":"178024","year":2023,"month":3,"date":"2023-03-31","beginTime":"2023-03-31T16:27:00","endTime":"2023-03-31T16:28:00","timezone":"CST-6","state":"IL","stateName":"Illinois","county":"Morgan","countyFips":"137","wfo":"ILX","scale":-1,"scaleLabel":"Unknown","lengthMiles":0.73,"widthYards":10,"deaths":0,"injuries":0,"propertyDamage":0,"cropDamage":0,"source":"Trained Spotter","dataSource":"CSV"}},{"type":"Feature","geometry":{"type":"LineString","coordinates":[[-89.4917,39.4804],[-89.4213,39.5037]]},"properties":{"id":"ncei-2023-1083236","eventId":"1083236","episodeId":"178024","year":2023,"month":3,"date":"2023-03-31","beginTime":"2023-03-31T18:06:00","endTime":"2023-03-31T18:08:00","timezone":"CST-6","state":"IL","stateName":"Illinois","county":"Christian","countyFips":"21","wfo":"ILX","scale":0,"scaleLabel":"EF0","lengthMiles":4.08,"widthYards":20,"deaths":0,"injuries":0,"propertyDamage":0,"cropDamage":0,"source":"NWS Storm Survey","dataSource":"CSV"}},{"type":"Feature","geometry":{"type":"LineString","coordinates":[[-90.58,39.66],[-90.57,39.66]]},"properties":{"id":"ncei-2023-1083238","eventId":"1083238","episodeId":"178024","year":2023,"month":3,"date":"2023-03-31","beginTime":"2023-03-31T16:15:00","endTime":"2023-03-31T16:17:00","timezone":"CST-6","state":"IL","stateName":"Illinois","county":"Scott","countyFips":"171","wfo":"ILX","scale":-1,"scaleLabel":"Unknown","lengthMiles":0.53,"widthYards":10,"deaths":0,"injuries":0,"propertyDamage":0,"cropDamage":0,"source":"Trained Spotter","dataSource":"CSV"}},{"type":"Feature","geometry":{"type":"LineString","coordinates":[[-90.23,39.81],[-90.21,39.81]]},"properties":{"id":"ncei-2023-1083241","eventId":"1083241","episodeId":"178024","year":2023,"month":3,"date":"2023-03-31","beginTime":"2023-03-31T16:35:00","endTime":"2023-03-31T16:36:00","timezone":"CST-6","state":"IL","stateName":"Illinois","county":"Morgan","countyFips":"137","wfo":"ILX","scale":0,"scaleLabel":"EF0","lengthMiles":1.06,"widthYards":30,"deaths":0,"injuries":0,"propertyDamage":0,"cropDamage":0,"source":"Trained Spotter","dataSource":"CSV"}},{"type":"Feature","geometry":{"type":"LineString","coordinates":[[-89.35,40.63],[-89.34,40.64]]},"properties":{"id":"ncei-2023-1083266","eventId":"1083266","episodeId":"178024","year":2023,"month":3,"date":"2023-03-31","beginTime":"2023-03-31T14:15:00","endTime":"2023-03-31T14:16:00","timezone":"CST-6","state":"IL","stateName":"Illinois","county":"Tazewell","countyFips":"179","wfo":"ILX","scale":1,"scaleLabel":"EF1","lengthMiles":0.87,"widthYards":10,"deaths":0,"injuries":0,"propertyDamage":0,"cropDamage":0,"source":"Trained Spotter","dataSource":"CSV"}},{"type":"Feature","geometry":{"type":"LineString","coordinates":[[-89.22,40.72],[-89.212,40.726]]},"properties":{"id":"ncei-2023-1083268","eventId":"1083268","episodeId":"178024","year":2023,"month":3,"date":"2023-03-31","beginTime":"2023-03-31T14:23:00","endTime":"2023-03-31T14:24:00","timezone":"CST-6","state":"IL","stateName":"Illinois","county":"Woodford","countyFips":"203","wfo":"ILX","scale":-1,"scaleLabel":"Unknown","lengthMiles":0.59,"widthYards":20,"deaths":0,"injuries":0,"propertyDamage":0,"cropDamage":0,"source":"Trained Spotter","dataSource":"CSV"}},{"type":"Feature","geometry":{"type":"LineString","coordinates":[[-89.31,39.5],[-89.28,39.51]]},"properties":{"id":"ncei-2023-1083270","eventId":"1083270","episodeId":"178024","year":2023,"month":3,"date":"2023-03-31","beginTime":"2023-03-31T18:13:00","endTime":"2023-03-31T18:14:00","timezone":"CST-6","state":"IL","stateName":"Illinois","county":"Christian","countyFips":"21","wfo":"ILX","scale":1,"scaleLabel":"EF1","lengthMiles":1.74,"widthYards":30,"deaths":0,"injuries":0,"propertyDamage":0,"cropDamage":0,"source":"NWS Storm Survey","dataSource":"CSV"}},{"type":"Feature","geometry":{"type":"LineString","coordinates":[[-89.6206,39.896],[-89.5298,39.9322]]},"properties":{"id":"ncei-2023-1083272","eventId":"1083272","episodeId":"178024","year":2023,"month":3,"date":"2023-03-31","beginTime":"2023-03-31T17:12:00","endTime":"2023-03-31T17:20:00","timezone":"CST-6","state":"IL","stateName":"Illinois","county":"Sangamon","countyFips":"167","wfo":"ILX","scale":2,"scaleLabel":"EF2","lengthMiles":5.42,"widthYards":400,"deaths":0,"injuries":0,"propertyDamage":0,"cropDamage":0,"source":"NWS Storm Survey","dataSource":"CSV"}},{"type":"Feature","geometry":{"type":"LineString","coordinates":[[-88.2907,40.2804],[-88.1169,40.3642]]},"properties":{"id":"ncei-2023-1083273","eventId":"1083273","episodeId":"178024","year":2023,"month":3,"date":"2023-03-31","beginTime":"2023-03-31T18:39:00","endTime":"2023-03-31T18:48:00","timezone":"CST-6","state":"IL","stateName":"Illinois","county":"Champaign","countyFips":"19","wfo":"ILX","scale":1,"scaleLabel":"EF1","lengthMiles":10.83,"widthYards":500,"deaths":0,"injuries":0,"propertyDamage":0,"cropDamage":0,"source":"NWS Storm Survey","dataSource":"CSV"}},{"type":"Feature","geometry":{"type":"LineString","coordinates":[[-90.5326,30.8398],[-90.512,30.886]]},"properties":{"id":"ncei-2023-1083314","eventId":"1083314","episodeId":"178084","year":2023,"month":2,"date":"2023-02-08","beginTime":"2023-02-08T17:51:00","endTime":"2023-02-08T17:57:00","timezone":"CST-6","state":"LA","stateName":"Louisiana","county":"Tangipahoa","countyFips":"105","wfo":"LIX","scale":2,"scaleLabel":"EF2","lengthMiles":3.54,"widthYards":175,"deaths":0,"injuries":0,"propertyDamage":150000,"cropDamage":0,"source":"NWS Storm Survey","dataSource":"CSV"}},{"type":"Feature","geometry":{"type":"LineString","coordinates":[[-90.1128,31.2862],[-90.1051,31.2995]]},"properties":{"id":"ncei-2023-1083315","eventId":"1083315","episodeId":"178087","year":2023,"month":2,"date":"2023-02-08","beginTime":"2023-02-08T19:11:00","endTime":"2023-02-08T19:12:00","timezone":"CST-6","state":"MS","stateName":"Mississippi","county":"Walthall","countyFips":"147","wfo":"LIX","scale":0,"scaleLabel":"EF0","lengthMiles":1.03,"widthYards":40,"deaths":0,"injuries":0,"propertyDamage":10000,"cropDamage":0,"source":"NWS Storm Survey","dataSource":"CSV"}},{"type":"Feature","geometry":{"type":"LineString","coordinates":[[-85.911,32.907],[-85.901,32.908]]},"properties":{"id":"ncei-2023-1083444","eventId":"1083444","episodeId":"178111","year":2023,"month":3,"date":"2023-03-12","beginTime":"2023-03-12T07:17:00","endTime":"2023-03-12T07:18:00","timezone":"CST-6","state":"AL","stateName":"Alabama","county":"Tallapoosa","countyFips":"123","wfo":"BMX","scale":0,"scaleLabel":"EF0","lengthMiles":0.59,"widthYards":100,"deaths":0,"injuries":0,"propertyDamage":0,"cropDamage":0,"source":"NWS Storm Survey","dataSource":"CSV"}},{"type":"Feature","geometry":{"type":"LineString","coordinates":[[-87.766,34.278],[-87.677,34.287]]},"properties":{"id":"ncei-2023-1083448","eventId":"1083448","episodeId":"178112","year":2023,"month":3,"date":"2023-03-24","beginTime":"2023-03-24T22:44:00","endTime":"2023-03-24T22:49:00","timezone":"CST-6","state":"AL","stateName":"Alabama","county":"Marion","countyFips":"93","wfo":"BMX","scale":1,"scaleLabel":"EF1","lengthMiles":5.19,"widthYards":275,"deaths":0,"injuries":0,"propertyDamage":0,"cropDamage":0,"source":"NWS Storm Survey","dataSource":"CSV"}},{"type":"Feature","geometry":{"type":"LineString","coordinates":[[-96.548,38.367],[-96.5321,38.3751]]},"properties":{"id":"ncei-2023-1083512","eventId":"1083512","episodeId":"178125","year":2023,"month":4,"date":"2023-04-19","beginTime":"2023-04-19T19:35:00","endTime":"2023-04-19T19:39:00","timezone":"CST-6","state":"KS","stateName":"Kansas","county":"Chase","countyFips":"17","wfo":"ICT","scale":1,"scaleLabel":"EF1","lengthMiles":1.03,"widthYards":50,"deaths":0,"injuries":0,"propertyDamage":5000,"cropDamage":0,"source":"NWS Storm Survey","dataSource":"CSV"}},{"type":"Feature","geometry":{"type":"LineString","coordinates":[[-88.395,42.5809],[-88.3855,42.5844]]},"properties":{"id":"ncei-2023-1083782","eventId":"1083782","episodeId":"178056","year":2023,"month":4,"date":"2023-04-05","beginTime":"2023-04-05T05:38:00","endTime":"2023-04-05T05:40:00","timezone":"CST-6","state":"WI","stateName":"Wisconsin","county":"Walworth","countyFips":"127","wfo":"MKX","scale":0,"scaleLabel":"EF0","lengthMiles":0.54,"widthYards":75,"deaths":0,"injuries":0,"propertyDamage":6000,"cropDamage":0,"source":"NWS Storm Survey","dataSource":"CSV"}},{"type":"Feature","geometry":{"type":"LineString","coordinates":[[-96.4687,38.3872],[-96.4282,38.4202]]},"properties":{"id":"ncei-2023-1084129","eventId":"1084129","episodeId":"178125","year":2023,"month":4,"date":"2023-04-19","beginTime":"2023-04-19T19:45:00","endTime":"2023-04-19T19:50:00","timezone":"CST-6","state":"KS","stateName":"Kansas","county":"Chase","countyFips":"17","wfo":"ICT","scale":0,"scaleLabel":"EF0","lengthMiles":3.17,"widthYards":150,"deaths":0,"injuries":1,"propertyDamage":20000,"cropDamage":0,"source":"NWS Storm Survey","dataSource":"CSV"}},{"type":"Feature","geometry":{"type":"LineString","coordinates":[[-85.0644,33.0252],[-84.9681,33.0445]]},"properties":{"id":"ncei-2023-1084252","eventId":"1084252","episodeId":"178254","year":2023,"month":2,"date":"2023-02-17","beginTime":"2023-02-17T04:31:00","endTime":"2023-02-17T04:38:00","timezone":"EST-5","state":"GA","stateName":"Georgia","county":"Troup","countyFips":"285","wfo":"FFC","scale":1,"scaleLabel":"EF1","lengthMiles":5.74,"widthYards":200,"deaths":0,"injuries":0,"propertyDamage":0,"cropDamage":0,"source":"NWS Storm Survey","dataSource":"CSV"}},{"type":"Feature","geometry":{"type":"LineString","coordinates":[[-117.98,33.91],[-117.9799,33.909]]},"properties":{"id":"ncei-2023-1084329","eventId":"1084329","episodeId":"178226","year":2023,"month":2,"date":"2023-02-23","beginTime":"2023-02-23T11:30:00","endTime":"2023-02-23T11:35:00","timezone":"PST-8","state":"CA","stateName":"California","county":"Los Angeles","countyFips":"37","wfo":"LOX","scale":0,"scaleLabel":"EF0","lengthMiles":0.07,"widthYards":15,"deaths":0,"injuries":0,"propertyDamage":0,"cropDamage":0,"source":"Broadcast Media","dataSource":"CSV"}},{"type":"Feature","geometry":{"type":"LineString","coordinates":[[-93.5241,35.967],[-93.4872,35.9934]]},"properties":{"id":"ncei-2023-1084419","eventId":"1084419","episodeId":"178298","year":2023,"month":4,"date":"2023-04-05","beginTime":"2023-04-05T04:50:00","endTime":"2023-04-05T04:53:00","timezone":"CST-6","state":"AR","stateName":"Arkansas","county":"Madison","countyFips":"87","wfo":"TSA","scale":0,"scaleLabel":"EF0","lengthMiles":2.8,"widthYards":300,"deaths":0,"injuries":0,"propertyDamage":0,"cropDamage":0,"source":"NWS Storm Survey","dataSource":"CSV"}},{"type":"Feature","geometry":{"type":"LineString","coordinates":[[-93.391,36.46],[-93.369,36.481]]},"properties":{"id":"ncei-2023-1084420","eventId":"1084420","episodeId":"178298","year":2023,"month":4,"date":"2023-04-05","beginTime":"2023-04-05T05:03:00","endTime":"2023-04-05T05:05:00","timezone":"CST-6","state":"AR","stateName":"Arkansas","county":"Carroll","countyFips":"15","wfo":"TSA","scale":-1,"scaleLabel":"Unknown","lengthMiles":1.9,"widthYards":250,"deaths":0,"injuries":0,"propertyDamage":0,"cropDamage":0,"source":"Emergency Manager","dataSource":"CSV"}},{"type":"Feature","geometry":{"type":"LineString","coordinates":[[-96.7649,39.4134],[-96.7627,39.4138]]},"properties":{"id":"ncei-2023-1084490","eventId":"1084490","episodeId":"178017","year":2023,"month":4,"date":"2023-04-20","beginTime":"2023-04-20T01:45:00","endTime":"2023-04-20T01:47:00","timezone":"CST-6","state":"KS","stateName":"Kansas","county":"Riley","countyFips":"161","wfo":"TOP","scale":0,"scaleLabel":"EF0","lengthMiles":0.23,"widthYards":30,"deaths":0,"injuries":0,"propertyDamage":0,"cropDamage":0,"source":"Fire Department/Rescue","dataSource":"CSV"}},{"type":"Feature","geometry":{"type":"LineString","coordinates":[[-94.8123,34.0342],[-94.7379,34.0679]]},"properties":{"id":"ncei-2023-1084582","eventId":"1084582","episodeId":"177699","year":2023,"month":3,"date":"2023-03-02","beginTime":"2023-03-02T21:05:00","endTime":"2023-03-02T21:11:00","timezone":"CST-6","state":"OK","stateName":"Oklahoma","county":"Mccurtain","countyFips":"89","wfo":"SHV","scale":1,"scaleLabel":"EF1","lengthMiles":4.85,"widthYards":390,"deaths":0,"injuries":0,"propertyDamage":10000,"cropDamage":0,"source":"NWS Storm Survey","dataSource":"CSV"}},{"type":"Feature","geometry":{"type":"LineString","coordinates":[[-85.83,30.36],[-85.75,30.39]]},"properties":{"id":"ncei-2023-1084624","eventId":"1084624","episodeId":"178009","year":2023,"month":3,"date":"2023-03-17","beginTime":"2023-03-17T18:49:00","endTime":"2023-03-17T18:57:00","timezone":"CST-6","state":"FL","stateName":"Florida","county":"Bay","countyFips":"5","wfo":"TAE","scale":0,"scaleLabel":"EF0","lengthMiles":5.2,"widthYards":25,"deaths":0,"injuries":0,"propertyDamage":0,"cropDamage":0,"source":"NWS Employee","dataSource":"CSV"}},{"type":"Feature","geometry":{"type":"LineString","coordinates":[[-86.14,30.34],[-86.1382,30.3409]]},"properties":{"id":"ncei-2023-1084640","eventId":"1084640","episodeId":"178009","year":2023,"month":3,"date":"2023-03-17","beginTime":"2023-03-17T18:20:00","endTime":"2023-03-17T18:21:00","timezone":"CST-6","state":"FL","stateName":"Florida","county":"Walton","countyFips":"131","wfo":"TAE","scale":0,"scaleLabel":"EF0","lengthMiles":0.12,"widthYards":25,"deaths":0,"injuries":0,"propertyDamage":0,"cropDamage":0,"source":"Public","dataSource":"CSV"}},{"type":"Feature","geometry":{"type":"LineString","coordinates":[[-94.444,33.0124],[-94.4405,33.0123]]},"properties":{"id":"ncei-2023-1084989","eventId":"1084989","episodeId":"178401","year":2023,"month":4,"date":"2023-04-05","beginTime":"2023-04-05T07:44:00","endTime":"2023-04-05T07:45:00","timezone":"CST-6","state":"TX","stateName":"Texas","county":"Cass","countyFips":"67","wfo":"SHV","scale":0,"scaleLabel":"EF0","lengthMiles":0.2,"widthYards":50,"deaths":0,"injuries":0,"propertyDamage":0,"cropDamage":0,"source":"NWS Storm Survey","dataSource":"CSV"}},{"type":"Feature","geometry":{"type":"LineString","coordinates":[[-90.4002,42.8525],[-90.3805,42.8582]]},"properties":{"id":"ncei-2023-1085060","eventId":"1085060","episodeId":"178419","year":2023,"month":3,"date":"2023-03-31","beginTime":"2023-03-31T17:48:00","endTime":"2023-03-31T17:50:00","timezone":"CST-6","state":"WI","stateName":"Wisconsin","county":"Iowa","countyFips":"49","wfo":"MKX","scale":1,"scaleLabel":"EF1","lengthMiles":1.07,"widthYards":75,"deaths":0,"injuries":0,"propertyDamage":300000,"cropDamage":0,"source":"NWS Storm Survey","dataSource":"CSV"}},{"type":"Feature","geometry":{"type":"LineString","coordinates":[[-90.4183,42.729],[-90.3252,42.7698]]},"properties":{"id":"ncei-2023-1085063","eventId":"1085063","episodeId":"178419","year":2023,"month":3,"date":"2023-03-31","beginTime":"2023-03-31T17:50:00","endTime":"2023-03-31T17:55:00","timezone":"CST-6","state":"WI","stateName":"Wisconsin","county":"Lafayette","countyFips":"65","wfo":"MKX","scale":1,"scaleLabel":"EF1","lengthMiles":5.5,"widthYards":75,"deaths":0,"injuries":0,"propertyDamage":1000000,"cropDamage":0,"source":"NWS Storm Survey","dataSource":"CSV"}},{"type":"Feature","geometry":{"type":"LineString","coordinates":[[-90.3195,42.7964],[-90.295,42.814]]},"properties":{"id":"ncei-2023-1085064","eventId":"1085064","episodeId":"178419","year":2023,"month":3,"date":"2023-03-31","beginTime":"2023-03-31T17:55:00","endTime":"2023-03-31T17:56:00","timezone":"CST-6","state":"WI","stateName":"Wisconsin","county":"Lafayette","countyFips":"65","wfo":"MKX","scale":1,"scaleLabel":"EF1","lengthMiles":1.74,"widthYards":75,"deaths":0,"injuries":0,"propertyDamage":300000,"cropDamage":0,"source":"NWS Storm Survey","dataSource":"CSV"}},{"type":"Feature","geometry":{"type":"LineString","coordinates":[[-90.295,42.814],[-90.2189,42.8565]]},"properties":{"id":"ncei-2023-1085066","eventId":"1085066","episodeId":"178419","year":2023,"month":3,"date":"2023-03-31","beginTime":"2023-03-31T17:56:00","endTime":"2023-03-31T18:00:00","timezone":"CST-6","state":"WI","stateName":"Wisconsin","county":"Iowa","countyFips":"49","wfo":"MKX","scale":1,"scaleLabel":"EF1","lengthMiles":4.85,"widthYards":75,"deaths":0,"injuries":0,"propertyDamage":300000,"cropDamage":0,"source":"NWS Storm Survey","dataSource":"CSV"}},{"type":"Feature","geometry":{"type":"LineString","coordinates":[[-89.5279,42.5229],[-89.512,42.5639]]},"properties":{"id":"ncei-2023-1085068","eventId":"1085068","episodeId":"178419","year":2023,"month":3,"date":"2023-03-31","beginTime":"2023-03-31T18:16:00","endTime":"2023-03-31T18:20:00","timezone":"CST-6","state":"WI","stateName":"Wisconsin","county":"Green","countyFips":"45","wfo":"MKX","scale":0,"scaleLabel":"EF0","lengthMiles":2.95,"widthYards":75,"deaths":0,"injuries":0,"propertyDamage":400000,"cropDamage":0,"source":"NWS Storm Survey","dataSource":"CSV"}},{"type":"Feature","geometry":{"type":"LineString","coordinates":[[-89.4888,42.5376],[-89.4378,42.68]]},"properties":{"id":"ncei-2023-1085073","eventId":"1085073","episodeId":"178419","year":2023,"month":3,"date":"2023-03-31","beginTime":"2023-03-31T18:20:00","endTime":"2023-03-31T18:29:00","timezone":"CST-6","state":"WI","stateName":"Wisconsin","county":"Green","countyFips":"45","wfo":"MKX","scale":1,"scaleLabel":"EF1","lengthMiles":10.17,"widthYards":50,"deaths":0,"injuries":0,"propertyDamage":600000,"cropDamage":0,"source":"NWS Storm Survey","dataSource":"CSV"}},{"type":"Feature","geometry":{"type":"LineString","coordinates":[[-89.4121,42.6368],[-89.368,42.706]]},"properties":{"id":"ncei-2023-1085076","eventId":"1085076","episodeId":"178419","year":2023,"month":3,"date":"2023-03-31","beginTime":"2023-03-31T18:26:00","endTime":"2023-03-31T18:32:00","timezone":"CST-6","state":"WI","stateName":"Wisconsin","county":"Green","countyFips":"45","wfo":"MKX","scale":0,"scaleLabel":"EF0","lengthMiles":5.28,"widthYards":75,"deaths":0,"injuries":0,"propertyDamage":200000,"cropDamage":0,"source":"NWS Storm Survey","dataSource":"CSV"}},{"type":"Feature","geometry":{"type":"LineString","coordinates":[[-89.368,42.706],[-89.3635,42.7119]]},"properties":{"id":"ncei-2023-1085078","eventId":"1085078","episodeId":"178419","year":2023,"month":3,"date":"2023-03-31","beginTime":"2023-03-31T18:32:00","endTime":"2023-03-31T18:33:00","timezone":"CST-6","state":"WI","stateName":"Wisconsin","county":"Rock","countyFips":"105","wfo":"MKX","scale":0,"scaleLabel":"EF0","lengthMiles":0.47,"widthYards":75,"deaths":0,"injuries":0,"propertyDamage":200000,"cropDamage":0,"source":"NWS Storm Survey","dataSource":"CSV"}},{"type":"Feature","geometry":{"type":"LineString","coordinates":[[-88.7232,42.4932],[-88.6687,42.5304]]},"properties":{"id":"ncei-2023-1085084","eventId":"1085084","episodeId":"178419","year":2023,"month":3,"date":"2023-03-31","beginTime":"2023-03-31T18:57:00","endTime":"2023-03-31T19:01:00","timezone":"CST-6","state":"WI","stateName":"Wisconsin","county":"Walworth","countyFips":"127","wfo":"MKX","scale":1,"scaleLabel":"EF1","lengthMiles":3.78,"widthYards":300,"deaths":0,"injuries":0,"propertyDamage":100000,"cropDamage":0,"source":"NWS Storm Survey","dataSource":"CSV"}},{"type":"Feature","geometry":{"type":"LineString","coordinates":[[-89.0258,42.5141],[-88.9623,42.5356]]},"properties":{"id":"ncei-2023-1085085","eventId":"1085085","episodeId":"178419","year":2023,"month":3,"date":"2023-03-31","beginTime":"2023-03-31T18:48:00","endTime":"2023-03-31T18:54:00","timezone":"CST-6","state":"WI","stateName":"Wisconsin","county":"Rock","countyFips":"105","wfo":"MKX","scale":0,"scaleLabel":"EF0","lengthMiles":3.56,"widthYards":100,"deaths":0,"injuries":0,"propertyDamage":600000,"cropDamage":0,"source":"NWS Storm Survey","dataSource":"CSV"}},{"type":"Feature","geometry":{"type":"LineString","coordinates":[[-89.1682,42.8744],[-89.1304,42.9373]]},"properties":{"id":"ncei-2023-1085086","eventId":"1085086","episodeId":"178419","year":2023,"month":3,"date":"2023-03-31","beginTime":"2023-03-31T18:49:00","endTime":"2023-03-31T18:59:00","timezone":"CST-6","state":"WI","stateName":"Wisconsin","county":"Dane","countyFips":"25","wfo":"MKX","scale":1,"scaleLabel":"EF1","lengthMiles":4.75,"widthYards":75,"deaths":0,"injuries":0,"propertyDamage":100000,"cropDamage":0,"source":"NWS Storm Survey","dataSource":"CSV"}},{"type":"Feature","geometry":{"type":"LineString","coordinates":[[-88.6972,42.4942],[-88.5921,42.627]]},"properties":{"id":"ncei-2023-1085087","eventId":"1085087","episodeId":"178419","year":2023,"month":3,"date":"2023-03-31","beginTime":"2023-03-31T19:00:00","endTime":"2023-03-31T19:09:00","timezone":"CST-6","state":"WI","stateName":"Wisconsin","county":"Walworth","countyFips":"127","wfo":"MKX","scale":0,"scaleLabel":"EF0","lengthMiles":10.62,"widthYards":100,"deaths":0,"injuries":0,"propertyDamage":400000,"cropDamage":0,"source":"NWS Storm Survey","dataSource":"CSV"}},{"type":"Feature","geometry":{"type":"LineString","coordinates":[[-88.5681,42.4965],[-88.442,42.5368]]},"properties":{"id":"ncei-2023-1085088","eventId":"1085088","episodeId":"178419","year":2023,"month":3,"date":"2023-03-31","beginTime":"2023-03-31T19:05:00","endTime":"2023-03-31T19:09:00","timezone":"CST-6","state":"WI","stateName":"Wisconsin","county":"Walworth","countyFips":"127","wfo":"MKX","scale":0,"scaleLabel":"EF0","lengthMiles":7,"widthYards":50,"deaths":0,"injuries":0,"propertyDamage":100000,"cropDamage":0,"source":"NWS Storm Survey","dataSource":"CSV"}},{"type":"Feature","geometry":{"type":"LineString","coordinates":[[-89.0033,42.995],[-88.9876,43.0125]]},"properties":{"id":"ncei-2023-1085089","eventId":"1085089","episodeId":"178419","year":2023,"month":3,"date":"2023-03-31","beginTime":"2023-03-31T19:07:00","endTime":"2023-03-31T19:10:00","timezone":"CST-6","state":"WI","stateName":"Wisconsin","county":"Jefferson","countyFips":"55","wfo":"MKX","scale":0,"scaleLabel":"EF0","lengthMiles":1.45,"widthYards":75,"deaths":0,"injuries":0,"propertyDamage":100000,"cropDamage":0,"source":"NWS Storm Survey","dataSource":"CSV"}},{"type":"Feature","geometry":{"type":"LineString","coordinates":[[-88.7495,42.6814],[-88.6954,42.7486]]},"properties":{"id":"ncei-2023-1085090","eventId":"1085090","episodeId":"178419","year":2023,"month":3,"date":"2023-03-31","beginTime":"2023-03-31T19:08:00","endTime":"2023-03-31T19:15:00","timezone":"CST-6","state":"WI","stateName":"Wisconsin","county":"Walworth","countyFips":"127","wfo":"MKX","scale":0,"scaleLabel":"EF0","lengthMiles":5.39,"widthYards":50,"deaths":0,"injuries":0,"propertyDamage":50000,"cropDamage":0,"source":"NWS Storm Survey","dataSource":"CSV"}},{"type":"Feature","geometry":{"type":"LineString","coordinates":[[-88.5176,42.6049],[-88.5248,42.6922]]},"properties":{"id":"ncei-2023-1085091","eventId":"1085091","episodeId":"178419","year":2023,"month":3,"date":"2023-03-31","beginTime":"2023-03-31T19:10:00","endTime":"2023-03-31T19:17:00","timezone":"CST-6","state":"WI","stateName":"Wisconsin","county":"Walworth","countyFips":"127","wfo":"MKX","scale":0,"scaleLabel":"EF0","lengthMiles":6.04,"widthYards":150,"deaths":0,"injuries":0,"propertyDamage":100000,"cropDamage":0,"source":"NWS Storm Survey","dataSource":"CSV"}},{"type":"Feature","geometry":{"type":"LineString","coordinates":[[-88.5748,42.8588],[-88.542,42.886]]},"properties":{"id":"ncei-2023-1085092","eventId":"1085092","episodeId":"178419","year":2023,"month":3,"date":"2023-03-31","beginTime":"2023-03-31T19:26:00","endTime":"2023-03-31T19:29:00","timezone":"CST-6","state":"WI","stateName":"Wisconsin","county":"Jefferson","countyFips":"55","wfo":"MKX","scale":1,"scaleLabel":"EF1","lengthMiles":2.51,"widthYards":50,"deaths":0,"injuries":0,"propertyDamage":300000,"cropDamage":0,"source":"NWS Storm Survey","dataSource":"CSV"}},{"type":"Feature","geometry":{"type":"LineString","coordinates":[[-88.542,42.886],[-88.5394,42.8896]]},"properties":{"id":"ncei-2023-1085093","eventId":"1085093","episodeId":"178419","year":2023,"month":3,"date":"2023-03-31","beginTime":"2023-03-31T19:29:00","endTime":"2023-03-31T19:30:00","timezone":"CST-6","state":"WI","stateName":"Wisconsin","county":"Waukesha","countyFips":"133","wfo":"MKX","scale":1,"scaleLabel":"EF1","lengthMiles":0.28,"widthYards":50,"deaths":0,"injuries":0,"propertyDamage":0,"cropDamage":0,"source":"NWS Storm Survey","dataSource":"CSV"}},{"type":"Feature","geometry":{"type":"LineString","coordinates":[[-77.4009,39.1355],[-77.3968,39.1411]]},"properties":{"id":"ncei-2023-1085188","eventId":"1085188","episodeId":"178433","year":2023,"month":4,"date":"2023-04-22","beginTime":"2023-04-22T12:58:00","endTime":"2023-04-22T12:59:00","timezone":"EST-5","state":"MD","stateName":"Maryland","county":"Montgomery","countyFips":"31","wfo":"LWX","scale":0,"scaleLabel":"EF0","lengthMiles":0.44,"widthYards":50,"deaths":0,"injuries":0,"propertyDamage":30000,"cropDamage":0,"source":"NWS Storm Survey","dataSource":"CSV"}},{"type":"Feature","geometry":{"type":"LineString","coordinates":[[-85.2388,31.2144],[-85.1675,31.2354]]},"properties":{"id":"ncei-2023-1085358","eventId":"1085358","episodeId":"177994","year":2023,"month":3,"date":"2023-03-25","beginTime":"2023-03-25T08:00:00","endTime":"2023-03-25T08:10:00","timezone":"CST-6","state":"AL","stateName":"Alabama","county":"Houston","countyFips":"69","wfo":"TAE","scale":0,"scaleLabel":"EF0","lengthMiles":4.46,"widthYards":50,"deaths":0,"injuries":0,"propertyDamage":100000,"cropDamage":0,"source":"NWS Storm Survey","dataSource":"CSV"}},{"type":"Feature","geometry":{"type":"LineString","coordinates":[[-93.3372,32.3226],[-93.3007,32.3124]]},"properties":{"id":"ncei-2023-1085447","eventId":"1085447","episodeId":"178467","year":2023,"month":4,"date":"2023-04-15","beginTime":"2023-04-15T17:30:00","endTime":"2023-04-15T17:42:00","timezone":"CST-6","state":"LA","stateName":"Louisiana","county":"Bienville","countyFips":"13","wfo":"SHV","scale":1,"scaleLabel":"EF1","lengthMiles":2.24,"widthYards":200,"deaths":0,"injuries":0,"propertyDamage":30000,"cropDamage":0,"source":"NWS Storm Survey","dataSource":"CSV"}},{"type":"Feature","geometry":{"type":"LineString","coordinates":[[-81.63,26.92],[-81.57,26.96]]},"properties":{"id":"ncei-2023-1085476","eventId":"1085476","episodeId":"178398","year":2023,"month":4,"date":"2023-04-30","beginTime":"2023-04-30T05:34:00","endTime":"2023-04-30T05:41:00","timezone":"EST-5","state":"FL","stateName":"Florida","county":"Charlotte","countyFips":"15","wfo":"TBW","scale":1,"scaleLabel":"EF1","lengthMiles":4.61,"widthYards":50,"deaths":0,"injuries":0,"propertyDamage":50000,"cropDamage":0,"source":"NWS Storm Survey","dataSource":"CSV"}},{"type":"Feature","geometry":{"type":"LineString","coordinates":[[-95.2896,32.3341],[-95.2879,32.3441]]},"properties":{"id":"ncei-2023-1085645","eventId":"1085645","episodeId":"178484","year":2023,"month":4,"date":"2023-04-20","beginTime":"2023-04-20T18:05:00","endTime":"2023-04-20T18:08:00","timezone":"CST-6","state":"TX","stateName":"Texas","county":"Smith","countyFips":"423","wfo":"SHV","scale":0,"scaleLabel":"EF0","lengthMiles":0.7,"widthYards":65,"deaths":0,"injuries":0,"propertyDamage":5000,"cropDamage":0,"source":"NWS Storm Survey","dataSource":"CSV"}},{"type":"Feature","geometry":{"type":"LineString","coordinates":[[-83.711,41.946],[-83.575,41.966]]},"properties":{"id":"ncei-2023-1085704","eventId":"1085704","episodeId":"178498","year":2023,"month":4,"date":"2023-04-01","beginTime":"2023-04-01T10:03:00","endTime":"2023-04-01T10:08:00","timezone":"EST-5","state":"MI","stateName":"Michigan","county":"Monroe","countyFips":"115","wfo":"DTX","scale":0,"scaleLabel":"EF0","lengthMiles":7.12,"widthYards":75,"deaths":0,"injuries":0,"propertyDamage":25000,"cropDamage":0,"source":"NWS Storm Survey","dataSource":"CSV"}},{"type":"Feature","geometry":{"type":"LineString","coordinates":[[-96.76,44.96],[-96.76,44.96]]},"properties":{"id":"ncei-2023-1085713","eventId":"1085713","episodeId":"178499","year":2023,"month":5,"date":"2023-05-06","beginTime":"2023-05-06T16:01:00","endTime":"2023-05-06T16:02:00","timezone":"CST-6","state":"SD","stateName":"South Dakota","county":"Deuel","countyFips":"39","wfo":"ABR","scale":0,"scaleLabel":"EF0","lengthMiles":0.01,"widthYards":10,"deaths":0,"injuries":0,"propertyDamage":0,"cropDamage":0,"source":"Trained Spotter","dataSource":"CSV"}},{"type":"Feature","geometry":{"type":"LineString","coordinates":[[-96.67,45.06],[-96.66,45.07]]},"properties":{"id":"ncei-2023-1085714","eventId":"1085714","episodeId":"178499","year":2023,"month":5,"date":"2023-05-06","beginTime":"2023-05-06T16:25:00","endTime":"2023-05-06T16:30:00","timezone":"CST-6","state":"SD","stateName":"South Dakota","county":"Grant","countyFips":"51","wfo":"ABR","scale":0,"scaleLabel":"EF0","lengthMiles":0.85,"widthYards":10,"deaths":0,"injuries":0,"propertyDamage":0,"cropDamage":0,"source":"Storm Chaser","dataSource":"CSV"}},{"type":"Feature","geometry":{"type":"LineString","coordinates":[[-88.6529,40.9559],[-88.6525,40.9562]]},"properties":{"id":"ncei-2023-1085796","eventId":"1085796","episodeId":"178474","year":2023,"month":3,"date":"2023-03-31","beginTime":"2023-03-31T15:05:00","endTime":"2023-03-31T15:06:00","timezone":"CST-6","state":"IL","stateName":"Illinois","county":"Livingston","countyFips":"105","wfo":"LOT","scale":-1,"scaleLabel":"Unknown","lengthMiles":0.03,"widthYards":15,"deaths":0,"injuries":0,"propertyDamage":0,"cropDamage":0,"source":"NWS Storm Survey","dataSource":"CSV"}},{"type":"Feature","geometry":{"type":"LineString","coordinates":[[-89.3128,41.6508],[-89.1674,41.7302]]},"properties":{"id":"ncei-2023-1085812","eventId":"1085812","episodeId":"178474","year":2023,"month":3,"date":"2023-03-31","beginTime":"2023-03-31T18:08:00","endTime":"2023-03-31T18:18:00","timezone":"CST-6","state":"IL","stateName":"Illinois","county":"Lee","countyFips":"103","wfo":"LOT","scale":2,"scaleLabel":"EF2","lengthMiles":9.29,"widthYards":350,"deaths":0,"injuries":0,"propertyDamage":0,"cropDamage":0,"source":"NWS Storm Survey","dataSource":"CSV"}},{"type":"Feature","geometry":{"type":"LineString","coordinates":[[-89.2287,41.6381],[-89.1141,41.7106]]},"properties":{"id":"ncei-2023-1085817","eventId":"1085817","episodeId":"178474","year":2023,"month":3,"date":"2023-03-31","beginTime":"2023-03-31T18:13:00","endTime":"2023-03-31T18:21:00","timezone":"CST-6","state":"IL","stateName":"Illinois","county":"Lee","countyFips":"103","wfo":"LOT","scale":1,"scaleLabel":"EF1","lengthMiles":7.75,"widthYards":75,"deaths":0,"injuries":0,"propertyDamage":0,"cropDamage":0,"source":"NWS Storm Survey","dataSource":"CSV"}},{"type":"Feature","geometry":{"type":"LineString","coordinates":[[-101.14,33.94],[-101.1369,33.94]]},"properties":{"id":"ncei-2023-1085821","eventId":"1085821","episodeId":"178515","year":2023,"month":4,"date":"2023-04-25","beginTime":"2023-04-25T20:17:00","endTime":"2023-04-25T20:20:00","timezone":"CST-6","state":"TX","stateName":"Texas","county":"Floyd","countyFips":"153","wfo":"LUB","scale":-1,"scaleLabel":"Unknown","lengthMiles":0.18,"widthYards":30,"deaths":0,"injuries":0,"propertyDamage":0,"cropDamage":0,"source":"Storm Chaser","dataSource":"CSV"}},{"type":"Feature","geometry":{"type":"LineString","coordinates":[[-89.1478,42.0723],[-89.0092,42.1515]]},"properties":{"id":"ncei-2023-1085827","eventId":"1085827","episodeId":"178474","year":2023,"month":3,"date":"2023-03-31","beginTime":"2023-03-31T18:24:00","endTime":"2023-03-31T18:32:00","timezone":"CST-6","state":"IL","stateName":"Illinois","county":"Ogle","countyFips":"141","wfo":"LOT","scale":1,"scaleLabel":"EF1","lengthMiles":8.97,"widthYards":600,"deaths":0,"injuries":0,"propertyDamage":0,"cropDamage":0,"source":"NWS Storm Survey","dataSource":"CSV"}},{"type":"Feature","geometry":{"type":"LineString","coordinates":[[-89.0092,42.1515],[-88.94,42.1924]]},"properties":{"id":"ncei-2023-1085832","eventId":"1085832","episodeId":"178474","year":2023,"month":3,"date":"2023-03-31","beginTime":"2023-03-31T18:32:00","endTime":"2023-03-31T18:37:00","timezone":"CST-6","state":"IL","stateName":"Illinois","county":"Winnebago","countyFips":"201","wfo":"LOT","scale":1,"scaleLabel":"EF1","lengthMiles":4.53,"widthYards":600,"deaths":0,"injuries":0,"propertyDamage":0,"cropDamage":0,"source":"NWS Storm Survey","dataSource":"CSV"}},{"type":"Feature","geometry":{"type":"LineString","coordinates":[[-88.94,42.1924],[-88.7382,42.3296]]},"properties":{"id":"ncei-2023-1085836","eventId":"1085836","episodeId":"178474","year":2023,"month":3,"date":"2023-03-31","beginTime":"2023-03-31T18:37:00","endTime":"2023-03-31T18:50:00","timezone":"CST-6","state":"IL","stateName":"Illinois","county":"Boone","countyFips":"7","wfo":"LOT","scale":1,"scaleLabel":"EF1","lengthMiles":14.01,"widthYards":600,"deaths":1,"injuries":40,"propertyDamage":0,"cropDamage":0,"source":"NWS Storm Survey","dataSource":"CSV"}},{"type":"Feature","geometry":{"type":"LineString","coordinates":[[-89.1053,42.3239],[-89.0033,42.4235]]},"properties":{"id":"ncei-2023-1085839","eventId":"1085839","episodeId":"178474","year":2023,"month":3,"date":"2023-03-31","beginTime":"2023-03-31T18:33:00","endTime":"2023-03-31T18:42:00","timezone":"CST-6","state":"IL","stateName":"Illinois","county":"Winnebago","countyFips":"201","wfo":"LOT","scale":1,"scaleLabel":"EF1","lengthMiles":8.63,"widthYards":300,"deaths":0,"injuries":0,"propertyDamage":0,"cropDamage":0,"source":"NWS Storm Survey","dataSource":"CSV"}},{"type":"Feature","geometry":{"type":"LineString","coordinates":[[-88.9027,42.3489],[-88.7232,42.4932]]},"properties":{"id":"ncei-2023-1085844","eventId":"1085844","episodeId":"178474","year":2023,"month":3,"date":"2023-03-31","beginTime":"2023-03-31T18:44:00","endTime":"2023-03-31T18:57:00","timezone":"CST-6","state":"IL","stateName":"Illinois","county":"Boone","countyFips":"7","wfo":"LOT","scale":1,"scaleLabel":"EF1","lengthMiles":13.54,"widthYards":150,"deaths":0,"injuries":0,"propertyDamage":0,"cropDamage":0,"source":"NWS Storm Survey","dataSource":"CSV"}},{"type":"Feature","geometry":{"type":"LineString","coordinates":[[-88.3913,41.7124],[-88.3587,41.7229]]},"properties":{"id":"ncei-2023-1085846","eventId":"1085846","episodeId":"178474","year":2023,"month":3,"date":"2023-03-31","beginTime":"2023-03-31T18:55:00","endTime":"2023-03-31T18:57:00","timezone":"CST-6","state":"IL","stateName":"Illinois","county":"Kendall","countyFips":"93","wfo":"LOT","scale":0,"scaleLabel":"EF0","lengthMiles":1.83,"widthYards":200,"deaths":0,"injuries":0,"propertyDamage":0,"cropDamage":0,"source":"NWS Storm Survey","dataSource":"CSV"}},{"type":"Feature","geometry":{"type":"LineString","coordinates":[[-88.3587,41.7229],[-88.2884,41.7381]]},"properties":{"id":"ncei-2023-1085848","eventId":"1085848","episodeId":"178474","year":2023,"month":3,"date":"2023-03-31","beginTime":"2023-03-31T18:57:00","endTime":"2023-03-31T19:01:00","timezone":"CST-6","state":"IL","stateName":"Illinois","county":"Kane","countyFips":"89","wfo":"LOT","scale":0,"scaleLabel":"EF0","lengthMiles":3.77,"widthYards":200,"deaths":0,"injuries":0,"propertyDamage":0,"cropDamage":0,"source":"NWS Storm Survey","dataSource":"CSV"}},{"type":"Feature","geometry":{"type":"LineString","coordinates":[[-88.3321,41.8414],[-88.3039,41.8511]]},"properties":{"id":"ncei-2023-1085849","eventId":"1085849","episodeId":"178474","year":2023,"month":3,"date":"2023-03-31","beginTime":"2023-03-31T19:00:00","endTime":"2023-03-31T19:02:00","timezone":"CST-6","state":"IL","stateName":"Illinois","county":"Kane","countyFips":"89","wfo":"LOT","scale":0,"scaleLabel":"EF0","lengthMiles":1.6,"widthYards":225,"deaths":0,"injuries":0,"propertyDamage":0,"cropDamage":0,"source":"NWS Storm Survey","dataSource":"CSV"}},{"type":"Feature","geometry":{"type":"LineString","coordinates":[[-88.3339,41.9149],[-88.3058,41.9268]]},"properties":{"id":"ncei-2023-1085851","eventId":"1085851","episodeId":"178474","year":2023,"month":3,"date":"2023-03-31","beginTime":"2023-03-31T19:01:00","endTime":"2023-03-31T19:03:00","timezone":"CST-6","state":"IL","stateName":"Illinois","county":"Kane","countyFips":"89","wfo":"LOT","scale":0,"scaleLabel":"EF0","lengthMiles":1.66,"widthYards":150,"deaths":0,"injuries":0,"propertyDamage":0,"cropDamage":0,"source":"NWS Storm Survey","dataSource":"CSV"}},{"type":"Feature","geometry":{"type":"LineString","coordinates":[[-88.2935,41.5395],[-88.2551,41.5448]]},"properties":{"id":"ncei-2023-1085855","eventId":"1085855","episodeId":"178474","year":2023,"month":3,"date":"2023-03-31","beginTime":"2023-03-31T19:03:00","endTime":"2023-03-31T19:05:00","timezone":"CST-6","state":"IL","stateName":"Illinois","county":"Kendall","countyFips":"93","wfo":"LOT","scale":0,"scaleLabel":"EF0","lengthMiles":2.02,"widthYards":250,"deaths":0,"injuries":0,"propertyDamage":0,"cropDamage":0,"source":"NWS Storm Survey","dataSource":"CSV"}},{"type":"Feature","geometry":{"type":"LineString","coordinates":[[-88.2551,41.5448],[-88.2051,41.5562]]},"properties":{"id":"ncei-2023-1085858","eventId":"1085858","episodeId":"178474","year":2023,"month":3,"date":"2023-03-31","beginTime":"2023-03-31T19:05:00","endTime":"2023-03-31T19:08:00","timezone":"CST-6","state":"IL","stateName":"Illinois","county":"Will","countyFips":"197","wfo":"LOT","scale":0,"scaleLabel":"EF0","lengthMiles":2.7,"widthYards":250,"deaths":0,"injuries":0,"propertyDamage":0,"cropDamage":0,"source":"NWS Storm Survey","dataSource":"CSV"}},{"type":"Feature","geometry":{"type":"LineString","coordinates":[[-88.2351,41.6366],[-88.2051,41.641]]},"properties":{"id":"ncei-2023-1085863","eventId":"1085863","episodeId":"178474","year":2023,"month":3,"date":"2023-03-31","beginTime":"2023-03-31T19:05:00","endTime":"2023-03-31T19:07:00","timezone":"CST-6","state":"IL","stateName":"Illinois","county":"Will","countyFips":"197","wfo":"LOT","scale":0,"scaleLabel":"EF0","lengthMiles":1.58,"widthYards":125,"deaths":0,"injuries":0,"propertyDamage":0,"cropDamage":0,"source":"NWS Storm Survey","dataSource":"CSV"}},{"type":"Feature","geometry":{"type":"LineString","coordinates":[[-88.0178,41.9072],[-87.9935,41.9209]]},"properties":{"id":"ncei-2023-1085882","eventId":"1085882","episodeId":"178474","year":2023,"month":3,"date":"2023-03-31","beginTime":"2023-03-31T19:17:00","endTime":"2023-03-31T19:19:00","timezone":"CST-6","state":"IL","stateName":"Illinois","county":"Du Page","countyFips":"43","wfo":"LOT","scale":1,"scaleLabel":"EF1","lengthMiles":1.57,"widthYards":175,"deaths":0,"injuries":0,"propertyDamage":0,"cropDamage":0,"source":"NWS Storm Survey","dataSource":"CSV"}},{"type":"Feature","geometry":{"type":"LineString","coordinates":[[-87.6122,40.572],[-87.5363,40.6117]]},"properties":{"id":"ncei-2023-1085899","eventId":"1085899","episodeId":"178474","year":2023,"month":3,"date":"2023-03-31","beginTime":"2023-03-31T19:20:00","endTime":"2023-03-31T19:24:00","timezone":"CST-6","state":"IL","stateName":"Illinois","county":"Iroquois","countyFips":"75","wfo":"LOT","scale":1,"scaleLabel":"EF1","lengthMiles":4.84,"widthYards":300,"deaths":0,"injuries":0,"propertyDamage":0,"cropDamage":0,"source":"NWS Storm Survey","dataSource":"CSV"}},{"type":"Feature","geometry":{"type":"LineString","coordinates":[[-87.3237,40.578],[-87.1686,40.6962]]},"properties":{"id":"ncei-2023-1085924","eventId":"1085924","episodeId":"178476","year":2023,"month":3,"date":"2023-03-31","beginTime":"2023-03-31T20:33:00","endTime":"2023-03-31T20:42:00","timezone":"EST-5","state":"IN","stateName":"Indiana","county":"Benton","countyFips":"7","wfo":"LOT","scale":2,"scaleLabel":"EF2","lengthMiles":11.53,"widthYards":400,"deaths":0,"injuries":0,"propertyDamage":0,"cropDamage":0,"source":"NWS Storm Survey","dataSource":"CSV"}},{"type":"Feature","geometry":{"type":"LineString","coordinates":[[-91.268,42.646],[-91.252,42.659]]},"properties":{"id":"ncei-2023-1085969","eventId":"1085969","episodeId":"178526","year":2023,"month":3,"date":"2023-03-31","beginTime":"2023-03-31T16:45:00","endTime":"2023-03-31T16:47:00","timezone":"CST-6","state":"IA","stateName":"Iowa","county":"Clayton","countyFips":"43","wfo":"ARX","scale":0,"scaleLabel":"EF0","lengthMiles":1.21,"widthYards":90,"deaths":0,"injuries":0,"propertyDamage":0,"cropDamage":0,"source":"NWS Storm Survey","dataSource":"CSV"}},{"type":"Feature","geometry":{"type":"LineString","coordinates":[[-90.7,36.954],[-90.696,36.955]]},"properties":{"id":"ncei-2023-1085986","eventId":"1085986","episodeId":"178534","year":2023,"month":4,"date":"2023-04-05","beginTime":"2023-04-05T01:48:00","endTime":"2023-04-05T01:49:00","timezone":"CST-6","state":"MO","stateName":"Missouri","county":"Carter","countyFips":"35","wfo":"PAH","scale":0,"scaleLabel":"EF0","lengthMiles":0.23,"widthYards":50,"deaths":0,"injuries":0,"propertyDamage":10000,"cropDamage":0,"source":"Park/Forest Service","dataSource":"CSV"}},{"type":"Feature","geometry":{"type":"LineString","coordinates":[[-90.696,36.955],[-90.6,37]]},"properties":{"id":"ncei-2023-1085990","eventId":"1085990","episodeId":"178534","year":2023,"month":4,"date":"2023-04-05","beginTime":"2023-04-05T01:49:00","endTime":"2023-04-05T01:56:00","timezone":"CST-6","state":"MO","stateName":"Missouri","county":"Wayne","countyFips":"223","wfo":"PAH","scale":1,"scaleLabel":"EF1","lengthMiles":6.14,"widthYards":300,"deaths":0,"injuries":0,"propertyDamage":200000,"cropDamage":0,"source":"NWS Storm Survey","dataSource":"CSV"}},{"type":"Feature","geometry":{"type":"LineString","coordinates":[[-90.14,37.25],[-89.86,37.43]]},"properties":{"id":"ncei-2023-1086003","eventId":"1086003","episodeId":"178534","year":2023,"month":4,"date":"2023-04-05","beginTime":"2023-04-05T02:30:00","endTime":"2023-04-05T02:56:00","timezone":"CST-6","state":"MO","stateName":"Missouri","county":"Bollinger","countyFips":"17","wfo":"PAH","scale":2,"scaleLabel":"EF2","lengthMiles":19.78,"widthYards":150,"deaths":5,"injuries":4,"propertyDamage":2000000,"cropDamage":0,"source":"NWS Storm Survey","dataSource":"CSV"}},{"type":"Feature","geometry":{"type":"LineString","coordinates":[[-89.85,37.44],[-89.86,37.43]]},"properties":{"id":"ncei-2023-1086007","eventId":"1086007","episodeId":"178534","year":2023,"month":4,"date":"2023-04-05","beginTime":"2023-04-05T02:56:00","endTime":"2023-04-05T02:57:00","timezone":"CST-6","state":"MO","stateName":"Missouri","county":"Cape Girardeau","countyFips":"31","wfo":"PAH","scale":1,"scaleLabel":"EF1","lengthMiles":0.88,"widthYards":50,"deaths":0,"injuries":0,"propertyDamage":2000,"cropDamage":0,"source":"NWS Storm Survey","dataSource":"CSV"}},{"type":"Feature","geometry":{"type":"LineString","coordinates":[[-88.93,36.99],[-88.92,36.99]]},"properties":{"id":"ncei-2023-1086045","eventId":"1086045","episodeId":"178541","year":2023,"month":4,"date":"2023-04-05","beginTime":"2023-04-05T12:26:00","endTime":"2023-04-05T12:27:00","timezone":"CST-6","state":"KY","stateName":"Kentucky","county":"Ballard","countyFips":"7","wfo":"PAH","scale":1,"scaleLabel":"EF1","lengthMiles":0.55,"widthYards":25,"deaths":0,"injuries":0,"propertyDamage":25000,"cropDamage":0,"source":"NWS Storm Survey","dataSource":"CSV"}},{"type":"Feature","geometry":{"type":"LineString","coordinates":[[-88.38,36.63],[-88.29,36.66]]},"properties":{"id":"ncei-2023-1086051","eventId":"1086051","episodeId":"178541","year":2023,"month":4,"date":"2023-04-05","beginTime":"2023-04-05T13:02:00","endTime":"2023-04-05T13:07:00","timezone":"CST-6","state":"KY","stateName":"Kentucky","county":"Calloway","countyFips":"35","wfo":"PAH","scale":0,"scaleLabel":"EF0","lengthMiles":5.4,"widthYards":50,"deaths":0,"injuries":0,"propertyDamage":100000,"cropDamage":0,"source":"NWS Storm Survey","dataSource":"CSV"}},{"type":"Feature","geometry":{"type":"LineString","coordinates":[[-87.09,37.97],[-87.04,37.99]]},"properties":{"id":"ncei-2023-1086059","eventId":"1086059","episodeId":"178543","year":2023,"month":4,"date":"2023-04-05","beginTime":"2023-04-05T13:42:00","endTime":"2023-04-05T13:46:00","timezone":"CST-6","state":"IN","stateName":"Indiana","county":"Spencer","countyFips":"147","wfo":"PAH","scale":0,"scaleLabel":"EF0","lengthMiles":3.05,"widthYards":25,"deaths":0,"injuries":0,"propertyDamage":25000,"cropDamage":0,"source":"NWS Storm Survey","dataSource":"CSV"}},{"type":"Feature","geometry":{"type":"LineString","coordinates":[[-87.8226,40.4873],[-87.6778,40.5489]]},"properties":{"id":"ncei-2023-1086078","eventId":"1086078","episodeId":"178474","year":2023,"month":3,"date":"2023-03-31","beginTime":"2023-03-31T19:04:00","endTime":"2023-03-31T19:15:00","timezone":"CST-6","state":"IL","stateName":"Illinois","county":"Iroquois","countyFips":"75","wfo":"LOT","scale":1,"scaleLabel":"EF1","lengthMiles":8.72,"widthYards":300,"deaths":0,"injuries":0,"propertyDamage":0,"cropDamage":0,"source":"NWS Storm Survey","dataSource":"CSV"}},{"type":"Feature","geometry":{"type":"LineString","coordinates":[[-89.6315,41.5955],[-89.5229,41.6287]]},"properties":{"id":"ncei-2023-1086079","eventId":"1086079","episodeId":"178474","year":2023,"month":3,"date":"2023-03-31","beginTime":"2023-03-31T17:55:00","endTime":"2023-03-31T18:01:00","timezone":"CST-6","state":"IL","stateName":"Illinois","county":"Lee","countyFips":"103","wfo":"LOT","scale":1,"scaleLabel":"EF1","lengthMiles":6.06,"widthYards":150,"deaths":0,"injuries":0,"propertyDamage":0,"cropDamage":0,"source":"NWS Storm Survey","dataSource":"CSV"}},{"type":"Feature","geometry":{"type":"LineString","coordinates":[[-89.6865,42.1301],[-89.6463,42.2001]]},"properties":{"id":"ncei-2023-1086080","eventId":"1086080","episodeId":"178474","year":2023,"month":3,"date":"2023-03-31","beginTime":"2023-03-31T17:56:00","endTime":"2023-03-31T18:01:00","timezone":"CST-6","state":"IL","stateName":"Illinois","county":"Ogle","countyFips":"141","wfo":"LOT","scale":1,"scaleLabel":"EF1","lengthMiles":5.26,"widthYards":200,"deaths":0,"injuries":0,"propertyDamage":0,"cropDamage":0,"source":"NWS Storm Survey","dataSource":"CSV"}},{"type":"Feature","geometry":{"type":"LineString","coordinates":[[-87.2775,40.7125],[-87.1748,40.7367]]},"properties":{"id":"ncei-2023-1086094","eventId":"1086094","episodeId":"178476","year":2023,"month":3,"date":"2023-03-31","beginTime":"2023-03-31T20:41:00","endTime":"2023-03-31T20:46:00","timezone":"EST-5","state":"IN","stateName":"Indiana","county":"Benton","countyFips":"7","wfo":"LOT","scale":1,"scaleLabel":"EF1","lengthMiles":5.63,"widthYards":500,"deaths":0,"injuries":0,"propertyDamage":0,"cropDamage":0,"source":"NWS Storm Survey","dataSource":"CSV"}},{"type":"Feature","geometry":{"type":"LineString","coordinates":[[-87.1748,40.7367],[-87.0993,40.7705]]},"properties":{"id":"ncei-2023-1086095","eventId":"1086095","episodeId":"178476","year":2023,"month":3,"date":"2023-03-31","beginTime":"2023-03-31T19:46:00","endTime":"2023-03-31T19:50:00","timezone":"CST-6","state":"IN","stateName":"Indiana","county":"Jasper","countyFips":"73","wfo":"LOT","scale":1,"scaleLabel":"EF1","lengthMiles":4.59,"widthYards":500,"deaths":0,"injuries":0,"propertyDamage":0,"cropDamage":0,"source":"NWS Storm Survey","dataSource":"CSV"}},{"type":"Feature","geometry":{"type":"LineString","coordinates":[[-87.283,40.533],[-87.0961,40.5898]]},"properties":{"id":"ncei-2023-1086099","eventId":"1086099","episodeId":"178476","year":2023,"month":3,"date":"2023-03-31","beginTime":"2023-03-31T20:33:00","endTime":"2023-03-31T20:44:00","timezone":"EST-5","state":"IN","stateName":"Indiana","county":"Benton","countyFips":"7","wfo":"LOT","scale":2,"scaleLabel":"EF2","lengthMiles":10.57,"widthYards":500,"deaths":0,"injuries":0,"propertyDamage":0,"cropDamage":0,"source":"NWS Storm Survey","dataSource":"CSV"}},{"type":"Feature","geometry":{"type":"LineString","coordinates":[[-87.3562,41.4779],[-87.2945,41.4843]]},"properties":{"id":"ncei-2023-1086116","eventId":"1086116","episodeId":"178476","year":2023,"month":3,"date":"2023-03-31","beginTime":"2023-03-31T19:53:00","endTime":"2023-03-31T19:56:00","timezone":"CST-6","state":"IN","stateName":"Indiana","county":"Lake","countyFips":"89","wfo":"LOT","scale":1,"scaleLabel":"EF1","lengthMiles":3.22,"widthYards":325,"deaths":0,"injuries":0,"propertyDamage":0,"cropDamage":0,"source":"NWS Storm Survey","dataSource":"CSV"}},{"type":"Feature","geometry":{"type":"LineString","coordinates":[[-87.1956,41.4853],[-87.1846,41.4819]]},"properties":{"id":"ncei-2023-1086119","eventId":"1086119","episodeId":"178476","year":2023,"month":3,"date":"2023-03-31","beginTime":"2023-03-31T20:01:00","endTime":"2023-03-31T20:02:00","timezone":"CST-6","state":"IN","stateName":"Indiana","county":"Porter","countyFips":"127","wfo":"LOT","scale":0,"scaleLabel":"EF0","lengthMiles":0.62,"widthYards":125,"deaths":0,"injuries":0,"propertyDamage":0,"cropDamage":0,"source":"NWS Storm Survey","dataSource":"CSV"}},{"type":"Feature","geometry":{"type":"LineString","coordinates":[[-88.3913,34.3987],[-88.3616,34.4206]]},"properties":{"id":"ncei-2023-1086140","eventId":"1086140","episodeId":"178548","year":2023,"month":3,"date":"2023-03-03","beginTime":"2023-03-03T09:30:00","endTime":"2023-03-03T09:33:00","timezone":"CST-6","state":"MS","stateName":"Mississippi","county":"Itawamba","countyFips":"57","wfo":"MEG","scale":1,"scaleLabel":"EF1","lengthMiles":2.27,"widthYards":125,"deaths":0,"injuries":0,"propertyDamage":75000,"cropDamage":0,"source":"NWS Storm Survey","dataSource":"CSV"}},{"type":"Feature","geometry":{"type":"LineString","coordinates":[[-97.5212,39.3259],[-97.4913,39.3278]]},"properties":{"id":"ncei-2023-1086222","eventId":"1086222","episodeId":"178560","year":2023,"month":5,"date":"2023-05-09","beginTime":"2023-05-09T11:56:00","endTime":"2023-05-09T11:58:00","timezone":"CST-6","state":"KS","stateName":"Kansas","county":"Cloud","countyFips":"29","wfo":"TOP","scale":-1,"scaleLabel":"Unknown","lengthMiles":1.6,"widthYards":30,"deaths":0,"injuries":0,"propertyDamage":0,"cropDamage":0,"source":"Storm Chaser","dataSource":"CSV"}},{"type":"Feature","geometry":{"type":"LineString","coordinates":[[-97.2673,39.2725],[-97.232,39.2775]]},"properties":{"id":"ncei-2023-1086229","eventId":"1086229","episodeId":"178560","year":2023,"month":5,"date":"2023-05-09","beginTime":"2023-05-09T12:24:00","endTime":"2023-05-09T12:25:00","timezone":"CST-6","state":"KS","stateName":"Kansas","county":"Clay","countyFips":"27","wfo":"TOP","scale":-1,"scaleLabel":"Unknown","lengthMiles":1.92,"widthYards":30,"deaths":0,"injuries":0,"propertyDamage":0,"cropDamage":0,"source":"Storm Chaser","dataSource":"CSV"}},{"type":"Feature","geometry":{"type":"LineString","coordinates":[[-87.6553,34.8086],[-87.6226,34.856]]},"properties":{"id":"ncei-2023-1086258","eventId":"1086258","episodeId":"177309","year":2023,"month":3,"date":"2023-03-24","beginTime":"2023-03-24T21:54:00","endTime":"2023-03-24T22:02:00","timezone":"CST-6","state":"AL","stateName":"Alabama","county":"Lauderdale","countyFips":"77","wfo":"HUN","scale":2,"scaleLabel":"EF2","lengthMiles":3.82,"widthYards":300,"deaths":0,"injuries":0,"propertyDamage":3900000,"cropDamage":0,"source":"NWS Storm Survey","dataSource":"CSV"}},{"type":"Feature","geometry":{"type":"LineString","coordinates":[[-87.2904,34.9685],[-87.2244,34.988]]},"properties":{"id":"ncei-2023-1086259","eventId":"1086259","episodeId":"177309","year":2023,"month":3,"date":"2023-03-24","beginTime":"2023-03-24T22:14:00","endTime":"2023-03-24T22:18:00","timezone":"CST-6","state":"AL","stateName":"Alabama","county":"Lauderdale","countyFips":"77","wfo":"HUN","scale":1,"scaleLabel":"EF1","lengthMiles":4.07,"widthYards":120,"deaths":0,"injuries":0,"propertyDamage":0,"cropDamage":0,"source":"NWS Storm Survey","dataSource":"CSV"}},{"type":"Feature","geometry":{"type":"LineString","coordinates":[[-86.5794,35.1454],[-86.5115,35.1497]]},"properties":{"id":"ncei-2023-1086260","eventId":"1086260","episodeId":"177310","year":2023,"month":3,"date":"2023-03-24","beginTime":"2023-03-24T22:59:00","endTime":"2023-03-24T23:05:00","timezone":"CST-6","state":"TN","stateName":"Tennessee","county":"Lincoln","countyFips":"103","wfo":"HUN","scale":2,"scaleLabel":"EF2","lengthMiles":3.96,"widthYards":300,"deaths":0,"injuries":0,"propertyDamage":0,"cropDamage":0,"source":"NWS Storm Survey","dataSource":"CSV"}},{"type":"Feature","geometry":{"type":"LineString","coordinates":[[-87.473,34.34],[-87.4253,34.3445]]},"properties":{"id":"ncei-2023-1086261","eventId":"1086261","episodeId":"177309","year":2023,"month":3,"date":"2023-03-24","beginTime":"2023-03-24T23:00:00","endTime":"2023-03-24T23:06:00","timezone":"CST-6","state":"AL","stateName":"Alabama","county":"Lawrence","countyFips":"79","wfo":"HUN","scale":1,"scaleLabel":"EF1","lengthMiles":2.76,"widthYards":130,"deaths":0,"injuries":0,"propertyDamage":0,"cropDamage":0,"source":"Park/Forest Service","dataSource":"CSV"}},{"type":"Feature","geometry":{"type":"LineString","coordinates":[[-87.1348,34.4016],[-87.11,34.41]]},"properties":{"id":"ncei-2023-1086262","eventId":"1086262","episodeId":"177309","year":2023,"month":3,"date":"2023-03-24","beginTime":"2023-03-24T23:23:00","endTime":"2023-03-24T23:24:00","timezone":"CST-6","state":"AL","stateName":"Alabama","county":"Lawrence","countyFips":"79","wfo":"HUN","scale":0,"scaleLabel":"EF0","lengthMiles":1.53,"widthYards":60,"deaths":0,"injuries":0,"propertyDamage":0,"cropDamage":0,"source":"NWS Storm Survey","dataSource":"CSV"}},{"type":"Feature","geometry":{"type":"LineString","coordinates":[[-87.11,34.41],[-86.9139,34.4647]]},"properties":{"id":"ncei-2023-1086263","eventId":"1086263","episodeId":"177309","year":2023,"month":3,"date":"2023-03-24","beginTime":"2023-03-24T23:24:00","endTime":"2023-03-24T23:29:00","timezone":"CST-6","state":"AL","stateName":"Alabama","county":"Morgan","countyFips":"103","wfo":"HUN","scale":2,"scaleLabel":"EF2","lengthMiles":12,"widthYards":175,"deaths":1,"injuries":0,"propertyDamage":0,"cropDamage":0,"source":"NWS Storm Survey","dataSource":"CSV"}},{"type":"Feature","geometry":{"type":"LineString","coordinates":[[-86.1708,35.2258],[-85.9125,35.2803]]},"properties":{"id":"ncei-2023-1086264","eventId":"1086264","episodeId":"177310","year":2023,"month":3,"date":"2023-03-24","beginTime":"2023-03-24T23:24:00","endTime":"2023-03-24T23:39:00","timezone":"CST-6","state":"TN","stateName":"Tennessee","county":"Franklin","countyFips":"51","wfo":"HUN","scale":1,"scaleLabel":"EF1","lengthMiles":15.26,"widthYards":240,"deaths":0,"injuries":0,"propertyDamage":0,"cropDamage":0,"source":"NWS Storm Survey","dataSource":"CSV"}},{"type":"Feature","geometry":{"type":"LineString","coordinates":[[-86.8713,34.367],[-86.7987,34.406]]},"properties":{"id":"ncei-2023-1086265","eventId":"1086265","episodeId":"177309","year":2023,"month":3,"date":"2023-03-24","beginTime":"2023-03-24T23:33:00","endTime":"2023-03-24T23:36:00","timezone":"CST-6","state":"AL","stateName":"Alabama","county":"Morgan","countyFips":"103","wfo":"HUN","scale":2,"scaleLabel":"EF2","lengthMiles":4.94,"widthYards":125,"deaths":0,"injuries":0,"propertyDamage":0,"cropDamage":0,"source":"NWS Storm Survey","dataSource":"CSV"}},{"type":"Feature","geometry":{"type":"LineString","coordinates":[[-86.6003,34.4758],[-86.5642,34.479]]},"properties":{"id":"ncei-2023-1086266","eventId":"1086266","episodeId":"177309","year":2023,"month":3,"date":"2023-03-24","beginTime":"2023-03-24T23:47:00","endTime":"2023-03-24T23:50:00","timezone":"CST-6","state":"AL","stateName":"Alabama","county":"Morgan","countyFips":"103","wfo":"HUN","scale":1,"scaleLabel":"EF1","lengthMiles":2.09,"widthYards":325,"deaths":0,"injuries":0,"propertyDamage":0,"cropDamage":0,"source":"NWS Storm Survey","dataSource":"CSV"}},{"type":"Feature","geometry":{"type":"LineString","coordinates":[[-85.7393,34.7856],[-85.636,34.794]]},"properties":{"id":"ncei-2023-1086284","eventId":"1086284","episodeId":"177309","year":2023,"month":3,"date":"2023-03-25","beginTime":"2023-03-25T00:28:00","endTime":"2023-03-25T00:33:00","timezone":"CST-6","state":"AL","stateName":"Alabama","county":"Jackson","countyFips":"71","wfo":"HUN","scale":1,"scaleLabel":"EF1","lengthMiles":5.89,"widthYards":250,"deaths":0,"injuries":0,"propertyDamage":5500000,"cropDamage":0,"source":"NWS Storm Survey","dataSource":"CSV"}},{"type":"Feature","geometry":{"type":"LineString","coordinates":[[-86.5572,40.815],[-86.5305,40.8289]]},"properties":{"id":"ncei-2023-1086285","eventId":"1086285","episodeId":"177975","year":2023,"month":3,"date":"2023-03-31","beginTime":"2023-03-31T21:13:00","endTime":"2023-03-31T21:16:00","timezone":"EST-5","state":"IN","stateName":"Indiana","county":"Cass","countyFips":"17","wfo":"IWX","scale":1,"scaleLabel":"EF1","lengthMiles":1.73,"widthYards":300,"deaths":0,"injuries":0,"propertyDamage":0,"cropDamage":0,"source":"NWS Storm Survey","dataSource":"CSV"}},{"type":"Feature","geometry":{"type":"LineString","coordinates":[[-85.636,34.794],[-85.5916,34.7939]]},"properties":{"id":"ncei-2023-1086287","eventId":"1086287","episodeId":"177309","year":2023,"month":3,"date":"2023-03-25","beginTime":"2023-03-25T00:33:00","endTime":"2023-03-25T00:36:00","timezone":"CST-6","state":"AL","stateName":"Alabama","county":"Dekalb","countyFips":"49","wfo":"HUN","scale":0,"scaleLabel":"EF0","lengthMiles":2.62,"widthYards":250,"deaths":0,"injuries":0,"propertyDamage":0,"cropDamage":0,"source":"NWS Storm Survey","dataSource":"CSV"}},{"type":"Feature","geometry":{"type":"LineString","coordinates":[[-85.0286,41.109],[-84.9194,41.1844]]},"properties":{"id":"ncei-2023-1086290","eventId":"1086290","episodeId":"177975","year":2023,"month":3,"date":"2023-03-31","beginTime":"2023-03-31T22:36:00","endTime":"2023-03-31T22:43:00","timezone":"EST-5","state":"IN","stateName":"Indiana","county":"Allen","countyFips":"3","wfo":"IWX","scale":2,"scaleLabel":"EF2","lengthMiles":7.86,"widthYards":400,"deaths":0,"injuries":0,"propertyDamage":0,"cropDamage":0,"source":"NWS Storm Survey","dataSource":"CSV"}},{"type":"Feature","geometry":{"type":"LineString","coordinates":[[-84.9,41.1961],[-84.8799,41.2028]]},"properties":{"id":"ncei-2023-1086292","eventId":"1086292","episodeId":"177975","year":2023,"month":3,"date":"2023-03-31","beginTime":"2023-03-31T22:44:00","endTime":"2023-03-31T22:45:00","timezone":"EST-5","state":"IN","stateName":"Indiana","county":"Allen","countyFips":"3","wfo":"IWX","scale":0,"scaleLabel":"EF0","lengthMiles":1.14,"widthYards":75,"deaths":0,"injuries":0,"propertyDamage":0,"cropDamage":0,"source":"NWS Storm Survey","dataSource":"CSV"}},{"type":"Feature","geometry":{"type":"LineString","coordinates":[[-86.8893,40.7151],[-86.8847,40.733]]},"properties":{"id":"ncei-2023-1086294","eventId":"1086294","episodeId":"177975","year":2023,"month":3,"date":"2023-03-31","beginTime":"2023-03-31T20:55:00","endTime":"2023-03-31T20:58:00","timezone":"EST-5","state":"IN","stateName":"Indiana","county":"White","countyFips":"181","wfo":"IWX","scale":0,"scaleLabel":"EF0","lengthMiles":1.29,"widthYards":125,"deaths":0,"injuries":0,"propertyDamage":0,"cropDamage":0,"source":"NWS Storm Survey","dataSource":"CSV"}},{"type":"Feature","geometry":{"type":"LineString","coordinates":[[-87.0961,40.5898],[-87.0238,40.6271]]},"properties":{"id":"ncei-2023-1086295","eventId":"1086295","episodeId":"177975","year":2023,"month":3,"date":"2023-03-31","beginTime":"2023-03-31T20:44:00","endTime":"2023-03-31T20:47:00","timezone":"EST-5","state":"IN","stateName":"Indiana","county":"White","countyFips":"181","wfo":"IWX","scale":2,"scaleLabel":"EF2","lengthMiles":4.59,"widthYards":400,"deaths":0,"injuries":0,"propertyDamage":0,"cropDamage":0,"source":"NWS Storm Survey","dataSource":"CSV"}},{"type":"Feature","geometry":{"type":"LineString","coordinates":[[-85.8434,40.5062],[-85.7849,40.5053]]},"properties":{"id":"ncei-2023-1086299","eventId":"1086299","episodeId":"177975","year":2023,"month":3,"date":"2023-03-31","beginTime":"2023-03-31T22:33:00","endTime":"2023-03-31T22:38:00","timezone":"EST-5","state":"IN","stateName":"Indiana","county":"Grant","countyFips":"53","wfo":"IWX","scale":2,"scaleLabel":"EF2","lengthMiles":3.09,"widthYards":150,"deaths":0,"injuries":0,"propertyDamage":0,"cropDamage":0,"source":"NWS Storm Survey","dataSource":"CSV"}},{"type":"Feature","geometry":{"type":"LineString","coordinates":[[-85.5929,40.4811],[-85.4991,40.5368]]},"properties":{"id":"ncei-2023-1086301","eventId":"1086301","episodeId":"177975","year":2023,"month":3,"date":"2023-03-31","beginTime":"2023-03-31T22:42:00","endTime":"2023-03-31T22:47:00","timezone":"EST-5","state":"IN","stateName":"Indiana","county":"Grant","countyFips":"53","wfo":"IWX","scale":3,"scaleLabel":"EF3","lengthMiles":6.35,"widthYards":200,"deaths":0,"injuries":0,"propertyDamage":0,"cropDamage":0,"source":"NWS Storm Survey","dataSource":"CSV"}},{"type":"Feature","geometry":{"type":"LineString","coordinates":[[-84.9436,40.4677],[-84.9031,40.4851]]},"properties":{"id":"ncei-2023-1086302","eventId":"1086302","episodeId":"177975","year":2023,"month":3,"date":"2023-03-31","beginTime":"2023-03-31T23:20:00","endTime":"2023-03-31T23:23:00","timezone":"EST-5","state":"IN","stateName":"Indiana","county":"Jay","countyFips":"75","wfo":"IWX","scale":0,"scaleLabel":"EF0","lengthMiles":2.44,"widthYards":100,"deaths":0,"injuries":0,"propertyDamage":0,"cropDamage":0,"source":"NWS Storm Survey","dataSource":"CSV"}},{"type":"Feature","geometry":{"type":"LineString","coordinates":[[-84.6876,41.2016],[-84.6855,41.2129]]},"properties":{"id":"ncei-2023-1086304","eventId":"1086304","episodeId":"178561","year":2023,"month":3,"date":"2023-03-31","beginTime":"2023-03-31T22:53:00","endTime":"2023-03-31T22:55:00","timezone":"EST-5","state":"OH","stateName":"Ohio","county":"Paulding","countyFips":"125","wfo":"IWX","scale":0,"scaleLabel":"EF0","lengthMiles":0.82,"widthYards":150,"deaths":0,"injuries":0,"propertyDamage":30000,"cropDamage":0,"source":"NWS Storm Survey","dataSource":"CSV"}},{"type":"Feature","geometry":{"type":"LineString","coordinates":[[-83.9851,40.7593],[-83.9707,40.7624]]},"properties":{"id":"ncei-2023-1086305","eventId":"1086305","episodeId":"178562","year":2023,"month":4,"date":"2023-04-01","beginTime":"2023-04-01T00:02:00","endTime":"2023-04-01T00:06:00","timezone":"EST-5","state":"OH","stateName":"Ohio","county":"Allen","countyFips":"3","wfo":"IWX","scale":0,"scaleLabel":"EF0","lengthMiles":0.78,"widthYards":75,"deaths":0,"injuries":0,"propertyDamage":0,"cropDamage":0,"source":"NWS Storm Survey","dataSource":"CSV"}},{"type":"Feature","geometry":{"type":"LineString","coordinates":[[-83.9895,40.6579],[-83.9851,40.6583]]},"properties":{"id":"ncei-2023-1086306","eventId":"1086306","episodeId":"178562","year":2023,"month":4,"date":"2023-04-01","beginTime":"2023-04-01T00:04:00","endTime":"2023-04-01T00:05:00","timezone":"EST-5","state":"OH","stateName":"Ohio","county":"Allen","countyFips":"3","wfo":"IWX","scale":0,"scaleLabel":"EF0","lengthMiles":0.23,"widthYards":50,"deaths":0,"injuries":0,"propertyDamage":10000,"cropDamage":0,"source":"NWS Storm Survey","dataSource":"CSV"}},{"type":"Feature","geometry":{"type":"LineString","coordinates":[[-84.0036,40.6594],[-83.9921,40.6616]]},"properties":{"id":"ncei-2023-1086307","eventId":"1086307","episodeId":"178562","year":2023,"month":4,"date":"2023-04-01","beginTime":"2023-04-01T00:03:00","endTime":"2023-04-01T00:04:00","timezone":"EST-5","state":"OH","stateName":"Ohio","county":"Allen","countyFips":"3","wfo":"IWX","scale":0,"scaleLabel":"EF0","lengthMiles":0.62,"widthYards":50,"deaths":0,"injuries":0,"propertyDamage":20000,"cropDamage":0,"source":"NWS Storm Survey","dataSource":"CSV"}},{"type":"Feature","geometry":{"type":"LineString","coordinates":[[-124.0016,39.9844],[-124.0016,39.9844]]},"properties":{"id":"ncei-2023-1086339","eventId":"1086339","episodeId":"178544","year":2023,"month":2,"date":"2023-02-27","beginTime":"2023-02-27T12:24:00","endTime":"2023-02-27T12:25:00","timezone":"PST-8","state":"CA","stateName":"California","county":"Mendocino","countyFips":"45","wfo":"EKA","scale":-1,"scaleLabel":"Unknown","lengthMiles":0.1,"widthYards":10,"deaths":0,"injuries":0,"propertyDamage":0,"cropDamage":0,"source":"Broadcast Media","dataSource":"CSV"}},{"type":"Feature","geometry":{"type":"LineString","coordinates":[[-89.9733,42.0489],[-89.9588,42.0581]]},"properties":{"id":"ncei-2023-1086457","eventId":"1086457","episodeId":"178105","year":2023,"month":3,"date":"2023-03-31","beginTime":"2023-03-31T17:39:00","endTime":"2023-03-31T17:42:00","timezone":"CST-6","state":"IL","stateName":"Illinois","county":"Carroll","countyFips":"15","wfo":"DVN","scale":1,"scaleLabel":"EF1","lengthMiles":0.98,"widthYards":50,"deaths":0,"injuries":0,"propertyDamage":0,"cropDamage":0,"source":"NWS Storm Survey","dataSource":"CSV"}},{"type":"Feature","geometry":{"type":"LineString","coordinates":[[-90.23,41.42],[-90.17,41.45]]},"properties":{"id":"ncei-2023-1086458","eventId":"1086458","episodeId":"178105","year":2023,"month":3,"date":"2023-03-31","beginTime":"2023-03-31T17:24:00","endTime":"2023-03-31T17:28:00","timezone":"CST-6","state":"IL","stateName":"Illinois","county":"Henry","countyFips":"73","wfo":"DVN","scale":2,"scaleLabel":"EF2","lengthMiles":3.55,"widthYards":300,"deaths":0,"injuries":0,"propertyDamage":0,"cropDamage":0,"source":"NWS Storm Survey","dataSource":"CSV"}},{"type":"Feature","geometry":{"type":"LineString","coordinates":[[-90.0584,41.475],[-90.0014,41.486]]},"properties":{"id":"ncei-2023-1086459","eventId":"1086459","episodeId":"178105","year":2023,"month":3,"date":"2023-03-31","beginTime":"2023-03-31T17:33:00","endTime":"2023-03-31T17:37:00","timezone":"CST-6","state":"IL","stateName":"Illinois","county":"Henry","countyFips":"73","wfo":"DVN","scale":2,"scaleLabel":"EF2","lengthMiles":3.05,"widthYards":200,"deaths":0,"injuries":0,"propertyDamage":0,"cropDamage":0,"source":"NWS Storm Survey","dataSource":"CSV"}},{"type":"Feature","geometry":{"type":"LineString","coordinates":[[-90.02,41.23],[-89.9,41.27]]},"properties":{"id":"ncei-2023-1086460","eventId":"1086460","episodeId":"178105","year":2023,"month":3,"date":"2023-03-31","beginTime":"2023-03-31T17:37:00","endTime":"2023-03-31T17:43:00","timezone":"CST-6","state":"IL","stateName":"Illinois","county":"Henry","countyFips":"73","wfo":"DVN","scale":2,"scaleLabel":"EF2","lengthMiles":6.82,"widthYards":650,"deaths":0,"injuries":0,"propertyDamage":0,"cropDamage":0,"source":"NWS Storm Survey","dataSource":"CSV"}},{"type":"Feature","geometry":{"type":"LineString","coordinates":[[-90,41.46],[-89.859,41.518]]},"properties":{"id":"ncei-2023-1086465","eventId":"1086465","episodeId":"178105","year":2023,"month":3,"date":"2023-03-31","beginTime":"2023-03-31T17:36:00","endTime":"2023-03-31T17:46:00","timezone":"CST-6","state":"IL","stateName":"Illinois","county":"Henry","countyFips":"73","wfo":"DVN","scale":2,"scaleLabel":"EF2","lengthMiles":8.33,"widthYards":440,"deaths":0,"injuries":0,"propertyDamage":0,"cropDamage":0,"source":"NWS Storm Survey","dataSource":"CSV"}},{"type":"Feature","geometry":{"type":"LineString","coordinates":[[-89.859,41.518],[-89.84,41.52]]},"properties":{"id":"ncei-2023-1086466","eventId":"1086466","episodeId":"178105","year":2023,"month":3,"date":"2023-03-31","beginTime":"2023-03-31T17:46:00","endTime":"2023-03-31T17:47:00","timezone":"CST-6","state":"IL","stateName":"Illinois","county":"Bureau","countyFips":"11","wfo":"DVN","scale":1,"scaleLabel":"EF1","lengthMiles":0.99,"widthYards":200,"deaths":0,"injuries":0,"propertyDamage":0,"cropDamage":0,"source":"NWS Storm Survey","dataSource":"CSV"}},{"type":"Feature","geometry":{"type":"LineString","coordinates":[[-90.65,41.81],[-90.41,42]]},"properties":{"id":"ncei-2023-1086474","eventId":"1086474","episodeId":"178104","year":2023,"month":3,"date":"2023-03-31","beginTime":"2023-03-31T16:50:00","endTime":"2023-03-31T17:10:00","timezone":"CST-6","state":"IA","stateName":"Iowa","county":"Clinton","countyFips":"45","wfo":"DVN","scale":2,"scaleLabel":"EF2","lengthMiles":18.02,"widthYards":350,"deaths":0,"injuries":1,"propertyDamage":0,"cropDamage":0,"source":"NWS Storm Survey","dataSource":"CSV"}},{"type":"Feature","geometry":{"type":"LineString","coordinates":[[-90.72,42.12],[-90.7,42.13]]},"properties":{"id":"ncei-2023-1086475","eventId":"1086475","episodeId":"178104","year":2023,"month":3,"date":"2023-03-31","beginTime":"2023-03-31T16:58:00","endTime":"2023-03-31T17:01:00","timezone":"CST-6","state":"IA","stateName":"Iowa","county":"Jackson","countyFips":"97","wfo":"DVN","scale":1,"scaleLabel":"EF1","lengthMiles":1.24,"widthYards":50,"deaths":0,"injuries":0,"propertyDamage":0,"cropDamage":0,"source":"Trained Spotter","dataSource":"CSV"}},{"type":"Feature","geometry":{"type":"LineString","coordinates":[[-90.605,42.192],[-90.602,42.193]]},"properties":{"id":"ncei-2023-1086476","eventId":"1086476","episodeId":"178104","year":2023,"month":3,"date":"2023-03-31","beginTime":"2023-03-31T17:09:00","endTime":"2023-03-31T17:10:00","timezone":"CST-6","state":"IA","stateName":"Iowa","county":"Jackson","countyFips":"97","wfo":"DVN","scale":0,"scaleLabel":"EF0","lengthMiles":0.17,"widthYards":15,"deaths":0,"injuries":0,"propertyDamage":0,"cropDamage":0,"source":"NWS Storm Survey","dataSource":"CSV"}},{"type":"Feature","geometry":{"type":"LineString","coordinates":[[-90.4267,42.2422],[-90.4175,42.2525]]},"properties":{"id":"ncei-2023-1086477","eventId":"1086477","episodeId":"178104","year":2023,"month":3,"date":"2023-03-31","beginTime":"2023-03-31T17:16:00","endTime":"2023-03-31T17:17:00","timezone":"CST-6","state":"IA","stateName":"Iowa","county":"Jackson","countyFips":"97","wfo":"DVN","scale":1,"scaleLabel":"EF1","lengthMiles":0.85,"widthYards":100,"deaths":0,"injuries":3,"propertyDamage":0,"cropDamage":0,"source":"NWS Storm Survey","dataSource":"CSV"}},{"type":"Feature","geometry":{"type":"LineString","coordinates":[[-90.4175,42.2522],[-90.4108,42.2661]]},"properties":{"id":"ncei-2023-1086478","eventId":"1086478","episodeId":"178105","year":2023,"month":3,"date":"2023-03-31","beginTime":"2023-03-31T17:17:00","endTime":"2023-03-31T17:19:00","timezone":"CST-6","state":"IL","stateName":"Illinois","county":"Jo Daviess","countyFips":"85","wfo":"DVN","scale":-1,"scaleLabel":"Unknown","lengthMiles":1.02,"widthYards":100,"deaths":0,"injuries":0,"propertyDamage":0,"cropDamage":0,"source":"NWS Storm Survey","dataSource":"CSV"}},{"type":"Feature","geometry":{"type":"LineString","coordinates":[[-91.0072,42.0541],[-90.9896,42.0691]]},"properties":{"id":"ncei-2023-1086489","eventId":"1086489","episodeId":"178104","year":2023,"month":3,"date":"2023-03-31","beginTime":"2023-03-31T16:41:00","endTime":"2023-03-31T16:43:00","timezone":"CST-6","state":"IA","stateName":"Iowa","county":"Jones","countyFips":"105","wfo":"DVN","scale":1,"scaleLabel":"EF1","lengthMiles":1.37,"widthYards":50,"deaths":0,"injuries":0,"propertyDamage":0,"cropDamage":0,"source":"NWS Storm Survey","dataSource":"CSV"}},{"type":"Feature","geometry":{"type":"LineString","coordinates":[[-91.1708,41.0011],[-91.1541,41.0067]]},"properties":{"id":"ncei-2023-1086490","eventId":"1086490","episodeId":"178104","year":2023,"month":3,"date":"2023-03-31","beginTime":"2023-03-31T16:41:00","endTime":"2023-03-31T16:43:00","timezone":"CST-6","state":"IA","stateName":"Iowa","county":"Des Moines","countyFips":"57","wfo":"DVN","scale":2,"scaleLabel":"EF2","lengthMiles":0.95,"widthYards":150,"deaths":0,"injuries":0,"propertyDamage":0,"cropDamage":0,"source":"NWS Storm Survey","dataSource":"CSV"}},{"type":"Feature","geometry":{"type":"LineString","coordinates":[[-91.14,41.62],[-90.899,41.767]]},"properties":{"id":"ncei-2023-1086502","eventId":"1086502","episodeId":"178104","year":2023,"month":3,"date":"2023-03-31","beginTime":"2023-03-31T16:18:00","endTime":"2023-03-31T16:36:00","timezone":"CST-6","state":"IA","stateName":"Iowa","county":"Cedar","countyFips":"31","wfo":"DVN","scale":2,"scaleLabel":"EF2","lengthMiles":16.05,"widthYards":200,"deaths":0,"injuries":2,"propertyDamage":0,"cropDamage":0,"source":"NWS Storm Survey","dataSource":"CSV"}},{"type":"Feature","geometry":{"type":"LineString","coordinates":[[-90.899,41.767],[-90.889,41.771]]},"properties":{"id":"ncei-2023-1086503","eventId":"1086503","episodeId":"178104","year":2023,"month":3,"date":"2023-03-31","beginTime":"2023-03-31T16:36:00","endTime":"2023-03-31T16:37:00","timezone":"CST-6","state":"IA","stateName":"Iowa","county":"Scott","countyFips":"163","wfo":"DVN","scale":0,"scaleLabel":"EF0","lengthMiles":0.58,"widthYards":200,"deaths":0,"injuries":0,"propertyDamage":0,"cropDamage":0,"source":"NWS Storm Survey","dataSource":"CSV"}},{"type":"Feature","geometry":{"type":"LineString","coordinates":[[-90.889,41.771],[-90.843,41.796]]},"properties":{"id":"ncei-2023-1086506","eventId":"1086506","episodeId":"178104","year":2023,"month":3,"date":"2023-03-31","beginTime":"2023-03-31T16:37:00","endTime":"2023-03-31T16:40:00","timezone":"CST-6","state":"IA","stateName":"Iowa","county":"Clinton","countyFips":"45","wfo":"DVN","scale":0,"scaleLabel":"EF0","lengthMiles":2.93,"widthYards":200,"deaths":0,"injuries":0,"propertyDamage":0,"cropDamage":0,"source":"NWS Storm Survey","dataSource":"CSV"}},{"type":"Feature","geometry":{"type":"LineString","coordinates":[[-76.44,39.47],[-76.4289,39.488]]},"properties":{"id":"ncei-2023-1086640","eventId":"1086640","episodeId":"178433","year":2023,"month":4,"date":"2023-04-22","beginTime":"2023-04-22T14:18:00","endTime":"2023-04-22T14:19:00","timezone":"EST-5","state":"MD","stateName":"Maryland","county":"Baltimore","countyFips":"5","wfo":"LWX","scale":0,"scaleLabel":"EF0","lengthMiles":1.38,"widthYards":50,"deaths":0,"injuries":0,"propertyDamage":25000,"cropDamage":0,"source":"NWS Storm Survey","dataSource":"CSV"}},{"type":"Feature","geometry":{"type":"LineString","coordinates":[[-76.4289,39.488],[-76.37,39.55]]},"properties":{"id":"ncei-2023-1086641","eventId":"1086641","episodeId":"178433","year":2023,"month":4,"date":"2023-04-22","beginTime":"2023-04-22T14:19:00","endTime":"2023-04-22T14:26:00","timezone":"EST-5","state":"MD","stateName":"Maryland","county":"Harford","countyFips":"25","wfo":"LWX","scale":0,"scaleLabel":"EF0","lengthMiles":5.31,"widthYards":50,"deaths":0,"injuries":0,"propertyDamage":1000000,"cropDamage":0,"source":"NWS Storm Survey","dataSource":"CSV"}},{"type":"Feature","geometry":{"type":"LineString","coordinates":[[-84.2253,40.5345],[-84.0702,40.5956]]},"properties":{"id":"ncei-2023-1086736","eventId":"1086736","episodeId":"177789","year":2023,"month":3,"date":"2023-03-31","beginTime":"2023-03-31T23:54:00","endTime":"2023-03-31T23:59:00","timezone":"EST-5","state":"OH","stateName":"Ohio","county":"Auglaize","countyFips":"11","wfo":"ILN","scale":1,"scaleLabel":"EF1","lengthMiles":9.17,"widthYards":300,"deaths":0,"injuries":7,"propertyDamage":3000000,"cropDamage":0,"source":"NWS Storm Survey","dataSource":"CSV"}},{"type":"Feature","geometry":{"type":"LineString","coordinates":[[-84.0702,40.5956],[-83.932,40.6445]]},"properties":{"id":"ncei-2023-1086738","eventId":"1086738","episodeId":"177576","year":2023,"month":4,"date":"2023-04-01","beginTime":"2023-04-01T00:00:00","endTime":"2023-04-01T00:07:00","timezone":"EST-5","state":"OH","stateName":"Ohio","county":"Auglaize","countyFips":"11","wfo":"ILN","scale":1,"scaleLabel":"EF1","lengthMiles":8,"widthYards":300,"deaths":0,"injuries":0,"propertyDamage":500000,"cropDamage":0,"source":"NWS Storm Survey","dataSource":"CSV"}},{"type":"Feature","geometry":{"type":"LineString","coordinates":[[-88.7862,34.4021],[-88.5435,34.4712]]},"properties":{"id":"ncei-2023-1086755","eventId":"1086755","episodeId":"178596","year":2023,"month":3,"date":"2023-03-24","beginTime":"2023-03-24T20:45:00","endTime":"2023-03-24T20:57:00","timezone":"CST-6","state":"MS","stateName":"Mississippi","county":"Lee","countyFips":"81","wfo":"MEG","scale":1,"scaleLabel":"EF1","lengthMiles":14.66,"widthYards":250,"deaths":0,"injuries":0,"propertyDamage":300000,"cropDamage":0,"source":"NWS Storm Survey","dataSource":"CSV"}},{"type":"Feature","geometry":{"type":"LineString","coordinates":[[-89.1976,35.4248],[-89.1935,35.4263]]},"properties":{"id":"ncei-2023-1086756","eventId":"1086756","episodeId":"178597","year":2023,"month":3,"date":"2023-03-24","beginTime":"2023-03-24T19:19:00","endTime":"2023-03-24T19:20:00","timezone":"CST-6","state":"TN","stateName":"Tennessee","county":"Haywood","countyFips":"75","wfo":"MEG","scale":1,"scaleLabel":"EF1","lengthMiles":0.26,"widthYards":70,"deaths":0,"injuries":0,"propertyDamage":140000,"cropDamage":0,"source":"NWS Storm Survey","dataSource":"CSV"}},{"type":"Feature","geometry":{"type":"LineString","coordinates":[[-74.9244,41.8051],[-74.9122,41.9483]]},"properties":{"id":"ncei-2023-1086862","eventId":"1086862","episodeId":"178646","year":2023,"month":4,"date":"2023-04-22","beginTime":"2023-04-22T17:38:00","endTime":"2023-04-22T18:00:00","timezone":"EST-5","state":"NY","stateName":"New York","county":"Sullivan","countyFips":"105","wfo":"BGM","scale":2,"scaleLabel":"EF2","lengthMiles":9.95,"widthYards":300,"deaths":0,"injuries":0,"propertyDamage":200000,"cropDamage":0,"source":"NWS Storm Survey","dataSource":"CSV"}},{"type":"Feature","geometry":{"type":"LineString","coordinates":[[-88.8706,34.4721],[-88.8583,34.4751]]},"properties":{"id":"ncei-2023-1086884","eventId":"1086884","episodeId":"178596","year":2023,"month":3,"date":"2023-03-24","beginTime":"2023-03-24T20:38:00","endTime":"2023-03-24T20:39:00","timezone":"CST-6","state":"MS","stateName":"Mississippi","county":"Union","countyFips":"145","wfo":"MEG","scale":1,"scaleLabel":"EF1","lengthMiles":0.73,"widthYards":125,"deaths":0,"injuries":1,"propertyDamage":55000,"cropDamage":0,"source":"NWS Storm Survey","dataSource":"CSV"}},{"type":"Feature","geometry":{"type":"LineString","coordinates":[[-90.0458,34.1625],[-89.9236,34.2287]]},"properties":{"id":"ncei-2023-1086886","eventId":"1086886","episodeId":"178596","year":2023,"month":3,"date":"2023-03-24","beginTime":"2023-03-24T19:25:00","endTime":"2023-03-24T19:34:00","timezone":"CST-6","state":"MS","stateName":"Mississippi","county":"Panola","countyFips":"107","wfo":"MEG","scale":1,"scaleLabel":"EF1","lengthMiles":8.39,"widthYards":100,"deaths":0,"injuries":0,"propertyDamage":75000,"cropDamage":0,"source":"NWS Storm Survey","dataSource":"CSV"}},{"type":"Feature","geometry":{"type":"LineString","coordinates":[[-89.8482,34.2381],[-89.7661,34.2933]]},"properties":{"id":"ncei-2023-1086888","eventId":"1086888","episodeId":"178596","year":2023,"month":3,"date":"2023-03-24","beginTime":"2023-03-24T19:38:00","endTime":"2023-03-24T19:44:00","timezone":"CST-6","state":"MS","stateName":"Mississippi","county":"Panola","countyFips":"107","wfo":"MEG","scale":1,"scaleLabel":"EF1","lengthMiles":6.18,"widthYards":150,"deaths":0,"injuries":0,"propertyDamage":140000,"cropDamage":0,"source":"NWS Storm Survey","dataSource":"CSV"}},{"type":"Feature","geometry":{"type":"LineString","coordinates":[[-89.7309,34.3219],[-89.72,34.326]]},"properties":{"id":"ncei-2023-1086890","eventId":"1086890","episodeId":"178596","year":2023,"month":3,"date":"2023-03-24","beginTime":"2023-03-24T19:47:00","endTime":"2023-03-24T19:48:00","timezone":"CST-6","state":"MS","stateName":"Mississippi","county":"Panola","countyFips":"107","wfo":"MEG","scale":0,"scaleLabel":"EF0","lengthMiles":0.68,"widthYards":125,"deaths":0,"injuries":0,"propertyDamage":10000,"cropDamage":0,"source":"NWS Storm Survey","dataSource":"CSV"}},{"type":"Feature","geometry":{"type":"LineString","coordinates":[[-93.9945,33.2277],[-93.9983,33.2015]]},"properties":{"id":"ncei-2023-1086985","eventId":"1086985","episodeId":"177723","year":2023,"month":3,"date":"2023-03-02","beginTime":"2023-03-02T17:58:00","endTime":"2023-03-02T18:02:00","timezone":"CST-6","state":"AR","stateName":"Arkansas","county":"Miller","countyFips":"91","wfo":"SHV","scale":1,"scaleLabel":"EF1","lengthMiles":1.82,"widthYards":475,"deaths":0,"injuries":0,"propertyDamage":25000,"cropDamage":0,"source":"NWS Storm Survey","dataSource":"CSV"}},{"type":"Feature","geometry":{"type":"LineString","coordinates":[[-93.7087,32.3627],[-93.7024,32.4314]]},"properties":{"id":"ncei-2023-1086994","eventId":"1086994","episodeId":"177866","year":2023,"month":3,"date":"2023-03-02","beginTime":"2023-03-02T17:35:00","endTime":"2023-03-02T17:40:00","timezone":"CST-6","state":"LA","stateName":"Louisiana","county":"Caddo","countyFips":"17","wfo":"SHV","scale":1,"scaleLabel":"EF1","lengthMiles":4.76,"widthYards":100,"deaths":0,"injuries":2,"propertyDamage":50000000,"cropDamage":0,"source":"NWS Storm Survey","dataSource":"CSV"}},{"type":"Feature","geometry":{"type":"LineString","coordinates":[[-93.2224,32.4124],[-93.1989,32.441]]},"properties":{"id":"ncei-2023-1086997","eventId":"1086997","episodeId":"177866","year":2023,"month":3,"date":"2023-03-03","beginTime":"2023-03-03T00:38:00","endTime":"2023-03-03T00:40:00","timezone":"CST-6","state":"LA","stateName":"Louisiana","county":"Bienville","countyFips":"13","wfo":"SHV","scale":0,"scaleLabel":"EF0","lengthMiles":2.4,"widthYards":50,"deaths":0,"injuries":0,"propertyDamage":10000,"cropDamage":0,"source":"NWS Storm Survey","dataSource":"CSV"}},{"type":"Feature","geometry":{"type":"LineString","coordinates":[[-95.73,39.49],[-95.71,39.54]]},"properties":{"id":"ncei-2023-1087047","eventId":"1087047","episodeId":"178660","year":2023,"month":5,"date":"2023-05-12","beginTime":"2023-05-12T18:11:00","endTime":"2023-05-12T18:20:00","timezone":"CST-6","state":"KS","stateName":"Kansas","county":"Jackson","countyFips":"85","wfo":"TOP","scale":1,"scaleLabel":"EF1","lengthMiles":3.62,"widthYards":50,"deaths":0,"injuries":0,"propertyDamage":0,"cropDamage":0,"source":"NWS Storm Survey","dataSource":"CSV"}},{"type":"Feature","geometry":{"type":"LineString","coordinates":[[-95.63,39.94],[-95.62,39.96]]},"properties":{"id":"ncei-2023-1087048","eventId":"1087048","episodeId":"178660","year":2023,"month":5,"date":"2023-05-12","beginTime":"2023-05-12T18:03:00","endTime":"2023-05-12T18:06:00","timezone":"CST-6","state":"KS","stateName":"Kansas","county":"Brown","countyFips":"13","wfo":"TOP","scale":2,"scaleLabel":"EF2","lengthMiles":1.48,"widthYards":500,"deaths":0,"injuries":0,"propertyDamage":0,"cropDamage":0,"source":"NWS Storm Survey","dataSource":"CSV"}},{"type":"Feature","geometry":{"type":"LineString","coordinates":[[-95.67,39.6],[-95.67,39.6]]},"properties":{"id":"ncei-2023-1087049","eventId":"1087049","episodeId":"178660","year":2023,"month":5,"date":"2023-05-12","beginTime":"2023-05-12T18:38:00","endTime":"2023-05-12T18:38:00","timezone":"CST-6","state":"KS","stateName":"Kansas","county":"Jackson","countyFips":"85","wfo":"TOP","scale":-1,"scaleLabel":"Unknown","lengthMiles":0.01,"widthYards":10,"deaths":0,"injuries":0,"propertyDamage":0,"cropDamage":0,"source":"NWS Employee","dataSource":"CSV"}},{"type":"Feature","geometry":{"type":"LineString","coordinates":[[-95.63,39.64],[-95.63,39.64]]},"properties":{"id":"ncei-2023-1087050","eventId":"1087050","episodeId":"178660","year":2023,"month":5,"date":"2023-05-12","beginTime":"2023-05-12T18:49:00","endTime":"2023-05-12T18:49:00","timezone":"CST-6","state":"KS","stateName":"Kansas","county":"Jackson","countyFips":"85","wfo":"TOP","scale":-1,"scaleLabel":"Unknown","lengthMiles":0.01,"widthYards":10,"deaths":0,"injuries":0,"propertyDamage":0,"cropDamage":0,"source":"NWS Employee","dataSource":"CSV"}},{"type":"Feature","geometry":{"type":"LineString","coordinates":[[-91.499,42.442],[-91.446,42.485]]},"properties":{"id":"ncei-2023-1087051","eventId":"1087051","episodeId":"178104","year":2023,"month":3,"date":"2023-03-31","beginTime":"2023-03-31T16:20:00","endTime":"2023-03-31T16:28:00","timezone":"CST-6","state":"IA","stateName":"Iowa","county":"Delaware","countyFips":"55","wfo":"DVN","scale":1,"scaleLabel":"EF1","lengthMiles":4.1,"widthYards":50,"deaths":0,"injuries":0,"propertyDamage":0,"cropDamage":0,"source":"NWS Storm Survey","dataSource":"CSV"}},{"type":"Feature","geometry":{"type":"LineString","coordinates":[[-92.23,41.16],[-92,41.34]]},"properties":{"id":"ncei-2023-1087052","eventId":"1087052","episodeId":"178104","year":2023,"month":3,"date":"2023-03-31","beginTime":"2023-03-31T14:49:00","endTime":"2023-03-31T15:15:00","timezone":"CST-6","state":"IA","stateName":"Iowa","county":"Keokuk","countyFips":"107","wfo":"DVN","scale":3,"scaleLabel":"EF3","lengthMiles":17.38,"widthYards":1000,"deaths":0,"injuries":0,"propertyDamage":0,"cropDamage":0,"source":"NWS Storm Survey","dataSource":"CSV"}},{"type":"Feature","geometry":{"type":"LineString","coordinates":[[-92.03,41.31],[-91.947,41.391]]},"properties":{"id":"ncei-2023-1087061","eventId":"1087061","episodeId":"178104","year":2023,"month":3,"date":"2023-03-31","beginTime":"2023-03-31T15:10:00","endTime":"2023-03-31T15:19:00","timezone":"CST-6","state":"IA","stateName":"Iowa","county":"Keokuk","countyFips":"107","wfo":"DVN","scale":4,"scaleLabel":"EF4","lengthMiles":7.09,"widthYards":700,"deaths":0,"injuries":3,"propertyDamage":0,"cropDamage":0,"source":"NWS Storm Survey","dataSource":"CSV"}},{"type":"Feature","geometry":{"type":"LineString","coordinates":[[-91.372,42.525],[-91.268,42.646]]},"properties":{"id":"ncei-2023-1087063","eventId":"1087063","episodeId":"178104","year":2023,"month":3,"date":"2023-03-31","beginTime":"2023-03-31T16:32:00","endTime":"2023-03-31T16:45:00","timezone":"CST-6","state":"IA","stateName":"Iowa","county":"Delaware","countyFips":"55","wfo":"DVN","scale":1,"scaleLabel":"EF1","lengthMiles":9.89,"widthYards":50,"deaths":0,"injuries":0,"propertyDamage":0,"cropDamage":0,"source":"NWS Storm Survey","dataSource":"CSV"}},{"type":"Feature","geometry":{"type":"LineString","coordinates":[[-89.77,41.55],[-89.667,41.585]]},"properties":{"id":"ncei-2023-1087067","eventId":"1087067","episodeId":"178105","year":2023,"month":3,"date":"2023-03-31","beginTime":"2023-03-31T17:48:00","endTime":"2023-03-31T17:54:00","timezone":"CST-6","state":"IL","stateName":"Illinois","county":"Bureau","countyFips":"11","wfo":"DVN","scale":1,"scaleLabel":"EF1","lengthMiles":5.85,"widthYards":150,"deaths":0,"injuries":0,"propertyDamage":0,"cropDamage":0,"source":"NWS Storm Survey","dataSource":"CSV"}},{"type":"Feature","geometry":{"type":"LineString","coordinates":[[-89.667,41.585],[-89.6315,41.5955]]},"properties":{"id":"ncei-2023-1087069","eventId":"1087069","episodeId":"178105","year":2023,"month":3,"date":"2023-03-31","beginTime":"2023-03-31T17:54:00","endTime":"2023-03-31T17:56:00","timezone":"CST-6","state":"IL","stateName":"Illinois","county":"Whiteside","countyFips":"195","wfo":"DVN","scale":1,"scaleLabel":"EF1","lengthMiles":1.97,"widthYards":150,"deaths":0,"injuries":0,"propertyDamage":0,"cropDamage":0,"source":"NWS Storm Survey","dataSource":"CSV"}},{"type":"Feature","geometry":{"type":"LineString","coordinates":[[-89.75,42.08],[-89.6865,42.1301]]},"properties":{"id":"ncei-2023-1087072","eventId":"1087072","episodeId":"178105","year":2023,"month":3,"date":"2023-03-31","beginTime":"2023-03-31T17:50:00","endTime":"2023-03-31T17:56:00","timezone":"CST-6","state":"IL","stateName":"Illinois","county":"Carroll","countyFips":"15","wfo":"DVN","scale":1,"scaleLabel":"EF1","lengthMiles":4.75,"widthYards":200,"deaths":0,"injuries":0,"propertyDamage":0,"cropDamage":0,"source":"NWS Storm Survey","dataSource":"CSV"}},{"type":"Feature","geometry":{"type":"LineString","coordinates":[[-89.6463,42.2001],[-89.641,42.214]]},"properties":{"id":"ncei-2023-1087085","eventId":"1087085","episodeId":"178105","year":2023,"month":3,"date":"2023-03-31","beginTime":"2023-03-31T18:01:00","endTime":"2023-03-31T18:02:00","timezone":"CST-6","state":"IL","stateName":"Illinois","county":"Stephenson","countyFips":"177","wfo":"DVN","scale":-1,"scaleLabel":"Unknown","lengthMiles":1,"widthYards":50,"deaths":0,"injuries":0,"propertyDamage":0,"cropDamage":0,"source":"NWS Storm Survey","dataSource":"CSV"}},{"type":"Feature","geometry":{"type":"LineString","coordinates":[[-91.9465,41.3911],[-91.832,41.511]]},"properties":{"id":"ncei-2023-1087089","eventId":"1087089","episodeId":"178104","year":2023,"month":3,"date":"2023-03-31","beginTime":"2023-03-31T15:19:00","endTime":"2023-03-31T15:33:00","timezone":"CST-6","state":"IA","stateName":"Iowa","county":"Washington","countyFips":"183","wfo":"DVN","scale":3,"scaleLabel":"EF3","lengthMiles":10.19,"widthYards":700,"deaths":0,"injuries":0,"propertyDamage":0,"cropDamage":0,"source":"NWS Storm Survey","dataSource":"CSV"}},{"type":"Feature","geometry":{"type":"LineString","coordinates":[[-91.832,41.511],[-91.829,41.516]]},"properties":{"id":"ncei-2023-1087090","eventId":"1087090","episodeId":"178104","year":2023,"month":3,"date":"2023-03-31","beginTime":"2023-03-31T15:33:00","endTime":"2023-03-31T15:34:00","timezone":"CST-6","state":"IA","stateName":"Iowa","county":"Iowa","countyFips":"95","wfo":"DVN","scale":1,"scaleLabel":"EF1","lengthMiles":0.38,"widthYards":700,"deaths":0,"injuries":0,"propertyDamage":0,"cropDamage":0,"source":"Official NWS Observations","dataSource":"CSV"}},{"type":"Feature","geometry":{"type":"LineString","coordinates":[[-91.829,41.516],[-91.8,41.54]]},"properties":{"id":"ncei-2023-1087095","eventId":"1087095","episodeId":"178104","year":2023,"month":3,"date":"2023-03-31","beginTime":"2023-03-31T15:34:00","endTime":"2023-03-31T15:37:00","timezone":"CST-6","state":"IA","stateName":"Iowa","county":"Johnson","countyFips":"103","wfo":"DVN","scale":1,"scaleLabel":"EF1","lengthMiles":2.24,"widthYards":700,"deaths":0,"injuries":0,"propertyDamage":0,"cropDamage":0,"source":"NWS Storm Survey","dataSource":"CSV"}},{"type":"Feature","geometry":{"type":"LineString","coordinates":[[-91.69,41.63],[-91.49,41.81]]},"properties":{"id":"ncei-2023-1087096","eventId":"1087096","episodeId":"178104","year":2023,"month":3,"date":"2023-03-31","beginTime":"2023-03-31T15:48:00","endTime":"2023-03-31T16:08:00","timezone":"CST-6","state":"IA","stateName":"Iowa","county":"Johnson","countyFips":"103","wfo":"DVN","scale":2,"scaleLabel":"EF2","lengthMiles":16.93,"widthYards":75,"deaths":0,"injuries":2,"propertyDamage":0,"cropDamage":0,"source":"NWS Storm Survey","dataSource":"CSV"}},{"type":"Feature","geometry":{"type":"LineString","coordinates":[[-91.51,41.81],[-91.464,41.86]]},"properties":{"id":"ncei-2023-1087101","eventId":"1087101","episodeId":"178104","year":2023,"month":3,"date":"2023-03-31","beginTime":"2023-03-31T16:06:00","endTime":"2023-03-31T16:11:00","timezone":"CST-6","state":"IA","stateName":"Iowa","county":"Johnson","countyFips":"103","wfo":"DVN","scale":2,"scaleLabel":"EF2","lengthMiles":4.19,"widthYards":75,"deaths":0,"injuries":0,"propertyDamage":0,"cropDamage":0,"source":"NWS Storm Survey","dataSource":"CSV"}},{"type":"Feature","geometry":{"type":"LineString","coordinates":[[-91.464,41.86],[-91.4138,41.9183]]},"properties":{"id":"ncei-2023-1087103","eventId":"1087103","episodeId":"178104","year":2023,"month":3,"date":"2023-03-31","beginTime":"2023-03-31T16:11:00","endTime":"2023-03-31T16:18:00","timezone":"CST-6","state":"IA","stateName":"Iowa","county":"Linn","countyFips":"113","wfo":"DVN","scale":1,"scaleLabel":"EF1","lengthMiles":4.78,"widthYards":75,"deaths":0,"injuries":0,"propertyDamage":0,"cropDamage":0,"source":"NWS Storm Survey","dataSource":"CSV"}},{"type":"Feature","geometry":{"type":"LineString","coordinates":[[-91.79,41.53],[-91.72,41.6]]},"properties":{"id":"ncei-2023-1087116","eventId":"1087116","episodeId":"178104","year":2023,"month":3,"date":"2023-03-31","beginTime":"2023-03-31T15:37:00","endTime":"2023-03-31T15:46:00","timezone":"CST-6","state":"IA","stateName":"Iowa","county":"Johnson","countyFips":"103","wfo":"DVN","scale":0,"scaleLabel":"EF0","lengthMiles":6.1,"widthYards":50,"deaths":0,"injuries":0,"propertyDamage":0,"cropDamage":0,"source":"NWS Storm Survey","dataSource":"CSV"}},{"type":"Feature","geometry":{"type":"LineString","coordinates":[[-91.56,41.54],[-91.39,41.7]]},"properties":{"id":"ncei-2023-1087119","eventId":"1087119","episodeId":"178104","year":2023,"month":3,"date":"2023-03-31","beginTime":"2023-03-31T15:53:00","endTime":"2023-03-31T16:08:00","timezone":"CST-6","state":"IA","stateName":"Iowa","county":"Johnson","countyFips":"103","wfo":"DVN","scale":2,"scaleLabel":"EF2","lengthMiles":14.69,"widthYards":100,"deaths":0,"injuries":0,"propertyDamage":0,"cropDamage":0,"source":"Trained Spotter","dataSource":"CSV"}},{"type":"Feature","geometry":{"type":"LineString","coordinates":[[-95.56,40.0002],[-95.56,40.0002]]},"properties":{"id":"ncei-2023-1087129","eventId":"1087129","episodeId":"178660","year":2023,"month":5,"date":"2023-05-12","beginTime":"2023-05-12T18:18:00","endTime":"2023-05-12T18:18:00","timezone":"CST-6","state":"KS","stateName":"Kansas","county":"Brown","countyFips":"13","wfo":"TOP","scale":0,"scaleLabel":"EF0","lengthMiles":0.01,"widthYards":15,"deaths":0,"injuries":0,"propertyDamage":0,"cropDamage":0,"source":"NWS Storm Survey","dataSource":"CSV"}},{"type":"Feature","geometry":{"type":"LineString","coordinates":[[-91.36,41.64],[-91.24,41.72]]},"properties":{"id":"ncei-2023-1087130","eventId":"1087130","episodeId":"178104","year":2023,"month":3,"date":"2023-03-31","beginTime":"2023-03-31T16:06:00","endTime":"2023-03-31T16:16:00","timezone":"CST-6","state":"IA","stateName":"Iowa","county":"Cedar","countyFips":"31","wfo":"DVN","scale":1,"scaleLabel":"EF1","lengthMiles":8.3,"widthYards":10,"deaths":0,"injuries":0,"propertyDamage":0,"cropDamage":0,"source":"NWS Storm Survey","dataSource":"CSV"}},{"type":"Feature","geometry":{"type":"LineString","coordinates":[[-91.21,41.71],[-91.14,41.76]]},"properties":{"id":"ncei-2023-1087131","eventId":"1087131","episodeId":"178104","year":2023,"month":3,"date":"2023-03-31","beginTime":"2023-03-31T16:17:00","endTime":"2023-03-31T16:23:00","timezone":"CST-6","state":"IA","stateName":"Iowa","county":"Cedar","countyFips":"31","wfo":"DVN","scale":1,"scaleLabel":"EF1","lengthMiles":5.2,"widthYards":100,"deaths":0,"injuries":0,"propertyDamage":0,"cropDamage":0,"source":"NWS Storm Survey","dataSource":"CSV"}},{"type":"Feature","geometry":{"type":"LineString","coordinates":[[-91.17,41.76],[-90.96,41.94]]},"properties":{"id":"ncei-2023-1087132","eventId":"1087132","episodeId":"178104","year":2023,"month":3,"date":"2023-03-31","beginTime":"2023-03-31T16:14:00","endTime":"2023-03-31T16:38:00","timezone":"CST-6","state":"IA","stateName":"Iowa","county":"Cedar","countyFips":"31","wfo":"DVN","scale":2,"scaleLabel":"EF2","lengthMiles":16.42,"widthYards":250,"deaths":0,"injuries":0,"propertyDamage":0,"cropDamage":0,"source":"NWS Storm Survey","dataSource":"CSV"}},{"type":"Feature","geometry":{"type":"LineString","coordinates":[[-92.09,42.18],[-92.06,42.2]]},"properties":{"id":"ncei-2023-1087135","eventId":"1087135","episodeId":"178104","year":2023,"month":3,"date":"2023-03-31","beginTime":"2023-03-31T15:36:00","endTime":"2023-03-31T15:39:00","timezone":"CST-6","state":"IA","stateName":"Iowa","county":"Benton","countyFips":"11","wfo":"DVN","scale":2,"scaleLabel":"EF2","lengthMiles":1.7,"widthYards":50,"deaths":0,"injuries":0,"propertyDamage":0,"cropDamage":0,"source":"NWS Storm Survey","dataSource":"CSV"}},{"type":"Feature","geometry":{"type":"LineString","coordinates":[[-91.93,42.26],[-91.925,42.298]]},"properties":{"id":"ncei-2023-1087136","eventId":"1087136","episodeId":"178104","year":2023,"month":3,"date":"2023-03-31","beginTime":"2023-03-31T15:47:00","endTime":"2023-03-31T15:51:00","timezone":"CST-6","state":"IA","stateName":"Iowa","county":"Benton","countyFips":"11","wfo":"DVN","scale":2,"scaleLabel":"EF2","lengthMiles":2.64,"widthYards":50,"deaths":0,"injuries":0,"propertyDamage":0,"cropDamage":0,"source":"NWS Storm Survey","dataSource":"CSV"}},{"type":"Feature","geometry":{"type":"LineString","coordinates":[[-91.925,42.298],[-91.93,42.33]]},"properties":{"id":"ncei-2023-1087139","eventId":"1087139","episodeId":"178104","year":2023,"month":3,"date":"2023-03-31","beginTime":"2023-03-31T15:51:00","endTime":"2023-03-31T15:54:00","timezone":"CST-6","state":"IA","stateName":"Iowa","county":"Buchanan","countyFips":"19","wfo":"DVN","scale":-1,"scaleLabel":"Unknown","lengthMiles":2.23,"widthYards":50,"deaths":0,"injuries":0,"propertyDamage":0,"cropDamage":0,"source":"NWS Storm Survey","dataSource":"CSV"}},{"type":"Feature","geometry":{"type":"LineString","coordinates":[[-89.715,39.391],[-89.7,39.395]]},"properties":{"id":"ncei-2023-1087334","eventId":"1087334","episodeId":"178384","year":2023,"month":3,"date":"2023-03-31","beginTime":"2023-03-31T17:47:00","endTime":"2023-03-31T17:48:00","timezone":"CST-6","state":"IL","stateName":"Illinois","county":"Macoupin","countyFips":"117","wfo":"LSX","scale":0,"scaleLabel":"EF0","lengthMiles":0.85,"widthYards":50,"deaths":0,"injuries":0,"propertyDamage":10000,"cropDamage":0,"source":"NWS Storm Survey","dataSource":"CSV"}},{"type":"Feature","geometry":{"type":"LineString","coordinates":[[-89.7,39.395],[-89.6054,39.4257]]},"properties":{"id":"ncei-2023-1087335","eventId":"1087335","episodeId":"178384","year":2023,"month":3,"date":"2023-03-31","beginTime":"2023-03-31T17:48:00","endTime":"2023-03-31T17:53:00","timezone":"CST-6","state":"IL","stateName":"Illinois","county":"Montgomery","countyFips":"135","wfo":"LSX","scale":0,"scaleLabel":"EF0","lengthMiles":5.48,"widthYards":150,"deaths":0,"injuries":0,"propertyDamage":15000,"cropDamage":0,"source":"NWS Storm Survey","dataSource":"CSV"}},{"type":"Feature","geometry":{"type":"LineString","coordinates":[[-88.998,38.6021],[-88.8933,38.6288]]},"properties":{"id":"ncei-2023-1087336","eventId":"1087336","episodeId":"178384","year":2023,"month":3,"date":"2023-03-31","beginTime":"2023-03-31T19:11:00","endTime":"2023-03-31T19:18:00","timezone":"CST-6","state":"IL","stateName":"Illinois","county":"Marion","countyFips":"121","wfo":"LSX","scale":1,"scaleLabel":"EF1","lengthMiles":5.95,"widthYards":250,"deaths":0,"injuries":0,"propertyDamage":2000000,"cropDamage":0,"source":"NWS Storm Survey","dataSource":"CSV"}},{"type":"Feature","geometry":{"type":"LineString","coordinates":[[-89.72,34.326],[-89.667,34.3436]]},"properties":{"id":"ncei-2023-1087340","eventId":"1087340","episodeId":"178596","year":2023,"month":3,"date":"2023-03-24","beginTime":"2023-03-24T19:48:00","endTime":"2023-03-24T19:51:00","timezone":"CST-6","state":"MS","stateName":"Mississippi","county":"Lafayette","countyFips":"71","wfo":"MEG","scale":1,"scaleLabel":"EF1","lengthMiles":3.26,"widthYards":125,"deaths":0,"injuries":0,"propertyDamage":70000,"cropDamage":0,"source":"NWS Storm Survey","dataSource":"CSV"}},{"type":"Feature","geometry":{"type":"LineString","coordinates":[[-88.7576,33.8527],[-88.72,33.87]]},"properties":{"id":"ncei-2023-1087392","eventId":"1087392","episodeId":"178596","year":2023,"month":3,"date":"2023-03-24","beginTime":"2023-03-24T21:38:00","endTime":"2023-03-24T21:40:00","timezone":"CST-6","state":"MS","stateName":"Mississippi","county":"Chickasaw","countyFips":"17","wfo":"MEG","scale":1,"scaleLabel":"EF1","lengthMiles":2.47,"widthYards":1000,"deaths":0,"injuries":0,"propertyDamage":20000,"cropDamage":0,"source":"NWS Storm Survey","dataSource":"CSV"}},{"type":"Feature","geometry":{"type":"LineString","coordinates":[[-88.72,33.869],[-88.313,34.087]]},"properties":{"id":"ncei-2023-1087403","eventId":"1087403","episodeId":"178596","year":2023,"month":3,"date":"2023-03-24","beginTime":"2023-03-24T21:40:00","endTime":"2023-03-24T22:04:00","timezone":"CST-6","state":"MS","stateName":"Mississippi","county":"Monroe","countyFips":"95","wfo":"MEG","scale":3,"scaleLabel":"EF3","lengthMiles":27.72,"widthYards":1600,"deaths":2,"injuries":55,"propertyDamage":80000000,"cropDamage":0,"source":"NWS Storm Survey","dataSource":"CSV"}},{"type":"Feature","geometry":{"type":"LineString","coordinates":[[-88.313,34.087],[-88.2141,34.1294]]},"properties":{"id":"ncei-2023-1087421","eventId":"1087421","episodeId":"178596","year":2023,"month":3,"date":"2023-03-24","beginTime":"2023-03-24T22:04:00","endTime":"2023-03-24T22:09:00","timezone":"CST-6","state":"MS","stateName":"Mississippi","county":"Itawamba","countyFips":"57","wfo":"MEG","scale":1,"scaleLabel":"EF1","lengthMiles":6.37,"widthYards":1000,"deaths":0,"injuries":0,"propertyDamage":25000,"cropDamage":0,"source":"NWS Storm Survey","dataSource":"CSV"}},{"type":"Feature","geometry":{"type":"LineString","coordinates":[[-86.6217,40.5609],[-86.5647,40.551]]},"properties":{"id":"ncei-2023-1087541","eventId":"1087541","episodeId":"178685","year":2023,"month":5,"date":"2023-05-08","beginTime":"2023-05-08T16:54:00","endTime":"2023-05-08T17:01:00","timezone":"EST-5","state":"IN","stateName":"Indiana","county":"Carroll","countyFips":"15","wfo":"IND","scale":-1,"scaleLabel":"Unknown","lengthMiles":3.08,"widthYards":25,"deaths":0,"injuries":0,"propertyDamage":0,"cropDamage":0,"source":"Public","dataSource":"CSV"}},{"type":"Feature","geometry":{"type":"LineString","coordinates":[[-92.3334,41.0615],[-92.2332,41.1625]]},"properties":{"id":"ncei-2023-1087584","eventId":"1087584","episodeId":"178281","year":2023,"month":3,"date":"2023-03-31","beginTime":"2023-03-31T14:36:00","endTime":"2023-03-31T14:49:00","timezone":"CST-6","state":"IA","stateName":"Iowa","county":"Wapello","countyFips":"179","wfo":"DMX","scale":2,"scaleLabel":"EF2","lengthMiles":8.71,"widthYards":400,"deaths":0,"injuries":0,"propertyDamage":2000000,"cropDamage":0,"source":"Emergency Manager","dataSource":"CSV"}},{"type":"Feature","geometry":{"type":"LineString","coordinates":[[-92.544,41.6489],[-92.4949,41.6855]]},"properties":{"id":"ncei-2023-1087585","eventId":"1087585","episodeId":"178281","year":2023,"month":3,"date":"2023-03-31","beginTime":"2023-03-31T14:52:00","endTime":"2023-03-31T14:57:00","timezone":"CST-6","state":"IA","stateName":"Iowa","county":"Poweshiek","countyFips":"157","wfo":"DMX","scale":-1,"scaleLabel":"Unknown","lengthMiles":3.58,"widthYards":60,"deaths":0,"injuries":0,"propertyDamage":0,"cropDamage":0,"source":"Broadcast Media","dataSource":"CSV"}},{"type":"Feature","geometry":{"type":"LineString","coordinates":[[-92.9753,42.4931],[-92.9293,42.5312]]},"properties":{"id":"ncei-2023-1087587","eventId":"1087587","episodeId":"178281","year":2023,"month":3,"date":"2023-03-31","beginTime":"2023-03-31T15:22:00","endTime":"2023-03-31T15:28:00","timezone":"CST-6","state":"IA","stateName":"Iowa","county":"Grundy","countyFips":"75","wfo":"DMX","scale":1,"scaleLabel":"EF1","lengthMiles":3.53,"widthYards":80,"deaths":0,"injuries":0,"propertyDamage":50000,"cropDamage":0,"source":"Emergency Manager","dataSource":"CSV"}},{"type":"Feature","geometry":{"type":"LineString","coordinates":[[-92.9402,42.4742],[-92.8871,42.5196]]},"properties":{"id":"ncei-2023-1087591","eventId":"1087591","episodeId":"178281","year":2023,"month":3,"date":"2023-03-31","beginTime":"2023-03-31T15:22:00","endTime":"2023-03-31T15:29:00","timezone":"CST-6","state":"IA","stateName":"Iowa","county":"Grundy","countyFips":"75","wfo":"DMX","scale":1,"scaleLabel":"EF1","lengthMiles":4.14,"widthYards":80,"deaths":0,"injuries":0,"propertyDamage":50000,"cropDamage":0,"source":"Emergency Manager","dataSource":"CSV"}},{"type":"Feature","geometry":{"type":"LineString","coordinates":[[-97.2627,26.0799],[-97.2558,26.082]]},"properties":{"id":"ncei-2023-1087621","eventId":"1087621","episodeId":"178696","year":2023,"month":5,"date":"2023-05-13","beginTime":"2023-05-13T03:06:00","endTime":"2023-05-13T03:08:00","timezone":"CST-6","state":"TX","stateName":"Texas","county":"Cameron","countyFips":"61","wfo":"BRO","scale":1,"scaleLabel":"EF1","lengthMiles":0.45,"widthYards":200,"deaths":1,"injuries":11,"propertyDamage":500000,"cropDamage":0,"source":"Emergency Manager","dataSource":"CSV"}},{"type":"Feature","geometry":{"type":"LineString","coordinates":[[-97.67,34.5613],[-97.67,34.5613]]},"properties":{"id":"ncei-2023-1087714","eventId":"1087714","episodeId":"177174","year":2023,"month":3,"date":"2023-03-16","beginTime":"2023-03-16T13:57:00","endTime":"2023-03-16T13:57:00","timezone":"CST-6","state":"OK","stateName":"Oklahoma","county":"Stephens","countyFips":"137","wfo":"OUN","scale":0,"scaleLabel":"EF0","lengthMiles":0.1,"widthYards":20,"deaths":0,"injuries":0,"propertyDamage":0,"cropDamage":0,"source":"Trained Spotter","dataSource":"CSV"}},{"type":"Feature","geometry":{"type":"LineString","coordinates":[[-95.4209,32.9816],[-95.3694,33.0903]]},"properties":{"id":"ncei-2023-1087758","eventId":"1087758","episodeId":"178719","year":2023,"month":3,"date":"2023-03-02","beginTime":"2023-03-02T15:20:00","endTime":"2023-03-02T15:28:00","timezone":"CST-6","state":"TX","stateName":"Texas","county":"Hopkins","countyFips":"223","wfo":"FWD","scale":1,"scaleLabel":"EF1","lengthMiles":8.15,"widthYards":75,"deaths":0,"injuries":0,"propertyDamage":0,"cropDamage":0,"source":"NWS Storm Survey","dataSource":"CSV"}},{"type":"Feature","geometry":{"type":"LineString","coordinates":[[-97.0338,32.8066],[-96.9329,32.8095]]},"properties":{"id":"ncei-2023-1087759","eventId":"1087759","episodeId":"178721","year":2023,"month":3,"date":"2023-03-16","beginTime":"2023-03-16T15:47:00","endTime":"2023-03-16T15:55:00","timezone":"CST-6","state":"TX","stateName":"Texas","county":"Dallas","countyFips":"113","wfo":"FWD","scale":1,"scaleLabel":"EF1","lengthMiles":6.37,"widthYards":100,"deaths":0,"injuries":0,"propertyDamage":0,"cropDamage":0,"source":"NWS Storm Survey","dataSource":"CSV"}},{"type":"Feature","geometry":{"type":"LineString","coordinates":[[-96.9593,32.8375],[-96.9511,32.845]]},"properties":{"id":"ncei-2023-1087760","eventId":"1087760","episodeId":"178721","year":2023,"month":3,"date":"2023-03-16","beginTime":"2023-03-16T15:52:00","endTime":"2023-03-16T15:56:00","timezone":"CST-6","state":"TX","stateName":"Texas","county":"Dallas","countyFips":"113","wfo":"FWD","scale":1,"scaleLabel":"EF1","lengthMiles":0.71,"widthYards":100,"deaths":0,"injuries":0,"propertyDamage":0,"cropDamage":0,"source":"NWS Storm Survey","dataSource":"CSV"}},{"type":"Feature","geometry":{"type":"LineString","coordinates":[[-96.495,32.1319],[-96.4531,32.1185]]},"properties":{"id":"ncei-2023-1087761","eventId":"1087761","episodeId":"178721","year":2023,"month":3,"date":"2023-03-16","beginTime":"2023-03-16T18:58:00","endTime":"2023-03-16T19:04:00","timezone":"CST-6","state":"TX","stateName":"Texas","county":"Navarro","countyFips":"349","wfo":"FWD","scale":1,"scaleLabel":"EF1","lengthMiles":2.77,"widthYards":50,"deaths":0,"injuries":2,"propertyDamage":0,"cropDamage":0,"source":"NWS Storm Survey","dataSource":"CSV"}},{"type":"Feature","geometry":{"type":"LineString","coordinates":[[-98.0363,32.9467],[-97.934,32.9905]]},"properties":{"id":"ncei-2023-1087762","eventId":"1087762","episodeId":"178722","year":2023,"month":3,"date":"2023-03-24","beginTime":"2023-03-24T03:52:00","endTime":"2023-03-24T03:58:00","timezone":"CST-6","state":"TX","stateName":"Texas","county":"Parker","countyFips":"367","wfo":"FWD","scale":1,"scaleLabel":"EF1","lengthMiles":6.73,"widthYards":75,"deaths":0,"injuries":2,"propertyDamage":0,"cropDamage":0,"source":"NWS Storm Survey","dataSource":"CSV"}},{"type":"Feature","geometry":{"type":"LineString","coordinates":[[-97.91,32.9597],[-97.84,33]]},"properties":{"id":"ncei-2023-1087763","eventId":"1087763","episodeId":"178722","year":2023,"month":3,"date":"2023-03-24","beginTime":"2023-03-24T03:56:00","endTime":"2023-03-24T03:59:00","timezone":"CST-6","state":"TX","stateName":"Texas","county":"Parker","countyFips":"367","wfo":"FWD","scale":1,"scaleLabel":"EF1","lengthMiles":5.22,"widthYards":100,"deaths":0,"injuries":0,"propertyDamage":0,"cropDamage":0,"source":"NWS Storm Survey","dataSource":"CSV"}},{"type":"Feature","geometry":{"type":"LineString","coordinates":[[-97.84,33],[-97.839,33.0034]]},"properties":{"id":"ncei-2023-1087764","eventId":"1087764","episodeId":"178722","year":2023,"month":3,"date":"2023-03-24","beginTime":"2023-03-24T03:59:00","endTime":"2023-03-24T04:00:00","timezone":"CST-6","state":"TX","stateName":"Texas","county":"Wise","countyFips":"497","wfo":"FWD","scale":1,"scaleLabel":"EF1","lengthMiles":0.25,"widthYards":100,"deaths":0,"injuries":3,"propertyDamage":0,"cropDamage":0,"source":"NWS Storm Survey","dataSource":"CSV"}},{"type":"Feature","geometry":{"type":"LineString","coordinates":[[-80.8355,36.254],[-80.8355,36.254]]},"properties":{"id":"ncei-2023-1087843","eventId":"1087843","episodeId":"178729","year":2023,"month":4,"date":"2023-04-28","beginTime":"2023-04-28T15:44:00","endTime":"2023-04-28T15:44:00","timezone":"EST-5","state":"NC","stateName":"North Carolina","county":"Surry","countyFips":"171","wfo":"RNK","scale":0,"scaleLabel":"EF0","lengthMiles":0.06,"widthYards":60,"deaths":0,"injuries":0,"propertyDamage":5000,"cropDamage":0,"source":"NWS Storm Survey","dataSource":"CSV"}},{"type":"Feature","geometry":{"type":"LineString","coordinates":[[-94.4203,32.7662],[-94.4094,32.8124]]},"properties":{"id":"ncei-2023-1088057","eventId":"1088057","episodeId":"177867","year":2023,"month":3,"date":"2023-03-02","beginTime":"2023-03-02T17:05:00","endTime":"2023-03-02T17:10:00","timezone":"CST-6","state":"TX","stateName":"Texas","county":"Marion","countyFips":"315","wfo":"SHV","scale":1,"scaleLabel":"EF1","lengthMiles":3.25,"widthYards":400,"deaths":0,"injuries":0,"propertyDamage":25000,"cropDamage":0,"source":"Emergency Manager","dataSource":"CSV"}},{"type":"Feature","geometry":{"type":"LineString","coordinates":[[-95.2662,33.2837],[-95.2511,33.3612]]},"properties":{"id":"ncei-2023-1088062","eventId":"1088062","episodeId":"177867","year":2023,"month":3,"date":"2023-03-02","beginTime":"2023-03-02T17:00:00","endTime":"2023-03-02T17:11:00","timezone":"CST-6","state":"TX","stateName":"Texas","county":"Franklin","countyFips":"159","wfo":"SHV","scale":0,"scaleLabel":"EF0","lengthMiles":5.43,"widthYards":100,"deaths":0,"injuries":0,"propertyDamage":0,"cropDamage":0,"source":"NWS Storm Survey","dataSource":"CSV"}},{"type":"Feature","geometry":{"type":"LineString","coordinates":[[-94.6396,31.7226],[-94.5913,31.7404]]},"properties":{"id":"ncei-2023-1088066","eventId":"1088066","episodeId":"177867","year":2023,"month":3,"date":"2023-03-02","beginTime":"2023-03-02T22:51:00","endTime":"2023-03-02T22:58:00","timezone":"CST-6","state":"TX","stateName":"Texas","county":"Nacogdoches","countyFips":"347","wfo":"SHV","scale":1,"scaleLabel":"EF1","lengthMiles":3.09,"widthYards":1000,"deaths":0,"injuries":0,"propertyDamage":0,"cropDamage":0,"source":"NWS Storm Survey","dataSource":"CSV"}},{"type":"Feature","geometry":{"type":"LineString","coordinates":[[-94.1211,32.9747],[-94.1178,32.9922]]},"properties":{"id":"ncei-2023-1088067","eventId":"1088067","episodeId":"177867","year":2023,"month":3,"date":"2023-03-02","beginTime":"2023-03-02T17:34:00","endTime":"2023-03-02T17:35:00","timezone":"CST-6","state":"TX","stateName":"Texas","county":"Cass","countyFips":"67","wfo":"SHV","scale":1,"scaleLabel":"EF1","lengthMiles":1.22,"widthYards":475,"deaths":0,"injuries":0,"propertyDamage":25000,"cropDamage":0,"source":"NWS Storm Survey","dataSource":"CSV"}},{"type":"Feature","geometry":{"type":"LineString","coordinates":[[-93.6426,34.2542],[-93.6217,34.2724]]},"properties":{"id":"ncei-2023-1088137","eventId":"1088137","episodeId":"178658","year":2023,"month":3,"date":"2023-03-02","beginTime":"2023-03-02T22:50:00","endTime":"2023-03-02T22:53:00","timezone":"CST-6","state":"AR","stateName":"Arkansas","county":"Pike","countyFips":"109","wfo":"LZK","scale":2,"scaleLabel":"EF2","lengthMiles":1.8,"widthYards":300,"deaths":0,"injuries":5,"propertyDamage":0,"cropDamage":0,"source":"NWS Storm Survey","dataSource":"CSV"}},{"type":"Feature","geometry":{"type":"LineString","coordinates":[[-91.7699,34.3046],[-91.762,34.3126]]},"properties":{"id":"ncei-2023-1088140","eventId":"1088140","episodeId":"178658","year":2023,"month":3,"date":"2023-03-03","beginTime":"2023-03-03T01:57:00","endTime":"2023-03-03T01:58:00","timezone":"CST-6","state":"AR","stateName":"Arkansas","county":"Jefferson","countyFips":"69","wfo":"LZK","scale":0,"scaleLabel":"EF0","lengthMiles":0.7,"widthYards":50,"deaths":0,"injuries":0,"propertyDamage":0,"cropDamage":0,"source":"NWS Storm Survey","dataSource":"CSV"}},{"type":"Feature","geometry":{"type":"LineString","coordinates":[[-92.6149,34.0892],[-92.5579,34.1272]]},"properties":{"id":"ncei-2023-1088142","eventId":"1088142","episodeId":"178658","year":2023,"month":3,"date":"2023-03-03","beginTime":"2023-03-03T00:43:00","endTime":"2023-03-03T00:47:00","timezone":"CST-6","state":"AR","stateName":"Arkansas","county":"Dallas","countyFips":"39","wfo":"LZK","scale":0,"scaleLabel":"EF0","lengthMiles":4.3,"widthYards":100,"deaths":0,"injuries":0,"propertyDamage":0,"cropDamage":0,"source":"NWS Storm Survey","dataSource":"CSV"}},{"type":"Feature","geometry":{"type":"LineString","coordinates":[[-87.595,32.182],[-87.522,32.169]]},"properties":{"id":"ncei-2023-1088193","eventId":"1088193","episodeId":"178115","year":2023,"month":3,"date":"2023-03-26","beginTime":"2023-03-26T19:33:00","endTime":"2023-03-26T19:38:00","timezone":"CST-6","state":"AL","stateName":"Alabama","county":"Marengo","countyFips":"91","wfo":"BMX","scale":2,"scaleLabel":"EF2","lengthMiles":4.35,"widthYards":750,"deaths":0,"injuries":0,"propertyDamage":0,"cropDamage":0,"source":"NWS Storm Survey","dataSource":"CSV"}},{"type":"Feature","geometry":{"type":"LineString","coordinates":[[-86.492,32.448],[-86.478,32.456]]},"properties":{"id":"ncei-2023-1088194","eventId":"1088194","episodeId":"178115","year":2023,"month":3,"date":"2023-03-26","beginTime":"2023-03-26T20:39:00","endTime":"2023-03-26T20:41:00","timezone":"CST-6","state":"AL","stateName":"Alabama","county":"Autauga","countyFips":"1","wfo":"BMX","scale":0,"scaleLabel":"EF0","lengthMiles":1.03,"widthYards":200,"deaths":0,"injuries":0,"propertyDamage":0,"cropDamage":0,"source":"NWS Storm Survey","dataSource":"CSV"}},{"type":"Feature","geometry":{"type":"LineString","coordinates":[[-85.969,32.711],[-85.891,32.714]]},"properties":{"id":"ncei-2023-1088195","eventId":"1088195","episodeId":"178115","year":2023,"month":3,"date":"2023-03-26","beginTime":"2023-03-26T21:22:00","endTime":"2023-03-26T21:27:00","timezone":"CST-6","state":"AL","stateName":"Alabama","county":"Elmore","countyFips":"51","wfo":"BMX","scale":1,"scaleLabel":"EF1","lengthMiles":4.54,"widthYards":1200,"deaths":0,"injuries":0,"propertyDamage":0,"cropDamage":0,"source":"NWS Storm Survey","dataSource":"CSV"}},{"type":"Feature","geometry":{"type":"LineString","coordinates":[[-85.891,32.714],[-85.841,32.719]]},"properties":{"id":"ncei-2023-1088201","eventId":"1088201","episodeId":"178115","year":2023,"month":3,"date":"2023-03-26","beginTime":"2023-03-26T21:27:00","endTime":"2023-03-26T21:29:00","timezone":"CST-6","state":"AL","stateName":"Alabama","county":"Tallapoosa","countyFips":"123","wfo":"BMX","scale":0,"scaleLabel":"EF0","lengthMiles":2.93,"widthYards":950,"deaths":0,"injuries":0,"propertyDamage":0,"cropDamage":0,"source":"NWS Storm Survey","dataSource":"CSV"}},{"type":"Feature","geometry":{"type":"LineString","coordinates":[[-86.008,32.4103],[-85.756,32.474]]},"properties":{"id":"ncei-2023-1088203","eventId":"1088203","episodeId":"178115","year":2023,"month":3,"date":"2023-03-27","beginTime":"2023-03-27T01:41:00","endTime":"2023-03-27T02:06:00","timezone":"CST-6","state":"AL","stateName":"Alabama","county":"Macon","countyFips":"87","wfo":"BMX","scale":2,"scaleLabel":"EF2","lengthMiles":15.41,"widthYards":1450,"deaths":0,"injuries":0,"propertyDamage":0,"cropDamage":0,"source":"NWS Storm Survey","dataSource":"CSV"}},{"type":"Feature","geometry":{"type":"LineString","coordinates":[[-89.5223,39.8448],[-89.353,39.9176]]},"properties":{"id":"ncei-2023-1088251","eventId":"1088251","episodeId":"178024","year":2023,"month":3,"date":"2023-03-31","beginTime":"2023-03-31T17:18:00","endTime":"2023-03-31T17:32:00","timezone":"CST-6","state":"IL","stateName":"Illinois","county":"Sangamon","countyFips":"167","wfo":"ILX","scale":2,"scaleLabel":"EF2","lengthMiles":10.29,"widthYards":200,"deaths":0,"injuries":0,"propertyDamage":0,"cropDamage":0,"source":"NWS Storm Survey","dataSource":"CSV"}},{"type":"Feature","geometry":{"type":"LineString","coordinates":[[-89.353,39.9176],[-89.1605,39.9657]]},"properties":{"id":"ncei-2023-1088253","eventId":"1088253","episodeId":"178024","year":2023,"month":3,"date":"2023-03-31","beginTime":"2023-03-31T17:32:00","endTime":"2023-03-31T17:46:00","timezone":"CST-6","state":"IL","stateName":"Illinois","county":"Logan","countyFips":"107","wfo":"ILX","scale":2,"scaleLabel":"EF2","lengthMiles":10.72,"widthYards":200,"deaths":0,"injuries":0,"propertyDamage":0,"cropDamage":0,"source":"NWS Storm Survey","dataSource":"CSV"}},{"type":"Feature","geometry":{"type":"LineString","coordinates":[[-87.9245,40.405],[-87.8226,40.4873]]},"properties":{"id":"ncei-2023-1088275","eventId":"1088275","episodeId":"178024","year":2023,"month":3,"date":"2023-03-31","beginTime":"2023-03-31T18:57:00","endTime":"2023-03-31T19:04:00","timezone":"CST-6","state":"IL","stateName":"Illinois","county":"Vermilion","countyFips":"183","wfo":"ILX","scale":1,"scaleLabel":"EF1","lengthMiles":7.81,"widthYards":300,"deaths":0,"injuries":0,"propertyDamage":0,"cropDamage":0,"source":"NWS Storm Survey","dataSource":"CSV"}},{"type":"Feature","geometry":{"type":"LineString","coordinates":[[-88.0604,38.9018],[-87.9451,38.9297]]},"properties":{"id":"ncei-2023-1088281","eventId":"1088281","episodeId":"178024","year":2023,"month":3,"date":"2023-03-31","beginTime":"2023-03-31T19:58:00","endTime":"2023-03-31T20:03:00","timezone":"CST-6","state":"IL","stateName":"Illinois","county":"Jasper","countyFips":"79","wfo":"ILX","scale":0,"scaleLabel":"EF0","lengthMiles":6.49,"widthYards":200,"deaths":0,"injuries":0,"propertyDamage":0,"cropDamage":0,"source":"NWS Storm Survey","dataSource":"CSV"}},{"type":"Feature","geometry":{"type":"LineString","coordinates":[[-87.9451,38.9297],[-87.5735,39.0308]]},"properties":{"id":"ncei-2023-1088285","eventId":"1088285","episodeId":"178024","year":2023,"month":3,"date":"2023-03-31","beginTime":"2023-03-31T20:03:00","endTime":"2023-03-31T20:21:00","timezone":"CST-6","state":"IL","stateName":"Illinois","county":"Crawford","countyFips":"33","wfo":"ILX","scale":3,"scaleLabel":"EF3","lengthMiles":21.15,"widthYards":700,"deaths":3,"injuries":8,"propertyDamage":0,"cropDamage":0,"source":"NWS Storm Survey","dataSource":"CSV"}},{"type":"Feature","geometry":{"type":"LineString","coordinates":[[-105.5528,41.3501],[-105.5012,41.3698]]},"properties":{"id":"ncei-2023-1088367","eventId":"1088367","episodeId":"178808","year":2023,"month":5,"date":"2023-05-18","beginTime":"2023-05-18T10:28:00","endTime":"2023-05-18T10:42:00","timezone":"MST-7","state":"WY","stateName":"Wyoming","county":"Albany","countyFips":"1","wfo":"CYS","scale":-1,"scaleLabel":"Unknown","lengthMiles":3,"widthYards":100,"deaths":0,"injuries":0,"propertyDamage":0,"cropDamage":0,"source":"Trained Spotter","dataSource":"CSV"}},{"type":"Feature","geometry":{"type":"LineString","coordinates":[[-89.0796,42.258],[-88.9995,42.3172]]},"properties":{"id":"ncei-2023-1088418","eventId":"1088418","episodeId":"178474","year":2023,"month":3,"date":"2023-03-31","beginTime":"2023-03-31T18:31:00","endTime":"2023-03-31T18:38:00","timezone":"CST-6","state":"IL","stateName":"Illinois","county":"Winnebago","countyFips":"201","wfo":"LOT","scale":1,"scaleLabel":"EF1","lengthMiles":5.79,"widthYards":300,"deaths":0,"injuries":0,"propertyDamage":0,"cropDamage":0,"source":"NWS Storm Survey","dataSource":"CSV"}},{"type":"Feature","geometry":{"type":"LineString","coordinates":[[-90.7929,34.6089],[-90.7455,34.6174]]},"properties":{"id":"ncei-2023-1088598","eventId":"1088598","episodeId":"178732","year":2023,"month":3,"date":"2023-03-31","beginTime":"2023-03-31T18:03:00","endTime":"2023-03-31T18:06:00","timezone":"CST-6","state":"AR","stateName":"Arkansas","county":"Phillips","countyFips":"107","wfo":"MEG","scale":-1,"scaleLabel":"Unknown","lengthMiles":2.76,"widthYards":100,"deaths":0,"injuries":0,"propertyDamage":0,"cropDamage":0,"source":"NWS Storm Survey","dataSource":"CSV"}},{"type":"Feature","geometry":{"type":"LineString","coordinates":[[-89.5176,34.9168],[-89.3831,34.9569]]},"properties":{"id":"ncei-2023-1088599","eventId":"1088599","episodeId":"178733","year":2023,"month":3,"date":"2023-03-31","beginTime":"2023-03-31T19:27:00","endTime":"2023-03-31T19:37:00","timezone":"CST-6","state":"MS","stateName":"Mississippi","county":"Marshall","countyFips":"93","wfo":"MEG","scale":1,"scaleLabel":"EF1","lengthMiles":8.11,"widthYards":100,"deaths":0,"injuries":0,"propertyDamage":100000,"cropDamage":0,"source":"NWS Storm Survey","dataSource":"CSV"}},{"type":"Feature","geometry":{"type":"LineString","coordinates":[[-89.1092,35.0767],[-88.9097,35.16]]},"properties":{"id":"ncei-2023-1088600","eventId":"1088600","episodeId":"178734","year":2023,"month":3,"date":"2023-03-31","beginTime":"2023-03-31T19:55:00","endTime":"2023-03-31T20:09:00","timezone":"CST-6","state":"TN","stateName":"Tennessee","county":"Hardeman","countyFips":"69","wfo":"MEG","scale":2,"scaleLabel":"EF2","lengthMiles":12.78,"widthYards":450,"deaths":0,"injuries":0,"propertyDamage":250000,"cropDamage":0,"source":"NWS Storm Survey","dataSource":"CSV"}},{"type":"Feature","geometry":{"type":"LineString","coordinates":[[-88.5391,36.0098],[-88.5397,36.028]]},"properties":{"id":"ncei-2023-1088601","eventId":"1088601","episodeId":"178734","year":2023,"month":3,"date":"2023-03-31","beginTime":"2023-03-31T21:10:00","endTime":"2023-03-31T21:11:00","timezone":"CST-6","state":"TN","stateName":"Tennessee","county":"Carroll","countyFips":"17","wfo":"MEG","scale":0,"scaleLabel":"EF0","lengthMiles":1.33,"widthYards":50,"deaths":0,"injuries":0,"propertyDamage":30000,"cropDamage":0,"source":"NWS Storm Survey","dataSource":"CSV"}},{"type":"Feature","geometry":{"type":"LineString","coordinates":[[-88.1905,36.0984],[-88.1798,36.1009]]},"properties":{"id":"ncei-2023-1088602","eventId":"1088602","episodeId":"178734","year":2023,"month":3,"date":"2023-03-31","beginTime":"2023-03-31T21:29:00","endTime":"2023-03-31T21:30:00","timezone":"CST-6","state":"TN","stateName":"Tennessee","county":"Benton","countyFips":"5","wfo":"MEG","scale":0,"scaleLabel":"EF0","lengthMiles":0.62,"widthYards":50,"deaths":0,"injuries":0,"propertyDamage":15000,"cropDamage":0,"source":"NWS Storm Survey","dataSource":"CSV"}},{"type":"Feature","geometry":{"type":"LineString","coordinates":[[-90.3381,34.7066],[-90.2022,34.7782]]},"properties":{"id":"ncei-2023-1088603","eventId":"1088603","episodeId":"178733","year":2023,"month":3,"date":"2023-03-31","beginTime":"2023-03-31T18:31:00","endTime":"2023-03-31T18:40:00","timezone":"CST-6","state":"MS","stateName":"Mississippi","county":"Tunica","countyFips":"143","wfo":"MEG","scale":1,"scaleLabel":"EF1","lengthMiles":9.16,"widthYards":1200,"deaths":0,"injuries":0,"propertyDamage":300000,"cropDamage":0,"source":"NWS Storm Survey","dataSource":"CSV"}},{"type":"Feature","geometry":{"type":"LineString","coordinates":[[-90.2022,34.7782],[-90.026,34.911]]},"properties":{"id":"ncei-2023-1088604","eventId":"1088604","episodeId":"178733","year":2023,"month":3,"date":"2023-03-31","beginTime":"2023-03-31T18:40:00","endTime":"2023-03-31T19:02:00","timezone":"CST-6","state":"MS","stateName":"Mississippi","county":"De Soto","countyFips":"33","wfo":"MEG","scale":2,"scaleLabel":"EF2","lengthMiles":13.57,"widthYards":1200,"deaths":0,"injuries":0,"propertyDamage":2000000,"cropDamage":0,"source":"NWS Storm Survey","dataSource":"CSV"}},{"type":"Feature","geometry":{"type":"LineString","coordinates":[[-103.059,34.347],[-103.057,34.34]]},"properties":{"id":"ncei-2023-1088945","eventId":"1088945","episodeId":"178881","year":2023,"month":5,"date":"2023-05-23","beginTime":"2023-05-23T15:57:00","endTime":"2023-05-23T16:01:00","timezone":"MST-7","state":"NM","stateName":"New Mexico","county":"Curry","countyFips":"9","wfo":"ABQ","scale":-1,"scaleLabel":"Unknown","lengthMiles":0.5,"widthYards":20,"deaths":0,"injuries":0,"propertyDamage":0,"cropDamage":0,"source":"NWS Employee","dataSource":"CSV"}},{"type":"Feature","geometry":{"type":"LineString","coordinates":[[-92.4824,34.7251],[-92.07,34.88]]},"properties":{"id":"ncei-2023-1089117","eventId":"1089117","episodeId":"178877","year":2023,"month":3,"date":"2023-03-31","beginTime":"2023-03-31T13:18:00","endTime":"2023-03-31T13:47:00","timezone":"CST-6","state":"AR","stateName":"Arkansas","county":"Pulaski","countyFips":"119","wfo":"LZK","scale":3,"scaleLabel":"EF3","lengthMiles":25.73,"widthYards":800,"deaths":1,"injuries":54,"propertyDamage":85710000,"cropDamage":0,"source":"NWS Storm Survey","dataSource":"CSV"}},{"type":"Feature","geometry":{"type":"LineString","coordinates":[[-92.07,34.88],[-91.9421,34.9444]]},"properties":{"id":"ncei-2023-1089120","eventId":"1089120","episodeId":"178877","year":2023,"month":3,"date":"2023-03-31","beginTime":"2023-03-31T13:47:00","endTime":"2023-03-31T13:58:00","timezone":"CST-6","state":"AR","stateName":"Arkansas","county":"Lonoke","countyFips":"85","wfo":"LZK","scale":2,"scaleLabel":"EF2","lengthMiles":8.5,"widthYards":800,"deaths":0,"injuries":0,"propertyDamage":4290000,"cropDamage":0,"source":"NWS Storm Survey","dataSource":"CSV"}},{"type":"Feature","geometry":{"type":"LineString","coordinates":[[-90.9611,35.1818],[-90.5042,35.2949]]},"properties":{"id":"ncei-2023-1089126","eventId":"1089126","episodeId":"178732","year":2023,"month":3,"date":"2023-03-31","beginTime":"2023-03-31T15:30:00","endTime":"2023-03-31T16:05:00","timezone":"CST-6","state":"AR","stateName":"Arkansas","county":"Cross","countyFips":"37","wfo":"MEG","scale":3,"scaleLabel":"EF3","lengthMiles":26.94,"widthYards":1600,"deaths":4,"injuries":26,"propertyDamage":150000000,"cropDamage":0,"source":"NWS Storm Survey","dataSource":"CSV"}},{"type":"Feature","geometry":{"type":"LineString","coordinates":[[-90.5042,35.2949],[-90.1708,35.3768]]},"properties":{"id":"ncei-2023-1089127","eventId":"1089127","episodeId":"178732","year":2023,"month":3,"date":"2023-03-31","beginTime":"2023-03-31T16:05:00","endTime":"2023-03-31T16:26:00","timezone":"CST-6","state":"AR","stateName":"Arkansas","county":"Crittenden","countyFips":"35","wfo":"MEG","scale":2,"scaleLabel":"EF2","lengthMiles":19.63,"widthYards":1600,"deaths":0,"injuries":0,"propertyDamage":250000,"cropDamage":0,"source":"NWS Storm Survey","dataSource":"CSV"}},{"type":"Feature","geometry":{"type":"LineString","coordinates":[[-90.1708,35.3768],[-90.1447,35.3908]]},"properties":{"id":"ncei-2023-1089128","eventId":"1089128","episodeId":"178734","year":2023,"month":3,"date":"2023-03-31","beginTime":"2023-03-31T16:26:00","endTime":"2023-03-31T16:28:00","timezone":"CST-6","state":"TN","stateName":"Tennessee","county":"Tipton","countyFips":"167","wfo":"MEG","scale":2,"scaleLabel":"EF2","lengthMiles":1.76,"widthYards":1600,"deaths":0,"injuries":0,"propertyDamage":10000,"cropDamage":0,"source":"NWS Storm Survey","dataSource":"CSV"}},{"type":"Feature","geometry":{"type":"LineString","coordinates":[[-90.1447,35.3908],[-90.1092,35.4065]]},"properties":{"id":"ncei-2023-1089129","eventId":"1089129","episodeId":"178732","year":2023,"month":3,"date":"2023-03-31","beginTime":"2023-03-31T16:28:00","endTime":"2023-03-31T16:31:00","timezone":"CST-6","state":"AR","stateName":"Arkansas","county":"Crittenden","countyFips":"35","wfo":"MEG","scale":2,"scaleLabel":"EF2","lengthMiles":2.27,"widthYards":1600,"deaths":0,"injuries":0,"propertyDamage":15000,"cropDamage":0,"source":"NWS Storm Survey","dataSource":"CSV"}},{"type":"Feature","geometry":{"type":"LineString","coordinates":[[-90.1092,35.4065],[-90.0683,35.4212]]},"properties":{"id":"ncei-2023-1089130","eventId":"1089130","episodeId":"178734","year":2023,"month":3,"date":"2023-03-31","beginTime":"2023-03-31T16:31:00","endTime":"2023-03-31T16:34:00","timezone":"CST-6","state":"TN","stateName":"Tennessee","county":"Tipton","countyFips":"167","wfo":"MEG","scale":3,"scaleLabel":"EF3","lengthMiles":2.52,"widthYards":1600,"deaths":0,"injuries":0,"propertyDamage":20000,"cropDamage":0,"source":"NWS Storm Survey","dataSource":"CSV"}},{"type":"Feature","geometry":{"type":"LineString","coordinates":[[-90.0683,35.4212],[-90.0034,35.4394]]},"properties":{"id":"ncei-2023-1089131","eventId":"1089131","episodeId":"178732","year":2023,"month":3,"date":"2023-03-31","beginTime":"2023-03-31T16:34:00","endTime":"2023-03-31T16:38:00","timezone":"CST-6","state":"AR","stateName":"Arkansas","county":"Mississippi","countyFips":"93","wfo":"MEG","scale":3,"scaleLabel":"EF3","lengthMiles":3.86,"widthYards":1600,"deaths":0,"injuries":0,"propertyDamage":25000,"cropDamage":0,"source":"NWS Storm Survey","dataSource":"CSV"}},{"type":"Feature","geometry":{"type":"LineString","coordinates":[[-90.0034,35.4394],[-89.7552,35.5392]]},"properties":{"id":"ncei-2023-1089134","eventId":"1089134","episodeId":"178734","year":2023,"month":3,"date":"2023-03-31","beginTime":"2023-03-31T16:38:00","endTime":"2023-03-31T16:54:00","timezone":"CST-6","state":"TN","stateName":"Tennessee","county":"Tipton","countyFips":"167","wfo":"MEG","scale":2,"scaleLabel":"EF2","lengthMiles":15.57,"widthYards":1600,"deaths":0,"injuries":0,"propertyDamage":250000,"cropDamage":0,"source":"NWS Storm Survey","dataSource":"CSV"}},{"type":"Feature","geometry":{"type":"LineString","coordinates":[[-84.8827,40.3931],[-84.857,40.4039]]},"properties":{"id":"ncei-2023-1089173","eventId":"1089173","episodeId":"177975","year":2023,"month":3,"date":"2023-03-31","beginTime":"2023-03-31T23:19:00","endTime":"2023-03-31T23:22:00","timezone":"EST-5","state":"IN","stateName":"Indiana","county":"Jay","countyFips":"75","wfo":"IWX","scale":0,"scaleLabel":"EF0","lengthMiles":1.54,"widthYards":175,"deaths":0,"injuries":0,"propertyDamage":0,"cropDamage":0,"source":"NWS Storm Survey","dataSource":"CSV"}},{"type":"Feature","geometry":{"type":"LineString","coordinates":[[-89.8323,35.4621],[-89.499,35.577]]},"properties":{"id":"ncei-2023-1089395","eventId":"1089395","episodeId":"178734","year":2023,"month":3,"date":"2023-03-31","beginTime":"2023-03-31T16:48:00","endTime":"2023-03-31T17:09:00","timezone":"CST-6","state":"TN","stateName":"Tennessee","county":"Tipton","countyFips":"167","wfo":"MEG","scale":3,"scaleLabel":"EF3","lengthMiles":20.36,"widthYards":2000,"deaths":1,"injuries":28,"propertyDamage":80000000,"cropDamage":0,"source":"NWS Storm Survey","dataSource":"CSV"}},{"type":"Feature","geometry":{"type":"LineString","coordinates":[[-89.499,35.577],[-89.1838,35.6696]]},"properties":{"id":"ncei-2023-1089396","eventId":"1089396","episodeId":"178734","year":2023,"month":3,"date":"2023-03-31","beginTime":"2023-03-31T17:09:00","endTime":"2023-03-31T17:29:00","timezone":"CST-6","state":"TN","stateName":"Tennessee","county":"Haywood","countyFips":"75","wfo":"MEG","scale":1,"scaleLabel":"EF1","lengthMiles":18.82,"widthYards":1300,"deaths":0,"injuries":0,"propertyDamage":50000,"cropDamage":0,"source":"NWS Storm Survey","dataSource":"CSV"}},{"type":"Feature","geometry":{"type":"LineString","coordinates":[[-88.6067,35.2128],[-88.366,35.318]]},"properties":{"id":"ncei-2023-1089412","eventId":"1089412","episodeId":"178734","year":2023,"month":3,"date":"2023-03-31","beginTime":"2023-03-31T20:30:00","endTime":"2023-03-31T20:48:00","timezone":"CST-6","state":"TN","stateName":"Tennessee","county":"Mcnairy","countyFips":"109","wfo":"MEG","scale":2,"scaleLabel":"EF2","lengthMiles":15.4,"widthYards":800,"deaths":0,"injuries":0,"propertyDamage":350000,"cropDamage":0,"source":"NWS Storm Survey","dataSource":"CSV"}},{"type":"Feature","geometry":{"type":"LineString","coordinates":[[-88.366,35.318],[-88.3119,35.3432]]},"properties":{"id":"ncei-2023-1089413","eventId":"1089413","episodeId":"178734","year":2023,"month":3,"date":"2023-03-31","beginTime":"2023-03-31T20:48:00","endTime":"2023-03-31T20:51:00","timezone":"CST-6","state":"TN","stateName":"Tennessee","county":"Hardin","countyFips":"71","wfo":"MEG","scale":2,"scaleLabel":"EF2","lengthMiles":3.51,"widthYards":500,"deaths":0,"injuries":0,"propertyDamage":150000,"cropDamage":0,"source":"NWS Storm Survey","dataSource":"CSV"}},{"type":"Feature","geometry":{"type":"LineString","coordinates":[[-88.8175,35.1559],[-88.785,35.167]]},"properties":{"id":"ncei-2023-1089414","eventId":"1089414","episodeId":"178734","year":2023,"month":3,"date":"2023-03-31","beginTime":"2023-03-31T22:04:00","endTime":"2023-03-31T22:06:00","timezone":"CST-6","state":"TN","stateName":"Tennessee","county":"Hardeman","countyFips":"69","wfo":"MEG","scale":1,"scaleLabel":"EF1","lengthMiles":1.99,"widthYards":800,"deaths":0,"injuries":0,"propertyDamage":25000,"cropDamage":0,"source":"NWS Storm Survey","dataSource":"CSV"}},{"type":"Feature","geometry":{"type":"LineString","coordinates":[[-88.785,35.167],[-88.368,35.268]]},"properties":{"id":"ncei-2023-1089415","eventId":"1089415","episodeId":"178734","year":2023,"month":3,"date":"2023-03-31","beginTime":"2023-03-31T22:06:00","endTime":"2023-03-31T22:31:00","timezone":"CST-6","state":"TN","stateName":"Tennessee","county":"Mcnairy","countyFips":"109","wfo":"MEG","scale":3,"scaleLabel":"EF3","lengthMiles":24.55,"widthYards":1400,"deaths":9,"injuries":21,"propertyDamage":20000000,"cropDamage":0,"source":"NWS Storm Survey","dataSource":"CSV"}},{"type":"Feature","geometry":{"type":"LineString","coordinates":[[-88.368,35.268],[-88.009,35.356]]},"properties":{"id":"ncei-2023-1089416","eventId":"1089416","episodeId":"178734","year":2023,"month":3,"date":"2023-03-31","beginTime":"2023-03-31T22:31:00","endTime":"2023-03-31T22:56:00","timezone":"CST-6","state":"TN","stateName":"Tennessee","county":"Hardin","countyFips":"71","wfo":"MEG","scale":3,"scaleLabel":"EF3","lengthMiles":21.13,"widthYards":1400,"deaths":0,"injuries":0,"propertyDamage":4000000,"cropDamage":0,"source":"NWS Storm Survey","dataSource":"CSV"}},{"type":"Feature","geometry":{"type":"LineString","coordinates":[[-87.5708,39.0313],[-87.3442,39.097]]},"properties":{"id":"ncei-2023-1089561","eventId":"1089561","episodeId":"177653","year":2023,"month":3,"date":"2023-03-31","beginTime":"2023-03-31T21:21:00","endTime":"2023-03-31T21:33:00","timezone":"EST-5","state":"IN","stateName":"Indiana","county":"Sullivan","countyFips":"153","wfo":"IND","scale":3,"scaleLabel":"EF3","lengthMiles":13.25,"widthYards":660,"deaths":3,"injuries":8,"propertyDamage":18160000,"cropDamage":0,"source":"NWS Storm Survey","dataSource":"CSV"}},{"type":"Feature","geometry":{"type":"LineString","coordinates":[[-86.6963,40.1378],[-86.6957,40.1383]]},"properties":{"id":"ncei-2023-1089562","eventId":"1089562","episodeId":"177653","year":2023,"month":3,"date":"2023-03-31","beginTime":"2023-03-31T21:43:00","endTime":"2023-03-31T21:44:00","timezone":"EST-5","state":"IN","stateName":"Indiana","county":"Montgomery","countyFips":"107","wfo":"IND","scale":0,"scaleLabel":"EF0","lengthMiles":0.04,"widthYards":50,"deaths":0,"injuries":0,"propertyDamage":10000,"cropDamage":0,"source":"NWS Storm Survey","dataSource":"CSV"}},{"type":"Feature","geometry":{"type":"LineString","coordinates":[[-86.7171,40.154],[-86.6958,40.1646]]},"properties":{"id":"ncei-2023-1089563","eventId":"1089563","episodeId":"177653","year":2023,"month":3,"date":"2023-03-31","beginTime":"2023-03-31T21:43:00","endTime":"2023-03-31T21:44:00","timezone":"EST-5","state":"IN","stateName":"Indiana","county":"Montgomery","countyFips":"107","wfo":"IND","scale":1,"scaleLabel":"EF1","lengthMiles":1.35,"widthYards":100,"deaths":0,"injuries":0,"propertyDamage":25000,"cropDamage":0,"source":"NWS Storm Survey","dataSource":"CSV"}},{"type":"Feature","geometry":{"type":"LineString","coordinates":[[-86.7282,39.2978],[-86.6854,39.3089]]},"properties":{"id":"ncei-2023-1089564","eventId":"1089564","episodeId":"177653","year":2023,"month":3,"date":"2023-03-31","beginTime":"2023-03-31T22:01:00","endTime":"2023-03-31T22:03:00","timezone":"EST-5","state":"IN","stateName":"Indiana","county":"Owen","countyFips":"119","wfo":"IND","scale":3,"scaleLabel":"EF3","lengthMiles":2.42,"widthYards":400,"deaths":2,"injuries":2,"propertyDamage":1566000,"cropDamage":0,"source":"NWS Storm Survey","dataSource":"CSV"}},{"type":"Feature","geometry":{"type":"LineString","coordinates":[[-86.2742,40.3967],[-86.2656,40.4073]]},"properties":{"id":"ncei-2023-1089565","eventId":"1089565","episodeId":"177653","year":2023,"month":3,"date":"2023-03-31","beginTime":"2023-03-31T22:11:00","endTime":"2023-03-31T22:12:00","timezone":"EST-5","state":"IN","stateName":"Indiana","county":"Howard","countyFips":"67","wfo":"IND","scale":0,"scaleLabel":"EF0","lengthMiles":0.86,"widthYards":10,"deaths":0,"injuries":0,"propertyDamage":150000,"cropDamage":0,"source":"NWS Storm Survey","dataSource":"CSV"}},{"type":"Feature","geometry":{"type":"LineString","coordinates":[[-86.4618,39.3865],[-86.315,39.4363]]},"properties":{"id":"ncei-2023-1089566","eventId":"1089566","episodeId":"177653","year":2023,"month":3,"date":"2023-03-31","beginTime":"2023-03-31T22:12:00","endTime":"2023-03-31T22:22:00","timezone":"EST-5","state":"IN","stateName":"Indiana","county":"Morgan","countyFips":"109","wfo":"IND","scale":2,"scaleLabel":"EF2","lengthMiles":8.6,"widthYards":200,"deaths":0,"injuries":0,"propertyDamage":7520000,"cropDamage":0,"source":"NWS Storm Survey","dataSource":"CSV"}},{"type":"Feature","geometry":{"type":"LineString","coordinates":[[-86.1946,40.4254],[-86.192,40.4254]]},"properties":{"id":"ncei-2023-1089567","eventId":"1089567","episodeId":"177653","year":2023,"month":3,"date":"2023-03-31","beginTime":"2023-03-31T22:15:00","endTime":"2023-03-31T22:16:00","timezone":"EST-5","state":"IN","stateName":"Indiana","county":"Howard","countyFips":"67","wfo":"IND","scale":0,"scaleLabel":"EF0","lengthMiles":0.14,"widthYards":10,"deaths":0,"injuries":0,"propertyDamage":150000,"cropDamage":0,"source":"NWS Storm Survey","dataSource":"CSV"}},{"type":"Feature","geometry":{"type":"LineString","coordinates":[[-86.0199,40.4207],[-85.9295,40.4762]]},"properties":{"id":"ncei-2023-1089568","eventId":"1089568","episodeId":"177653","year":2023,"month":3,"date":"2023-03-31","beginTime":"2023-03-31T22:20:00","endTime":"2023-03-31T22:27:00","timezone":"EST-5","state":"IN","stateName":"Indiana","county":"Howard","countyFips":"67","wfo":"IND","scale":1,"scaleLabel":"EF1","lengthMiles":6.35,"widthYards":25,"deaths":0,"injuries":1,"propertyDamage":900000,"cropDamage":0,"source":"NWS Storm Survey","dataSource":"CSV"}},{"type":"Feature","geometry":{"type":"LineString","coordinates":[[-86.1738,39.4955],[-86.1419,39.5087]]},"properties":{"id":"ncei-2023-1089569","eventId":"1089569","episodeId":"177653","year":2023,"month":3,"date":"2023-03-31","beginTime":"2023-03-31T22:27:00","endTime":"2023-03-31T22:30:00","timezone":"EST-5","state":"IN","stateName":"Indiana","county":"Johnson","countyFips":"81","wfo":"IND","scale":0,"scaleLabel":"EF0","lengthMiles":1.93,"widthYards":25,"deaths":0,"injuries":0,"propertyDamage":800000,"cropDamage":0,"source":"NWS Storm Survey","dataSource":"CSV"}},{"type":"Feature","geometry":{"type":"LineString","coordinates":[[-86.1042,39.5363],[-86.0142,39.573]]},"properties":{"id":"ncei-2023-1089570","eventId":"1089570","episodeId":"177653","year":2023,"month":3,"date":"2023-03-31","beginTime":"2023-03-31T22:33:00","endTime":"2023-03-31T22:41:00","timezone":"EST-5","state":"IN","stateName":"Indiana","county":"Johnson","countyFips":"81","wfo":"IND","scale":3,"scaleLabel":"EF3","lengthMiles":5.48,"widthYards":316,"deaths":0,"injuries":0,"propertyDamage":6670000,"cropDamage":0,"source":"NWS Storm Survey","dataSource":"CSV"}},{"type":"Feature","geometry":{"type":"LineString","coordinates":[[-89.223,34.189],[-89.121,34.208]]},"properties":{"id":"ncei-2023-1089588","eventId":"1089588","episodeId":"178733","year":2023,"month":3,"date":"2023-03-31","beginTime":"2023-03-31T23:52:00","endTime":"2023-03-31T23:59:00","timezone":"CST-6","state":"MS","stateName":"Mississippi","county":"Pontotoc","countyFips":"115","wfo":"MEG","scale":2,"scaleLabel":"EF2","lengthMiles":5.97,"widthYards":475,"deaths":0,"injuries":0,"propertyDamage":3000000,"cropDamage":0,"source":"NWS Storm Survey","dataSource":"CSV"}},{"type":"Feature","geometry":{"type":"LineString","coordinates":[[-89.121,34.208],[-88.8273,34.2337]]},"properties":{"id":"ncei-2023-1089589","eventId":"1089589","episodeId":"179007","year":2023,"month":4,"date":"2023-04-01","beginTime":"2023-04-01T00:00:00","endTime":"2023-04-01T00:21:00","timezone":"CST-6","state":"MS","stateName":"Mississippi","county":"Pontotoc","countyFips":"115","wfo":"MEG","scale":2,"scaleLabel":"EF2","lengthMiles":16.87,"widthYards":475,"deaths":1,"injuries":5,"propertyDamage":0,"cropDamage":0,"source":"NWS Storm Survey","dataSource":"CSV"}},{"type":"Feature","geometry":{"type":"LineString","coordinates":[[-88.8316,34.463],[-88.789,34.464]]},"properties":{"id":"ncei-2023-1089590","eventId":"1089590","episodeId":"178733","year":2023,"month":3,"date":"2023-03-31","beginTime":"2023-03-31T23:46:00","endTime":"2023-03-31T23:49:00","timezone":"CST-6","state":"MS","stateName":"Mississippi","county":"Union","countyFips":"145","wfo":"MEG","scale":1,"scaleLabel":"EF1","lengthMiles":2.43,"widthYards":500,"deaths":0,"injuries":0,"propertyDamage":15000,"cropDamage":0,"source":"NWS Storm Survey","dataSource":"CSV"}},{"type":"Feature","geometry":{"type":"LineString","coordinates":[[-88.789,34.464],[-88.603,34.484]]},"properties":{"id":"ncei-2023-1089591","eventId":"1089591","episodeId":"178733","year":2023,"month":3,"date":"2023-03-31","beginTime":"2023-03-31T23:49:00","endTime":"2023-03-31T23:59:00","timezone":"CST-6","state":"MS","stateName":"Mississippi","county":"Lee","countyFips":"81","wfo":"MEG","scale":2,"scaleLabel":"EF2","lengthMiles":10.68,"widthYards":750,"deaths":0,"injuries":0,"propertyDamage":1000000,"cropDamage":0,"source":"NWS Storm Survey","dataSource":"CSV"}},{"type":"Feature","geometry":{"type":"LineString","coordinates":[[-88.603,34.484],[-88.5753,34.4884]]},"properties":{"id":"ncei-2023-1089592","eventId":"1089592","episodeId":"179007","year":2023,"month":4,"date":"2023-04-01","beginTime":"2023-04-01T00:00:00","endTime":"2023-04-01T00:02:00","timezone":"CST-6","state":"MS","stateName":"Mississippi","county":"Lee","countyFips":"81","wfo":"MEG","scale":2,"scaleLabel":"EF2","lengthMiles":1.61,"widthYards":750,"deaths":0,"injuries":0,"propertyDamage":0,"cropDamage":0,"source":"NWS Storm Survey","dataSource":"CSV"}},{"type":"Feature","geometry":{"type":"LineString","coordinates":[[-96.7362,38.3203],[-96.7353,38.3208]]},"properties":{"id":"ncei-2023-1089735","eventId":"1089735","episodeId":"178125","year":2023,"month":4,"date":"2023-04-19","beginTime":"2023-04-19T19:09:00","endTime":"2023-04-19T19:10:00","timezone":"CST-6","state":"KS","stateName":"Kansas","county":"Chase","countyFips":"17","wfo":"ICT","scale":1,"scaleLabel":"EF1","lengthMiles":0.06,"widthYards":75,"deaths":0,"injuries":0,"propertyDamage":0,"cropDamage":0,"source":"NWS Storm Survey","dataSource":"CSV"}},{"type":"Feature","geometry":{"type":"LineString","coordinates":[[-96.6803,38.3376],[-96.6772,38.3379]]},"properties":{"id":"ncei-2023-1089740","eventId":"1089740","episodeId":"178125","year":2023,"month":4,"date":"2023-04-19","beginTime":"2023-04-19T19:17:00","endTime":"2023-04-19T19:18:00","timezone":"CST-6","state":"KS","stateName":"Kansas","county":"Chase","countyFips":"17","wfo":"ICT","scale":0,"scaleLabel":"EF0","lengthMiles":0.2,"widthYards":25,"deaths":0,"injuries":0,"propertyDamage":0,"cropDamage":0,"source":"NWS Storm Survey","dataSource":"CSV"}},{"type":"Feature","geometry":{"type":"LineString","coordinates":[[-96.6733,38.3524],[-96.6439,38.3726]]},"properties":{"id":"ncei-2023-1089745","eventId":"1089745","episodeId":"178125","year":2023,"month":4,"date":"2023-04-19","beginTime":"2023-04-19T19:18:00","endTime":"2023-04-19T19:22:00","timezone":"CST-6","state":"KS","stateName":"Kansas","county":"Chase","countyFips":"17","wfo":"ICT","scale":0,"scaleLabel":"EF0","lengthMiles":2.12,"widthYards":100,"deaths":0,"injuries":1,"propertyDamage":0,"cropDamage":0,"source":"NWS Storm Survey","dataSource":"CSV"}},{"type":"Feature","geometry":{"type":"LineString","coordinates":[[-96.6332,38.369],[-96.4478,38.4514]]},"properties":{"id":"ncei-2023-1089751","eventId":"1089751","episodeId":"178125","year":2023,"month":4,"date":"2023-04-19","beginTime":"2023-04-19T19:22:00","endTime":"2023-04-19T19:52:00","timezone":"CST-6","state":"KS","stateName":"Kansas","county":"Chase","countyFips":"17","wfo":"ICT","scale":2,"scaleLabel":"EF2","lengthMiles":11.59,"widthYards":880,"deaths":0,"injuries":0,"propertyDamage":0,"cropDamage":0,"source":"NWS Storm Survey","dataSource":"CSV"}},{"type":"Feature","geometry":{"type":"LineString","coordinates":[[-86.6957,40.1383],[-86.6746,40.1572]]},"properties":{"id":"ncei-2023-1089766","eventId":"1089766","episodeId":"177653","year":2023,"month":3,"date":"2023-03-31","beginTime":"2023-03-31T21:44:00","endTime":"2023-03-31T21:45:00","timezone":"EST-5","state":"IN","stateName":"Indiana","county":"Boone","countyFips":"11","wfo":"IND","scale":0,"scaleLabel":"EF0","lengthMiles":1.73,"widthYards":50,"deaths":0,"injuries":0,"propertyDamage":120000,"cropDamage":0,"source":"NWS Storm Survey","dataSource":"CSV"}},{"type":"Feature","geometry":{"type":"LineString","coordinates":[[-86.6854,39.3089],[-86.623,39.3235]]},"properties":{"id":"ncei-2023-1089811","eventId":"1089811","episodeId":"177653","year":2023,"month":3,"date":"2023-03-31","beginTime":"2023-03-31T22:03:00","endTime":"2023-03-31T22:09:00","timezone":"EST-5","state":"IN","stateName":"Indiana","county":"Monroe","countyFips":"105","wfo":"IND","scale":3,"scaleLabel":"EF3","lengthMiles":3.5,"widthYards":400,"deaths":0,"injuries":0,"propertyDamage":1066000,"cropDamage":0,"source":"NWS Storm Survey","dataSource":"CSV"}},{"type":"Feature","geometry":{"type":"LineString","coordinates":[[-86.6958,40.1646],[-86.6655,40.1789]]},"properties":{"id":"ncei-2023-1089837","eventId":"1089837","episodeId":"177653","year":2023,"month":3,"date":"2023-03-31","beginTime":"2023-03-31T21:44:00","endTime":"2023-03-31T21:45:00","timezone":"EST-5","state":"IN","stateName":"Indiana","county":"Boone","countyFips":"11","wfo":"IND","scale":0,"scaleLabel":"EF0","lengthMiles":1.88,"widthYards":100,"deaths":0,"injuries":0,"propertyDamage":150000,"cropDamage":0,"source":"NWS Storm Survey","dataSource":"CSV"}},{"type":"Feature","geometry":{"type":"LineString","coordinates":[[-86.6655,40.1789],[-86.5567,40.2432]]},"properties":{"id":"ncei-2023-1089839","eventId":"1089839","episodeId":"177653","year":2023,"month":3,"date":"2023-03-31","beginTime":"2023-03-31T21:45:00","endTime":"2023-03-31T21:53:00","timezone":"EST-5","state":"IN","stateName":"Indiana","county":"Clinton","countyFips":"23","wfo":"IND","scale":2,"scaleLabel":"EF2","lengthMiles":7.32,"widthYards":100,"deaths":0,"injuries":0,"propertyDamage":700000,"cropDamage":0,"source":"NWS Storm Survey","dataSource":"CSV"}},{"type":"Feature","geometry":{"type":"LineString","coordinates":[[-93.4558,41.1986],[-93.3283,41.3051]]},"properties":{"id":"ncei-2023-1089992","eventId":"1089992","episodeId":"179008","year":2023,"month":4,"date":"2023-04-04","beginTime":"2023-04-04T17:43:00","endTime":"2023-04-04T17:58:00","timezone":"CST-6","state":"IA","stateName":"Iowa","county":"Warren","countyFips":"181","wfo":"DMX","scale":1,"scaleLabel":"EF1","lengthMiles":9.9,"widthYards":130,"deaths":0,"injuries":0,"propertyDamage":60000,"cropDamage":0,"source":"NWS Storm Survey","dataSource":"CSV"}},{"type":"Feature","geometry":{"type":"LineString","coordinates":[[-93.3283,41.3051],[-93.2476,41.3549]]},"properties":{"id":"ncei-2023-1089993","eventId":"1089993","episodeId":"179008","year":2023,"month":4,"date":"2023-04-04","beginTime":"2023-04-04T17:58:00","endTime":"2023-04-04T18:06:00","timezone":"CST-6","state":"IA","stateName":"Iowa","county":"Marion","countyFips":"125","wfo":"DMX","scale":1,"scaleLabel":"EF1","lengthMiles":5.42,"widthYards":100,"deaths":0,"injuries":0,"propertyDamage":40000,"cropDamage":0,"source":"NWS Storm Survey","dataSource":"CSV"}},{"type":"Feature","geometry":{"type":"LineString","coordinates":[[-95.3766,42.124],[-95.3444,42.1363]]},"properties":{"id":"ncei-2023-1089994","eventId":"1089994","episodeId":"179013","year":2023,"month":4,"date":"2023-04-19","beginTime":"2023-04-19T18:56:00","endTime":"2023-04-19T18:59:00","timezone":"CST-6","state":"IA","stateName":"Iowa","county":"Crawford","countyFips":"47","wfo":"DMX","scale":-1,"scaleLabel":"Unknown","lengthMiles":1.85,"widthYards":50,"deaths":0,"injuries":0,"propertyDamage":0,"cropDamage":0,"source":"Storm Chaser","dataSource":"CSV"}},{"type":"Feature","geometry":{"type":"LineString","coordinates":[[-85.8293,31.3592],[-85.8255,31.3614]]},"properties":{"id":"ncei-2023-1089995","eventId":"1089995","episodeId":"179060","year":2023,"month":4,"date":"2023-04-03","beginTime":"2023-04-03T09:36:00","endTime":"2023-04-03T09:38:00","timezone":"CST-6","state":"AL","stateName":"Alabama","county":"Coffee","countyFips":"31","wfo":"TAE","scale":0,"scaleLabel":"EF0","lengthMiles":0.27,"widthYards":50,"deaths":0,"injuries":0,"propertyDamage":25000,"cropDamage":0,"source":"NWS Storm Survey","dataSource":"CSV"}},{"type":"Feature","geometry":{"type":"LineString","coordinates":[[-85.4516,31.248],[-85.4255,31.2417]]},"properties":{"id":"ncei-2023-1089996","eventId":"1089996","episodeId":"179060","year":2023,"month":4,"date":"2023-04-03","beginTime":"2023-04-03T10:13:00","endTime":"2023-04-03T10:15:00","timezone":"CST-6","state":"AL","stateName":"Alabama","county":"Houston","countyFips":"69","wfo":"TAE","scale":1,"scaleLabel":"EF1","lengthMiles":1.6,"widthYards":105,"deaths":0,"injuries":0,"propertyDamage":5000,"cropDamage":0,"source":"NWS Storm Survey","dataSource":"CSV"}},{"type":"Feature","geometry":{"type":"LineString","coordinates":[[-84.5112,30.8719],[-84.4879,30.8731]]},"properties":{"id":"ncei-2023-1089997","eventId":"1089997","episodeId":"179062","year":2023,"month":4,"date":"2023-04-03","beginTime":"2023-04-03T12:40:00","endTime":"2023-04-03T12:42:00","timezone":"EST-5","state":"GA","stateName":"Georgia","county":"Decatur","countyFips":"87","wfo":"TAE","scale":1,"scaleLabel":"EF1","lengthMiles":1.38,"widthYards":150,"deaths":0,"injuries":0,"propertyDamage":0,"cropDamage":0,"source":"NWS Storm Survey","dataSource":"CSV"}},{"type":"Feature","geometry":{"type":"LineString","coordinates":[[-84.4398,30.8838],[-84.4352,30.8802]]},"properties":{"id":"ncei-2023-1089998","eventId":"1089998","episodeId":"179062","year":2023,"month":4,"date":"2023-04-03","beginTime":"2023-04-03T12:48:00","endTime":"2023-04-03T12:49:00","timezone":"EST-5","state":"GA","stateName":"Georgia","county":"Decatur","countyFips":"87","wfo":"TAE","scale":1,"scaleLabel":"EF1","lengthMiles":0.37,"widthYards":250,"deaths":0,"injuries":0,"propertyDamage":25000,"cropDamage":0,"source":"NWS Storm Survey","dataSource":"CSV"}},{"type":"Feature","geometry":{"type":"LineString","coordinates":[[-93.3371,41.3818],[-93.3282,41.3849]]},"properties":{"id":"ncei-2023-1090046","eventId":"1090046","episodeId":"179071","year":2023,"month":5,"date":"2023-05-13","beginTime":"2023-05-13T12:22:00","endTime":"2023-05-13T12:24:00","timezone":"CST-6","state":"IA","stateName":"Iowa","county":"Warren","countyFips":"181","wfo":"DMX","scale":0,"scaleLabel":"EF0","lengthMiles":0.51,"widthYards":40,"deaths":0,"injuries":0,"propertyDamage":500,"cropDamage":0,"source":"Storm Chaser","dataSource":"CSV"}},{"type":"Feature","geometry":{"type":"LineString","coordinates":[[-93.3282,41.3849],[-93.3183,41.388]]},"properties":{"id":"ncei-2023-1090049","eventId":"1090049","episodeId":"179071","year":2023,"month":5,"date":"2023-05-13","beginTime":"2023-05-13T12:24:00","endTime":"2023-05-13T12:26:00","timezone":"CST-6","state":"IA","stateName":"Iowa","county":"Marion","countyFips":"125","wfo":"DMX","scale":0,"scaleLabel":"EF0","lengthMiles":0.56,"widthYards":40,"deaths":0,"injuries":0,"propertyDamage":1000,"cropDamage":0,"source":"Storm Chaser","dataSource":"CSV"}},{"type":"Feature","geometry":{"type":"LineString","coordinates":[[-95.2519,42.5215],[-95.2551,42.5249]]},"properties":{"id":"ncei-2023-1090053","eventId":"1090053","episodeId":"179071","year":2023,"month":5,"date":"2023-05-13","beginTime":"2023-05-13T12:36:00","endTime":"2023-05-13T12:37:00","timezone":"CST-6","state":"IA","stateName":"Iowa","county":"Sac","countyFips":"161","wfo":"DMX","scale":-1,"scaleLabel":"Unknown","lengthMiles":0.28,"widthYards":30,"deaths":0,"injuries":0,"propertyDamage":0,"cropDamage":0,"source":"Storm Chaser","dataSource":"CSV"}},{"type":"Feature","geometry":{"type":"LineString","coordinates":[[-93.0402,41.3311],[-93.0302,41.3311]]},"properties":{"id":"ncei-2023-1090056","eventId":"1090056","episodeId":"179071","year":2023,"month":5,"date":"2023-05-13","beginTime":"2023-05-13T14:23:00","endTime":"2023-05-13T14:25:00","timezone":"CST-6","state":"IA","stateName":"Iowa","county":"Marion","countyFips":"125","wfo":"DMX","scale":-1,"scaleLabel":"Unknown","lengthMiles":0.52,"widthYards":30,"deaths":0,"injuries":0,"propertyDamage":0,"cropDamage":0,"source":"Storm Chaser","dataSource":"CSV"}},{"type":"Feature","geometry":{"type":"LineString","coordinates":[[-92.9993,41.348],[-92.9902,41.3442]]},"properties":{"id":"ncei-2023-1090058","eventId":"1090058","episodeId":"179071","year":2023,"month":5,"date":"2023-05-13","beginTime":"2023-05-13T14:29:00","endTime":"2023-05-13T14:31:00","timezone":"CST-6","state":"IA","stateName":"Iowa","county":"Marion","countyFips":"125","wfo":"DMX","scale":0,"scaleLabel":"EF0","lengthMiles":0.54,"widthYards":50,"deaths":0,"injuries":0,"propertyDamage":10000,"cropDamage":0,"source":"Storm Chaser","dataSource":"CSV"}},{"type":"Feature","geometry":{"type":"LineString","coordinates":[[-92.9586,41.3267],[-92.9461,41.325]]},"properties":{"id":"ncei-2023-1090061","eventId":"1090061","episodeId":"179071","year":2023,"month":5,"date":"2023-05-13","beginTime":"2023-05-13T14:52:00","endTime":"2023-05-13T14:54:00","timezone":"CST-6","state":"IA","stateName":"Iowa","county":"Marion","countyFips":"125","wfo":"DMX","scale":0,"scaleLabel":"EF0","lengthMiles":0.66,"widthYards":40,"deaths":0,"injuries":0,"propertyDamage":1000,"cropDamage":0,"source":"Storm Chaser","dataSource":"CSV"}},{"type":"Feature","geometry":{"type":"LineString","coordinates":[[-94.9017,42.5964],[-94.9059,42.613]]},"properties":{"id":"ncei-2023-1090069","eventId":"1090069","episodeId":"179071","year":2023,"month":5,"date":"2023-05-13","beginTime":"2023-05-13T15:15:00","endTime":"2023-05-13T15:19:00","timezone":"CST-6","state":"IA","stateName":"Iowa","county":"Pocahontas","countyFips":"151","wfo":"DMX","scale":-1,"scaleLabel":"Unknown","lengthMiles":1.17,"widthYards":30,"deaths":0,"injuries":0,"propertyDamage":0,"cropDamage":0,"source":"Storm Chaser","dataSource":"CSV"}},{"type":"Feature","geometry":{"type":"LineString","coordinates":[[-94.8887,42.5506],[-94.8845,42.5591]]},"properties":{"id":"ncei-2023-1090071","eventId":"1090071","episodeId":"179071","year":2023,"month":5,"date":"2023-05-13","beginTime":"2023-05-13T15:51:00","endTime":"2023-05-13T15:53:00","timezone":"CST-6","state":"IA","stateName":"Iowa","county":"Calhoun","countyFips":"25","wfo":"DMX","scale":-1,"scaleLabel":"Unknown","lengthMiles":0.62,"widthYards":30,"deaths":0,"injuries":0,"propertyDamage":0,"cropDamage":0,"source":"Storm Chaser","dataSource":"CSV"}},{"type":"Feature","geometry":{"type":"LineString","coordinates":[[-94.527,42.0118],[-94.5252,42.0178]]},"properties":{"id":"ncei-2023-1090073","eventId":"1090073","episodeId":"179071","year":2023,"month":5,"date":"2023-05-13","beginTime":"2023-05-13T16:18:00","endTime":"2023-05-13T16:20:00","timezone":"CST-6","state":"IA","stateName":"Iowa","county":"Greene","countyFips":"73","wfo":"DMX","scale":-1,"scaleLabel":"Unknown","lengthMiles":0.42,"widthYards":40,"deaths":0,"injuries":0,"propertyDamage":0,"cropDamage":0,"source":"Storm Chaser","dataSource":"CSV"}},{"type":"Feature","geometry":{"type":"LineString","coordinates":[[-93.2755,41.3048],[-93.2726,41.3087]]},"properties":{"id":"ncei-2023-1090075","eventId":"1090075","episodeId":"179071","year":2023,"month":5,"date":"2023-05-13","beginTime":"2023-05-13T17:20:00","endTime":"2023-05-13T17:21:00","timezone":"CST-6","state":"IA","stateName":"Iowa","county":"Marion","countyFips":"125","wfo":"DMX","scale":-1,"scaleLabel":"Unknown","lengthMiles":0.31,"widthYards":30,"deaths":0,"injuries":0,"propertyDamage":0,"cropDamage":0,"source":"Storm Chaser","dataSource":"CSV"}},{"type":"Feature","geometry":{"type":"LineString","coordinates":[[-94.6392,42.5523],[-94.6398,42.5598]]},"properties":{"id":"ncei-2023-1090077","eventId":"1090077","episodeId":"179071","year":2023,"month":5,"date":"2023-05-13","beginTime":"2023-05-13T17:22:00","endTime":"2023-05-13T17:24:00","timezone":"CST-6","state":"IA","stateName":"Iowa","county":"Calhoun","countyFips":"25","wfo":"DMX","scale":-1,"scaleLabel":"Unknown","lengthMiles":0.52,"widthYards":50,"deaths":0,"injuries":0,"propertyDamage":0,"cropDamage":0,"source":"Emergency Manager","dataSource":"CSV"}},{"type":"Feature","geometry":{"type":"LineString","coordinates":[[-94.6398,42.5598],[-94.6432,42.5714]]},"properties":{"id":"ncei-2023-1090079","eventId":"1090079","episodeId":"179071","year":2023,"month":5,"date":"2023-05-13","beginTime":"2023-05-13T17:24:00","endTime":"2023-05-13T17:27:00","timezone":"CST-6","state":"IA","stateName":"Iowa","county":"Pocahontas","countyFips":"151","wfo":"DMX","scale":0,"scaleLabel":"EF0","lengthMiles":0.83,"widthYards":50,"deaths":0,"injuries":0,"propertyDamage":20000,"cropDamage":0,"source":"Emergency Manager","dataSource":"CSV"}},{"type":"Feature","geometry":{"type":"LineString","coordinates":[[-94.7636,42.7573],[-94.7608,42.7637]]},"properties":{"id":"ncei-2023-1090080","eventId":"1090080","episodeId":"179071","year":2023,"month":5,"date":"2023-05-13","beginTime":"2023-05-13T17:26:00","endTime":"2023-05-13T17:28:00","timezone":"CST-6","state":"IA","stateName":"Iowa","county":"Pocahontas","countyFips":"151","wfo":"DMX","scale":-1,"scaleLabel":"Unknown","lengthMiles":0.47,"widthYards":40,"deaths":0,"injuries":0,"propertyDamage":0,"cropDamage":0,"source":"Storm Chaser","dataSource":"CSV"}},{"type":"Feature","geometry":{"type":"LineString","coordinates":[[-93.2069,41.3339],[-93.1894,41.336]]},"properties":{"id":"ncei-2023-1090081","eventId":"1090081","episodeId":"179071","year":2023,"month":5,"date":"2023-05-13","beginTime":"2023-05-13T17:52:00","endTime":"2023-05-13T17:55:00","timezone":"CST-6","state":"IA","stateName":"Iowa","county":"Marion","countyFips":"125","wfo":"DMX","scale":0,"scaleLabel":"EF0","lengthMiles":0.92,"widthYards":50,"deaths":0,"injuries":0,"propertyDamage":2000,"cropDamage":0,"source":"Storm Chaser","dataSource":"CSV"}},{"type":"Feature","geometry":{"type":"LineString","coordinates":[[-94.7014,42.6804],[-94.7026,42.6873]]},"properties":{"id":"ncei-2023-1090083","eventId":"1090083","episodeId":"179071","year":2023,"month":5,"date":"2023-05-13","beginTime":"2023-05-13T17:52:00","endTime":"2023-05-13T17:54:00","timezone":"CST-6","state":"IA","stateName":"Iowa","county":"Pocahontas","countyFips":"151","wfo":"DMX","scale":-1,"scaleLabel":"Unknown","lengthMiles":0.48,"widthYards":30,"deaths":0,"injuries":0,"propertyDamage":0,"cropDamage":0,"source":"Law Enforcement","dataSource":"CSV"}},{"type":"Feature","geometry":{"type":"LineString","coordinates":[[-94.6731,42.8477],[-94.6749,42.8568]]},"properties":{"id":"ncei-2023-1090084","eventId":"1090084","episodeId":"179071","year":2023,"month":5,"date":"2023-05-13","beginTime":"2023-05-13T18:22:00","endTime":"2023-05-13T18:24:00","timezone":"CST-6","state":"IA","stateName":"Iowa","county":"Pocahontas","countyFips":"151","wfo":"DMX","scale":-1,"scaleLabel":"Unknown","lengthMiles":0.63,"widthYards":30,"deaths":0,"injuries":0,"propertyDamage":0,"cropDamage":0,"source":"Law Enforcement","dataSource":"CSV"}},{"type":"Feature","geometry":{"type":"LineString","coordinates":[[-120.53,37.93],[-120.53,37.93]]},"properties":{"id":"ncei-2023-1090237","eventId":"1090237","episodeId":"178551","year":2023,"month":3,"date":"2023-03-11","beginTime":"2023-03-11T14:52:00","endTime":"2023-03-11T14:53:00","timezone":"PST-8","state":"CA","stateName":"California","county":"Tuolumne","countyFips":"109","wfo":"STO","scale":1,"scaleLabel":"EF1","lengthMiles":0.8,"widthYards":100,"deaths":0,"injuries":0,"propertyDamage":20000,"cropDamage":0,"source":"NWS Storm Survey","dataSource":"CSV"}},{"type":"Feature","geometry":{"type":"LineString","coordinates":[[-84.0252,30.8596],[-84.0137,30.874]]},"properties":{"id":"ncei-2023-1090311","eventId":"1090311","episodeId":"179097","year":2023,"month":4,"date":"2023-04-27","beginTime":"2023-04-27T17:11:00","endTime":"2023-04-27T17:13:00","timezone":"EST-5","state":"GA","stateName":"Georgia","county":"Thomas","countyFips":"275","wfo":"TAE","scale":1,"scaleLabel":"EF1","lengthMiles":1.21,"widthYards":160,"deaths":0,"injuries":0,"propertyDamage":0,"cropDamage":0,"source":"NWS Storm Survey","dataSource":"CSV"}},{"type":"Feature","geometry":{"type":"LineString","coordinates":[[-83.9794,30.9005],[-83.9491,30.9206]]},"properties":{"id":"ncei-2023-1090313","eventId":"1090313","episodeId":"179097","year":2023,"month":4,"date":"2023-04-27","beginTime":"2023-04-27T17:20:00","endTime":"2023-04-27T17:27:00","timezone":"EST-5","state":"GA","stateName":"Georgia","county":"Thomas","countyFips":"275","wfo":"TAE","scale":1,"scaleLabel":"EF1","lengthMiles":2.27,"widthYards":75,"deaths":0,"injuries":0,"propertyDamage":5000,"cropDamage":0,"source":"NWS Storm Survey","dataSource":"CSV"}},{"type":"Feature","geometry":{"type":"LineString","coordinates":[[-85.13,30.31],[-85.1242,30.3153]]},"properties":{"id":"ncei-2023-1090316","eventId":"1090316","episodeId":"179096","year":2023,"month":4,"date":"2023-04-27","beginTime":"2023-04-27T13:14:00","endTime":"2023-04-27T13:15:00","timezone":"CST-6","state":"FL","stateName":"Florida","county":"Calhoun","countyFips":"13","wfo":"TAE","scale":0,"scaleLabel":"EF0","lengthMiles":0.51,"widthYards":50,"deaths":0,"injuries":0,"propertyDamage":0,"cropDamage":0,"source":"Trained Spotter","dataSource":"CSV"}},{"type":"Feature","geometry":{"type":"LineString","coordinates":[[-83.7363,30.395],[-83.727,30.3953]]},"properties":{"id":"ncei-2023-1090317","eventId":"1090317","episodeId":"179096","year":2023,"month":4,"date":"2023-04-27","beginTime":"2023-04-27T17:42:00","endTime":"2023-04-27T17:45:00","timezone":"EST-5","state":"FL","stateName":"Florida","county":"Madison","countyFips":"79","wfo":"TAE","scale":1,"scaleLabel":"EF1","lengthMiles":0.55,"widthYards":100,"deaths":0,"injuries":0,"propertyDamage":0,"cropDamage":0,"source":"NWS Storm Survey","dataSource":"CSV"}},{"type":"Feature","geometry":{"type":"LineString","coordinates":[[-85.6647,30.2485],[-85.656,30.2573]]},"properties":{"id":"ncei-2023-1090319","eventId":"1090319","episodeId":"179096","year":2023,"month":4,"date":"2023-04-27","beginTime":"2023-04-27T14:04:00","endTime":"2023-04-27T14:05:00","timezone":"CST-6","state":"FL","stateName":"Florida","county":"Bay","countyFips":"5","wfo":"TAE","scale":1,"scaleLabel":"EF1","lengthMiles":0.8,"widthYards":75,"deaths":0,"injuries":0,"propertyDamage":200000,"cropDamage":0,"source":"NWS Storm Survey","dataSource":"CSV"}},{"type":"Feature","geometry":{"type":"LineString","coordinates":[[-84.3921,30.6255],[-84.3674,30.6275]]},"properties":{"id":"ncei-2023-1090320","eventId":"1090320","episodeId":"179096","year":2023,"month":4,"date":"2023-04-27","beginTime":"2023-04-27T17:14:00","endTime":"2023-04-27T17:18:00","timezone":"EST-5","state":"FL","stateName":"Florida","county":"Gadsden","countyFips":"39","wfo":"TAE","scale":0,"scaleLabel":"EF0","lengthMiles":1.48,"widthYards":75,"deaths":0,"injuries":0,"propertyDamage":0,"cropDamage":0,"source":"NWS Storm Survey","dataSource":"CSV"}},{"type":"Feature","geometry":{"type":"LineString","coordinates":[[-85.22,30.21],[-85.2081,30.2181]]},"properties":{"id":"ncei-2023-1090325","eventId":"1090325","episodeId":"179096","year":2023,"month":4,"date":"2023-04-27","beginTime":"2023-04-27T14:33:00","endTime":"2023-04-27T14:35:00","timezone":"CST-6","state":"FL","stateName":"Florida","county":"Calhoun","countyFips":"13","wfo":"TAE","scale":0,"scaleLabel":"EF0","lengthMiles":0.9,"widthYards":50,"deaths":0,"injuries":0,"propertyDamage":0,"cropDamage":0,"source":"NWS Employee","dataSource":"CSV"}},{"type":"Feature","geometry":{"type":"LineString","coordinates":[[-84.637,30.272],[-84.608,30.294]]},"properties":{"id":"ncei-2023-1090333","eventId":"1090333","episodeId":"179096","year":2023,"month":4,"date":"2023-04-27","beginTime":"2023-04-27T16:21:00","endTime":"2023-04-27T16:26:00","timezone":"EST-5","state":"FL","stateName":"Florida","county":"Wakulla","countyFips":"129","wfo":"TAE","scale":0,"scaleLabel":"EF0","lengthMiles":2.3,"widthYards":50,"deaths":0,"injuries":0,"propertyDamage":0,"cropDamage":0,"source":"NWS Employee","dataSource":"CSV"}},{"type":"Feature","geometry":{"type":"LineString","coordinates":[[-84.8169,30.3832],[-84.7849,30.4067]]},"properties":{"id":"ncei-2023-1090343","eventId":"1090343","episodeId":"179096","year":2023,"month":4,"date":"2023-04-27","beginTime":"2023-04-27T14:54:00","endTime":"2023-04-27T15:05:00","timezone":"EST-5","state":"FL","stateName":"Florida","county":"Liberty","countyFips":"77","wfo":"TAE","scale":2,"scaleLabel":"EF2","lengthMiles":2.5,"widthYards":960,"deaths":0,"injuries":0,"propertyDamage":500000,"cropDamage":0,"source":"NWS Storm Survey","dataSource":"CSV"}},{"type":"Feature","geometry":{"type":"LineString","coordinates":[[-82.226,34.589],[-81.945,34.644]]},"properties":{"id":"ncei-2023-1090601","eventId":"1090601","episodeId":"179117","year":2023,"month":3,"date":"2023-03-03","beginTime":"2023-03-03T19:14:00","endTime":"2023-03-03T19:31:00","timezone":"EST-5","state":"SC","stateName":"South Carolina","county":"Laurens","countyFips":"59","wfo":"GSP","scale":1,"scaleLabel":"EF1","lengthMiles":16.42,"widthYards":50,"deaths":0,"injuries":0,"propertyDamage":50000,"cropDamage":0,"source":"NWS Storm Survey","dataSource":"CSV"}},{"type":"Feature","geometry":{"type":"LineString","coordinates":[[-81.945,34.644],[-81.869,34.676]]},"properties":{"id":"ncei-2023-1090602","eventId":"1090602","episodeId":"179117","year":2023,"month":3,"date":"2023-03-03","beginTime":"2023-03-03T19:31:00","endTime":"2023-03-03T19:37:00","timezone":"EST-5","state":"SC","stateName":"South Carolina","county":"Spartanburg","countyFips":"83","wfo":"GSP","scale":1,"scaleLabel":"EF1","lengthMiles":4.85,"widthYards":50,"deaths":0,"injuries":0,"propertyDamage":0,"cropDamage":0,"source":"NWS Storm Survey","dataSource":"CSV"}},{"type":"Feature","geometry":{"type":"LineString","coordinates":[[-91.6692,34.9457],[-91.6504,34.9502]]},"properties":{"id":"ncei-2023-1090822","eventId":"1090822","episodeId":"178877","year":2023,"month":3,"date":"2023-03-31","beginTime":"2023-03-31T14:45:00","endTime":"2023-03-31T14:46:00","timezone":"CST-6","state":"AR","stateName":"Arkansas","county":"Prairie","countyFips":"117","wfo":"LZK","scale":1,"scaleLabel":"EF1","lengthMiles":1.1,"widthYards":100,"deaths":0,"injuries":0,"propertyDamage":0,"cropDamage":0,"source":"NWS Storm Survey","dataSource":"CSV"}},{"type":"Feature","geometry":{"type":"LineString","coordinates":[[-92.3665,35.8855],[-92.2505,35.9118]]},"properties":{"id":"ncei-2023-1090827","eventId":"1090827","episodeId":"178877","year":2023,"month":3,"date":"2023-03-31","beginTime":"2023-03-31T15:49:00","endTime":"2023-03-31T15:57:00","timezone":"CST-6","state":"AR","stateName":"Arkansas","county":"Stone","countyFips":"137","wfo":"LZK","scale":2,"scaleLabel":"EF2","lengthMiles":6.8,"widthYards":125,"deaths":0,"injuries":0,"propertyDamage":0,"cropDamage":0,"source":"NWS Storm Survey","dataSource":"CSV"}},{"type":"Feature","geometry":{"type":"LineString","coordinates":[[-74.9914,40.2486],[-74.9227,40.2275]]},"properties":{"id":"ncei-2023-1090977","eventId":"1090977","episodeId":"179173","year":2023,"month":4,"date":"2023-04-01","beginTime":"2023-04-01T17:46:00","endTime":"2023-04-01T17:50:00","timezone":"EST-5","state":"PA","stateName":"Pennsylvania","county":"Bucks","countyFips":"17","wfo":"PHI","scale":1,"scaleLabel":"EF1","lengthMiles":3.9,"widthYards":200,"deaths":0,"injuries":0,"propertyDamage":0,"cropDamage":0,"source":"NWS Storm Survey","dataSource":"CSV"}},{"type":"Feature","geometry":{"type":"LineString","coordinates":[[-75.6398,38.757],[-75.3892,38.818]]},"properties":{"id":"ncei-2023-1091003","eventId":"1091003","episodeId":"179174","year":2023,"month":4,"date":"2023-04-01","beginTime":"2023-04-01T16:59:00","endTime":"2023-04-01T17:19:00","timezone":"EST-5","state":"DE","stateName":"Delaware","county":"Sussex","countyFips":"5","wfo":"PHI","scale":3,"scaleLabel":"EF3","lengthMiles":14.3,"widthYards":700,"deaths":1,"injuries":0,"propertyDamage":0,"cropDamage":0,"source":"NWS Storm Survey","dataSource":"CSV"}},{"type":"Feature","geometry":{"type":"LineString","coordinates":[[-75.0006,40.0065],[-74.894,39.9848]]},"properties":{"id":"ncei-2023-1091022","eventId":"1091022","episodeId":"179175","year":2023,"month":4,"date":"2023-04-01","beginTime":"2023-04-01T17:59:00","endTime":"2023-04-01T18:03:00","timezone":"EST-5","state":"NJ","stateName":"New Jersey","county":"Burlington","countyFips":"5","wfo":"PHI","scale":1,"scaleLabel":"EF1","lengthMiles":6,"widthYards":600,"deaths":0,"injuries":0,"propertyDamage":0,"cropDamage":0,"source":"NWS Storm Survey","dataSource":"CSV"}},{"type":"Feature","geometry":{"type":"LineString","coordinates":[[-74.6337,40.1503],[-74.6337,40.1503]]},"properties":{"id":"ncei-2023-1091063","eventId":"1091063","episodeId":"179175","year":2023,"month":4,"date":"2023-04-01","beginTime":"2023-04-01T18:08:00","endTime":"2023-04-01T18:08:00","timezone":"EST-5","state":"NJ","stateName":"New Jersey","county":"Mercer","countyFips":"21","wfo":"PHI","scale":1,"scaleLabel":"EF1","lengthMiles":0.06,"widthYards":300,"deaths":0,"injuries":0,"propertyDamage":0,"cropDamage":0,"source":"NWS Storm Survey","dataSource":"CSV"}},{"type":"Feature","geometry":{"type":"LineString","coordinates":[[-74.5715,40.1541],[-74.4965,40.148]]},"properties":{"id":"ncei-2023-1091072","eventId":"1091072","episodeId":"179175","year":2023,"month":4,"date":"2023-04-01","beginTime":"2023-04-01T18:14:00","endTime":"2023-04-01T18:17:00","timezone":"EST-5","state":"NJ","stateName":"New Jersey","county":"Monmouth","countyFips":"25","wfo":"PHI","scale":1,"scaleLabel":"EF1","lengthMiles":4,"widthYards":550,"deaths":0,"injuries":0,"propertyDamage":0,"cropDamage":0,"source":"NWS Storm Survey","dataSource":"CSV"}},{"type":"Feature","geometry":{"type":"LineString","coordinates":[[-74.3937,40.1555],[-74.3564,40.1488]]},"properties":{"id":"ncei-2023-1091079","eventId":"1091079","episodeId":"179175","year":2023,"month":4,"date":"2023-04-01","beginTime":"2023-04-01T18:24:00","endTime":"2023-04-01T18:27:00","timezone":"EST-5","state":"NJ","stateName":"New Jersey","county":"Ocean","countyFips":"29","wfo":"PHI","scale":2,"scaleLabel":"EF2","lengthMiles":2.1,"widthYards":200,"deaths":0,"injuries":0,"propertyDamage":0,"cropDamage":0,"source":"NWS Storm Survey","dataSource":"CSV"}},{"type":"Feature","geometry":{"type":"LineString","coordinates":[[-74.2735,40.1543],[-74.259,40.1515]]},"properties":{"id":"ncei-2023-1091096","eventId":"1091096","episodeId":"179175","year":2023,"month":4,"date":"2023-04-01","beginTime":"2023-04-01T18:33:00","endTime":"2023-04-01T18:34:00","timezone":"EST-5","state":"NJ","stateName":"New Jersey","county":"Ocean","countyFips":"29","wfo":"PHI","scale":2,"scaleLabel":"EF2","lengthMiles":1.4,"widthYards":150,"deaths":0,"injuries":0,"propertyDamage":0,"cropDamage":0,"source":"NWS Storm Survey","dataSource":"CSV"}},{"type":"Feature","geometry":{"type":"LineString","coordinates":[[-74.0398,40.1223],[-74.0354,40.1217]]},"properties":{"id":"ncei-2023-1091102","eventId":"1091102","episodeId":"179175","year":2023,"month":4,"date":"2023-04-01","beginTime":"2023-04-01T18:42:00","endTime":"2023-04-01T18:44:00","timezone":"EST-5","state":"NJ","stateName":"New Jersey","county":"Monmouth","countyFips":"25","wfo":"PHI","scale":2,"scaleLabel":"EF2","lengthMiles":0.14,"widthYards":50,"deaths":0,"injuries":0,"propertyDamage":0,"cropDamage":0,"source":"NWS Storm Survey","dataSource":"CSV"}},{"type":"Feature","geometry":{"type":"LineString","coordinates":[[-74.8579,39.4738],[-74.8412,39.4722]]},"properties":{"id":"ncei-2023-1091104","eventId":"1091104","episodeId":"179175","year":2023,"month":4,"date":"2023-04-01","beginTime":"2023-04-01T18:42:00","endTime":"2023-04-01T18:43:00","timezone":"EST-5","state":"NJ","stateName":"New Jersey","county":"Atlantic","countyFips":"1","wfo":"PHI","scale":1,"scaleLabel":"EF1","lengthMiles":0.9,"widthYards":110,"deaths":0,"injuries":0,"propertyDamage":0,"cropDamage":0,"source":"NWS Storm Survey","dataSource":"CSV"}},{"type":"Feature","geometry":{"type":"LineString","coordinates":[[-76.1971,40.3554],[-76.1847,40.3669]]},"properties":{"id":"ncei-2023-1091177","eventId":"1091177","episodeId":"179192","year":2023,"month":4,"date":"2023-04-22","beginTime":"2023-04-22T15:18:00","endTime":"2023-04-22T15:20:00","timezone":"EST-5","state":"PA","stateName":"Pennsylvania","county":"Berks","countyFips":"11","wfo":"PHI","scale":1,"scaleLabel":"EF1","lengthMiles":1,"widthYards":125,"deaths":0,"injuries":0,"propertyDamage":0,"cropDamage":0,"source":"NWS Storm Survey","dataSource":"CSV"}},{"type":"Feature","geometry":{"type":"LineString","coordinates":[[-118.1238,33.997],[-118.1209,34.0004]]},"properties":{"id":"ncei-2023-1091231","eventId":"1091231","episodeId":"179201","year":2023,"month":3,"date":"2023-03-22","beginTime":"2023-03-22T10:14:00","endTime":"2023-03-22T10:18:00","timezone":"PST-8","state":"CA","stateName":"California","county":"Los Angeles","countyFips":"37","wfo":"LOX","scale":1,"scaleLabel":"EF1","lengthMiles":0.47,"widthYards":50,"deaths":0,"injuries":1,"propertyDamage":0,"cropDamage":0,"source":"Broadcast Media","dataSource":"CSV"}},{"type":"Feature","geometry":{"type":"LineString","coordinates":[[-119.5389,34.4167],[-119.54,34.42]]},"properties":{"id":"ncei-2023-1091239","eventId":"1091239","episodeId":"179201","year":2023,"month":3,"date":"2023-03-21","beginTime":"2023-03-21T16:45:00","endTime":"2023-03-21T16:47:00","timezone":"PST-8","state":"CA","stateName":"California","county":"Santa Barbara","countyFips":"83","wfo":"LOX","scale":0,"scaleLabel":"EF0","lengthMiles":0.24,"widthYards":25,"deaths":0,"injuries":1,"propertyDamage":0,"cropDamage":0,"source":"Broadcast Media","dataSource":"CSV"}},{"type":"Feature","geometry":{"type":"LineString","coordinates":[[-87.027,38.329],[-86.955,38.417]]},"properties":{"id":"ncei-2023-1091328","eventId":"1091328","episodeId":"177500","year":2023,"month":3,"date":"2023-03-03","beginTime":"2023-03-03T14:11:00","endTime":"2023-03-03T14:18:00","timezone":"EST-5","state":"IN","stateName":"Indiana","county":"Dubois","countyFips":"37","wfo":"LMK","scale":1,"scaleLabel":"EF1","lengthMiles":7.3,"widthYards":400,"deaths":0,"injuries":0,"propertyDamage":0,"cropDamage":0,"source":"NWS Storm Survey","dataSource":"CSV"}},{"type":"Feature","geometry":{"type":"LineString","coordinates":[[-85.557,38.703],[-85.542,38.724]]},"properties":{"id":"ncei-2023-1091332","eventId":"1091332","episodeId":"177500","year":2023,"month":3,"date":"2023-03-03","beginTime":"2023-03-03T15:29:00","endTime":"2023-03-03T15:31:00","timezone":"EST-5","state":"IN","stateName":"Indiana","county":"Jefferson","countyFips":"77","wfo":"LMK","scale":1,"scaleLabel":"EF1","lengthMiles":1.66,"widthYards":120,"deaths":0,"injuries":0,"propertyDamage":0,"cropDamage":0,"source":"NWS Storm Survey","dataSource":"CSV"}},{"type":"Feature","geometry":{"type":"LineString","coordinates":[[-83.0395,32.341],[-83.0226,32.324]]},"properties":{"id":"ncei-2023-1091336","eventId":"1091336","episodeId":"178957","year":2023,"month":3,"date":"2023-03-25","beginTime":"2023-03-25T15:17:00","endTime":"2023-03-25T15:19:00","timezone":"EST-5","state":"GA","stateName":"Georgia","county":"Laurens","countyFips":"175","wfo":"FFC","scale":0,"scaleLabel":"EF0","lengthMiles":1.53,"widthYards":100,"deaths":0,"injuries":0,"propertyDamage":0,"cropDamage":0,"source":"NWS Storm Survey","dataSource":"CSV"}},{"type":"Feature","geometry":{"type":"LineString","coordinates":[[-86.953,38.203],[-86.93,38.241]]},"properties":{"id":"ncei-2023-1091355","eventId":"1091355","episodeId":"177500","year":2023,"month":3,"date":"2023-03-03","beginTime":"2023-03-03T14:12:00","endTime":"2023-03-03T14:15:00","timezone":"EST-5","state":"IN","stateName":"Indiana","county":"Dubois","countyFips":"37","wfo":"LMK","scale":1,"scaleLabel":"EF1","lengthMiles":2.91,"widthYards":100,"deaths":0,"injuries":0,"propertyDamage":0,"cropDamage":0,"source":"NWS Storm Survey","dataSource":"CSV"}},{"type":"Feature","geometry":{"type":"LineString","coordinates":[[-95.3,41.21],[-95.3,41.21]]},"properties":{"id":"ncei-2023-1091393","eventId":"1091393","episodeId":"179221","year":2023,"month":4,"date":"2023-04-19","beginTime":"2023-04-19T18:10:00","endTime":"2023-04-19T18:11:00","timezone":"CST-6","state":"IA","stateName":"Iowa","county":"Pottawattamie","countyFips":"155","wfo":"OAX","scale":-1,"scaleLabel":"Unknown","lengthMiles":0.5,"widthYards":10,"deaths":0,"injuries":0,"propertyDamage":0,"cropDamage":0,"source":"Public","dataSource":"CSV"}},{"type":"Feature","geometry":{"type":"LineString","coordinates":[[-95.77,40.71],[-95.77,40.71]]},"properties":{"id":"ncei-2023-1091396","eventId":"1091396","episodeId":"179221","year":2023,"month":4,"date":"2023-04-19","beginTime":"2023-04-19T19:16:00","endTime":"2023-04-19T19:16:00","timezone":"CST-6","state":"IA","stateName":"Iowa","county":"Fremont","countyFips":"71","wfo":"OAX","scale":-1,"scaleLabel":"Unknown","lengthMiles":0.1,"widthYards":10,"deaths":0,"injuries":0,"propertyDamage":0,"cropDamage":0,"source":"Public","dataSource":"CSV"}},{"type":"Feature","geometry":{"type":"LineString","coordinates":[[-95.75,40.8],[-95.75,40.8]]},"properties":{"id":"ncei-2023-1091399","eventId":"1091399","episodeId":"179221","year":2023,"month":4,"date":"2023-04-19","beginTime":"2023-04-19T19:23:00","endTime":"2023-04-19T19:26:00","timezone":"CST-6","state":"IA","stateName":"Iowa","county":"Fremont","countyFips":"71","wfo":"OAX","scale":0,"scaleLabel":"EF0","lengthMiles":0.5,"widthYards":10,"deaths":0,"injuries":0,"propertyDamage":0,"cropDamage":0,"source":"Public","dataSource":"CSV"}},{"type":"Feature","geometry":{"type":"LineString","coordinates":[[-114.055,47.361],[-114.0542,47.3542]]},"properties":{"id":"ncei-2023-1091493","eventId":"1091493","episodeId":"179245","year":2023,"month":5,"date":"2023-05-09","beginTime":"2023-05-09T16:30:00","endTime":"2023-05-09T17:00:00","timezone":"MST-7","state":"MT","stateName":"Montana","county":"Lake","countyFips":"47","wfo":"MSO","scale":0,"scaleLabel":"EF0","lengthMiles":0.47,"widthYards":15,"deaths":0,"injuries":0,"propertyDamage":2000,"cropDamage":0,"source":"Broadcast Media","dataSource":"CSV"}},{"type":"Feature","geometry":{"type":"LineString","coordinates":[[-83.0709,40.9597],[-83.0162,40.9599]]},"properties":{"id":"ncei-2023-1091566","eventId":"1091566","episodeId":"178427","year":2023,"month":4,"date":"2023-04-01","beginTime":"2023-04-01T00:47:00","endTime":"2023-04-01T00:50:00","timezone":"EST-5","state":"OH","stateName":"Ohio","county":"Crawford","countyFips":"33","wfo":"CLE","scale":0,"scaleLabel":"EF0","lengthMiles":2.85,"widthYards":200,"deaths":0,"injuries":0,"propertyDamage":70000,"cropDamage":0,"source":"NWS Storm Survey","dataSource":"CSV"}},{"type":"Feature","geometry":{"type":"LineString","coordinates":[[-84.8336,34.4595],[-84.7767,34.4821]]},"properties":{"id":"ncei-2023-1091604","eventId":"1091604","episodeId":"178956","year":2023,"month":3,"date":"2023-03-03","beginTime":"2023-03-03T15:08:00","endTime":"2023-03-03T15:12:00","timezone":"EST-5","state":"GA","stateName":"Georgia","county":"Gordon","countyFips":"129","wfo":"FFC","scale":1,"scaleLabel":"EF1","lengthMiles":3.69,"widthYards":150,"deaths":0,"injuries":0,"propertyDamage":0,"cropDamage":0,"source":"NWS Storm Survey","dataSource":"CSV"}},{"type":"Feature","geometry":{"type":"LineString","coordinates":[[-83.0395,32.341],[-83.0226,32.341]]},"properties":{"id":"ncei-2023-1091655","eventId":"1091655","episodeId":"178957","year":2023,"month":3,"date":"2023-03-25","beginTime":"2023-03-25T15:17:00","endTime":"2023-03-25T15:19:00","timezone":"EST-5","state":"GA","stateName":"Georgia","county":"Laurens","countyFips":"175","wfo":"FFC","scale":0,"scaleLabel":"EF0","lengthMiles":1.5,"widthYards":100,"deaths":0,"injuries":0,"propertyDamage":0,"cropDamage":0,"source":"NWS Storm Survey","dataSource":"CSV"}},{"type":"Feature","geometry":{"type":"LineString","coordinates":[[-85.1856,32.8984],[-84.861,32.907]]},"properties":{"id":"ncei-2023-1091665","eventId":"1091665","episodeId":"178958","year":2023,"month":3,"date":"2023-03-26","beginTime":"2023-03-26T05:49:00","endTime":"2023-03-26T06:17:00","timezone":"EST-5","state":"GA","stateName":"Georgia","county":"Troup","countyFips":"285","wfo":"FFC","scale":3,"scaleLabel":"EF3","lengthMiles":21.7,"widthYards":500,"deaths":0,"injuries":5,"propertyDamage":0,"cropDamage":0,"source":"NWS Storm Survey","dataSource":"CSV"}},{"type":"Feature","geometry":{"type":"LineString","coordinates":[[-84.861,32.907],[-84.815,32.9012]]},"properties":{"id":"ncei-2023-1091666","eventId":"1091666","episodeId":"178958","year":2023,"month":3,"date":"2023-03-26","beginTime":"2023-03-26T06:17:00","endTime":"2023-03-26T06:19:00","timezone":"EST-5","state":"GA","stateName":"Georgia","county":"Meriwether","countyFips":"199","wfo":"FFC","scale":3,"scaleLabel":"EF3","lengthMiles":21.7,"widthYards":500,"deaths":0,"injuries":5,"propertyDamage":0,"cropDamage":0,"source":"NWS Storm Survey","dataSource":"CSV"}},{"type":"Feature","geometry":{"type":"LineString","coordinates":[[-83.2502,33.0864],[-83.1367,33.119]]},"properties":{"id":"ncei-2023-1091669","eventId":"1091669","episodeId":"178958","year":2023,"month":3,"date":"2023-03-26","beginTime":"2023-03-26T06:40:00","endTime":"2023-03-26T06:50:00","timezone":"EST-5","state":"GA","stateName":"Georgia","county":"Baldwin","countyFips":"9","wfo":"FFC","scale":1,"scaleLabel":"EF1","lengthMiles":7,"widthYards":250,"deaths":0,"injuries":0,"propertyDamage":0,"cropDamage":0,"source":"NWS Storm Survey","dataSource":"CSV"}},{"type":"Feature","geometry":{"type":"LineString","coordinates":[[-84.7778,32.9637],[-84.6333,32.9453]]},"properties":{"id":"ncei-2023-1091670","eventId":"1091670","episodeId":"178958","year":2023,"month":3,"date":"2023-03-27","beginTime":"2023-03-27T06:06:00","endTime":"2023-03-27T06:19:00","timezone":"EST-5","state":"GA","stateName":"Georgia","county":"Meriwether","countyFips":"199","wfo":"FFC","scale":1,"scaleLabel":"EF1","lengthMiles":8.7,"widthYards":150,"deaths":0,"injuries":0,"propertyDamage":0,"cropDamage":0,"source":"NWS Storm Survey","dataSource":"CSV"}},{"type":"Feature","geometry":{"type":"LineString","coordinates":[[-83.4227,32.8794],[-83.4172,32.8792]]},"properties":{"id":"ncei-2023-1091671","eventId":"1091671","episodeId":"178958","year":2023,"month":3,"date":"2023-03-27","beginTime":"2023-03-27T07:52:00","endTime":"2023-03-27T07:53:00","timezone":"EST-5","state":"GA","stateName":"Georgia","county":"Twiggs","countyFips":"289","wfo":"FFC","scale":0,"scaleLabel":"EF0","lengthMiles":0.32,"widthYards":50,"deaths":0,"injuries":0,"propertyDamage":0,"cropDamage":0,"source":"NWS Storm Survey","dataSource":"CSV"}},{"type":"Feature","geometry":{"type":"LineString","coordinates":[[-103.27,34.84],[-103.2506,34.8211]]},"properties":{"id":"ncei-2023-1092118","eventId":"1092118","episodeId":"178920","year":2023,"month":5,"date":"2023-05-24","beginTime":"2023-05-24T18:00:00","endTime":"2023-05-24T18:50:00","timezone":"MST-7","state":"NM","stateName":"New Mexico","county":"Curry","countyFips":"9","wfo":"ABQ","scale":-1,"scaleLabel":"Unknown","lengthMiles":1.71,"widthYards":20,"deaths":0,"injuries":0,"propertyDamage":0,"cropDamage":0,"source":"Storm Chaser","dataSource":"CSV"}},{"type":"Feature","geometry":{"type":"LineString","coordinates":[[-103.39,34.86],[-103.3667,34.8281]]},"properties":{"id":"ncei-2023-1092138","eventId":"1092138","episodeId":"178920","year":2023,"month":5,"date":"2023-05-24","beginTime":"2023-05-24T17:49:00","endTime":"2023-05-24T17:54:00","timezone":"MST-7","state":"NM","stateName":"New Mexico","county":"Curry","countyFips":"9","wfo":"ABQ","scale":-1,"scaleLabel":"Unknown","lengthMiles":2.57,"widthYards":10,"deaths":0,"injuries":0,"propertyDamage":0,"cropDamage":0,"source":"Storm Chaser","dataSource":"CSV"}},{"type":"Feature","geometry":{"type":"LineString","coordinates":[[-91.87,38.11],[-91.7494,38.14]]},"properties":{"id":"ncei-2023-1092151","eventId":"1092151","episodeId":"179259","year":2023,"month":4,"date":"2023-04-15","beginTime":"2023-04-15T15:35:00","endTime":"2023-04-15T15:43:00","timezone":"CST-6","state":"MO","stateName":"Missouri","county":"Maries","countyFips":"125","wfo":"SGF","scale":2,"scaleLabel":"EF2","lengthMiles":6.87,"widthYards":880,"deaths":0,"injuries":5,"propertyDamage":2000000,"cropDamage":0,"source":"NWS Storm Survey","dataSource":"CSV"}},{"type":"Feature","geometry":{"type":"LineString","coordinates":[[-108.67,35.55],[-108.6625,35.5541]]},"properties":{"id":"ncei-2023-1092360","eventId":"1092360","episodeId":"178661","year":2023,"month":5,"date":"2023-05-13","beginTime":"2023-05-13T12:16:00","endTime":"2023-05-13T12:21:00","timezone":"MST-7","state":"NM","stateName":"New Mexico","county":"Mckinley","countyFips":"31","wfo":"ABQ","scale":-1,"scaleLabel":"Unknown","lengthMiles":0.51,"widthYards":20,"deaths":0,"injuries":0,"propertyDamage":0,"cropDamage":0,"source":"Fire Department/Rescue","dataSource":"CSV"}},{"type":"Feature","geometry":{"type":"LineString","coordinates":[[-105.46,34.64],[-105.4305,34.636]]},"properties":{"id":"ncei-2023-1092372","eventId":"1092372","episodeId":"178920","year":2023,"month":5,"date":"2023-05-26","beginTime":"2023-05-26T16:28:00","endTime":"2023-05-26T16:40:00","timezone":"MST-7","state":"NM","stateName":"New Mexico","county":"Torrance","countyFips":"57","wfo":"ABQ","scale":-1,"scaleLabel":"Unknown","lengthMiles":1.7,"widthYards":20,"deaths":0,"injuries":0,"propertyDamage":0,"cropDamage":0,"source":"Trained Spotter","dataSource":"CSV"}},{"type":"Feature","geometry":{"type":"LineString","coordinates":[[-90.58,41.48],[-90.55,41.49]]},"properties":{"id":"ncei-2023-1092536","eventId":"1092536","episodeId":"179381","year":2023,"month":4,"date":"2023-04-04","beginTime":"2023-04-04T08:41:00","endTime":"2023-04-04T08:43:00","timezone":"CST-6","state":"IL","stateName":"Illinois","county":"Rock Island","countyFips":"161","wfo":"DVN","scale":1,"scaleLabel":"EF1","lengthMiles":1.59,"widthYards":150,"deaths":0,"injuries":0,"propertyDamage":0,"cropDamage":0,"source":"NWS Storm Survey","dataSource":"CSV"}},{"type":"Feature","geometry":{"type":"LineString","coordinates":[[-90.66,41.44],[-90.64,41.44]]},"properties":{"id":"ncei-2023-1092537","eventId":"1092537","episodeId":"179381","year":2023,"month":4,"date":"2023-04-04","beginTime":"2023-04-04T08:36:00","endTime":"2023-04-04T08:37:00","timezone":"CST-6","state":"IL","stateName":"Illinois","county":"Rock Island","countyFips":"161","wfo":"DVN","scale":1,"scaleLabel":"EF1","lengthMiles":1.09,"widthYards":25,"deaths":0,"injuries":0,"propertyDamage":0,"cropDamage":0,"source":"NWS Storm Survey","dataSource":"CSV"}},{"type":"Feature","geometry":{"type":"LineString","coordinates":[[-90.37,41.48],[-90.36,41.48]]},"properties":{"id":"ncei-2023-1092543","eventId":"1092543","episodeId":"179381","year":2023,"month":4,"date":"2023-04-04","beginTime":"2023-04-04T08:57:00","endTime":"2023-04-04T08:58:00","timezone":"CST-6","state":"IL","stateName":"Illinois","county":"Henry","countyFips":"73","wfo":"DVN","scale":2,"scaleLabel":"EF2","lengthMiles":0.52,"widthYards":50,"deaths":0,"injuries":0,"propertyDamage":0,"cropDamage":0,"source":"NWS Storm Survey","dataSource":"CSV"}},{"type":"Feature","geometry":{"type":"LineString","coordinates":[[-90.12,41.43],[-90.07,41.42]]},"properties":{"id":"ncei-2023-1092545","eventId":"1092545","episodeId":"179381","year":2023,"month":4,"date":"2023-04-04","beginTime":"2023-04-04T09:15:00","endTime":"2023-04-04T09:19:00","timezone":"CST-6","state":"IL","stateName":"Illinois","county":"Henry","countyFips":"73","wfo":"DVN","scale":2,"scaleLabel":"EF2","lengthMiles":2.79,"widthYards":600,"deaths":0,"injuries":0,"propertyDamage":0,"cropDamage":0,"source":"NWS Storm Survey","dataSource":"CSV"}},{"type":"Feature","geometry":{"type":"LineString","coordinates":[[-90.51,41.48],[-90.48,41.47]]},"properties":{"id":"ncei-2023-1092547","eventId":"1092547","episodeId":"179381","year":2023,"month":4,"date":"2023-04-04","beginTime":"2023-04-04T08:47:00","endTime":"2023-04-04T08:49:00","timezone":"CST-6","state":"IL","stateName":"Illinois","county":"Rock Island","countyFips":"161","wfo":"DVN","scale":1,"scaleLabel":"EF1","lengthMiles":1.62,"widthYards":25,"deaths":0,"injuries":0,"propertyDamage":0,"cropDamage":0,"source":"NWS Storm Survey","dataSource":"CSV"}},{"type":"Feature","geometry":{"type":"LineString","coordinates":[[-90.6,40.31],[-90.46,40.36]]},"properties":{"id":"ncei-2023-1092556","eventId":"1092556","episodeId":"179385","year":2023,"month":4,"date":"2023-04-04","beginTime":"2023-04-04T17:52:00","endTime":"2023-04-04T18:02:00","timezone":"CST-6","state":"IL","stateName":"Illinois","county":"Mcdonough","countyFips":"109","wfo":"DVN","scale":1,"scaleLabel":"EF1","lengthMiles":8.31,"widthYards":350,"deaths":0,"injuries":0,"propertyDamage":0,"cropDamage":0,"source":"NWS Storm Survey","dataSource":"CSV"}},{"type":"Feature","geometry":{"type":"LineString","coordinates":[[-90.32,41.21],[-90.26,41.23]]},"properties":{"id":"ncei-2023-1092562","eventId":"1092562","episodeId":"179388","year":2023,"month":4,"date":"2023-04-05","beginTime":"2023-04-05T03:48:00","endTime":"2023-04-05T03:53:00","timezone":"CST-6","state":"IL","stateName":"Illinois","county":"Henry","countyFips":"73","wfo":"DVN","scale":0,"scaleLabel":"EF0","lengthMiles":3.12,"widthYards":50,"deaths":0,"injuries":0,"propertyDamage":0,"cropDamage":0,"source":"NWS Storm Survey","dataSource":"CSV"}},{"type":"Feature","geometry":{"type":"LineString","coordinates":[[-91.8244,42.3472],[-91.815,42.3702]]},"properties":{"id":"ncei-2023-1092662","eventId":"1092662","episodeId":"178104","year":2023,"month":3,"date":"2023-03-31","beginTime":"2023-03-31T16:03:00","endTime":"2023-03-31T16:05:00","timezone":"CST-6","state":"IA","stateName":"Iowa","county":"Buchanan","countyFips":"19","wfo":"DVN","scale":-1,"scaleLabel":"Unknown","lengthMiles":1.66,"widthYards":10,"deaths":0,"injuries":0,"propertyDamage":0,"cropDamage":0,"source":"NWS Storm Survey","dataSource":"CSV"}},{"type":"Feature","geometry":{"type":"LineString","coordinates":[[-91.9223,42.2456],[-91.9153,42.2644]]},"properties":{"id":"ncei-2023-1092663","eventId":"1092663","episodeId":"178104","year":2023,"month":3,"date":"2023-03-31","beginTime":"2023-03-31T15:51:00","endTime":"2023-03-31T15:53:00","timezone":"CST-6","state":"IA","stateName":"Iowa","county":"Benton","countyFips":"11","wfo":"DVN","scale":-1,"scaleLabel":"Unknown","lengthMiles":1.35,"widthYards":10,"deaths":0,"injuries":0,"propertyDamage":0,"cropDamage":0,"source":"NWS Storm Survey","dataSource":"CSV"}},{"type":"Feature","geometry":{"type":"LineString","coordinates":[[-86.5738,34.9746],[-86.497,34.9907]]},"properties":{"id":"ncei-2023-1092807","eventId":"1092807","episodeId":"177534","year":2023,"month":4,"date":"2023-04-01","beginTime":"2023-04-01T02:09:00","endTime":"2023-04-01T02:16:00","timezone":"CST-6","state":"AL","stateName":"Alabama","county":"Madison","countyFips":"89","wfo":"HUN","scale":3,"scaleLabel":"EF3","lengthMiles":4.49,"widthYards":215,"deaths":1,"injuries":5,"propertyDamage":0,"cropDamage":0,"source":"NWS Storm Survey","dataSource":"CSV"}},{"type":"Feature","geometry":{"type":"LineString","coordinates":[[-86.497,34.991],[-86.3648,35.0039]]},"properties":{"id":"ncei-2023-1092808","eventId":"1092808","episodeId":"177535","year":2023,"month":4,"date":"2023-04-01","beginTime":"2023-04-01T02:15:00","endTime":"2023-04-01T02:25:00","timezone":"CST-6","state":"TN","stateName":"Tennessee","county":"Lincoln","countyFips":"103","wfo":"HUN","scale":3,"scaleLabel":"EF3","lengthMiles":7.54,"widthYards":215,"deaths":0,"injuries":0,"propertyDamage":0,"cropDamage":0,"source":"NWS Storm Survey","dataSource":"CSV"}},{"type":"Feature","geometry":{"type":"LineString","coordinates":[[-88.6857,42.5517],[-88.6855,42.5517]]},"properties":{"id":"ncei-2023-1092934","eventId":"1092934","episodeId":"179479","year":2023,"month":6,"date":"2023-06-01","beginTime":"2023-06-01T16:24:00","endTime":"2023-06-01T16:25:00","timezone":"CST-6","state":"WI","stateName":"Wisconsin","county":"Walworth","countyFips":"127","wfo":"MKX","scale":-1,"scaleLabel":"Unknown","lengthMiles":0.01,"widthYards":10,"deaths":0,"injuries":0,"propertyDamage":0,"cropDamage":0,"source":"Trained Spotter","dataSource":"CSV"}},{"type":"Feature","geometry":{"type":"LineString","coordinates":[[-105.1,34.08],[-105.0519,34.0933]]},"properties":{"id":"ncei-2023-1092965","eventId":"1092965","episodeId":"179455","year":2023,"month":5,"date":"2023-05-31","beginTime":"2023-05-31T14:42:00","endTime":"2023-05-31T14:52:00","timezone":"MST-7","state":"NM","stateName":"New Mexico","county":"Lincoln","countyFips":"27","wfo":"ABQ","scale":-1,"scaleLabel":"Unknown","lengthMiles":2.9,"widthYards":25,"deaths":0,"injuries":0,"propertyDamage":0,"cropDamage":0,"source":"Storm Chaser","dataSource":"CSV"}},{"type":"Feature","geometry":{"type":"LineString","coordinates":[[-105.21,34.64],[-105.2031,34.6414]]},"properties":{"id":"ncei-2023-1093009","eventId":"1093009","episodeId":"179455","year":2023,"month":5,"date":"2023-05-31","beginTime":"2023-05-31T15:52:00","endTime":"2023-05-31T15:59:00","timezone":"MST-7","state":"NM","stateName":"New Mexico","county":"Guadalupe","countyFips":"19","wfo":"ABQ","scale":-1,"scaleLabel":"Unknown","lengthMiles":0.4,"widthYards":20,"deaths":0,"injuries":0,"propertyDamage":0,"cropDamage":0,"source":"Storm Chaser","dataSource":"CSV"}},{"type":"Feature","geometry":{"type":"LineString","coordinates":[[-105.5,42.36],[-105.45,42.46]]},"properties":{"id":"ncei-2023-1093072","eventId":"1093072","episodeId":"179509","year":2023,"month":5,"date":"2023-05-27","beginTime":"2023-05-27T13:17:00","endTime":"2023-05-27T13:25:00","timezone":"MST-7","state":"WY","stateName":"Wyoming","county":"Albany","countyFips":"1","wfo":"CYS","scale":-1,"scaleLabel":"Unknown","lengthMiles":7.37,"widthYards":100,"deaths":0,"injuries":0,"propertyDamage":0,"cropDamage":0,"source":"Trained Spotter","dataSource":"CSV"}},{"type":"Feature","geometry":{"type":"LineString","coordinates":[[-104.9164,41.0673],[-104.9164,41.0673]]},"properties":{"id":"ncei-2023-1093075","eventId":"1093075","episodeId":"179509","year":2023,"month":5,"date":"2023-05-27","beginTime":"2023-05-27T15:02:00","endTime":"2023-05-27T15:06:00","timezone":"MST-7","state":"WY","stateName":"Wyoming","county":"Laramie","countyFips":"21","wfo":"CYS","scale":-1,"scaleLabel":"Unknown","lengthMiles":0.5,"widthYards":50,"deaths":0,"injuries":0,"propertyDamage":0,"cropDamage":0,"source":"Public","dataSource":"CSV"}},{"type":"Feature","geometry":{"type":"LineString","coordinates":[[-103.93,41.26],[-103.93,41.26]]},"properties":{"id":"ncei-2023-1093134","eventId":"1093134","episodeId":"179517","year":2023,"month":5,"date":"2023-05-27","beginTime":"2023-05-27T17:06:00","endTime":"2023-05-27T17:06:00","timezone":"MST-7","state":"NE","stateName":"Nebraska","county":"Kimball","countyFips":"105","wfo":"CYS","scale":-1,"scaleLabel":"Unknown","lengthMiles":0.5,"widthYards":50,"deaths":0,"injuries":0,"propertyDamage":0,"cropDamage":0,"source":"Trained Spotter","dataSource":"CSV"}},{"type":"Feature","geometry":{"type":"LineString","coordinates":[[-103.0849,35.5943],[-103.0815,35.5929]]},"properties":{"id":"ncei-2023-1093274","eventId":"1093274","episodeId":"179546","year":2023,"month":6,"date":"2023-06-05","beginTime":"2023-06-05T16:25:00","endTime":"2023-06-05T16:30:00","timezone":"MST-7","state":"NM","stateName":"New Mexico","county":"Quay","countyFips":"37","wfo":"ABQ","scale":-1,"scaleLabel":"Unknown","lengthMiles":0.22,"widthYards":30,"deaths":0,"injuries":0,"propertyDamage":0,"cropDamage":0,"source":"Trained Spotter","dataSource":"CSV"}},{"type":"Feature","geometry":{"type":"LineString","coordinates":[[-106.7662,35.1624],[-106.766,35.1624]]},"properties":{"id":"ncei-2023-1093276","eventId":"1093276","episodeId":"179546","year":2023,"month":6,"date":"2023-06-05","beginTime":"2023-06-05T17:00:00","endTime":"2023-06-05T17:05:00","timezone":"MST-7","state":"NM","stateName":"New Mexico","county":"Bernalillo","countyFips":"1","wfo":"ABQ","scale":-1,"scaleLabel":"Unknown","lengthMiles":0.01,"widthYards":20,"deaths":0,"injuries":0,"propertyDamage":0,"cropDamage":0,"source":"Broadcast Media","dataSource":"CSV"}},{"type":"Feature","geometry":{"type":"LineString","coordinates":[[-104.8157,41.1564],[-104.8157,41.1564]]},"properties":{"id":"ncei-2023-1093312","eventId":"1093312","episodeId":"179564","year":2023,"month":5,"date":"2023-05-24","beginTime":"2023-05-24T16:35:00","endTime":"2023-05-24T16:38:00","timezone":"MST-7","state":"WY","stateName":"Wyoming","county":"Laramie","countyFips":"21","wfo":"CYS","scale":-1,"scaleLabel":"Unknown","lengthMiles":0.1,"widthYards":50,"deaths":0,"injuries":0,"propertyDamage":0,"cropDamage":0,"source":"Trained Spotter","dataSource":"CSV"}},{"type":"Feature","geometry":{"type":"LineString","coordinates":[[-80.6073,28.2055],[-80.596,28.2086]]},"properties":{"id":"ncei-2023-1093341","eventId":"1093341","episodeId":"179568","year":2023,"month":6,"date":"2023-06-07","beginTime":"2023-06-07T16:19:00","endTime":"2023-06-07T16:24:00","timezone":"EST-5","state":"FL","stateName":"Florida","county":"Brevard","countyFips":"9","wfo":"MLB","scale":1,"scaleLabel":"EF1","lengthMiles":1,"widthYards":300,"deaths":0,"injuries":0,"propertyDamage":0,"cropDamage":0,"source":"NWS Storm Survey","dataSource":"CSV"}},{"type":"Feature","geometry":{"type":"LineString","coordinates":[[-87.851,34.238],[-87.635,34.263]]},"properties":{"id":"ncei-2023-1093449","eventId":"1093449","episodeId":"179589","year":2023,"month":4,"date":"2023-04-01","beginTime":"2023-04-01T01:32:00","endTime":"2023-04-01T01:48:00","timezone":"CST-6","state":"AL","stateName":"Alabama","county":"Marion","countyFips":"93","wfo":"BMX","scale":1,"scaleLabel":"EF1","lengthMiles":12.46,"widthYards":675,"deaths":0,"injuries":1,"propertyDamage":0,"cropDamage":0,"source":"NWS Storm Survey","dataSource":"CSV"}},{"type":"Feature","geometry":{"type":"LineString","coordinates":[[-87.635,34.263],[-87.556,34.266]]},"properties":{"id":"ncei-2023-1093450","eventId":"1093450","episodeId":"179589","year":2023,"month":4,"date":"2023-04-01","beginTime":"2023-04-01T01:48:00","endTime":"2023-04-01T01:52:00","timezone":"CST-6","state":"AL","stateName":"Alabama","county":"Winston","countyFips":"133","wfo":"BMX","scale":1,"scaleLabel":"EF1","lengthMiles":4.52,"widthYards":675,"deaths":0,"injuries":0,"propertyDamage":0,"cropDamage":0,"source":"NWS Storm Survey","dataSource":"CSV"}},{"type":"Feature","geometry":{"type":"LineString","coordinates":[[-86.149,34.181],[-86.096,34.183]]},"properties":{"id":"ncei-2023-1093451","eventId":"1093451","episodeId":"179589","year":2023,"month":4,"date":"2023-04-01","beginTime":"2023-04-01T03:51:00","endTime":"2023-04-01T03:55:00","timezone":"CST-6","state":"AL","stateName":"Alabama","county":"Etowah","countyFips":"55","wfo":"BMX","scale":0,"scaleLabel":"EF0","lengthMiles":3.1,"widthYards":250,"deaths":0,"injuries":2,"propertyDamage":0,"cropDamage":0,"source":"NWS Storm Survey","dataSource":"CSV"}},{"type":"Feature","geometry":{"type":"LineString","coordinates":[[-90.4329,40.3631],[-90.3966,40.3668]]},"properties":{"id":"ncei-2023-1093555","eventId":"1093555","episodeId":"179611","year":2023,"month":4,"date":"2023-04-04","beginTime":"2023-04-04T18:02:00","endTime":"2023-04-04T18:10:00","timezone":"CST-6","state":"IL","stateName":"Illinois","county":"Fulton","countyFips":"57","wfo":"ILX","scale":1,"scaleLabel":"EF1","lengthMiles":1.93,"widthYards":200,"deaths":0,"injuries":0,"propertyDamage":0,"cropDamage":0,"source":"NWS Storm Survey","dataSource":"CSV"}},{"type":"Feature","geometry":{"type":"LineString","coordinates":[[-90.3773,40.3484],[-90.3639,40.3521]]},"properties":{"id":"ncei-2023-1093556","eventId":"1093556","episodeId":"179611","year":2023,"month":4,"date":"2023-04-04","beginTime":"2023-04-04T18:09:00","endTime":"2023-04-04T18:10:00","timezone":"CST-6","state":"IL","stateName":"Illinois","county":"Fulton","countyFips":"57","wfo":"ILX","scale":-1,"scaleLabel":"Unknown","lengthMiles":0.75,"widthYards":20,"deaths":0,"injuries":0,"propertyDamage":0,"cropDamage":0,"source":"Storm Chaser","dataSource":"CSV"}},{"type":"Feature","geometry":{"type":"LineString","coordinates":[[-90.3233,40.3308],[-90.0667,40.5429]]},"properties":{"id":"ncei-2023-1093557","eventId":"1093557","episodeId":"179611","year":2023,"month":4,"date":"2023-04-04","beginTime":"2023-04-04T18:11:00","endTime":"2023-04-04T18:38:00","timezone":"CST-6","state":"IL","stateName":"Illinois","county":"Fulton","countyFips":"57","wfo":"ILX","scale":3,"scaleLabel":"EF3","lengthMiles":19.92,"widthYards":600,"deaths":0,"injuries":4,"propertyDamage":0,"cropDamage":0,"source":"NWS Storm Survey","dataSource":"CSV"}},{"type":"Feature","geometry":{"type":"LineString","coordinates":[[-90.0777,40.405],[-90.0748,40.4065]]},"properties":{"id":"ncei-2023-1093559","eventId":"1093559","episodeId":"179611","year":2023,"month":4,"date":"2023-04-04","beginTime":"2023-04-04T18:29:00","endTime":"2023-04-04T18:30:00","timezone":"CST-6","state":"IL","stateName":"Illinois","county":"Fulton","countyFips":"57","wfo":"ILX","scale":-1,"scaleLabel":"Unknown","lengthMiles":0.18,"widthYards":20,"deaths":0,"injuries":0,"propertyDamage":0,"cropDamage":0,"source":"Storm Chaser","dataSource":"CSV"}},{"type":"Feature","geometry":{"type":"LineString","coordinates":[[-84.96,36.32],[-84.76,36.35]]},"properties":{"id":"ncei-2023-1093598","eventId":"1093598","episodeId":"179615","year":2023,"month":6,"date":"2023-06-11","beginTime":"2023-06-11T15:30:00","endTime":"2023-06-11T15:49:00","timezone":"CST-6","state":"TN","stateName":"Tennessee","county":"Fentress","countyFips":"49","wfo":"OHX","scale":1,"scaleLabel":"EF1","lengthMiles":11.32,"widthYards":300,"deaths":0,"injuries":0,"propertyDamage":500000,"cropDamage":0,"source":"NWS Storm Survey","dataSource":"CSV"}},{"type":"Feature","geometry":{"type":"LineString","coordinates":[[-84.96,36.25],[-84.92,36.26]]},"properties":{"id":"ncei-2023-1093606","eventId":"1093606","episodeId":"179615","year":2023,"month":6,"date":"2023-06-11","beginTime":"2023-06-11T16:58:00","endTime":"2023-06-11T17:02:00","timezone":"CST-6","state":"TN","stateName":"Tennessee","county":"Fentress","countyFips":"49","wfo":"OHX","scale":1,"scaleLabel":"EF1","lengthMiles":2.33,"widthYards":30,"deaths":0,"injuries":0,"propertyDamage":150000,"cropDamage":0,"source":"NWS Storm Survey","dataSource":"CSV"}},{"type":"Feature","geometry":{"type":"LineString","coordinates":[[-85.08,35.98],[-85.05,36]]},"properties":{"id":"ncei-2023-1093625","eventId":"1093625","episodeId":"179615","year":2023,"month":6,"date":"2023-06-11","beginTime":"2023-06-11T15:59:00","endTime":"2023-06-11T16:03:00","timezone":"CST-6","state":"TN","stateName":"Tennessee","county":"Cumberland","countyFips":"35","wfo":"OHX","scale":1,"scaleLabel":"EF1","lengthMiles":2.17,"widthYards":50,"deaths":0,"injuries":0,"propertyDamage":250000,"cropDamage":0,"source":"NWS Storm Survey","dataSource":"CSV"}},{"type":"Feature","geometry":{"type":"LineString","coordinates":[[-106.01,48.6],[-106.01,48.6]]},"properties":{"id":"ncei-2023-1093668","eventId":"1093668","episodeId":"179450","year":2023,"month":6,"date":"2023-06-01","beginTime":"2023-06-01T18:56:00","endTime":"2023-06-01T19:06:00","timezone":"MST-7","state":"MT","stateName":"Montana","county":"Daniels","countyFips":"19","wfo":"GGW","scale":-1,"scaleLabel":"Unknown","lengthMiles":1.5,"widthYards":50,"deaths":0,"injuries":0,"propertyDamage":0,"cropDamage":0,"source":"NWS Storm Survey","dataSource":"CSV"}},{"type":"Feature","geometry":{"type":"LineString","coordinates":[[-89.06,39.78],[-89.0516,39.7803]]},"properties":{"id":"ncei-2023-1093726","eventId":"1093726","episodeId":"179626","year":2023,"month":5,"date":"2023-05-13","beginTime":"2023-05-13T13:37:00","endTime":"2023-05-13T13:38:00","timezone":"CST-6","state":"IL","stateName":"Illinois","county":"Macon","countyFips":"115","wfo":"ILX","scale":-1,"scaleLabel":"Unknown","lengthMiles":0.45,"widthYards":10,"deaths":0,"injuries":0,"propertyDamage":0,"cropDamage":0,"source":"Emergency Manager","dataSource":"CSV"}},{"type":"Feature","geometry":{"type":"LineString","coordinates":[[-90.5,38.532],[-90.422,38.533]]},"properties":{"id":"ncei-2023-1093791","eventId":"1093791","episodeId":"179163","year":2023,"month":4,"date":"2023-04-15","beginTime":"2023-04-15T17:19:00","endTime":"2023-04-15T17:27:00","timezone":"CST-6","state":"MO","stateName":"Missouri","county":"St. Louis","countyFips":"189","wfo":"LSX","scale":1,"scaleLabel":"EF1","lengthMiles":4.47,"widthYards":100,"deaths":0,"injuries":0,"propertyDamage":0,"cropDamage":0,"source":"NWS Storm Survey","dataSource":"CSV"}},{"type":"Feature","geometry":{"type":"LineString","coordinates":[[-90.567,38.234],[-90.557,38.233]]},"properties":{"id":"ncei-2023-1093804","eventId":"1093804","episodeId":"179163","year":2023,"month":4,"date":"2023-04-15","beginTime":"2023-04-15T17:24:00","endTime":"2023-04-15T17:25:00","timezone":"CST-6","state":"MO","stateName":"Missouri","county":"Jefferson","countyFips":"99","wfo":"LSX","scale":0,"scaleLabel":"EF0","lengthMiles":0.57,"widthYards":200,"deaths":0,"injuries":0,"propertyDamage":0,"cropDamage":0,"source":"NWS Storm Survey","dataSource":"CSV"}},{"type":"Feature","geometry":{"type":"LineString","coordinates":[[-90.432,38.236],[-90.374,38.267]]},"properties":{"id":"ncei-2023-1093815","eventId":"1093815","episodeId":"179163","year":2023,"month":4,"date":"2023-04-15","beginTime":"2023-04-15T17:30:00","endTime":"2023-04-15T17:35:00","timezone":"CST-6","state":"MO","stateName":"Missouri","county":"Jefferson","countyFips":"99","wfo":"LSX","scale":1,"scaleLabel":"EF1","lengthMiles":3.97,"widthYards":360,"deaths":0,"injuries":1,"propertyDamage":0,"cropDamage":0,"source":"NWS Storm Survey","dataSource":"CSV"}},{"type":"Feature","geometry":{"type":"LineString","coordinates":[[-90.407,38.29],[-90.391,38.288]]},"properties":{"id":"ncei-2023-1093822","eventId":"1093822","episodeId":"179163","year":2023,"month":4,"date":"2023-04-15","beginTime":"2023-04-15T17:34:00","endTime":"2023-04-15T17:36:00","timezone":"CST-6","state":"MO","stateName":"Missouri","county":"Jefferson","countyFips":"99","wfo":"LSX","scale":1,"scaleLabel":"EF1","lengthMiles":0.93,"widthYards":150,"deaths":0,"injuries":0,"propertyDamage":0,"cropDamage":0,"source":"NWS Storm Survey","dataSource":"CSV"}},{"type":"Feature","geometry":{"type":"LineString","coordinates":[[-90.2623,38.2116],[-90.001,38.308]]},"properties":{"id":"ncei-2023-1093828","eventId":"1093828","episodeId":"179164","year":2023,"month":4,"date":"2023-04-15","beginTime":"2023-04-15T17:34:00","endTime":"2023-04-15T17:54:00","timezone":"CST-6","state":"IL","stateName":"Illinois","county":"Monroe","countyFips":"133","wfo":"LSX","scale":0,"scaleLabel":"EF0","lengthMiles":15.91,"widthYards":100,"deaths":0,"injuries":0,"propertyDamage":0,"cropDamage":0,"source":"NWS Storm Survey","dataSource":"CSV"}},{"type":"Feature","geometry":{"type":"LineString","coordinates":[[-90.001,38.308],[-89.9407,38.3306]]},"properties":{"id":"ncei-2023-1093829","eventId":"1093829","episodeId":"179164","year":2023,"month":4,"date":"2023-04-15","beginTime":"2023-04-15T17:54:00","endTime":"2023-04-15T17:59:00","timezone":"CST-6","state":"IL","stateName":"Illinois","county":"St. Clair","countyFips":"163","wfo":"LSX","scale":1,"scaleLabel":"EF1","lengthMiles":3.66,"widthYards":100,"deaths":0,"injuries":0,"propertyDamage":0,"cropDamage":0,"source":"NWS Storm Survey","dataSource":"CSV"}},{"type":"Feature","geometry":{"type":"LineString","coordinates":[[-95.2757,44.8547],[-95.275,44.8693]]},"properties":{"id":"ncei-2023-1093830","eventId":"1093830","episodeId":"178507","year":2023,"month":5,"date":"2023-05-06","beginTime":"2023-05-06T17:18:00","endTime":"2023-05-06T17:23:00","timezone":"CST-6","state":"MN","stateName":"Minnesota","county":"Renville","countyFips":"129","wfo":"MPX","scale":-1,"scaleLabel":"Unknown","lengthMiles":1.01,"widthYards":25,"deaths":0,"injuries":0,"propertyDamage":0,"cropDamage":0,"source":"Storm Chaser","dataSource":"CSV"}},{"type":"Feature","geometry":{"type":"LineString","coordinates":[[-90.329,38.276],[-90.24,38.291]]},"properties":{"id":"ncei-2023-1093834","eventId":"1093834","episodeId":"179164","year":2023,"month":4,"date":"2023-04-15","beginTime":"2023-04-15T17:39:00","endTime":"2023-04-15T17:46:00","timezone":"CST-6","state":"IL","stateName":"Illinois","county":"Monroe","countyFips":"133","wfo":"LSX","scale":0,"scaleLabel":"EF0","lengthMiles":4.97,"widthYards":100,"deaths":0,"injuries":0,"propertyDamage":0,"cropDamage":0,"source":"NWS Storm Survey","dataSource":"CSV"}},{"type":"Feature","geometry":{"type":"LineString","coordinates":[[-77.711,34.944],[-77.7104,34.9447]]},"properties":{"id":"ncei-2023-1093835","eventId":"1093835","episodeId":"179647","year":2023,"month":4,"date":"2023-04-22","beginTime":"2023-04-22T19:01:00","endTime":"2023-04-22T19:02:00","timezone":"EST-5","state":"NC","stateName":"North Carolina","county":"Duplin","countyFips":"61","wfo":"MHX","scale":1,"scaleLabel":"EF1","lengthMiles":0.06,"widthYards":30,"deaths":0,"injuries":0,"propertyDamage":0,"cropDamage":0,"source":"NWS Storm Survey","dataSource":"CSV"}},{"type":"Feature","geometry":{"type":"LineString","coordinates":[[-77.6378,34.9551],[-77.6338,34.9606]]},"properties":{"id":"ncei-2023-1093837","eventId":"1093837","episodeId":"179647","year":2023,"month":4,"date":"2023-04-22","beginTime":"2023-04-22T19:08:00","endTime":"2023-04-22T19:09:00","timezone":"EST-5","state":"NC","stateName":"North Carolina","county":"Onslow","countyFips":"133","wfo":"MHX","scale":0,"scaleLabel":"EF0","lengthMiles":0.44,"widthYards":25,"deaths":0,"injuries":0,"propertyDamage":0,"cropDamage":0,"source":"NWS Storm Survey","dataSource":"CSV"}},{"type":"Feature","geometry":{"type":"LineString","coordinates":[[-77.449,35.0457],[-77.4451,35.0533]]},"properties":{"id":"ncei-2023-1093838","eventId":"1093838","episodeId":"179647","year":2023,"month":4,"date":"2023-04-22","beginTime":"2023-04-22T19:43:00","endTime":"2023-04-22T19:44:00","timezone":"EST-5","state":"NC","stateName":"North Carolina","county":"Jones","countyFips":"103","wfo":"MHX","scale":1,"scaleLabel":"EF1","lengthMiles":0.57,"widthYards":40,"deaths":0,"injuries":0,"propertyDamage":0,"cropDamage":0,"source":"NWS Storm Survey","dataSource":"CSV"}},{"type":"Feature","geometry":{"type":"LineString","coordinates":[[-90.233,38.454],[-90.228,38.457]]},"properties":{"id":"ncei-2023-1093839","eventId":"1093839","episodeId":"179164","year":2023,"month":4,"date":"2023-04-15","beginTime":"2023-04-15T17:43:00","endTime":"2023-04-15T17:44:00","timezone":"CST-6","state":"IL","stateName":"Illinois","county":"Monroe","countyFips":"133","wfo":"LSX","scale":-1,"scaleLabel":"Unknown","lengthMiles":0.34,"widthYards":25,"deaths":0,"injuries":0,"propertyDamage":0,"cropDamage":0,"source":"Broadcast Media","dataSource":"CSV"}},{"type":"Feature","geometry":{"type":"LineString","coordinates":[[-77.3693,35.0934],[-77.3685,35.0953]]},"properties":{"id":"ncei-2023-1093840","eventId":"1093840","episodeId":"179647","year":2023,"month":4,"date":"2023-04-22","beginTime":"2023-04-22T19:52:00","endTime":"2023-04-22T19:53:00","timezone":"EST-5","state":"NC","stateName":"North Carolina","county":"Jones","countyFips":"103","wfo":"MHX","scale":0,"scaleLabel":"EF0","lengthMiles":0.14,"widthYards":30,"deaths":0,"injuries":0,"propertyDamage":0,"cropDamage":0,"source":"NWS Storm Survey","dataSource":"CSV"}},{"type":"Feature","geometry":{"type":"LineString","coordinates":[[-95.1563,44.8914],[-95.1551,44.9028]]},"properties":{"id":"ncei-2023-1093844","eventId":"1093844","episodeId":"178507","year":2023,"month":5,"date":"2023-05-06","beginTime":"2023-05-06T17:33:00","endTime":"2023-05-06T17:36:00","timezone":"CST-6","state":"MN","stateName":"Minnesota","county":"Kandiyohi","countyFips":"67","wfo":"MPX","scale":-1,"scaleLabel":"Unknown","lengthMiles":0.79,"widthYards":25,"deaths":0,"injuries":0,"propertyDamage":0,"cropDamage":0,"source":"Fire Department/Rescue","dataSource":"CSV"}},{"type":"Feature","geometry":{"type":"LineString","coordinates":[[-76.7746,40.0839],[-76.7705,40.0877]]},"properties":{"id":"ncei-2023-1094105","eventId":"1094105","episodeId":"179677","year":2023,"month":6,"date":"2023-06-12","beginTime":"2023-06-12T12:30:00","endTime":"2023-06-12T12:32:00","timezone":"EST-5","state":"PA","stateName":"Pennsylvania","county":"York","countyFips":"133","wfo":"CTP","scale":0,"scaleLabel":"EF0","lengthMiles":0.34,"widthYards":130,"deaths":0,"injuries":0,"propertyDamage":0,"cropDamage":0,"source":"NWS Storm Survey","dataSource":"CSV"}},{"type":"Feature","geometry":{"type":"LineString","coordinates":[[-105.82,41.68],[-105.8524,41.6559]]},"properties":{"id":"ncei-2023-1094155","eventId":"1094155","episodeId":"179703","year":2023,"month":6,"date":"2023-06-13","beginTime":"2023-06-13T17:44:00","endTime":"2023-06-13T17:50:00","timezone":"MST-7","state":"WY","stateName":"Wyoming","county":"Albany","countyFips":"1","wfo":"CYS","scale":-1,"scaleLabel":"Unknown","lengthMiles":2.36,"widthYards":100,"deaths":0,"injuries":0,"propertyDamage":0,"cropDamage":0,"source":"Public","dataSource":"CSV"}},{"type":"Feature","geometry":{"type":"LineString","coordinates":[[-93.14,37.39],[-93.15,37.41]]},"properties":{"id":"ncei-2023-1094285","eventId":"1094285","episodeId":"179310","year":2023,"month":5,"date":"2023-05-15","beginTime":"2023-05-15T14:41:00","endTime":"2023-05-15T14:46:00","timezone":"CST-6","state":"MO","stateName":"Missouri","county":"Greene","countyFips":"77","wfo":"SGF","scale":0,"scaleLabel":"EF0","lengthMiles":1.49,"widthYards":75,"deaths":0,"injuries":0,"propertyDamage":100000,"cropDamage":0,"source":"NWS Storm Survey","dataSource":"CSV"}},{"type":"Feature","geometry":{"type":"LineString","coordinates":[[-84.176,39.9326],[-84.1657,39.9362]]},"properties":{"id":"ncei-2023-1094342","eventId":"1094342","episodeId":"179716","year":2023,"month":6,"date":"2023-06-11","beginTime":"2023-06-11T18:23:00","endTime":"2023-06-11T18:24:00","timezone":"EST-5","state":"OH","stateName":"Ohio","county":"Miami","countyFips":"109","wfo":"ILN","scale":0,"scaleLabel":"EF0","lengthMiles":0.6,"widthYards":150,"deaths":0,"injuries":0,"propertyDamage":30000,"cropDamage":0,"source":"NWS Storm Survey","dataSource":"CSV"}},{"type":"Feature","geometry":{"type":"LineString","coordinates":[[-84.0233,40.0534],[-84.026,40.0653]]},"properties":{"id":"ncei-2023-1094351","eventId":"1094351","episodeId":"179716","year":2023,"month":6,"date":"2023-06-11","beginTime":"2023-06-11T18:35:00","endTime":"2023-06-11T18:36:00","timezone":"EST-5","state":"OH","stateName":"Ohio","county":"Champaign","countyFips":"21","wfo":"ILN","scale":0,"scaleLabel":"EF0","lengthMiles":0.83,"widthYards":125,"deaths":0,"injuries":0,"propertyDamage":20000,"cropDamage":0,"source":"NWS Storm Survey","dataSource":"CSV"}},{"type":"Feature","geometry":{"type":"LineString","coordinates":[[-83.3316,41.9351],[-83.2525,41.9711]]},"properties":{"id":"ncei-2023-1094396","eventId":"1094396","episodeId":"179723","year":2023,"month":6,"date":"2023-06-15","beginTime":"2023-06-15T17:09:00","endTime":"2023-06-15T17:18:00","timezone":"EST-5","state":"MI","stateName":"Michigan","county":"Monroe","countyFips":"115","wfo":"DTX","scale":1,"scaleLabel":"EF1","lengthMiles":4.77,"widthYards":400,"deaths":0,"injuries":0,"propertyDamage":0,"cropDamage":0,"source":"NWS Storm Survey","dataSource":"CSV"}},{"type":"Feature","geometry":{"type":"LineString","coordinates":[[-87.719,33.709],[-87.684,33.725]]},"properties":{"id":"ncei-2023-1094636","eventId":"1094636","episodeId":"179742","year":2023,"month":4,"date":"2023-04-21","beginTime":"2023-04-21T18:34:00","endTime":"2023-04-21T18:39:00","timezone":"CST-6","state":"AL","stateName":"Alabama","county":"Fayette","countyFips":"57","wfo":"BMX","scale":0,"scaleLabel":"EF0","lengthMiles":2.28,"widthYards":125,"deaths":0,"injuries":0,"propertyDamage":0,"cropDamage":0,"source":"NWS Storm Survey","dataSource":"CSV"}},{"type":"Feature","geometry":{"type":"LineString","coordinates":[[-88.7226,34.2327],[-88.6862,34.2276]]},"properties":{"id":"ncei-2023-1094718","eventId":"1094718","episodeId":"179007","year":2023,"month":4,"date":"2023-04-01","beginTime":"2023-04-01T00:28:00","endTime":"2023-04-01T00:31:00","timezone":"CST-6","state":"MS","stateName":"Mississippi","county":"Lee","countyFips":"81","wfo":"MEG","scale":1,"scaleLabel":"EF1","lengthMiles":2.11,"widthYards":375,"deaths":0,"injuries":0,"propertyDamage":105000000,"cropDamage":0,"source":"NWS Storm Survey","dataSource":"CSV"}},{"type":"Feature","geometry":{"type":"LineString","coordinates":[[-88.1953,34.4851],[-88.1754,34.4967]]},"properties":{"id":"ncei-2023-1094719","eventId":"1094719","episodeId":"179007","year":2023,"month":4,"date":"2023-04-01","beginTime":"2023-04-01T00:30:00","endTime":"2023-04-01T00:32:00","timezone":"CST-6","state":"MS","stateName":"Mississippi","county":"Tishomingo","countyFips":"141","wfo":"MEG","scale":0,"scaleLabel":"EF0","lengthMiles":1.39,"widthYards":80,"deaths":0,"injuries":0,"propertyDamage":50000,"cropDamage":0,"source":"NWS Storm Survey","dataSource":"CSV"}},{"type":"Feature","geometry":{"type":"LineString","coordinates":[[-98.2662,29.8528],[-98.2304,29.8233]]},"properties":{"id":"ncei-2023-1094749","eventId":"1094749","episodeId":"179603","year":2023,"month":4,"date":"2023-04-20","beginTime":"2023-04-20T21:40:00","endTime":"2023-04-20T21:44:00","timezone":"CST-6","state":"TX","stateName":"Texas","county":"Comal","countyFips":"91","wfo":"EWX","scale":0,"scaleLabel":"EF0","lengthMiles":2.96,"widthYards":250,"deaths":0,"injuries":0,"propertyDamage":250000,"cropDamage":0,"source":"NWS Storm Survey","dataSource":"CSV"}},{"type":"Feature","geometry":{"type":"LineString","coordinates":[[-89.93,41.8],[-89.84,41.85]]},"properties":{"id":"ncei-2023-1094775","eventId":"1094775","episodeId":"179759","year":2023,"month":4,"date":"2023-04-20","beginTime":"2023-04-20T14:56:00","endTime":"2023-04-20T15:03:00","timezone":"CST-6","state":"IL","stateName":"Illinois","county":"Whiteside","countyFips":"195","wfo":"DVN","scale":1,"scaleLabel":"EF1","lengthMiles":5.89,"widthYards":300,"deaths":0,"injuries":0,"propertyDamage":0,"cropDamage":0,"source":"NWS Storm Survey","dataSource":"CSV"}},{"type":"Feature","geometry":{"type":"LineString","coordinates":[[-86.588,38.108],[-86.576,38.114]]},"properties":{"id":"ncei-2023-1094831","eventId":"1094831","episodeId":"179218","year":2023,"month":4,"date":"2023-04-05","beginTime":"2023-04-05T15:14:00","endTime":"2023-04-05T15:15:00","timezone":"EST-5","state":"IN","stateName":"Indiana","county":"Perry","countyFips":"123","wfo":"LMK","scale":1,"scaleLabel":"EF1","lengthMiles":0.75,"widthYards":70,"deaths":0,"injuries":0,"propertyDamage":0,"cropDamage":0,"source":"NWS Storm Survey","dataSource":"CSV"}},{"type":"Feature","geometry":{"type":"LineString","coordinates":[[-97.419,35.373],[-97.416,35.377]]},"properties":{"id":"ncei-2023-1094894","eventId":"1094894","episodeId":"178154","year":2023,"month":4,"date":"2023-04-19","beginTime":"2023-04-19T18:03:00","endTime":"2023-04-19T18:04:00","timezone":"CST-6","state":"OK","stateName":"Oklahoma","county":"Cleveland","countyFips":"27","wfo":"OUN","scale":0,"scaleLabel":"EF0","lengthMiles":0.32,"widthYards":200,"deaths":0,"injuries":0,"propertyDamage":5000,"cropDamage":0,"source":"NWS Storm Survey","dataSource":"CSV"}},{"type":"Feature","geometry":{"type":"LineString","coordinates":[[-97.416,35.377],[-97.413,35.41]]},"properties":{"id":"ncei-2023-1094895","eventId":"1094895","episodeId":"178154","year":2023,"month":4,"date":"2023-04-19","beginTime":"2023-04-19T18:04:00","endTime":"2023-04-19T18:08:00","timezone":"CST-6","state":"OK","stateName":"Oklahoma","county":"Oklahoma","countyFips":"109","wfo":"OUN","scale":0,"scaleLabel":"EF0","lengthMiles":2.29,"widthYards":250,"deaths":0,"injuries":0,"propertyDamage":150000,"cropDamage":0,"source":"NWS Storm Survey","dataSource":"CSV"}},{"type":"Feature","geometry":{"type":"LineString","coordinates":[[-97.698,35.073],[-97.671,35.073]]},"properties":{"id":"ncei-2023-1094898","eventId":"1094898","episodeId":"178154","year":2023,"month":4,"date":"2023-04-19","beginTime":"2023-04-19T18:20:00","endTime":"2023-04-19T18:23:00","timezone":"CST-6","state":"OK","stateName":"Oklahoma","county":"Grady","countyFips":"51","wfo":"OUN","scale":1,"scaleLabel":"EF1","lengthMiles":1.53,"widthYards":200,"deaths":0,"injuries":0,"propertyDamage":10000,"cropDamage":0,"source":"NWS Storm Survey","dataSource":"CSV"}},{"type":"Feature","geometry":{"type":"LineString","coordinates":[[-97.671,35.073],[-97.652,35.063]]},"properties":{"id":"ncei-2023-1094899","eventId":"1094899","episodeId":"178154","year":2023,"month":4,"date":"2023-04-19","beginTime":"2023-04-19T18:23:00","endTime":"2023-04-19T18:26:00","timezone":"CST-6","state":"OK","stateName":"Oklahoma","county":"Mcclain","countyFips":"87","wfo":"OUN","scale":0,"scaleLabel":"EF0","lengthMiles":1.4,"widthYards":150,"deaths":0,"injuries":0,"propertyDamage":20000,"cropDamage":0,"source":"NWS Storm Survey","dataSource":"CSV"}},{"type":"Feature","geometry":{"type":"LineString","coordinates":[[-80.1856,26.0341],[-80.1855,26.0341]]},"properties":{"id":"ncei-2023-1094919","eventId":"1094919","episodeId":"179780","year":2023,"month":4,"date":"2023-04-12","beginTime":"2023-04-12T14:26:00","endTime":"2023-04-12T14:27:00","timezone":"EST-5","state":"FL","stateName":"Florida","county":"Broward","countyFips":"11","wfo":"MFL","scale":0,"scaleLabel":"EF0","lengthMiles":0.01,"widthYards":10,"deaths":0,"injuries":0,"propertyDamage":0,"cropDamage":0,"source":"NWS Storm Survey","dataSource":"CSV"}},{"type":"Feature","geometry":{"type":"LineString","coordinates":[[-80.1323,26.0551],[-80.1598,26.0589]]},"properties":{"id":"ncei-2023-1094923","eventId":"1094923","episodeId":"179780","year":2023,"month":4,"date":"2023-04-12","beginTime":"2023-04-12T20:40:00","endTime":"2023-04-12T20:44:00","timezone":"EST-5","state":"FL","stateName":"Florida","county":"Broward","countyFips":"11","wfo":"MFL","scale":0,"scaleLabel":"EF0","lengthMiles":1.73,"widthYards":50,"deaths":0,"injuries":0,"propertyDamage":50000,"cropDamage":0,"source":"NWS Storm Survey","dataSource":"CSV"}},{"type":"Feature","geometry":{"type":"LineString","coordinates":[[-80.08,26.506],[-80.069,26.511]]},"properties":{"id":"ncei-2023-1094925","eventId":"1094925","episodeId":"179778","year":2023,"month":4,"date":"2023-04-28","beginTime":"2023-04-28T18:33:00","endTime":"2023-04-28T18:38:00","timezone":"EST-5","state":"FL","stateName":"Florida","county":"Palm Beach","countyFips":"99","wfo":"MFL","scale":0,"scaleLabel":"EF0","lengthMiles":0.76,"widthYards":100,"deaths":0,"injuries":0,"propertyDamage":50000,"cropDamage":0,"source":"NWS Storm Survey","dataSource":"CSV"}},{"type":"Feature","geometry":{"type":"LineString","coordinates":[[-97.634,35.082],[-97.526,35.18]]},"properties":{"id":"ncei-2023-1094927","eventId":"1094927","episodeId":"178154","year":2023,"month":4,"date":"2023-04-19","beginTime":"2023-04-19T18:30:00","endTime":"2023-04-19T19:05:00","timezone":"CST-6","state":"OK","stateName":"Oklahoma","county":"Mcclain","countyFips":"87","wfo":"OUN","scale":3,"scaleLabel":"EF3","lengthMiles":10.9,"widthYards":1200,"deaths":1,"injuries":2,"propertyDamage":4000000,"cropDamage":0,"source":"NWS Storm Survey","dataSource":"CSV"}},{"type":"Feature","geometry":{"type":"LineString","coordinates":[[-90.069,38.575],[-90.059,38.576]]},"properties":{"id":"ncei-2023-1094928","eventId":"1094928","episodeId":"179164","year":2023,"month":4,"date":"2023-04-15","beginTime":"2023-04-15T17:59:00","endTime":"2023-04-15T18:00:00","timezone":"CST-6","state":"IL","stateName":"Illinois","county":"St. Clair","countyFips":"163","wfo":"LSX","scale":0,"scaleLabel":"EF0","lengthMiles":0.58,"widthYards":100,"deaths":0,"injuries":0,"propertyDamage":0,"cropDamage":0,"source":"NWS Storm Survey","dataSource":"CSV"}},{"type":"Feature","geometry":{"type":"LineString","coordinates":[[-90.0244,38.673],[-90.0221,38.6744]]},"properties":{"id":"ncei-2023-1094929","eventId":"1094929","episodeId":"179164","year":2023,"month":4,"date":"2023-04-15","beginTime":"2023-04-15T18:01:00","endTime":"2023-04-15T18:02:00","timezone":"CST-6","state":"IL","stateName":"Illinois","county":"Madison","countyFips":"119","wfo":"LSX","scale":-1,"scaleLabel":"Unknown","lengthMiles":0.16,"widthYards":25,"deaths":0,"injuries":0,"propertyDamage":0,"cropDamage":0,"source":"Broadcast Media","dataSource":"CSV"}},{"type":"Feature","geometry":{"type":"LineString","coordinates":[[-89.438,38.4606],[-89.435,38.461]]},"properties":{"id":"ncei-2023-1094930","eventId":"1094930","episodeId":"179164","year":2023,"month":4,"date":"2023-04-15","beginTime":"2023-04-15T18:33:00","endTime":"2023-04-15T18:34:00","timezone":"CST-6","state":"IL","stateName":"Illinois","county":"Washington","countyFips":"189","wfo":"LSX","scale":-1,"scaleLabel":"Unknown","lengthMiles":0.17,"widthYards":50,"deaths":0,"injuries":0,"propertyDamage":0,"cropDamage":0,"source":"Social Media","dataSource":"CSV"}},{"type":"Feature","geometry":{"type":"LineString","coordinates":[[-89.9928,38.5195],[-89.9795,38.5318]]},"properties":{"id":"ncei-2023-1094931","eventId":"1094931","episodeId":"179164","year":2023,"month":4,"date":"2023-04-15","beginTime":"2023-04-15T18:03:00","endTime":"2023-04-15T18:04:00","timezone":"CST-6","state":"IL","stateName":"Illinois","county":"St. Clair","countyFips":"163","wfo":"LSX","scale":0,"scaleLabel":"EF0","lengthMiles":1.12,"widthYards":90,"deaths":0,"injuries":0,"propertyDamage":0,"cropDamage":0,"source":"NWS Storm Survey","dataSource":"CSV"}},{"type":"Feature","geometry":{"type":"LineString","coordinates":[[-80.0897,26.8251],[-80.0593,26.8495]]},"properties":{"id":"ncei-2023-1094932","eventId":"1094932","episodeId":"179779","year":2023,"month":4,"date":"2023-04-29","beginTime":"2023-04-29T16:10:00","endTime":"2023-04-29T16:21:00","timezone":"EST-5","state":"FL","stateName":"Florida","county":"Palm Beach","countyFips":"99","wfo":"MFL","scale":2,"scaleLabel":"EF2","lengthMiles":2.61,"widthYards":320,"deaths":0,"injuries":0,"propertyDamage":250000,"cropDamage":0,"source":"NWS Storm Survey","dataSource":"CSV"}},{"type":"Feature","geometry":{"type":"LineString","coordinates":[[-89.9871,38.5195],[-89.9415,38.5447]]},"properties":{"id":"ncei-2023-1094934","eventId":"1094934","episodeId":"179164","year":2023,"month":4,"date":"2023-04-15","beginTime":"2023-04-15T18:03:00","endTime":"2023-04-15T18:07:00","timezone":"CST-6","state":"IL","stateName":"Illinois","county":"St. Clair","countyFips":"163","wfo":"LSX","scale":1,"scaleLabel":"EF1","lengthMiles":3.04,"widthYards":200,"deaths":0,"injuries":0,"propertyDamage":0,"cropDamage":0,"source":"NWS Storm Survey","dataSource":"CSV"}},{"type":"Feature","geometry":{"type":"LineString","coordinates":[[-97.654,35.094],[-97.633,35.092]]},"properties":{"id":"ncei-2023-1094953","eventId":"1094953","episodeId":"178154","year":2023,"month":4,"date":"2023-04-19","beginTime":"2023-04-19T18:38:00","endTime":"2023-04-19T18:41:00","timezone":"CST-6","state":"OK","stateName":"Oklahoma","county":"Mcclain","countyFips":"87","wfo":"OUN","scale":1,"scaleLabel":"EF1","lengthMiles":1.2,"widthYards":250,"deaths":0,"injuries":0,"propertyDamage":5000,"cropDamage":0,"source":"NWS Storm Survey","dataSource":"CSV"}},{"type":"Feature","geometry":{"type":"LineString","coordinates":[[-97.54,35.09],[-97.509,35.097]]},"properties":{"id":"ncei-2023-1094956","eventId":"1094956","episodeId":"178154","year":2023,"month":4,"date":"2023-04-19","beginTime":"2023-04-19T18:47:00","endTime":"2023-04-19T18:53:00","timezone":"CST-6","state":"OK","stateName":"Oklahoma","county":"Mcclain","countyFips":"87","wfo":"OUN","scale":1,"scaleLabel":"EF1","lengthMiles":2.2,"widthYards":400,"deaths":0,"injuries":0,"propertyDamage":30000,"cropDamage":0,"source":"NWS Storm Survey","dataSource":"CSV"}},{"type":"Feature","geometry":{"type":"LineString","coordinates":[[-97.476,35.058],[-97.395,35.083]]},"properties":{"id":"ncei-2023-1094971","eventId":"1094971","episodeId":"178154","year":2023,"month":4,"date":"2023-04-19","beginTime":"2023-04-19T18:55:00","endTime":"2023-04-19T19:05:00","timezone":"CST-6","state":"OK","stateName":"Oklahoma","county":"Mcclain","countyFips":"87","wfo":"OUN","scale":1,"scaleLabel":"EF1","lengthMiles":5.2,"widthYards":700,"deaths":0,"injuries":0,"propertyDamage":25000,"cropDamage":0,"source":"NWS Storm Survey","dataSource":"CSV"}},{"type":"Feature","geometry":{"type":"LineString","coordinates":[[-97.395,35.083],[-97.357,35.088]]},"properties":{"id":"ncei-2023-1094976","eventId":"1094976","episodeId":"178154","year":2023,"month":4,"date":"2023-04-19","beginTime":"2023-04-19T19:05:00","endTime":"2023-04-19T19:10:00","timezone":"CST-6","state":"OK","stateName":"Oklahoma","county":"Cleveland","countyFips":"27","wfo":"OUN","scale":0,"scaleLabel":"EF0","lengthMiles":2.3,"widthYards":700,"deaths":0,"injuries":0,"propertyDamage":1000,"cropDamage":0,"source":"NWS Storm Survey","dataSource":"CSV"}},{"type":"Feature","geometry":{"type":"LineString","coordinates":[[-97.46,35.087],[-97.459,35.075]]},"properties":{"id":"ncei-2023-1094985","eventId":"1094985","episodeId":"178154","year":2023,"month":4,"date":"2023-04-19","beginTime":"2023-04-19T18:56:00","endTime":"2023-04-19T18:58:00","timezone":"CST-6","state":"OK","stateName":"Oklahoma","county":"Mcclain","countyFips":"87","wfo":"OUN","scale":1,"scaleLabel":"EF1","lengthMiles":0.8,"widthYards":50,"deaths":0,"injuries":0,"propertyDamage":4000,"cropDamage":0,"source":"NWS Storm Survey","dataSource":"CSV"}},{"type":"Feature","geometry":{"type":"LineString","coordinates":[[-97.276,35.117],[-97.242,35.127]]},"properties":{"id":"ncei-2023-1094986","eventId":"1094986","episodeId":"178154","year":2023,"month":4,"date":"2023-04-19","beginTime":"2023-04-19T19:32:00","endTime":"2023-04-19T19:35:00","timezone":"CST-6","state":"OK","stateName":"Oklahoma","county":"Cleveland","countyFips":"27","wfo":"OUN","scale":1,"scaleLabel":"EF1","lengthMiles":2.1,"widthYards":150,"deaths":0,"injuries":0,"propertyDamage":10000,"cropDamage":0,"source":"NWS Storm Survey","dataSource":"CSV"}},{"type":"Feature","geometry":{"type":"LineString","coordinates":[[-97.261,35.125],[-97.177,35.152]]},"properties":{"id":"ncei-2023-1094993","eventId":"1094993","episodeId":"178154","year":2023,"month":4,"date":"2023-04-19","beginTime":"2023-04-19T19:36:00","endTime":"2023-04-19T19:45:00","timezone":"CST-6","state":"OK","stateName":"Oklahoma","county":"Cleveland","countyFips":"27","wfo":"OUN","scale":2,"scaleLabel":"EF2","lengthMiles":5.4,"widthYards":700,"deaths":0,"injuries":0,"propertyDamage":500000,"cropDamage":0,"source":"NWS Storm Survey","dataSource":"CSV"}},{"type":"Feature","geometry":{"type":"LineString","coordinates":[[-97.214,35.133],[-97.185,35.133]]},"properties":{"id":"ncei-2023-1094995","eventId":"1094995","episodeId":"178154","year":2023,"month":4,"date":"2023-04-19","beginTime":"2023-04-19T19:41:00","endTime":"2023-04-19T19:44:00","timezone":"CST-6","state":"OK","stateName":"Oklahoma","county":"Cleveland","countyFips":"27","wfo":"OUN","scale":1,"scaleLabel":"EF1","lengthMiles":1.64,"widthYards":50,"deaths":0,"injuries":0,"propertyDamage":50000,"cropDamage":0,"source":"NWS Storm Survey","dataSource":"CSV"}},{"type":"Feature","geometry":{"type":"LineString","coordinates":[[-97.173,35.159],[-97.142,35.2]]},"properties":{"id":"ncei-2023-1095005","eventId":"1095005","episodeId":"178154","year":2023,"month":4,"date":"2023-04-19","beginTime":"2023-04-19T19:47:00","endTime":"2023-04-19T19:57:00","timezone":"CST-6","state":"OK","stateName":"Oklahoma","county":"Cleveland","countyFips":"27","wfo":"OUN","scale":2,"scaleLabel":"EF2","lengthMiles":3.5,"widthYards":2200,"deaths":0,"injuries":0,"propertyDamage":750000,"cropDamage":0,"source":"NWS Storm Survey","dataSource":"CSV"}},{"type":"Feature","geometry":{"type":"LineString","coordinates":[[-83.122,37.6659],[-83.1164,37.6699]]},"properties":{"id":"ncei-2023-1095006","eventId":"1095006","episodeId":"179789","year":2023,"month":5,"date":"2023-05-16","beginTime":"2023-05-16T15:46:00","endTime":"2023-05-16T15:48:00","timezone":"EST-5","state":"KY","stateName":"Kentucky","county":"Magoffin","countyFips":"153","wfo":"JKL","scale":1,"scaleLabel":"EF1","lengthMiles":0.67,"widthYards":150,"deaths":0,"injuries":0,"propertyDamage":1000,"cropDamage":19800,"source":"NWS Storm Survey","dataSource":"CSV"}},{"type":"Feature","geometry":{"type":"LineString","coordinates":[[-97.142,35.2],[-97.132,35.206]]},"properties":{"id":"ncei-2023-1095007","eventId":"1095007","episodeId":"178154","year":2023,"month":4,"date":"2023-04-19","beginTime":"2023-04-19T19:57:00","endTime":"2023-04-19T19:59:00","timezone":"CST-6","state":"OK","stateName":"Oklahoma","county":"Pottawatomie","countyFips":"125","wfo":"OUN","scale":1,"scaleLabel":"EF1","lengthMiles":0.7,"widthYards":750,"deaths":0,"injuries":0,"propertyDamage":25000,"cropDamage":0,"source":"NWS Storm Survey","dataSource":"CSV"}},{"type":"Feature","geometry":{"type":"LineString","coordinates":[[-97.111,35.229],[-97.101,35.232]]},"properties":{"id":"ncei-2023-1095008","eventId":"1095008","episodeId":"178154","year":2023,"month":4,"date":"2023-04-19","beginTime":"2023-04-19T20:04:00","endTime":"2023-04-19T20:09:00","timezone":"CST-6","state":"OK","stateName":"Oklahoma","county":"Pottawatomie","countyFips":"125","wfo":"OUN","scale":3,"scaleLabel":"EF3","lengthMiles":0.6,"widthYards":250,"deaths":0,"injuries":0,"propertyDamage":50000,"cropDamage":0,"source":"NWS Storm Survey","dataSource":"CSV"}},{"type":"Feature","geometry":{"type":"LineString","coordinates":[[-97.296,35.238],[-97.29,35.237]]},"properties":{"id":"ncei-2023-1095009","eventId":"1095009","episodeId":"178154","year":2023,"month":4,"date":"2023-04-19","beginTime":"2023-04-19T20:07:00","endTime":"2023-04-19T20:08:00","timezone":"CST-6","state":"OK","stateName":"Oklahoma","county":"Cleveland","countyFips":"27","wfo":"OUN","scale":0,"scaleLabel":"EF0","lengthMiles":0.35,"widthYards":60,"deaths":0,"injuries":0,"propertyDamage":5000,"cropDamage":0,"source":"NWS Storm Survey","dataSource":"CSV"}},{"type":"Feature","geometry":{"type":"LineString","coordinates":[[-97.103,35.283],[-97.142,35.329]]},"properties":{"id":"ncei-2023-1095051","eventId":"1095051","episodeId":"178154","year":2023,"month":4,"date":"2023-04-19","beginTime":"2023-04-19T20:13:00","endTime":"2023-04-19T20:21:00","timezone":"CST-6","state":"OK","stateName":"Oklahoma","county":"Pottawatomie","countyFips":"125","wfo":"OUN","scale":2,"scaleLabel":"EF2","lengthMiles":5,"widthYards":700,"deaths":0,"injuries":0,"propertyDamage":100000,"cropDamage":0,"source":"NWS Storm Survey","dataSource":"CSV"}},{"type":"Feature","geometry":{"type":"LineString","coordinates":[[-97.142,35.329],[-97.162,35.339]]},"properties":{"id":"ncei-2023-1095057","eventId":"1095057","episodeId":"178154","year":2023,"month":4,"date":"2023-04-19","beginTime":"2023-04-19T20:21:00","endTime":"2023-04-19T20:23:00","timezone":"CST-6","state":"OK","stateName":"Oklahoma","county":"Cleveland","countyFips":"27","wfo":"OUN","scale":1,"scaleLabel":"EF1","lengthMiles":1.3,"widthYards":550,"deaths":0,"injuries":0,"propertyDamage":5000,"cropDamage":0,"source":"NWS Storm Survey","dataSource":"CSV"}},{"type":"Feature","geometry":{"type":"LineString","coordinates":[[-97.187,35.255],[-97.172,35.262]]},"properties":{"id":"ncei-2023-1095059","eventId":"1095059","episodeId":"178154","year":2023,"month":4,"date":"2023-04-19","beginTime":"2023-04-19T20:18:00","endTime":"2023-04-19T20:21:00","timezone":"CST-6","state":"OK","stateName":"Oklahoma","county":"Cleveland","countyFips":"27","wfo":"OUN","scale":0,"scaleLabel":"EF0","lengthMiles":1,"widthYards":75,"deaths":0,"injuries":0,"propertyDamage":10000,"cropDamage":0,"source":"NWS Storm Survey","dataSource":"CSV"}},{"type":"Feature","geometry":{"type":"LineString","coordinates":[[-97.017,35.314],[-97.025,35.34]]},"properties":{"id":"ncei-2023-1095060","eventId":"1095060","episodeId":"178154","year":2023,"month":4,"date":"2023-04-19","beginTime":"2023-04-19T20:21:00","endTime":"2023-04-19T20:28:00","timezone":"CST-6","state":"OK","stateName":"Oklahoma","county":"Pottawatomie","countyFips":"125","wfo":"OUN","scale":1,"scaleLabel":"EF1","lengthMiles":1.85,"widthYards":400,"deaths":0,"injuries":0,"propertyDamage":50000,"cropDamage":0,"source":"NWS Storm Survey","dataSource":"CSV"}},{"type":"Feature","geometry":{"type":"LineString","coordinates":[[-96.792,35.428],[-96.791,35.419]]},"properties":{"id":"ncei-2023-1095062","eventId":"1095062","episodeId":"178154","year":2023,"month":4,"date":"2023-04-19","beginTime":"2023-04-19T21:39:00","endTime":"2023-04-19T21:40:00","timezone":"CST-6","state":"OK","stateName":"Oklahoma","county":"Pottawatomie","countyFips":"125","wfo":"OUN","scale":1,"scaleLabel":"EF1","lengthMiles":0.8,"widthYards":50,"deaths":0,"injuries":0,"propertyDamage":0,"cropDamage":0,"source":"NWS Storm Survey","dataSource":"CSV"}},{"type":"Feature","geometry":{"type":"LineString","coordinates":[[-97,35.272],[-96.933,35.464]]},"properties":{"id":"ncei-2023-1095066","eventId":"1095066","episodeId":"178154","year":2023,"month":4,"date":"2023-04-19","beginTime":"2023-04-19T20:39:00","endTime":"2023-04-19T21:14:00","timezone":"CST-6","state":"OK","stateName":"Oklahoma","county":"Pottawatomie","countyFips":"125","wfo":"OUN","scale":2,"scaleLabel":"EF2","lengthMiles":14.5,"widthYards":2300,"deaths":0,"injuries":0,"propertyDamage":4000000,"cropDamage":0,"source":"NWS Storm Survey","dataSource":"CSV"}},{"type":"Feature","geometry":{"type":"LineString","coordinates":[[-96.933,35.464],[-96.932,35.471]]},"properties":{"id":"ncei-2023-1095070","eventId":"1095070","episodeId":"178154","year":2023,"month":4,"date":"2023-04-19","beginTime":"2023-04-19T21:14:00","endTime":"2023-04-19T21:16:00","timezone":"CST-6","state":"OK","stateName":"Oklahoma","county":"Lincoln","countyFips":"81","wfo":"OUN","scale":0,"scaleLabel":"EF0","lengthMiles":0.5,"widthYards":500,"deaths":0,"injuries":0,"propertyDamage":0,"cropDamage":0,"source":"NWS Storm Survey","dataSource":"CSV"}},{"type":"Feature","geometry":{"type":"LineString","coordinates":[[-102.02,39.59],[-102.05,39.618]]},"properties":{"id":"ncei-2023-1095128","eventId":"1095128","episodeId":"179806","year":2023,"month":5,"date":"2023-05-11","beginTime":"2023-05-11T11:57:00","endTime":"2023-05-11T12:00:00","timezone":"CST-6","state":"KS","stateName":"Kansas","county":"Cheyenne","countyFips":"23","wfo":"GLD","scale":1,"scaleLabel":"EF1","lengthMiles":2.84,"widthYards":100,"deaths":0,"injuries":0,"propertyDamage":0,"cropDamage":0,"source":"NWS Storm Survey","dataSource":"CSV"}},{"type":"Feature","geometry":{"type":"LineString","coordinates":[[-102.05,39.618],[-102.09,39.63]]},"properties":{"id":"ncei-2023-1095131","eventId":"1095131","episodeId":"179810","year":2023,"month":5,"date":"2023-05-11","beginTime":"2023-05-11T11:00:00","endTime":"2023-05-11T11:03:00","timezone":"MST-7","state":"CO","stateName":"Colorado","county":"Yuma","countyFips":"125","wfo":"GLD","scale":1,"scaleLabel":"EF1","lengthMiles":2.33,"widthYards":100,"deaths":0,"injuries":0,"propertyDamage":0,"cropDamage":0,"source":"NWS Storm Survey","dataSource":"CSV"}},{"type":"Feature","geometry":{"type":"LineString","coordinates":[[-101.35,39.75],[-101.36,39.77]]},"properties":{"id":"ncei-2023-1095135","eventId":"1095135","episodeId":"179806","year":2023,"month":5,"date":"2023-05-11","beginTime":"2023-05-11T12:35:00","endTime":"2023-05-11T12:37:00","timezone":"CST-6","state":"KS","stateName":"Kansas","county":"Rawlins","countyFips":"153","wfo":"GLD","scale":-1,"scaleLabel":"Unknown","lengthMiles":1.16,"widthYards":100,"deaths":0,"injuries":0,"propertyDamage":0,"cropDamage":0,"source":"Trained Spotter","dataSource":"CSV"}},{"type":"Feature","geometry":{"type":"LineString","coordinates":[[-101.38,39.78],[-101.4,39.8]]},"properties":{"id":"ncei-2023-1095140","eventId":"1095140","episodeId":"179806","year":2023,"month":5,"date":"2023-05-11","beginTime":"2023-05-11T12:39:00","endTime":"2023-05-11T12:42:00","timezone":"CST-6","state":"KS","stateName":"Kansas","county":"Rawlins","countyFips":"153","wfo":"GLD","scale":-1,"scaleLabel":"Unknown","lengthMiles":1.78,"widthYards":75,"deaths":0,"injuries":0,"propertyDamage":0,"cropDamage":0,"source":"Trained Spotter","dataSource":"CSV"}},{"type":"Feature","geometry":{"type":"LineString","coordinates":[[-101.38,40.27],[-101.42,40.3]]},"properties":{"id":"ncei-2023-1095143","eventId":"1095143","episodeId":"179815","year":2023,"month":5,"date":"2023-05-11","beginTime":"2023-05-11T13:01:00","endTime":"2023-05-11T13:06:00","timezone":"MST-7","state":"NE","stateName":"Nebraska","county":"Dundy","countyFips":"57","wfo":"GLD","scale":-1,"scaleLabel":"Unknown","lengthMiles":3.02,"widthYards":75,"deaths":0,"injuries":0,"propertyDamage":0,"cropDamage":0,"source":"Trained Spotter","dataSource":"CSV"}},{"type":"Feature","geometry":{"type":"LineString","coordinates":[[-101.91,38.78],[-101.92,38.9]]},"properties":{"id":"ncei-2023-1095241","eventId":"1095241","episodeId":"179806","year":2023,"month":5,"date":"2023-05-11","beginTime":"2023-05-11T15:33:00","endTime":"2023-05-11T15:48:00","timezone":"MST-7","state":"KS","stateName":"Kansas","county":"Wallace","countyFips":"199","wfo":"GLD","scale":0,"scaleLabel":"EF0","lengthMiles":8.48,"widthYards":100,"deaths":0,"injuries":0,"propertyDamage":0,"cropDamage":0,"source":"Public","dataSource":"CSV"}},{"type":"Feature","geometry":{"type":"LineString","coordinates":[[-102.03,38.83],[-102.02,38.87]]},"properties":{"id":"ncei-2023-1095243","eventId":"1095243","episodeId":"179806","year":2023,"month":5,"date":"2023-05-11","beginTime":"2023-05-11T15:41:00","endTime":"2023-05-11T15:47:00","timezone":"MST-7","state":"KS","stateName":"Kansas","county":"Wallace","countyFips":"199","wfo":"GLD","scale":0,"scaleLabel":"EF0","lengthMiles":3.17,"widthYards":100,"deaths":0,"injuries":0,"propertyDamage":0,"cropDamage":0,"source":"Emergency Manager","dataSource":"CSV"}},{"type":"Feature","geometry":{"type":"LineString","coordinates":[[-102.13,38.83],[-102.14,38.84]]},"properties":{"id":"ncei-2023-1095245","eventId":"1095245","episodeId":"179810","year":2023,"month":5,"date":"2023-05-11","beginTime":"2023-05-11T15:45:00","endTime":"2023-05-11T15:52:00","timezone":"MST-7","state":"CO","stateName":"Colorado","county":"Cheyenne","countyFips":"17","wfo":"GLD","scale":-1,"scaleLabel":"Unknown","lengthMiles":1.15,"widthYards":150,"deaths":0,"injuries":0,"propertyDamage":0,"cropDamage":0,"source":"Storm Chaser","dataSource":"CSV"}},{"type":"Feature","geometry":{"type":"LineString","coordinates":[[-102.129,38.845],[-102.135,38.855]]},"properties":{"id":"ncei-2023-1095247","eventId":"1095247","episodeId":"179810","year":2023,"month":5,"date":"2023-05-11","beginTime":"2023-05-11T15:46:00","endTime":"2023-05-11T15:49:00","timezone":"MST-7","state":"CO","stateName":"Colorado","county":"Cheyenne","countyFips":"17","wfo":"GLD","scale":-1,"scaleLabel":"Unknown","lengthMiles":0.68,"widthYards":75,"deaths":0,"injuries":0,"propertyDamage":0,"cropDamage":0,"source":"Public","dataSource":"CSV"}},{"type":"Feature","geometry":{"type":"LineString","coordinates":[[-101.964,38.858],[-101.966,38.875]]},"properties":{"id":"ncei-2023-1095249","eventId":"1095249","episodeId":"179806","year":2023,"month":5,"date":"2023-05-11","beginTime":"2023-05-11T15:45:00","endTime":"2023-05-11T15:49:00","timezone":"MST-7","state":"KS","stateName":"Kansas","county":"Wallace","countyFips":"199","wfo":"GLD","scale":1,"scaleLabel":"EF1","lengthMiles":1.25,"widthYards":175,"deaths":0,"injuries":0,"propertyDamage":0,"cropDamage":0,"source":"NWS Storm Survey","dataSource":"CSV"}},{"type":"Feature","geometry":{"type":"LineString","coordinates":[[-101.74,39.02],[-101.79,39.11]]},"properties":{"id":"ncei-2023-1095250","eventId":"1095250","episodeId":"179806","year":2023,"month":5,"date":"2023-05-11","beginTime":"2023-05-11T16:09:00","endTime":"2023-05-11T16:29:00","timezone":"MST-7","state":"KS","stateName":"Kansas","county":"Wallace","countyFips":"199","wfo":"GLD","scale":0,"scaleLabel":"EF0","lengthMiles":6.62,"widthYards":100,"deaths":0,"injuries":0,"propertyDamage":0,"cropDamage":0,"source":"Public","dataSource":"CSV"}},{"type":"Feature","geometry":{"type":"LineString","coordinates":[[-101.39,39.05],[-101.44,39.13]]},"properties":{"id":"ncei-2023-1095254","eventId":"1095254","episodeId":"179806","year":2023,"month":5,"date":"2023-05-11","beginTime":"2023-05-11T17:25:00","endTime":"2023-05-11T17:42:00","timezone":"CST-6","state":"KS","stateName":"Kansas","county":"Logan","countyFips":"109","wfo":"GLD","scale":-1,"scaleLabel":"Unknown","lengthMiles":5.8,"widthYards":100,"deaths":0,"injuries":0,"propertyDamage":0,"cropDamage":0,"source":"Public","dataSource":"CSV"}},{"type":"Feature","geometry":{"type":"LineString","coordinates":[[-101.48,39.22],[-101.49,39.23]]},"properties":{"id":"ncei-2023-1095256","eventId":"1095256","episodeId":"179806","year":2023,"month":5,"date":"2023-05-11","beginTime":"2023-05-11T16:47:00","endTime":"2023-05-11T16:52:00","timezone":"MST-7","state":"KS","stateName":"Kansas","county":"Sherman","countyFips":"181","wfo":"GLD","scale":-1,"scaleLabel":"Unknown","lengthMiles":0.76,"widthYards":75,"deaths":0,"injuries":0,"propertyDamage":0,"cropDamage":0,"source":"Trained Spotter","dataSource":"CSV"}},{"type":"Feature","geometry":{"type":"LineString","coordinates":[[-101.17,39.32],[-101.17,39.34]]},"properties":{"id":"ncei-2023-1095259","eventId":"1095259","episodeId":"179806","year":2023,"month":5,"date":"2023-05-11","beginTime":"2023-05-11T18:29:00","endTime":"2023-05-11T18:32:00","timezone":"CST-6","state":"KS","stateName":"Kansas","county":"Thomas","countyFips":"193","wfo":"GLD","scale":-1,"scaleLabel":"Unknown","lengthMiles":1.48,"widthYards":75,"deaths":0,"injuries":0,"propertyDamage":0,"cropDamage":0,"source":"Trained Spotter","dataSource":"CSV"}},{"type":"Feature","geometry":{"type":"LineString","coordinates":[[-100.61,39.57],[-100.59,39.57]]},"properties":{"id":"ncei-2023-1095269","eventId":"1095269","episodeId":"179826","year":2023,"month":5,"date":"2023-05-10","beginTime":"2023-05-10T16:26:00","endTime":"2023-05-10T16:30:00","timezone":"CST-6","state":"KS","stateName":"Kansas","county":"Sheridan","countyFips":"179","wfo":"GLD","scale":-1,"scaleLabel":"Unknown","lengthMiles":0.86,"widthYards":100,"deaths":0,"injuries":0,"propertyDamage":0,"cropDamage":0,"source":"Public","dataSource":"CSV"}},{"type":"Feature","geometry":{"type":"LineString","coordinates":[[-84.5357,34.1245],[-84.4922,34.1245]]},"properties":{"id":"ncei-2023-1095576","eventId":"1095576","episodeId":"179854","year":2023,"month":4,"date":"2023-04-01","beginTime":"2023-04-01T06:35:00","endTime":"2023-04-01T06:38:00","timezone":"EST-5","state":"GA","stateName":"Georgia","county":"Cherokee","countyFips":"57","wfo":"FFC","scale":0,"scaleLabel":"EF0","lengthMiles":2.49,"widthYards":75,"deaths":0,"injuries":0,"propertyDamage":0,"cropDamage":0,"source":"Emergency Manager","dataSource":"CSV"}},{"type":"Feature","geometry":{"type":"LineString","coordinates":[[-86.1408,37.9545],[-86.1368,37.9568]]},"properties":{"id":"ncei-2023-1095644","eventId":"1095644","episodeId":"179219","year":2023,"month":4,"date":"2023-04-05","beginTime":"2023-04-05T15:41:00","endTime":"2023-04-05T15:42:00","timezone":"EST-5","state":"KY","stateName":"Kentucky","county":"Meade","countyFips":"163","wfo":"LMK","scale":1,"scaleLabel":"EF1","lengthMiles":0.27,"widthYards":50,"deaths":0,"injuries":0,"propertyDamage":0,"cropDamage":0,"source":"NWS Storm Survey","dataSource":"CSV"}},{"type":"Feature","geometry":{"type":"LineString","coordinates":[[-85.8321,38.1522],[-85.8175,38.1553]]},"properties":{"id":"ncei-2023-1095647","eventId":"1095647","episodeId":"179219","year":2023,"month":4,"date":"2023-04-05","beginTime":"2023-04-05T15:58:00","endTime":"2023-04-05T15:59:00","timezone":"EST-5","state":"KY","stateName":"Kentucky","county":"Jefferson","countyFips":"111","wfo":"LMK","scale":1,"scaleLabel":"EF1","lengthMiles":0.82,"widthYards":100,"deaths":0,"injuries":0,"propertyDamage":0,"cropDamage":0,"source":"NWS Storm Survey","dataSource":"CSV"}},{"type":"Feature","geometry":{"type":"LineString","coordinates":[[-85.6983,38.1982],[-85.6911,38.1978]]},"properties":{"id":"ncei-2023-1095649","eventId":"1095649","episodeId":"179219","year":2023,"month":4,"date":"2023-04-05","beginTime":"2023-04-05T16:05:00","endTime":"2023-04-05T16:06:00","timezone":"EST-5","state":"KY","stateName":"Kentucky","county":"Jefferson","countyFips":"111","wfo":"LMK","scale":1,"scaleLabel":"EF1","lengthMiles":0.39,"widthYards":75,"deaths":0,"injuries":0,"propertyDamage":0,"cropDamage":0,"source":"NWS Storm Survey","dataSource":"CSV"}},{"type":"Feature","geometry":{"type":"LineString","coordinates":[[-85.7003,38.1938],[-85.6857,38.1998]]},"properties":{"id":"ncei-2023-1095660","eventId":"1095660","episodeId":"179219","year":2023,"month":4,"date":"2023-04-05","beginTime":"2023-04-05T16:05:00","endTime":"2023-04-05T16:06:00","timezone":"EST-5","state":"KY","stateName":"Kentucky","county":"Jefferson","countyFips":"111","wfo":"LMK","scale":1,"scaleLabel":"EF1","lengthMiles":0.89,"widthYards":100,"deaths":0,"injuries":0,"propertyDamage":0,"cropDamage":0,"source":"NWS Storm Survey","dataSource":"CSV"}},{"type":"Feature","geometry":{"type":"LineString","coordinates":[[-96.6,38.37],[-96.58,38.38]]},"properties":{"id":"ncei-2023-1095708","eventId":"1095708","episodeId":"178125","year":2023,"month":4,"date":"2023-04-19","beginTime":"2023-04-19T19:31:00","endTime":"2023-04-19T19:37:00","timezone":"CST-6","state":"KS","stateName":"Kansas","county":"Chase","countyFips":"17","wfo":"ICT","scale":1,"scaleLabel":"EF1","lengthMiles":1.28,"widthYards":200,"deaths":0,"injuries":0,"propertyDamage":0,"cropDamage":0,"source":"NWS Storm Survey","dataSource":"CSV"}},{"type":"Feature","geometry":{"type":"LineString","coordinates":[[-96.58,38.38],[-96.54,38.4]]},"properties":{"id":"ncei-2023-1095709","eventId":"1095709","episodeId":"178125","year":2023,"month":4,"date":"2023-04-19","beginTime":"2023-04-19T19:38:00","endTime":"2023-04-19T19:43:00","timezone":"CST-6","state":"KS","stateName":"Kansas","county":"Chase","countyFips":"17","wfo":"ICT","scale":0,"scaleLabel":"EF0","lengthMiles":2.57,"widthYards":175,"deaths":0,"injuries":0,"propertyDamage":0,"cropDamage":0,"source":"NWS Storm Survey","dataSource":"CSV"}},{"type":"Feature","geometry":{"type":"LineString","coordinates":[[-96.41,38.46],[-96.3785,38.5216]]},"properties":{"id":"ncei-2023-1095710","eventId":"1095710","episodeId":"178125","year":2023,"month":4,"date":"2023-04-19","beginTime":"2023-04-19T19:55:00","endTime":"2023-04-19T20:04:00","timezone":"CST-6","state":"KS","stateName":"Kansas","county":"Chase","countyFips":"17","wfo":"ICT","scale":2,"scaleLabel":"EF2","lengthMiles":4.59,"widthYards":300,"deaths":0,"injuries":0,"propertyDamage":0,"cropDamage":0,"source":"NWS Storm Survey","dataSource":"CSV"}},{"type":"Feature","geometry":{"type":"LineString","coordinates":[[-85.4967,38.2696],[-85.449,38.279]]},"properties":{"id":"ncei-2023-1095733","eventId":"1095733","episodeId":"179867","year":2023,"month":3,"date":"2023-03-31","beginTime":"2023-03-31T23:30:00","endTime":"2023-03-31T23:33:00","timezone":"EST-5","state":"KY","stateName":"Kentucky","county":"Jefferson","countyFips":"111","wfo":"LMK","scale":1,"scaleLabel":"EF1","lengthMiles":2.67,"widthYards":130,"deaths":0,"injuries":0,"propertyDamage":0,"cropDamage":0,"source":"NWS Storm Survey","dataSource":"CSV"}},{"type":"Feature","geometry":{"type":"LineString","coordinates":[[-85.449,38.279],[-85.4262,38.2853]]},"properties":{"id":"ncei-2023-1095734","eventId":"1095734","episodeId":"179867","year":2023,"month":3,"date":"2023-03-31","beginTime":"2023-03-31T23:33:00","endTime":"2023-03-31T23:34:00","timezone":"EST-5","state":"KY","stateName":"Kentucky","county":"Shelby","countyFips":"211","wfo":"LMK","scale":0,"scaleLabel":"EF0","lengthMiles":1.31,"widthYards":100,"deaths":0,"injuries":0,"propertyDamage":0,"cropDamage":0,"source":"NWS Storm Survey","dataSource":"CSV"}},{"type":"Feature","geometry":{"type":"LineString","coordinates":[[-80.0743,26.3239],[-80.0748,26.3239]]},"properties":{"id":"ncei-2023-1096378","eventId":"1096378","episodeId":"179970","year":2023,"month":4,"date":"2023-04-21","beginTime":"2023-04-21T08:36:00","endTime":"2023-04-21T08:38:00","timezone":"EST-5","state":"FL","stateName":"Florida","county":"Palm Beach","countyFips":"99","wfo":"MFL","scale":0,"scaleLabel":"EF0","lengthMiles":0.03,"widthYards":10,"deaths":0,"injuries":0,"propertyDamage":0,"cropDamage":0,"source":"Broadcast Media","dataSource":"CSV"}},{"type":"Feature","geometry":{"type":"LineString","coordinates":[[-80.1144,26.0215],[-80.1153,26.0215]]},"properties":{"id":"ncei-2023-1096384","eventId":"1096384","episodeId":"179970","year":2023,"month":4,"date":"2023-04-21","beginTime":"2023-04-21T11:44:00","endTime":"2023-04-21T11:45:00","timezone":"EST-5","state":"FL","stateName":"Florida","county":"Broward","countyFips":"11","wfo":"MFL","scale":0,"scaleLabel":"EF0","lengthMiles":0.06,"widthYards":10,"deaths":0,"injuries":0,"propertyDamage":0,"cropDamage":0,"source":"Broadcast Media","dataSource":"CSV"}},{"type":"Feature","geometry":{"type":"LineString","coordinates":[[-98.4044,41.6075],[-98.6002,41.7402]]},"properties":{"id":"ncei-2023-1096442","eventId":"1096442","episodeId":"179960","year":2023,"month":5,"date":"2023-05-12","beginTime":"2023-05-12T13:25:00","endTime":"2023-05-12T13:42:00","timezone":"CST-6","state":"NE","stateName":"Nebraska","county":"Greeley","countyFips":"77","wfo":"GID","scale":1,"scaleLabel":"EF1","lengthMiles":13.64,"widthYards":200,"deaths":0,"injuries":0,"propertyDamage":300000,"cropDamage":0,"source":"NWS Storm Survey","dataSource":"CSV"}},{"type":"Feature","geometry":{"type":"LineString","coordinates":[[-104.7396,39.7577],[-104.7396,39.7577]]},"properties":{"id":"ncei-2023-1096510","eventId":"1096510","episodeId":"178200","year":2023,"month":4,"date":"2023-04-22","beginTime":"2023-04-22T14:13:00","endTime":"2023-04-22T14:18:00","timezone":"MST-7","state":"CO","stateName":"Colorado","county":"Adams","countyFips":"1","wfo":"BOU","scale":0,"scaleLabel":"EF0","lengthMiles":0.01,"widthYards":50,"deaths":0,"injuries":0,"propertyDamage":0,"cropDamage":0,"source":"Trained Spotter","dataSource":"CSV"}},{"type":"Feature","geometry":{"type":"LineString","coordinates":[[-104.4846,40.0212],[-104.4846,40.0212]]},"properties":{"id":"ncei-2023-1096516","eventId":"1096516","episodeId":"178200","year":2023,"month":4,"date":"2023-04-22","beginTime":"2023-04-22T13:21:00","endTime":"2023-04-22T13:25:00","timezone":"MST-7","state":"CO","stateName":"Colorado","county":"Weld","countyFips":"123","wfo":"BOU","scale":0,"scaleLabel":"EF0","lengthMiles":0.01,"widthYards":50,"deaths":0,"injuries":0,"propertyDamage":0,"cropDamage":0,"source":"Trained Spotter","dataSource":"CSV"}},{"type":"Feature","geometry":{"type":"LineString","coordinates":[[-104.4936,40.011],[-104.4936,40.011]]},"properties":{"id":"ncei-2023-1096517","eventId":"1096517","episodeId":"178200","year":2023,"month":4,"date":"2023-04-22","beginTime":"2023-04-22T13:30:00","endTime":"2023-04-22T13:40:00","timezone":"MST-7","state":"CO","stateName":"Colorado","county":"Weld","countyFips":"123","wfo":"BOU","scale":0,"scaleLabel":"EF0","lengthMiles":0.01,"widthYards":50,"deaths":0,"injuries":0,"propertyDamage":0,"cropDamage":0,"source":"Trained Spotter","dataSource":"CSV"}},{"type":"Feature","geometry":{"type":"LineString","coordinates":[[-104.4796,40.025],[-104.4796,40.025]]},"properties":{"id":"ncei-2023-1096519","eventId":"1096519","episodeId":"178200","year":2023,"month":4,"date":"2023-04-22","beginTime":"2023-04-22T13:51:00","endTime":"2023-04-22T13:53:00","timezone":"MST-7","state":"CO","stateName":"Colorado","county":"Weld","countyFips":"123","wfo":"BOU","scale":0,"scaleLabel":"EF0","lengthMiles":0.01,"widthYards":50,"deaths":0,"injuries":0,"propertyDamage":0,"cropDamage":0,"source":"Trained Spotter","dataSource":"CSV"}},{"type":"Feature","geometry":{"type":"LineString","coordinates":[[-97.71,44.908],[-97.71,44.908]]},"properties":{"id":"ncei-2023-1096570","eventId":"1096570","episodeId":"179999","year":2023,"month":6,"date":"2023-06-07","beginTime":"2023-06-07T13:30:00","endTime":"2023-06-07T13:30:00","timezone":"CST-6","state":"SD","stateName":"South Dakota","county":"Clark","countyFips":"25","wfo":"ABR","scale":0,"scaleLabel":"EF0","lengthMiles":0.01,"widthYards":10,"deaths":0,"injuries":0,"propertyDamage":0,"cropDamage":0,"source":"Law Enforcement","dataSource":"CSV"}},{"type":"Feature","geometry":{"type":"LineString","coordinates":[[-86.221,39.5692],[-86.1237,39.5616]]},"properties":{"id":"ncei-2023-1096745","eventId":"1096745","episodeId":"179926","year":2023,"month":6,"date":"2023-06-25","beginTime":"2023-06-25T15:12:00","endTime":"2023-06-25T15:23:00","timezone":"EST-5","state":"IN","stateName":"Indiana","county":"Johnson","countyFips":"81","wfo":"IND","scale":2,"scaleLabel":"EF2","lengthMiles":5.4,"widthYards":400,"deaths":0,"injuries":0,"propertyDamage":1200000,"cropDamage":0,"source":"NWS Storm Survey","dataSource":"CSV"}},{"type":"Feature","geometry":{"type":"LineString","coordinates":[[-86.6745,39.0287],[-86.5935,39.0213]]},"properties":{"id":"ncei-2023-1096746","eventId":"1096746","episodeId":"179926","year":2023,"month":6,"date":"2023-06-25","beginTime":"2023-06-25T15:30:00","endTime":"2023-06-25T15:37:00","timezone":"EST-5","state":"IN","stateName":"Indiana","county":"Monroe","countyFips":"105","wfo":"IND","scale":1,"scaleLabel":"EF1","lengthMiles":4.45,"widthYards":100,"deaths":0,"injuries":0,"propertyDamage":450000,"cropDamage":0,"source":"NWS Storm Survey","dataSource":"CSV"}},{"type":"Feature","geometry":{"type":"LineString","coordinates":[[-86.958,38.887],[-86.9042,38.88]]},"properties":{"id":"ncei-2023-1096747","eventId":"1096747","episodeId":"179926","year":2023,"month":6,"date":"2023-06-25","beginTime":"2023-06-25T15:21:00","endTime":"2023-06-25T15:27:00","timezone":"EST-5","state":"IN","stateName":"Indiana","county":"Daviess","countyFips":"27","wfo":"IND","scale":1,"scaleLabel":"EF1","lengthMiles":2.96,"widthYards":100,"deaths":0,"injuries":0,"propertyDamage":300000,"cropDamage":0,"source":"NWS Storm Survey","dataSource":"CSV"}},{"type":"Feature","geometry":{"type":"LineString","coordinates":[[-86.9042,38.88],[-86.8898,38.8793]]},"properties":{"id":"ncei-2023-1096748","eventId":"1096748","episodeId":"179926","year":2023,"month":6,"date":"2023-06-25","beginTime":"2023-06-25T15:27:00","endTime":"2023-06-25T15:30:00","timezone":"EST-5","state":"IN","stateName":"Indiana","county":"Martin","countyFips":"101","wfo":"IND","scale":1,"scaleLabel":"EF1","lengthMiles":0.77,"widthYards":100,"deaths":0,"injuries":0,"propertyDamage":100000,"cropDamage":0,"source":"NWS Storm Survey","dataSource":"CSV"}},{"type":"Feature","geometry":{"type":"LineString","coordinates":[[-86.8666,38.585],[-86.741,38.526]]},"properties":{"id":"ncei-2023-1096749","eventId":"1096749","episodeId":"179926","year":2023,"month":6,"date":"2023-06-25","beginTime":"2023-06-25T15:34:00","endTime":"2023-06-25T15:45:00","timezone":"EST-5","state":"IN","stateName":"Indiana","county":"Martin","countyFips":"101","wfo":"IND","scale":2,"scaleLabel":"EF2","lengthMiles":8.07,"widthYards":565,"deaths":1,"injuries":1,"propertyDamage":1150000,"cropDamage":0,"source":"NWS Storm Survey","dataSource":"CSV"}},{"type":"Feature","geometry":{"type":"LineString","coordinates":[[-77.586,35.285],[-77.58,35.293]]},"properties":{"id":"ncei-2023-1096843","eventId":"1096843","episodeId":"180047","year":2023,"month":6,"date":"2023-06-22","beginTime":"2023-06-22T12:04:00","endTime":"2023-06-22T12:05:00","timezone":"EST-5","state":"NC","stateName":"North Carolina","county":"Lenoir","countyFips":"107","wfo":"MHX","scale":1,"scaleLabel":"EF1","lengthMiles":0.7,"widthYards":100,"deaths":0,"injuries":0,"propertyDamage":0,"cropDamage":0,"source":"NWS Storm Survey","dataSource":"CSV"}},{"type":"Feature","geometry":{"type":"LineString","coordinates":[[-99.9006,40.7321],[-99.8264,40.6944]]},"properties":{"id":"ncei-2023-1096954","eventId":"1096954","episodeId":"179953","year":2023,"month":5,"date":"2023-05-05","beginTime":"2023-05-05T21:54:00","endTime":"2023-05-05T22:00:00","timezone":"CST-6","state":"NE","stateName":"Nebraska","county":"Dawson","countyFips":"47","wfo":"GID","scale":1,"scaleLabel":"EF1","lengthMiles":4.68,"widthYards":80,"deaths":0,"injuries":0,"propertyDamage":2000000,"cropDamage":0,"source":"NWS Storm Survey","dataSource":"CSV"}},{"type":"Feature","geometry":{"type":"LineString","coordinates":[[-95.77,40.68],[-95.77,40.68]]},"properties":{"id":"ncei-2023-1097121","eventId":"1097121","episodeId":"180080","year":2023,"month":5,"date":"2023-05-07","beginTime":"2023-05-07T19:08:00","endTime":"2023-05-07T19:08:00","timezone":"CST-6","state":"IA","stateName":"Iowa","county":"Fremont","countyFips":"71","wfo":"OAX","scale":-1,"scaleLabel":"Unknown","lengthMiles":0.05,"widthYards":50,"deaths":0,"injuries":0,"propertyDamage":0,"cropDamage":0,"source":"Public","dataSource":"CSV"}},{"type":"Feature","geometry":{"type":"LineString","coordinates":[[-97.69,41.59],[-97.69,41.59]]},"properties":{"id":"ncei-2023-1097173","eventId":"1097173","episodeId":"180091","year":2023,"month":5,"date":"2023-05-12","beginTime":"2023-05-12T14:55:00","endTime":"2023-05-12T14:55:00","timezone":"CST-6","state":"NE","stateName":"Nebraska","county":"Platte","countyFips":"141","wfo":"OAX","scale":-1,"scaleLabel":"Unknown","lengthMiles":0.05,"widthYards":50,"deaths":0,"injuries":0,"propertyDamage":0,"cropDamage":0,"source":"NWS Storm Survey","dataSource":"CSV"}},{"type":"Feature","geometry":{"type":"LineString","coordinates":[[-82.1149,26.6086],[-82.1148,26.6085]]},"properties":{"id":"ncei-2023-1097178","eventId":"1097178","episodeId":"180092","year":2023,"month":6,"date":"2023-06-18","beginTime":"2023-06-18T10:10:00","endTime":"2023-06-18T10:11:00","timezone":"EST-5","state":"FL","stateName":"Florida","county":"Lee","countyFips":"71","wfo":"TBW","scale":0,"scaleLabel":"EF0","lengthMiles":0.01,"widthYards":10,"deaths":0,"injuries":0,"propertyDamage":5000,"cropDamage":0,"source":"NWS Storm Survey","dataSource":"CSV"}},{"type":"Feature","geometry":{"type":"LineString","coordinates":[[-97.8754,41.8527],[-97.8882,41.868]]},"properties":{"id":"ncei-2023-1097184","eventId":"1097184","episodeId":"180091","year":2023,"month":5,"date":"2023-05-12","beginTime":"2023-05-12T15:09:00","endTime":"2023-05-12T15:12:00","timezone":"CST-6","state":"NE","stateName":"Nebraska","county":"Boone","countyFips":"11","wfo":"OAX","scale":1,"scaleLabel":"EF1","lengthMiles":1.25,"widthYards":150,"deaths":0,"injuries":0,"propertyDamage":0,"cropDamage":0,"source":"NWS Storm Survey","dataSource":"CSV"}},{"type":"Feature","geometry":{"type":"LineString","coordinates":[[-97.6959,41.7869],[-97.6961,41.789]]},"properties":{"id":"ncei-2023-1097189","eventId":"1097189","episodeId":"180091","year":2023,"month":5,"date":"2023-05-12","beginTime":"2023-05-12T15:22:00","endTime":"2023-05-12T15:23:00","timezone":"CST-6","state":"NE","stateName":"Nebraska","county":"Madison","countyFips":"119","wfo":"OAX","scale":-1,"scaleLabel":"Unknown","lengthMiles":0.15,"widthYards":50,"deaths":0,"injuries":0,"propertyDamage":0,"cropDamage":0,"source":"NWS Storm Survey","dataSource":"CSV"}},{"type":"Feature","geometry":{"type":"LineString","coordinates":[[-96.14,40.12],[-96.11,40.15]]},"properties":{"id":"ncei-2023-1097191","eventId":"1097191","episodeId":"180091","year":2023,"month":5,"date":"2023-05-12","beginTime":"2023-05-12T15:33:00","endTime":"2023-05-12T15:41:00","timezone":"CST-6","state":"NE","stateName":"Nebraska","county":"Pawnee","countyFips":"133","wfo":"OAX","scale":1,"scaleLabel":"EF1","lengthMiles":3.05,"widthYards":80,"deaths":0,"injuries":0,"propertyDamage":0,"cropDamage":0,"source":"NWS Storm Survey","dataSource":"CSV"}},{"type":"Feature","geometry":{"type":"LineString","coordinates":[[-96.5999,41.6178],[-96.552,41.742]]},"properties":{"id":"ncei-2023-1097194","eventId":"1097194","episodeId":"180091","year":2023,"month":5,"date":"2023-05-12","beginTime":"2023-05-12T16:46:00","endTime":"2023-05-12T17:09:00","timezone":"CST-6","state":"NE","stateName":"Nebraska","county":"Dodge","countyFips":"53","wfo":"OAX","scale":2,"scaleLabel":"EF2","lengthMiles":8.93,"widthYards":1600,"deaths":0,"injuries":0,"propertyDamage":0,"cropDamage":0,"source":"NWS Storm Survey","dataSource":"CSV"}},{"type":"Feature","geometry":{"type":"LineString","coordinates":[[-97.2567,41.7689],[-97.2419,41.8947]]},"properties":{"id":"ncei-2023-1097198","eventId":"1097198","episodeId":"180091","year":2023,"month":5,"date":"2023-05-12","beginTime":"2023-05-12T15:53:00","endTime":"2023-05-12T16:13:00","timezone":"CST-6","state":"NE","stateName":"Nebraska","county":"Stanton","countyFips":"167","wfo":"OAX","scale":1,"scaleLabel":"EF1","lengthMiles":8.9,"widthYards":200,"deaths":0,"injuries":0,"propertyDamage":0,"cropDamage":0,"source":"NWS Storm Survey","dataSource":"CSV"}},{"type":"Feature","geometry":{"type":"LineString","coordinates":[[-97.5483,42.073],[-97.5644,42.1164]]},"properties":{"id":"ncei-2023-1097203","eventId":"1097203","episodeId":"180091","year":2023,"month":5,"date":"2023-05-12","beginTime":"2023-05-12T16:01:00","endTime":"2023-05-12T16:08:00","timezone":"CST-6","state":"NE","stateName":"Nebraska","county":"Madison","countyFips":"119","wfo":"OAX","scale":1,"scaleLabel":"EF1","lengthMiles":3.11,"widthYards":50,"deaths":0,"injuries":0,"propertyDamage":0,"cropDamage":0,"source":"NWS Storm Survey","dataSource":"CSV"}},{"type":"Feature","geometry":{"type":"LineString","coordinates":[[-96.6991,41.4458],[-96.6666,41.5207]]},"properties":{"id":"ncei-2023-1097212","eventId":"1097212","episodeId":"180091","year":2023,"month":5,"date":"2023-05-12","beginTime":"2023-05-12T16:15:00","endTime":"2023-05-12T16:25:00","timezone":"CST-6","state":"NE","stateName":"Nebraska","county":"Dodge","countyFips":"53","wfo":"OAX","scale":2,"scaleLabel":"EF2","lengthMiles":5.5,"widthYards":800,"deaths":0,"injuries":0,"propertyDamage":0,"cropDamage":0,"source":"NWS Storm Survey","dataSource":"CSV"}},{"type":"Feature","geometry":{"type":"LineString","coordinates":[[-97.2057,41.7561],[-97.1264,41.7973]]},"properties":{"id":"ncei-2023-1097213","eventId":"1097213","episodeId":"180091","year":2023,"month":5,"date":"2023-05-12","beginTime":"2023-05-12T16:17:00","endTime":"2023-05-12T16:28:00","timezone":"CST-6","state":"NE","stateName":"Nebraska","county":"Stanton","countyFips":"167","wfo":"OAX","scale":1,"scaleLabel":"EF1","lengthMiles":4.98,"widthYards":150,"deaths":0,"injuries":0,"propertyDamage":0,"cropDamage":0,"source":"NWS Storm Survey","dataSource":"CSV"}},{"type":"Feature","geometry":{"type":"LineString","coordinates":[[-97.2313,41.9892],[-97.2407,42.029]]},"properties":{"id":"ncei-2023-1097218","eventId":"1097218","episodeId":"180091","year":2023,"month":5,"date":"2023-05-12","beginTime":"2023-05-12T16:34:00","endTime":"2023-05-12T16:38:00","timezone":"CST-6","state":"NE","stateName":"Nebraska","county":"Stanton","countyFips":"167","wfo":"OAX","scale":1,"scaleLabel":"EF1","lengthMiles":2.79,"widthYards":200,"deaths":0,"injuries":0,"propertyDamage":0,"cropDamage":0,"source":"NWS Storm Survey","dataSource":"CSV"}},{"type":"Feature","geometry":{"type":"LineString","coordinates":[[-97.1,41.91],[-97.07,41.98]]},"properties":{"id":"ncei-2023-1097221","eventId":"1097221","episodeId":"180091","year":2023,"month":5,"date":"2023-05-12","beginTime":"2023-05-12T16:39:00","endTime":"2023-05-12T16:54:00","timezone":"CST-6","state":"NE","stateName":"Nebraska","county":"Stanton","countyFips":"167","wfo":"OAX","scale":1,"scaleLabel":"EF1","lengthMiles":5.08,"widthYards":300,"deaths":0,"injuries":0,"propertyDamage":0,"cropDamage":0,"source":"NWS Storm Survey","dataSource":"CSV"}},{"type":"Feature","geometry":{"type":"LineString","coordinates":[[-96.6309,41.5713],[-96.6143,41.6052]]},"properties":{"id":"ncei-2023-1097222","eventId":"1097222","episodeId":"180091","year":2023,"month":5,"date":"2023-05-12","beginTime":"2023-05-12T16:42:00","endTime":"2023-05-12T16:44:00","timezone":"CST-6","state":"NE","stateName":"Nebraska","county":"Dodge","countyFips":"53","wfo":"OAX","scale":0,"scaleLabel":"EF0","lengthMiles":2.49,"widthYards":300,"deaths":0,"injuries":0,"propertyDamage":0,"cropDamage":0,"source":"NWS Storm Survey","dataSource":"CSV"}},{"type":"Feature","geometry":{"type":"LineString","coordinates":[[-96.5234,41.7429],[-96.5253,41.7595]]},"properties":{"id":"ncei-2023-1097234","eventId":"1097234","episodeId":"180091","year":2023,"month":5,"date":"2023-05-12","beginTime":"2023-05-12T17:14:00","endTime":"2023-05-12T17:16:00","timezone":"CST-6","state":"NE","stateName":"Nebraska","county":"Burt","countyFips":"21","wfo":"OAX","scale":1,"scaleLabel":"EF1","lengthMiles":1.15,"widthYards":100,"deaths":0,"injuries":0,"propertyDamage":0,"cropDamage":0,"source":"NWS Storm Survey","dataSource":"CSV"}},{"type":"Feature","geometry":{"type":"LineString","coordinates":[[-97.0562,42.1723],[-97.053,42.1764]]},"properties":{"id":"ncei-2023-1097235","eventId":"1097235","episodeId":"180091","year":2023,"month":5,"date":"2023-05-12","beginTime":"2023-05-12T17:14:00","endTime":"2023-05-12T17:16:00","timezone":"CST-6","state":"NE","stateName":"Nebraska","county":"Wayne","countyFips":"179","wfo":"OAX","scale":0,"scaleLabel":"EF0","lengthMiles":0.33,"widthYards":20,"deaths":0,"injuries":0,"propertyDamage":0,"cropDamage":0,"source":"NWS Storm Survey","dataSource":"CSV"}},{"type":"Feature","geometry":{"type":"LineString","coordinates":[[-96.5295,41.7844],[-96.5303,41.9461]]},"properties":{"id":"ncei-2023-1097236","eventId":"1097236","episodeId":"180091","year":2023,"month":5,"date":"2023-05-12","beginTime":"2023-05-12T17:20:00","endTime":"2023-05-12T17:44:00","timezone":"CST-6","state":"NE","stateName":"Nebraska","county":"Burt","countyFips":"21","wfo":"OAX","scale":2,"scaleLabel":"EF2","lengthMiles":11.3,"widthYards":1150,"deaths":0,"injuries":2,"propertyDamage":0,"cropDamage":0,"source":"NWS Storm Survey","dataSource":"CSV"}},{"type":"Feature","geometry":{"type":"LineString","coordinates":[[-97.0568,42.3109],[-97.0569,42.3214]]},"properties":{"id":"ncei-2023-1097237","eventId":"1097237","episodeId":"180091","year":2023,"month":5,"date":"2023-05-12","beginTime":"2023-05-12T17:34:00","endTime":"2023-05-12T17:35:00","timezone":"CST-6","state":"NE","stateName":"Nebraska","county":"Wayne","countyFips":"179","wfo":"OAX","scale":0,"scaleLabel":"EF0","lengthMiles":0.73,"widthYards":20,"deaths":0,"injuries":0,"propertyDamage":0,"cropDamage":0,"source":"NWS Storm Survey","dataSource":"CSV"}},{"type":"Feature","geometry":{"type":"LineString","coordinates":[[-96.76,31.315],[-96.744,31.317]]},"properties":{"id":"ncei-2023-1097377","eventId":"1097377","episodeId":"179284","year":2023,"month":4,"date":"2023-04-02","beginTime":"2023-04-02T16:15:00","endTime":"2023-04-02T16:18:00","timezone":"CST-6","state":"TX","stateName":"Texas","county":"Falls","countyFips":"145","wfo":"FWD","scale":-1,"scaleLabel":"Unknown","lengthMiles":0.95,"widthYards":25,"deaths":0,"injuries":0,"propertyDamage":0,"cropDamage":0,"source":"Storm Chaser","dataSource":"CSV"}},{"type":"Feature","geometry":{"type":"LineString","coordinates":[[-96.6184,31.3458],[-96.612,31.3464]]},"properties":{"id":"ncei-2023-1097382","eventId":"1097382","episodeId":"179284","year":2023,"month":4,"date":"2023-04-02","beginTime":"2023-04-02T16:36:00","endTime":"2023-04-02T16:38:00","timezone":"CST-6","state":"TX","stateName":"Texas","county":"Limestone","countyFips":"293","wfo":"FWD","scale":0,"scaleLabel":"EF0","lengthMiles":0.38,"widthYards":33,"deaths":0,"injuries":0,"propertyDamage":0,"cropDamage":0,"source":"Storm Chaser","dataSource":"CSV"}},{"type":"Feature","geometry":{"type":"LineString","coordinates":[[-96.491,31.373],[-96.471,31.376]]},"properties":{"id":"ncei-2023-1097386","eventId":"1097386","episodeId":"179284","year":2023,"month":4,"date":"2023-04-02","beginTime":"2023-04-02T16:43:00","endTime":"2023-04-02T16:45:00","timezone":"CST-6","state":"TX","stateName":"Texas","county":"Limestone","countyFips":"293","wfo":"FWD","scale":-1,"scaleLabel":"Unknown","lengthMiles":1.2,"widthYards":33,"deaths":0,"injuries":0,"propertyDamage":0,"cropDamage":0,"source":"Storm Chaser","dataSource":"CSV"}},{"type":"Feature","geometry":{"type":"LineString","coordinates":[[-96.3595,31.3981],[-96.3478,31.3999]]},"properties":{"id":"ncei-2023-1097393","eventId":"1097393","episodeId":"179284","year":2023,"month":4,"date":"2023-04-02","beginTime":"2023-04-02T17:00:00","endTime":"2023-04-02T17:02:00","timezone":"CST-6","state":"TX","stateName":"Texas","county":"Limestone","countyFips":"293","wfo":"FWD","scale":0,"scaleLabel":"EF0","lengthMiles":0.7,"widthYards":33,"deaths":0,"injuries":0,"propertyDamage":0,"cropDamage":0,"source":"Trained Spotter","dataSource":"CSV"}},{"type":"Feature","geometry":{"type":"LineString","coordinates":[[-97.882,31.3821],[-97.6681,31.2748]]},"properties":{"id":"ncei-2023-1097401","eventId":"1097401","episodeId":"180065","year":2023,"month":4,"date":"2023-04-28","beginTime":"2023-04-28T13:50:00","endTime":"2023-04-28T14:25:00","timezone":"CST-6","state":"TX","stateName":"Texas","county":"Bell","countyFips":"27","wfo":"FWD","scale":1,"scaleLabel":"EF1","lengthMiles":14.84,"widthYards":1400,"deaths":0,"injuries":2,"propertyDamage":2000000,"cropDamage":0,"source":"NWS Storm Survey","dataSource":"CSV"}},{"type":"Feature","geometry":{"type":"LineString","coordinates":[[-97.38,31.63],[-97.38,31.63]]},"properties":{"id":"ncei-2023-1097410","eventId":"1097410","episodeId":"180029","year":2023,"month":4,"date":"2023-04-26","beginTime":"2023-04-26T15:58:00","endTime":"2023-04-26T15:58:00","timezone":"CST-6","state":"TX","stateName":"Texas","county":"Mclennan","countyFips":"309","wfo":"FWD","scale":-1,"scaleLabel":"Unknown","lengthMiles":0.02,"widthYards":25,"deaths":0,"injuries":0,"propertyDamage":0,"cropDamage":0,"source":"Storm Chaser","dataSource":"CSV"}},{"type":"Feature","geometry":{"type":"LineString","coordinates":[[-97.3,31.61],[-97.3,31.61]]},"properties":{"id":"ncei-2023-1097411","eventId":"1097411","episodeId":"180029","year":2023,"month":4,"date":"2023-04-26","beginTime":"2023-04-26T16:26:00","endTime":"2023-04-26T16:26:00","timezone":"CST-6","state":"TX","stateName":"Texas","county":"Mclennan","countyFips":"309","wfo":"FWD","scale":-1,"scaleLabel":"Unknown","lengthMiles":0.02,"widthYards":25,"deaths":0,"injuries":0,"propertyDamage":0,"cropDamage":0,"source":"Social Media","dataSource":"CSV"}},{"type":"Feature","geometry":{"type":"LineString","coordinates":[[-102.8557,33.2174],[-102.8442,33.2136]]},"properties":{"id":"ncei-2023-1097465","eventId":"1097465","episodeId":"179491","year":2023,"month":5,"date":"2023-05-27","beginTime":"2023-05-27T19:26:00","endTime":"2023-05-27T19:28:00","timezone":"CST-6","state":"TX","stateName":"Texas","county":"Yoakum","countyFips":"501","wfo":"LUB","scale":-1,"scaleLabel":"Unknown","lengthMiles":0.71,"widthYards":30,"deaths":0,"injuries":0,"propertyDamage":0,"cropDamage":0,"source":"Social Media","dataSource":"CSV"}},{"type":"Feature","geometry":{"type":"LineString","coordinates":[[-101.5781,34.5852],[-101.5723,34.5828]]},"properties":{"id":"ncei-2023-1097473","eventId":"1097473","episodeId":"179492","year":2023,"month":5,"date":"2023-05-28","beginTime":"2023-05-28T16:09:00","endTime":"2023-05-28T16:10:00","timezone":"CST-6","state":"TX","stateName":"Texas","county":"Swisher","countyFips":"437","wfo":"LUB","scale":-1,"scaleLabel":"Unknown","lengthMiles":0.37,"widthYards":30,"deaths":0,"injuries":0,"propertyDamage":0,"cropDamage":0,"source":"Social Media","dataSource":"CSV"}},{"type":"Feature","geometry":{"type":"LineString","coordinates":[[-95.5623,40],[-95.5411,40.0285]]},"properties":{"id":"ncei-2023-1097566","eventId":"1097566","episodeId":"180091","year":2023,"month":5,"date":"2023-05-12","beginTime":"2023-05-12T18:18:00","endTime":"2023-05-12T18:21:00","timezone":"CST-6","state":"NE","stateName":"Nebraska","county":"Richardson","countyFips":"147","wfo":"OAX","scale":0,"scaleLabel":"EF0","lengthMiles":2.27,"widthYards":50,"deaths":0,"injuries":0,"propertyDamage":0,"cropDamage":0,"source":"NWS Storm Survey","dataSource":"CSV"}},{"type":"Feature","geometry":{"type":"LineString","coordinates":[[-96.3134,41.7428],[-96.3121,41.7488]]},"properties":{"id":"ncei-2023-1097570","eventId":"1097570","episodeId":"180091","year":2023,"month":5,"date":"2023-05-12","beginTime":"2023-05-12T18:23:00","endTime":"2023-05-12T18:25:00","timezone":"CST-6","state":"NE","stateName":"Nebraska","county":"Burt","countyFips":"21","wfo":"OAX","scale":-1,"scaleLabel":"Unknown","lengthMiles":0.42,"widthYards":50,"deaths":0,"injuries":0,"propertyDamage":0,"cropDamage":0,"source":"NWS Storm Survey","dataSource":"CSV"}},{"type":"Feature","geometry":{"type":"LineString","coordinates":[[-96.1559,41.7798],[-96.1552,41.7866]]},"properties":{"id":"ncei-2023-1097572","eventId":"1097572","episodeId":"180091","year":2023,"month":5,"date":"2023-05-12","beginTime":"2023-05-12T18:43:00","endTime":"2023-05-12T18:44:00","timezone":"CST-6","state":"NE","stateName":"Nebraska","county":"Burt","countyFips":"21","wfo":"OAX","scale":-1,"scaleLabel":"Unknown","lengthMiles":0.47,"widthYards":20,"deaths":0,"injuries":0,"propertyDamage":0,"cropDamage":0,"source":"NWS Storm Survey","dataSource":"CSV"}},{"type":"Feature","geometry":{"type":"LineString","coordinates":[[-76.086,36.883],[-76.01,36.93]]},"properties":{"id":"ncei-2023-1097613","eventId":"1097613","episodeId":"180057","year":2023,"month":4,"date":"2023-04-30","beginTime":"2023-04-30T16:48:00","endTime":"2023-04-30T16:53:00","timezone":"EST-5","state":"VA","stateName":"Virginia","county":"Virginia Beach (c)","countyFips":"810","wfo":"AKQ","scale":3,"scaleLabel":"EF3","lengthMiles":4.5,"widthYards":350,"deaths":0,"injuries":0,"propertyDamage":20000000,"cropDamage":0,"source":"NWS Storm Survey","dataSource":"CSV"}},{"type":"Feature","geometry":{"type":"LineString","coordinates":[[-115.33,40.89],[-115.31,40.9]]},"properties":{"id":"ncei-2023-1098060","eventId":"1098060","episodeId":"180226","year":2023,"month":5,"date":"2023-05-24","beginTime":"2023-05-24T14:00:00","endTime":"2023-05-24T14:10:00","timezone":"PST-8","state":"NV","stateName":"Nevada","county":"Elko","countyFips":"7","wfo":"LKN","scale":1,"scaleLabel":"EF1","lengthMiles":1.2,"widthYards":500,"deaths":0,"injuries":0,"propertyDamage":20000,"cropDamage":0,"source":"NWS Storm Survey","dataSource":"CSV"}},{"type":"Feature","geometry":{"type":"LineString","coordinates":[[-114.84,41.03],[-114.84,41.03]]},"properties":{"id":"ncei-2023-1098258","eventId":"1098258","episodeId":"180267","year":2023,"month":6,"date":"2023-06-05","beginTime":"2023-06-05T15:25:00","endTime":"2023-06-05T16:25:00","timezone":"PST-8","state":"NV","stateName":"Nevada","county":"Elko","countyFips":"7","wfo":"LKN","scale":-1,"scaleLabel":"Unknown","lengthMiles":0.5,"widthYards":500,"deaths":0,"injuries":0,"propertyDamage":0,"cropDamage":0,"source":"Public","dataSource":"CSV"}},{"type":"Feature","geometry":{"type":"LineString","coordinates":[[-100.3701,32.9857],[-100.267,32.961]]},"properties":{"id":"ncei-2023-1098290","eventId":"1098290","episodeId":"180122","year":2023,"month":6,"date":"2023-06-17","beginTime":"2023-06-17T17:18:00","endTime":"2023-06-17T17:49:00","timezone":"CST-6","state":"TX","stateName":"Texas","county":"Stonewall","countyFips":"433","wfo":"LUB","scale":-1,"scaleLabel":"Unknown","lengthMiles":4.29,"widthYards":50,"deaths":0,"injuries":0,"propertyDamage":0,"cropDamage":0,"source":"Storm Chaser","dataSource":"CSV"}},{"type":"Feature","geometry":{"type":"LineString","coordinates":[[-100.85,34.12],[-100.8493,34.1174]]},"properties":{"id":"ncei-2023-1098430","eventId":"1098430","episodeId":"180124","year":2023,"month":6,"date":"2023-06-21","beginTime":"2023-06-21T18:50:00","endTime":"2023-06-21T18:51:00","timezone":"CST-6","state":"TX","stateName":"Texas","county":"Motley","countyFips":"345","wfo":"LUB","scale":-1,"scaleLabel":"Unknown","lengthMiles":0.18,"widthYards":30,"deaths":0,"injuries":0,"propertyDamage":0,"cropDamage":0,"source":"Storm Chaser","dataSource":"CSV"}},{"type":"Feature","geometry":{"type":"LineString","coordinates":[[-100.85,34.12],[-100.82,33.99]]},"properties":{"id":"ncei-2023-1098431","eventId":"1098431","episodeId":"180124","year":2023,"month":6,"date":"2023-06-21","beginTime":"2023-06-21T18:51:00","endTime":"2023-06-21T19:09:00","timezone":"CST-6","state":"TX","stateName":"Texas","county":"Motley","countyFips":"345","wfo":"LUB","scale":3,"scaleLabel":"EF3","lengthMiles":9.14,"widthYards":600,"deaths":4,"injuries":15,"propertyDamage":0,"cropDamage":0,"source":"NWS Storm Survey","dataSource":"CSV"}},{"type":"Feature","geometry":{"type":"LineString","coordinates":[[-100.73,33.82],[-100.73,33.8191]]},"properties":{"id":"ncei-2023-1098432","eventId":"1098432","episodeId":"180124","year":2023,"month":6,"date":"2023-06-21","beginTime":"2023-06-21T19:36:00","endTime":"2023-06-21T19:37:00","timezone":"CST-6","state":"TX","stateName":"Texas","county":"Dickens","countyFips":"125","wfo":"LUB","scale":-1,"scaleLabel":"Unknown","lengthMiles":0.06,"widthYards":30,"deaths":0,"injuries":0,"propertyDamage":0,"cropDamage":0,"source":"NWS Employee","dataSource":"CSV"}},{"type":"Feature","geometry":{"type":"LineString","coordinates":[[-100.89,34.01],[-100.88,33.97]]},"properties":{"id":"ncei-2023-1098433","eventId":"1098433","episodeId":"180124","year":2023,"month":6,"date":"2023-06-21","beginTime":"2023-06-21T19:37:00","endTime":"2023-06-21T19:40:00","timezone":"CST-6","state":"TX","stateName":"Texas","county":"Motley","countyFips":"345","wfo":"LUB","scale":-1,"scaleLabel":"Unknown","lengthMiles":2.82,"widthYards":100,"deaths":0,"injuries":0,"propertyDamage":0,"cropDamage":0,"source":"Broadcast Media","dataSource":"CSV"}},{"type":"Feature","geometry":{"type":"LineString","coordinates":[[-100.72,33.62],[-100.718,33.6152]]},"properties":{"id":"ncei-2023-1098434","eventId":"1098434","episodeId":"180124","year":2023,"month":6,"date":"2023-06-21","beginTime":"2023-06-21T20:18:00","endTime":"2023-06-21T20:19:00","timezone":"CST-6","state":"TX","stateName":"Texas","county":"Dickens","countyFips":"125","wfo":"LUB","scale":-1,"scaleLabel":"Unknown","lengthMiles":0.35,"widthYards":50,"deaths":0,"injuries":0,"propertyDamage":0,"cropDamage":0,"source":"Storm Chaser","dataSource":"CSV"}},{"type":"Feature","geometry":{"type":"LineString","coordinates":[[-97.04,45.461],[-97.04,45.461]]},"properties":{"id":"ncei-2023-1098488","eventId":"1098488","episodeId":"180321","year":2023,"month":6,"date":"2023-06-01","beginTime":"2023-06-01T13:45:00","endTime":"2023-06-01T13:45:00","timezone":"CST-6","state":"SD","stateName":"South Dakota","county":"Roberts","countyFips":"109","wfo":"ABR","scale":0,"scaleLabel":"EF0","lengthMiles":0.01,"widthYards":10,"deaths":0,"injuries":0,"propertyDamage":0,"cropDamage":0,"source":"Public","dataSource":"CSV"}},{"type":"Feature","geometry":{"type":"LineString","coordinates":[[-97.049,45.099],[-97.049,45.099]]},"properties":{"id":"ncei-2023-1098489","eventId":"1098489","episodeId":"180322","year":2023,"month":6,"date":"2023-06-06","beginTime":"2023-06-06T14:58:00","endTime":"2023-06-06T14:58:00","timezone":"CST-6","state":"SD","stateName":"South Dakota","county":"Codington","countyFips":"29","wfo":"ABR","scale":0,"scaleLabel":"EF0","lengthMiles":0.01,"widthYards":10,"deaths":0,"injuries":0,"propertyDamage":0,"cropDamage":0,"source":"Trained Spotter","dataSource":"CSV"}},{"type":"Feature","geometry":{"type":"LineString","coordinates":[[-80.4336,25.5877],[-80.4294,25.581]]},"properties":{"id":"ncei-2023-1098590","eventId":"1098590","episodeId":"180340","year":2023,"month":5,"date":"2023-05-25","beginTime":"2023-05-25T12:20:00","endTime":"2023-05-25T12:22:00","timezone":"EST-5","state":"FL","stateName":"Florida","county":"Miami-Dade","countyFips":"86","wfo":"MFL","scale":0,"scaleLabel":"EF0","lengthMiles":0.6,"widthYards":75,"deaths":0,"injuries":1,"propertyDamage":50000,"cropDamage":0,"source":"NWS Storm Survey","dataSource":"CSV"}},{"type":"Feature","geometry":{"type":"LineString","coordinates":[[-103.0234,41.0583],[-103.0234,41.0583]]},"properties":{"id":"ncei-2023-1098616","eventId":"1098616","episodeId":"180360","year":2023,"month":6,"date":"2023-06-21","beginTime":"2023-06-21T12:33:00","endTime":"2023-06-21T12:33:00","timezone":"MST-7","state":"NE","stateName":"Nebraska","county":"Cheyenne","countyFips":"33","wfo":"CYS","scale":-1,"scaleLabel":"Unknown","lengthMiles":0.59,"widthYards":50,"deaths":0,"injuries":0,"propertyDamage":0,"cropDamage":0,"source":"Emergency Manager","dataSource":"CSV"}},{"type":"Feature","geometry":{"type":"LineString","coordinates":[[-104.344,41.886],[-104.3551,41.8981]]},"properties":{"id":"ncei-2023-1098630","eventId":"1098630","episodeId":"180361","year":2023,"month":6,"date":"2023-06-21","beginTime":"2023-06-21T18:44:00","endTime":"2023-06-21T18:46:00","timezone":"MST-7","state":"WY","stateName":"Wyoming","county":"Goshen","countyFips":"15","wfo":"CYS","scale":-1,"scaleLabel":"Unknown","lengthMiles":1.01,"widthYards":50,"deaths":0,"injuries":0,"propertyDamage":0,"cropDamage":0,"source":"Trained Spotter","dataSource":"CSV"}},{"type":"Feature","geometry":{"type":"LineString","coordinates":[[-105.84,43.43],[-105.84,43.43]]},"properties":{"id":"ncei-2023-1098641","eventId":"1098641","episodeId":"180365","year":2023,"month":6,"date":"2023-06-23","beginTime":"2023-06-23T15:33:00","endTime":"2023-06-23T15:33:00","timezone":"MST-7","state":"WY","stateName":"Wyoming","county":"Converse","countyFips":"9","wfo":"CYS","scale":-1,"scaleLabel":"Unknown","lengthMiles":0.25,"widthYards":50,"deaths":0,"injuries":0,"propertyDamage":0,"cropDamage":0,"source":"Public","dataSource":"CSV"}},{"type":"Feature","geometry":{"type":"LineString","coordinates":[[-104.7474,41.7745],[-104.7474,41.7745]]},"properties":{"id":"ncei-2023-1098645","eventId":"1098645","episodeId":"180365","year":2023,"month":6,"date":"2023-06-23","beginTime":"2023-06-23T16:11:00","endTime":"2023-06-23T16:11:00","timezone":"MST-7","state":"WY","stateName":"Wyoming","county":"Platte","countyFips":"31","wfo":"CYS","scale":-1,"scaleLabel":"Unknown","lengthMiles":0.01,"widthYards":50,"deaths":0,"injuries":0,"propertyDamage":0,"cropDamage":0,"source":"NWS Storm Survey","dataSource":"CSV"}},{"type":"Feature","geometry":{"type":"LineString","coordinates":[[-104.646,41.794],[-104.588,41.79]]},"properties":{"id":"ncei-2023-1098646","eventId":"1098646","episodeId":"180365","year":2023,"month":6,"date":"2023-06-23","beginTime":"2023-06-23T16:29:00","endTime":"2023-06-23T16:37:00","timezone":"MST-7","state":"WY","stateName":"Wyoming","county":"Goshen","countyFips":"15","wfo":"CYS","scale":-1,"scaleLabel":"Unknown","lengthMiles":3,"widthYards":50,"deaths":0,"injuries":0,"propertyDamage":0,"cropDamage":0,"source":"NWS Storm Survey","dataSource":"CSV"}},{"type":"Feature","geometry":{"type":"LineString","coordinates":[[-104.4151,41.7728],[-104.4151,41.7728]]},"properties":{"id":"ncei-2023-1098647","eventId":"1098647","episodeId":"180365","year":2023,"month":6,"date":"2023-06-23","beginTime":"2023-06-23T17:03:00","endTime":"2023-06-23T17:04:00","timezone":"MST-7","state":"WY","stateName":"Wyoming","county":"Goshen","countyFips":"15","wfo":"CYS","scale":-1,"scaleLabel":"Unknown","lengthMiles":0.5,"widthYards":50,"deaths":0,"injuries":0,"propertyDamage":0,"cropDamage":0,"source":"NWS Storm Survey","dataSource":"CSV"}},{"type":"Feature","geometry":{"type":"LineString","coordinates":[[-104.2608,41.7762],[-104.19,41.75]]},"properties":{"id":"ncei-2023-1098649","eventId":"1098649","episodeId":"180365","year":2023,"month":6,"date":"2023-06-23","beginTime":"2023-06-23T17:21:00","endTime":"2023-06-23T17:37:00","timezone":"MST-7","state":"WY","stateName":"Wyoming","county":"Goshen","countyFips":"15","wfo":"CYS","scale":2,"scaleLabel":"EF2","lengthMiles":4.72,"widthYards":800,"deaths":0,"injuries":1,"propertyDamage":100000,"cropDamage":0,"source":"NWS Storm Survey","dataSource":"CSV"}},{"type":"Feature","geometry":{"type":"LineString","coordinates":[[-104.8794,41.653],[-104.82,41.6442]]},"properties":{"id":"ncei-2023-1098682","eventId":"1098682","episodeId":"180371","year":2023,"month":6,"date":"2023-06-22","beginTime":"2023-06-22T15:42:00","endTime":"2023-06-22T15:45:00","timezone":"MST-7","state":"WY","stateName":"Wyoming","county":"Platte","countyFips":"31","wfo":"CYS","scale":-1,"scaleLabel":"Unknown","lengthMiles":3.12,"widthYards":50,"deaths":0,"injuries":0,"propertyDamage":0,"cropDamage":0,"source":"Public","dataSource":"CSV"}},{"type":"Feature","geometry":{"type":"LineString","coordinates":[[-95.4746,44.8185],[-95.447,44.8315]]},"properties":{"id":"ncei-2023-1098693","eventId":"1098693","episodeId":"178507","year":2023,"month":5,"date":"2023-05-06","beginTime":"2023-05-06T16:42:00","endTime":"2023-05-06T16:51:00","timezone":"CST-6","state":"MN","stateName":"Minnesota","county":"Renville","countyFips":"129","wfo":"MPX","scale":0,"scaleLabel":"EF0","lengthMiles":1.62,"widthYards":25,"deaths":0,"injuries":0,"propertyDamage":15000,"cropDamage":0,"source":"Storm Chaser","dataSource":"CSV"}},{"type":"Feature","geometry":{"type":"LineString","coordinates":[[-96.19,45.1],[-96.18,45.11]]},"properties":{"id":"ncei-2023-1098699","eventId":"1098699","episodeId":"178507","year":2023,"month":5,"date":"2023-05-06","beginTime":"2023-05-06T17:20:00","endTime":"2023-05-06T17:30:00","timezone":"CST-6","state":"MN","stateName":"Minnesota","county":"Lac Qui Parle","countyFips":"73","wfo":"MPX","scale":-1,"scaleLabel":"Unknown","lengthMiles":2.29,"widthYards":25,"deaths":0,"injuries":0,"propertyDamage":0,"cropDamage":0,"source":"Social Media","dataSource":"CSV"}},{"type":"Feature","geometry":{"type":"LineString","coordinates":[[-104.14,41.78],[-104.06,41.78]]},"properties":{"id":"ncei-2023-1098728","eventId":"1098728","episodeId":"180365","year":2023,"month":6,"date":"2023-06-23","beginTime":"2023-06-23T17:44:00","endTime":"2023-06-23T17:58:00","timezone":"MST-7","state":"WY","stateName":"Wyoming","county":"Goshen","countyFips":"15","wfo":"CYS","scale":1,"scaleLabel":"EF1","lengthMiles":3.9,"widthYards":20,"deaths":0,"injuries":0,"propertyDamage":0,"cropDamage":0,"source":"NWS Storm Survey","dataSource":"CSV"}},{"type":"Feature","geometry":{"type":"LineString","coordinates":[[-103.938,41.821],[-103.873,41.805]]},"properties":{"id":"ncei-2023-1098733","eventId":"1098733","episodeId":"180384","year":2023,"month":6,"date":"2023-06-23","beginTime":"2023-06-23T18:04:00","endTime":"2023-06-23T18:11:00","timezone":"MST-7","state":"NE","stateName":"Nebraska","county":"Scotts Bluff","countyFips":"157","wfo":"CYS","scale":-1,"scaleLabel":"Unknown","lengthMiles":3.53,"widthYards":50,"deaths":0,"injuries":0,"propertyDamage":0,"cropDamage":0,"source":"NWS Storm Survey","dataSource":"CSV"}},{"type":"Feature","geometry":{"type":"LineString","coordinates":[[-103.85,41.85],[-103.79,41.84]]},"properties":{"id":"ncei-2023-1098735","eventId":"1098735","episodeId":"180384","year":2023,"month":6,"date":"2023-06-23","beginTime":"2023-06-23T18:22:00","endTime":"2023-06-23T18:27:00","timezone":"MST-7","state":"NE","stateName":"Nebraska","county":"Scotts Bluff","countyFips":"157","wfo":"CYS","scale":-1,"scaleLabel":"Unknown","lengthMiles":3.16,"widthYards":50,"deaths":0,"injuries":0,"propertyDamage":0,"cropDamage":0,"source":"NWS Storm Survey","dataSource":"CSV"}},{"type":"Feature","geometry":{"type":"LineString","coordinates":[[-103.63,41.82],[-103.59,41.84]]},"properties":{"id":"ncei-2023-1098736","eventId":"1098736","episodeId":"180384","year":2023,"month":6,"date":"2023-06-23","beginTime":"2023-06-23T18:38:00","endTime":"2023-06-23T18:45:00","timezone":"MST-7","state":"NE","stateName":"Nebraska","county":"Scotts Bluff","countyFips":"157","wfo":"CYS","scale":2,"scaleLabel":"EF2","lengthMiles":2.48,"widthYards":700,"deaths":0,"injuries":0,"propertyDamage":135000,"cropDamage":0,"source":"NWS Storm Survey","dataSource":"CSV"}},{"type":"Feature","geometry":{"type":"LineString","coordinates":[[-103.59,41.81],[-103.59,41.81]]},"properties":{"id":"ncei-2023-1098740","eventId":"1098740","episodeId":"180384","year":2023,"month":6,"date":"2023-06-23","beginTime":"2023-06-23T18:50:00","endTime":"2023-06-23T18:50:00","timezone":"MST-7","state":"NE","stateName":"Nebraska","county":"Scotts Bluff","countyFips":"157","wfo":"CYS","scale":-1,"scaleLabel":"Unknown","lengthMiles":0.5,"widthYards":50,"deaths":0,"injuries":0,"propertyDamage":0,"cropDamage":0,"source":"Trained Spotter","dataSource":"CSV"}},{"type":"Feature","geometry":{"type":"LineString","coordinates":[[-103.54,41.82],[-103.54,41.82]]},"properties":{"id":"ncei-2023-1098741","eventId":"1098741","episodeId":"180384","year":2023,"month":6,"date":"2023-06-23","beginTime":"2023-06-23T19:05:00","endTime":"2023-06-23T19:05:00","timezone":"MST-7","state":"NE","stateName":"Nebraska","county":"Scotts Bluff","countyFips":"157","wfo":"CYS","scale":-1,"scaleLabel":"Unknown","lengthMiles":0.5,"widthYards":50,"deaths":0,"injuries":0,"propertyDamage":0,"cropDamage":0,"source":"Trained Spotter","dataSource":"CSV"}},{"type":"Feature","geometry":{"type":"LineString","coordinates":[[-102.85,41.81],[-102.85,41.81]]},"properties":{"id":"ncei-2023-1098963","eventId":"1098963","episodeId":"180384","year":2023,"month":6,"date":"2023-06-23","beginTime":"2023-06-23T20:51:00","endTime":"2023-06-23T20:51:00","timezone":"MST-7","state":"NE","stateName":"Nebraska","county":"Morrill","countyFips":"123","wfo":"CYS","scale":-1,"scaleLabel":"Unknown","lengthMiles":0.5,"widthYards":50,"deaths":0,"injuries":0,"propertyDamage":0,"cropDamage":0,"source":"Storm Chaser","dataSource":"CSV"}},{"type":"Feature","geometry":{"type":"LineString","coordinates":[[-103.62,41.81],[-103.6,41.82]]},"properties":{"id":"ncei-2023-1098967","eventId":"1098967","episodeId":"180384","year":2023,"month":6,"date":"2023-06-23","beginTime":"2023-06-23T18:44:00","endTime":"2023-06-23T18:47:00","timezone":"MST-7","state":"NE","stateName":"Nebraska","county":"Scotts Bluff","countyFips":"157","wfo":"CYS","scale":1,"scaleLabel":"EF1","lengthMiles":1.24,"widthYards":50,"deaths":0,"injuries":0,"propertyDamage":0,"cropDamage":0,"source":"NWS Storm Survey","dataSource":"CSV"}},{"type":"Feature","geometry":{"type":"LineString","coordinates":[[-104.339,41.411],[-104.2769,41.3888]]},"properties":{"id":"ncei-2023-1098981","eventId":"1098981","episodeId":"180425","year":2023,"month":6,"date":"2023-06-26","beginTime":"2023-06-26T17:42:00","endTime":"2023-06-26T17:50:00","timezone":"MST-7","state":"WY","stateName":"Wyoming","county":"Laramie","countyFips":"21","wfo":"CYS","scale":1,"scaleLabel":"EF1","lengthMiles":3.57,"widthYards":1000,"deaths":0,"injuries":0,"propertyDamage":0,"cropDamage":0,"source":"NWS Storm Survey","dataSource":"CSV"}},{"type":"Feature","geometry":{"type":"LineString","coordinates":[[-104.28,41.365],[-104.217,41.345]]},"properties":{"id":"ncei-2023-1098986","eventId":"1098986","episodeId":"180425","year":2023,"month":6,"date":"2023-06-26","beginTime":"2023-06-26T17:52:00","endTime":"2023-06-26T18:05:00","timezone":"MST-7","state":"WY","stateName":"Wyoming","county":"Laramie","countyFips":"21","wfo":"CYS","scale":1,"scaleLabel":"EF1","lengthMiles":3.55,"widthYards":1000,"deaths":0,"injuries":0,"propertyDamage":0,"cropDamage":0,"source":"NWS Storm Survey","dataSource":"CSV"}},{"type":"Feature","geometry":{"type":"LineString","coordinates":[[-104.061,41.316],[-104.061,41.316]]},"properties":{"id":"ncei-2023-1098993","eventId":"1098993","episodeId":"180425","year":2023,"month":6,"date":"2023-06-26","beginTime":"2023-06-26T18:18:00","endTime":"2023-06-26T18:18:00","timezone":"MST-7","state":"WY","stateName":"Wyoming","county":"Laramie","countyFips":"21","wfo":"CYS","scale":0,"scaleLabel":"EF0","lengthMiles":0.1,"widthYards":50,"deaths":0,"injuries":0,"propertyDamage":0,"cropDamage":0,"source":"NWS Storm Survey","dataSource":"CSV"}},{"type":"Feature","geometry":{"type":"LineString","coordinates":[[-103.758,41.194],[-103.728,41.195]]},"properties":{"id":"ncei-2023-1099005","eventId":"1099005","episodeId":"180428","year":2023,"month":6,"date":"2023-06-26","beginTime":"2023-06-26T19:01:00","endTime":"2023-06-26T19:05:00","timezone":"MST-7","state":"NE","stateName":"Nebraska","county":"Kimball","countyFips":"105","wfo":"CYS","scale":1,"scaleLabel":"EF1","lengthMiles":1.56,"widthYards":100,"deaths":0,"injuries":0,"propertyDamage":0,"cropDamage":0,"source":"NWS Storm Survey","dataSource":"CSV"}},{"type":"Feature","geometry":{"type":"LineString","coordinates":[[-103.66,41.2],[-103.66,41.2]]},"properties":{"id":"ncei-2023-1099008","eventId":"1099008","episodeId":"180428","year":2023,"month":6,"date":"2023-06-26","beginTime":"2023-06-26T19:29:00","endTime":"2023-06-26T19:29:00","timezone":"MST-7","state":"NE","stateName":"Nebraska","county":"Kimball","countyFips":"105","wfo":"CYS","scale":-1,"scaleLabel":"Unknown","lengthMiles":0.5,"widthYards":50,"deaths":0,"injuries":0,"propertyDamage":0,"cropDamage":0,"source":"NWS Employee","dataSource":"CSV"}},{"type":"Feature","geometry":{"type":"LineString","coordinates":[[-95.1545,43.8942],[-95.1508,43.9156]]},"properties":{"id":"ncei-2023-1099246","eventId":"1099246","episodeId":"180469","year":2023,"month":5,"date":"2023-05-09","beginTime":"2023-05-09T12:42:00","endTime":"2023-05-09T12:46:00","timezone":"CST-6","state":"MN","stateName":"Minnesota","county":"Cottonwood","countyFips":"33","wfo":"FSD","scale":0,"scaleLabel":"EF0","lengthMiles":1.49,"widthYards":25,"deaths":0,"injuries":0,"propertyDamage":0,"cropDamage":0,"source":"Emergency Manager","dataSource":"CSV"}},{"type":"Feature","geometry":{"type":"LineString","coordinates":[[-97.98,41.01],[-97.98,41.03]]},"properties":{"id":"ncei-2023-1099403","eventId":"1099403","episodeId":"180413","year":2023,"month":6,"date":"2023-06-02","beginTime":"2023-06-02T15:29:00","endTime":"2023-06-02T15:31:00","timezone":"CST-6","state":"NE","stateName":"Nebraska","county":"Hamilton","countyFips":"81","wfo":"GID","scale":-1,"scaleLabel":"Unknown","lengthMiles":1.38,"widthYards":40,"deaths":0,"injuries":0,"propertyDamage":0,"cropDamage":0,"source":"Emergency Manager","dataSource":"CSV"}},{"type":"Feature","geometry":{"type":"LineString","coordinates":[[-98.04,40.82],[-98.03,40.89]]},"properties":{"id":"ncei-2023-1099407","eventId":"1099407","episodeId":"180413","year":2023,"month":6,"date":"2023-06-02","beginTime":"2023-06-02T15:09:00","endTime":"2023-06-02T15:13:00","timezone":"CST-6","state":"NE","stateName":"Nebraska","county":"Hamilton","countyFips":"81","wfo":"GID","scale":-1,"scaleLabel":"Unknown","lengthMiles":4.86,"widthYards":40,"deaths":0,"injuries":0,"propertyDamage":0,"cropDamage":0,"source":"Emergency Manager","dataSource":"CSV"}},{"type":"Feature","geometry":{"type":"LineString","coordinates":[[-118.2652,33.8755],[-118.2645,33.8762]]},"properties":{"id":"ncei-2023-1099533","eventId":"1099533","episodeId":"180514","year":2023,"month":5,"date":"2023-05-04","beginTime":"2023-05-04T07:45:00","endTime":"2023-05-04T07:50:00","timezone":"PST-8","state":"CA","stateName":"California","county":"Los Angeles","countyFips":"37","wfo":"LOX","scale":0,"scaleLabel":"EF0","lengthMiles":0.06,"widthYards":15,"deaths":0,"injuries":0,"propertyDamage":0,"cropDamage":0,"source":"NWS Storm Survey","dataSource":"CSV"}},{"type":"Feature","geometry":{"type":"LineString","coordinates":[[-118.2153,33.8811],[-118.2028,33.8794]]},"properties":{"id":"ncei-2023-1099535","eventId":"1099535","episodeId":"180514","year":2023,"month":5,"date":"2023-05-04","beginTime":"2023-05-04T07:56:00","endTime":"2023-05-04T08:00:00","timezone":"PST-8","state":"CA","stateName":"California","county":"Los Angeles","countyFips":"37","wfo":"LOX","scale":0,"scaleLabel":"EF0","lengthMiles":0.73,"widthYards":15,"deaths":0,"injuries":0,"propertyDamage":0,"cropDamage":0,"source":"NWS Storm Survey","dataSource":"CSV"}},{"type":"Feature","geometry":{"type":"LineString","coordinates":[[-107.05,48.41],[-107.0494,48.4095]]},"properties":{"id":"ncei-2023-1099536","eventId":"1099536","episodeId":"179541","year":2023,"month":6,"date":"2023-06-09","beginTime":"2023-06-09T16:20:00","endTime":"2023-06-09T16:21:00","timezone":"MST-7","state":"MT","stateName":"Montana","county":"Valley","countyFips":"105","wfo":"GGW","scale":-1,"scaleLabel":"Unknown","lengthMiles":0.04,"widthYards":10,"deaths":0,"injuries":0,"propertyDamage":0,"cropDamage":0,"source":"Trained Spotter","dataSource":"CSV"}},{"type":"Feature","geometry":{"type":"LineString","coordinates":[[-83.09,36.74],[-83.0877,36.7409]]},"properties":{"id":"ncei-2023-1099586","eventId":"1099586","episodeId":"180476","year":2023,"month":5,"date":"2023-05-16","beginTime":"2023-05-16T16:17:00","endTime":"2023-05-16T16:18:00","timezone":"EST-5","state":"VA","stateName":"Virginia","county":"Lee","countyFips":"105","wfo":"MRX","scale":1,"scaleLabel":"EF1","lengthMiles":0.15,"widthYards":50,"deaths":0,"injuries":0,"propertyDamage":0,"cropDamage":0,"source":"NWS Storm Survey","dataSource":"CSV"}},{"type":"Feature","geometry":{"type":"LineString","coordinates":[[-82.93,36.72],[-82.9202,36.7192]]},"properties":{"id":"ncei-2023-1099590","eventId":"1099590","episodeId":"180476","year":2023,"month":5,"date":"2023-05-16","beginTime":"2023-05-16T16:27:00","endTime":"2023-05-16T16:28:00","timezone":"EST-5","state":"VA","stateName":"Virginia","county":"Lee","countyFips":"105","wfo":"MRX","scale":1,"scaleLabel":"EF1","lengthMiles":0.55,"widthYards":30,"deaths":0,"injuries":0,"propertyDamage":0,"cropDamage":0,"source":"NWS Storm Survey","dataSource":"CSV"}},{"type":"Feature","geometry":{"type":"LineString","coordinates":[[-82.7961,36.7045],[-82.7876,36.709]]},"properties":{"id":"ncei-2023-1099591","eventId":"1099591","episodeId":"180476","year":2023,"month":5,"date":"2023-05-16","beginTime":"2023-05-16T16:33:00","endTime":"2023-05-16T16:34:00","timezone":"EST-5","state":"VA","stateName":"Virginia","county":"Scott","countyFips":"169","wfo":"MRX","scale":1,"scaleLabel":"EF1","lengthMiles":0.56,"widthYards":30,"deaths":0,"injuries":0,"propertyDamage":0,"cropDamage":0,"source":"NWS Storm Survey","dataSource":"CSV"}},{"type":"Feature","geometry":{"type":"LineString","coordinates":[[-95.1569,44.8799],[-95.1563,44.8914]]},"properties":{"id":"ncei-2023-1099668","eventId":"1099668","episodeId":"178507","year":2023,"month":5,"date":"2023-05-06","beginTime":"2023-05-06T17:31:00","endTime":"2023-05-06T17:33:00","timezone":"CST-6","state":"MN","stateName":"Minnesota","county":"Renville","countyFips":"129","wfo":"MPX","scale":-1,"scaleLabel":"Unknown","lengthMiles":0.79,"widthYards":25,"deaths":0,"injuries":0,"propertyDamage":0,"cropDamage":0,"source":"Storm Chaser","dataSource":"CSV"}},{"type":"Feature","geometry":{"type":"LineString","coordinates":[[-102.0424,45.8581],[-102.0059,45.8598]]},"properties":{"id":"ncei-2023-1099896","eventId":"1099896","episodeId":"180585","year":2023,"month":6,"date":"2023-06-21","beginTime":"2023-06-21T18:19:00","endTime":"2023-06-21T18:21:00","timezone":"MST-7","state":"SD","stateName":"South Dakota","county":"Perkins","countyFips":"105","wfo":"UNR","scale":0,"scaleLabel":"EF0","lengthMiles":1.76,"widthYards":50,"deaths":0,"injuries":0,"propertyDamage":0,"cropDamage":0,"source":"Public","dataSource":"CSV"}},{"type":"Feature","geometry":{"type":"LineString","coordinates":[[-92.077,32.821],[-92.0735,32.8289]]},"properties":{"id":"ncei-2023-1100051","eventId":"1100051","episodeId":"180093","year":2023,"month":5,"date":"2023-05-11","beginTime":"2023-05-11T09:59:00","endTime":"2023-05-11T10:00:00","timezone":"CST-6","state":"LA","stateName":"Louisiana","county":"Union","countyFips":"111","wfo":"SHV","scale":1,"scaleLabel":"EF1","lengthMiles":0.58,"widthYards":80,"deaths":0,"injuries":0,"propertyDamage":0,"cropDamage":0,"source":"NWS Storm Survey","dataSource":"CSV"}},{"type":"Feature","geometry":{"type":"LineString","coordinates":[[-93.8307,32.4074],[-93.8097,32.4414]]},"properties":{"id":"ncei-2023-1100052","eventId":"1100052","episodeId":"180093","year":2023,"month":5,"date":"2023-05-11","beginTime":"2023-05-11T05:06:00","endTime":"2023-05-11T05:12:00","timezone":"CST-6","state":"LA","stateName":"Louisiana","county":"Caddo","countyFips":"17","wfo":"SHV","scale":1,"scaleLabel":"EF1","lengthMiles":2.65,"widthYards":130,"deaths":0,"injuries":0,"propertyDamage":10000,"cropDamage":0,"source":"NWS Storm Survey","dataSource":"CSV"}},{"type":"Feature","geometry":{"type":"LineString","coordinates":[[-93.8942,31.9418],[-93.891,31.9422]]},"properties":{"id":"ncei-2023-1100053","eventId":"1100053","episodeId":"180093","year":2023,"month":5,"date":"2023-05-11","beginTime":"2023-05-11T06:55:00","endTime":"2023-05-11T06:56:00","timezone":"CST-6","state":"LA","stateName":"Louisiana","county":"De Soto","countyFips":"31","wfo":"SHV","scale":1,"scaleLabel":"EF1","lengthMiles":0.19,"widthYards":130,"deaths":0,"injuries":0,"propertyDamage":50000,"cropDamage":0,"source":"NWS Storm Survey","dataSource":"CSV"}},{"type":"Feature","geometry":{"type":"LineString","coordinates":[[-92.6146,31.4826],[-92.6137,31.4898]]},"properties":{"id":"ncei-2023-1100054","eventId":"1100054","episodeId":"180093","year":2023,"month":5,"date":"2023-05-11","beginTime":"2023-05-11T07:03:00","endTime":"2023-05-11T07:04:00","timezone":"CST-6","state":"LA","stateName":"Louisiana","county":"Grant","countyFips":"43","wfo":"SHV","scale":1,"scaleLabel":"EF1","lengthMiles":0.5,"widthYards":80,"deaths":0,"injuries":0,"propertyDamage":0,"cropDamage":0,"source":"NWS Storm Survey","dataSource":"CSV"}},{"type":"Feature","geometry":{"type":"LineString","coordinates":[[-93.3815,32.638],[-93.3803,32.6398]]},"properties":{"id":"ncei-2023-1100055","eventId":"1100055","episodeId":"180093","year":2023,"month":5,"date":"2023-05-11","beginTime":"2023-05-11T07:21:00","endTime":"2023-05-11T07:22:00","timezone":"CST-6","state":"LA","stateName":"Louisiana","county":"Webster","countyFips":"119","wfo":"SHV","scale":1,"scaleLabel":"EF1","lengthMiles":0.14,"widthYards":60,"deaths":0,"injuries":0,"propertyDamage":20000,"cropDamage":0,"source":"NWS Storm Survey","dataSource":"CSV"}},{"type":"Feature","geometry":{"type":"LineString","coordinates":[[-116.11,42.94],[-116.1787,42.993]]},"properties":{"id":"ncei-2023-1100057","eventId":"1100057","episodeId":"180516","year":2023,"month":5,"date":"2023-05-27","beginTime":"2023-05-27T17:01:00","endTime":"2023-05-27T18:01:00","timezone":"MST-7","state":"ID","stateName":"Idaho","county":"Owyhee","countyFips":"73","wfo":"BOI","scale":0,"scaleLabel":"EF0","lengthMiles":5.04,"widthYards":3,"deaths":0,"injuries":0,"propertyDamage":0,"cropDamage":0,"source":"Public","dataSource":"CSV"}},{"type":"Feature","geometry":{"type":"LineString","coordinates":[[-116.47,43.71],[-116.4854,43.7182]]},"properties":{"id":"ncei-2023-1100058","eventId":"1100058","episodeId":"180516","year":2023,"month":5,"date":"2023-05-26","beginTime":"2023-05-26T17:45:00","endTime":"2023-05-26T18:45:00","timezone":"MST-7","state":"ID","stateName":"Idaho","county":"Ada","countyFips":"1","wfo":"BOI","scale":0,"scaleLabel":"EF0","lengthMiles":0.95,"widthYards":3,"deaths":0,"injuries":0,"propertyDamage":0,"cropDamage":0,"source":"Public","dataSource":"CSV"}},{"type":"Feature","geometry":{"type":"LineString","coordinates":[[-103.58,31.03],[-103.57,31.04]]},"properties":{"id":"ncei-2023-1100078","eventId":"1100078","episodeId":"180629","year":2023,"month":5,"date":"2023-05-09","beginTime":"2023-05-09T16:16:00","endTime":"2023-05-09T16:21:00","timezone":"CST-6","state":"TX","stateName":"Texas","county":"Reeves","countyFips":"389","wfo":"MAF","scale":-1,"scaleLabel":"Unknown","lengthMiles":1,"widthYards":50,"deaths":0,"injuries":0,"propertyDamage":0,"cropDamage":0,"source":"Public","dataSource":"CSV"}},{"type":"Feature","geometry":{"type":"LineString","coordinates":[[-88.657,36.825],[-88.484,36.873]]},"properties":{"id":"ncei-2023-1100227","eventId":"1100227","episodeId":"180645","year":2023,"month":7,"date":"2023-07-01","beginTime":"2023-07-01T17:30:00","endTime":"2023-07-01T17:44:00","timezone":"CST-6","state":"KY","stateName":"Kentucky","county":"Graves","countyFips":"83","wfo":"PAH","scale":1,"scaleLabel":"EF1","lengthMiles":10.12,"widthYards":100,"deaths":0,"injuries":0,"propertyDamage":20000,"cropDamage":0,"source":"NWS Storm Survey","dataSource":"CSV"}},{"type":"Feature","geometry":{"type":"LineString","coordinates":[[-88.484,36.873],[-88.214,36.956]]},"properties":{"id":"ncei-2023-1100229","eventId":"1100229","episodeId":"180645","year":2023,"month":7,"date":"2023-07-01","beginTime":"2023-07-01T17:44:00","endTime":"2023-07-01T17:59:00","timezone":"CST-6","state":"KY","stateName":"Kentucky","county":"Marshall","countyFips":"157","wfo":"PAH","scale":0,"scaleLabel":"EF0","lengthMiles":15.98,"widthYards":100,"deaths":0,"injuries":0,"propertyDamage":25000,"cropDamage":0,"source":"NWS Storm Survey","dataSource":"CSV"}},{"type":"Feature","geometry":{"type":"LineString","coordinates":[[-88.214,36.956],[-88.193,36.965]]},"properties":{"id":"ncei-2023-1100230","eventId":"1100230","episodeId":"180645","year":2023,"month":7,"date":"2023-07-01","beginTime":"2023-07-01T17:59:00","endTime":"2023-07-01T18:01:00","timezone":"CST-6","state":"KY","stateName":"Kentucky","county":"Lyon","countyFips":"143","wfo":"PAH","scale":0,"scaleLabel":"EF0","lengthMiles":1.32,"widthYards":50,"deaths":0,"injuries":0,"propertyDamage":200000,"cropDamage":0,"source":"NWS Storm Survey","dataSource":"CSV"}},{"type":"Feature","geometry":{"type":"LineString","coordinates":[[-91.97,34.31],[-91.97,34.31]]},"properties":{"id":"ncei-2023-1100282","eventId":"1100282","episodeId":"180662","year":2023,"month":5,"date":"2023-05-10","beginTime":"2023-05-10T12:05:00","endTime":"2023-05-10T12:05:00","timezone":"CST-6","state":"AR","stateName":"Arkansas","county":"Jefferson","countyFips":"69","wfo":"LZK","scale":-1,"scaleLabel":"Unknown","lengthMiles":0.1,"widthYards":25,"deaths":0,"injuries":0,"propertyDamage":0,"cropDamage":0,"source":"Public","dataSource":"CSV"}},{"type":"Feature","geometry":{"type":"LineString","coordinates":[[-87.6351,41.2284],[-87.6331,41.2311]]},"properties":{"id":"ncei-2023-1100732","eventId":"1100732","episodeId":"180753","year":2023,"month":5,"date":"2023-05-07","beginTime":"2023-05-07T17:30:00","endTime":"2023-05-07T17:31:00","timezone":"CST-6","state":"IL","stateName":"Illinois","county":"Kankakee","countyFips":"91","wfo":"LOT","scale":-1,"scaleLabel":"Unknown","lengthMiles":0.21,"widthYards":50,"deaths":0,"injuries":0,"propertyDamage":0,"cropDamage":0,"source":"Public","dataSource":"CSV"}},{"type":"Feature","geometry":{"type":"LineString","coordinates":[[-87.6727,41.2186],[-87.6621,41.207]]},"properties":{"id":"ncei-2023-1100733","eventId":"1100733","episodeId":"180753","year":2023,"month":5,"date":"2023-05-07","beginTime":"2023-05-07T17:42:00","endTime":"2023-05-07T17:46:00","timezone":"CST-6","state":"IL","stateName":"Illinois","county":"Kankakee","countyFips":"91","wfo":"LOT","scale":-1,"scaleLabel":"Unknown","lengthMiles":0.97,"widthYards":50,"deaths":0,"injuries":0,"propertyDamage":0,"cropDamage":0,"source":"Public","dataSource":"CSV"}},{"type":"Feature","geometry":{"type":"LineString","coordinates":[[-88.7531,41.4719],[-88.7513,41.472]]},"properties":{"id":"ncei-2023-1100734","eventId":"1100734","episodeId":"180753","year":2023,"month":5,"date":"2023-05-07","beginTime":"2023-05-07T18:09:00","endTime":"2023-05-07T18:10:00","timezone":"CST-6","state":"IL","stateName":"Illinois","county":"La Salle","countyFips":"99","wfo":"LOT","scale":-1,"scaleLabel":"Unknown","lengthMiles":0.09,"widthYards":25,"deaths":0,"injuries":0,"propertyDamage":0,"cropDamage":0,"source":"Public","dataSource":"CSV"}},{"type":"Feature","geometry":{"type":"LineString","coordinates":[[-104.22,36.27],[-104.2155,36.2614]]},"properties":{"id":"ncei-2023-1100761","eventId":"1100761","episodeId":"180758","year":2023,"month":7,"date":"2023-07-15","beginTime":"2023-07-15T18:47:00","endTime":"2023-07-15T18:50:00","timezone":"MST-7","state":"NM","stateName":"New Mexico","county":"Colfax","countyFips":"7","wfo":"ABQ","scale":-1,"scaleLabel":"Unknown","lengthMiles":0.65,"widthYards":10,"deaths":0,"injuries":0,"propertyDamage":0,"cropDamage":0,"source":"Storm Chaser","dataSource":"CSV"}},{"type":"Feature","geometry":{"type":"LineString","coordinates":[[-103.4857,40.0052],[-103.476,40.0917]]},"properties":{"id":"ncei-2023-1100903","eventId":"1100903","episodeId":"180507","year":2023,"month":5,"date":"2023-05-10","beginTime":"2023-05-10T16:54:00","endTime":"2023-05-10T17:06:00","timezone":"MST-7","state":"CO","stateName":"Colorado","county":"Morgan","countyFips":"87","wfo":"BOU","scale":1,"scaleLabel":"EF1","lengthMiles":6,"widthYards":20,"deaths":0,"injuries":0,"propertyDamage":500000,"cropDamage":0,"source":"NWS Storm Survey","dataSource":"CSV"}},{"type":"Feature","geometry":{"type":"LineString","coordinates":[[-103.33,40.07],[-103.33,40.07]]},"properties":{"id":"ncei-2023-1100904","eventId":"1100904","episodeId":"180507","year":2023,"month":5,"date":"2023-05-10","beginTime":"2023-05-10T17:38:00","endTime":"2023-05-10T17:39:00","timezone":"MST-7","state":"CO","stateName":"Colorado","county":"Washington","countyFips":"121","wfo":"BOU","scale":0,"scaleLabel":"EF0","lengthMiles":0.01,"widthYards":20,"deaths":0,"injuries":0,"propertyDamage":0,"cropDamage":0,"source":"Trained Spotter","dataSource":"CSV"}},{"type":"Feature","geometry":{"type":"LineString","coordinates":[[-103.35,40.09],[-103.35,40.09]]},"properties":{"id":"ncei-2023-1100905","eventId":"1100905","episodeId":"180507","year":2023,"month":5,"date":"2023-05-10","beginTime":"2023-05-10T17:31:00","endTime":"2023-05-10T17:32:00","timezone":"MST-7","state":"CO","stateName":"Colorado","county":"Washington","countyFips":"121","wfo":"BOU","scale":0,"scaleLabel":"EF0","lengthMiles":0.01,"widthYards":20,"deaths":0,"injuries":0,"propertyDamage":0,"cropDamage":0,"source":"Trained Spotter","dataSource":"CSV"}},{"type":"Feature","geometry":{"type":"LineString","coordinates":[[-103.244,40.2077],[-103.244,40.2077]]},"properties":{"id":"ncei-2023-1100910","eventId":"1100910","episodeId":"180507","year":2023,"month":5,"date":"2023-05-10","beginTime":"2023-05-10T17:29:00","endTime":"2023-05-10T17:30:00","timezone":"MST-7","state":"CO","stateName":"Colorado","county":"Washington","countyFips":"121","wfo":"BOU","scale":0,"scaleLabel":"EF0","lengthMiles":0.01,"widthYards":20,"deaths":0,"injuries":0,"propertyDamage":0,"cropDamage":0,"source":"Trained Spotter","dataSource":"CSV"}},{"type":"Feature","geometry":{"type":"LineString","coordinates":[[-103.42,40.16],[-103.43,40.22]]},"properties":{"id":"ncei-2023-1100911","eventId":"1100911","episodeId":"180507","year":2023,"month":5,"date":"2023-05-10","beginTime":"2023-05-10T17:20:00","endTime":"2023-05-10T17:24:00","timezone":"MST-7","state":"CO","stateName":"Colorado","county":"Washington","countyFips":"121","wfo":"BOU","scale":0,"scaleLabel":"EF0","lengthMiles":4.18,"widthYards":20,"deaths":0,"injuries":0,"propertyDamage":0,"cropDamage":0,"source":"Public","dataSource":"CSV"}},{"type":"Feature","geometry":{"type":"LineString","coordinates":[[-103.41,40.01],[-103.41,40.01]]},"properties":{"id":"ncei-2023-1100913","eventId":"1100913","episodeId":"180507","year":2023,"month":5,"date":"2023-05-10","beginTime":"2023-05-10T16:54:00","endTime":"2023-05-10T16:55:00","timezone":"MST-7","state":"CO","stateName":"Colorado","county":"Washington","countyFips":"121","wfo":"BOU","scale":0,"scaleLabel":"EF0","lengthMiles":0.01,"widthYards":20,"deaths":0,"injuries":0,"propertyDamage":0,"cropDamage":0,"source":"Trained Spotter","dataSource":"CSV"}},{"type":"Feature","geometry":{"type":"LineString","coordinates":[[-98.017,35.013],[-98.003,35.021]]},"properties":{"id":"ncei-2023-1100927","eventId":"1100927","episodeId":"179210","year":2023,"month":5,"date":"2023-05-11","beginTime":"2023-05-11T17:25:00","endTime":"2023-05-11T17:26:00","timezone":"CST-6","state":"OK","stateName":"Oklahoma","county":"Grady","countyFips":"51","wfo":"OUN","scale":0,"scaleLabel":"EF0","lengthMiles":1,"widthYards":20,"deaths":0,"injuries":0,"propertyDamage":0,"cropDamage":0,"source":"Storm Chaser","dataSource":"CSV"}},{"type":"Feature","geometry":{"type":"LineString","coordinates":[[-97.807,35.229],[-97.788,35.267]]},"properties":{"id":"ncei-2023-1100937","eventId":"1100937","episodeId":"179210","year":2023,"month":5,"date":"2023-05-11","beginTime":"2023-05-11T17:57:00","endTime":"2023-05-11T18:08:00","timezone":"CST-6","state":"OK","stateName":"Oklahoma","county":"Grady","countyFips":"51","wfo":"OUN","scale":-1,"scaleLabel":"Unknown","lengthMiles":2.9,"widthYards":50,"deaths":0,"injuries":0,"propertyDamage":0,"cropDamage":0,"source":"Broadcast Media","dataSource":"CSV"}},{"type":"Feature","geometry":{"type":"LineString","coordinates":[[-97.675,35.203],[-97.671,35.205]]},"properties":{"id":"ncei-2023-1100938","eventId":"1100938","episodeId":"179210","year":2023,"month":5,"date":"2023-05-11","beginTime":"2023-05-11T18:36:00","endTime":"2023-05-11T18:38:00","timezone":"CST-6","state":"OK","stateName":"Oklahoma","county":"Grady","countyFips":"51","wfo":"OUN","scale":0,"scaleLabel":"EF0","lengthMiles":0.26,"widthYards":30,"deaths":0,"injuries":0,"propertyDamage":2000,"cropDamage":0,"source":"NWS Storm Survey","dataSource":"CSV"}},{"type":"Feature","geometry":{"type":"LineString","coordinates":[[-97.669,35.206],[-97.669,35.206]]},"properties":{"id":"ncei-2023-1100939","eventId":"1100939","episodeId":"179210","year":2023,"month":5,"date":"2023-05-11","beginTime":"2023-05-11T18:38:00","endTime":"2023-05-11T18:38:00","timezone":"CST-6","state":"OK","stateName":"Oklahoma","county":"Mcclain","countyFips":"87","wfo":"OUN","scale":0,"scaleLabel":"EF0","lengthMiles":0.1,"widthYards":30,"deaths":0,"injuries":0,"propertyDamage":2000,"cropDamage":0,"source":"NWS Storm Survey","dataSource":"CSV"}},{"type":"Feature","geometry":{"type":"LineString","coordinates":[[-97.654,35.211],[-97.619,35.222]]},"properties":{"id":"ncei-2023-1100940","eventId":"1100940","episodeId":"179210","year":2023,"month":5,"date":"2023-05-11","beginTime":"2023-05-11T18:42:00","endTime":"2023-05-11T18:49:00","timezone":"CST-6","state":"OK","stateName":"Oklahoma","county":"Mcclain","countyFips":"87","wfo":"OUN","scale":0,"scaleLabel":"EF0","lengthMiles":2.1,"widthYards":30,"deaths":0,"injuries":0,"propertyDamage":5000,"cropDamage":0,"source":"NWS Storm Survey","dataSource":"CSV"}},{"type":"Feature","geometry":{"type":"LineString","coordinates":[[-97.696,34.995],[-97.687,35.016]]},"properties":{"id":"ncei-2023-1100942","eventId":"1100942","episodeId":"179210","year":2023,"month":5,"date":"2023-05-11","beginTime":"2023-05-11T19:04:00","endTime":"2023-05-11T19:07:00","timezone":"CST-6","state":"OK","stateName":"Oklahoma","county":"Grady","countyFips":"51","wfo":"OUN","scale":0,"scaleLabel":"EF0","lengthMiles":1.5,"widthYards":75,"deaths":0,"injuries":0,"propertyDamage":0,"cropDamage":0,"source":"NWS Storm Survey","dataSource":"CSV"}},{"type":"Feature","geometry":{"type":"LineString","coordinates":[[-97.667,35.028],[-97.661,35.031]]},"properties":{"id":"ncei-2023-1100943","eventId":"1100943","episodeId":"179210","year":2023,"month":5,"date":"2023-05-11","beginTime":"2023-05-11T19:12:00","endTime":"2023-05-11T19:13:00","timezone":"CST-6","state":"OK","stateName":"Oklahoma","county":"Mcclain","countyFips":"87","wfo":"OUN","scale":0,"scaleLabel":"EF0","lengthMiles":0.4,"widthYards":30,"deaths":0,"injuries":0,"propertyDamage":0,"cropDamage":0,"source":"NWS Storm Survey","dataSource":"CSV"}},{"type":"Feature","geometry":{"type":"LineString","coordinates":[[-97.601,35.07],[-97.496,35.148]]},"properties":{"id":"ncei-2023-1100944","eventId":"1100944","episodeId":"179210","year":2023,"month":5,"date":"2023-05-11","beginTime":"2023-05-11T19:29:00","endTime":"2023-05-11T19:59:00","timezone":"CST-6","state":"OK","stateName":"Oklahoma","county":"Mcclain","countyFips":"87","wfo":"OUN","scale":1,"scaleLabel":"EF1","lengthMiles":9.4,"widthYards":250,"deaths":0,"injuries":0,"propertyDamage":100000,"cropDamage":0,"source":"NWS Storm Survey","dataSource":"CSV"}},{"type":"Feature","geometry":{"type":"LineString","coordinates":[[-97.409,35.142],[-97.373,35.156]]},"properties":{"id":"ncei-2023-1100945","eventId":"1100945","episodeId":"179210","year":2023,"month":5,"date":"2023-05-11","beginTime":"2023-05-11T20:03:00","endTime":"2023-05-11T20:13:00","timezone":"CST-6","state":"OK","stateName":"Oklahoma","county":"Cleveland","countyFips":"27","wfo":"OUN","scale":1,"scaleLabel":"EF1","lengthMiles":2.25,"widthYards":300,"deaths":0,"injuries":0,"propertyDamage":200000,"cropDamage":0,"source":"NWS Storm Survey","dataSource":"CSV"}},{"type":"Feature","geometry":{"type":"LineString","coordinates":[[-97.297,35.179],[-97.297,35.179]]},"properties":{"id":"ncei-2023-1100946","eventId":"1100946","episodeId":"179210","year":2023,"month":5,"date":"2023-05-11","beginTime":"2023-05-11T20:33:00","endTime":"2023-05-11T20:33:00","timezone":"CST-6","state":"OK","stateName":"Oklahoma","county":"Cleveland","countyFips":"27","wfo":"OUN","scale":0,"scaleLabel":"EF0","lengthMiles":0.2,"widthYards":25,"deaths":0,"injuries":0,"propertyDamage":10000,"cropDamage":0,"source":"Broadcast Media","dataSource":"CSV"}},{"type":"Feature","geometry":{"type":"LineString","coordinates":[[-96.955,35.046],[-96.954,35.049]]},"properties":{"id":"ncei-2023-1100947","eventId":"1100947","episodeId":"179210","year":2023,"month":5,"date":"2023-05-11","beginTime":"2023-05-11T20:47:00","endTime":"2023-05-11T20:48:00","timezone":"CST-6","state":"OK","stateName":"Oklahoma","county":"Pottawatomie","countyFips":"125","wfo":"OUN","scale":-1,"scaleLabel":"Unknown","lengthMiles":0.21,"widthYards":50,"deaths":0,"injuries":0,"propertyDamage":0,"cropDamage":0,"source":"Emergency Manager","dataSource":"CSV"}},{"type":"Feature","geometry":{"type":"LineString","coordinates":[[-96.822,35.129],[-96.812,35.152]]},"properties":{"id":"ncei-2023-1100948","eventId":"1100948","episodeId":"179210","year":2023,"month":5,"date":"2023-05-11","beginTime":"2023-05-11T21:16:00","endTime":"2023-05-11T21:21:00","timezone":"CST-6","state":"OK","stateName":"Oklahoma","county":"Pottawatomie","countyFips":"125","wfo":"OUN","scale":0,"scaleLabel":"EF0","lengthMiles":1.7,"widthYards":300,"deaths":0,"injuries":0,"propertyDamage":0,"cropDamage":0,"source":"NWS Storm Survey","dataSource":"CSV"}},{"type":"Feature","geometry":{"type":"LineString","coordinates":[[-98.019,33.638],[-98.019,33.638]]},"properties":{"id":"ncei-2023-1100949","eventId":"1100949","episodeId":"179206","year":2023,"month":5,"date":"2023-05-04","beginTime":"2023-05-04T18:06:00","endTime":"2023-05-04T18:06:00","timezone":"CST-6","state":"TX","stateName":"Texas","county":"Clay","countyFips":"77","wfo":"OUN","scale":0,"scaleLabel":"EF0","lengthMiles":0.1,"widthYards":20,"deaths":0,"injuries":0,"propertyDamage":0,"cropDamage":0,"source":"Storm Chaser","dataSource":"CSV"}},{"type":"Feature","geometry":{"type":"LineString","coordinates":[[-97.3355,36.6595],[-97.3355,36.6595]]},"properties":{"id":"ncei-2023-1100950","eventId":"1100950","episodeId":"179211","year":2023,"month":5,"date":"2023-05-12","beginTime":"2023-05-12T19:06:00","endTime":"2023-05-12T19:07:00","timezone":"CST-6","state":"OK","stateName":"Oklahoma","county":"Kay","countyFips":"71","wfo":"OUN","scale":0,"scaleLabel":"EF0","lengthMiles":0.3,"widthYards":10,"deaths":0,"injuries":0,"propertyDamage":0,"cropDamage":0,"source":"Storm Chaser","dataSource":"CSV"}},{"type":"Feature","geometry":{"type":"LineString","coordinates":[[-97.979,35.057],[-97.979,35.057]]},"properties":{"id":"ncei-2023-1100954","eventId":"1100954","episodeId":"179213","year":2023,"month":5,"date":"2023-05-13","beginTime":"2023-05-13T14:18:00","endTime":"2023-05-13T14:18:00","timezone":"CST-6","state":"OK","stateName":"Oklahoma","county":"Grady","countyFips":"51","wfo":"OUN","scale":0,"scaleLabel":"EF0","lengthMiles":0.1,"widthYards":20,"deaths":0,"injuries":0,"propertyDamage":0,"cropDamage":0,"source":"Storm Chaser","dataSource":"CSV"}},{"type":"Feature","geometry":{"type":"LineString","coordinates":[[-103.778,41.087],[-103.693,41.017]]},"properties":{"id":"ncei-2023-1101091","eventId":"1101091","episodeId":"180811","year":2023,"month":6,"date":"2023-06-28","beginTime":"2023-06-28T17:35:00","endTime":"2023-06-28T17:45:00","timezone":"MST-7","state":"NE","stateName":"Nebraska","county":"Kimball","countyFips":"105","wfo":"CYS","scale":0,"scaleLabel":"EF0","lengthMiles":6.8,"widthYards":425,"deaths":0,"injuries":0,"propertyDamage":0,"cropDamage":0,"source":"NWS Employee","dataSource":"CSV"}},{"type":"Feature","geometry":{"type":"LineString","coordinates":[[-103.706,41.063],[-103.706,41.063]]},"properties":{"id":"ncei-2023-1101093","eventId":"1101093","episodeId":"180811","year":2023,"month":6,"date":"2023-06-28","beginTime":"2023-06-28T17:47:00","endTime":"2023-06-28T17:49:00","timezone":"MST-7","state":"NE","stateName":"Nebraska","county":"Kimball","countyFips":"105","wfo":"CYS","scale":-1,"scaleLabel":"Unknown","lengthMiles":0.25,"widthYards":50,"deaths":0,"injuries":0,"propertyDamage":0,"cropDamage":0,"source":"NWS Employee","dataSource":"CSV"}},{"type":"Feature","geometry":{"type":"LineString","coordinates":[[-103.012,44.202],[-103.012,44.202]]},"properties":{"id":"ncei-2023-1101097","eventId":"1101097","episodeId":"178580","year":2023,"month":5,"date":"2023-05-06","beginTime":"2023-05-06T19:08:00","endTime":"2023-05-06T19:11:00","timezone":"MST-7","state":"SD","stateName":"South Dakota","county":"Meade","countyFips":"93","wfo":"UNR","scale":0,"scaleLabel":"EF0","lengthMiles":0.02,"widthYards":20,"deaths":0,"injuries":0,"propertyDamage":0,"cropDamage":0,"source":"NWS Employee","dataSource":"CSV"}},{"type":"Feature","geometry":{"type":"LineString","coordinates":[[-99.789,32.723],[-99.752,32.737]]},"properties":{"id":"ncei-2023-1101184","eventId":"1101184","episodeId":"180816","year":2023,"month":5,"date":"2023-05-23","beginTime":"2023-05-23T20:13:00","endTime":"2023-05-23T20:47:00","timezone":"CST-6","state":"TX","stateName":"Texas","county":"Jones","countyFips":"253","wfo":"SJT","scale":2,"scaleLabel":"EF2","lengthMiles":4.61,"widthYards":700,"deaths":0,"injuries":2,"propertyDamage":0,"cropDamage":0,"source":"NWS Storm Survey","dataSource":"CSV"}},{"type":"Feature","geometry":{"type":"LineString","coordinates":[[-77.6647,40.906],[-77.6551,40.9112]]},"properties":{"id":"ncei-2023-1101215","eventId":"1101215","episodeId":"180519","year":2023,"month":7,"date":"2023-07-02","beginTime":"2023-07-02T14:08:00","endTime":"2023-07-02T14:13:00","timezone":"EST-5","state":"PA","stateName":"Pennsylvania","county":"Centre","countyFips":"27","wfo":"CTP","scale":1,"scaleLabel":"EF1","lengthMiles":0.62,"widthYards":200,"deaths":0,"injuries":0,"propertyDamage":0,"cropDamage":0,"source":"NWS Storm Survey","dataSource":"CSV"}},{"type":"Feature","geometry":{"type":"LineString","coordinates":[[-77.132,40.9025],[-77.1091,40.9149]]},"properties":{"id":"ncei-2023-1101217","eventId":"1101217","episodeId":"180520","year":2023,"month":7,"date":"2023-07-02","beginTime":"2023-07-02T14:48:00","endTime":"2023-07-02T14:56:00","timezone":"EST-5","state":"PA","stateName":"Pennsylvania","county":"Union","countyFips":"119","wfo":"CTP","scale":1,"scaleLabel":"EF1","lengthMiles":1.47,"widthYards":150,"deaths":0,"injuries":0,"propertyDamage":15000,"cropDamage":0,"source":"NWS Storm Survey","dataSource":"CSV"}},{"type":"Feature","geometry":{"type":"LineString","coordinates":[[-77.0682,40.9334],[-77.0336,40.9494]]},"properties":{"id":"ncei-2023-1101223","eventId":"1101223","episodeId":"180521","year":2023,"month":7,"date":"2023-07-02","beginTime":"2023-07-02T14:59:00","endTime":"2023-07-02T15:06:00","timezone":"EST-5","state":"PA","stateName":"Pennsylvania","county":"Union","countyFips":"119","wfo":"CTP","scale":1,"scaleLabel":"EF1","lengthMiles":2.12,"widthYards":50,"deaths":0,"injuries":0,"propertyDamage":40000,"cropDamage":0,"source":"NWS Storm Survey","dataSource":"CSV"}},{"type":"Feature","geometry":{"type":"LineString","coordinates":[[-76.8825,40.9921],[-76.8438,41.01]]},"properties":{"id":"ncei-2023-1101226","eventId":"1101226","episodeId":"180522","year":2023,"month":7,"date":"2023-07-02","beginTime":"2023-07-02T15:25:00","endTime":"2023-07-02T15:33:00","timezone":"EST-5","state":"PA","stateName":"Pennsylvania","county":"Union","countyFips":"119","wfo":"CTP","scale":1,"scaleLabel":"EF1","lengthMiles":2.37,"widthYards":150,"deaths":0,"injuries":0,"propertyDamage":0,"cropDamage":0,"source":"NWS Storm Survey","dataSource":"CSV"}},{"type":"Feature","geometry":{"type":"LineString","coordinates":[[-76.9713,40.5597],[-76.9541,40.5605]]},"properties":{"id":"ncei-2023-1101228","eventId":"1101228","episodeId":"180523","year":2023,"month":7,"date":"2023-07-02","beginTime":"2023-07-02T14:44:00","endTime":"2023-07-02T14:46:00","timezone":"EST-5","state":"PA","stateName":"Pennsylvania","county":"Dauphin","countyFips":"43","wfo":"CTP","scale":0,"scaleLabel":"EF0","lengthMiles":0.9,"widthYards":50,"deaths":0,"injuries":0,"propertyDamage":0,"cropDamage":0,"source":"NWS Storm Survey","dataSource":"CSV"}},{"type":"Feature","geometry":{"type":"LineString","coordinates":[[-100.3,38.53],[-100.3,38.53]]},"properties":{"id":"ncei-2023-1101240","eventId":"1101240","episodeId":"180833","year":2023,"month":5,"date":"2023-05-04","beginTime":"2023-05-04T20:09:00","endTime":"2023-05-04T20:09:00","timezone":"CST-6","state":"KS","stateName":"Kansas","county":"Lane","countyFips":"101","wfo":"DDC","scale":0,"scaleLabel":"EF0","lengthMiles":0.01,"widthYards":1,"deaths":0,"injuries":0,"propertyDamage":0,"cropDamage":0,"source":"NWS Employee","dataSource":"CSV"}},{"type":"Feature","geometry":{"type":"LineString","coordinates":[[-101.11,37.56],[-101.11,37.56]]},"properties":{"id":"ncei-2023-1101285","eventId":"1101285","episodeId":"180835","year":2023,"month":5,"date":"2023-05-11","beginTime":"2023-05-11T18:51:00","endTime":"2023-05-11T18:51:00","timezone":"CST-6","state":"KS","stateName":"Kansas","county":"Grant","countyFips":"67","wfo":"DDC","scale":0,"scaleLabel":"EF0","lengthMiles":0.01,"widthYards":1,"deaths":0,"injuries":0,"propertyDamage":0,"cropDamage":0,"source":"Public","dataSource":"CSV"}},{"type":"Feature","geometry":{"type":"LineString","coordinates":[[-93.4919,33.3508],[-93.4963,33.3101]]},"properties":{"id":"ncei-2023-1101299","eventId":"1101299","episodeId":"180782","year":2023,"month":7,"date":"2023-07-12","beginTime":"2023-07-12T02:43:00","endTime":"2023-07-12T02:53:00","timezone":"CST-6","state":"AR","stateName":"Arkansas","county":"Lafayette","countyFips":"73","wfo":"SHV","scale":1,"scaleLabel":"EF1","lengthMiles":2.82,"widthYards":350,"deaths":0,"injuries":0,"propertyDamage":15000,"cropDamage":0,"source":"NWS Storm Survey","dataSource":"CSV"}},{"type":"Feature","geometry":{"type":"LineString","coordinates":[[-103.7,38.56],[-103.7,38.56]]},"properties":{"id":"ncei-2023-1101344","eventId":"1101344","episodeId":"178897","year":2023,"month":5,"date":"2023-05-24","beginTime":"2023-05-24T17:26:00","endTime":"2023-05-24T17:27:00","timezone":"MST-7","state":"CO","stateName":"Colorado","county":"Lincoln","countyFips":"73","wfo":"BOU","scale":0,"scaleLabel":"EF0","lengthMiles":0.01,"widthYards":25,"deaths":0,"injuries":0,"propertyDamage":0,"cropDamage":0,"source":"Public","dataSource":"CSV"}},{"type":"Feature","geometry":{"type":"LineString","coordinates":[[-103.6,40.33],[-103.6,40.33]]},"properties":{"id":"ncei-2023-1101371","eventId":"1101371","episodeId":"180857","year":2023,"month":5,"date":"2023-05-26","beginTime":"2023-05-26T15:53:00","endTime":"2023-05-26T15:54:00","timezone":"MST-7","state":"CO","stateName":"Colorado","county":"Morgan","countyFips":"87","wfo":"BOU","scale":-1,"scaleLabel":"Unknown","lengthMiles":0.01,"widthYards":25,"deaths":0,"injuries":0,"propertyDamage":0,"cropDamage":0,"source":"State Official","dataSource":"CSV"}},{"type":"Feature","geometry":{"type":"LineString","coordinates":[[-103.22,39.84],[-103.22,39.84]]},"properties":{"id":"ncei-2023-1101372","eventId":"1101372","episodeId":"180857","year":2023,"month":5,"date":"2023-05-26","beginTime":"2023-05-26T17:44:00","endTime":"2023-05-26T17:45:00","timezone":"MST-7","state":"CO","stateName":"Colorado","county":"Washington","countyFips":"121","wfo":"BOU","scale":-1,"scaleLabel":"Unknown","lengthMiles":0.01,"widthYards":25,"deaths":0,"injuries":0,"propertyDamage":0,"cropDamage":0,"source":"Trained Spotter","dataSource":"CSV"}},{"type":"Feature","geometry":{"type":"LineString","coordinates":[[-98.328,35.58],[-98.328,35.58]]},"properties":{"id":"ncei-2023-1101388","eventId":"1101388","episodeId":"179425","year":2023,"month":5,"date":"2023-05-19","beginTime":"2023-05-19T11:35:00","endTime":"2023-05-19T11:35:00","timezone":"CST-6","state":"OK","stateName":"Oklahoma","county":"Blaine","countyFips":"11","wfo":"OUN","scale":0,"scaleLabel":"EF0","lengthMiles":0.1,"widthYards":10,"deaths":0,"injuries":0,"propertyDamage":0,"cropDamage":0,"source":"Storm Chaser","dataSource":"CSV"}},{"type":"Feature","geometry":{"type":"LineString","coordinates":[[-84.6026,36.3919],[-84.5509,36.4181]]},"properties":{"id":"ncei-2023-1101411","eventId":"1101411","episodeId":"180865","year":2023,"month":6,"date":"2023-06-11","beginTime":"2023-06-11T17:04:00","endTime":"2023-06-11T17:11:00","timezone":"EST-5","state":"TN","stateName":"Tennessee","county":"Scott","countyFips":"151","wfo":"MRX","scale":1,"scaleLabel":"EF1","lengthMiles":3.4,"widthYards":200,"deaths":0,"injuries":0,"propertyDamage":0,"cropDamage":0,"source":"NWS Storm Survey","dataSource":"CSV"}},{"type":"Feature","geometry":{"type":"LineString","coordinates":[[-102.34,32.61],[-102.27,32.7]]},"properties":{"id":"ncei-2023-1101441","eventId":"1101441","episodeId":"180868","year":2023,"month":5,"date":"2023-05-22","beginTime":"2023-05-22T18:21:00","endTime":"2023-05-22T18:31:00","timezone":"CST-6","state":"TX","stateName":"Texas","county":"Gaines","countyFips":"165","wfo":"MAF","scale":-1,"scaleLabel":"Unknown","lengthMiles":7.5,"widthYards":25,"deaths":0,"injuries":0,"propertyDamage":0,"cropDamage":0,"source":"Public","dataSource":"CSV"}},{"type":"Feature","geometry":{"type":"LineString","coordinates":[[-98.66,38.8],[-98.67,38.79]]},"properties":{"id":"ncei-2023-1101444","eventId":"1101444","episodeId":"180879","year":2023,"month":7,"date":"2023-07-16","beginTime":"2023-07-16T16:10:00","endTime":"2023-07-16T16:14:00","timezone":"CST-6","state":"KS","stateName":"Kansas","county":"Russell","countyFips":"167","wfo":"ICT","scale":0,"scaleLabel":"EF0","lengthMiles":0.88,"widthYards":300,"deaths":0,"injuries":0,"propertyDamage":0,"cropDamage":0,"source":"NWS Storm Survey","dataSource":"CSV"}},{"type":"Feature","geometry":{"type":"LineString","coordinates":[[-104.26,30.51],[-104.28,30.51]]},"properties":{"id":"ncei-2023-1101490","eventId":"1101490","episodeId":"180886","year":2023,"month":5,"date":"2023-05-26","beginTime":"2023-05-26T15:08:00","endTime":"2023-05-26T15:10:00","timezone":"CST-6","state":"TX","stateName":"Texas","county":"Jeff Davis","countyFips":"243","wfo":"MAF","scale":-1,"scaleLabel":"Unknown","lengthMiles":1,"widthYards":50,"deaths":0,"injuries":0,"propertyDamage":0,"cropDamage":0,"source":"Other Federal Agency","dataSource":"CSV"}},{"type":"Feature","geometry":{"type":"LineString","coordinates":[[-92.4768,30.1102],[-92.3946,30.0826]]},"properties":{"id":"ncei-2023-1101494","eventId":"1101494","episodeId":"180888","year":2023,"month":5,"date":"2023-05-06","beginTime":"2023-05-06T04:57:00","endTime":"2023-05-06T05:01:00","timezone":"CST-6","state":"LA","stateName":"Louisiana","county":"Acadia","countyFips":"1","wfo":"LCH","scale":1,"scaleLabel":"EF1","lengthMiles":5.27,"widthYards":75,"deaths":0,"injuries":1,"propertyDamage":50000,"cropDamage":0,"source":"NWS Storm Survey","dataSource":"CSV"}},{"type":"Feature","geometry":{"type":"LineString","coordinates":[[-103.23,33.43],[-103.22,33.43]]},"properties":{"id":"ncei-2023-1101514","eventId":"1101514","episodeId":"180889","year":2023,"month":5,"date":"2023-05-27","beginTime":"2023-05-27T17:10:00","endTime":"2023-05-27T17:12:00","timezone":"MST-7","state":"NM","stateName":"New Mexico","county":"Lea","countyFips":"25","wfo":"MAF","scale":-1,"scaleLabel":"Unknown","lengthMiles":1,"widthYards":50,"deaths":0,"injuries":0,"propertyDamage":0,"cropDamage":0,"source":"Trained Spotter","dataSource":"CSV"}},{"type":"Feature","geometry":{"type":"LineString","coordinates":[[-103.14,33.4],[-103.08,33.4]]},"properties":{"id":"ncei-2023-1101515","eventId":"1101515","episodeId":"180889","year":2023,"month":5,"date":"2023-05-27","beginTime":"2023-05-27T17:38:00","endTime":"2023-05-27T17:42:00","timezone":"MST-7","state":"NM","stateName":"New Mexico","county":"Lea","countyFips":"25","wfo":"MAF","scale":-1,"scaleLabel":"Unknown","lengthMiles":3.5,"widthYards":50,"deaths":0,"injuries":0,"propertyDamage":0,"cropDamage":0,"source":"Storm Chaser","dataSource":"CSV"}},{"type":"Feature","geometry":{"type":"LineString","coordinates":[[-99.1888,28.6761],[-99.1783,28.6804]]},"properties":{"id":"ncei-2023-1101665","eventId":"1101665","episodeId":"180874","year":2023,"month":5,"date":"2023-05-15","beginTime":"2023-05-15T15:50:00","endTime":"2023-05-15T15:52:00","timezone":"CST-6","state":"TX","stateName":"Texas","county":"Frio","countyFips":"163","wfo":"EWX","scale":0,"scaleLabel":"EF0","lengthMiles":0.71,"widthYards":50,"deaths":0,"injuries":0,"propertyDamage":100000,"cropDamage":0,"source":"NWS Storm Survey","dataSource":"CSV"}},{"type":"Feature","geometry":{"type":"LineString","coordinates":[[-91.8982,32.8681],[-91.8813,32.8831]]},"properties":{"id":"ncei-2023-1101724","eventId":"1101724","episodeId":"177543","year":2023,"month":1,"date":"2023-01-02","beginTime":"2023-01-02T18:36:00","endTime":"2023-01-02T18:37:00","timezone":"CST-6","state":"LA","stateName":"Louisiana","county":"Morehouse","countyFips":"67","wfo":"JAN","scale":1,"scaleLabel":"EF1","lengthMiles":1.43,"widthYards":75,"deaths":0,"injuries":0,"propertyDamage":10000,"cropDamage":0,"source":"NWS Storm Survey","dataSource":"CSV"}},{"type":"Feature","geometry":{"type":"LineString","coordinates":[[-91.8686,32.9539],[-91.8129,32.9869]]},"properties":{"id":"ncei-2023-1101726","eventId":"1101726","episodeId":"177543","year":2023,"month":1,"date":"2023-01-02","beginTime":"2023-01-02T18:40:00","endTime":"2023-01-02T18:49:00","timezone":"CST-6","state":"LA","stateName":"Louisiana","county":"Morehouse","countyFips":"67","wfo":"JAN","scale":1,"scaleLabel":"EF1","lengthMiles":3.95,"widthYards":200,"deaths":0,"injuries":0,"propertyDamage":100000,"cropDamage":0,"source":"NWS Storm Survey","dataSource":"CSV"}},{"type":"Feature","geometry":{"type":"LineString","coordinates":[[-91.4023,32.9621],[-91.377,33.006]]},"properties":{"id":"ncei-2023-1101727","eventId":"1101727","episodeId":"177543","year":2023,"month":1,"date":"2023-01-02","beginTime":"2023-01-02T21:02:00","endTime":"2023-01-02T21:07:00","timezone":"CST-6","state":"LA","stateName":"Louisiana","county":"West Carroll","countyFips":"123","wfo":"JAN","scale":0,"scaleLabel":"EF0","lengthMiles":3.37,"widthYards":250,"deaths":0,"injuries":0,"propertyDamage":100000,"cropDamage":0,"source":"NWS Storm Survey","dataSource":"CSV"}},{"type":"Feature","geometry":{"type":"LineString","coordinates":[[-82.415,35.341],[-82.405,35.338]]},"properties":{"id":"ncei-2023-1101737","eventId":"1101737","episodeId":"180914","year":2023,"month":5,"date":"2023-05-07","beginTime":"2023-05-07T18:30:00","endTime":"2023-05-07T18:31:00","timezone":"EST-5","state":"NC","stateName":"North Carolina","county":"Henderson","countyFips":"89","wfo":"GSP","scale":0,"scaleLabel":"EF0","lengthMiles":0.6,"widthYards":15,"deaths":0,"injuries":0,"propertyDamage":100000,"cropDamage":0,"source":"NWS Storm Survey","dataSource":"CSV"}},{"type":"Feature","geometry":{"type":"LineString","coordinates":[[-91.377,33.006],[-91.3775,33.0123]]},"properties":{"id":"ncei-2023-1101739","eventId":"1101739","episodeId":"180915","year":2023,"month":1,"date":"2023-01-02","beginTime":"2023-01-02T21:07:00","endTime":"2023-01-02T21:08:00","timezone":"CST-6","state":"AR","stateName":"Arkansas","county":"Chicot","countyFips":"17","wfo":"JAN","scale":0,"scaleLabel":"EF0","lengthMiles":0.44,"widthYards":250,"deaths":0,"injuries":0,"propertyDamage":20000,"cropDamage":0,"source":"NWS Storm Survey","dataSource":"CSV"}},{"type":"Feature","geometry":{"type":"LineString","coordinates":[[-91.7697,33.0416],[-91.458,33.352]]},"properties":{"id":"ncei-2023-1101741","eventId":"1101741","episodeId":"180915","year":2023,"month":1,"date":"2023-01-02","beginTime":"2023-01-02T18:54:00","endTime":"2023-01-02T19:30:00","timezone":"CST-6","state":"AR","stateName":"Arkansas","county":"Ashley","countyFips":"3","wfo":"JAN","scale":2,"scaleLabel":"EF2","lengthMiles":28.01,"widthYards":1300,"deaths":0,"injuries":0,"propertyDamage":500000,"cropDamage":0,"source":"NWS Storm Survey","dataSource":"CSV"}},{"type":"Feature","geometry":{"type":"LineString","coordinates":[[-89.1008,31.7617],[-89.0584,31.773]]},"properties":{"id":"ncei-2023-1101837","eventId":"1101837","episodeId":"180916","year":2023,"month":1,"date":"2023-01-03","beginTime":"2023-01-03T22:47:00","endTime":"2023-01-03T22:52:00","timezone":"CST-6","state":"MS","stateName":"Mississippi","county":"Jones","countyFips":"67","wfo":"JAN","scale":1,"scaleLabel":"EF1","lengthMiles":2.61,"widthYards":365,"deaths":0,"injuries":0,"propertyDamage":50000,"cropDamage":0,"source":"NWS Storm Survey","dataSource":"CSV"}},{"type":"Feature","geometry":{"type":"LineString","coordinates":[[-95.2998,42.5696],[-95.2998,42.5696]]},"properties":{"id":"ncei-2023-1101995","eventId":"1101995","episodeId":"180948","year":2023,"month":5,"date":"2023-05-13","beginTime":"2023-05-13T12:21:00","endTime":"2023-05-13T12:22:00","timezone":"CST-6","state":"IA","stateName":"Iowa","county":"Buena Vista","countyFips":"21","wfo":"FSD","scale":-1,"scaleLabel":"Unknown","lengthMiles":0.01,"widthYards":10,"deaths":0,"injuries":0,"propertyDamage":0,"cropDamage":0,"source":"Storm Chaser","dataSource":"CSV"}},{"type":"Feature","geometry":{"type":"LineString","coordinates":[[-95.2201,42.5613],[-95.233,42.5718]]},"properties":{"id":"ncei-2023-1102000","eventId":"1102000","episodeId":"180948","year":2023,"month":5,"date":"2023-05-13","beginTime":"2023-05-13T12:50:00","endTime":"2023-05-13T12:55:00","timezone":"CST-6","state":"IA","stateName":"Iowa","county":"Buena Vista","countyFips":"21","wfo":"FSD","scale":-1,"scaleLabel":"Unknown","lengthMiles":0.99,"widthYards":75,"deaths":0,"injuries":0,"propertyDamage":0,"cropDamage":0,"source":"Storm Chaser","dataSource":"CSV"}},{"type":"Feature","geometry":{"type":"LineString","coordinates":[[-94.9448,42.6258],[-94.9564,42.6527]]},"properties":{"id":"ncei-2023-1102012","eventId":"1102012","episodeId":"180948","year":2023,"month":5,"date":"2023-05-13","beginTime":"2023-05-13T15:17:00","endTime":"2023-05-13T15:24:00","timezone":"CST-6","state":"IA","stateName":"Iowa","county":"Buena Vista","countyFips":"21","wfo":"FSD","scale":0,"scaleLabel":"EF0","lengthMiles":1.96,"widthYards":75,"deaths":0,"injuries":0,"propertyDamage":0,"cropDamage":0,"source":"Storm Chaser","dataSource":"CSV"}},{"type":"Feature","geometry":{"type":"LineString","coordinates":[[-89.8915,31.9177],[-89.8168,31.9347]]},"properties":{"id":"ncei-2023-1102051","eventId":"1102051","episodeId":"180962","year":2023,"month":4,"date":"2023-04-03","beginTime":"2023-04-03T03:37:00","endTime":"2023-04-03T03:46:00","timezone":"CST-6","state":"MS","stateName":"Mississippi","county":"Simpson","countyFips":"127","wfo":"JAN","scale":1,"scaleLabel":"EF1","lengthMiles":4.54,"widthYards":430,"deaths":0,"injuries":0,"propertyDamage":20000,"cropDamage":0,"source":"NWS Storm Survey","dataSource":"CSV"}},{"type":"Feature","geometry":{"type":"LineString","coordinates":[[-89.146,31.8063],[-89.0879,31.7962]]},"properties":{"id":"ncei-2023-1102052","eventId":"1102052","episodeId":"180962","year":2023,"month":4,"date":"2023-04-03","beginTime":"2023-04-03T04:45:00","endTime":"2023-04-03T04:51:00","timezone":"CST-6","state":"MS","stateName":"Mississippi","county":"Jones","countyFips":"67","wfo":"JAN","scale":1,"scaleLabel":"EF1","lengthMiles":3.48,"widthYards":220,"deaths":0,"injuries":0,"propertyDamage":20000,"cropDamage":0,"source":"NWS Storm Survey","dataSource":"CSV"}},{"type":"Feature","geometry":{"type":"LineString","coordinates":[[-91,32.84],[-90.9365,32.875]]},"properties":{"id":"ncei-2023-1102151","eventId":"1102151","episodeId":"180848","year":2023,"month":3,"date":"2023-03-24","beginTime":"2023-03-24T18:57:00","endTime":"2023-03-24T19:03:00","timezone":"CST-6","state":"MS","stateName":"Mississippi","county":"Issaquena","countyFips":"55","wfo":"JAN","scale":1,"scaleLabel":"EF1","lengthMiles":4.41,"widthYards":440,"deaths":0,"injuries":0,"propertyDamage":30000,"cropDamage":0,"source":"NWS Storm Survey","dataSource":"CSV"}},{"type":"Feature","geometry":{"type":"LineString","coordinates":[[-91.458,33.352],[-91.3274,33.5261]]},"properties":{"id":"ncei-2023-1102152","eventId":"1102152","episodeId":"180915","year":2023,"month":1,"date":"2023-01-02","beginTime":"2023-01-02T19:30:00","endTime":"2023-01-02T19:43:00","timezone":"CST-6","state":"AR","stateName":"Arkansas","county":"Chicot","countyFips":"17","wfo":"JAN","scale":2,"scaleLabel":"EF2","lengthMiles":14.19,"widthYards":1300,"deaths":0,"injuries":0,"propertyDamage":200000,"cropDamage":0,"source":"NWS Storm Survey","dataSource":"CSV"}},{"type":"Feature","geometry":{"type":"LineString","coordinates":[[-90.9365,32.875],[-90.6571,33.015]]},"properties":{"id":"ncei-2023-1102153","eventId":"1102153","episodeId":"180848","year":2023,"month":3,"date":"2023-03-24","beginTime":"2023-03-24T19:03:00","endTime":"2023-03-24T19:25:00","timezone":"CST-6","state":"MS","stateName":"Mississippi","county":"Sharkey","countyFips":"125","wfo":"JAN","scale":4,"scaleLabel":"EF4","lengthMiles":18.87,"widthYards":1320,"deaths":14,"injuries":150,"propertyDamage":83000000,"cropDamage":136000,"source":"NWS Storm Survey","dataSource":"CSV"}},{"type":"Feature","geometry":{"type":"LineString","coordinates":[[-90.6571,33.015],[-90.3303,33.1785]]},"properties":{"id":"ncei-2023-1102155","eventId":"1102155","episodeId":"180848","year":2023,"month":3,"date":"2023-03-24","beginTime":"2023-03-24T19:25:00","endTime":"2023-03-24T19:51:00","timezone":"CST-6","state":"MS","stateName":"Mississippi","county":"Humphreys","countyFips":"53","wfo":"JAN","scale":3,"scaleLabel":"EF3","lengthMiles":22.03,"widthYards":1320,"deaths":3,"injuries":15,"propertyDamage":13300000,"cropDamage":78200,"source":"NWS Storm Survey","dataSource":"CSV"}},{"type":"Feature","geometry":{"type":"LineString","coordinates":[[-90.3303,33.1785],[-90.11,33.26]]},"properties":{"id":"ncei-2023-1102160","eventId":"1102160","episodeId":"180848","year":2023,"month":3,"date":"2023-03-24","beginTime":"2023-03-24T19:51:00","endTime":"2023-03-24T20:08:00","timezone":"CST-6","state":"MS","stateName":"Mississippi","county":"Holmes","countyFips":"51","wfo":"JAN","scale":2,"scaleLabel":"EF2","lengthMiles":13.92,"widthYards":900,"deaths":0,"injuries":0,"propertyDamage":100000,"cropDamage":0,"source":"NWS Storm Survey","dataSource":"CSV"}},{"type":"Feature","geometry":{"type":"LineString","coordinates":[[-90.04,33.31],[-89.7853,33.4327]]},"properties":{"id":"ncei-2023-1102164","eventId":"1102164","episodeId":"180848","year":2023,"month":3,"date":"2023-03-24","beginTime":"2023-03-24T20:12:00","endTime":"2023-03-24T20:30:00","timezone":"CST-6","state":"MS","stateName":"Mississippi","county":"Carroll","countyFips":"15","wfo":"JAN","scale":3,"scaleLabel":"EF3","lengthMiles":16.97,"widthYards":1550,"deaths":3,"injuries":5,"propertyDamage":5440000,"cropDamage":4000000,"source":"NWS Storm Survey","dataSource":"CSV"}},{"type":"Feature","geometry":{"type":"LineString","coordinates":[[-89.7853,33.4327],[-89.59,33.51]]},"properties":{"id":"ncei-2023-1102166","eventId":"1102166","episodeId":"180848","year":2023,"month":3,"date":"2023-03-24","beginTime":"2023-03-24T20:30:00","endTime":"2023-03-24T20:42:00","timezone":"CST-6","state":"MS","stateName":"Mississippi","county":"Montgomery","countyFips":"97","wfo":"JAN","scale":3,"scaleLabel":"EF3","lengthMiles":12.46,"widthYards":1500,"deaths":0,"injuries":0,"propertyDamage":4500000,"cropDamage":1170000,"source":"NWS Storm Survey","dataSource":"CSV"}},{"type":"Feature","geometry":{"type":"LineString","coordinates":[[-98.3358,32.733],[-98.3437,32.7501]]},"properties":{"id":"ncei-2023-1102188","eventId":"1102188","episodeId":"180657","year":2023,"month":5,"date":"2023-05-11","beginTime":"2023-05-11T20:20:00","endTime":"2023-05-11T20:22:00","timezone":"CST-6","state":"TX","stateName":"Texas","county":"Palo Pinto","countyFips":"363","wfo":"FWD","scale":1,"scaleLabel":"EF1","lengthMiles":1.27,"widthYards":75,"deaths":0,"injuries":0,"propertyDamage":0,"cropDamage":0,"source":"NWS Storm Survey","dataSource":"CSV"}},{"type":"Feature","geometry":{"type":"LineString","coordinates":[[-87.8656,36.9757],[-87.8576,36.977]]},"properties":{"id":"ncei-2023-1102306","eventId":"1102306","episodeId":"180999","year":2023,"month":7,"date":"2023-07-18","beginTime":"2023-07-18T13:04:00","endTime":"2023-07-18T13:05:00","timezone":"CST-6","state":"KY","stateName":"Kentucky","county":"Caldwell","countyFips":"33","wfo":"PAH","scale":1,"scaleLabel":"EF1","lengthMiles":0.45,"widthYards":125,"deaths":0,"injuries":0,"propertyDamage":75000,"cropDamage":0,"source":"NWS Storm Survey","dataSource":"CSV"}},{"type":"Feature","geometry":{"type":"LineString","coordinates":[[-94.3691,30.2439],[-94.2761,30.208]]},"properties":{"id":"ncei-2023-1102670","eventId":"1102670","episodeId":"181049","year":2023,"month":5,"date":"2023-05-08","beginTime":"2023-05-08T14:00:00","endTime":"2023-05-08T14:14:00","timezone":"CST-6","state":"TX","stateName":"Texas","county":"Hardin","countyFips":"199","wfo":"LCH","scale":0,"scaleLabel":"EF0","lengthMiles":6.08,"widthYards":75,"deaths":0,"injuries":0,"propertyDamage":25000,"cropDamage":0,"source":"NWS Storm Survey","dataSource":"CSV"}},{"type":"Feature","geometry":{"type":"LineString","coordinates":[[-88.5399,42.32],[-88.5397,42.3287]]},"properties":{"id":"ncei-2023-1102925","eventId":"1102925","episodeId":"181076","year":2023,"month":5,"date":"2023-05-31","beginTime":"2023-05-31T14:50:00","endTime":"2023-05-31T14:53:00","timezone":"CST-6","state":"IL","stateName":"Illinois","county":"Mchenry","countyFips":"111","wfo":"LOT","scale":-1,"scaleLabel":"Unknown","lengthMiles":0.6,"widthYards":25,"deaths":0,"injuries":0,"propertyDamage":0,"cropDamage":0,"source":"Public","dataSource":"CSV"}},{"type":"Feature","geometry":{"type":"LineString","coordinates":[[-97.1055,38.9632],[-97.1048,38.9635]]},"properties":{"id":"ncei-2023-1102948","eventId":"1102948","episodeId":"181078","year":2023,"month":7,"date":"2023-07-22","beginTime":"2023-07-22T15:43:00","endTime":"2023-07-22T15:44:00","timezone":"CST-6","state":"KS","stateName":"Kansas","county":"Dickinson","countyFips":"41","wfo":"TOP","scale":-1,"scaleLabel":"Unknown","lengthMiles":0.04,"widthYards":20,"deaths":0,"injuries":0,"propertyDamage":0,"cropDamage":0,"source":"Storm Chaser","dataSource":"CSV"}},{"type":"Feature","geometry":{"type":"LineString","coordinates":[[-90.71,41.6],[-90.53,41.61]]},"properties":{"id":"ncei-2023-1103039","eventId":"1103039","episodeId":"180681","year":2023,"month":6,"date":"2023-06-24","beginTime":"2023-06-24T21:31:00","endTime":"2023-06-24T21:45:00","timezone":"CST-6","state":"IA","stateName":"Iowa","county":"Scott","countyFips":"163","wfo":"DVN","scale":0,"scaleLabel":"EF0","lengthMiles":9.63,"widthYards":20,"deaths":0,"injuries":0,"propertyDamage":0,"cropDamage":0,"source":"NWS Storm Survey","dataSource":"CSV"}},{"type":"Feature","geometry":{"type":"LineString","coordinates":[[-101.5409,35.2786],[-101.5395,35.2793]]},"properties":{"id":"ncei-2023-1103099","eventId":"1103099","episodeId":"180788","year":2023,"month":5,"date":"2023-05-18","beginTime":"2023-05-18T21:02:00","endTime":"2023-05-18T21:03:00","timezone":"CST-6","state":"TX","stateName":"Texas","county":"Carson","countyFips":"65","wfo":"AMA","scale":0,"scaleLabel":"EF0","lengthMiles":0.09,"widthYards":25,"deaths":0,"injuries":0,"propertyDamage":20000,"cropDamage":0,"source":"NWS Storm Survey","dataSource":"CSV"}},{"type":"Feature","geometry":{"type":"LineString","coordinates":[[-91.79,40.41],[-91.75,40.42]]},"properties":{"id":"ncei-2023-1103109","eventId":"1103109","episodeId":"181094","year":2023,"month":6,"date":"2023-06-29","beginTime":"2023-06-29T09:10:00","endTime":"2023-06-29T09:13:00","timezone":"CST-6","state":"MO","stateName":"Missouri","county":"Clark","countyFips":"45","wfo":"DVN","scale":1,"scaleLabel":"EF1","lengthMiles":2.21,"widthYards":30,"deaths":0,"injuries":0,"propertyDamage":0,"cropDamage":0,"source":"NWS Storm Survey","dataSource":"CSV"}},{"type":"Feature","geometry":{"type":"LineString","coordinates":[[-101.91,36.2],[-101.9,36.21]]},"properties":{"id":"ncei-2023-1103123","eventId":"1103123","episodeId":"180798","year":2023,"month":5,"date":"2023-05-28","beginTime":"2023-05-28T18:48:00","endTime":"2023-05-28T18:56:00","timezone":"CST-6","state":"TX","stateName":"Texas","county":"Sherman","countyFips":"421","wfo":"AMA","scale":-1,"scaleLabel":"Unknown","lengthMiles":0.89,"widthYards":20,"deaths":0,"injuries":0,"propertyDamage":0,"cropDamage":0,"source":"Public","dataSource":"CSV"}},{"type":"Feature","geometry":{"type":"LineString","coordinates":[[-85.188,31.856],[-85.129,31.879]]},"properties":{"id":"ncei-2023-1103139","eventId":"1103139","episodeId":"181032","year":2023,"month":6,"date":"2023-06-14","beginTime":"2023-06-14T11:09:00","endTime":"2023-06-14T11:20:00","timezone":"CST-6","state":"AL","stateName":"Alabama","county":"Barbour","countyFips":"5","wfo":"BMX","scale":1,"scaleLabel":"EF1","lengthMiles":3.89,"widthYards":350,"deaths":0,"injuries":0,"propertyDamage":0,"cropDamage":0,"source":"NWS Storm Survey","dataSource":"CSV"}},{"type":"Feature","geometry":{"type":"LineString","coordinates":[[-85.9919,38.3234],[-85.9902,38.3225]]},"properties":{"id":"ncei-2023-1103147","eventId":"1103147","episodeId":"181096","year":2023,"month":5,"date":"2023-05-07","beginTime":"2023-05-07T07:42:00","endTime":"2023-05-07T07:43:00","timezone":"EST-5","state":"IN","stateName":"Indiana","county":"Floyd","countyFips":"43","wfo":"LMK","scale":1,"scaleLabel":"EF1","lengthMiles":0.11,"widthYards":100,"deaths":0,"injuries":0,"propertyDamage":0,"cropDamage":0,"source":"NWS Storm Survey","dataSource":"CSV"}},{"type":"Feature","geometry":{"type":"LineString","coordinates":[[-85.9541,38.2919],[-85.9485,38.2886]]},"properties":{"id":"ncei-2023-1103149","eventId":"1103149","episodeId":"181096","year":2023,"month":5,"date":"2023-05-07","beginTime":"2023-05-07T07:46:00","endTime":"2023-05-07T07:47:00","timezone":"EST-5","state":"IN","stateName":"Indiana","county":"Floyd","countyFips":"43","wfo":"LMK","scale":0,"scaleLabel":"EF0","lengthMiles":0.38,"widthYards":150,"deaths":0,"injuries":0,"propertyDamage":0,"cropDamage":0,"source":"NWS Storm Survey","dataSource":"CSV"}},{"type":"Feature","geometry":{"type":"LineString","coordinates":[[-85.8179,38.3433],[-85.8123,38.3408]]},"properties":{"id":"ncei-2023-1103151","eventId":"1103151","episodeId":"181096","year":2023,"month":5,"date":"2023-05-07","beginTime":"2023-05-07T07:48:00","endTime":"2023-05-07T07:49:00","timezone":"EST-5","state":"IN","stateName":"Indiana","county":"Floyd","countyFips":"43","wfo":"LMK","scale":1,"scaleLabel":"EF1","lengthMiles":0.35,"widthYards":125,"deaths":0,"injuries":2,"propertyDamage":0,"cropDamage":0,"source":"NWS Storm Survey","dataSource":"CSV"}},{"type":"Feature","geometry":{"type":"LineString","coordinates":[[-85.9028,38.2462],[-85.8969,38.2426]]},"properties":{"id":"ncei-2023-1103153","eventId":"1103153","episodeId":"181096","year":2023,"month":5,"date":"2023-05-07","beginTime":"2023-05-07T07:52:00","endTime":"2023-05-07T07:53:00","timezone":"EST-5","state":"IN","stateName":"Indiana","county":"Floyd","countyFips":"43","wfo":"LMK","scale":1,"scaleLabel":"EF1","lengthMiles":0.41,"widthYards":100,"deaths":0,"injuries":0,"propertyDamage":0,"cropDamage":0,"source":"NWS Storm Survey","dataSource":"CSV"}},{"type":"Feature","geometry":{"type":"LineString","coordinates":[[-85.8699,38.2169],[-85.8663,38.2131]]},"properties":{"id":"ncei-2023-1103181","eventId":"1103181","episodeId":"181096","year":2023,"month":5,"date":"2023-05-07","beginTime":"2023-05-07T07:57:00","endTime":"2023-05-07T07:58:00","timezone":"EST-5","state":"IN","stateName":"Indiana","county":"Floyd","countyFips":"43","wfo":"LMK","scale":1,"scaleLabel":"EF1","lengthMiles":0.33,"widthYards":200,"deaths":0,"injuries":0,"propertyDamage":0,"cropDamage":0,"source":"NWS Storm Survey","dataSource":"CSV"}},{"type":"Feature","geometry":{"type":"LineString","coordinates":[[-97.9737,34.807],[-97.9737,34.807]]},"properties":{"id":"ncei-2023-1103386","eventId":"1103386","episodeId":"179210","year":2023,"month":5,"date":"2023-05-11","beginTime":"2023-05-11T18:45:00","endTime":"2023-05-11T18:45:00","timezone":"CST-6","state":"OK","stateName":"Oklahoma","county":"Grady","countyFips":"51","wfo":"OUN","scale":-1,"scaleLabel":"Unknown","lengthMiles":0.2,"widthYards":20,"deaths":0,"injuries":0,"propertyDamage":0,"cropDamage":0,"source":"Storm Chaser","dataSource":"CSV"}},{"type":"Feature","geometry":{"type":"LineString","coordinates":[[-91.27,41.59],[-91.18,41.57]]},"properties":{"id":"ncei-2023-1103405","eventId":"1103405","episodeId":"180489","year":2023,"month":5,"date":"2023-05-07","beginTime":"2023-05-07T16:48:00","endTime":"2023-05-07T16:54:00","timezone":"CST-6","state":"IA","stateName":"Iowa","county":"Muscatine","countyFips":"139","wfo":"DVN","scale":1,"scaleLabel":"EF1","lengthMiles":4.95,"widthYards":100,"deaths":0,"injuries":0,"propertyDamage":0,"cropDamage":0,"source":"NWS Storm Survey","dataSource":"CSV"}},{"type":"Feature","geometry":{"type":"LineString","coordinates":[[-89.792,41.57],[-89.7889,41.5707]]},"properties":{"id":"ncei-2023-1103432","eventId":"1103432","episodeId":"180496","year":2023,"month":5,"date":"2023-05-07","beginTime":"2023-05-07T17:40:00","endTime":"2023-05-07T17:41:00","timezone":"CST-6","state":"IL","stateName":"Illinois","county":"Bureau","countyFips":"11","wfo":"DVN","scale":-1,"scaleLabel":"Unknown","lengthMiles":0.1,"widthYards":20,"deaths":0,"injuries":0,"propertyDamage":0,"cropDamage":0,"source":"Broadcast Media","dataSource":"CSV"}},{"type":"Feature","geometry":{"type":"LineString","coordinates":[[-85.2667,38.205],[-85.2578,38.1997]]},"properties":{"id":"ncei-2023-1103483","eventId":"1103483","episodeId":"181138","year":2023,"month":5,"date":"2023-05-07","beginTime":"2023-05-07T08:25:00","endTime":"2023-05-07T08:26:00","timezone":"EST-5","state":"KY","stateName":"Kentucky","county":"Shelby","countyFips":"211","wfo":"LMK","scale":0,"scaleLabel":"EF0","lengthMiles":0.61,"widthYards":30,"deaths":0,"injuries":0,"propertyDamage":0,"cropDamage":0,"source":"NWS Storm Survey","dataSource":"CSV"}},{"type":"Feature","geometry":{"type":"LineString","coordinates":[[-105.3563,43.4986],[-105.082,43.565]]},"properties":{"id":"ncei-2023-1103685","eventId":"1103685","episodeId":"180586","year":2023,"month":6,"date":"2023-06-23","beginTime":"2023-06-23T16:49:00","endTime":"2023-06-23T17:45:00","timezone":"MST-7","state":"WY","stateName":"Wyoming","county":"Campbell","countyFips":"5","wfo":"UNR","scale":2,"scaleLabel":"EF2","lengthMiles":3.81,"widthYards":800,"deaths":0,"injuries":8,"propertyDamage":0,"cropDamage":0,"source":"NWS Storm Survey","dataSource":"CSV"}},{"type":"Feature","geometry":{"type":"LineString","coordinates":[[-99.87,41.62],[-99.9248,41.6609]]},"properties":{"id":"ncei-2023-1103695","eventId":"1103695","episodeId":"181199","year":2023,"month":5,"date":"2023-05-12","beginTime":"2023-05-12T11:34:00","endTime":"2023-05-12T11:48:00","timezone":"CST-6","state":"NE","stateName":"Nebraska","county":"Custer","countyFips":"41","wfo":"LBF","scale":1,"scaleLabel":"EF1","lengthMiles":4.02,"widthYards":100,"deaths":0,"injuries":0,"propertyDamage":0,"cropDamage":0,"source":"Emergency Manager","dataSource":"CSV"}},{"type":"Feature","geometry":{"type":"LineString","coordinates":[[-100.2,41.4879],[-100.2,41.4893]]},"properties":{"id":"ncei-2023-1103697","eventId":"1103697","episodeId":"181199","year":2023,"month":5,"date":"2023-05-12","beginTime":"2023-05-12T11:42:00","endTime":"2023-05-12T11:43:00","timezone":"CST-6","state":"NE","stateName":"Nebraska","county":"Custer","countyFips":"41","wfo":"LBF","scale":-1,"scaleLabel":"Unknown","lengthMiles":0.1,"widthYards":1,"deaths":0,"injuries":0,"propertyDamage":0,"cropDamage":0,"source":"Emergency Manager","dataSource":"CSV"}},{"type":"Feature","geometry":{"type":"LineString","coordinates":[[-100.237,41.4969],[-100.2377,41.4982]]},"properties":{"id":"ncei-2023-1103699","eventId":"1103699","episodeId":"181199","year":2023,"month":5,"date":"2023-05-12","beginTime":"2023-05-12T11:47:00","endTime":"2023-05-12T11:48:00","timezone":"CST-6","state":"NE","stateName":"Nebraska","county":"Custer","countyFips":"41","wfo":"LBF","scale":-1,"scaleLabel":"Unknown","lengthMiles":0.1,"widthYards":10,"deaths":0,"injuries":0,"propertyDamage":0,"cropDamage":0,"source":"Emergency Manager","dataSource":"CSV"}},{"type":"Feature","geometry":{"type":"LineString","coordinates":[[-98.5221,41.8299],[-98.5574,41.8666]]},"properties":{"id":"ncei-2023-1103700","eventId":"1103700","episodeId":"181199","year":2023,"month":5,"date":"2023-05-12","beginTime":"2023-05-12T14:11:00","endTime":"2023-05-12T14:20:00","timezone":"CST-6","state":"NE","stateName":"Nebraska","county":"Wheeler","countyFips":"183","wfo":"LBF","scale":1,"scaleLabel":"EF1","lengthMiles":3.42,"widthYards":50,"deaths":0,"injuries":0,"propertyDamage":0,"cropDamage":0,"source":"Emergency Manager","dataSource":"CSV"}},{"type":"Feature","geometry":{"type":"LineString","coordinates":[[-98.7521,41.8337],[-98.7535,41.8348]]},"properties":{"id":"ncei-2023-1103704","eventId":"1103704","episodeId":"181199","year":2023,"month":5,"date":"2023-05-12","beginTime":"2023-05-12T14:25:00","endTime":"2023-05-12T14:33:00","timezone":"CST-6","state":"NE","stateName":"Nebraska","county":"Wheeler","countyFips":"183","wfo":"LBF","scale":-1,"scaleLabel":"Unknown","lengthMiles":0.1,"widthYards":50,"deaths":0,"injuries":0,"propertyDamage":0,"cropDamage":0,"source":"NWS Storm Survey","dataSource":"CSV"}},{"type":"Feature","geometry":{"type":"LineString","coordinates":[[-98.7,42.08],[-98.71,42.0885]]},"properties":{"id":"ncei-2023-1103711","eventId":"1103711","episodeId":"181199","year":2023,"month":5,"date":"2023-05-12","beginTime":"2023-05-12T14:55:00","endTime":"2023-05-12T15:00:00","timezone":"CST-6","state":"NE","stateName":"Nebraska","county":"Wheeler","countyFips":"183","wfo":"LBF","scale":2,"scaleLabel":"EF2","lengthMiles":1.06,"widthYards":75,"deaths":0,"injuries":0,"propertyDamage":0,"cropDamage":0,"source":"Emergency Manager","dataSource":"CSV"}},{"type":"Feature","geometry":{"type":"LineString","coordinates":[[-100.2,41.5168],[-100.2,41.5183]]},"properties":{"id":"ncei-2023-1103713","eventId":"1103713","episodeId":"181199","year":2023,"month":5,"date":"2023-05-12","beginTime":"2023-05-12T15:00:00","endTime":"2023-05-12T15:01:00","timezone":"CST-6","state":"NE","stateName":"Nebraska","county":"Custer","countyFips":"41","wfo":"LBF","scale":-1,"scaleLabel":"Unknown","lengthMiles":0.1,"widthYards":10,"deaths":0,"injuries":0,"propertyDamage":0,"cropDamage":0,"source":"Emergency Manager","dataSource":"CSV"}},{"type":"Feature","geometry":{"type":"LineString","coordinates":[[-100.32,41.69],[-100.321,41.691]]},"properties":{"id":"ncei-2023-1103719","eventId":"1103719","episodeId":"181199","year":2023,"month":5,"date":"2023-05-12","beginTime":"2023-05-12T11:39:00","endTime":"2023-05-12T11:40:00","timezone":"CST-6","state":"NE","stateName":"Nebraska","county":"Logan","countyFips":"113","wfo":"LBF","scale":-1,"scaleLabel":"Unknown","lengthMiles":0.09,"widthYards":10,"deaths":0,"injuries":0,"propertyDamage":0,"cropDamage":0,"source":"NWS Storm Survey","dataSource":"CSV"}},{"type":"Feature","geometry":{"type":"LineString","coordinates":[[-85.8663,38.2131],[-85.8093,38.1737]]},"properties":{"id":"ncei-2023-1103898","eventId":"1103898","episodeId":"181138","year":2023,"month":5,"date":"2023-05-07","beginTime":"2023-05-07T07:58:00","endTime":"2023-05-07T08:03:00","timezone":"EST-5","state":"KY","stateName":"Kentucky","county":"Jefferson","countyFips":"111","wfo":"LMK","scale":0,"scaleLabel":"EF0","lengthMiles":4.12,"widthYards":200,"deaths":0,"injuries":0,"propertyDamage":0,"cropDamage":0,"source":"NWS Storm Survey","dataSource":"CSV"}},{"type":"Feature","geometry":{"type":"LineString","coordinates":[[-89.7715,39.7195],[-89.6276,39.6491]]},"properties":{"id":"ncei-2023-1104134","eventId":"1104134","episodeId":"180221","year":2023,"month":6,"date":"2023-06-29","beginTime":"2023-06-29T11:12:00","endTime":"2023-06-29T11:19:00","timezone":"CST-6","state":"IL","stateName":"Illinois","county":"Sangamon","countyFips":"167","wfo":"ILX","scale":2,"scaleLabel":"EF2","lengthMiles":9.07,"widthYards":800,"deaths":0,"injuries":0,"propertyDamage":0,"cropDamage":0,"source":"NWS Storm Survey","dataSource":"CSV"}},{"type":"Feature","geometry":{"type":"LineString","coordinates":[[-74.6323,40.15],[-74.631,40.1497]]},"properties":{"id":"ncei-2023-1104145","eventId":"1104145","episodeId":"179175","year":2023,"month":4,"date":"2023-04-01","beginTime":"2023-04-01T18:08:00","endTime":"2023-04-01T18:09:00","timezone":"EST-5","state":"NJ","stateName":"New Jersey","county":"Burlington","countyFips":"5","wfo":"PHI","scale":1,"scaleLabel":"EF1","lengthMiles":0.07,"widthYards":300,"deaths":0,"injuries":0,"propertyDamage":0,"cropDamage":0,"source":"NWS Storm Survey","dataSource":"CSV"}},{"type":"Feature","geometry":{"type":"LineString","coordinates":[[-89.3796,40.1672],[-89.2936,40.1896]]},"properties":{"id":"ncei-2023-1104146","eventId":"1104146","episodeId":"180221","year":2023,"month":6,"date":"2023-06-29","beginTime":"2023-06-29T11:26:00","endTime":"2023-06-29T11:30:00","timezone":"CST-6","state":"IL","stateName":"Illinois","county":"Logan","countyFips":"107","wfo":"ILX","scale":1,"scaleLabel":"EF1","lengthMiles":4.79,"widthYards":100,"deaths":0,"injuries":0,"propertyDamage":0,"cropDamage":0,"source":"NWS Storm Survey","dataSource":"CSV"}},{"type":"Feature","geometry":{"type":"LineString","coordinates":[[-74.6309,40.1498],[-74.5969,40.1531]]},"properties":{"id":"ncei-2023-1104149","eventId":"1104149","episodeId":"179175","year":2023,"month":4,"date":"2023-04-01","beginTime":"2023-04-01T18:09:00","endTime":"2023-04-01T18:11:00","timezone":"EST-5","state":"NJ","stateName":"New Jersey","county":"Mercer","countyFips":"21","wfo":"PHI","scale":1,"scaleLabel":"EF1","lengthMiles":1.81,"widthYards":300,"deaths":0,"injuries":0,"propertyDamage":0,"cropDamage":0,"source":"NWS Storm Survey","dataSource":"CSV"}},{"type":"Feature","geometry":{"type":"LineString","coordinates":[[-74.5967,40.1531],[-74.5967,40.1531]]},"properties":{"id":"ncei-2023-1104153","eventId":"1104153","episodeId":"179175","year":2023,"month":4,"date":"2023-04-01","beginTime":"2023-04-01T18:11:00","endTime":"2023-04-01T18:11:00","timezone":"EST-5","state":"NJ","stateName":"New Jersey","county":"Monmouth","countyFips":"25","wfo":"PHI","scale":1,"scaleLabel":"EF1","lengthMiles":0.08,"widthYards":300,"deaths":0,"injuries":0,"propertyDamage":0,"cropDamage":0,"source":"NWS Storm Survey","dataSource":"CSV"}},{"type":"Feature","geometry":{"type":"LineString","coordinates":[[-89.4251,39.6141],[-89.3605,39.6097]]},"properties":{"id":"ncei-2023-1104154","eventId":"1104154","episodeId":"180221","year":2023,"month":6,"date":"2023-06-29","beginTime":"2023-06-29T11:29:00","endTime":"2023-06-29T11:32:00","timezone":"CST-6","state":"IL","stateName":"Illinois","county":"Christian","countyFips":"21","wfo":"ILX","scale":1,"scaleLabel":"EF1","lengthMiles":3.45,"widthYards":200,"deaths":0,"injuries":0,"propertyDamage":0,"cropDamage":0,"source":"NWS Storm Survey","dataSource":"CSV"}},{"type":"Feature","geometry":{"type":"LineString","coordinates":[[-89.2973,39.5987],[-89.1068,39.5686]]},"properties":{"id":"ncei-2023-1104161","eventId":"1104161","episodeId":"180221","year":2023,"month":6,"date":"2023-06-29","beginTime":"2023-06-29T11:38:00","endTime":"2023-06-29T11:47:00","timezone":"CST-6","state":"IL","stateName":"Illinois","county":"Christian","countyFips":"21","wfo":"ILX","scale":1,"scaleLabel":"EF1","lengthMiles":10.36,"widthYards":200,"deaths":0,"injuries":0,"propertyDamage":0,"cropDamage":0,"source":"NWS Storm Survey","dataSource":"CSV"}},{"type":"Feature","geometry":{"type":"LineString","coordinates":[[-74.6461,40.1525],[-74.6461,40.1525]]},"properties":{"id":"ncei-2023-1104166","eventId":"1104166","episodeId":"179175","year":2023,"month":4,"date":"2023-04-01","beginTime":"2023-04-01T18:08:00","endTime":"2023-04-01T18:08:00","timezone":"EST-5","state":"NJ","stateName":"New Jersey","county":"Burlington","countyFips":"5","wfo":"PHI","scale":1,"scaleLabel":"EF1","lengthMiles":0.67,"widthYards":300,"deaths":0,"injuries":0,"propertyDamage":0,"cropDamage":0,"source":"NWS Storm Survey","dataSource":"CSV"}},{"type":"Feature","geometry":{"type":"LineString","coordinates":[[-89.4954,39.5177],[-89.4818,39.5146]]},"properties":{"id":"ncei-2023-1104167","eventId":"1104167","episodeId":"180221","year":2023,"month":6,"date":"2023-06-29","beginTime":"2023-06-29T11:27:00","endTime":"2023-06-29T11:28:00","timezone":"CST-6","state":"IL","stateName":"Illinois","county":"Christian","countyFips":"21","wfo":"ILX","scale":-1,"scaleLabel":"Unknown","lengthMiles":0.76,"widthYards":40,"deaths":0,"injuries":0,"propertyDamage":0,"cropDamage":0,"source":"NWS Storm Survey","dataSource":"CSV"}},{"type":"Feature","geometry":{"type":"LineString","coordinates":[[-89.2669,39.7486],[-89.249,39.7453]]},"properties":{"id":"ncei-2023-1104168","eventId":"1104168","episodeId":"180221","year":2023,"month":6,"date":"2023-06-29","beginTime":"2023-06-29T11:33:00","endTime":"2023-06-29T11:34:00","timezone":"CST-6","state":"IL","stateName":"Illinois","county":"Christian","countyFips":"21","wfo":"ILX","scale":1,"scaleLabel":"EF1","lengthMiles":0.98,"widthYards":150,"deaths":0,"injuries":0,"propertyDamage":0,"cropDamage":0,"source":"NWS Storm Survey","dataSource":"CSV"}},{"type":"Feature","geometry":{"type":"LineString","coordinates":[[-74.259,40.1515],[-74.259,40.1515]]},"properties":{"id":"ncei-2023-1104170","eventId":"1104170","episodeId":"179175","year":2023,"month":4,"date":"2023-04-01","beginTime":"2023-04-01T18:34:00","endTime":"2023-04-01T18:34:00","timezone":"EST-5","state":"NJ","stateName":"New Jersey","county":"Monmouth","countyFips":"25","wfo":"PHI","scale":2,"scaleLabel":"EF2","lengthMiles":0.19,"widthYards":150,"deaths":0,"injuries":0,"propertyDamage":0,"cropDamage":0,"source":"NWS Storm Survey","dataSource":"CSV"}},{"type":"Feature","geometry":{"type":"LineString","coordinates":[[-89.1755,40.2107],[-89.1476,40.2115]]},"properties":{"id":"ncei-2023-1104171","eventId":"1104171","episodeId":"180221","year":2023,"month":6,"date":"2023-06-29","beginTime":"2023-06-29T11:35:00","endTime":"2023-06-29T11:37:00","timezone":"CST-6","state":"IL","stateName":"Illinois","county":"Logan","countyFips":"107","wfo":"ILX","scale":1,"scaleLabel":"EF1","lengthMiles":1.47,"widthYards":800,"deaths":0,"injuries":0,"propertyDamage":0,"cropDamage":0,"source":"NWS Storm Survey","dataSource":"CSV"}},{"type":"Feature","geometry":{"type":"LineString","coordinates":[[-89.1476,40.2115],[-88.9073,40.2236]]},"properties":{"id":"ncei-2023-1104173","eventId":"1104173","episodeId":"180221","year":2023,"month":6,"date":"2023-06-29","beginTime":"2023-06-29T11:37:00","endTime":"2023-06-29T11:46:00","timezone":"CST-6","state":"IL","stateName":"Illinois","county":"De Witt","countyFips":"39","wfo":"ILX","scale":1,"scaleLabel":"EF1","lengthMiles":12.71,"widthYards":800,"deaths":0,"injuries":0,"propertyDamage":0,"cropDamage":0,"source":"NWS Storm Survey","dataSource":"CSV"}},{"type":"Feature","geometry":{"type":"LineString","coordinates":[[-93.62,40.07],[-93.61,40.07]]},"properties":{"id":"ncei-2023-1104349","eventId":"1104349","episodeId":"179478","year":2023,"month":5,"date":"2023-05-06","beginTime":"2023-05-06T18:39:00","endTime":"2023-05-06T18:41:00","timezone":"CST-6","state":"MO","stateName":"Missouri","county":"Grundy","countyFips":"79","wfo":"EAX","scale":0,"scaleLabel":"EF0","lengthMiles":0.53,"widthYards":25,"deaths":0,"injuries":0,"propertyDamage":0,"cropDamage":0,"source":"Storm Chaser","dataSource":"CSV"}},{"type":"Feature","geometry":{"type":"LineString","coordinates":[[-93.31,39.93],[-93.09,39.87]]},"properties":{"id":"ncei-2023-1104355","eventId":"1104355","episodeId":"179478","year":2023,"month":5,"date":"2023-05-06","beginTime":"2023-05-06T19:22:00","endTime":"2023-05-06T19:46:00","timezone":"CST-6","state":"MO","stateName":"Missouri","county":"Linn","countyFips":"115","wfo":"EAX","scale":2,"scaleLabel":"EF2","lengthMiles":12.38,"widthYards":250,"deaths":0,"injuries":0,"propertyDamage":0,"cropDamage":0,"source":"NWS Storm Survey","dataSource":"CSV"}},{"type":"Feature","geometry":{"type":"LineString","coordinates":[[-93.04,39.85],[-92.9,39.79]]},"properties":{"id":"ncei-2023-1104356","eventId":"1104356","episodeId":"179478","year":2023,"month":5,"date":"2023-05-06","beginTime":"2023-05-06T19:56:00","endTime":"2023-05-06T20:14:00","timezone":"CST-6","state":"MO","stateName":"Missouri","county":"Linn","countyFips":"115","wfo":"EAX","scale":1,"scaleLabel":"EF1","lengthMiles":8.51,"widthYards":100,"deaths":0,"injuries":0,"propertyDamage":0,"cropDamage":0,"source":"NWS Storm Survey","dataSource":"CSV"}},{"type":"Feature","geometry":{"type":"LineString","coordinates":[[-104.23,38.93],[-104.2128,38.9323]]},"properties":{"id":"ncei-2023-1104449","eventId":"1104449","episodeId":"181342","year":2023,"month":5,"date":"2023-05-26","beginTime":"2023-05-26T15:29:00","endTime":"2023-05-26T15:30:00","timezone":"MST-7","state":"CO","stateName":"Colorado","county":"El Paso","countyFips":"41","wfo":"PUB","scale":-1,"scaleLabel":"Unknown","lengthMiles":0.94,"widthYards":1,"deaths":0,"injuries":0,"propertyDamage":0,"cropDamage":0,"source":"Public","dataSource":"CSV"}},{"type":"Feature","geometry":{"type":"LineString","coordinates":[[-102.81,38.31],[-102.7928,38.3118]]},"properties":{"id":"ncei-2023-1104451","eventId":"1104451","episodeId":"181342","year":2023,"month":5,"date":"2023-05-27","beginTime":"2023-05-27T17:29:00","endTime":"2023-05-27T17:30:00","timezone":"MST-7","state":"CO","stateName":"Colorado","county":"Kiowa","countyFips":"61","wfo":"PUB","scale":-1,"scaleLabel":"Unknown","lengthMiles":0.94,"widthYards":1,"deaths":0,"injuries":0,"propertyDamage":0,"cropDamage":0,"source":"Public","dataSource":"CSV"}},{"type":"Feature","geometry":{"type":"LineString","coordinates":[[-102.79,38.1402],[-102.7144,38.1705]]},"properties":{"id":"ncei-2023-1104456","eventId":"1104456","episodeId":"181343","year":2023,"month":5,"date":"2023-05-30","beginTime":"2023-05-30T15:00:00","endTime":"2023-05-30T15:10:00","timezone":"MST-7","state":"CO","stateName":"Colorado","county":"Prowers","countyFips":"99","wfo":"PUB","scale":0,"scaleLabel":"EF0","lengthMiles":4.61,"widthYards":20,"deaths":0,"injuries":0,"propertyDamage":0,"cropDamage":0,"source":"Public","dataSource":"CSV"}},{"type":"Feature","geometry":{"type":"LineString","coordinates":[[-113.4935,42.1],[-113.4896,42.1]]},"properties":{"id":"ncei-2023-1104664","eventId":"1104664","episodeId":"181368","year":2023,"month":5,"date":"2023-05-26","beginTime":"2023-05-26T13:35:00","endTime":"2023-05-26T13:45:00","timezone":"MST-7","state":"ID","stateName":"Idaho","county":"Cassia","countyFips":"31","wfo":"PIH","scale":0,"scaleLabel":"EF0","lengthMiles":0.2,"widthYards":10,"deaths":0,"injuries":0,"propertyDamage":0,"cropDamage":0,"source":"Trained Spotter","dataSource":"CSV"}},{"type":"Feature","geometry":{"type":"LineString","coordinates":[[-75.6269,41.4524],[-75.6248,41.4552]]},"properties":{"id":"ncei-2023-1104966","eventId":"1104966","episodeId":"180533","year":2023,"month":7,"date":"2023-07-02","beginTime":"2023-07-02T18:18:00","endTime":"2023-07-02T18:22:00","timezone":"EST-5","state":"PA","stateName":"Pennsylvania","county":"Lackawanna","countyFips":"69","wfo":"BGM","scale":0,"scaleLabel":"EF0","lengthMiles":0.23,"widthYards":70,"deaths":0,"injuries":0,"propertyDamage":15000,"cropDamage":0,"source":"Fire Department/Rescue","dataSource":"CSV"}},{"type":"Feature","geometry":{"type":"LineString","coordinates":[[-75.7165,41.7825],[-75.6985,41.8029]]},"properties":{"id":"ncei-2023-1104967","eventId":"1104967","episodeId":"180533","year":2023,"month":7,"date":"2023-07-02","beginTime":"2023-07-02T18:08:00","endTime":"2023-07-02T18:12:00","timezone":"EST-5","state":"PA","stateName":"Pennsylvania","county":"Susquehanna","countyFips":"115","wfo":"BGM","scale":0,"scaleLabel":"EF0","lengthMiles":1.7,"widthYards":300,"deaths":0,"injuries":0,"propertyDamage":25000,"cropDamage":0,"source":"NWS Storm Survey","dataSource":"CSV"}},{"type":"Feature","geometry":{"type":"LineString","coordinates":[[-119.4396,47.1632],[-119.4317,47.1635]]},"properties":{"id":"ncei-2023-1104968","eventId":"1104968","episodeId":"181398","year":2023,"month":5,"date":"2023-05-26","beginTime":"2023-05-26T13:15:00","endTime":"2023-05-26T13:40:00","timezone":"PST-8","state":"WA","stateName":"Washington","county":"Grant","countyFips":"25","wfo":"OTX","scale":0,"scaleLabel":"EF0","lengthMiles":0.37,"widthYards":25,"deaths":0,"injuries":0,"propertyDamage":0,"cropDamage":0,"source":"Public","dataSource":"CSV"}},{"type":"Feature","geometry":{"type":"LineString","coordinates":[[-80.88,29.01],[-80.87,29.01]]},"properties":{"id":"ncei-2023-1105050","eventId":"1105050","episodeId":"181388","year":2023,"month":7,"date":"2023-07-22","beginTime":"2023-07-22T15:50:00","endTime":"2023-07-22T15:51:00","timezone":"EST-5","state":"FL","stateName":"Florida","county":"Volusia","countyFips":"127","wfo":"MLB","scale":0,"scaleLabel":"EF0","lengthMiles":0.6,"widthYards":20,"deaths":0,"injuries":0,"propertyDamage":0,"cropDamage":0,"source":"Public","dataSource":"CSV"}},{"type":"Feature","geometry":{"type":"LineString","coordinates":[[-89.0718,37.0291],[-89.0647,37.0297]]},"properties":{"id":"ncei-2023-1105114","eventId":"1105114","episodeId":"180999","year":2023,"month":7,"date":"2023-07-18","beginTime":"2023-07-18T11:43:00","endTime":"2023-07-18T11:44:00","timezone":"CST-6","state":"KY","stateName":"Kentucky","county":"Ballard","countyFips":"7","wfo":"PAH","scale":1,"scaleLabel":"EF1","lengthMiles":0.39,"widthYards":60,"deaths":0,"injuries":0,"propertyDamage":15000,"cropDamage":0,"source":"NWS Storm Survey","dataSource":"CSV"}},{"type":"Feature","geometry":{"type":"LineString","coordinates":[[-72.31,42.91],[-72.06,42.91]]},"properties":{"id":"ncei-2023-1105124","eventId":"1105124","episodeId":"181435","year":2023,"month":7,"date":"2023-07-27","beginTime":"2023-07-27T13:50:00","endTime":"2023-07-27T14:12:00","timezone":"EST-5","state":"NH","stateName":"New Hampshire","county":"Cheshire","countyFips":"5","wfo":"GYX","scale":1,"scaleLabel":"EF1","lengthMiles":12.65,"widthYards":200,"deaths":0,"injuries":0,"propertyDamage":0,"cropDamage":0,"source":"NWS Storm Survey","dataSource":"CSV"}},{"type":"Feature","geometry":{"type":"LineString","coordinates":[[-90.0792,31.3506],[-90.0768,31.3604]]},"properties":{"id":"ncei-2023-1105172","eventId":"1105172","episodeId":"178262","year":2023,"month":2,"date":"2023-02-08","beginTime":"2023-02-08T19:22:00","endTime":"2023-02-08T19:25:00","timezone":"CST-6","state":"MS","stateName":"Mississippi","county":"Lawrence","countyFips":"77","wfo":"JAN","scale":0,"scaleLabel":"EF0","lengthMiles":0.68,"widthYards":75,"deaths":0,"injuries":0,"propertyDamage":30000,"cropDamage":0,"source":"NWS Storm Survey","dataSource":"CSV"}},{"type":"Feature","geometry":{"type":"LineString","coordinates":[[-90.0633,31.3926],[-90.0619,31.395]]},"properties":{"id":"ncei-2023-1105180","eventId":"1105180","episodeId":"178262","year":2023,"month":2,"date":"2023-02-08","beginTime":"2023-02-08T19:30:00","endTime":"2023-02-08T19:31:00","timezone":"CST-6","state":"MS","stateName":"Mississippi","county":"Lawrence","countyFips":"77","wfo":"JAN","scale":1,"scaleLabel":"EF1","lengthMiles":0.19,"widthYards":50,"deaths":0,"injuries":0,"propertyDamage":40000,"cropDamage":0,"source":"NWS Storm Survey","dataSource":"CSV"}},{"type":"Feature","geometry":{"type":"LineString","coordinates":[[-89.9492,31.9779],[-89.9355,32.0306]]},"properties":{"id":"ncei-2023-1105181","eventId":"1105181","episodeId":"178262","year":2023,"month":2,"date":"2023-02-08","beginTime":"2023-02-08T20:06:00","endTime":"2023-02-08T20:14:00","timezone":"CST-6","state":"MS","stateName":"Mississippi","county":"Simpson","countyFips":"127","wfo":"JAN","scale":1,"scaleLabel":"EF1","lengthMiles":3.73,"widthYards":300,"deaths":0,"injuries":0,"propertyDamage":40000,"cropDamage":0,"source":"NWS Storm Survey","dataSource":"CSV"}},{"type":"Feature","geometry":{"type":"LineString","coordinates":[[-89.8657,31.7806],[-89.8477,31.8391]]},"properties":{"id":"ncei-2023-1105182","eventId":"1105182","episodeId":"178262","year":2023,"month":2,"date":"2023-02-08","beginTime":"2023-02-08T20:22:00","endTime":"2023-02-08T20:30:00","timezone":"CST-6","state":"MS","stateName":"Mississippi","county":"Simpson","countyFips":"127","wfo":"JAN","scale":0,"scaleLabel":"EF0","lengthMiles":4.17,"widthYards":100,"deaths":0,"injuries":0,"propertyDamage":75000,"cropDamage":0,"source":"NWS Storm Survey","dataSource":"CSV"}},{"type":"Feature","geometry":{"type":"LineString","coordinates":[[-91.8186,33.1472],[-91.8152,33.1528]]},"properties":{"id":"ncei-2023-1105187","eventId":"1105187","episodeId":"181443","year":2023,"month":5,"date":"2023-05-11","beginTime":"2023-05-11T11:41:00","endTime":"2023-05-11T11:43:00","timezone":"CST-6","state":"AR","stateName":"Arkansas","county":"Ashley","countyFips":"3","wfo":"JAN","scale":1,"scaleLabel":"EF1","lengthMiles":0.45,"widthYards":140,"deaths":0,"injuries":0,"propertyDamage":40000,"cropDamage":0,"source":"NWS Storm Survey","dataSource":"CSV"}},{"type":"Feature","geometry":{"type":"LineString","coordinates":[[-109.8468,41.6721],[-109.8452,41.6725]]},"properties":{"id":"ncei-2023-1105505","eventId":"1105505","episodeId":"181529","year":2023,"month":6,"date":"2023-06-23","beginTime":"2023-06-23T12:35:00","endTime":"2023-06-23T12:37:00","timezone":"MST-7","state":"WY","stateName":"Wyoming","county":"Sweetwater","countyFips":"37","wfo":"RIW","scale":-1,"scaleLabel":"Unknown","lengthMiles":0.09,"widthYards":30,"deaths":0,"injuries":0,"propertyDamage":0,"cropDamage":0,"source":"Public","dataSource":"CSV"}},{"type":"Feature","geometry":{"type":"LineString","coordinates":[[-106.7308,43.228],[-106.7175,43.229]]},"properties":{"id":"ncei-2023-1105507","eventId":"1105507","episodeId":"181529","year":2023,"month":6,"date":"2023-06-23","beginTime":"2023-06-23T13:37:00","endTime":"2023-06-23T13:40:00","timezone":"MST-7","state":"WY","stateName":"Wyoming","county":"Natrona","countyFips":"25","wfo":"RIW","scale":-1,"scaleLabel":"Unknown","lengthMiles":0.67,"widthYards":50,"deaths":0,"injuries":0,"propertyDamage":0,"cropDamage":0,"source":"Social Media","dataSource":"CSV"}},{"type":"Feature","geometry":{"type":"LineString","coordinates":[[-106.65,43.7345],[-106.6438,43.7282]]},"properties":{"id":"ncei-2023-1105508","eventId":"1105508","episodeId":"181529","year":2023,"month":6,"date":"2023-06-23","beginTime":"2023-06-23T13:40:00","endTime":"2023-06-23T13:41:00","timezone":"MST-7","state":"WY","stateName":"Wyoming","county":"Johnson","countyFips":"19","wfo":"RIW","scale":0,"scaleLabel":"EF0","lengthMiles":0.53,"widthYards":40,"deaths":0,"injuries":0,"propertyDamage":0,"cropDamage":0,"source":"Law Enforcement","dataSource":"CSV"}},{"type":"Feature","geometry":{"type":"LineString","coordinates":[[-106.3486,43.2997],[-106.142,43.3444]]},"properties":{"id":"ncei-2023-1105509","eventId":"1105509","episodeId":"181529","year":2023,"month":6,"date":"2023-06-23","beginTime":"2023-06-23T13:15:00","endTime":"2023-06-23T13:35:00","timezone":"MST-7","state":"WY","stateName":"Wyoming","county":"Natrona","countyFips":"25","wfo":"RIW","scale":1,"scaleLabel":"EF1","lengthMiles":10.83,"widthYards":100,"deaths":0,"injuries":0,"propertyDamage":100000,"cropDamage":0,"source":"Emergency Manager","dataSource":"CSV"}},{"type":"Feature","geometry":{"type":"LineString","coordinates":[[-96.552,41.742],[-96.538,41.76]]},"properties":{"id":"ncei-2023-1105861","eventId":"1105861","episodeId":"180091","year":2023,"month":5,"date":"2023-05-12","beginTime":"2023-05-12T17:09:00","endTime":"2023-05-12T17:19:00","timezone":"CST-6","state":"NE","stateName":"Nebraska","county":"Burt","countyFips":"21","wfo":"OAX","scale":1,"scaleLabel":"EF1","lengthMiles":1.44,"widthYards":1200,"deaths":0,"injuries":0,"propertyDamage":0,"cropDamage":0,"source":"NWS Storm Survey","dataSource":"CSV"}},{"type":"Feature","geometry":{"type":"LineString","coordinates":[[-94.9739,45.3009],[-94.9454,45.3008]]},"properties":{"id":"ncei-2023-1105893","eventId":"1105893","episodeId":"181273","year":2023,"month":7,"date":"2023-07-25","beginTime":"2023-07-25T22:01:00","endTime":"2023-07-25T22:03:00","timezone":"CST-6","state":"MN","stateName":"Minnesota","county":"Kandiyohi","countyFips":"67","wfo":"MPX","scale":0,"scaleLabel":"EF0","lengthMiles":1.39,"widthYards":75,"deaths":0,"injuries":0,"propertyDamage":0,"cropDamage":0,"source":"NWS Storm Survey","dataSource":"CSV"}},{"type":"Feature","geometry":{"type":"LineString","coordinates":[[-93.9435,39.4059],[-93.8585,39.41]]},"properties":{"id":"ncei-2023-1106031","eventId":"1106031","episodeId":"181622","year":2023,"month":8,"date":"2023-08-04","beginTime":"2023-08-04T16:57:00","endTime":"2023-08-04T17:11:00","timezone":"CST-6","state":"MO","stateName":"Missouri","county":"Ray","countyFips":"177","wfo":"EAX","scale":0,"scaleLabel":"EF0","lengthMiles":4.55,"widthYards":20,"deaths":0,"injuries":0,"propertyDamage":0,"cropDamage":0,"source":"Storm Chaser","dataSource":"CSV"}},{"type":"Feature","geometry":{"type":"LineString","coordinates":[[-93.3529,39.1972],[-93.3254,39.1907]]},"properties":{"id":"ncei-2023-1106033","eventId":"1106033","episodeId":"181622","year":2023,"month":8,"date":"2023-08-04","beginTime":"2023-08-04T18:17:00","endTime":"2023-08-04T18:20:00","timezone":"CST-6","state":"MO","stateName":"Missouri","county":"Saline","countyFips":"195","wfo":"EAX","scale":0,"scaleLabel":"EF0","lengthMiles":1.54,"widthYards":20,"deaths":0,"injuries":0,"propertyDamage":0,"cropDamage":0,"source":"Storm Chaser","dataSource":"CSV"}},{"type":"Feature","geometry":{"type":"LineString","coordinates":[[-104.73,40.18],[-104.73,40.18]]},"properties":{"id":"ncei-2023-1106776","eventId":"1106776","episodeId":"181743","year":2023,"month":6,"date":"2023-06-06","beginTime":"2023-06-06T16:38:00","endTime":"2023-06-06T16:39:00","timezone":"MST-7","state":"CO","stateName":"Colorado","county":"Weld","countyFips":"123","wfo":"BOU","scale":0,"scaleLabel":"EF0","lengthMiles":0.01,"widthYards":20,"deaths":0,"injuries":0,"propertyDamage":0,"cropDamage":0,"source":"Law Enforcement","dataSource":"CSV"}},{"type":"Feature","geometry":{"type":"LineString","coordinates":[[-103.27,39.2],[-103.27,39.2]]},"properties":{"id":"ncei-2023-1106990","eventId":"1106990","episodeId":"181759","year":2023,"month":6,"date":"2023-06-16","beginTime":"2023-06-16T15:29:00","endTime":"2023-06-16T15:30:00","timezone":"MST-7","state":"CO","stateName":"Colorado","county":"Lincoln","countyFips":"73","wfo":"BOU","scale":0,"scaleLabel":"EF0","lengthMiles":0.01,"widthYards":20,"deaths":0,"injuries":0,"propertyDamage":0,"cropDamage":0,"source":"Storm Chaser","dataSource":"CSV"}},{"type":"Feature","geometry":{"type":"LineString","coordinates":[[-101.8138,35.1871],[-101.8111,35.1845]]},"properties":{"id":"ncei-2023-1107210","eventId":"1107210","episodeId":"181519","year":2023,"month":6,"date":"2023-06-03","beginTime":"2023-06-03T18:50:00","endTime":"2023-06-03T18:51:00","timezone":"CST-6","state":"TX","stateName":"Texas","county":"Potter","countyFips":"375","wfo":"AMA","scale":0,"scaleLabel":"EF0","lengthMiles":0.24,"widthYards":10,"deaths":0,"injuries":0,"propertyDamage":0,"cropDamage":0,"source":"NWS Storm Survey","dataSource":"CSV"}},{"type":"Feature","geometry":{"type":"LineString","coordinates":[[-102.6201,36.5721],[-102.6098,36.5619]]},"properties":{"id":"ncei-2023-1107301","eventId":"1107301","episodeId":"181818","year":2023,"month":6,"date":"2023-06-13","beginTime":"2023-06-13T15:06:00","endTime":"2023-06-13T15:09:00","timezone":"CST-6","state":"OK","stateName":"Oklahoma","county":"Cimarron","countyFips":"25","wfo":"AMA","scale":-1,"scaleLabel":"Unknown","lengthMiles":0.91,"widthYards":35,"deaths":0,"injuries":0,"propertyDamage":0,"cropDamage":0,"source":"Trained Spotter","dataSource":"CSV"}},{"type":"Feature","geometry":{"type":"LineString","coordinates":[[-102.5502,36.5312],[-102.533,36.5079]]},"properties":{"id":"ncei-2023-1107302","eventId":"1107302","episodeId":"181818","year":2023,"month":6,"date":"2023-06-13","beginTime":"2023-06-13T15:19:00","endTime":"2023-06-13T15:22:00","timezone":"CST-6","state":"OK","stateName":"Oklahoma","county":"Cimarron","countyFips":"25","wfo":"AMA","scale":-1,"scaleLabel":"Unknown","lengthMiles":1.87,"widthYards":30,"deaths":0,"injuries":0,"propertyDamage":0,"cropDamage":0,"source":"Trained Spotter","dataSource":"CSV"}},{"type":"Feature","geometry":{"type":"LineString","coordinates":[[-89.4861,36.9357],[-89.4814,36.9342]]},"properties":{"id":"ncei-2023-1107314","eventId":"1107314","episodeId":"181822","year":2023,"month":7,"date":"2023-07-24","beginTime":"2023-07-24T13:10:00","endTime":"2023-07-24T13:12:00","timezone":"CST-6","state":"MO","stateName":"Missouri","county":"Scott","countyFips":"201","wfo":"PAH","scale":2,"scaleLabel":"EF2","lengthMiles":0.28,"widthYards":25,"deaths":0,"injuries":2,"propertyDamage":400000,"cropDamage":0,"source":"NWS Storm Survey","dataSource":"CSV"}},{"type":"Feature","geometry":{"type":"LineString","coordinates":[[-102.4438,36.4595],[-102.4324,36.4423]]},"properties":{"id":"ncei-2023-1107321","eventId":"1107321","episodeId":"181819","year":2023,"month":6,"date":"2023-06-13","beginTime":"2023-06-13T15:50:00","endTime":"2023-06-13T15:53:00","timezone":"CST-6","state":"TX","stateName":"Texas","county":"Dallam","countyFips":"111","wfo":"AMA","scale":-1,"scaleLabel":"Unknown","lengthMiles":1.35,"widthYards":35,"deaths":0,"injuries":0,"propertyDamage":0,"cropDamage":0,"source":"NWS Storm Survey","dataSource":"CSV"}},{"type":"Feature","geometry":{"type":"LineString","coordinates":[[-103.1988,40.7109],[-103.2063,40.7145]]},"properties":{"id":"ncei-2023-1107377","eventId":"1107377","episodeId":"181814","year":2023,"month":6,"date":"2023-06-21","beginTime":"2023-06-21T12:44:00","endTime":"2023-06-21T12:47:00","timezone":"MST-7","state":"CO","stateName":"Colorado","county":"Logan","countyFips":"75","wfo":"BOU","scale":-1,"scaleLabel":"Unknown","lengthMiles":0.46,"widthYards":25,"deaths":0,"injuries":0,"propertyDamage":0,"cropDamage":0,"source":"Trained Spotter","dataSource":"CSV"}},{"type":"Feature","geometry":{"type":"LineString","coordinates":[[-102.9894,40.0657],[-102.9791,40.0712]]},"properties":{"id":"ncei-2023-1107378","eventId":"1107378","episodeId":"181814","year":2023,"month":6,"date":"2023-06-21","beginTime":"2023-06-21T14:05:00","endTime":"2023-06-21T14:10:00","timezone":"MST-7","state":"CO","stateName":"Colorado","county":"Washington","countyFips":"121","wfo":"BOU","scale":-1,"scaleLabel":"Unknown","lengthMiles":0.66,"widthYards":25,"deaths":0,"injuries":0,"propertyDamage":0,"cropDamage":0,"source":"Storm Chaser","dataSource":"CSV"}},{"type":"Feature","geometry":{"type":"LineString","coordinates":[[-103.4272,40.6989],[-103.4535,40.7049]]},"properties":{"id":"ncei-2023-1107465","eventId":"1107465","episodeId":"181814","year":2023,"month":6,"date":"2023-06-21","beginTime":"2023-06-21T14:35:00","endTime":"2023-06-21T14:46:00","timezone":"MST-7","state":"CO","stateName":"Colorado","county":"Logan","countyFips":"75","wfo":"BOU","scale":-1,"scaleLabel":"Unknown","lengthMiles":1.44,"widthYards":25,"deaths":0,"injuries":0,"propertyDamage":0,"cropDamage":0,"source":"Trained Spotter","dataSource":"CSV"}},{"type":"Feature","geometry":{"type":"LineString","coordinates":[[-74.6873,39.9291],[-74.6238,39.9337]]},"properties":{"id":"ncei-2023-1107492","eventId":"1107492","episodeId":"181842","year":2023,"month":6,"date":"2023-06-16","beginTime":"2023-06-16T11:55:00","endTime":"2023-06-16T12:01:00","timezone":"EST-5","state":"NJ","stateName":"New Jersey","county":"Burlington","countyFips":"5","wfo":"PHI","scale":0,"scaleLabel":"EF0","lengthMiles":3.4,"widthYards":200,"deaths":0,"injuries":0,"propertyDamage":0,"cropDamage":0,"source":"NWS Storm Survey","dataSource":"CSV"}},{"type":"Feature","geometry":{"type":"LineString","coordinates":[[-75.9052,40.0273],[-75.872,40.0297]]},"properties":{"id":"ncei-2023-1107500","eventId":"1107500","episodeId":"181843","year":2023,"month":6,"date":"2023-06-16","beginTime":"2023-06-16T10:10:00","endTime":"2023-06-16T10:14:00","timezone":"EST-5","state":"PA","stateName":"Pennsylvania","county":"Chester","countyFips":"29","wfo":"PHI","scale":1,"scaleLabel":"EF1","lengthMiles":1.8,"widthYards":250,"deaths":0,"injuries":0,"propertyDamage":0,"cropDamage":0,"source":"NWS Storm Survey","dataSource":"CSV"}},{"type":"Feature","geometry":{"type":"LineString","coordinates":[[-103.1896,39.9991],[-103.1951,39.9983]]},"properties":{"id":"ncei-2023-1107618","eventId":"1107618","episodeId":"181814","year":2023,"month":6,"date":"2023-06-21","beginTime":"2023-06-21T15:10:00","endTime":"2023-06-21T15:11:00","timezone":"MST-7","state":"CO","stateName":"Colorado","county":"Washington","countyFips":"121","wfo":"BOU","scale":-1,"scaleLabel":"Unknown","lengthMiles":0.3,"widthYards":25,"deaths":0,"injuries":0,"propertyDamage":0,"cropDamage":0,"source":"Trained Spotter","dataSource":"CSV"}},{"type":"Feature","geometry":{"type":"LineString","coordinates":[[-103.194,40.0185],[-103.2032,40.0207]]},"properties":{"id":"ncei-2023-1107620","eventId":"1107620","episodeId":"181814","year":2023,"month":6,"date":"2023-06-21","beginTime":"2023-06-21T15:18:00","endTime":"2023-06-21T15:22:00","timezone":"MST-7","state":"CO","stateName":"Colorado","county":"Washington","countyFips":"121","wfo":"BOU","scale":-1,"scaleLabel":"Unknown","lengthMiles":0.51,"widthYards":25,"deaths":0,"injuries":0,"propertyDamage":0,"cropDamage":0,"source":"Storm Chaser","dataSource":"CSV"}},{"type":"Feature","geometry":{"type":"LineString","coordinates":[[-103.1855,40.0171],[-103.1981,40.0199]]},"properties":{"id":"ncei-2023-1107627","eventId":"1107627","episodeId":"181814","year":2023,"month":6,"date":"2023-06-21","beginTime":"2023-06-21T15:25:00","endTime":"2023-06-21T15:26:00","timezone":"MST-7","state":"CO","stateName":"Colorado","county":"Washington","countyFips":"121","wfo":"BOU","scale":-1,"scaleLabel":"Unknown","lengthMiles":0.69,"widthYards":50,"deaths":0,"injuries":0,"propertyDamage":0,"cropDamage":0,"source":"Storm Chaser","dataSource":"CSV"}},{"type":"Feature","geometry":{"type":"LineString","coordinates":[[-103.1971,40.02],[-103.2015,40.0211]]},"properties":{"id":"ncei-2023-1107644","eventId":"1107644","episodeId":"181814","year":2023,"month":6,"date":"2023-06-21","beginTime":"2023-06-21T15:28:00","endTime":"2023-06-21T15:29:00","timezone":"MST-7","state":"CO","stateName":"Colorado","county":"Washington","countyFips":"121","wfo":"BOU","scale":-1,"scaleLabel":"Unknown","lengthMiles":0.24,"widthYards":50,"deaths":0,"injuries":0,"propertyDamage":0,"cropDamage":0,"source":"Storm Chaser","dataSource":"CSV"}},{"type":"Feature","geometry":{"type":"LineString","coordinates":[[-103.202,40.0216],[-103.2364,40.0267]]},"properties":{"id":"ncei-2023-1107655","eventId":"1107655","episodeId":"181814","year":2023,"month":6,"date":"2023-06-21","beginTime":"2023-06-21T15:28:00","endTime":"2023-06-21T15:35:00","timezone":"MST-7","state":"CO","stateName":"Colorado","county":"Washington","countyFips":"121","wfo":"BOU","scale":2,"scaleLabel":"EF2","lengthMiles":1.85,"widthYards":400,"deaths":0,"injuries":0,"propertyDamage":15000,"cropDamage":0,"source":"Storm Chaser","dataSource":"CSV"}},{"type":"Feature","geometry":{"type":"LineString","coordinates":[[-103.196,40.02],[-103.1995,40.0209]]},"properties":{"id":"ncei-2023-1107666","eventId":"1107666","episodeId":"181814","year":2023,"month":6,"date":"2023-06-21","beginTime":"2023-06-21T15:29:00","endTime":"2023-06-21T15:30:00","timezone":"MST-7","state":"CO","stateName":"Colorado","county":"Washington","countyFips":"121","wfo":"BOU","scale":-1,"scaleLabel":"Unknown","lengthMiles":0.2,"widthYards":25,"deaths":0,"injuries":0,"propertyDamage":0,"cropDamage":0,"source":"Storm Chaser","dataSource":"CSV"}},{"type":"Feature","geometry":{"type":"LineString","coordinates":[[-103.1888,40.0205],[-103.2186,40.0241]]},"properties":{"id":"ncei-2023-1107678","eventId":"1107678","episodeId":"181814","year":2023,"month":6,"date":"2023-06-21","beginTime":"2023-06-21T15:31:00","endTime":"2023-06-21T15:34:00","timezone":"MST-7","state":"CO","stateName":"Colorado","county":"Washington","countyFips":"121","wfo":"BOU","scale":-1,"scaleLabel":"Unknown","lengthMiles":1.6,"widthYards":50,"deaths":0,"injuries":0,"propertyDamage":0,"cropDamage":0,"source":"Trained Spotter","dataSource":"CSV"}},{"type":"Feature","geometry":{"type":"LineString","coordinates":[[-103.2389,40.0292],[-103.2283,40.0279]]},"properties":{"id":"ncei-2023-1107686","eventId":"1107686","episodeId":"181814","year":2023,"month":6,"date":"2023-06-21","beginTime":"2023-06-21T15:36:00","endTime":"2023-06-21T15:37:00","timezone":"MST-7","state":"CO","stateName":"Colorado","county":"Washington","countyFips":"121","wfo":"BOU","scale":-1,"scaleLabel":"Unknown","lengthMiles":0.57,"widthYards":50,"deaths":0,"injuries":0,"propertyDamage":0,"cropDamage":0,"source":"Storm Chaser","dataSource":"CSV"}},{"type":"Feature","geometry":{"type":"LineString","coordinates":[[-103.2387,40.0328],[-103.2195,40.0302]]},"properties":{"id":"ncei-2023-1107701","eventId":"1107701","episodeId":"181814","year":2023,"month":6,"date":"2023-06-21","beginTime":"2023-06-21T15:37:00","endTime":"2023-06-21T15:38:00","timezone":"MST-7","state":"CO","stateName":"Colorado","county":"Washington","countyFips":"121","wfo":"BOU","scale":-1,"scaleLabel":"Unknown","lengthMiles":1.03,"widthYards":200,"deaths":0,"injuries":0,"propertyDamage":0,"cropDamage":0,"source":"Storm Chaser","dataSource":"CSV"}},{"type":"Feature","geometry":{"type":"LineString","coordinates":[[-81.5438,30.7241],[-81.5391,30.7332]]},"properties":{"id":"ncei-2023-1107913","eventId":"1107913","episodeId":"181916","year":2023,"month":7,"date":"2023-07-17","beginTime":"2023-07-17T15:17:00","endTime":"2023-07-17T15:22:00","timezone":"EST-5","state":"GA","stateName":"Georgia","county":"Camden","countyFips":"39","wfo":"JAX","scale":0,"scaleLabel":"EF0","lengthMiles":0.69,"widthYards":10,"deaths":0,"injuries":0,"propertyDamage":0,"cropDamage":0,"source":"Emergency Manager","dataSource":"CSV"}},{"type":"Feature","geometry":{"type":"LineString","coordinates":[[-103.2183,40.0329],[-103.227,40.0342]]},"properties":{"id":"ncei-2023-1107953","eventId":"1107953","episodeId":"181814","year":2023,"month":6,"date":"2023-06-21","beginTime":"2023-06-21T15:39:00","endTime":"2023-06-21T15:40:00","timezone":"MST-7","state":"CO","stateName":"Colorado","county":"Washington","countyFips":"121","wfo":"BOU","scale":-1,"scaleLabel":"Unknown","lengthMiles":0.47,"widthYards":25,"deaths":0,"injuries":0,"propertyDamage":0,"cropDamage":0,"source":"Storm Chaser","dataSource":"CSV"}},{"type":"Feature","geometry":{"type":"LineString","coordinates":[[-103.2269,40.0363],[-103.2163,40.0348]]},"properties":{"id":"ncei-2023-1107954","eventId":"1107954","episodeId":"181814","year":2023,"month":6,"date":"2023-06-21","beginTime":"2023-06-21T15:40:00","endTime":"2023-06-21T15:41:00","timezone":"MST-7","state":"CO","stateName":"Colorado","county":"Washington","countyFips":"121","wfo":"BOU","scale":-1,"scaleLabel":"Unknown","lengthMiles":0.57,"widthYards":25,"deaths":0,"injuries":0,"propertyDamage":0,"cropDamage":0,"source":"Storm Chaser","dataSource":"CSV"}},{"type":"Feature","geometry":{"type":"LineString","coordinates":[[-103.2202,40.0397],[-103.215,40.0388]]},"properties":{"id":"ncei-2023-1107956","eventId":"1107956","episodeId":"181814","year":2023,"month":6,"date":"2023-06-21","beginTime":"2023-06-21T15:42:00","endTime":"2023-06-21T15:43:00","timezone":"MST-7","state":"CO","stateName":"Colorado","county":"Washington","countyFips":"121","wfo":"BOU","scale":-1,"scaleLabel":"Unknown","lengthMiles":0.28,"widthYards":25,"deaths":0,"injuries":0,"propertyDamage":0,"cropDamage":0,"source":"Storm Chaser","dataSource":"CSV"}},{"type":"Feature","geometry":{"type":"LineString","coordinates":[[-103.2456,40.0422],[-103.2277,40.0408]]},"properties":{"id":"ncei-2023-1107958","eventId":"1107958","episodeId":"181814","year":2023,"month":6,"date":"2023-06-21","beginTime":"2023-06-21T15:43:00","endTime":"2023-06-21T15:45:00","timezone":"MST-7","state":"CO","stateName":"Colorado","county":"Washington","countyFips":"121","wfo":"BOU","scale":1,"scaleLabel":"EF1","lengthMiles":0.95,"widthYards":200,"deaths":0,"injuries":0,"propertyDamage":0,"cropDamage":0,"source":"Storm Chaser","dataSource":"CSV"}},{"type":"Feature","geometry":{"type":"LineString","coordinates":[[-103.2202,40.0397],[-103.215,40.0388]]},"properties":{"id":"ncei-2023-1107961","eventId":"1107961","episodeId":"181814","year":2023,"month":6,"date":"2023-06-21","beginTime":"2023-06-21T15:43:00","endTime":"2023-06-21T15:45:00","timezone":"MST-7","state":"CO","stateName":"Colorado","county":"Washington","countyFips":"121","wfo":"BOU","scale":-1,"scaleLabel":"Unknown","lengthMiles":0.28,"widthYards":25,"deaths":0,"injuries":0,"propertyDamage":0,"cropDamage":0,"source":"Storm Chaser","dataSource":"CSV"}},{"type":"Feature","geometry":{"type":"LineString","coordinates":[[-103.24,40.047],[-103.2257,40.0461]]},"properties":{"id":"ncei-2023-1107962","eventId":"1107962","episodeId":"181814","year":2023,"month":6,"date":"2023-06-21","beginTime":"2023-06-21T15:45:00","endTime":"2023-06-21T15:46:00","timezone":"MST-7","state":"CO","stateName":"Colorado","county":"Washington","countyFips":"121","wfo":"BOU","scale":-1,"scaleLabel":"Unknown","lengthMiles":0.76,"widthYards":25,"deaths":0,"injuries":0,"propertyDamage":0,"cropDamage":0,"source":"Storm Chaser","dataSource":"CSV"}},{"type":"Feature","geometry":{"type":"LineString","coordinates":[[-103.2249,40.047],[-103.2181,40.0463]]},"properties":{"id":"ncei-2023-1107981","eventId":"1107981","episodeId":"181814","year":2023,"month":6,"date":"2023-06-21","beginTime":"2023-06-21T15:45:00","endTime":"2023-06-21T15:46:00","timezone":"MST-7","state":"CO","stateName":"Colorado","county":"Washington","countyFips":"121","wfo":"BOU","scale":-1,"scaleLabel":"Unknown","lengthMiles":0.36,"widthYards":50,"deaths":0,"injuries":0,"propertyDamage":0,"cropDamage":0,"source":"Storm Chaser","dataSource":"CSV"}},{"type":"Feature","geometry":{"type":"LineString","coordinates":[[-103.2352,40.0484],[-103.2522,40.0501]]},"properties":{"id":"ncei-2023-1108016","eventId":"1108016","episodeId":"181814","year":2023,"month":6,"date":"2023-06-21","beginTime":"2023-06-21T15:46:00","endTime":"2023-06-21T15:47:00","timezone":"MST-7","state":"CO","stateName":"Colorado","county":"Washington","countyFips":"121","wfo":"BOU","scale":-1,"scaleLabel":"Unknown","lengthMiles":0.91,"widthYards":25,"deaths":0,"injuries":0,"propertyDamage":0,"cropDamage":0,"source":"Storm Chaser","dataSource":"CSV"}},{"type":"Feature","geometry":{"type":"LineString","coordinates":[[-103.2369,40.05],[-103.229,40.0493]]},"properties":{"id":"ncei-2023-1108017","eventId":"1108017","episodeId":"181814","year":2023,"month":6,"date":"2023-06-21","beginTime":"2023-06-21T15:47:00","endTime":"2023-06-21T15:48:00","timezone":"MST-7","state":"CO","stateName":"Colorado","county":"Washington","countyFips":"121","wfo":"BOU","scale":-1,"scaleLabel":"Unknown","lengthMiles":0.42,"widthYards":50,"deaths":0,"injuries":0,"propertyDamage":0,"cropDamage":0,"source":"Storm Chaser","dataSource":"CSV"}},{"type":"Feature","geometry":{"type":"LineString","coordinates":[[-103.2361,40.0531],[-103.2461,40.0543]]},"properties":{"id":"ncei-2023-1108018","eventId":"1108018","episodeId":"181814","year":2023,"month":6,"date":"2023-06-21","beginTime":"2023-06-21T15:48:00","endTime":"2023-06-21T15:49:00","timezone":"MST-7","state":"CO","stateName":"Colorado","county":"Washington","countyFips":"121","wfo":"BOU","scale":-1,"scaleLabel":"Unknown","lengthMiles":0.54,"widthYards":100,"deaths":0,"injuries":0,"propertyDamage":0,"cropDamage":0,"source":"Storm Chaser","dataSource":"CSV"}},{"type":"Feature","geometry":{"type":"LineString","coordinates":[[-103.245,40.055],[-103.2338,40.0538]]},"properties":{"id":"ncei-2023-1108020","eventId":"1108020","episodeId":"181814","year":2023,"month":6,"date":"2023-06-21","beginTime":"2023-06-21T15:49:00","endTime":"2023-06-21T15:50:00","timezone":"MST-7","state":"CO","stateName":"Colorado","county":"Washington","countyFips":"121","wfo":"BOU","scale":-1,"scaleLabel":"Unknown","lengthMiles":0.6,"widthYards":25,"deaths":0,"injuries":0,"propertyDamage":0,"cropDamage":0,"source":"Storm Chaser","dataSource":"CSV"}},{"type":"Feature","geometry":{"type":"LineString","coordinates":[[-103.249,40.058],[-103.235,40.0556]]},"properties":{"id":"ncei-2023-1108023","eventId":"1108023","episodeId":"181814","year":2023,"month":6,"date":"2023-06-21","beginTime":"2023-06-21T15:50:00","endTime":"2023-06-21T15:51:00","timezone":"MST-7","state":"CO","stateName":"Colorado","county":"Washington","countyFips":"121","wfo":"BOU","scale":-1,"scaleLabel":"Unknown","lengthMiles":0.76,"widthYards":25,"deaths":0,"injuries":0,"propertyDamage":0,"cropDamage":0,"source":"Storm Chaser","dataSource":"CSV"}},{"type":"Feature","geometry":{"type":"LineString","coordinates":[[-100.21,32.92],[-100.1922,32.9213]]},"properties":{"id":"ncei-2023-1108050","eventId":"1108050","episodeId":"181926","year":2023,"month":6,"date":"2023-06-17","beginTime":"2023-06-17T17:45:00","endTime":"2023-06-17T17:55:00","timezone":"CST-6","state":"TX","stateName":"Texas","county":"Fisher","countyFips":"151","wfo":"SJT","scale":-1,"scaleLabel":"Unknown","lengthMiles":1.04,"widthYards":50,"deaths":0,"injuries":0,"propertyDamage":0,"cropDamage":0,"source":"Law Enforcement","dataSource":"CSV"}},{"type":"Feature","geometry":{"type":"LineString","coordinates":[[-94.6547,42.7772],[-94.6048,42.7936]]},"properties":{"id":"ncei-2023-1108275","eventId":"1108275","episodeId":"181725","year":2023,"month":6,"date":"2023-06-24","beginTime":"2023-06-24T22:02:00","endTime":"2023-06-24T22:07:00","timezone":"CST-6","state":"IA","stateName":"Iowa","county":"Pocahontas","countyFips":"151","wfo":"DMX","scale":0,"scaleLabel":"EF0","lengthMiles":2.77,"widthYards":80,"deaths":0,"injuries":0,"propertyDamage":10000,"cropDamage":300,"source":"Social Media","dataSource":"CSV"}},{"type":"Feature","geometry":{"type":"LineString","coordinates":[[-95.1291,41.4798],[-95.1019,41.4852]]},"properties":{"id":"ncei-2023-1108464","eventId":"1108464","episodeId":"181954","year":2023,"month":7,"date":"2023-07-12","beginTime":"2023-07-12T05:38:00","endTime":"2023-07-12T05:40:00","timezone":"CST-6","state":"IA","stateName":"Iowa","county":"Cass","countyFips":"29","wfo":"DMX","scale":0,"scaleLabel":"EF0","lengthMiles":1.46,"widthYards":50,"deaths":0,"injuries":0,"propertyDamage":0,"cropDamage":1000,"source":"Official NWS Observations","dataSource":"CSV"}},{"type":"Feature","geometry":{"type":"LineString","coordinates":[[-95.0915,41.4505],[-95.0513,41.446]]},"properties":{"id":"ncei-2023-1108467","eventId":"1108467","episodeId":"181954","year":2023,"month":7,"date":"2023-07-12","beginTime":"2023-07-12T05:39:00","endTime":"2023-07-12T05:42:00","timezone":"CST-6","state":"IA","stateName":"Iowa","county":"Cass","countyFips":"29","wfo":"DMX","scale":0,"scaleLabel":"EF0","lengthMiles":2.1,"widthYards":75,"deaths":0,"injuries":0,"propertyDamage":5000,"cropDamage":1000,"source":"Emergency Manager","dataSource":"CSV"}},{"type":"Feature","geometry":{"type":"LineString","coordinates":[[-93.4096,42.6152],[-93.3547,42.6108]]},"properties":{"id":"ncei-2023-1108468","eventId":"1108468","episodeId":"181956","year":2023,"month":7,"date":"2023-07-28","beginTime":"2023-07-28T16:46:00","endTime":"2023-07-28T16:54:00","timezone":"CST-6","state":"IA","stateName":"Iowa","county":"Franklin","countyFips":"69","wfo":"DMX","scale":1,"scaleLabel":"EF1","lengthMiles":2.81,"widthYards":120,"deaths":0,"injuries":0,"propertyDamage":60000,"cropDamage":1000,"source":"Emergency Manager","dataSource":"CSV"}},{"type":"Feature","geometry":{"type":"LineString","coordinates":[[-93.349,42.6067],[-93.3376,42.5816]]},"properties":{"id":"ncei-2023-1108469","eventId":"1108469","episodeId":"181956","year":2023,"month":7,"date":"2023-07-28","beginTime":"2023-07-28T16:55:00","endTime":"2023-07-28T16:59:00","timezone":"CST-6","state":"IA","stateName":"Iowa","county":"Franklin","countyFips":"69","wfo":"DMX","scale":1,"scaleLabel":"EF1","lengthMiles":1.82,"widthYards":125,"deaths":0,"injuries":0,"propertyDamage":70000,"cropDamage":1500,"source":"Emergency Manager","dataSource":"CSV"}},{"type":"Feature","geometry":{"type":"LineString","coordinates":[[-88.558,42.885],[-88.5421,42.8838]]},"properties":{"id":"ncei-2023-1108813","eventId":"1108813","episodeId":"181988","year":2023,"month":7,"date":"2023-07-28","beginTime":"2023-07-28T21:28:00","endTime":"2023-07-28T21:30:00","timezone":"CST-6","state":"WI","stateName":"Wisconsin","county":"Jefferson","countyFips":"55","wfo":"MKX","scale":1,"scaleLabel":"EF1","lengthMiles":0.81,"widthYards":90,"deaths":0,"injuries":0,"propertyDamage":0,"cropDamage":0,"source":"NWS Storm Survey","dataSource":"CSV"}},{"type":"Feature","geometry":{"type":"LineString","coordinates":[[-88.5421,42.8838],[-88.533,42.883]]},"properties":{"id":"ncei-2023-1108814","eventId":"1108814","episodeId":"181988","year":2023,"month":7,"date":"2023-07-28","beginTime":"2023-07-28T21:30:00","endTime":"2023-07-28T21:31:00","timezone":"CST-6","state":"WI","stateName":"Wisconsin","county":"Waukesha","countyFips":"133","wfo":"MKX","scale":1,"scaleLabel":"EF1","lengthMiles":0.46,"widthYards":90,"deaths":0,"injuries":0,"propertyDamage":0,"cropDamage":0,"source":"NWS Storm Survey","dataSource":"CSV"}},{"type":"Feature","geometry":{"type":"LineString","coordinates":[[-103.2519,40.059],[-103.2282,40.0582]]},"properties":{"id":"ncei-2023-1108815","eventId":"1108815","episodeId":"181814","year":2023,"month":6,"date":"2023-06-21","beginTime":"2023-06-21T15:51:00","endTime":"2023-06-21T15:52:00","timezone":"MST-7","state":"CO","stateName":"Colorado","county":"Washington","countyFips":"121","wfo":"BOU","scale":-1,"scaleLabel":"Unknown","lengthMiles":1.25,"widthYards":25,"deaths":0,"injuries":0,"propertyDamage":0,"cropDamage":0,"source":"Storm Chaser","dataSource":"CSV"}},{"type":"Feature","geometry":{"type":"LineString","coordinates":[[-103.2617,40.0618],[-103.2253,40.0611]]},"properties":{"id":"ncei-2023-1108816","eventId":"1108816","episodeId":"181814","year":2023,"month":6,"date":"2023-06-21","beginTime":"2023-06-21T15:52:00","endTime":"2023-06-21T15:55:00","timezone":"MST-7","state":"CO","stateName":"Colorado","county":"Washington","countyFips":"121","wfo":"BOU","scale":-1,"scaleLabel":"Unknown","lengthMiles":1.93,"widthYards":200,"deaths":0,"injuries":0,"propertyDamage":0,"cropDamage":0,"source":"Storm Chaser","dataSource":"CSV"}},{"type":"Feature","geometry":{"type":"LineString","coordinates":[[-103.2617,40.0618],[-103.2253,40.0611]]},"properties":{"id":"ncei-2023-1108817","eventId":"1108817","episodeId":"181814","year":2023,"month":6,"date":"2023-06-21","beginTime":"2023-06-21T15:52:00","endTime":"2023-06-21T15:55:00","timezone":"MST-7","state":"CO","stateName":"Colorado","county":"Washington","countyFips":"121","wfo":"BOU","scale":-1,"scaleLabel":"Unknown","lengthMiles":1.93,"widthYards":200,"deaths":0,"injuries":0,"propertyDamage":0,"cropDamage":0,"source":"Storm Chaser","dataSource":"CSV"}},{"type":"Feature","geometry":{"type":"LineString","coordinates":[[-103.265,40.061],[-103.2753,40.0615]]},"properties":{"id":"ncei-2023-1108818","eventId":"1108818","episodeId":"181814","year":2023,"month":6,"date":"2023-06-21","beginTime":"2023-06-21T15:53:00","endTime":"2023-06-21T15:56:00","timezone":"MST-7","state":"CO","stateName":"Colorado","county":"Washington","countyFips":"121","wfo":"BOU","scale":-1,"scaleLabel":"Unknown","lengthMiles":0.55,"widthYards":25,"deaths":0,"injuries":0,"propertyDamage":0,"cropDamage":0,"source":"Storm Chaser","dataSource":"CSV"}},{"type":"Feature","geometry":{"type":"LineString","coordinates":[[-103.3313,40.0661],[-103.2495,40.0632]]},"properties":{"id":"ncei-2023-1108819","eventId":"1108819","episodeId":"181814","year":2023,"month":6,"date":"2023-06-21","beginTime":"2023-06-21T15:57:00","endTime":"2023-06-21T16:10:00","timezone":"MST-7","state":"CO","stateName":"Colorado","county":"Washington","countyFips":"121","wfo":"BOU","scale":-1,"scaleLabel":"Unknown","lengthMiles":4.33,"widthYards":50,"deaths":0,"injuries":0,"propertyDamage":0,"cropDamage":0,"source":"Storm Chaser","dataSource":"CSV"}},{"type":"Feature","geometry":{"type":"LineString","coordinates":[[-103.2599,40.075],[-103.2455,40.0756]]},"properties":{"id":"ncei-2023-1108820","eventId":"1108820","episodeId":"181814","year":2023,"month":6,"date":"2023-06-21","beginTime":"2023-06-21T16:15:00","endTime":"2023-06-21T16:19:00","timezone":"MST-7","state":"CO","stateName":"Colorado","county":"Washington","countyFips":"121","wfo":"BOU","scale":-1,"scaleLabel":"Unknown","lengthMiles":0.76,"widthYards":50,"deaths":0,"injuries":0,"propertyDamage":0,"cropDamage":0,"source":"Storm Chaser","dataSource":"CSV"}},{"type":"Feature","geometry":{"type":"LineString","coordinates":[[-103.3588,40.0926],[-103.2735,40.0968]]},"properties":{"id":"ncei-2023-1108821","eventId":"1108821","episodeId":"181814","year":2023,"month":6,"date":"2023-06-21","beginTime":"2023-06-21T16:20:00","endTime":"2023-06-21T16:36:00","timezone":"MST-7","state":"CO","stateName":"Colorado","county":"Washington","countyFips":"121","wfo":"BOU","scale":2,"scaleLabel":"EF2","lengthMiles":4.52,"widthYards":400,"deaths":0,"injuries":0,"propertyDamage":0,"cropDamage":0,"source":"Storm Chaser","dataSource":"CSV"}},{"type":"Feature","geometry":{"type":"LineString","coordinates":[[-103.4509,40.5737],[-103.4496,40.5732]]},"properties":{"id":"ncei-2023-1108822","eventId":"1108822","episodeId":"181814","year":2023,"month":6,"date":"2023-06-21","beginTime":"2023-06-21T16:30:00","endTime":"2023-06-21T16:40:00","timezone":"MST-7","state":"CO","stateName":"Colorado","county":"Washington","countyFips":"121","wfo":"BOU","scale":1,"scaleLabel":"EF1","lengthMiles":0.08,"widthYards":14,"deaths":0,"injuries":0,"propertyDamage":0,"cropDamage":0,"source":"Storm Chaser","dataSource":"CSV"}},{"type":"Feature","geometry":{"type":"LineString","coordinates":[[-103.4327,39.9866],[-103.3637,39.9886]]},"properties":{"id":"ncei-2023-1108823","eventId":"1108823","episodeId":"181814","year":2023,"month":6,"date":"2023-06-21","beginTime":"2023-06-21T16:39:00","endTime":"2023-06-21T16:53:00","timezone":"MST-7","state":"CO","stateName":"Colorado","county":"Washington","countyFips":"121","wfo":"BOU","scale":-1,"scaleLabel":"Unknown","lengthMiles":3.66,"widthYards":25,"deaths":0,"injuries":0,"propertyDamage":0,"cropDamage":0,"source":"Storm Chaser","dataSource":"CSV"}},{"type":"Feature","geometry":{"type":"LineString","coordinates":[[-103.1946,39.8711],[-103.1893,39.8604]]},"properties":{"id":"ncei-2023-1108824","eventId":"1108824","episodeId":"181814","year":2023,"month":6,"date":"2023-06-21","beginTime":"2023-06-21T17:14:00","endTime":"2023-06-21T17:15:00","timezone":"MST-7","state":"CO","stateName":"Colorado","county":"Washington","countyFips":"121","wfo":"BOU","scale":-1,"scaleLabel":"Unknown","lengthMiles":0.79,"widthYards":50,"deaths":0,"injuries":0,"propertyDamage":0,"cropDamage":0,"source":"Storm Chaser","dataSource":"CSV"}},{"type":"Feature","geometry":{"type":"LineString","coordinates":[[-103.2302,39.8654],[-103.3222,39.8555]]},"properties":{"id":"ncei-2023-1108825","eventId":"1108825","episodeId":"181814","year":2023,"month":6,"date":"2023-06-21","beginTime":"2023-06-21T17:16:00","endTime":"2023-06-21T17:22:00","timezone":"MST-7","state":"CO","stateName":"Colorado","county":"Washington","countyFips":"121","wfo":"BOU","scale":2,"scaleLabel":"EF2","lengthMiles":4.93,"widthYards":800,"deaths":0,"injuries":0,"propertyDamage":0,"cropDamage":0,"source":"Storm Chaser","dataSource":"CSV"}},{"type":"Feature","geometry":{"type":"LineString","coordinates":[[-103.2052,39.8321],[-103.2093,39.8323]]},"properties":{"id":"ncei-2023-1108826","eventId":"1108826","episodeId":"181814","year":2023,"month":6,"date":"2023-06-21","beginTime":"2023-06-21T17:35:00","endTime":"2023-06-21T17:40:00","timezone":"MST-7","state":"CO","stateName":"Colorado","county":"Washington","countyFips":"121","wfo":"BOU","scale":-1,"scaleLabel":"Unknown","lengthMiles":0.5,"widthYards":50,"deaths":0,"injuries":0,"propertyDamage":0,"cropDamage":0,"source":"Storm Chaser","dataSource":"CSV"}},{"type":"Feature","geometry":{"type":"LineString","coordinates":[[-103.2477,39.8321],[-103.2384,39.845]]},"properties":{"id":"ncei-2023-1108827","eventId":"1108827","episodeId":"181814","year":2023,"month":6,"date":"2023-06-21","beginTime":"2023-06-21T17:45:00","endTime":"2023-06-21T18:00:00","timezone":"MST-7","state":"CO","stateName":"Colorado","county":"Washington","countyFips":"121","wfo":"BOU","scale":-1,"scaleLabel":"Unknown","lengthMiles":1.02,"widthYards":25,"deaths":0,"injuries":0,"propertyDamage":0,"cropDamage":0,"source":"Storm Chaser","dataSource":"CSV"}},{"type":"Feature","geometry":{"type":"LineString","coordinates":[[-86.8527,35.9341],[-86.8285,35.9159]]},"properties":{"id":"ncei-2023-1108865","eventId":"1108865","episodeId":"181998","year":2023,"month":8,"date":"2023-08-12","beginTime":"2023-08-12T10:47:00","endTime":"2023-08-12T10:50:00","timezone":"CST-6","state":"TN","stateName":"Tennessee","county":"Williamson","countyFips":"187","wfo":"OHX","scale":0,"scaleLabel":"EF0","lengthMiles":1.85,"widthYards":40,"deaths":0,"injuries":0,"propertyDamage":100000,"cropDamage":0,"source":"NWS Storm Survey","dataSource":"CSV"}},{"type":"Feature","geometry":{"type":"LineString","coordinates":[[-119.3324,43.5743],[-119.2898,43.574]]},"properties":{"id":"ncei-2023-1108892","eventId":"1108892","episodeId":"182001","year":2023,"month":6,"date":"2023-06-27","beginTime":"2023-06-27T12:00:00","endTime":"2023-06-27T12:05:00","timezone":"PST-8","state":"OR","stateName":"Oregon","county":"Harney","countyFips":"25","wfo":"BOI","scale":0,"scaleLabel":"EF0","lengthMiles":2.13,"widthYards":50,"deaths":0,"injuries":0,"propertyDamage":0,"cropDamage":0,"source":"Airplane Pilot","dataSource":"CSV"}},{"type":"Feature","geometry":{"type":"LineString","coordinates":[[-72.072,42.248],[-72.054,42.274]]},"properties":{"id":"ncei-2023-1108945","eventId":"1108945","episodeId":"181992","year":2023,"month":7,"date":"2023-07-16","beginTime":"2023-07-16T09:56:00","endTime":"2023-07-16T09:59:00","timezone":"EST-5","state":"MA","stateName":"Massachusetts","county":"Worcester","countyFips":"27","wfo":"BOX","scale":0,"scaleLabel":"EF0","lengthMiles":2.02,"widthYards":250,"deaths":0,"injuries":0,"propertyDamage":7000,"cropDamage":0,"source":"NWS Storm Survey","dataSource":"CSV"}},{"type":"Feature","geometry":{"type":"LineString","coordinates":[[-105.0159,39.5559],[-104.9086,39.5354]]},"properties":{"id":"ncei-2023-1109048","eventId":"1109048","episodeId":"181995","year":2023,"month":6,"date":"2023-06-22","beginTime":"2023-06-22T14:24:00","endTime":"2023-06-22T14:48:00","timezone":"MST-7","state":"CO","stateName":"Colorado","county":"Douglas","countyFips":"35","wfo":"BOU","scale":1,"scaleLabel":"EF1","lengthMiles":6.3,"widthYards":25,"deaths":0,"injuries":0,"propertyDamage":0,"cropDamage":0,"source":"Storm Chaser","dataSource":"CSV"}},{"type":"Feature","geometry":{"type":"LineString","coordinates":[[-103.01,40.78],[-103.01,40.78]]},"properties":{"id":"ncei-2023-1109076","eventId":"1109076","episodeId":"182036","year":2023,"month":6,"date":"2023-06-28","beginTime":"2023-06-28T20:13:00","endTime":"2023-06-28T20:13:00","timezone":"MST-7","state":"CO","stateName":"Colorado","county":"Logan","countyFips":"75","wfo":"BOU","scale":-1,"scaleLabel":"Unknown","lengthMiles":0.01,"widthYards":25,"deaths":0,"injuries":0,"propertyDamage":0,"cropDamage":0,"source":"Social Media","dataSource":"CSV"}},{"type":"Feature","geometry":{"type":"LineString","coordinates":[[-103.01,40.78],[-103.01,40.78]]},"properties":{"id":"ncei-2023-1109085","eventId":"1109085","episodeId":"182036","year":2023,"month":6,"date":"2023-06-28","beginTime":"2023-06-28T19:12:00","endTime":"2023-06-28T19:13:00","timezone":"MST-7","state":"CO","stateName":"Colorado","county":"Logan","countyFips":"75","wfo":"BOU","scale":-1,"scaleLabel":"Unknown","lengthMiles":0.01,"widthYards":25,"deaths":0,"injuries":0,"propertyDamage":0,"cropDamage":0,"source":"Public","dataSource":"CSV"}},{"type":"Feature","geometry":{"type":"LineString","coordinates":[[-104.31,39.55],[-104.31,39.55]]},"properties":{"id":"ncei-2023-1109264","eventId":"1109264","episodeId":"182052","year":2023,"month":6,"date":"2023-06-30","beginTime":"2023-06-30T10:40:00","endTime":"2023-06-30T10:43:00","timezone":"MST-7","state":"CO","stateName":"Colorado","county":"Elbert","countyFips":"39","wfo":"BOU","scale":-1,"scaleLabel":"Unknown","lengthMiles":0.01,"widthYards":25,"deaths":0,"injuries":0,"propertyDamage":0,"cropDamage":0,"source":"Broadcast Media","dataSource":"CSV"}},{"type":"Feature","geometry":{"type":"LineString","coordinates":[[-105.9,39.04],[-105.9,39.04]]},"properties":{"id":"ncei-2023-1109266","eventId":"1109266","episodeId":"182052","year":2023,"month":6,"date":"2023-06-30","beginTime":"2023-06-30T08:00:00","endTime":"2023-06-30T08:01:00","timezone":"MST-7","state":"CO","stateName":"Colorado","county":"Park","countyFips":"93","wfo":"BOU","scale":-1,"scaleLabel":"Unknown","lengthMiles":0.01,"widthYards":25,"deaths":0,"injuries":0,"propertyDamage":0,"cropDamage":0,"source":"Public","dataSource":"CSV"}},{"type":"Feature","geometry":{"type":"LineString","coordinates":[[-101.75,37.67],[-101.75,37.67]]},"properties":{"id":"ncei-2023-1109577","eventId":"1109577","episodeId":"182084","year":2023,"month":6,"date":"2023-06-23","beginTime":"2023-06-23T19:40:00","endTime":"2023-06-23T19:40:00","timezone":"CST-6","state":"KS","stateName":"Kansas","county":"Stanton","countyFips":"187","wfo":"DDC","scale":0,"scaleLabel":"EF0","lengthMiles":0.01,"widthYards":1,"deaths":0,"injuries":0,"propertyDamage":0,"cropDamage":0,"source":"Storm Chaser","dataSource":"CSV"}},{"type":"Feature","geometry":{"type":"LineString","coordinates":[[-101.56,37.64],[-101.56,37.64]]},"properties":{"id":"ncei-2023-1109581","eventId":"1109581","episodeId":"182084","year":2023,"month":6,"date":"2023-06-23","beginTime":"2023-06-23T20:09:00","endTime":"2023-06-23T20:09:00","timezone":"CST-6","state":"KS","stateName":"Kansas","county":"Stanton","countyFips":"187","wfo":"DDC","scale":0,"scaleLabel":"EF0","lengthMiles":0.01,"widthYards":1,"deaths":0,"injuries":0,"propertyDamage":0,"cropDamage":0,"source":"Storm Chaser","dataSource":"CSV"}},{"type":"Feature","geometry":{"type":"LineString","coordinates":[[-101.49,37.62],[-101.49,37.62]]},"properties":{"id":"ncei-2023-1109582","eventId":"1109582","episodeId":"182084","year":2023,"month":6,"date":"2023-06-23","beginTime":"2023-06-23T20:12:00","endTime":"2023-06-23T20:12:00","timezone":"CST-6","state":"KS","stateName":"Kansas","county":"Grant","countyFips":"67","wfo":"DDC","scale":0,"scaleLabel":"EF0","lengthMiles":4.21,"widthYards":1,"deaths":0,"injuries":0,"propertyDamage":0,"cropDamage":0,"source":"Trained Spotter","dataSource":"CSV"}},{"type":"Feature","geometry":{"type":"LineString","coordinates":[[-83.61,40.64],[-83.57,40.63]]},"properties":{"id":"ncei-2023-1109585","eventId":"1109585","episodeId":"182083","year":2023,"month":8,"date":"2023-08-12","beginTime":"2023-08-12T11:46:00","endTime":"2023-08-12T11:52:00","timezone":"EST-5","state":"OH","stateName":"Ohio","county":"Hardin","countyFips":"65","wfo":"ILN","scale":1,"scaleLabel":"EF1","lengthMiles":2.2,"widthYards":200,"deaths":0,"injuries":0,"propertyDamage":250000,"cropDamage":0,"source":"NWS Storm Survey","dataSource":"CSV"}},{"type":"Feature","geometry":{"type":"LineString","coordinates":[[-90.9258,32.2456],[-90.7831,32.2199]]},"properties":{"id":"ncei-2023-1109633","eventId":"1109633","episodeId":"179447","year":2023,"month":6,"date":"2023-06-16","beginTime":"2023-06-16T03:40:00","endTime":"2023-06-16T03:47:00","timezone":"CST-6","state":"MS","stateName":"Mississippi","county":"Warren","countyFips":"149","wfo":"JAN","scale":1,"scaleLabel":"EF1","lengthMiles":8.54,"widthYards":900,"deaths":0,"injuries":0,"propertyDamage":85000,"cropDamage":0,"source":"NWS Storm Survey","dataSource":"CSV"}},{"type":"Feature","geometry":{"type":"LineString","coordinates":[[-80.882,35.532],[-80.753,35.568]]},"properties":{"id":"ncei-2023-1109704","eventId":"1109704","episodeId":"180028","year":2023,"month":4,"date":"2023-04-22","beginTime":"2023-04-22T06:27:00","endTime":"2023-04-22T06:39:00","timezone":"EST-5","state":"NC","stateName":"North Carolina","county":"Iredell","countyFips":"97","wfo":"GSP","scale":0,"scaleLabel":"EF0","lengthMiles":7.67,"widthYards":30,"deaths":0,"injuries":0,"propertyDamage":10000,"cropDamage":0,"source":"NWS Storm Survey","dataSource":"CSV"}},{"type":"Feature","geometry":{"type":"LineString","coordinates":[[-98.167,33.756],[-98.127,33.743]]},"properties":{"id":"ncei-2023-1110082","eventId":"1110082","episodeId":"181326","year":2023,"month":6,"date":"2023-06-15","beginTime":"2023-06-15T19:02:00","endTime":"2023-06-15T19:08:00","timezone":"CST-6","state":"TX","stateName":"Texas","county":"Clay","countyFips":"77","wfo":"OUN","scale":1,"scaleLabel":"EF1","lengthMiles":2.5,"widthYards":100,"deaths":0,"injuries":0,"propertyDamage":8000,"cropDamage":0,"source":"Emergency Manager","dataSource":"CSV"}},{"type":"Feature","geometry":{"type":"LineString","coordinates":[[-95.998,43.9909],[-95.9962,43.9906]]},"properties":{"id":"ncei-2023-1111877","eventId":"1111877","episodeId":"182479","year":2023,"month":6,"date":"2023-06-10","beginTime":"2023-06-10T16:43:00","endTime":"2023-06-10T16:44:00","timezone":"CST-6","state":"MN","stateName":"Minnesota","county":"Murray","countyFips":"101","wfo":"FSD","scale":-1,"scaleLabel":"Unknown","lengthMiles":0.09,"widthYards":10,"deaths":0,"injuries":0,"propertyDamage":0,"cropDamage":0,"source":"Social Media","dataSource":"CSV"}},{"type":"Feature","geometry":{"type":"LineString","coordinates":[[-94.9576,44.0527],[-94.9551,44.0534]]},"properties":{"id":"ncei-2023-1111891","eventId":"1111891","episodeId":"182479","year":2023,"month":6,"date":"2023-06-10","beginTime":"2023-06-10T13:47:00","endTime":"2023-06-10T13:48:00","timezone":"CST-6","state":"MN","stateName":"Minnesota","county":"Cottonwood","countyFips":"33","wfo":"FSD","scale":-1,"scaleLabel":"Unknown","lengthMiles":0.13,"widthYards":10,"deaths":0,"injuries":0,"propertyDamage":0,"cropDamage":0,"source":"Public","dataSource":"CSV"}},{"type":"Feature","geometry":{"type":"LineString","coordinates":[[-84.168,42.418],[-84.129,42.426]]},"properties":{"id":"ncei-2023-1111962","eventId":"1111962","episodeId":"182485","year":2023,"month":7,"date":"2023-07-26","beginTime":"2023-07-26T13:47:00","endTime":"2023-07-26T13:51:00","timezone":"EST-5","state":"MI","stateName":"Michigan","county":"Jackson","countyFips":"75","wfo":"GRR","scale":0,"scaleLabel":"EF0","lengthMiles":2.06,"widthYards":100,"deaths":0,"injuries":0,"propertyDamage":100000,"cropDamage":0,"source":"NWS Storm Survey","dataSource":"CSV"}},{"type":"Feature","geometry":{"type":"LineString","coordinates":[[-84.252,42.415],[-84.225,42.421]]},"properties":{"id":"ncei-2023-1111971","eventId":"1111971","episodeId":"182485","year":2023,"month":7,"date":"2023-07-26","beginTime":"2023-07-26T13:39:00","endTime":"2023-07-26T13:43:00","timezone":"EST-5","state":"MI","stateName":"Michigan","county":"Jackson","countyFips":"75","wfo":"GRR","scale":0,"scaleLabel":"EF0","lengthMiles":1.44,"widthYards":150,"deaths":0,"injuries":0,"propertyDamage":100000,"cropDamage":10000,"source":"NWS Storm Survey","dataSource":"CSV"}},{"type":"Feature","geometry":{"type":"LineString","coordinates":[[-89.0784,33.8572],[-89.0721,33.8459]]},"properties":{"id":"ncei-2023-1112069","eventId":"1112069","episodeId":"182491","year":2023,"month":6,"date":"2023-06-11","beginTime":"2023-06-11T20:34:00","endTime":"2023-06-11T20:36:00","timezone":"CST-6","state":"MS","stateName":"Mississippi","county":"Chickasaw","countyFips":"17","wfo":"MEG","scale":1,"scaleLabel":"EF1","lengthMiles":0.86,"widthYards":100,"deaths":0,"injuries":0,"propertyDamage":50000,"cropDamage":0,"source":"NWS Storm Survey","dataSource":"CSV"}},{"type":"Feature","geometry":{"type":"LineString","coordinates":[[-102.9241,39.3948],[-102.9242,39.3931]]},"properties":{"id":"ncei-2023-1112076","eventId":"1112076","episodeId":"181878","year":2023,"month":6,"date":"2023-06-30","beginTime":"2023-06-30T12:46:00","endTime":"2023-06-30T12:47:00","timezone":"MST-7","state":"CO","stateName":"Colorado","county":"Kit Carson","countyFips":"63","wfo":"GLD","scale":-1,"scaleLabel":"Unknown","lengthMiles":0.12,"widthYards":100,"deaths":0,"injuries":0,"propertyDamage":0,"cropDamage":0,"source":"Storm Chaser","dataSource":"CSV"}},{"type":"Feature","geometry":{"type":"LineString","coordinates":[[-102.6614,39.4099],[-102.6603,39.4097]]},"properties":{"id":"ncei-2023-1112083","eventId":"1112083","episodeId":"181878","year":2023,"month":6,"date":"2023-06-30","beginTime":"2023-06-30T13:19:00","endTime":"2023-06-30T13:22:00","timezone":"MST-7","state":"CO","stateName":"Colorado","county":"Kit Carson","countyFips":"63","wfo":"GLD","scale":-1,"scaleLabel":"Unknown","lengthMiles":0.06,"widthYards":75,"deaths":0,"injuries":0,"propertyDamage":0,"cropDamage":0,"source":"NWS Employee","dataSource":"CSV"}},{"type":"Feature","geometry":{"type":"LineString","coordinates":[[-84.3675,35.8367],[-84.3587,35.835]]},"properties":{"id":"ncei-2023-1112176","eventId":"1112176","episodeId":"182331","year":2023,"month":8,"date":"2023-08-03","beginTime":"2023-08-03T13:21:00","endTime":"2023-08-03T13:22:00","timezone":"EST-5","state":"TN","stateName":"Tennessee","county":"Roane","countyFips":"145","wfo":"MRX","scale":1,"scaleLabel":"EF1","lengthMiles":0.5,"widthYards":200,"deaths":0,"injuries":0,"propertyDamage":0,"cropDamage":0,"source":"NWS Storm Survey","dataSource":"CSV"}},{"type":"Feature","geometry":{"type":"LineString","coordinates":[[-89.002,45.7084],[-88.9706,45.7002]]},"properties":{"id":"ncei-2023-1112180","eventId":"1112180","episodeId":"181756","year":2023,"month":7,"date":"2023-07-27","beginTime":"2023-07-27T18:22:00","endTime":"2023-07-27T18:26:00","timezone":"CST-6","state":"WI","stateName":"Wisconsin","county":"Florence","countyFips":"37","wfo":"GRB","scale":0,"scaleLabel":"EF0","lengthMiles":1.68,"widthYards":90,"deaths":0,"injuries":0,"propertyDamage":0,"cropDamage":0,"source":"NWS Storm Survey","dataSource":"CSV"}},{"type":"Feature","geometry":{"type":"LineString","coordinates":[[-98.07,46.44],[-98.0667,46.4369]]},"properties":{"id":"ncei-2023-1112221","eventId":"1112221","episodeId":"182134","year":2023,"month":7,"date":"2023-07-07","beginTime":"2023-07-07T13:00:00","endTime":"2023-07-07T13:02:00","timezone":"CST-6","state":"ND","stateName":"North Dakota","county":"La Moure","countyFips":"45","wfo":"BIS","scale":-1,"scaleLabel":"Unknown","lengthMiles":0.27,"widthYards":50,"deaths":0,"injuries":0,"propertyDamage":0,"cropDamage":0,"source":"Law Enforcement","dataSource":"CSV"}},{"type":"Feature","geometry":{"type":"LineString","coordinates":[[-99.03,46.25],[-99.0283,46.2479]]},"properties":{"id":"ncei-2023-1112224","eventId":"1112224","episodeId":"182134","year":2023,"month":7,"date":"2023-07-07","beginTime":"2023-07-07T12:30:00","endTime":"2023-07-07T12:31:00","timezone":"CST-6","state":"ND","stateName":"North Dakota","county":"Mcintosh","countyFips":"51","wfo":"BIS","scale":-1,"scaleLabel":"Unknown","lengthMiles":0.17,"widthYards":40,"deaths":0,"injuries":0,"propertyDamage":0,"cropDamage":0,"source":"Public","dataSource":"CSV"}},{"type":"Feature","geometry":{"type":"LineString","coordinates":[[-98.2,46.54],[-98.1966,46.5377]]},"properties":{"id":"ncei-2023-1112227","eventId":"1112227","episodeId":"182134","year":2023,"month":7,"date":"2023-07-07","beginTime":"2023-07-07T12:37:00","endTime":"2023-07-07T12:39:00","timezone":"CST-6","state":"ND","stateName":"North Dakota","county":"La Moure","countyFips":"45","wfo":"BIS","scale":-1,"scaleLabel":"Unknown","lengthMiles":0.23,"widthYards":40,"deaths":0,"injuries":0,"propertyDamage":0,"cropDamage":0,"source":"Public","dataSource":"CSV"}},{"type":"Feature","geometry":{"type":"LineString","coordinates":[[-105.082,43.565],[-104.901,43.603]]},"properties":{"id":"ncei-2023-1112296","eventId":"1112296","episodeId":"180586","year":2023,"month":6,"date":"2023-06-23","beginTime":"2023-06-23T17:45:00","endTime":"2023-06-23T18:20:00","timezone":"MST-7","state":"WY","stateName":"Wyoming","county":"Weston","countyFips":"45","wfo":"UNR","scale":0,"scaleLabel":"EF0","lengthMiles":6,"widthYards":200,"deaths":0,"injuries":0,"propertyDamage":0,"cropDamage":0,"source":"NWS Storm Survey","dataSource":"CSV"}},{"type":"Feature","geometry":{"type":"LineString","coordinates":[[-100.8302,36.4135],[-100.7284,36.3731]]},"properties":{"id":"ncei-2023-1112298","eventId":"1112298","episodeId":"182520","year":2023,"month":6,"date":"2023-06-15","beginTime":"2023-06-15T16:06:00","endTime":"2023-06-15T16:17:00","timezone":"CST-6","state":"TX","stateName":"Texas","county":"Ochiltree","countyFips":"357","wfo":"AMA","scale":3,"scaleLabel":"EF3","lengthMiles":6.31,"widthYards":880,"deaths":3,"injuries":100,"propertyDamage":1000000,"cropDamage":0,"source":"NWS Storm Survey","dataSource":"CSV"}},{"type":"Feature","geometry":{"type":"LineString","coordinates":[[-100.9489,36.1526],[-100.6572,36.237]]},"properties":{"id":"ncei-2023-1112335","eventId":"1112335","episodeId":"182520","year":2023,"month":6,"date":"2023-06-15","beginTime":"2023-06-15T16:02:00","endTime":"2023-06-15T16:35:00","timezone":"CST-6","state":"TX","stateName":"Texas","county":"Ochiltree","countyFips":"357","wfo":"AMA","scale":2,"scaleLabel":"EF2","lengthMiles":17.35,"widthYards":200,"deaths":0,"injuries":0,"propertyDamage":114000,"cropDamage":0,"source":"NWS Storm Survey","dataSource":"CSV"}},{"type":"Feature","geometry":{"type":"LineString","coordinates":[[-100.9046,36.1412],[-100.7034,36.2128]]},"properties":{"id":"ncei-2023-1112340","eventId":"1112340","episodeId":"182520","year":2023,"month":6,"date":"2023-06-15","beginTime":"2023-06-15T16:12:00","endTime":"2023-06-15T16:30:00","timezone":"CST-6","state":"TX","stateName":"Texas","county":"Ochiltree","countyFips":"357","wfo":"AMA","scale":0,"scaleLabel":"EF0","lengthMiles":12.26,"widthYards":50,"deaths":0,"injuries":0,"propertyDamage":0,"cropDamage":0,"source":"NWS Storm Survey","dataSource":"CSV"}},{"type":"Feature","geometry":{"type":"LineString","coordinates":[[-100.23,35.7],[-100.06,35.65]]},"properties":{"id":"ncei-2023-1112492","eventId":"1112492","episodeId":"182543","year":2023,"month":6,"date":"2023-06-22","beginTime":"2023-06-22T14:41:00","endTime":"2023-06-22T14:55:00","timezone":"CST-6","state":"TX","stateName":"Texas","county":"Hemphill","countyFips":"211","wfo":"AMA","scale":1,"scaleLabel":"EF1","lengthMiles":10.3,"widthYards":150,"deaths":0,"injuries":0,"propertyDamage":85000,"cropDamage":0,"source":"NWS Storm Survey","dataSource":"CSV"}},{"type":"Feature","geometry":{"type":"LineString","coordinates":[[-95.763,36.392],[-95.57,36.412]]},"properties":{"id":"ncei-2023-1112554","eventId":"1112554","episodeId":"182299","year":2023,"month":6,"date":"2023-06-17","beginTime":"2023-06-17T23:40:00","endTime":"2023-06-17T23:52:00","timezone":"CST-6","state":"OK","stateName":"Oklahoma","county":"Rogers","countyFips":"131","wfo":"TSA","scale":1,"scaleLabel":"EF1","lengthMiles":10.9,"widthYards":1000,"deaths":0,"injuries":0,"propertyDamage":75000,"cropDamage":0,"source":"NWS Storm Survey","dataSource":"CSV"}},{"type":"Feature","geometry":{"type":"LineString","coordinates":[[-95.565,36.518],[-95.471,36.52]]},"properties":{"id":"ncei-2023-1112562","eventId":"1112562","episodeId":"182299","year":2023,"month":6,"date":"2023-06-17","beginTime":"2023-06-17T23:56:00","endTime":"2023-06-18T00:03:00","timezone":"CST-6","state":"OK","stateName":"Oklahoma","county":"Rogers","countyFips":"131","wfo":"TSA","scale":1,"scaleLabel":"EF1","lengthMiles":5.2,"widthYards":800,"deaths":0,"injuries":0,"propertyDamage":10000,"cropDamage":0,"source":"NWS Storm Survey","dataSource":"CSV"}},{"type":"Feature","geometry":{"type":"LineString","coordinates":[[-95.17,36.391],[-95.103,36.417]]},"properties":{"id":"ncei-2023-1112572","eventId":"1112572","episodeId":"182299","year":2023,"month":6,"date":"2023-06-18","beginTime":"2023-06-18T00:09:00","endTime":"2023-06-18T00:15:00","timezone":"CST-6","state":"OK","stateName":"Oklahoma","county":"Mayes","countyFips":"97","wfo":"TSA","scale":1,"scaleLabel":"EF1","lengthMiles":4.1,"widthYards":300,"deaths":0,"injuries":0,"propertyDamage":0,"cropDamage":0,"source":"NWS Storm Survey","dataSource":"CSV"}},{"type":"Feature","geometry":{"type":"LineString","coordinates":[[-84.51,29.94],[-84.5045,29.9386]]},"properties":{"id":"ncei-2023-1112718","eventId":"1112718","episodeId":"181172","year":2023,"month":6,"date":"2023-06-09","beginTime":"2023-06-09T14:14:00","endTime":"2023-06-09T14:15:00","timezone":"EST-5","state":"FL","stateName":"Florida","county":"Franklin","countyFips":"37","wfo":"TAE","scale":0,"scaleLabel":"EF0","lengthMiles":0.34,"widthYards":50,"deaths":0,"injuries":0,"propertyDamage":0,"cropDamage":0,"source":"Emergency Manager","dataSource":"CSV"}},{"type":"Feature","geometry":{"type":"LineString","coordinates":[[-83.594,30.0829],[-83.574,30.077]]},"properties":{"id":"ncei-2023-1112719","eventId":"1112719","episodeId":"181174","year":2023,"month":6,"date":"2023-06-16","beginTime":"2023-06-16T02:45:00","endTime":"2023-06-16T02:50:00","timezone":"EST-5","state":"FL","stateName":"Florida","county":"Taylor","countyFips":"123","wfo":"TAE","scale":1,"scaleLabel":"EF1","lengthMiles":1.26,"widthYards":80,"deaths":0,"injuries":0,"propertyDamage":50000,"cropDamage":0,"source":"NWS Storm Survey","dataSource":"CSV"}},{"type":"Feature","geometry":{"type":"LineString","coordinates":[[-86.3288,30.3868],[-86.3016,30.3883]]},"properties":{"id":"ncei-2023-1112720","eventId":"1112720","episodeId":"181174","year":2023,"month":6,"date":"2023-06-19","beginTime":"2023-06-19T10:16:00","endTime":"2023-06-19T10:21:00","timezone":"CST-6","state":"FL","stateName":"Florida","county":"Walton","countyFips":"131","wfo":"TAE","scale":1,"scaleLabel":"EF1","lengthMiles":1.62,"widthYards":200,"deaths":0,"injuries":0,"propertyDamage":25000,"cropDamage":0,"source":"NWS Storm Survey","dataSource":"CSV"}},{"type":"Feature","geometry":{"type":"LineString","coordinates":[[-85.2818,31.5692],[-85.2463,31.5757]]},"properties":{"id":"ncei-2023-1112722","eventId":"1112722","episodeId":"181165","year":2023,"month":6,"date":"2023-06-14","beginTime":"2023-06-14T09:40:00","endTime":"2023-06-14T09:55:00","timezone":"CST-6","state":"AL","stateName":"Alabama","county":"Henry","countyFips":"67","wfo":"TAE","scale":1,"scaleLabel":"EF1","lengthMiles":2.14,"widthYards":160,"deaths":0,"injuries":0,"propertyDamage":250000,"cropDamage":0,"source":"NWS Storm Survey","dataSource":"CSV"}},{"type":"Feature","geometry":{"type":"LineString","coordinates":[[-81.6346,32.4125],[-81.6319,32.4141]]},"properties":{"id":"ncei-2023-1112739","eventId":"1112739","episodeId":"182225","year":2023,"month":6,"date":"2023-06-14","beginTime":"2023-06-14T18:08:00","endTime":"2023-06-14T18:09:00","timezone":"EST-5","state":"GA","stateName":"Georgia","county":"Bulloch","countyFips":"31","wfo":"CHS","scale":0,"scaleLabel":"EF0","lengthMiles":0.19,"widthYards":250,"deaths":0,"injuries":0,"propertyDamage":0,"cropDamage":0,"source":"NWS Storm Survey","dataSource":"CSV"}},{"type":"Feature","geometry":{"type":"LineString","coordinates":[[-81.438,32.3572],[-81.3233,32.3259]]},"properties":{"id":"ncei-2023-1112750","eventId":"1112750","episodeId":"182225","year":2023,"month":6,"date":"2023-06-14","beginTime":"2023-06-14T18:27:00","endTime":"2023-06-14T18:35:00","timezone":"EST-5","state":"GA","stateName":"Georgia","county":"Effingham","countyFips":"103","wfo":"CHS","scale":1,"scaleLabel":"EF1","lengthMiles":7.04,"widthYards":280,"deaths":0,"injuries":0,"propertyDamage":0,"cropDamage":0,"source":"NWS Storm Survey","dataSource":"CSV"}},{"type":"Feature","geometry":{"type":"LineString","coordinates":[[-99.86,32.87],[-99.8526,32.8707]]},"properties":{"id":"ncei-2023-1113159","eventId":"1113159","episodeId":"181387","year":2023,"month":6,"date":"2023-06-11","beginTime":"2023-06-11T23:35:00","endTime":"2023-06-11T23:39:00","timezone":"CST-6","state":"TX","stateName":"Texas","county":"Jones","countyFips":"253","wfo":"SJT","scale":-1,"scaleLabel":"Unknown","lengthMiles":0.43,"widthYards":50,"deaths":0,"injuries":0,"propertyDamage":0,"cropDamage":0,"source":"Law Enforcement","dataSource":"CSV"}},{"type":"Feature","geometry":{"type":"LineString","coordinates":[[-83.5003,42.2968],[-83.4723,42.2836]]},"properties":{"id":"ncei-2023-1113226","eventId":"1113226","episodeId":"182589","year":2023,"month":8,"date":"2023-08-24","beginTime":"2023-08-24T21:19:00","endTime":"2023-08-24T21:21:00","timezone":"EST-5","state":"MI","stateName":"Michigan","county":"Wayne","countyFips":"163","wfo":"DTX","scale":0,"scaleLabel":"EF0","lengthMiles":1.7,"widthYards":200,"deaths":0,"injuries":0,"propertyDamage":100000,"cropDamage":0,"source":"NWS Storm Survey","dataSource":"CSV"}},{"type":"Feature","geometry":{"type":"LineString","coordinates":[[-83.5074,42.1983],[-83.4511,42.1856]]},"properties":{"id":"ncei-2023-1113288","eventId":"1113288","episodeId":"182589","year":2023,"month":8,"date":"2023-08-24","beginTime":"2023-08-24T21:23:00","endTime":"2023-08-24T21:26:00","timezone":"EST-5","state":"MI","stateName":"Michigan","county":"Wayne","countyFips":"163","wfo":"DTX","scale":1,"scaleLabel":"EF1","lengthMiles":3.01,"widthYards":200,"deaths":0,"injuries":0,"propertyDamage":60000,"cropDamage":0,"source":"NWS Storm Survey","dataSource":"CSV"}},{"type":"Feature","geometry":{"type":"LineString","coordinates":[[-118.2793,45.9775],[-118.277,45.9775]]},"properties":{"id":"ncei-2023-1113293","eventId":"1113293","episodeId":"182598","year":2023,"month":6,"date":"2023-06-27","beginTime":"2023-06-27T15:40:00","endTime":"2023-06-27T16:05:00","timezone":"PST-8","state":"OR","stateName":"Oregon","county":"Umatilla","countyFips":"59","wfo":"PDT","scale":0,"scaleLabel":"EF0","lengthMiles":0.11,"widthYards":10,"deaths":0,"injuries":0,"propertyDamage":0,"cropDamage":0,"source":"Social Media","dataSource":"CSV"}},{"type":"Feature","geometry":{"type":"LineString","coordinates":[[-84.1477,42.6441],[-84.1219,42.6464]]},"properties":{"id":"ncei-2023-1113316","eventId":"1113316","episodeId":"182589","year":2023,"month":8,"date":"2023-08-24","beginTime":"2023-08-24T20:40:00","endTime":"2023-08-24T20:42:00","timezone":"EST-5","state":"MI","stateName":"Michigan","county":"Livingston","countyFips":"93","wfo":"DTX","scale":1,"scaleLabel":"EF1","lengthMiles":1.32,"widthYards":150,"deaths":0,"injuries":0,"propertyDamage":70000,"cropDamage":0,"source":"NWS Storm Survey","dataSource":"CSV"}},{"type":"Feature","geometry":{"type":"LineString","coordinates":[[-83.3638,42.0086],[-83.2784,41.9775]]},"properties":{"id":"ncei-2023-1113335","eventId":"1113335","episodeId":"182589","year":2023,"month":8,"date":"2023-08-24","beginTime":"2023-08-24T21:38:00","endTime":"2023-08-24T21:43:00","timezone":"EST-5","state":"MI","stateName":"Michigan","county":"Monroe","countyFips":"115","wfo":"DTX","scale":1,"scaleLabel":"EF1","lengthMiles":4.88,"widthYards":200,"deaths":0,"injuries":0,"propertyDamage":1000000,"cropDamage":0,"source":"NWS Storm Survey","dataSource":"CSV"}},{"type":"Feature","geometry":{"type":"LineString","coordinates":[[-83.2098,42.0902],[-83.1851,42.0806]]},"properties":{"id":"ncei-2023-1113390","eventId":"1113390","episodeId":"182589","year":2023,"month":8,"date":"2023-08-24","beginTime":"2023-08-24T21:43:00","endTime":"2023-08-24T21:45:00","timezone":"EST-5","state":"MI","stateName":"Michigan","county":"Wayne","countyFips":"163","wfo":"DTX","scale":1,"scaleLabel":"EF1","lengthMiles":1.43,"widthYards":300,"deaths":0,"injuries":0,"propertyDamage":50000,"cropDamage":0,"source":"NWS Storm Survey","dataSource":"CSV"}},{"type":"Feature","geometry":{"type":"LineString","coordinates":[[-97.5324,44.6371],[-97.5146,44.6396]]},"properties":{"id":"ncei-2023-1113557","eventId":"1113557","episodeId":"182633","year":2023,"month":8,"date":"2023-08-10","beginTime":"2023-08-10T18:47:00","endTime":"2023-08-10T18:49:00","timezone":"CST-6","state":"SD","stateName":"South Dakota","county":"Clark","countyFips":"25","wfo":"ABR","scale":0,"scaleLabel":"EF0","lengthMiles":0.89,"widthYards":90,"deaths":0,"injuries":0,"propertyDamage":0,"cropDamage":0,"source":"Law Enforcement","dataSource":"CSV"}},{"type":"Feature","geometry":{"type":"LineString","coordinates":[[-75.1453,40.7904],[-75.0973,40.8228]]},"properties":{"id":"ncei-2023-1113642","eventId":"1113642","episodeId":"182640","year":2023,"month":6,"date":"2023-06-26","beginTime":"2023-06-26T13:58:00","endTime":"2023-06-26T14:04:00","timezone":"EST-5","state":"PA","stateName":"Pennsylvania","county":"Northampton","countyFips":"95","wfo":"PHI","scale":0,"scaleLabel":"EF0","lengthMiles":3.37,"widthYards":60,"deaths":0,"injuries":0,"propertyDamage":0,"cropDamage":0,"source":"NWS Storm Survey","dataSource":"CSV"}},{"type":"Feature","geometry":{"type":"LineString","coordinates":[[-74.5804,40.7109],[-74.5689,40.7286]]},"properties":{"id":"ncei-2023-1113664","eventId":"1113664","episodeId":"182643","year":2023,"month":6,"date":"2023-06-26","beginTime":"2023-06-26T14:29:00","endTime":"2023-06-26T14:34:00","timezone":"EST-5","state":"NJ","stateName":"New Jersey","county":"Somerset","countyFips":"35","wfo":"PHI","scale":1,"scaleLabel":"EF1","lengthMiles":1.38,"widthYards":475,"deaths":0,"injuries":0,"propertyDamage":0,"cropDamage":0,"source":"NWS Storm Survey","dataSource":"CSV"}},{"type":"Feature","geometry":{"type":"LineString","coordinates":[[-87.9669,31.0131],[-87.8678,30.958]]},"properties":{"id":"ncei-2023-1113726","eventId":"1113726","episodeId":"182654","year":2023,"month":6,"date":"2023-06-16","beginTime":"2023-06-16T07:00:00","endTime":"2023-06-16T07:07:00","timezone":"CST-6","state":"AL","stateName":"Alabama","county":"Mobile","countyFips":"97","wfo":"MOB","scale":1,"scaleLabel":"EF1","lengthMiles":7,"widthYards":30,"deaths":0,"injuries":0,"propertyDamage":0,"cropDamage":0,"source":"NWS Storm Survey","dataSource":"CSV"}},{"type":"Feature","geometry":{"type":"LineString","coordinates":[[-84.9454,31.357],[-84.6349,31.4237]]},"properties":{"id":"ncei-2023-1114008","eventId":"1114008","episodeId":"181177","year":2023,"month":6,"date":"2023-06-14","beginTime":"2023-06-14T13:04:00","endTime":"2023-06-14T13:41:00","timezone":"EST-5","state":"GA","stateName":"Georgia","county":"Early","countyFips":"99","wfo":"TAE","scale":2,"scaleLabel":"EF2","lengthMiles":18.88,"widthYards":700,"deaths":0,"injuries":0,"propertyDamage":250000,"cropDamage":0,"source":"NWS Storm Survey","dataSource":"CSV"}},{"type":"Feature","geometry":{"type":"LineString","coordinates":[[-84.422,31.397],[-84.3613,31.4019]]},"properties":{"id":"ncei-2023-1114013","eventId":"1114013","episodeId":"181177","year":2023,"month":6,"date":"2023-06-14","beginTime":"2023-06-14T13:54:00","endTime":"2023-06-14T14:15:00","timezone":"EST-5","state":"GA","stateName":"Georgia","county":"Baker","countyFips":"7","wfo":"TAE","scale":1,"scaleLabel":"EF1","lengthMiles":3.6,"widthYards":150,"deaths":0,"injuries":0,"propertyDamage":1000,"cropDamage":0,"source":"NWS Storm Survey","dataSource":"CSV"}},{"type":"Feature","geometry":{"type":"LineString","coordinates":[[-83.68,31.74],[-83.6788,31.7407]]},"properties":{"id":"ncei-2023-1114016","eventId":"1114016","episodeId":"181177","year":2023,"month":6,"date":"2023-06-14","beginTime":"2023-06-14T14:45:00","endTime":"2023-06-14T14:46:00","timezone":"EST-5","state":"GA","stateName":"Georgia","county":"Turner","countyFips":"287","wfo":"TAE","scale":0,"scaleLabel":"EF0","lengthMiles":0.09,"widthYards":50,"deaths":0,"injuries":0,"propertyDamage":0,"cropDamage":0,"source":"Trained Spotter","dataSource":"CSV"}},{"type":"Feature","geometry":{"type":"LineString","coordinates":[[-83.14,31.24],[-83.1386,31.2409]]},"properties":{"id":"ncei-2023-1114018","eventId":"1114018","episodeId":"181177","year":2023,"month":6,"date":"2023-06-14","beginTime":"2023-06-14T17:35:00","endTime":"2023-06-14T17:36:00","timezone":"EST-5","state":"GA","stateName":"Georgia","county":"Berrien","countyFips":"19","wfo":"TAE","scale":0,"scaleLabel":"EF0","lengthMiles":0.1,"widthYards":50,"deaths":0,"injuries":0,"propertyDamage":0,"cropDamage":0,"source":"Emergency Manager","dataSource":"CSV"}},{"type":"Feature","geometry":{"type":"LineString","coordinates":[[-84.709,31.7995],[-84.6869,31.7937]]},"properties":{"id":"ncei-2023-1114023","eventId":"1114023","episodeId":"181177","year":2023,"month":6,"date":"2023-06-14","beginTime":"2023-06-14T16:40:00","endTime":"2023-06-14T16:43:00","timezone":"EST-5","state":"GA","stateName":"Georgia","county":"Randolph","countyFips":"243","wfo":"TAE","scale":1,"scaleLabel":"EF1","lengthMiles":1.36,"widthYards":300,"deaths":0,"injuries":0,"propertyDamage":50000,"cropDamage":0,"source":"NWS Storm Survey","dataSource":"CSV"}},{"type":"Feature","geometry":{"type":"LineString","coordinates":[[-84.7104,31.7892],[-84.6567,31.7774]]},"properties":{"id":"ncei-2023-1114024","eventId":"1114024","episodeId":"181177","year":2023,"month":6,"date":"2023-06-14","beginTime":"2023-06-14T16:40:00","endTime":"2023-06-14T16:46:00","timezone":"EST-5","state":"GA","stateName":"Georgia","county":"Randolph","countyFips":"243","wfo":"TAE","scale":1,"scaleLabel":"EF1","lengthMiles":3.26,"widthYards":425,"deaths":0,"injuries":0,"propertyDamage":50000,"cropDamage":0,"source":"NWS Storm Survey","dataSource":"CSV"}},{"type":"Feature","geometry":{"type":"LineString","coordinates":[[-85.0031,31.7663],[-84.9572,31.8014]]},"properties":{"id":"ncei-2023-1114041","eventId":"1114041","episodeId":"181177","year":2023,"month":6,"date":"2023-06-14","beginTime":"2023-06-14T10:37:00","endTime":"2023-06-14T10:44:00","timezone":"EST-5","state":"GA","stateName":"Georgia","county":"Quitman","countyFips":"239","wfo":"TAE","scale":1,"scaleLabel":"EF1","lengthMiles":3.63,"widthYards":50,"deaths":0,"injuries":0,"propertyDamage":0,"cropDamage":0,"source":"NWS Storm Survey","dataSource":"CSV"}},{"type":"Feature","geometry":{"type":"LineString","coordinates":[[-83.897,30.175],[-83.883,30.182]]},"properties":{"id":"ncei-2023-1114042","eventId":"1114042","episodeId":"181174","year":2023,"month":6,"date":"2023-06-16","beginTime":"2023-06-16T00:43:00","endTime":"2023-06-16T00:45:00","timezone":"EST-5","state":"FL","stateName":"Florida","county":"Taylor","countyFips":"123","wfo":"TAE","scale":0,"scaleLabel":"EF0","lengthMiles":0.97,"widthYards":50,"deaths":0,"injuries":0,"propertyDamage":0,"cropDamage":0,"source":"NWS Storm Survey","dataSource":"CSV"}},{"type":"Feature","geometry":{"type":"LineString","coordinates":[[-83.88,30.08],[-83.79,30.15]]},"properties":{"id":"ncei-2023-1114073","eventId":"1114073","episodeId":"181174","year":2023,"month":6,"date":"2023-06-16","beginTime":"2023-06-16T01:20:00","endTime":"2023-06-16T01:44:00","timezone":"EST-5","state":"FL","stateName":"Florida","county":"Taylor","countyFips":"123","wfo":"TAE","scale":0,"scaleLabel":"EF0","lengthMiles":7.23,"widthYards":100,"deaths":0,"injuries":0,"propertyDamage":0,"cropDamage":0,"source":"NWS Storm Survey","dataSource":"CSV"}},{"type":"Feature","geometry":{"type":"LineString","coordinates":[[-84.044,30.126],[-83.94,30.146]]},"properties":{"id":"ncei-2023-1114074","eventId":"1114074","episodeId":"181174","year":2023,"month":6,"date":"2023-06-16","beginTime":"2023-06-16T02:09:00","endTime":"2023-06-16T02:23:00","timezone":"EST-5","state":"FL","stateName":"Florida","county":"Jefferson","countyFips":"65","wfo":"TAE","scale":0,"scaleLabel":"EF0","lengthMiles":6.37,"widthYards":100,"deaths":0,"injuries":0,"propertyDamage":0,"cropDamage":0,"source":"NWS Storm Survey","dataSource":"CSV"}},{"type":"Feature","geometry":{"type":"LineString","coordinates":[[-83.88,30.16],[-83.824,30.17]]},"properties":{"id":"ncei-2023-1114075","eventId":"1114075","episodeId":"181174","year":2023,"month":6,"date":"2023-06-16","beginTime":"2023-06-16T02:30:00","endTime":"2023-06-16T02:41:00","timezone":"EST-5","state":"FL","stateName":"Florida","county":"Taylor","countyFips":"123","wfo":"TAE","scale":0,"scaleLabel":"EF0","lengthMiles":3.42,"widthYards":75,"deaths":0,"injuries":0,"propertyDamage":0,"cropDamage":0,"source":"NWS Storm Survey","dataSource":"CSV"}},{"type":"Feature","geometry":{"type":"LineString","coordinates":[[-87.2725,30.4132],[-87.1722,30.3241]]},"properties":{"id":"ncei-2023-1114139","eventId":"1114139","episodeId":"182690","year":2023,"month":6,"date":"2023-06-15","beginTime":"2023-06-15T19:35:00","endTime":"2023-06-15T20:08:00","timezone":"CST-6","state":"FL","stateName":"Florida","county":"Escambia","countyFips":"33","wfo":"MOB","scale":2,"scaleLabel":"EF2","lengthMiles":8.58,"widthYards":450,"deaths":0,"injuries":0,"propertyDamage":0,"cropDamage":0,"source":"NWS Storm Survey","dataSource":"CSV"}},{"type":"Feature","geometry":{"type":"LineString","coordinates":[[-88.2385,30.4897],[-88.2465,30.5459]]},"properties":{"id":"ncei-2023-1114143","eventId":"1114143","episodeId":"182691","year":2023,"month":6,"date":"2023-06-16","beginTime":"2023-06-16T23:21:00","endTime":"2023-06-16T23:28:00","timezone":"CST-6","state":"AL","stateName":"Alabama","county":"Mobile","countyFips":"97","wfo":"MOB","scale":0,"scaleLabel":"EF0","lengthMiles":3.91,"widthYards":80,"deaths":0,"injuries":0,"propertyDamage":0,"cropDamage":0,"source":"NWS Storm Survey","dataSource":"CSV"}},{"type":"Feature","geometry":{"type":"LineString","coordinates":[[-87.555,30.6037],[-87.5121,30.5979]]},"properties":{"id":"ncei-2023-1114146","eventId":"1114146","episodeId":"182691","year":2023,"month":6,"date":"2023-06-17","beginTime":"2023-06-17T15:30:00","endTime":"2023-06-17T15:47:00","timezone":"CST-6","state":"AL","stateName":"Alabama","county":"Baldwin","countyFips":"3","wfo":"MOB","scale":0,"scaleLabel":"EF0","lengthMiles":3.56,"widthYards":20,"deaths":0,"injuries":0,"propertyDamage":0,"cropDamage":0,"source":"NWS Storm Survey","dataSource":"CSV"}},{"type":"Feature","geometry":{"type":"LineString","coordinates":[[-97.013,41.727],[-97.011,41.724]]},"properties":{"id":"ncei-2023-1114258","eventId":"1114258","episodeId":"182427","year":2023,"month":7,"date":"2023-07-12","beginTime":"2023-07-12T04:14:00","endTime":"2023-07-12T04:15:00","timezone":"CST-6","state":"NE","stateName":"Nebraska","county":"Colfax","countyFips":"37","wfo":"OAX","scale":1,"scaleLabel":"EF1","lengthMiles":0.25,"widthYards":50,"deaths":0,"injuries":0,"propertyDamage":0,"cropDamage":0,"source":"NWS Storm Survey","dataSource":"CSV"}},{"type":"Feature","geometry":{"type":"LineString","coordinates":[[-96.5776,42.0181],[-96.5688,42.014]]},"properties":{"id":"ncei-2023-1114260","eventId":"1114260","episodeId":"182427","year":2023,"month":7,"date":"2023-07-12","beginTime":"2023-07-12T04:20:00","endTime":"2023-07-12T04:22:00","timezone":"CST-6","state":"NE","stateName":"Nebraska","county":"Cuming","countyFips":"39","wfo":"OAX","scale":1,"scaleLabel":"EF1","lengthMiles":0.53,"widthYards":90,"deaths":0,"injuries":0,"propertyDamage":0,"cropDamage":0,"source":"NWS Storm Survey","dataSource":"CSV"}},{"type":"Feature","geometry":{"type":"LineString","coordinates":[[-96.27,41.813],[-96.247,41.812]]},"properties":{"id":"ncei-2023-1114262","eventId":"1114262","episodeId":"182427","year":2023,"month":7,"date":"2023-07-12","beginTime":"2023-07-12T04:37:00","endTime":"2023-07-12T04:38:00","timezone":"CST-6","state":"NE","stateName":"Nebraska","county":"Burt","countyFips":"21","wfo":"OAX","scale":0,"scaleLabel":"EF0","lengthMiles":1.1,"widthYards":15,"deaths":0,"injuries":0,"propertyDamage":0,"cropDamage":0,"source":"NWS Storm Survey","dataSource":"CSV"}},{"type":"Feature","geometry":{"type":"LineString","coordinates":[[-95.776,41.592],[-95.599,41.563]]},"properties":{"id":"ncei-2023-1114265","eventId":"1114265","episodeId":"182436","year":2023,"month":7,"date":"2023-07-12","beginTime":"2023-07-12T05:05:00","endTime":"2023-07-12T05:14:00","timezone":"CST-6","state":"IA","stateName":"Iowa","county":"Harrison","countyFips":"85","wfo":"OAX","scale":2,"scaleLabel":"EF2","lengthMiles":9.4,"widthYards":100,"deaths":0,"injuries":0,"propertyDamage":0,"cropDamage":0,"source":"NWS Storm Survey","dataSource":"CSV"}},{"type":"Feature","geometry":{"type":"LineString","coordinates":[[-95.495,41.669],[-95.485,41.668]]},"properties":{"id":"ncei-2023-1114266","eventId":"1114266","episodeId":"182436","year":2023,"month":7,"date":"2023-07-12","beginTime":"2023-07-12T05:17:00","endTime":"2023-07-12T05:19:00","timezone":"CST-6","state":"IA","stateName":"Iowa","county":"Shelby","countyFips":"165","wfo":"OAX","scale":1,"scaleLabel":"EF1","lengthMiles":0.52,"widthYards":50,"deaths":0,"injuries":0,"propertyDamage":0,"cropDamage":0,"source":"NWS Storm Survey","dataSource":"CSV"}},{"type":"Feature","geometry":{"type":"LineString","coordinates":[[-95.358,41.43],[-95.329,41.428]]},"properties":{"id":"ncei-2023-1114268","eventId":"1114268","episodeId":"182436","year":2023,"month":7,"date":"2023-07-12","beginTime":"2023-07-12T05:28:00","endTime":"2023-07-12T05:30:00","timezone":"CST-6","state":"IA","stateName":"Iowa","county":"Pottawattamie","countyFips":"155","wfo":"OAX","scale":1,"scaleLabel":"EF1","lengthMiles":1.51,"widthYards":40,"deaths":0,"injuries":0,"propertyDamage":0,"cropDamage":0,"source":"NWS Storm Survey","dataSource":"CSV"}},{"type":"Feature","geometry":{"type":"LineString","coordinates":[[-95.29,41.5],[-95.28,41.49]]},"properties":{"id":"ncei-2023-1114269","eventId":"1114269","episodeId":"182436","year":2023,"month":7,"date":"2023-07-12","beginTime":"2023-07-12T05:32:00","endTime":"2023-07-12T05:33:00","timezone":"CST-6","state":"IA","stateName":"Iowa","county":"Pottawattamie","countyFips":"155","wfo":"OAX","scale":0,"scaleLabel":"EF0","lengthMiles":0.92,"widthYards":40,"deaths":0,"injuries":0,"propertyDamage":0,"cropDamage":0,"source":"NWS Storm Survey","dataSource":"CSV"}},{"type":"Feature","geometry":{"type":"LineString","coordinates":[[-96.04,46.98],[-96.0354,46.9947]]},"properties":{"id":"ncei-2023-1114337","eventId":"1114337","episodeId":"182312","year":2023,"month":6,"date":"2023-06-24","beginTime":"2023-06-24T14:18:00","endTime":"2023-06-24T14:26:00","timezone":"CST-6","state":"MN","stateName":"Minnesota","county":"Becker","countyFips":"5","wfo":"FGF","scale":-1,"scaleLabel":"Unknown","lengthMiles":1.04,"widthYards":20,"deaths":0,"injuries":0,"propertyDamage":0,"cropDamage":0,"source":"Public","dataSource":"CSV"}},{"type":"Feature","geometry":{"type":"LineString","coordinates":[[-96.5841,47.2543],[-96.6161,47.2916]]},"properties":{"id":"ncei-2023-1114338","eventId":"1114338","episodeId":"182312","year":2023,"month":6,"date":"2023-06-24","beginTime":"2023-06-24T14:30:00","endTime":"2023-06-24T14:35:00","timezone":"CST-6","state":"MN","stateName":"Minnesota","county":"Norman","countyFips":"107","wfo":"FGF","scale":-1,"scaleLabel":"Unknown","lengthMiles":2.98,"widthYards":20,"deaths":0,"injuries":0,"propertyDamage":0,"cropDamage":0,"source":"Trained Spotter","dataSource":"CSV"}},{"type":"Feature","geometry":{"type":"LineString","coordinates":[[-98.54,34.485],[-98.488,34.45]]},"properties":{"id":"ncei-2023-1114340","eventId":"1114340","episodeId":"181325","year":2023,"month":6,"date":"2023-06-15","beginTime":"2023-06-15T15:58:00","endTime":"2023-06-15T16:02:00","timezone":"CST-6","state":"OK","stateName":"Oklahoma","county":"Comanche","countyFips":"31","wfo":"OUN","scale":0,"scaleLabel":"EF0","lengthMiles":3.8,"widthYards":50,"deaths":0,"injuries":0,"propertyDamage":10000,"cropDamage":0,"source":"NWS Employee","dataSource":"CSV"}},{"type":"Feature","geometry":{"type":"LineString","coordinates":[[-96.61,47.58],[-96.63,47.58]]},"properties":{"id":"ncei-2023-1114341","eventId":"1114341","episodeId":"182312","year":2023,"month":6,"date":"2023-06-24","beginTime":"2023-06-24T15:49:00","endTime":"2023-06-24T15:52:00","timezone":"CST-6","state":"MN","stateName":"Minnesota","county":"Polk","countyFips":"119","wfo":"FGF","scale":-1,"scaleLabel":"Unknown","lengthMiles":0.93,"widthYards":10,"deaths":0,"injuries":0,"propertyDamage":0,"cropDamage":0,"source":"Trained Spotter","dataSource":"CSV"}},{"type":"Feature","geometry":{"type":"LineString","coordinates":[[-96.06,47.19],[-96.0599,47.1944]]},"properties":{"id":"ncei-2023-1114342","eventId":"1114342","episodeId":"182312","year":2023,"month":6,"date":"2023-06-24","beginTime":"2023-06-24T14:52:00","endTime":"2023-06-24T14:54:00","timezone":"CST-6","state":"MN","stateName":"Minnesota","county":"Mahnomen","countyFips":"87","wfo":"FGF","scale":-1,"scaleLabel":"Unknown","lengthMiles":0.3,"widthYards":10,"deaths":0,"injuries":0,"propertyDamage":0,"cropDamage":0,"source":"Trained Spotter","dataSource":"CSV"}},{"type":"Feature","geometry":{"type":"LineString","coordinates":[[-98.402,34.42],[-98.383,34.414]]},"properties":{"id":"ncei-2023-1114343","eventId":"1114343","episodeId":"181325","year":2023,"month":6,"date":"2023-06-15","beginTime":"2023-06-15T16:10:00","endTime":"2023-06-15T16:12:00","timezone":"CST-6","state":"OK","stateName":"Oklahoma","county":"Cotton","countyFips":"33","wfo":"OUN","scale":0,"scaleLabel":"EF0","lengthMiles":1.2,"widthYards":50,"deaths":0,"injuries":0,"propertyDamage":10000,"cropDamage":0,"source":"NWS Storm Survey","dataSource":"CSV"}},{"type":"Feature","geometry":{"type":"LineString","coordinates":[[-96.6,47.41],[-96.63,47.43]]},"properties":{"id":"ncei-2023-1114345","eventId":"1114345","episodeId":"182312","year":2023,"month":6,"date":"2023-06-24","beginTime":"2023-06-24T15:12:00","endTime":"2023-06-24T15:14:00","timezone":"CST-6","state":"MN","stateName":"Minnesota","county":"Norman","countyFips":"107","wfo":"FGF","scale":0,"scaleLabel":"EF0","lengthMiles":1.97,"widthYards":20,"deaths":0,"injuries":0,"propertyDamage":0,"cropDamage":0,"source":"Emergency Manager","dataSource":"CSV"}},{"type":"Feature","geometry":{"type":"LineString","coordinates":[[-96.64,47.55],[-96.65,47.55]]},"properties":{"id":"ncei-2023-1114347","eventId":"1114347","episodeId":"182312","year":2023,"month":6,"date":"2023-06-24","beginTime":"2023-06-24T15:44:00","endTime":"2023-06-24T15:46:00","timezone":"CST-6","state":"MN","stateName":"Minnesota","county":"Polk","countyFips":"119","wfo":"FGF","scale":-1,"scaleLabel":"Unknown","lengthMiles":0.47,"widthYards":10,"deaths":0,"injuries":0,"propertyDamage":0,"cropDamage":0,"source":"Trained Spotter","dataSource":"CSV"}},{"type":"Feature","geometry":{"type":"LineString","coordinates":[[-96.73,47.49],[-96.7571,47.4991]]},"properties":{"id":"ncei-2023-1114348","eventId":"1114348","episodeId":"182312","year":2023,"month":6,"date":"2023-06-24","beginTime":"2023-06-24T15:10:00","endTime":"2023-06-24T15:14:00","timezone":"CST-6","state":"MN","stateName":"Minnesota","county":"Norman","countyFips":"107","wfo":"FGF","scale":-1,"scaleLabel":"Unknown","lengthMiles":1.41,"widthYards":10,"deaths":0,"injuries":0,"propertyDamage":0,"cropDamage":0,"source":"Emergency Manager","dataSource":"CSV"}},{"type":"Feature","geometry":{"type":"LineString","coordinates":[[-96.08,47.13],[-96.0825,47.1368]]},"properties":{"id":"ncei-2023-1114350","eventId":"1114350","episodeId":"182312","year":2023,"month":6,"date":"2023-06-24","beginTime":"2023-06-24T15:34:00","endTime":"2023-06-24T15:36:00","timezone":"CST-6","state":"MN","stateName":"Minnesota","county":"Becker","countyFips":"5","wfo":"FGF","scale":-1,"scaleLabel":"Unknown","lengthMiles":0.49,"widthYards":10,"deaths":0,"injuries":0,"propertyDamage":0,"cropDamage":0,"source":"Trained Spotter","dataSource":"CSV"}},{"type":"Feature","geometry":{"type":"LineString","coordinates":[[-100,36.064],[-99.942,36.049]]},"properties":{"id":"ncei-2023-1114351","eventId":"1114351","episodeId":"181325","year":2023,"month":6,"date":"2023-06-15","beginTime":"2023-06-15T17:31:00","endTime":"2023-06-15T17:35:00","timezone":"CST-6","state":"OK","stateName":"Oklahoma","county":"Ellis","countyFips":"45","wfo":"OUN","scale":1,"scaleLabel":"EF1","lengthMiles":3.5,"widthYards":200,"deaths":0,"injuries":0,"propertyDamage":10000,"cropDamage":0,"source":"NWS Storm Survey","dataSource":"CSV"}},{"type":"Feature","geometry":{"type":"LineString","coordinates":[[-100,36.746],[-99.888,36.72]]},"properties":{"id":"ncei-2023-1114359","eventId":"1114359","episodeId":"181327","year":2023,"month":6,"date":"2023-06-17","beginTime":"2023-06-17T18:43:00","endTime":"2023-06-17T18:50:00","timezone":"CST-6","state":"OK","stateName":"Oklahoma","county":"Harper","countyFips":"59","wfo":"OUN","scale":1,"scaleLabel":"EF1","lengthMiles":7.1,"widthYards":300,"deaths":0,"injuries":0,"propertyDamage":40000,"cropDamage":0,"source":"NWS Storm Survey","dataSource":"CSV"}},{"type":"Feature","geometry":{"type":"LineString","coordinates":[[-95.94,47.25],[-95.94,47.34]]},"properties":{"id":"ncei-2023-1114366","eventId":"1114366","episodeId":"182312","year":2023,"month":6,"date":"2023-06-24","beginTime":"2023-06-24T15:15:00","endTime":"2023-06-24T15:40:00","timezone":"CST-6","state":"MN","stateName":"Minnesota","county":"Mahnomen","countyFips":"87","wfo":"FGF","scale":2,"scaleLabel":"EF2","lengthMiles":6.22,"widthYards":250,"deaths":0,"injuries":0,"propertyDamage":56000,"cropDamage":0,"source":"Trained Spotter","dataSource":"CSV"}},{"type":"Feature","geometry":{"type":"LineString","coordinates":[[-95.9559,47.1563],[-95.9559,47.1598]]},"properties":{"id":"ncei-2023-1114371","eventId":"1114371","episodeId":"182312","year":2023,"month":6,"date":"2023-06-24","beginTime":"2023-06-24T15:00:00","endTime":"2023-06-24T15:03:00","timezone":"CST-6","state":"MN","stateName":"Minnesota","county":"Mahnomen","countyFips":"87","wfo":"FGF","scale":-1,"scaleLabel":"Unknown","lengthMiles":0.24,"widthYards":10,"deaths":0,"injuries":0,"propertyDamage":0,"cropDamage":0,"source":"Public","dataSource":"CSV"}},{"type":"Feature","geometry":{"type":"LineString","coordinates":[[-98.127,34.536],[-98.121,34.54]]},"properties":{"id":"ncei-2023-1114407","eventId":"1114407","episodeId":"181325","year":2023,"month":6,"date":"2023-06-15","beginTime":"2023-06-15T16:11:00","endTime":"2023-06-15T16:13:00","timezone":"CST-6","state":"OK","stateName":"Oklahoma","county":"Stephens","countyFips":"137","wfo":"OUN","scale":-1,"scaleLabel":"Unknown","lengthMiles":0.5,"widthYards":50,"deaths":0,"injuries":0,"propertyDamage":0,"cropDamage":0,"source":"Trained Spotter","dataSource":"CSV"}},{"type":"Feature","geometry":{"type":"LineString","coordinates":[[-97.958,34.416],[-97.946,34.421]]},"properties":{"id":"ncei-2023-1114419","eventId":"1114419","episodeId":"181325","year":2023,"month":6,"date":"2023-06-15","beginTime":"2023-06-15T16:34:00","endTime":"2023-06-15T16:36:00","timezone":"CST-6","state":"OK","stateName":"Oklahoma","county":"Stephens","countyFips":"137","wfo":"OUN","scale":0,"scaleLabel":"EF0","lengthMiles":0.8,"widthYards":200,"deaths":0,"injuries":0,"propertyDamage":0,"cropDamage":0,"source":"Storm Chaser","dataSource":"CSV"}},{"type":"Feature","geometry":{"type":"LineString","coordinates":[[-97.99,34.364],[-97.982,34.364]]},"properties":{"id":"ncei-2023-1114441","eventId":"1114441","episodeId":"181325","year":2023,"month":6,"date":"2023-06-15","beginTime":"2023-06-15T16:37:00","endTime":"2023-06-15T16:38:00","timezone":"CST-6","state":"OK","stateName":"Oklahoma","county":"Stephens","countyFips":"137","wfo":"OUN","scale":1,"scaleLabel":"EF1","lengthMiles":0.5,"widthYards":20,"deaths":0,"injuries":0,"propertyDamage":30000,"cropDamage":0,"source":"Trained Spotter","dataSource":"CSV"}},{"type":"Feature","geometry":{"type":"LineString","coordinates":[[-97.9429,34.1107],[-97.9429,34.1107]]},"properties":{"id":"ncei-2023-1114443","eventId":"1114443","episodeId":"181325","year":2023,"month":6,"date":"2023-06-15","beginTime":"2023-06-15T16:58:00","endTime":"2023-06-15T17:00:00","timezone":"CST-6","state":"OK","stateName":"Oklahoma","county":"Jefferson","countyFips":"67","wfo":"OUN","scale":-1,"scaleLabel":"Unknown","lengthMiles":0.8,"widthYards":50,"deaths":0,"injuries":0,"propertyDamage":0,"cropDamage":0,"source":"Storm Chaser","dataSource":"CSV"}},{"type":"Feature","geometry":{"type":"LineString","coordinates":[[-99.978,35.796],[-99.963,35.803]]},"properties":{"id":"ncei-2023-1114453","eventId":"1114453","episodeId":"181325","year":2023,"month":6,"date":"2023-06-15","beginTime":"2023-06-15T17:47:00","endTime":"2023-06-15T17:50:00","timezone":"CST-6","state":"OK","stateName":"Oklahoma","county":"Roger Mills","countyFips":"129","wfo":"OUN","scale":-1,"scaleLabel":"Unknown","lengthMiles":1,"widthYards":50,"deaths":0,"injuries":0,"propertyDamage":0,"cropDamage":0,"source":"Storm Chaser","dataSource":"CSV"}},{"type":"Feature","geometry":{"type":"LineString","coordinates":[[-97.115,33.95],[-97.108,33.945]]},"properties":{"id":"ncei-2023-1114478","eventId":"1114478","episodeId":"181325","year":2023,"month":6,"date":"2023-06-15","beginTime":"2023-06-15T18:26:00","endTime":"2023-06-15T18:27:00","timezone":"CST-6","state":"OK","stateName":"Oklahoma","county":"Love","countyFips":"85","wfo":"OUN","scale":0,"scaleLabel":"EF0","lengthMiles":0.5,"widthYards":10,"deaths":0,"injuries":0,"propertyDamage":0,"cropDamage":0,"source":"Storm Chaser","dataSource":"CSV"}},{"type":"Feature","geometry":{"type":"LineString","coordinates":[[-110.1916,48.4065],[-110.2355,48.4159]]},"properties":{"id":"ncei-2023-1114600","eventId":"1114600","episodeId":"181511","year":2023,"month":6,"date":"2023-06-10","beginTime":"2023-06-10T13:09:00","endTime":"2023-06-10T13:15:00","timezone":"MST-7","state":"MT","stateName":"Montana","county":"Hill","countyFips":"41","wfo":"TFX","scale":-1,"scaleLabel":"Unknown","lengthMiles":2.11,"widthYards":60,"deaths":0,"injuries":0,"propertyDamage":0,"cropDamage":0,"source":"Broadcast Media","dataSource":"CSV"}},{"type":"Feature","geometry":{"type":"LineString","coordinates":[[-85.3099,41.9527],[-85.2927,41.9554]]},"properties":{"id":"ncei-2023-1114678","eventId":"1114678","episodeId":"182743","year":2023,"month":7,"date":"2023-07-12","beginTime":"2023-07-12T22:09:00","endTime":"2023-07-12T22:11:00","timezone":"EST-5","state":"MI","stateName":"Michigan","county":"St. Joseph","countyFips":"149","wfo":"IWX","scale":1,"scaleLabel":"EF1","lengthMiles":0.9,"widthYards":50,"deaths":0,"injuries":0,"propertyDamage":25000,"cropDamage":0,"source":"NWS Storm Survey","dataSource":"CSV"}},{"type":"Feature","geometry":{"type":"LineString","coordinates":[[-85.2927,41.9554],[-85.2605,41.9659]]},"properties":{"id":"ncei-2023-1114682","eventId":"1114682","episodeId":"182743","year":2023,"month":7,"date":"2023-07-12","beginTime":"2023-07-12T22:11:00","endTime":"2023-07-12T22:14:00","timezone":"EST-5","state":"MI","stateName":"Michigan","county":"Branch","countyFips":"23","wfo":"IWX","scale":1,"scaleLabel":"EF1","lengthMiles":2,"widthYards":50,"deaths":0,"injuries":0,"propertyDamage":25000,"cropDamage":0,"source":"NWS Storm Survey","dataSource":"CSV"}},{"type":"Feature","geometry":{"type":"LineString","coordinates":[[-87.7945,30.6182],[-87.7899,30.6169]]},"properties":{"id":"ncei-2023-1114695","eventId":"1114695","episodeId":"182654","year":2023,"month":6,"date":"2023-06-15","beginTime":"2023-06-15T23:21:00","endTime":"2023-06-15T23:22:00","timezone":"CST-6","state":"AL","stateName":"Alabama","county":"Baldwin","countyFips":"3","wfo":"MOB","scale":0,"scaleLabel":"EF0","lengthMiles":0.29,"widthYards":75,"deaths":0,"injuries":0,"propertyDamage":0,"cropDamage":0,"source":"NWS Storm Survey","dataSource":"CSV"}},{"type":"Feature","geometry":{"type":"LineString","coordinates":[[-87.791,30.341],[-87.7779,30.3202]]},"properties":{"id":"ncei-2023-1114697","eventId":"1114697","episodeId":"182746","year":2023,"month":6,"date":"2023-06-19","beginTime":"2023-06-19T12:00:00","endTime":"2023-06-19T12:09:00","timezone":"CST-6","state":"AL","stateName":"Alabama","county":"Baldwin","countyFips":"3","wfo":"MOB","scale":1,"scaleLabel":"EF1","lengthMiles":1.64,"widthYards":230,"deaths":0,"injuries":0,"propertyDamage":0,"cropDamage":0,"source":"NWS Storm Survey","dataSource":"CSV"}},{"type":"Feature","geometry":{"type":"LineString","coordinates":[[-111.72,42.6424],[-111.72,42.6453]]},"properties":{"id":"ncei-2023-1114698","eventId":"1114698","episodeId":"182745","year":2023,"month":6,"date":"2023-06-23","beginTime":"2023-06-23T11:30:00","endTime":"2023-06-23T11:40:00","timezone":"MST-7","state":"ID","stateName":"Idaho","county":"Caribou","countyFips":"29","wfo":"PIH","scale":0,"scaleLabel":"EF0","lengthMiles":0.2,"widthYards":10,"deaths":0,"injuries":0,"propertyDamage":0,"cropDamage":0,"source":"Public","dataSource":"CSV"}},{"type":"Feature","geometry":{"type":"LineString","coordinates":[[-100.018,36.076],[-100,36.065]]},"properties":{"id":"ncei-2023-1114834","eventId":"1114834","episodeId":"182520","year":2023,"month":6,"date":"2023-06-15","beginTime":"2023-06-15T17:29:00","endTime":"2023-06-15T17:31:00","timezone":"CST-6","state":"TX","stateName":"Texas","county":"Lipscomb","countyFips":"295","wfo":"AMA","scale":0,"scaleLabel":"EF0","lengthMiles":1.26,"widthYards":50,"deaths":0,"injuries":0,"propertyDamage":1000,"cropDamage":0,"source":"NWS Storm Survey","dataSource":"CSV"}},{"type":"Feature","geometry":{"type":"LineString","coordinates":[[-93.552,35.3259],[-93.4689,35.3638]]},"properties":{"id":"ncei-2023-1114967","eventId":"1114967","episodeId":"182431","year":2023,"month":6,"date":"2023-06-18","beginTime":"2023-06-18T00:12:00","endTime":"2023-06-18T00:17:00","timezone":"CST-6","state":"AR","stateName":"Arkansas","county":"Logan","countyFips":"83","wfo":"LZK","scale":2,"scaleLabel":"EF2","lengthMiles":5.4,"widthYards":700,"deaths":0,"injuries":0,"propertyDamage":0,"cropDamage":0,"source":"NWS Storm Survey","dataSource":"CSV"}},{"type":"Feature","geometry":{"type":"LineString","coordinates":[[-92.3054,34.9199],[-92.3031,34.9217]]},"properties":{"id":"ncei-2023-1114968","eventId":"1114968","episodeId":"182432","year":2023,"month":6,"date":"2023-06-25","beginTime":"2023-06-25T16:37:00","endTime":"2023-06-25T16:38:00","timezone":"CST-6","state":"AR","stateName":"Arkansas","county":"Pulaski","countyFips":"119","wfo":"LZK","scale":-1,"scaleLabel":"Unknown","lengthMiles":0.2,"widthYards":50,"deaths":0,"injuries":0,"propertyDamage":0,"cropDamage":0,"source":"Social Media","dataSource":"CSV"}},{"type":"Feature","geometry":{"type":"LineString","coordinates":[[-93.0723,35.4178],[-93.0645,35.4122]]},"properties":{"id":"ncei-2023-1114971","eventId":"1114971","episodeId":"182432","year":2023,"month":6,"date":"2023-06-25","beginTime":"2023-06-25T15:19:00","endTime":"2023-06-25T15:20:00","timezone":"CST-6","state":"AR","stateName":"Arkansas","county":"Pope","countyFips":"115","wfo":"LZK","scale":1,"scaleLabel":"EF1","lengthMiles":0.6,"widthYards":50,"deaths":0,"injuries":0,"propertyDamage":0,"cropDamage":0,"source":"NWS Storm Survey","dataSource":"CSV"}},{"type":"Feature","geometry":{"type":"LineString","coordinates":[[-91.0453,36.2184],[-90.9632,36.1896]]},"properties":{"id":"ncei-2023-1114975","eventId":"1114975","episodeId":"182431","year":2023,"month":6,"date":"2023-06-18","beginTime":"2023-06-18T15:57:00","endTime":"2023-06-18T16:08:00","timezone":"CST-6","state":"AR","stateName":"Arkansas","county":"Randolph","countyFips":"121","wfo":"LZK","scale":1,"scaleLabel":"EF1","lengthMiles":5,"widthYards":300,"deaths":0,"injuries":0,"propertyDamage":0,"cropDamage":0,"source":"NWS Storm Survey","dataSource":"CSV"}},{"type":"Feature","geometry":{"type":"LineString","coordinates":[[-92.5485,35.0855],[-92.5456,35.0863]]},"properties":{"id":"ncei-2023-1114983","eventId":"1114983","episodeId":"182431","year":2023,"month":6,"date":"2023-06-18","beginTime":"2023-06-18T01:12:00","endTime":"2023-06-18T01:13:00","timezone":"CST-6","state":"AR","stateName":"Arkansas","county":"Perry","countyFips":"105","wfo":"LZK","scale":0,"scaleLabel":"EF0","lengthMiles":0.2,"widthYards":60,"deaths":0,"injuries":0,"propertyDamage":0,"cropDamage":0,"source":"NWS Storm Survey","dataSource":"CSV"}},{"type":"Feature","geometry":{"type":"LineString","coordinates":[[-76.648,36.988],[-76.527,36.913]]},"properties":{"id":"ncei-2023-1114994","eventId":"1114994","episodeId":"182687","year":2023,"month":6,"date":"2023-06-16","beginTime":"2023-06-16T15:36:00","endTime":"2023-06-16T15:58:00","timezone":"EST-5","state":"VA","stateName":"Virginia","county":"Isle Of Wight","countyFips":"93","wfo":"AKQ","scale":0,"scaleLabel":"EF0","lengthMiles":8.46,"widthYards":100,"deaths":0,"injuries":0,"propertyDamage":25000,"cropDamage":0,"source":"NWS Storm Survey","dataSource":"CSV"}},{"type":"Feature","geometry":{"type":"LineString","coordinates":[[-94.2162,33.244],[-94.0723,33.1972]]},"properties":{"id":"ncei-2023-1115015","eventId":"1115015","episodeId":"182296","year":2023,"month":6,"date":"2023-06-14","beginTime":"2023-06-14T11:43:00","endTime":"2023-06-14T11:54:00","timezone":"CST-6","state":"TX","stateName":"Texas","county":"Cass","countyFips":"67","wfo":"SHV","scale":2,"scaleLabel":"EF2","lengthMiles":8.92,"widthYards":500,"deaths":0,"injuries":0,"propertyDamage":2000000,"cropDamage":0,"source":"NWS Storm Survey","dataSource":"CSV"}},{"type":"Feature","geometry":{"type":"LineString","coordinates":[[-97.0886,45.9378],[-97.0886,45.9378]]},"properties":{"id":"ncei-2023-1115214","eventId":"1115214","episodeId":"180386","year":2023,"month":6,"date":"2023-06-07","beginTime":"2023-06-07T18:44:00","endTime":"2023-06-07T18:44:00","timezone":"CST-6","state":"ND","stateName":"North Dakota","county":"Richland","countyFips":"77","wfo":"FGF","scale":-1,"scaleLabel":"Unknown","lengthMiles":0.01,"widthYards":10,"deaths":0,"injuries":0,"propertyDamage":0,"cropDamage":0,"source":"Broadcast Media","dataSource":"CSV"}},{"type":"Feature","geometry":{"type":"LineString","coordinates":[[-97.774,34.353],[-97.754,34.34]]},"properties":{"id":"ncei-2023-1115215","eventId":"1115215","episodeId":"181325","year":2023,"month":6,"date":"2023-06-15","beginTime":"2023-06-15T17:03:00","endTime":"2023-06-15T17:05:00","timezone":"CST-6","state":"OK","stateName":"Oklahoma","county":"Stephens","countyFips":"137","wfo":"OUN","scale":1,"scaleLabel":"EF1","lengthMiles":1.5,"widthYards":50,"deaths":0,"injuries":0,"propertyDamage":10000,"cropDamage":0,"source":"Storm Chaser","dataSource":"CSV"}},{"type":"Feature","geometry":{"type":"LineString","coordinates":[[-97.653,34.299],[-97.622,34.289]]},"properties":{"id":"ncei-2023-1115223","eventId":"1115223","episodeId":"181325","year":2023,"month":6,"date":"2023-06-15","beginTime":"2023-06-15T17:16:00","endTime":"2023-06-15T17:21:00","timezone":"CST-6","state":"OK","stateName":"Oklahoma","county":"Stephens","countyFips":"137","wfo":"OUN","scale":2,"scaleLabel":"EF2","lengthMiles":1.9,"widthYards":700,"deaths":0,"injuries":0,"propertyDamage":150000,"cropDamage":0,"source":"NWS Storm Survey","dataSource":"CSV"}},{"type":"Feature","geometry":{"type":"LineString","coordinates":[[-97.622,34.289],[-97.597,34.269]]},"properties":{"id":"ncei-2023-1115225","eventId":"1115225","episodeId":"181325","year":2023,"month":6,"date":"2023-06-15","beginTime":"2023-06-15T17:21:00","endTime":"2023-06-15T17:29:00","timezone":"CST-6","state":"OK","stateName":"Oklahoma","county":"Jefferson","countyFips":"67","wfo":"OUN","scale":1,"scaleLabel":"EF1","lengthMiles":2.2,"widthYards":1000,"deaths":0,"injuries":0,"propertyDamage":100000,"cropDamage":0,"source":"NWS Storm Survey","dataSource":"CSV"}},{"type":"Feature","geometry":{"type":"LineString","coordinates":[[-112.133,46.079],[-112.0964,46.1254]]},"properties":{"id":"ncei-2023-1115297","eventId":"1115297","episodeId":"182807","year":2023,"month":8,"date":"2023-08-06","beginTime":"2023-08-06T14:11:00","endTime":"2023-08-06T14:17:00","timezone":"MST-7","state":"MT","stateName":"Montana","county":"Jefferson","countyFips":"43","wfo":"TFX","scale":-1,"scaleLabel":"Unknown","lengthMiles":3.66,"widthYards":70,"deaths":0,"injuries":0,"propertyDamage":0,"cropDamage":0,"source":"Emergency Manager","dataSource":"CSV"}},{"type":"Feature","geometry":{"type":"LineString","coordinates":[[-94.0744,32.2559],[-94.0428,32.2458]]},"properties":{"id":"ncei-2023-1115312","eventId":"1115312","episodeId":"182375","year":2023,"month":6,"date":"2023-06-16","beginTime":"2023-06-16T00:15:00","endTime":"2023-06-16T00:20:00","timezone":"CST-6","state":"TX","stateName":"Texas","county":"Panola","countyFips":"365","wfo":"SHV","scale":1,"scaleLabel":"EF1","lengthMiles":1.97,"widthYards":844,"deaths":0,"injuries":0,"propertyDamage":50000,"cropDamage":0,"source":"NWS Storm Survey","dataSource":"CSV"}},{"type":"Feature","geometry":{"type":"LineString","coordinates":[[-94.0428,32.2458],[-93.9506,32.2165]]},"properties":{"id":"ncei-2023-1115322","eventId":"1115322","episodeId":"182376","year":2023,"month":6,"date":"2023-06-16","beginTime":"2023-06-16T00:20:00","endTime":"2023-06-16T00:25:00","timezone":"CST-6","state":"LA","stateName":"Louisiana","county":"Caddo","countyFips":"17","wfo":"SHV","scale":1,"scaleLabel":"EF1","lengthMiles":5.76,"widthYards":844,"deaths":0,"injuries":0,"propertyDamage":50000,"cropDamage":0,"source":"NWS Storm Survey","dataSource":"CSV"}},{"type":"Feature","geometry":{"type":"LineString","coordinates":[[-112.411,44.677],[-112.3811,44.6874]]},"properties":{"id":"ncei-2023-1115329","eventId":"1115329","episodeId":"182807","year":2023,"month":8,"date":"2023-08-06","beginTime":"2023-08-06T13:12:00","endTime":"2023-08-06T13:19:00","timezone":"MST-7","state":"MT","stateName":"Montana","county":"Beaverhead","countyFips":"1","wfo":"TFX","scale":0,"scaleLabel":"EF0","lengthMiles":1.64,"widthYards":40,"deaths":0,"injuries":0,"propertyDamage":0,"cropDamage":0,"source":"Public","dataSource":"CSV"}},{"type":"Feature","geometry":{"type":"LineString","coordinates":[[-71.1918,42.0538],[-71.1887,42.0542]]},"properties":{"id":"ncei-2023-1115527","eventId":"1115527","episodeId":"182813","year":2023,"month":7,"date":"2023-07-29","beginTime":"2023-07-29T19:17:00","endTime":"2023-07-29T19:18:00","timezone":"EST-5","state":"MA","stateName":"Massachusetts","county":"Norfolk","countyFips":"21","wfo":"BOX","scale":0,"scaleLabel":"EF0","lengthMiles":0.16,"widthYards":25,"deaths":0,"injuries":0,"propertyDamage":5000,"cropDamage":0,"source":"NWS Storm Survey","dataSource":"CSV"}},{"type":"Feature","geometry":{"type":"LineString","coordinates":[[-92.4481,33.2599],[-92.2809,33.208]]},"properties":{"id":"ncei-2023-1115538","eventId":"1115538","episodeId":"182565","year":2023,"month":6,"date":"2023-06-18","beginTime":"2023-06-18T19:15:00","endTime":"2023-06-18T19:42:00","timezone":"CST-6","state":"AR","stateName":"Arkansas","county":"Union","countyFips":"139","wfo":"SHV","scale":2,"scaleLabel":"EF2","lengthMiles":10.31,"widthYards":1320,"deaths":0,"injuries":0,"propertyDamage":2000000,"cropDamage":0,"source":"NWS Storm Survey","dataSource":"CSV"}},{"type":"Feature","geometry":{"type":"LineString","coordinates":[[-104.45,37.72],[-104.4233,37.7407]]},"properties":{"id":"ncei-2023-1115784","eventId":"1115784","episodeId":"182831","year":2023,"month":6,"date":"2023-06-17","beginTime":"2023-06-17T12:50:00","endTime":"2023-06-17T12:53:00","timezone":"MST-7","state":"CO","stateName":"Colorado","county":"Las Animas","countyFips":"71","wfo":"PUB","scale":0,"scaleLabel":"EF0","lengthMiles":2.04,"widthYards":10,"deaths":0,"injuries":0,"propertyDamage":0,"cropDamage":0,"source":"Public","dataSource":"CSV"}},{"type":"Feature","geometry":{"type":"LineString","coordinates":[[-104.42,38.95],[-104.419,38.9377]]},"properties":{"id":"ncei-2023-1115806","eventId":"1115806","episodeId":"182832","year":2023,"month":6,"date":"2023-06-22","beginTime":"2023-06-22T19:08:00","endTime":"2023-06-22T19:10:00","timezone":"MST-7","state":"CO","stateName":"Colorado","county":"El Paso","countyFips":"41","wfo":"PUB","scale":0,"scaleLabel":"EF0","lengthMiles":0.85,"widthYards":10,"deaths":0,"injuries":0,"propertyDamage":0,"cropDamage":0,"source":"Public","dataSource":"CSV"}},{"type":"Feature","geometry":{"type":"LineString","coordinates":[[-102.38,37.89],[-102.22,37.83]]},"properties":{"id":"ncei-2023-1115820","eventId":"1115820","episodeId":"182832","year":2023,"month":6,"date":"2023-06-23","beginTime":"2023-06-23T16:40:00","endTime":"2023-06-23T17:22:00","timezone":"MST-7","state":"CO","stateName":"Colorado","county":"Prowers","countyFips":"99","wfo":"PUB","scale":3,"scaleLabel":"EF3","lengthMiles":13.12,"widthYards":320,"deaths":0,"injuries":0,"propertyDamage":0,"cropDamage":0,"source":"Law Enforcement","dataSource":"CSV"}},{"type":"Feature","geometry":{"type":"LineString","coordinates":[[-102.33,37.03],[-102.1775,37.0209]]},"properties":{"id":"ncei-2023-1115822","eventId":"1115822","episodeId":"182832","year":2023,"month":6,"date":"2023-06-23","beginTime":"2023-06-23T17:33:00","endTime":"2023-06-23T17:56:00","timezone":"MST-7","state":"CO","stateName":"Colorado","county":"Baca","countyFips":"9","wfo":"PUB","scale":1,"scaleLabel":"EF1","lengthMiles":8.43,"widthYards":100,"deaths":0,"injuries":0,"propertyDamage":0,"cropDamage":0,"source":"Emergency Manager","dataSource":"CSV"}},{"type":"Feature","geometry":{"type":"LineString","coordinates":[[-104.15,37.27],[-104.1175,37.2855]]},"properties":{"id":"ncei-2023-1115827","eventId":"1115827","episodeId":"182833","year":2023,"month":6,"date":"2023-06-30","beginTime":"2023-06-30T13:45:00","endTime":"2023-06-30T13:48:00","timezone":"MST-7","state":"CO","stateName":"Colorado","county":"Las Animas","countyFips":"71","wfo":"PUB","scale":-1,"scaleLabel":"Unknown","lengthMiles":2.08,"widthYards":10,"deaths":0,"injuries":0,"propertyDamage":0,"cropDamage":0,"source":"Storm Chaser","dataSource":"CSV"}},{"type":"Feature","geometry":{"type":"LineString","coordinates":[[-102.06,29.92],[-102.061,29.92]]},"properties":{"id":"ncei-2023-1115864","eventId":"1115864","episodeId":"182153","year":2023,"month":6,"date":"2023-06-02","beginTime":"2023-06-02T18:06:00","endTime":"2023-06-02T18:07:00","timezone":"CST-6","state":"TX","stateName":"Texas","county":"Terrell","countyFips":"443","wfo":"MAF","scale":0,"scaleLabel":"EF0","lengthMiles":0.06,"widthYards":1,"deaths":0,"injuries":0,"propertyDamage":0,"cropDamage":0,"source":"Storm Chaser","dataSource":"CSV"}},{"type":"Feature","geometry":{"type":"LineString","coordinates":[[-102.996,32.666],[-102.992,32.666]]},"properties":{"id":"ncei-2023-1115867","eventId":"1115867","episodeId":"182153","year":2023,"month":6,"date":"2023-06-02","beginTime":"2023-06-02T12:29:00","endTime":"2023-06-02T12:30:00","timezone":"CST-6","state":"TX","stateName":"Texas","county":"Gaines","countyFips":"165","wfo":"MAF","scale":-1,"scaleLabel":"Unknown","lengthMiles":0.25,"widthYards":50,"deaths":0,"injuries":0,"propertyDamage":0,"cropDamage":0,"source":"NWS Storm Survey","dataSource":"CSV"}},{"type":"Feature","geometry":{"type":"LineString","coordinates":[[-102.66,30.87],[-102.63,30.85]]},"properties":{"id":"ncei-2023-1115876","eventId":"1115876","episodeId":"182153","year":2023,"month":6,"date":"2023-06-02","beginTime":"2023-06-02T12:57:00","endTime":"2023-06-02T13:15:00","timezone":"CST-6","state":"TX","stateName":"Texas","county":"Pecos","countyFips":"371","wfo":"MAF","scale":1,"scaleLabel":"EF1","lengthMiles":2.25,"widthYards":125,"deaths":0,"injuries":0,"propertyDamage":0,"cropDamage":0,"source":"NWS Storm Survey","dataSource":"CSV"}},{"type":"Feature","geometry":{"type":"LineString","coordinates":[[-102.28,30.63],[-101.939,30.589]]},"properties":{"id":"ncei-2023-1115888","eventId":"1115888","episodeId":"182153","year":2023,"month":6,"date":"2023-06-02","beginTime":"2023-06-02T14:41:00","endTime":"2023-06-02T15:23:00","timezone":"CST-6","state":"TX","stateName":"Texas","county":"Pecos","countyFips":"371","wfo":"MAF","scale":-1,"scaleLabel":"Unknown","lengthMiles":20.5,"widthYards":25,"deaths":0,"injuries":0,"propertyDamage":0,"cropDamage":0,"source":"NWS Storm Survey","dataSource":"CSV"}},{"type":"Feature","geometry":{"type":"LineString","coordinates":[[-102.82,30.95],[-102.748,30.925]]},"properties":{"id":"ncei-2023-1115892","eventId":"1115892","episodeId":"182153","year":2023,"month":6,"date":"2023-06-02","beginTime":"2023-06-02T12:29:00","endTime":"2023-06-02T12:39:00","timezone":"CST-6","state":"TX","stateName":"Texas","county":"Pecos","countyFips":"371","wfo":"MAF","scale":-1,"scaleLabel":"Unknown","lengthMiles":4.41,"widthYards":25,"deaths":0,"injuries":0,"propertyDamage":0,"cropDamage":0,"source":"NWS Storm Survey","dataSource":"CSV"}},{"type":"Feature","geometry":{"type":"LineString","coordinates":[[-102.14,29.96],[-101.839,29.793]]},"properties":{"id":"ncei-2023-1115908","eventId":"1115908","episodeId":"182153","year":2023,"month":6,"date":"2023-06-02","beginTime":"2023-06-02T17:45:00","endTime":"2023-06-02T18:34:00","timezone":"CST-6","state":"TX","stateName":"Texas","county":"Terrell","countyFips":"443","wfo":"MAF","scale":-1,"scaleLabel":"Unknown","lengthMiles":21.2,"widthYards":200,"deaths":0,"injuries":0,"propertyDamage":0,"cropDamage":0,"source":"NWS Storm Survey","dataSource":"CSV"}},{"type":"Feature","geometry":{"type":"LineString","coordinates":[[-88.57,30.42],[-88.53,30.4]]},"properties":{"id":"ncei-2023-1116173","eventId":"1116173","episodeId":"182408","year":2023,"month":6,"date":"2023-06-19","beginTime":"2023-06-19T13:48:00","endTime":"2023-06-19T13:57:00","timezone":"CST-6","state":"MS","stateName":"Mississippi","county":"Jackson","countyFips":"59","wfo":"LIX","scale":2,"scaleLabel":"EF2","lengthMiles":2.35,"widthYards":300,"deaths":0,"injuries":6,"propertyDamage":773000,"cropDamage":0,"source":"NWS Storm Survey","dataSource":"CSV"}},{"type":"Feature","geometry":{"type":"LineString","coordinates":[[-83.5426,41.7296],[-83.4767,41.7046]]},"properties":{"id":"ncei-2023-1116551","eventId":"1116551","episodeId":"179849","year":2023,"month":6,"date":"2023-06-15","beginTime":"2023-06-15T17:06:00","endTime":"2023-06-15T17:11:00","timezone":"EST-5","state":"OH","stateName":"Ohio","county":"Lucas","countyFips":"95","wfo":"CLE","scale":2,"scaleLabel":"EF2","lengthMiles":3.81,"widthYards":300,"deaths":0,"injuries":0,"propertyDamage":176000,"cropDamage":0,"source":"NWS Storm Survey","dataSource":"CSV"}},{"type":"Feature","geometry":{"type":"LineString","coordinates":[[-83.359,41.6864],[-83.3547,41.685]]},"properties":{"id":"ncei-2023-1116589","eventId":"1116589","episodeId":"179849","year":2023,"month":6,"date":"2023-06-15","beginTime":"2023-06-15T17:28:00","endTime":"2023-06-15T17:29:00","timezone":"EST-5","state":"OH","stateName":"Ohio","county":"Lucas","countyFips":"95","wfo":"CLE","scale":0,"scaleLabel":"EF0","lengthMiles":0.24,"widthYards":50,"deaths":0,"injuries":0,"propertyDamage":5000,"cropDamage":0,"source":"NWS Storm Survey","dataSource":"CSV"}},{"type":"Feature","geometry":{"type":"LineString","coordinates":[[-102.84,41.7],[-102.84,41.7]]},"properties":{"id":"ncei-2023-1116966","eventId":"1116966","episodeId":"181787","year":2023,"month":8,"date":"2023-08-08","beginTime":"2023-08-08T15:50:00","endTime":"2023-08-08T15:50:00","timezone":"MST-7","state":"NE","stateName":"Nebraska","county":"Morrill","countyFips":"123","wfo":"CYS","scale":-1,"scaleLabel":"Unknown","lengthMiles":0.05,"widthYards":25,"deaths":0,"injuries":0,"propertyDamage":0,"cropDamage":0,"source":"Public","dataSource":"CSV"}},{"type":"Feature","geometry":{"type":"LineString","coordinates":[[-89.4677,37.6556],[-89.4616,37.661]]},"properties":{"id":"ncei-2023-1117005","eventId":"1117005","episodeId":"182284","year":2023,"month":8,"date":"2023-08-05","beginTime":"2023-08-05T16:15:00","endTime":"2023-08-05T16:16:00","timezone":"CST-6","state":"IL","stateName":"Illinois","county":"Jackson","countyFips":"77","wfo":"PAH","scale":0,"scaleLabel":"EF0","lengthMiles":0.5,"widthYards":25,"deaths":0,"injuries":0,"propertyDamage":0,"cropDamage":0,"source":"Emergency Manager","dataSource":"CSV"}},{"type":"Feature","geometry":{"type":"LineString","coordinates":[[-89.4131,41.6226],[-89.4073,41.6216]]},"properties":{"id":"ncei-2023-1117140","eventId":"1117140","episodeId":"182499","year":2023,"month":8,"date":"2023-08-14","beginTime":"2023-08-14T15:22:00","endTime":"2023-08-14T15:23:00","timezone":"CST-6","state":"IL","stateName":"Illinois","county":"Lee","countyFips":"103","wfo":"LOT","scale":-1,"scaleLabel":"Unknown","lengthMiles":0.3,"widthYards":10,"deaths":0,"injuries":0,"propertyDamage":0,"cropDamage":0,"source":"Trained Spotter","dataSource":"CSV"}},{"type":"Feature","geometry":{"type":"LineString","coordinates":[[-97.8657,40.6125],[-97.8432,40.597]]},"properties":{"id":"ncei-2023-1117235","eventId":"1117235","episodeId":"182277","year":2023,"month":7,"date":"2023-07-29","beginTime":"2023-07-29T05:53:00","endTime":"2023-07-29T05:56:00","timezone":"CST-6","state":"NE","stateName":"Nebraska","county":"Clay","countyFips":"35","wfo":"GID","scale":1,"scaleLabel":"EF1","lengthMiles":1.59,"widthYards":260,"deaths":0,"injuries":0,"propertyDamage":750000,"cropDamage":0,"source":"NWS Storm Survey","dataSource":"CSV"}},{"type":"Feature","geometry":{"type":"LineString","coordinates":[[-86.5016,34.6763],[-86.3944,34.623]]},"properties":{"id":"ncei-2023-1117318","eventId":"1117318","episodeId":"182969","year":2023,"month":7,"date":"2023-07-21","beginTime":"2023-07-21T16:26:00","endTime":"2023-07-21T16:37:00","timezone":"CST-6","state":"AL","stateName":"Alabama","county":"Madison","countyFips":"89","wfo":"HUN","scale":1,"scaleLabel":"EF1","lengthMiles":7.1,"widthYards":50,"deaths":0,"injuries":0,"propertyDamage":0,"cropDamage":0,"source":"NWS Storm Survey","dataSource":"CSV"}},{"type":"Feature","geometry":{"type":"LineString","coordinates":[[-86.71,34.81],[-86.68,34.79]]},"properties":{"id":"ncei-2023-1117346","eventId":"1117346","episodeId":"182926","year":2023,"month":7,"date":"2023-07-18","beginTime":"2023-07-18T16:14:00","endTime":"2023-07-18T16:18:00","timezone":"CST-6","state":"AL","stateName":"Alabama","county":"Madison","countyFips":"89","wfo":"HUN","scale":0,"scaleLabel":"EF0","lengthMiles":2.4,"widthYards":100,"deaths":0,"injuries":0,"propertyDamage":0,"cropDamage":0,"source":"NWS Storm Survey","dataSource":"CSV"}},{"type":"Feature","geometry":{"type":"LineString","coordinates":[[-87.2416,34.7805],[-87.1211,34.7365]]},"properties":{"id":"ncei-2023-1117355","eventId":"1117355","episodeId":"181852","year":2023,"month":8,"date":"2023-08-10","beginTime":"2023-08-10T01:21:00","endTime":"2023-08-10T01:28:00","timezone":"CST-6","state":"AL","stateName":"Alabama","county":"Limestone","countyFips":"83","wfo":"HUN","scale":0,"scaleLabel":"EF0","lengthMiles":7.65,"widthYards":225,"deaths":0,"injuries":0,"propertyDamage":0,"cropDamage":0,"source":"NWS Storm Survey","dataSource":"CSV"}},{"type":"Feature","geometry":{"type":"LineString","coordinates":[[-82.601,43.35],[-82.529,43.3315]]},"properties":{"id":"ncei-2023-1117365","eventId":"1117365","episodeId":"182881","year":2023,"month":7,"date":"2023-07-14","beginTime":"2023-07-14T14:24:00","endTime":"2023-07-14T14:35:00","timezone":"EST-5","state":"MI","stateName":"Michigan","county":"Sanilac","countyFips":"151","wfo":"DTX","scale":0,"scaleLabel":"EF0","lengthMiles":3.84,"widthYards":475,"deaths":0,"injuries":0,"propertyDamage":0,"cropDamage":0,"source":"NWS Storm Survey","dataSource":"CSV"}},{"type":"Feature","geometry":{"type":"LineString","coordinates":[[-123.0673,44.3005],[-123.0579,44.3032]]},"properties":{"id":"ncei-2023-1117368","eventId":"1117368","episodeId":"182623","year":2023,"month":6,"date":"2023-06-18","beginTime":"2023-06-18T12:30:00","endTime":"2023-06-18T12:32:00","timezone":"PST-8","state":"OR","stateName":"Oregon","county":"Linn","countyFips":"43","wfo":"PQR","scale":0,"scaleLabel":"EF0","lengthMiles":0.3,"widthYards":150,"deaths":0,"injuries":0,"propertyDamage":0,"cropDamage":0,"source":"Airplane Pilot","dataSource":"CSV"}},{"type":"Feature","geometry":{"type":"LineString","coordinates":[[-89.1967,36.5677],[-89.175,36.5629]]},"properties":{"id":"ncei-2023-1117642","eventId":"1117642","episodeId":"183015","year":2023,"month":8,"date":"2023-08-12","beginTime":"2023-08-12T07:56:00","endTime":"2023-08-12T07:58:00","timezone":"CST-6","state":"KY","stateName":"Kentucky","county":"Fulton","countyFips":"75","wfo":"PAH","scale":1,"scaleLabel":"EF1","lengthMiles":1.25,"widthYards":350,"deaths":0,"injuries":0,"propertyDamage":60000,"cropDamage":0,"source":"NWS Storm Survey","dataSource":"CSV"}},{"type":"Feature","geometry":{"type":"LineString","coordinates":[[-88.8729,36.5562],[-88.8448,36.584]]},"properties":{"id":"ncei-2023-1117643","eventId":"1117643","episodeId":"183015","year":2023,"month":8,"date":"2023-08-12","beginTime":"2023-08-12T08:13:00","endTime":"2023-08-12T08:16:00","timezone":"CST-6","state":"KY","stateName":"Kentucky","county":"Hickman","countyFips":"105","wfo":"PAH","scale":1,"scaleLabel":"EF1","lengthMiles":2.47,"widthYards":275,"deaths":0,"injuries":0,"propertyDamage":100000,"cropDamage":0,"source":"NWS Storm Survey","dataSource":"CSV"}},{"type":"Feature","geometry":{"type":"LineString","coordinates":[[-105.32,38.77],[-105.34,38.73]]},"properties":{"id":"ncei-2023-1117647","eventId":"1117647","episodeId":"182052","year":2023,"month":6,"date":"2023-06-30","beginTime":"2023-06-30T16:40:00","endTime":"2023-06-30T16:49:00","timezone":"MST-7","state":"CO","stateName":"Colorado","county":"Park","countyFips":"93","wfo":"BOU","scale":0,"scaleLabel":"EF0","lengthMiles":0.88,"widthYards":25,"deaths":0,"injuries":0,"propertyDamage":0,"cropDamage":0,"source":"NWS Storm Survey","dataSource":"CSV"}},{"type":"Feature","geometry":{"type":"LineString","coordinates":[[-100.38,44.21],[-100.3781,44.209]]},"properties":{"id":"ncei-2023-1117752","eventId":"1117752","episodeId":"182920","year":2023,"month":7,"date":"2023-07-18","beginTime":"2023-07-18T16:45:00","endTime":"2023-07-18T16:50:00","timezone":"MST-7","state":"SD","stateName":"South Dakota","county":"Stanley","countyFips":"117","wfo":"ABR","scale":0,"scaleLabel":"EF0","lengthMiles":0.12,"widthYards":10,"deaths":0,"injuries":0,"propertyDamage":0,"cropDamage":0,"source":"Public","dataSource":"CSV"}},{"type":"Feature","geometry":{"type":"LineString","coordinates":[[-76.554,39.8181],[-76.5423,39.8384]]},"properties":{"id":"ncei-2023-1117893","eventId":"1117893","episodeId":"181784","year":2023,"month":8,"date":"2023-08-07","beginTime":"2023-08-07T16:24:00","endTime":"2023-08-07T16:28:00","timezone":"EST-5","state":"PA","stateName":"Pennsylvania","county":"York","countyFips":"133","wfo":"CTP","scale":1,"scaleLabel":"EF1","lengthMiles":1.53,"widthYards":50,"deaths":0,"injuries":0,"propertyDamage":10000,"cropDamage":0,"source":"NWS Storm Survey","dataSource":"CSV"}},{"type":"Feature","geometry":{"type":"LineString","coordinates":[[-76.8603,39.7225],[-76.8579,39.7298]]},"properties":{"id":"ncei-2023-1117895","eventId":"1117895","episodeId":"182207","year":2023,"month":8,"date":"2023-08-07","beginTime":"2023-08-07T16:02:00","endTime":"2023-08-07T16:05:00","timezone":"EST-5","state":"PA","stateName":"Pennsylvania","county":"York","countyFips":"133","wfo":"CTP","scale":1,"scaleLabel":"EF1","lengthMiles":0.52,"widthYards":75,"deaths":0,"injuries":0,"propertyDamage":25000,"cropDamage":0,"source":"NWS Storm Survey","dataSource":"CSV"}},{"type":"Feature","geometry":{"type":"LineString","coordinates":[[-76.2673,39.8806],[-76.2618,39.8866]]},"properties":{"id":"ncei-2023-1117896","eventId":"1117896","episodeId":"181785","year":2023,"month":8,"date":"2023-08-07","beginTime":"2023-08-07T16:40:00","endTime":"2023-08-07T16:41:00","timezone":"EST-5","state":"PA","stateName":"Pennsylvania","county":"Lancaster","countyFips":"71","wfo":"CTP","scale":0,"scaleLabel":"EF0","lengthMiles":0.51,"widthYards":40,"deaths":0,"injuries":0,"propertyDamage":0,"cropDamage":0,"source":"NWS Storm Survey","dataSource":"CSV"}},{"type":"Feature","geometry":{"type":"LineString","coordinates":[[-75.6689,39.5035],[-75.6513,39.5132]]},"properties":{"id":"ncei-2023-1118184","eventId":"1118184","episodeId":"183081","year":2023,"month":7,"date":"2023-07-09","beginTime":"2023-07-09T15:49:00","endTime":"2023-07-09T15:51:00","timezone":"EST-5","state":"DE","stateName":"Delaware","county":"New Castle","countyFips":"3","wfo":"PHI","scale":1,"scaleLabel":"EF1","lengthMiles":1.19,"widthYards":200,"deaths":0,"injuries":0,"propertyDamage":0,"cropDamage":0,"source":"NWS Storm Survey","dataSource":"CSV"}},{"type":"Feature","geometry":{"type":"LineString","coordinates":[[-85.0861,36.9757],[-85.074,36.9768]]},"properties":{"id":"ncei-2023-1118190","eventId":"1118190","episodeId":"182298","year":2023,"month":6,"date":"2023-06-25","beginTime":"2023-06-25T22:25:00","endTime":"2023-06-25T22:26:00","timezone":"CST-6","state":"KY","stateName":"Kentucky","county":"Russell","countyFips":"207","wfo":"LMK","scale":1,"scaleLabel":"EF1","lengthMiles":0.67,"widthYards":300,"deaths":0,"injuries":0,"propertyDamage":0,"cropDamage":0,"source":"NWS Storm Survey","dataSource":"CSV"}},{"type":"Feature","geometry":{"type":"LineString","coordinates":[[-98.04,41.16],[-98.1,41.2]]},"properties":{"id":"ncei-2023-1118230","eventId":"1118230","episodeId":"180413","year":2023,"month":6,"date":"2023-06-02","beginTime":"2023-06-02T15:53:00","endTime":"2023-06-02T15:58:00","timezone":"CST-6","state":"NE","stateName":"Nebraska","county":"Merrick","countyFips":"121","wfo":"GID","scale":0,"scaleLabel":"EF0","lengthMiles":4.17,"widthYards":40,"deaths":0,"injuries":0,"propertyDamage":400000,"cropDamage":1500000,"source":"Trained Spotter","dataSource":"CSV"}},{"type":"Feature","geometry":{"type":"LineString","coordinates":[[-86.0133,37.682],[-86.0018,37.6678]]},"properties":{"id":"ncei-2023-1118316","eventId":"1118316","episodeId":"182298","year":2023,"month":6,"date":"2023-06-25","beginTime":"2023-06-25T21:27:00","endTime":"2023-06-25T21:32:00","timezone":"EST-5","state":"KY","stateName":"Kentucky","county":"Hardin","countyFips":"93","wfo":"LMK","scale":2,"scaleLabel":"EF2","lengthMiles":1.17,"widthYards":300,"deaths":0,"injuries":0,"propertyDamage":0,"cropDamage":0,"source":"NWS Storm Survey","dataSource":"CSV"}},{"type":"Feature","geometry":{"type":"LineString","coordinates":[[-97.439,25.9475],[-97.4382,25.9475]]},"properties":{"id":"ncei-2023-1118475","eventId":"1118475","episodeId":"182308","year":2023,"month":8,"date":"2023-08-15","beginTime":"2023-08-15T13:35:00","endTime":"2023-08-15T13:45:00","timezone":"CST-6","state":"TX","stateName":"Texas","county":"Cameron","countyFips":"61","wfo":"BRO","scale":-1,"scaleLabel":"Unknown","lengthMiles":0.04,"widthYards":10,"deaths":0,"injuries":0,"propertyDamage":0,"cropDamage":0,"source":"NWS Employee","dataSource":"CSV"}},{"type":"Feature","geometry":{"type":"LineString","coordinates":[[-97.6887,26.4962],[-97.689,26.4956]]},"properties":{"id":"ncei-2023-1118477","eventId":"1118477","episodeId":"182308","year":2023,"month":8,"date":"2023-08-15","beginTime":"2023-08-15T13:50:00","endTime":"2023-08-15T13:55:00","timezone":"CST-6","state":"TX","stateName":"Texas","county":"Willacy","countyFips":"489","wfo":"BRO","scale":-1,"scaleLabel":"Unknown","lengthMiles":0.05,"widthYards":10,"deaths":0,"injuries":0,"propertyDamage":0,"cropDamage":0,"source":"Broadcast Media","dataSource":"CSV"}},{"type":"Feature","geometry":{"type":"LineString","coordinates":[[-94.259,35.064],[-94.233,35.021]]},"properties":{"id":"ncei-2023-1118576","eventId":"1118576","episodeId":"183113","year":2023,"month":7,"date":"2023-07-14","beginTime":"2023-07-14T03:03:00","endTime":"2023-07-14T03:11:00","timezone":"CST-6","state":"AR","stateName":"Arkansas","county":"Sebastian","countyFips":"131","wfo":"TSA","scale":1,"scaleLabel":"EF1","lengthMiles":3.4,"widthYards":550,"deaths":0,"injuries":0,"propertyDamage":100000,"cropDamage":0,"source":"NWS Storm Survey","dataSource":"CSV"}},{"type":"Feature","geometry":{"type":"LineString","coordinates":[[-94.64,47.67],[-94.6352,47.6805]]},"properties":{"id":"ncei-2023-1118968","eventId":"1118968","episodeId":"183155","year":2023,"month":7,"date":"2023-07-19","beginTime":"2023-07-19T13:30:00","endTime":"2023-07-19T13:35:00","timezone":"CST-6","state":"MN","stateName":"Minnesota","county":"Beltrami","countyFips":"7","wfo":"FGF","scale":-1,"scaleLabel":"Unknown","lengthMiles":0.5,"widthYards":20,"deaths":0,"injuries":0,"propertyDamage":0,"cropDamage":0,"source":"911 Call Center","dataSource":"CSV"}},{"type":"Feature","geometry":{"type":"LineString","coordinates":[[-86.9426,38.4896],[-86.682,38.503]]},"properties":{"id":"ncei-2023-1118996","eventId":"1118996","episodeId":"183157","year":2023,"month":8,"date":"2023-08-06","beginTime":"2023-08-06T23:24:00","endTime":"2023-08-06T23:41:00","timezone":"EST-5","state":"IN","stateName":"Indiana","county":"Dubois","countyFips":"37","wfo":"LMK","scale":1,"scaleLabel":"EF1","lengthMiles":14.5,"widthYards":150,"deaths":0,"injuries":0,"propertyDamage":0,"cropDamage":0,"source":"NWS Storm Survey","dataSource":"CSV"}},{"type":"Feature","geometry":{"type":"LineString","coordinates":[[-86.682,38.503],[-86.4805,38.5424]]},"properties":{"id":"ncei-2023-1119003","eventId":"1119003","episodeId":"183157","year":2023,"month":8,"date":"2023-08-06","beginTime":"2023-08-06T23:41:00","endTime":"2023-08-06T23:53:00","timezone":"EST-5","state":"IN","stateName":"Indiana","county":"Orange","countyFips":"117","wfo":"LMK","scale":1,"scaleLabel":"EF1","lengthMiles":11.4,"widthYards":200,"deaths":0,"injuries":0,"propertyDamage":0,"cropDamage":0,"source":"NWS Storm Survey","dataSource":"CSV"}},{"type":"Feature","geometry":{"type":"LineString","coordinates":[[-86.6233,38.5429],[-86.6068,38.5421]]},"properties":{"id":"ncei-2023-1119010","eventId":"1119010","episodeId":"183157","year":2023,"month":8,"date":"2023-08-06","beginTime":"2023-08-06T23:45:00","endTime":"2023-08-06T23:46:00","timezone":"EST-5","state":"IN","stateName":"Indiana","county":"Orange","countyFips":"117","wfo":"LMK","scale":1,"scaleLabel":"EF1","lengthMiles":0.98,"widthYards":40,"deaths":0,"injuries":0,"propertyDamage":0,"cropDamage":0,"source":"NWS Storm Survey","dataSource":"CSV"}},{"type":"Feature","geometry":{"type":"LineString","coordinates":[[-86.4807,38.5636],[-86.4623,38.5632]]},"properties":{"id":"ncei-2023-1119015","eventId":"1119015","episodeId":"183157","year":2023,"month":8,"date":"2023-08-06","beginTime":"2023-08-06T23:53:00","endTime":"2023-08-06T23:55:00","timezone":"EST-5","state":"IN","stateName":"Indiana","county":"Orange","countyFips":"117","wfo":"LMK","scale":1,"scaleLabel":"EF1","lengthMiles":1,"widthYards":110,"deaths":0,"injuries":0,"propertyDamage":0,"cropDamage":0,"source":"NWS Storm Survey","dataSource":"CSV"}},{"type":"Feature","geometry":{"type":"LineString","coordinates":[[-86.4598,38.5345],[-86.453,38.5405]]},"properties":{"id":"ncei-2023-1119016","eventId":"1119016","episodeId":"183157","year":2023,"month":8,"date":"2023-08-06","beginTime":"2023-08-06T23:53:00","endTime":"2023-08-06T23:54:00","timezone":"EST-5","state":"IN","stateName":"Indiana","county":"Orange","countyFips":"117","wfo":"LMK","scale":0,"scaleLabel":"EF0","lengthMiles":0.56,"widthYards":60,"deaths":0,"injuries":0,"propertyDamage":0,"cropDamage":0,"source":"NWS Storm Survey","dataSource":"CSV"}},{"type":"Feature","geometry":{"type":"LineString","coordinates":[[-86.4863,38.5577],[-86.3262,38.5577]]},"properties":{"id":"ncei-2023-1119017","eventId":"1119017","episodeId":"183157","year":2023,"month":8,"date":"2023-08-06","beginTime":"2023-08-06T23:53:00","endTime":"2023-08-07T00:02:00","timezone":"EST-5","state":"IN","stateName":"Indiana","county":"Orange","countyFips":"117","wfo":"LMK","scale":1,"scaleLabel":"EF1","lengthMiles":8.74,"widthYards":175,"deaths":0,"injuries":0,"propertyDamage":0,"cropDamage":0,"source":"NWS Storm Survey","dataSource":"CSV"}},{"type":"Feature","geometry":{"type":"LineString","coordinates":[[-86.1412,38.5957],[-86.116,38.6118]]},"properties":{"id":"ncei-2023-1119018","eventId":"1119018","episodeId":"183157","year":2023,"month":8,"date":"2023-08-07","beginTime":"2023-08-07T00:13:00","endTime":"2023-08-07T00:15:00","timezone":"EST-5","state":"IN","stateName":"Indiana","county":"Washington","countyFips":"175","wfo":"LMK","scale":1,"scaleLabel":"EF1","lengthMiles":1.78,"widthYards":60,"deaths":0,"injuries":0,"propertyDamage":0,"cropDamage":0,"source":"NWS Storm Survey","dataSource":"CSV"}},{"type":"Feature","geometry":{"type":"LineString","coordinates":[[-86.741,38.526],[-86.7236,38.5193]]},"properties":{"id":"ncei-2023-1119119","eventId":"1119119","episodeId":"182297","year":2023,"month":6,"date":"2023-06-25","beginTime":"2023-06-25T15:45:00","endTime":"2023-06-25T15:46:00","timezone":"EST-5","state":"IN","stateName":"Indiana","county":"Dubois","countyFips":"37","wfo":"LMK","scale":1,"scaleLabel":"EF1","lengthMiles":1.05,"widthYards":565,"deaths":0,"injuries":0,"propertyDamage":0,"cropDamage":0,"source":"NWS Storm Survey","dataSource":"CSV"}},{"type":"Feature","geometry":{"type":"LineString","coordinates":[[-96.7571,47.4991],[-96.7589,47.5006]]},"properties":{"id":"ncei-2023-1119286","eventId":"1119286","episodeId":"182312","year":2023,"month":6,"date":"2023-06-24","beginTime":"2023-06-24T15:14:00","endTime":"2023-06-24T15:15:00","timezone":"CST-6","state":"MN","stateName":"Minnesota","county":"Polk","countyFips":"119","wfo":"FGF","scale":0,"scaleLabel":"EF0","lengthMiles":0.13,"widthYards":10,"deaths":0,"injuries":0,"propertyDamage":0,"cropDamage":0,"source":"Emergency Manager","dataSource":"CSV"}},{"type":"Feature","geometry":{"type":"LineString","coordinates":[[-104.6,39.79],[-104.6,39.79]]},"properties":{"id":"ncei-2023-1119464","eventId":"1119464","episodeId":"183257","year":2023,"month":7,"date":"2023-07-06","beginTime":"2023-07-06T14:48:00","endTime":"2023-07-06T14:52:00","timezone":"MST-7","state":"CO","stateName":"Colorado","county":"Adams","countyFips":"1","wfo":"BOU","scale":-1,"scaleLabel":"Unknown","lengthMiles":0.01,"widthYards":25,"deaths":0,"injuries":0,"propertyDamage":0,"cropDamage":0,"source":"NWS Employee","dataSource":"CSV"}},{"type":"Feature","geometry":{"type":"LineString","coordinates":[[-104.72,39.65],[-104.72,39.65]]},"properties":{"id":"ncei-2023-1119491","eventId":"1119491","episodeId":"183257","year":2023,"month":7,"date":"2023-07-06","beginTime":"2023-07-06T14:28:00","endTime":"2023-07-06T14:29:00","timezone":"MST-7","state":"CO","stateName":"Colorado","county":"Arapahoe","countyFips":"5","wfo":"BOU","scale":-1,"scaleLabel":"Unknown","lengthMiles":0.01,"widthYards":25,"deaths":0,"injuries":0,"propertyDamage":0,"cropDamage":0,"source":"Trained Spotter","dataSource":"CSV"}},{"type":"Feature","geometry":{"type":"LineString","coordinates":[[-78.8199,40.5516],[-78.8143,40.5498]]},"properties":{"id":"ncei-2023-1119690","eventId":"1119690","episodeId":"182958","year":2023,"month":8,"date":"2023-08-12","beginTime":"2023-08-12T19:49:00","endTime":"2023-08-12T19:51:00","timezone":"EST-5","state":"PA","stateName":"Pennsylvania","county":"Cambria","countyFips":"21","wfo":"CTP","scale":1,"scaleLabel":"EF1","lengthMiles":0.32,"widthYards":100,"deaths":0,"injuries":0,"propertyDamage":0,"cropDamage":0,"source":"NWS Storm Survey","dataSource":"CSV"}},{"type":"Feature","geometry":{"type":"LineString","coordinates":[[-78.7583,40.5317],[-78.7545,40.5311]]},"properties":{"id":"ncei-2023-1119691","eventId":"1119691","episodeId":"182959","year":2023,"month":8,"date":"2023-08-12","beginTime":"2023-08-12T19:55:00","endTime":"2023-08-12T19:57:00","timezone":"EST-5","state":"PA","stateName":"Pennsylvania","county":"Cambria","countyFips":"21","wfo":"CTP","scale":0,"scaleLabel":"EF0","lengthMiles":0.2,"widthYards":100,"deaths":0,"injuries":0,"propertyDamage":10000,"cropDamage":0,"source":"NWS Storm Survey","dataSource":"CSV"}},{"type":"Feature","geometry":{"type":"LineString","coordinates":[[-75.4959,41.9992],[-75.4854,42.0265]]},"properties":{"id":"ncei-2023-1119754","eventId":"1119754","episodeId":"182450","year":2023,"month":8,"date":"2023-08-07","beginTime":"2023-08-07T17:29:00","endTime":"2023-08-07T17:35:00","timezone":"EST-5","state":"NY","stateName":"New York","county":"Broome","countyFips":"7","wfo":"BGM","scale":1,"scaleLabel":"EF1","lengthMiles":1.96,"widthYards":200,"deaths":0,"injuries":0,"propertyDamage":15000,"cropDamage":0,"source":"NWS Storm Survey","dataSource":"CSV"}},{"type":"Feature","geometry":{"type":"LineString","coordinates":[[-75.5018,41.9795],[-75.4949,41.9992]]},"properties":{"id":"ncei-2023-1119758","eventId":"1119758","episodeId":"183283","year":2023,"month":8,"date":"2023-08-07","beginTime":"2023-08-07T17:25:00","endTime":"2023-08-07T17:29:00","timezone":"EST-5","state":"PA","stateName":"Pennsylvania","county":"Susquehanna","countyFips":"115","wfo":"BGM","scale":1,"scaleLabel":"EF1","lengthMiles":1.41,"widthYards":200,"deaths":0,"injuries":0,"propertyDamage":5000,"cropDamage":0,"source":"NWS Storm Survey","dataSource":"CSV"}},{"type":"Feature","geometry":{"type":"LineString","coordinates":[[-76.2688,42.4437],[-76.2568,42.462]]},"properties":{"id":"ncei-2023-1119763","eventId":"1119763","episodeId":"182450","year":2023,"month":8,"date":"2023-08-07","beginTime":"2023-08-07T16:13:00","endTime":"2023-08-07T16:17:00","timezone":"EST-5","state":"NY","stateName":"New York","county":"Tompkins","countyFips":"109","wfo":"BGM","scale":0,"scaleLabel":"EF0","lengthMiles":1.4,"widthYards":200,"deaths":0,"injuries":0,"propertyDamage":5000,"cropDamage":0,"source":"NWS Storm Survey","dataSource":"CSV"}},{"type":"Feature","geometry":{"type":"LineString","coordinates":[[-75.4648,43.0562],[-75.4624,43.0751]]},"properties":{"id":"ncei-2023-1119765","eventId":"1119765","episodeId":"182450","year":2023,"month":8,"date":"2023-08-07","beginTime":"2023-08-07T18:10:00","endTime":"2023-08-07T18:15:00","timezone":"EST-5","state":"NY","stateName":"New York","county":"Oneida","countyFips":"65","wfo":"BGM","scale":1,"scaleLabel":"EF1","lengthMiles":1.31,"widthYards":200,"deaths":0,"injuries":0,"propertyDamage":10000,"cropDamage":0,"source":"NWS Storm Survey","dataSource":"CSV"}},{"type":"Feature","geometry":{"type":"LineString","coordinates":[[-75.59,43.33],[-75.59,43.35]]},"properties":{"id":"ncei-2023-1119768","eventId":"1119768","episodeId":"182450","year":2023,"month":8,"date":"2023-08-07","beginTime":"2023-08-07T18:17:00","endTime":"2023-08-07T18:20:00","timezone":"EST-5","state":"NY","stateName":"New York","county":"Oneida","countyFips":"65","wfo":"BGM","scale":1,"scaleLabel":"EF1","lengthMiles":1.38,"widthYards":110,"deaths":0,"injuries":0,"propertyDamage":25000,"cropDamage":0,"source":"NWS Storm Survey","dataSource":"CSV"}},{"type":"Feature","geometry":{"type":"LineString","coordinates":[[-75.58,42.94],[-75.57,42.96]]},"properties":{"id":"ncei-2023-1119770","eventId":"1119770","episodeId":"182450","year":2023,"month":8,"date":"2023-08-07","beginTime":"2023-08-07T17:55:00","endTime":"2023-08-07T17:59:00","timezone":"EST-5","state":"NY","stateName":"New York","county":"Madison","countyFips":"53","wfo":"BGM","scale":0,"scaleLabel":"EF0","lengthMiles":1.47,"widthYards":175,"deaths":0,"injuries":0,"propertyDamage":10000,"cropDamage":0,"source":"NWS Storm Survey","dataSource":"CSV"}},{"type":"Feature","geometry":{"type":"LineString","coordinates":[[-70.8477,41.6808],[-70.8333,41.6886]]},"properties":{"id":"ncei-2023-1119867","eventId":"1119867","episodeId":"183294","year":2023,"month":8,"date":"2023-08-08","beginTime":"2023-08-08T10:20:00","endTime":"2023-08-08T10:23:00","timezone":"EST-5","state":"MA","stateName":"Massachusetts","county":"Plymouth","countyFips":"23","wfo":"BOX","scale":1,"scaleLabel":"EF1","lengthMiles":0.9,"widthYards":300,"deaths":0,"injuries":0,"propertyDamage":10000,"cropDamage":0,"source":"NWS Storm Survey","dataSource":"CSV"}},{"type":"Feature","geometry":{"type":"LineString","coordinates":[[-70.3917,41.6751],[-70.3721,41.682]]},"properties":{"id":"ncei-2023-1119868","eventId":"1119868","episodeId":"183294","year":2023,"month":8,"date":"2023-08-08","beginTime":"2023-08-08T10:52:00","endTime":"2023-08-08T10:56:00","timezone":"EST-5","state":"MA","stateName":"Massachusetts","county":"Barnstable","countyFips":"1","wfo":"BOX","scale":0,"scaleLabel":"EF0","lengthMiles":1.2,"widthYards":650,"deaths":0,"injuries":0,"propertyDamage":2000,"cropDamage":0,"source":"NWS Storm Survey","dataSource":"CSV"}},{"type":"Feature","geometry":{"type":"LineString","coordinates":[[-83.1457,41.4688],[-83.0834,41.4863]]},"properties":{"id":"ncei-2023-1119909","eventId":"1119909","episodeId":"179849","year":2023,"month":6,"date":"2023-06-15","beginTime":"2023-06-15T17:49:00","endTime":"2023-06-15T17:58:00","timezone":"EST-5","state":"OH","stateName":"Ohio","county":"Ottawa","countyFips":"123","wfo":"CLE","scale":2,"scaleLabel":"EF2","lengthMiles":3.44,"widthYards":200,"deaths":0,"injuries":0,"propertyDamage":255000,"cropDamage":0,"source":"NWS Storm Survey","dataSource":"CSV"}},{"type":"Feature","geometry":{"type":"LineString","coordinates":[[-83.1558,41.4494],[-83.153,41.4498]]},"properties":{"id":"ncei-2023-1119910","eventId":"1119910","episodeId":"179849","year":2023,"month":6,"date":"2023-06-15","beginTime":"2023-06-15T17:57:00","endTime":"2023-06-15T17:58:00","timezone":"EST-5","state":"OH","stateName":"Ohio","county":"Sandusky","countyFips":"143","wfo":"CLE","scale":1,"scaleLabel":"EF1","lengthMiles":0.15,"widthYards":100,"deaths":0,"injuries":0,"propertyDamage":15000,"cropDamage":0,"source":"NWS Storm Survey","dataSource":"CSV"}},{"type":"Feature","geometry":{"type":"LineString","coordinates":[[-82.922,41.3867],[-82.9158,41.3859]]},"properties":{"id":"ncei-2023-1119911","eventId":"1119911","episodeId":"179849","year":2023,"month":6,"date":"2023-06-15","beginTime":"2023-06-15T18:19:00","endTime":"2023-06-15T18:20:00","timezone":"EST-5","state":"OH","stateName":"Ohio","county":"Sandusky","countyFips":"143","wfo":"CLE","scale":0,"scaleLabel":"EF0","lengthMiles":0.33,"widthYards":50,"deaths":0,"injuries":0,"propertyDamage":18000,"cropDamage":0,"source":"NWS Storm Survey","dataSource":"CSV"}},{"type":"Feature","geometry":{"type":"LineString","coordinates":[[-82.8514,41.2845],[-82.8452,41.2719]]},"properties":{"id":"ncei-2023-1119912","eventId":"1119912","episodeId":"179849","year":2023,"month":6,"date":"2023-06-15","beginTime":"2023-06-15T18:40:00","endTime":"2023-06-15T18:42:00","timezone":"EST-5","state":"OH","stateName":"Ohio","county":"Sandusky","countyFips":"143","wfo":"CLE","scale":0,"scaleLabel":"EF0","lengthMiles":0.93,"widthYards":50,"deaths":0,"injuries":0,"propertyDamage":10000,"cropDamage":0,"source":"NWS Storm Survey","dataSource":"CSV"}},{"type":"Feature","geometry":{"type":"LineString","coordinates":[[-82.7036,41.2172],[-82.6329,41.1031]]},"properties":{"id":"ncei-2023-1119913","eventId":"1119913","episodeId":"179849","year":2023,"month":6,"date":"2023-06-15","beginTime":"2023-06-15T18:48:00","endTime":"2023-06-15T19:04:00","timezone":"EST-5","state":"OH","stateName":"Ohio","county":"Huron","countyFips":"77","wfo":"CLE","scale":2,"scaleLabel":"EF2","lengthMiles":8.7,"widthYards":2200,"deaths":0,"injuries":0,"propertyDamage":270000,"cropDamage":0,"source":"NWS Storm Survey","dataSource":"CSV"}},{"type":"Feature","geometry":{"type":"LineString","coordinates":[[-93.0859,30.3022],[-93.0846,30.3032]]},"properties":{"id":"ncei-2023-1119964","eventId":"1119964","episodeId":"183309","year":2023,"month":7,"date":"2023-07-10","beginTime":"2023-07-10T17:16:00","endTime":"2023-07-10T17:17:00","timezone":"CST-6","state":"LA","stateName":"Louisiana","county":"Calcasieu","countyFips":"19","wfo":"LCH","scale":0,"scaleLabel":"EF0","lengthMiles":0.11,"widthYards":30,"deaths":0,"injuries":0,"propertyDamage":5000,"cropDamage":0,"source":"NWS Storm Survey","dataSource":"CSV"}},{"type":"Feature","geometry":{"type":"LineString","coordinates":[[-72.1191,41.6914],[-72.0798,41.7078]]},"properties":{"id":"ncei-2023-1120132","eventId":"1120132","episodeId":"183300","year":2023,"month":8,"date":"2023-08-18","beginTime":"2023-08-18T06:53:00","endTime":"2023-08-18T06:59:00","timezone":"EST-5","state":"CT","stateName":"Connecticut","county":"Windham","countyFips":"15","wfo":"BOX","scale":1,"scaleLabel":"EF1","lengthMiles":2.7,"widthYards":200,"deaths":0,"injuries":0,"propertyDamage":30000,"cropDamage":0,"source":"NWS Storm Survey","dataSource":"CSV"}},{"type":"Feature","geometry":{"type":"LineString","coordinates":[[-71.5741,41.7987],[-71.4353,41.8735]]},"properties":{"id":"ncei-2023-1120133","eventId":"1120133","episodeId":"183299","year":2023,"month":8,"date":"2023-08-18","beginTime":"2023-08-18T07:40:00","endTime":"2023-08-18T07:57:00","timezone":"EST-5","state":"RI","stateName":"Rhode Island","county":"Providence","countyFips":"7","wfo":"BOX","scale":2,"scaleLabel":"EF2","lengthMiles":9.1,"widthYards":250,"deaths":0,"injuries":1,"propertyDamage":250000,"cropDamage":0,"source":"NWS Storm Survey","dataSource":"CSV"}},{"type":"Feature","geometry":{"type":"LineString","coordinates":[[-71.3813,41.9418],[-71.2522,41.9923]]},"properties":{"id":"ncei-2023-1120134","eventId":"1120134","episodeId":"183298","year":2023,"month":8,"date":"2023-08-18","beginTime":"2023-08-18T08:07:00","endTime":"2023-08-18T08:22:00","timezone":"EST-5","state":"MA","stateName":"Massachusetts","county":"Bristol","countyFips":"5","wfo":"BOX","scale":1,"scaleLabel":"EF1","lengthMiles":7.6,"widthYards":80,"deaths":0,"injuries":0,"propertyDamage":30000,"cropDamage":0,"source":"NWS Storm Survey","dataSource":"CSV"}},{"type":"Feature","geometry":{"type":"LineString","coordinates":[[-71.073,42.1146],[-71.0703,42.1157]]},"properties":{"id":"ncei-2023-1120136","eventId":"1120136","episodeId":"183298","year":2023,"month":8,"date":"2023-08-18","beginTime":"2023-08-18T08:37:00","endTime":"2023-08-18T08:39:00","timezone":"EST-5","state":"MA","stateName":"Massachusetts","county":"Norfolk","countyFips":"21","wfo":"BOX","scale":0,"scaleLabel":"EF0","lengthMiles":0.1,"widthYards":35,"deaths":0,"injuries":0,"propertyDamage":3000,"cropDamage":0,"source":"NWS Storm Survey","dataSource":"CSV"}},{"type":"Feature","geometry":{"type":"LineString","coordinates":[[-70.9511,42.1775],[-70.9526,42.1815]]},"properties":{"id":"ncei-2023-1120137","eventId":"1120137","episodeId":"183298","year":2023,"month":8,"date":"2023-08-18","beginTime":"2023-08-18T08:52:00","endTime":"2023-08-18T08:55:00","timezone":"EST-5","state":"MA","stateName":"Massachusetts","county":"Norfolk","countyFips":"21","wfo":"BOX","scale":1,"scaleLabel":"EF1","lengthMiles":0.35,"widthYards":100,"deaths":0,"injuries":0,"propertyDamage":10000,"cropDamage":0,"source":"NWS Storm Survey","dataSource":"CSV"}},{"type":"Feature","geometry":{"type":"LineString","coordinates":[[-84.158,35.9308],[-84.0928,35.9397]]},"properties":{"id":"ncei-2023-1120634","eventId":"1120634","episodeId":"183412","year":2023,"month":8,"date":"2023-08-07","beginTime":"2023-08-07T13:17:00","endTime":"2023-08-07T13:23:00","timezone":"EST-5","state":"TN","stateName":"Tennessee","county":"Knox","countyFips":"93","wfo":"MRX","scale":2,"scaleLabel":"EF2","lengthMiles":3.7,"widthYards":200,"deaths":0,"injuries":0,"propertyDamage":3700000,"cropDamage":0,"source":"NWS Storm Survey","dataSource":"CSV"}},{"type":"Feature","geometry":{"type":"LineString","coordinates":[[-79.983,33.9047],[-79.9949,33.9082]]},"properties":{"id":"ncei-2023-1120687","eventId":"1120687","episodeId":"183419","year":2023,"month":8,"date":"2023-08-30","beginTime":"2023-08-30T13:57:00","endTime":"2023-08-30T14:00:00","timezone":"EST-5","state":"SC","stateName":"South Carolina","county":"Clarendon","countyFips":"27","wfo":"CAE","scale":1,"scaleLabel":"EF1","lengthMiles":0.73,"widthYards":125,"deaths":0,"injuries":0,"propertyDamage":0,"cropDamage":0,"source":"NWS Storm Survey","dataSource":"CSV"}},{"type":"Feature","geometry":{"type":"LineString","coordinates":[[-88.741,41.571],[-88.7086,41.569]]},"properties":{"id":"ncei-2023-1120751","eventId":"1120751","episodeId":"183070","year":2023,"month":7,"date":"2023-07-28","beginTime":"2023-07-28T21:25:00","endTime":"2023-07-28T21:27:00","timezone":"CST-6","state":"IL","stateName":"Illinois","county":"La Salle","countyFips":"99","wfo":"LOT","scale":-1,"scaleLabel":"Unknown","lengthMiles":1.68,"widthYards":20,"deaths":0,"injuries":0,"propertyDamage":0,"cropDamage":0,"source":"NWS Storm Survey","dataSource":"CSV"}},{"type":"Feature","geometry":{"type":"LineString","coordinates":[[-88.6109,41.641],[-88.6023,41.6422]]},"properties":{"id":"ncei-2023-1120753","eventId":"1120753","episodeId":"183070","year":2023,"month":7,"date":"2023-07-28","beginTime":"2023-07-28T21:32:00","endTime":"2023-07-28T21:33:00","timezone":"CST-6","state":"IL","stateName":"Illinois","county":"De Kalb","countyFips":"37","wfo":"LOT","scale":0,"scaleLabel":"EF0","lengthMiles":0.45,"widthYards":20,"deaths":0,"injuries":0,"propertyDamage":0,"cropDamage":0,"source":"NWS Storm Survey","dataSource":"CSV"}},{"type":"Feature","geometry":{"type":"LineString","coordinates":[[-88.5709,41.4899],[-88.4776,41.4792]]},"properties":{"id":"ncei-2023-1120755","eventId":"1120755","episodeId":"183070","year":2023,"month":7,"date":"2023-07-28","beginTime":"2023-07-28T21:35:00","endTime":"2023-07-28T21:41:00","timezone":"CST-6","state":"IL","stateName":"Illinois","county":"Kendall","countyFips":"93","wfo":"LOT","scale":0,"scaleLabel":"EF0","lengthMiles":4.89,"widthYards":80,"deaths":0,"injuries":0,"propertyDamage":0,"cropDamage":0,"source":"NWS Storm Survey","dataSource":"CSV"}},{"type":"Feature","geometry":{"type":"LineString","coordinates":[[-88.4201,41.4781],[-88.404,41.4736]]},"properties":{"id":"ncei-2023-1120758","eventId":"1120758","episodeId":"183070","year":2023,"month":7,"date":"2023-07-28","beginTime":"2023-07-28T21:44:00","endTime":"2023-07-28T21:45:00","timezone":"CST-6","state":"IL","stateName":"Illinois","county":"Kendall","countyFips":"93","wfo":"LOT","scale":0,"scaleLabel":"EF0","lengthMiles":1,"widthYards":20,"deaths":0,"injuries":0,"propertyDamage":0,"cropDamage":0,"source":"NWS Storm Survey","dataSource":"CSV"}},{"type":"Feature","geometry":{"type":"LineString","coordinates":[[-88.2825,41.481],[-88.2531,41.4876]]},"properties":{"id":"ncei-2023-1120759","eventId":"1120759","episodeId":"183070","year":2023,"month":7,"date":"2023-07-28","beginTime":"2023-07-28T21:52:00","endTime":"2023-07-28T21:55:00","timezone":"CST-6","state":"IL","stateName":"Illinois","county":"Kendall","countyFips":"93","wfo":"LOT","scale":1,"scaleLabel":"EF1","lengthMiles":1.59,"widthYards":225,"deaths":0,"injuries":0,"propertyDamage":0,"cropDamage":0,"source":"NWS Storm Survey","dataSource":"CSV"}},{"type":"Feature","geometry":{"type":"LineString","coordinates":[[-88.2678,41.4579],[-88.252,41.4589]]},"properties":{"id":"ncei-2023-1120761","eventId":"1120761","episodeId":"183070","year":2023,"month":7,"date":"2023-07-28","beginTime":"2023-07-28T21:53:00","endTime":"2023-07-28T21:54:00","timezone":"CST-6","state":"IL","stateName":"Illinois","county":"Grundy","countyFips":"63","wfo":"LOT","scale":0,"scaleLabel":"EF0","lengthMiles":0.82,"widthYards":250,"deaths":0,"injuries":0,"propertyDamage":0,"cropDamage":0,"source":"NWS Storm Survey","dataSource":"CSV"}},{"type":"Feature","geometry":{"type":"LineString","coordinates":[[-88.6023,41.6422],[-88.5961,41.6436]]},"properties":{"id":"ncei-2023-1120762","eventId":"1120762","episodeId":"183070","year":2023,"month":7,"date":"2023-07-28","beginTime":"2023-07-28T21:33:00","endTime":"2023-07-28T21:34:00","timezone":"CST-6","state":"IL","stateName":"Illinois","county":"Kendall","countyFips":"93","wfo":"LOT","scale":0,"scaleLabel":"EF0","lengthMiles":0.33,"widthYards":20,"deaths":0,"injuries":0,"propertyDamage":0,"cropDamage":0,"source":"NWS Storm Survey","dataSource":"CSV"}},{"type":"Feature","geometry":{"type":"LineString","coordinates":[[-88.1732,41.3636],[-88.0746,41.358]]},"properties":{"id":"ncei-2023-1120766","eventId":"1120766","episodeId":"183070","year":2023,"month":7,"date":"2023-07-28","beginTime":"2023-07-28T21:59:00","endTime":"2023-07-28T22:05:00","timezone":"CST-6","state":"IL","stateName":"Illinois","county":"Will","countyFips":"197","wfo":"LOT","scale":0,"scaleLabel":"EF0","lengthMiles":5.13,"widthYards":60,"deaths":0,"injuries":0,"propertyDamage":0,"cropDamage":0,"source":"NWS Storm Survey","dataSource":"CSV"}},{"type":"Feature","geometry":{"type":"LineString","coordinates":[[-88.0373,41.3567],[-87.8997,41.3545]]},"properties":{"id":"ncei-2023-1120767","eventId":"1120767","episodeId":"183070","year":2023,"month":7,"date":"2023-07-28","beginTime":"2023-07-28T22:07:00","endTime":"2023-07-28T22:15:00","timezone":"CST-6","state":"IL","stateName":"Illinois","county":"Will","countyFips":"197","wfo":"LOT","scale":0,"scaleLabel":"EF0","lengthMiles":7.14,"widthYards":60,"deaths":0,"injuries":0,"propertyDamage":0,"cropDamage":0,"source":"NWS Storm Survey","dataSource":"CSV"}},{"type":"Feature","geometry":{"type":"LineString","coordinates":[[-87.8032,41.3001],[-87.7754,41.3031]]},"properties":{"id":"ncei-2023-1120840","eventId":"1120840","episodeId":"183070","year":2023,"month":7,"date":"2023-07-28","beginTime":"2023-07-28T22:22:00","endTime":"2023-07-28T22:24:00","timezone":"CST-6","state":"IL","stateName":"Illinois","county":"Will","countyFips":"197","wfo":"LOT","scale":-1,"scaleLabel":"Unknown","lengthMiles":1.46,"widthYards":15,"deaths":0,"injuries":0,"propertyDamage":0,"cropDamage":0,"source":"NWS Storm Survey","dataSource":"CSV"}},{"type":"Feature","geometry":{"type":"LineString","coordinates":[[-87.7224,41.1551],[-87.6165,41.1556]]},"properties":{"id":"ncei-2023-1120844","eventId":"1120844","episodeId":"183070","year":2023,"month":7,"date":"2023-07-28","beginTime":"2023-07-28T22:30:00","endTime":"2023-07-28T22:36:00","timezone":"CST-6","state":"IL","stateName":"Illinois","county":"Kankakee","countyFips":"91","wfo":"LOT","scale":1,"scaleLabel":"EF1","lengthMiles":5.51,"widthYards":90,"deaths":0,"injuries":0,"propertyDamage":0,"cropDamage":0,"source":"NWS Storm Survey","dataSource":"CSV"}},{"type":"Feature","geometry":{"type":"LineString","coordinates":[[-87.9455,41.1559],[-87.8353,41.1272]]},"properties":{"id":"ncei-2023-1120847","eventId":"1120847","episodeId":"183070","year":2023,"month":7,"date":"2023-07-28","beginTime":"2023-07-28T22:19:00","endTime":"2023-07-28T22:24:00","timezone":"CST-6","state":"IL","stateName":"Illinois","county":"Kankakee","countyFips":"91","wfo":"LOT","scale":0,"scaleLabel":"EF0","lengthMiles":6.07,"widthYards":350,"deaths":0,"injuries":0,"propertyDamage":0,"cropDamage":0,"source":"NWS Storm Survey","dataSource":"CSV"}},{"type":"Feature","geometry":{"type":"LineString","coordinates":[[-90.19,41.85],[-90.1778,41.8495]]},"properties":{"id":"ncei-2023-1121326","eventId":"1121326","episodeId":"183306","year":2023,"month":7,"date":"2023-07-28","beginTime":"2023-07-28T20:16:00","endTime":"2023-07-28T20:18:00","timezone":"CST-6","state":"IA","stateName":"Iowa","county":"Clinton","countyFips":"45","wfo":"DVN","scale":0,"scaleLabel":"EF0","lengthMiles":0.51,"widthYards":20,"deaths":0,"injuries":0,"propertyDamage":0,"cropDamage":0,"source":"NWS Storm Survey","dataSource":"CSV"}},{"type":"Feature","geometry":{"type":"LineString","coordinates":[[-90.1778,41.8495],[-90.168,41.847]]},"properties":{"id":"ncei-2023-1121327","eventId":"1121327","episodeId":"183307","year":2023,"month":7,"date":"2023-07-28","beginTime":"2023-07-28T20:18:00","endTime":"2023-07-28T20:19:00","timezone":"CST-6","state":"IL","stateName":"Illinois","county":"Whiteside","countyFips":"195","wfo":"DVN","scale":0,"scaleLabel":"EF0","lengthMiles":0.53,"widthYards":20,"deaths":0,"injuries":0,"propertyDamage":0,"cropDamage":0,"source":"NWS Storm Survey","dataSource":"CSV"}},{"type":"Feature","geometry":{"type":"LineString","coordinates":[[-76.18,41.02],[-76.128,41.046]]},"properties":{"id":"ncei-2023-1121344","eventId":"1121344","episodeId":"183502","year":2023,"month":8,"date":"2023-08-12","beginTime":"2023-08-12T15:32:00","endTime":"2023-08-12T15:37:00","timezone":"EST-5","state":"PA","stateName":"Pennsylvania","county":"Luzerne","countyFips":"79","wfo":"BGM","scale":1,"scaleLabel":"EF1","lengthMiles":3.25,"widthYards":150,"deaths":0,"injuries":0,"propertyDamage":100000,"cropDamage":0,"source":"NWS Storm Survey","dataSource":"CSV"}},{"type":"Feature","geometry":{"type":"LineString","coordinates":[[-76.2568,42.462],[-76.1031,42.5451]]},"properties":{"id":"ncei-2023-1121353","eventId":"1121353","episodeId":"182450","year":2023,"month":8,"date":"2023-08-07","beginTime":"2023-08-07T16:17:00","endTime":"2023-08-07T16:36:00","timezone":"EST-5","state":"NY","stateName":"New York","county":"Cortland","countyFips":"23","wfo":"BGM","scale":1,"scaleLabel":"EF1","lengthMiles":9.71,"widthYards":200,"deaths":0,"injuries":0,"propertyDamage":15000,"cropDamage":0,"source":"NWS Storm Survey","dataSource":"CSV"}},{"type":"Feature","geometry":{"type":"LineString","coordinates":[[-97.9141,26.2937],[-97.9135,26.2937]]},"properties":{"id":"ncei-2023-1121518","eventId":"1121518","episodeId":"183500","year":2023,"month":9,"date":"2023-09-16","beginTime":"2023-09-16T14:14:00","endTime":"2023-09-16T14:15:00","timezone":"CST-6","state":"TX","stateName":"Texas","county":"Hidalgo","countyFips":"215","wfo":"BRO","scale":-1,"scaleLabel":"Unknown","lengthMiles":0.04,"widthYards":10,"deaths":0,"injuries":0,"propertyDamage":0,"cropDamage":0,"source":"Public","dataSource":"CSV"}},{"type":"Feature","geometry":{"type":"LineString","coordinates":[[-101.8811,39.045],[-101.8807,39.0453]]},"properties":{"id":"ncei-2023-1121602","eventId":"1121602","episodeId":"183547","year":2023,"month":7,"date":"2023-07-10","beginTime":"2023-07-10T16:40:00","endTime":"2023-07-10T16:45:00","timezone":"MST-7","state":"KS","stateName":"Kansas","county":"Wallace","countyFips":"199","wfo":"GLD","scale":-1,"scaleLabel":"Unknown","lengthMiles":0.03,"widthYards":75,"deaths":0,"injuries":0,"propertyDamage":0,"cropDamage":0,"source":"Public","dataSource":"CSV"}},{"type":"Feature","geometry":{"type":"LineString","coordinates":[[-71.8178,41.8109],[-71.7905,41.8183]]},"properties":{"id":"ncei-2023-1121824","eventId":"1121824","episodeId":"183581","year":2023,"month":9,"date":"2023-09-13","beginTime":"2023-09-13T15:00:00","endTime":"2023-09-13T15:10:00","timezone":"EST-5","state":"CT","stateName":"Connecticut","county":"Windham","countyFips":"15","wfo":"BOX","scale":0,"scaleLabel":"EF0","lengthMiles":1.61,"widthYards":70,"deaths":0,"injuries":0,"propertyDamage":6000,"cropDamage":0,"source":"NWS Storm Survey","dataSource":"CSV"}},{"type":"Feature","geometry":{"type":"LineString","coordinates":[[-71.4798,41.9256],[-71.4765,41.9275]]},"properties":{"id":"ncei-2023-1121861","eventId":"1121861","episodeId":"183582","year":2023,"month":9,"date":"2023-09-13","beginTime":"2023-09-13T16:05:00","endTime":"2023-09-13T16:09:00","timezone":"EST-5","state":"RI","stateName":"Rhode Island","county":"Providence","countyFips":"7","wfo":"BOX","scale":0,"scaleLabel":"EF0","lengthMiles":0.21,"widthYards":60,"deaths":0,"injuries":0,"propertyDamage":15000,"cropDamage":0,"source":"NWS Storm Survey","dataSource":"CSV"}},{"type":"Feature","geometry":{"type":"LineString","coordinates":[[-71.3579,41.9793],[-71.3567,41.9795]]},"properties":{"id":"ncei-2023-1121862","eventId":"1121862","episodeId":"183580","year":2023,"month":9,"date":"2023-09-13","beginTime":"2023-09-13T16:22:00","endTime":"2023-09-13T16:25:00","timezone":"EST-5","state":"MA","stateName":"Massachusetts","county":"Bristol","countyFips":"5","wfo":"BOX","scale":0,"scaleLabel":"EF0","lengthMiles":0.07,"widthYards":70,"deaths":0,"injuries":0,"propertyDamage":5000,"cropDamage":0,"source":"NWS Storm Survey","dataSource":"CSV"}},{"type":"Feature","geometry":{"type":"LineString","coordinates":[[-87.4886,40.9442],[-87.4655,40.9411]]},"properties":{"id":"ncei-2023-1121873","eventId":"1121873","episodeId":"183585","year":2023,"month":7,"date":"2023-07-28","beginTime":"2023-07-28T22:49:00","endTime":"2023-07-28T22:51:00","timezone":"CST-6","state":"IN","stateName":"Indiana","county":"Newton","countyFips":"111","wfo":"LOT","scale":0,"scaleLabel":"EF0","lengthMiles":1.22,"widthYards":20,"deaths":0,"injuries":0,"propertyDamage":0,"cropDamage":0,"source":"NWS Storm Survey","dataSource":"CSV"}},{"type":"Feature","geometry":{"type":"LineString","coordinates":[[-87.4194,40.9294],[-87.4091,40.9247]]},"properties":{"id":"ncei-2023-1121874","eventId":"1121874","episodeId":"183585","year":2023,"month":7,"date":"2023-07-28","beginTime":"2023-07-28T22:54:00","endTime":"2023-07-28T22:55:00","timezone":"CST-6","state":"IN","stateName":"Indiana","county":"Newton","countyFips":"111","wfo":"LOT","scale":0,"scaleLabel":"EF0","lengthMiles":0.63,"widthYards":30,"deaths":0,"injuries":0,"propertyDamage":0,"cropDamage":0,"source":"NWS Storm Survey","dataSource":"CSV"}},{"type":"Feature","geometry":{"type":"LineString","coordinates":[[-76.84,35.89],[-76.83,35.89]]},"properties":{"id":"ncei-2023-1122374","eventId":"1122374","episodeId":"183450","year":2023,"month":7,"date":"2023-07-03","beginTime":"2023-07-03T14:34:00","endTime":"2023-07-03T14:36:00","timezone":"EST-5","state":"NC","stateName":"North Carolina","county":"Bertie","countyFips":"15","wfo":"AKQ","scale":0,"scaleLabel":"EF0","lengthMiles":0.56,"widthYards":60,"deaths":0,"injuries":0,"propertyDamage":75000,"cropDamage":0,"source":"NWS Storm Survey","dataSource":"CSV"}},{"type":"Feature","geometry":{"type":"LineString","coordinates":[[-90.4032,40.4899],[-90.4007,40.4828]]},"properties":{"id":"ncei-2023-1122406","eventId":"1122406","episodeId":"183625","year":2023,"month":8,"date":"2023-08-26","beginTime":"2023-08-26T13:40:00","endTime":"2023-08-26T13:45:00","timezone":"CST-6","state":"IL","stateName":"Illinois","county":"Fulton","countyFips":"57","wfo":"ILX","scale":-1,"scaleLabel":"Unknown","lengthMiles":0.51,"widthYards":20,"deaths":0,"injuries":0,"propertyDamage":0,"cropDamage":0,"source":"Emergency Manager","dataSource":"CSV"}},{"type":"Feature","geometry":{"type":"LineString","coordinates":[[-90.3946,40.4694],[-90.393,40.4642]]},"properties":{"id":"ncei-2023-1122407","eventId":"1122407","episodeId":"183625","year":2023,"month":8,"date":"2023-08-26","beginTime":"2023-08-26T13:30:00","endTime":"2023-08-26T13:35:00","timezone":"CST-6","state":"IL","stateName":"Illinois","county":"Fulton","countyFips":"57","wfo":"ILX","scale":0,"scaleLabel":"EF0","lengthMiles":0.37,"widthYards":20,"deaths":0,"injuries":0,"propertyDamage":0,"cropDamage":0,"source":"Emergency Manager","dataSource":"CSV"}},{"type":"Feature","geometry":{"type":"LineString","coordinates":[[-67.0931,18.4513],[-67.0935,18.4538]]},"properties":{"id":"ncei-2023-1122492","eventId":"1122492","episodeId":"183399","year":2023,"month":8,"date":"2023-08-09","beginTime":"2023-08-09T13:00:00","endTime":"2023-08-09T13:05:00","timezone":"AST-4","state":"PR","stateName":"Puerto Rico","county":"Aguadilla","countyFips":"5","wfo":"SJU","scale":0,"scaleLabel":"EF0","lengthMiles":0.25,"widthYards":15,"deaths":0,"injuries":0,"propertyDamage":40000,"cropDamage":0,"source":"NWS Storm Survey","dataSource":"CSV"}},{"type":"Feature","geometry":{"type":"LineString","coordinates":[[-97.685,43.012],[-97.695,43.026]]},"properties":{"id":"ncei-2023-1122677","eventId":"1122677","episodeId":"183668","year":2023,"month":7,"date":"2023-07-03","beginTime":"2023-07-03T15:04:00","endTime":"2023-07-03T15:15:00","timezone":"CST-6","state":"SD","stateName":"South Dakota","county":"Bon Homme","countyFips":"9","wfo":"FSD","scale":0,"scaleLabel":"EF0","lengthMiles":1.16,"widthYards":40,"deaths":0,"injuries":0,"propertyDamage":0,"cropDamage":0,"source":"Trained Spotter","dataSource":"CSV"}},{"type":"Feature","geometry":{"type":"LineString","coordinates":[[-84.9611,39.4758],[-84.9099,39.4714]]},"properties":{"id":"ncei-2023-1122751","eventId":"1122751","episodeId":"182856","year":2023,"month":8,"date":"2023-08-14","beginTime":"2023-08-14T17:32:00","endTime":"2023-08-14T17:39:00","timezone":"EST-5","state":"IN","stateName":"Indiana","county":"Franklin","countyFips":"47","wfo":"ILN","scale":0,"scaleLabel":"EF0","lengthMiles":2.8,"widthYards":150,"deaths":0,"injuries":0,"propertyDamage":70000,"cropDamage":0,"source":"NWS Storm Survey","dataSource":"CSV"}},{"type":"Feature","geometry":{"type":"LineString","coordinates":[[-84.4612,39.4457],[-84.4382,39.4383]]},"properties":{"id":"ncei-2023-1122752","eventId":"1122752","episodeId":"182857","year":2023,"month":8,"date":"2023-08-14","beginTime":"2023-08-14T18:50:00","endTime":"2023-08-14T18:54:00","timezone":"EST-5","state":"OH","stateName":"Ohio","county":"Butler","countyFips":"17","wfo":"ILN","scale":0,"scaleLabel":"EF0","lengthMiles":1.33,"widthYards":20,"deaths":0,"injuries":0,"propertyDamage":3000,"cropDamage":0,"source":"NWS Storm Survey","dataSource":"CSV"}},{"type":"Feature","geometry":{"type":"LineString","coordinates":[[-111.39,36.02],[-111.4076,36.0909]]},"properties":{"id":"ncei-2023-1122771","eventId":"1122771","episodeId":"182102","year":2023,"month":8,"date":"2023-08-08","beginTime":"2023-08-08T12:50:00","endTime":"2023-08-08T13:00:00","timezone":"MST-7","state":"AZ","stateName":"Arizona","county":"Coconino","countyFips":"5","wfo":"FGZ","scale":0,"scaleLabel":"EF0","lengthMiles":4.99,"widthYards":10,"deaths":0,"injuries":0,"propertyDamage":0,"cropDamage":0,"source":"Social Media","dataSource":"CSV"}},{"type":"Feature","geometry":{"type":"LineString","coordinates":[[-82.6025,41.1406],[-82.5317,41.0277]]},"properties":{"id":"ncei-2023-1122835","eventId":"1122835","episodeId":"179849","year":2023,"month":6,"date":"2023-06-15","beginTime":"2023-06-15T19:04:00","endTime":"2023-06-15T19:22:00","timezone":"EST-5","state":"OH","stateName":"Ohio","county":"Huron","countyFips":"77","wfo":"CLE","scale":1,"scaleLabel":"EF1","lengthMiles":8.63,"widthYards":1100,"deaths":0,"injuries":0,"propertyDamage":165000,"cropDamage":0,"source":"NWS Storm Survey","dataSource":"CSV"}},{"type":"Feature","geometry":{"type":"LineString","coordinates":[[-82.7052,41.1924],[-82.6807,41.1774]]},"properties":{"id":"ncei-2023-1122861","eventId":"1122861","episodeId":"179849","year":2023,"month":6,"date":"2023-06-15","beginTime":"2023-06-15T18:51:00","endTime":"2023-06-15T18:54:00","timezone":"EST-5","state":"OH","stateName":"Ohio","county":"Huron","countyFips":"77","wfo":"CLE","scale":0,"scaleLabel":"EF0","lengthMiles":1.64,"widthYards":100,"deaths":0,"injuries":0,"propertyDamage":5000,"cropDamage":0,"source":"NWS Storm Survey","dataSource":"CSV"}},{"type":"Feature","geometry":{"type":"LineString","coordinates":[[-99.47,37.86],[-99.47,37.86]]},"properties":{"id":"ncei-2023-1122965","eventId":"1122965","episodeId":"183722","year":2023,"month":7,"date":"2023-07-17","beginTime":"2023-07-17T15:55:00","endTime":"2023-07-17T15:55:00","timezone":"CST-6","state":"KS","stateName":"Kansas","county":"Edwards","countyFips":"47","wfo":"DDC","scale":0,"scaleLabel":"EF0","lengthMiles":0.01,"widthYards":1,"deaths":0,"injuries":0,"propertyDamage":0,"cropDamage":0,"source":"Trained Spotter","dataSource":"CSV"}},{"type":"Feature","geometry":{"type":"LineString","coordinates":[[-82.6608,41.1163],[-82.6508,41.1105]]},"properties":{"id":"ncei-2023-1122970","eventId":"1122970","episodeId":"179849","year":2023,"month":6,"date":"2023-06-15","beginTime":"2023-06-15T19:01:00","endTime":"2023-06-15T19:02:00","timezone":"EST-5","state":"OH","stateName":"Ohio","county":"Huron","countyFips":"77","wfo":"CLE","scale":0,"scaleLabel":"EF0","lengthMiles":0.66,"widthYards":100,"deaths":0,"injuries":0,"propertyDamage":5000,"cropDamage":0,"source":"NWS Storm Survey","dataSource":"CSV"}},{"type":"Feature","geometry":{"type":"LineString","coordinates":[[-82.563,41.0656],[-82.4857,41.0631]]},"properties":{"id":"ncei-2023-1123069","eventId":"1123069","episodeId":"179849","year":2023,"month":6,"date":"2023-06-15","beginTime":"2023-06-15T19:13:00","endTime":"2023-06-15T19:22:00","timezone":"EST-5","state":"OH","stateName":"Ohio","county":"Huron","countyFips":"77","wfo":"CLE","scale":1,"scaleLabel":"EF1","lengthMiles":4.03,"widthYards":250,"deaths":0,"injuries":0,"propertyDamage":60000,"cropDamage":0,"source":"NWS Storm Survey","dataSource":"CSV"}},{"type":"Feature","geometry":{"type":"LineString","coordinates":[[-103.39,39.03],[-103.39,39.03]]},"properties":{"id":"ncei-2023-1123474","eventId":"1123474","episodeId":"183777","year":2023,"month":7,"date":"2023-07-13","beginTime":"2023-07-13T13:00:00","endTime":"2023-07-13T13:01:00","timezone":"MST-7","state":"CO","stateName":"Colorado","county":"Lincoln","countyFips":"73","wfo":"BOU","scale":-1,"scaleLabel":"Unknown","lengthMiles":0.01,"widthYards":25,"deaths":0,"injuries":0,"propertyDamage":0,"cropDamage":0,"source":"Storm Chaser","dataSource":"CSV"}},{"type":"Feature","geometry":{"type":"LineString","coordinates":[[-104.36,39.94],[-104.36,39.94]]},"properties":{"id":"ncei-2023-1123515","eventId":"1123515","episodeId":"183787","year":2023,"month":7,"date":"2023-07-29","beginTime":"2023-07-29T16:30:00","endTime":"2023-07-29T16:31:00","timezone":"MST-7","state":"CO","stateName":"Colorado","county":"Adams","countyFips":"1","wfo":"BOU","scale":-1,"scaleLabel":"Unknown","lengthMiles":0.01,"widthYards":25,"deaths":0,"injuries":0,"propertyDamage":0,"cropDamage":0,"source":"Social Media","dataSource":"CSV"}},{"type":"Feature","geometry":{"type":"LineString","coordinates":[[-104.82,40.86],[-104.82,40.86]]},"properties":{"id":"ncei-2023-1123525","eventId":"1123525","episodeId":"183789","year":2023,"month":7,"date":"2023-07-31","beginTime":"2023-07-31T16:46:00","endTime":"2023-07-31T16:47:00","timezone":"MST-7","state":"CO","stateName":"Colorado","county":"Weld","countyFips":"123","wfo":"BOU","scale":-1,"scaleLabel":"Unknown","lengthMiles":0.01,"widthYards":25,"deaths":0,"injuries":0,"propertyDamage":0,"cropDamage":0,"source":"NWS Employee","dataSource":"CSV"}},{"type":"Feature","geometry":{"type":"LineString","coordinates":[[-86.2114,40.6702],[-86.1718,40.6655]]},"properties":{"id":"ncei-2023-1123837","eventId":"1123837","episodeId":"183809","year":2023,"month":7,"date":"2023-07-29","beginTime":"2023-07-29T01:19:00","endTime":"2023-07-29T01:21:00","timezone":"EST-5","state":"IN","stateName":"Indiana","county":"Cass","countyFips":"17","wfo":"IWX","scale":0,"scaleLabel":"EF0","lengthMiles":2.1,"widthYards":50,"deaths":0,"injuries":0,"propertyDamage":0,"cropDamage":0,"source":"NWS Storm Survey","dataSource":"CSV"}},{"type":"Feature","geometry":{"type":"LineString","coordinates":[[-84.794,41.3266],[-84.7816,41.3309]]},"properties":{"id":"ncei-2023-1123869","eventId":"1123869","episodeId":"183813","year":2023,"month":7,"date":"2023-07-29","beginTime":"2023-07-29T01:53:00","endTime":"2023-07-29T01:54:00","timezone":"EST-5","state":"OH","stateName":"Ohio","county":"Defiance","countyFips":"39","wfo":"IWX","scale":1,"scaleLabel":"EF1","lengthMiles":0.71,"widthYards":100,"deaths":0,"injuries":0,"propertyDamage":55000,"cropDamage":0,"source":"NWS Storm Survey","dataSource":"CSV"}},{"type":"Feature","geometry":{"type":"LineString","coordinates":[[-85.32,41.18],[-85.3098,41.1819]]},"properties":{"id":"ncei-2023-1124133","eventId":"1124133","episodeId":"183809","year":2023,"month":7,"date":"2023-07-29","beginTime":"2023-07-29T01:26:00","endTime":"2023-07-29T01:27:00","timezone":"EST-5","state":"IN","stateName":"Indiana","county":"Whitley","countyFips":"183","wfo":"IWX","scale":0,"scaleLabel":"EF0","lengthMiles":0.6,"widthYards":150,"deaths":0,"injuries":0,"propertyDamage":30000,"cropDamage":0,"source":"NWS Storm Survey","dataSource":"CSV"}},{"type":"Feature","geometry":{"type":"LineString","coordinates":[[-85.3098,41.1819],[-85.27,41.18]]},"properties":{"id":"ncei-2023-1124135","eventId":"1124135","episodeId":"183809","year":2023,"month":7,"date":"2023-07-29","beginTime":"2023-07-29T01:27:00","endTime":"2023-07-29T01:29:00","timezone":"EST-5","state":"IN","stateName":"Indiana","county":"Allen","countyFips":"3","wfo":"IWX","scale":0,"scaleLabel":"EF0","lengthMiles":2.08,"widthYards":150,"deaths":0,"injuries":0,"propertyDamage":30000,"cropDamage":0,"source":"NWS Storm Survey","dataSource":"CSV"}},{"type":"Feature","geometry":{"type":"LineString","coordinates":[[-82.6784,38.1331],[-82.6302,38.136]]},"properties":{"id":"ncei-2023-1124201","eventId":"1124201","episodeId":"183856","year":2023,"month":8,"date":"2023-08-07","beginTime":"2023-08-07T14:00:00","endTime":"2023-08-07T14:07:00","timezone":"EST-5","state":"KY","stateName":"Kentucky","county":"Lawrence","countyFips":"127","wfo":"RLX","scale":1,"scaleLabel":"EF1","lengthMiles":2.63,"widthYards":400,"deaths":0,"injuries":0,"propertyDamage":20000,"cropDamage":0,"source":"NWS Storm Survey","dataSource":"CSV"}},{"type":"Feature","geometry":{"type":"LineString","coordinates":[[-75.18,41.97],[-75.11,41.98]]},"properties":{"id":"ncei-2023-1124333","eventId":"1124333","episodeId":"183501","year":2023,"month":8,"date":"2023-08-12","beginTime":"2023-08-12T17:05:00","endTime":"2023-08-12T17:11:00","timezone":"EST-5","state":"NY","stateName":"New York","county":"Delaware","countyFips":"25","wfo":"BGM","scale":0,"scaleLabel":"EF0","lengthMiles":3.66,"widthYards":150,"deaths":0,"injuries":0,"propertyDamage":15000,"cropDamage":0,"source":"NWS Storm Survey","dataSource":"CSV"}},{"type":"Feature","geometry":{"type":"LineString","coordinates":[[-94.9636,42.0859],[-94.9575,42.0862]]},"properties":{"id":"ncei-2023-1124843","eventId":"1124843","episodeId":"183929","year":2023,"month":8,"date":"2023-08-05","beginTime":"2023-08-05T20:24:00","endTime":"2023-08-05T20:25:00","timezone":"CST-6","state":"IA","stateName":"Iowa","county":"Carroll","countyFips":"27","wfo":"DMX","scale":-1,"scaleLabel":"Unknown","lengthMiles":0.32,"widthYards":25,"deaths":0,"injuries":0,"propertyDamage":0,"cropDamage":0,"source":"Mesonet","dataSource":"CSV"}},{"type":"Feature","geometry":{"type":"LineString","coordinates":[[-94.8951,42.2139],[-94.8848,42.2245]]},"properties":{"id":"ncei-2023-1124845","eventId":"1124845","episodeId":"183929","year":2023,"month":8,"date":"2023-08-05","beginTime":"2023-08-05T20:29:00","endTime":"2023-08-05T20:31:00","timezone":"CST-6","state":"IA","stateName":"Iowa","county":"Sac","countyFips":"161","wfo":"DMX","scale":0,"scaleLabel":"EF0","lengthMiles":0.9,"widthYards":35,"deaths":0,"injuries":0,"propertyDamage":50000,"cropDamage":0,"source":"Emergency Manager","dataSource":"CSV"}},{"type":"Feature","geometry":{"type":"LineString","coordinates":[[-94.9021,42.2235],[-94.9032,42.2281]]},"properties":{"id":"ncei-2023-1124847","eventId":"1124847","episodeId":"183929","year":2023,"month":8,"date":"2023-08-05","beginTime":"2023-08-05T20:30:00","endTime":"2023-08-05T20:31:00","timezone":"CST-6","state":"IA","stateName":"Iowa","county":"Sac","countyFips":"161","wfo":"DMX","scale":-1,"scaleLabel":"Unknown","lengthMiles":0.32,"widthYards":50,"deaths":0,"injuries":0,"propertyDamage":0,"cropDamage":0,"source":"Mesonet","dataSource":"CSV"}},{"type":"Feature","geometry":{"type":"LineString","coordinates":[[-85.7414,43.0642],[-85.5774,43.0939]]},"properties":{"id":"ncei-2023-1125048","eventId":"1125048","episodeId":"183927","year":2023,"month":8,"date":"2023-08-24","beginTime":"2023-08-24T19:15:00","endTime":"2023-08-24T19:30:00","timezone":"EST-5","state":"MI","stateName":"Michigan","county":"Kent","countyFips":"81","wfo":"GRR","scale":1,"scaleLabel":"EF1","lengthMiles":8.7,"widthYards":100,"deaths":0,"injuries":0,"propertyDamage":10000000,"cropDamage":0,"source":"NWS Storm Survey","dataSource":"CSV"}},{"type":"Feature","geometry":{"type":"LineString","coordinates":[[-84.3131,42.6535],[-84.1477,42.6441]]},"properties":{"id":"ncei-2023-1125089","eventId":"1125089","episodeId":"183927","year":2023,"month":8,"date":"2023-08-24","beginTime":"2023-08-24T20:29:00","endTime":"2023-08-24T20:40:00","timezone":"EST-5","state":"MI","stateName":"Michigan","county":"Ingham","countyFips":"65","wfo":"GRR","scale":2,"scaleLabel":"EF2","lengthMiles":10.7,"widthYards":500,"deaths":2,"injuries":4,"propertyDamage":75000000,"cropDamage":0,"source":"NWS Storm Survey","dataSource":"CSV"}},{"type":"Feature","geometry":{"type":"LineString","coordinates":[[-99.69,42],[-99.53,41.95]]},"properties":{"id":"ncei-2023-1125199","eventId":"1125199","episodeId":"183992","year":2023,"month":7,"date":"2023-07-25","beginTime":"2023-07-25T20:25:00","endTime":"2023-07-25T20:38:00","timezone":"CST-6","state":"NE","stateName":"Nebraska","county":"Loup","countyFips":"115","wfo":"LBF","scale":0,"scaleLabel":"EF0","lengthMiles":7.55,"widthYards":35,"deaths":0,"injuries":0,"propertyDamage":0,"cropDamage":0,"source":"Law Enforcement","dataSource":"CSV"}},{"type":"Feature","geometry":{"type":"LineString","coordinates":[[-102.0855,42.4177],[-101.9346,42.3259]]},"properties":{"id":"ncei-2023-1125269","eventId":"1125269","episodeId":"183463","year":2023,"month":7,"date":"2023-07-18","beginTime":"2023-07-18T15:37:00","endTime":"2023-07-18T15:42:00","timezone":"MST-7","state":"NE","stateName":"Nebraska","county":"Sheridan","countyFips":"161","wfo":"LBF","scale":-1,"scaleLabel":"Unknown","lengthMiles":1.5,"widthYards":50,"deaths":0,"injuries":0,"propertyDamage":0,"cropDamage":0,"source":"Public","dataSource":"CSV"}},{"type":"Feature","geometry":{"type":"LineString","coordinates":[[-96.71,41.71],[-96.71,41.71]]},"properties":{"id":"ncei-2023-1125472","eventId":"1125472","episodeId":"184030","year":2023,"month":8,"date":"2023-08-05","beginTime":"2023-08-05T18:53:00","endTime":"2023-08-05T18:53:00","timezone":"CST-6","state":"NE","stateName":"Nebraska","county":"Dodge","countyFips":"53","wfo":"OAX","scale":-1,"scaleLabel":"Unknown","lengthMiles":0.1,"widthYards":25,"deaths":0,"injuries":0,"propertyDamage":0,"cropDamage":0,"source":"Emergency Manager","dataSource":"CSV"}},{"type":"Feature","geometry":{"type":"LineString","coordinates":[[-75.51,43.46],[-75.42,43.65]]},"properties":{"id":"ncei-2023-1125496","eventId":"1125496","episodeId":"184051","year":2023,"month":8,"date":"2023-08-07","beginTime":"2023-08-07T18:42:00","endTime":"2023-08-07T19:14:00","timezone":"EST-5","state":"NY","stateName":"New York","county":"Lewis","countyFips":"49","wfo":"BUF","scale":3,"scaleLabel":"EF3","lengthMiles":16,"widthYards":700,"deaths":0,"injuries":0,"propertyDamage":1500000,"cropDamage":0,"source":"NWS Storm Survey","dataSource":"CSV"}},{"type":"Feature","geometry":{"type":"LineString","coordinates":[[-75.7,43.54],[-75.69,43.55]]},"properties":{"id":"ncei-2023-1125502","eventId":"1125502","episodeId":"184051","year":2023,"month":8,"date":"2023-08-07","beginTime":"2023-08-07T18:27:00","endTime":"2023-08-07T18:30:00","timezone":"EST-5","state":"NY","stateName":"New York","county":"Lewis","countyFips":"49","wfo":"BUF","scale":-1,"scaleLabel":"Unknown","lengthMiles":0.85,"widthYards":100,"deaths":0,"injuries":0,"propertyDamage":5000,"cropDamage":0,"source":"Other Federal Agency","dataSource":"CSV"}},{"type":"Feature","geometry":{"type":"LineString","coordinates":[[-82.6302,38.136],[-82.5625,38.1365]]},"properties":{"id":"ncei-2023-1125516","eventId":"1125516","episodeId":"183089","year":2023,"month":8,"date":"2023-08-07","beginTime":"2023-08-07T14:07:00","endTime":"2023-08-07T14:10:00","timezone":"EST-5","state":"WV","stateName":"West Virginia","county":"Wayne","countyFips":"99","wfo":"RLX","scale":1,"scaleLabel":"EF1","lengthMiles":3.68,"widthYards":250,"deaths":0,"injuries":0,"propertyDamage":3000,"cropDamage":0,"source":"NWS Storm Survey","dataSource":"CSV"}},{"type":"Feature","geometry":{"type":"LineString","coordinates":[[-84.6056,34.4937],[-84.5673,34.4774]]},"properties":{"id":"ncei-2023-1125519","eventId":"1125519","episodeId":"183129","year":2023,"month":7,"date":"2023-07-20","beginTime":"2023-07-20T16:13:00","endTime":"2023-07-20T16:17:00","timezone":"EST-5","state":"GA","stateName":"Georgia","county":"Pickens","countyFips":"227","wfo":"FFC","scale":0,"scaleLabel":"EF0","lengthMiles":2.45,"widthYards":100,"deaths":0,"injuries":0,"propertyDamage":0,"cropDamage":0,"source":"NWS Storm Survey","dataSource":"CSV"}},{"type":"Feature","geometry":{"type":"LineString","coordinates":[[-84.3531,34.461],[-84.3221,34.4536]]},"properties":{"id":"ncei-2023-1125533","eventId":"1125533","episodeId":"183129","year":2023,"month":7,"date":"2023-07-20","beginTime":"2023-07-20T16:23:00","endTime":"2023-07-20T16:26:00","timezone":"EST-5","state":"GA","stateName":"Georgia","county":"Pickens","countyFips":"227","wfo":"FFC","scale":1,"scaleLabel":"EF1","lengthMiles":1.9,"widthYards":100,"deaths":0,"injuries":0,"propertyDamage":0,"cropDamage":0,"source":"NWS Storm Survey","dataSource":"CSV"}},{"type":"Feature","geometry":{"type":"LineString","coordinates":[[-73.3608,43.7316],[-73.1341,43.7824]]},"properties":{"id":"ncei-2023-1125796","eventId":"1125796","episodeId":"184076","year":2023,"month":7,"date":"2023-07-13","beginTime":"2023-07-13T17:04:00","endTime":"2023-07-13T17:26:00","timezone":"EST-5","state":"VT","stateName":"Vermont","county":"Rutland","countyFips":"21","wfo":"BTV","scale":0,"scaleLabel":"EF0","lengthMiles":11.85,"widthYards":20,"deaths":0,"injuries":0,"propertyDamage":50000,"cropDamage":0,"source":"NWS Storm Survey","dataSource":"CSV"}},{"type":"Feature","geometry":{"type":"LineString","coordinates":[[-103.16,38.53],[-103.1457,38.5361]]},"properties":{"id":"ncei-2023-1126148","eventId":"1126148","episodeId":"184126","year":2023,"month":7,"date":"2023-07-06","beginTime":"2023-07-06T19:29:00","endTime":"2023-07-06T19:31:00","timezone":"MST-7","state":"CO","stateName":"Colorado","county":"Kiowa","countyFips":"61","wfo":"PUB","scale":-1,"scaleLabel":"Unknown","lengthMiles":0.88,"widthYards":20,"deaths":0,"injuries":0,"propertyDamage":0,"cropDamage":0,"source":"Storm Chaser","dataSource":"CSV"}},{"type":"Feature","geometry":{"type":"LineString","coordinates":[[-103.2605,37.4217],[-103.2519,37.4247]]},"properties":{"id":"ncei-2023-1126200","eventId":"1126200","episodeId":"184126","year":2023,"month":7,"date":"2023-07-08","beginTime":"2023-07-08T19:44:00","endTime":"2023-07-08T19:48:00","timezone":"MST-7","state":"CO","stateName":"Colorado","county":"Las Animas","countyFips":"71","wfo":"PUB","scale":-1,"scaleLabel":"Unknown","lengthMiles":0.52,"widthYards":20,"deaths":0,"injuries":0,"propertyDamage":0,"cropDamage":0,"source":"Storm Chaser","dataSource":"CSV"}},{"type":"Feature","geometry":{"type":"LineString","coordinates":[[-112.38,34.62],[-112.391,34.6987]]},"properties":{"id":"ncei-2023-1126495","eventId":"1126495","episodeId":"184169","year":2023,"month":7,"date":"2023-07-17","beginTime":"2023-07-17T17:00:00","endTime":"2023-07-17T17:09:00","timezone":"MST-7","state":"AZ","stateName":"Arizona","county":"Yavapai","countyFips":"25","wfo":"FGZ","scale":0,"scaleLabel":"EF0","lengthMiles":5.47,"widthYards":10,"deaths":0,"injuries":0,"propertyDamage":0,"cropDamage":0,"source":"Public","dataSource":"CSV"}},{"type":"Feature","geometry":{"type":"LineString","coordinates":[[-82.2738,40.9343],[-82.2578,40.9211]]},"properties":{"id":"ncei-2023-1126604","eventId":"1126604","episodeId":"179849","year":2023,"month":6,"date":"2023-06-15","beginTime":"2023-06-15T19:46:00","endTime":"2023-06-15T19:48:00","timezone":"EST-5","state":"OH","stateName":"Ohio","county":"Ashland","countyFips":"5","wfo":"CLE","scale":0,"scaleLabel":"EF0","lengthMiles":1.24,"widthYards":300,"deaths":0,"injuries":0,"propertyDamage":70000,"cropDamage":0,"source":"NWS Storm Survey","dataSource":"CSV"}},{"type":"Feature","geometry":{"type":"LineString","coordinates":[[-88.9398,42.3274],[-88.8932,42.3362]]},"properties":{"id":"ncei-2023-1126607","eventId":"1126607","episodeId":"184189","year":2023,"month":7,"date":"2023-07-12","beginTime":"2023-07-12T16:25:00","endTime":"2023-07-12T16:29:00","timezone":"CST-6","state":"IL","stateName":"Illinois","county":"Boone","countyFips":"7","wfo":"LOT","scale":0,"scaleLabel":"EF0","lengthMiles":2.46,"widthYards":175,"deaths":0,"injuries":0,"propertyDamage":0,"cropDamage":0,"source":"NWS Storm Survey","dataSource":"CSV"}},{"type":"Feature","geometry":{"type":"LineString","coordinates":[[-88.3334,41.6926],[-88.2636,41.7221]]},"properties":{"id":"ncei-2023-1126608","eventId":"1126608","episodeId":"184189","year":2023,"month":7,"date":"2023-07-12","beginTime":"2023-07-12T16:36:00","endTime":"2023-07-12T16:44:00","timezone":"CST-6","state":"IL","stateName":"Illinois","county":"Kendall","countyFips":"93","wfo":"LOT","scale":0,"scaleLabel":"EF0","lengthMiles":4.14,"widthYards":100,"deaths":0,"injuries":0,"propertyDamage":0,"cropDamage":0,"source":"NWS Storm Survey","dataSource":"CSV"}},{"type":"Feature","geometry":{"type":"LineString","coordinates":[[-88.5188,42.1544],[-88.3941,42.1631]]},"properties":{"id":"ncei-2023-1126609","eventId":"1126609","episodeId":"184189","year":2023,"month":7,"date":"2023-07-12","beginTime":"2023-07-12T17:06:00","endTime":"2023-07-12T17:17:00","timezone":"CST-6","state":"IL","stateName":"Illinois","county":"Mchenry","countyFips":"111","wfo":"LOT","scale":1,"scaleLabel":"EF1","lengthMiles":6.42,"widthYards":200,"deaths":0,"injuries":0,"propertyDamage":0,"cropDamage":0,"source":"NWS Storm Survey","dataSource":"CSV"}},{"type":"Feature","geometry":{"type":"LineString","coordinates":[[-87.9281,41.7474],[-87.9155,41.7511]]},"properties":{"id":"ncei-2023-1126615","eventId":"1126615","episodeId":"184189","year":2023,"month":7,"date":"2023-07-12","beginTime":"2023-07-12T17:09:00","endTime":"2023-07-12T17:10:00","timezone":"CST-6","state":"IL","stateName":"Illinois","county":"Du Page","countyFips":"43","wfo":"LOT","scale":1,"scaleLabel":"EF1","lengthMiles":0.7,"widthYards":150,"deaths":0,"injuries":0,"propertyDamage":0,"cropDamage":0,"source":"NWS Storm Survey","dataSource":"CSV"}},{"type":"Feature","geometry":{"type":"LineString","coordinates":[[-87.9155,41.7511],[-87.7809,41.8188]]},"properties":{"id":"ncei-2023-1126616","eventId":"1126616","episodeId":"184189","year":2023,"month":7,"date":"2023-07-12","beginTime":"2023-07-12T17:10:00","endTime":"2023-07-12T17:27:00","timezone":"CST-6","state":"IL","stateName":"Illinois","county":"Cook","countyFips":"31","wfo":"LOT","scale":1,"scaleLabel":"EF1","lengthMiles":8.36,"widthYards":150,"deaths":0,"injuries":1,"propertyDamage":0,"cropDamage":0,"source":"NWS Storm Survey","dataSource":"CSV"}},{"type":"Feature","geometry":{"type":"LineString","coordinates":[[-88.4476,42.0112],[-88.2632,42.0119]]},"properties":{"id":"ncei-2023-1126617","eventId":"1126617","episodeId":"184189","year":2023,"month":7,"date":"2023-07-12","beginTime":"2023-07-12T17:16:00","endTime":"2023-07-12T17:32:00","timezone":"CST-6","state":"IL","stateName":"Illinois","county":"Kane","countyFips":"89","wfo":"LOT","scale":1,"scaleLabel":"EF1","lengthMiles":9.47,"widthYards":440,"deaths":0,"injuries":0,"propertyDamage":0,"cropDamage":0,"source":"NWS Storm Survey","dataSource":"CSV"}},{"type":"Feature","geometry":{"type":"LineString","coordinates":[[-85.001,38.012],[-84.946,38.032]]},"properties":{"id":"ncei-2023-1126632","eventId":"1126632","episodeId":"183858","year":2023,"month":7,"date":"2023-07-02","beginTime":"2023-07-02T14:55:00","endTime":"2023-07-02T14:59:00","timezone":"EST-5","state":"KY","stateName":"Kentucky","county":"Anderson","countyFips":"5","wfo":"LMK","scale":1,"scaleLabel":"EF1","lengthMiles":3.57,"widthYards":400,"deaths":0,"injuries":0,"propertyDamage":0,"cropDamage":0,"source":"NWS Storm Survey","dataSource":"CSV"}},{"type":"Feature","geometry":{"type":"LineString","coordinates":[[-88.2632,42.0119],[-88.2346,42.0138]]},"properties":{"id":"ncei-2023-1126633","eventId":"1126633","episodeId":"184189","year":2023,"month":7,"date":"2023-07-12","beginTime":"2023-07-12T17:32:00","endTime":"2023-07-12T17:34:00","timezone":"CST-6","state":"IL","stateName":"Illinois","county":"Cook","countyFips":"31","wfo":"LOT","scale":1,"scaleLabel":"EF1","lengthMiles":1.47,"widthYards":440,"deaths":0,"injuries":0,"propertyDamage":0,"cropDamage":0,"source":"NWS Storm Survey","dataSource":"CSV"}},{"type":"Feature","geometry":{"type":"LineString","coordinates":[[-84.9794,37.3809],[-84.9787,37.3792]]},"properties":{"id":"ncei-2023-1126634","eventId":"1126634","episodeId":"183858","year":2023,"month":7,"date":"2023-07-02","beginTime":"2023-07-02T18:55:00","endTime":"2023-07-02T18:56:00","timezone":"EST-5","state":"KY","stateName":"Kentucky","county":"Casey","countyFips":"45","wfo":"LMK","scale":1,"scaleLabel":"EF1","lengthMiles":0.12,"widthYards":40,"deaths":0,"injuries":0,"propertyDamage":0,"cropDamage":0,"source":"NWS Storm Survey","dataSource":"CSV"}},{"type":"Feature","geometry":{"type":"LineString","coordinates":[[-88.4125,41.9873],[-88.3629,41.9949]]},"properties":{"id":"ncei-2023-1126635","eventId":"1126635","episodeId":"184189","year":2023,"month":7,"date":"2023-07-12","beginTime":"2023-07-12T17:18:00","endTime":"2023-07-12T17:23:00","timezone":"CST-6","state":"IL","stateName":"Illinois","county":"Kane","countyFips":"89","wfo":"LOT","scale":0,"scaleLabel":"EF0","lengthMiles":2.6,"widthYards":100,"deaths":0,"injuries":0,"propertyDamage":0,"cropDamage":0,"source":"NWS Storm Survey","dataSource":"CSV"}},{"type":"Feature","geometry":{"type":"LineString","coordinates":[[-88.2051,42.1691],[-88.1998,42.1694]]},"properties":{"id":"ncei-2023-1126636","eventId":"1126636","episodeId":"184189","year":2023,"month":7,"date":"2023-07-12","beginTime":"2023-07-12T17:33:00","endTime":"2023-07-12T17:34:00","timezone":"CST-6","state":"IL","stateName":"Illinois","county":"Mchenry","countyFips":"111","wfo":"LOT","scale":0,"scaleLabel":"EF0","lengthMiles":0.27,"widthYards":125,"deaths":0,"injuries":0,"propertyDamage":0,"cropDamage":0,"source":"NWS Storm Survey","dataSource":"CSV"}},{"type":"Feature","geometry":{"type":"LineString","coordinates":[[-88.1998,42.1694],[-88.1392,42.1729]]},"properties":{"id":"ncei-2023-1126638","eventId":"1126638","episodeId":"184189","year":2023,"month":7,"date":"2023-07-12","beginTime":"2023-07-12T17:34:00","endTime":"2023-07-12T17:39:00","timezone":"CST-6","state":"IL","stateName":"Illinois","county":"Lake","countyFips":"97","wfo":"LOT","scale":0,"scaleLabel":"EF0","lengthMiles":3.11,"widthYards":125,"deaths":0,"injuries":0,"propertyDamage":0,"cropDamage":0,"source":"NWS Storm Survey","dataSource":"CSV"}},{"type":"Feature","geometry":{"type":"LineString","coordinates":[[-88.1538,42.0122],[-88.1448,42.0137]]},"properties":{"id":"ncei-2023-1126641","eventId":"1126641","episodeId":"184189","year":2023,"month":7,"date":"2023-07-12","beginTime":"2023-07-12T17:41:00","endTime":"2023-07-12T17:42:00","timezone":"CST-6","state":"IL","stateName":"Illinois","county":"Cook","countyFips":"31","wfo":"LOT","scale":0,"scaleLabel":"EF0","lengthMiles":0.47,"widthYards":80,"deaths":0,"injuries":0,"propertyDamage":0,"cropDamage":0,"source":"NWS Storm Survey","dataSource":"CSV"}},{"type":"Feature","geometry":{"type":"LineString","coordinates":[[-88.1209,42.0139],[-88.1004,42.0124]]},"properties":{"id":"ncei-2023-1126643","eventId":"1126643","episodeId":"184189","year":2023,"month":7,"date":"2023-07-12","beginTime":"2023-07-12T17:43:00","endTime":"2023-07-12T17:45:00","timezone":"CST-6","state":"IL","stateName":"Illinois","county":"Cook","countyFips":"31","wfo":"LOT","scale":0,"scaleLabel":"EF0","lengthMiles":1.06,"widthYards":80,"deaths":0,"injuries":0,"propertyDamage":0,"cropDamage":0,"source":"NWS Storm Survey","dataSource":"CSV"}},{"type":"Feature","geometry":{"type":"LineString","coordinates":[[-88.1409,41.9271],[-88.0864,41.9177]]},"properties":{"id":"ncei-2023-1126644","eventId":"1126644","episodeId":"184189","year":2023,"month":7,"date":"2023-07-12","beginTime":"2023-07-12T17:44:00","endTime":"2023-07-12T17:50:00","timezone":"CST-6","state":"IL","stateName":"Illinois","county":"Du Page","countyFips":"43","wfo":"LOT","scale":0,"scaleLabel":"EF0","lengthMiles":2.88,"widthYards":125,"deaths":0,"injuries":0,"propertyDamage":0,"cropDamage":0,"source":"NWS Storm Survey","dataSource":"CSV"}},{"type":"Feature","geometry":{"type":"LineString","coordinates":[[-87.9998,41.9823],[-87.941,41.9935]]},"properties":{"id":"ncei-2023-1126646","eventId":"1126646","episodeId":"184189","year":2023,"month":7,"date":"2023-07-12","beginTime":"2023-07-12T17:54:00","endTime":"2023-07-12T17:59:00","timezone":"CST-6","state":"IL","stateName":"Illinois","county":"Du Page","countyFips":"43","wfo":"LOT","scale":0,"scaleLabel":"EF0","lengthMiles":3.12,"widthYards":225,"deaths":0,"injuries":0,"propertyDamage":0,"cropDamage":0,"source":"NWS Storm Survey","dataSource":"CSV"}},{"type":"Feature","geometry":{"type":"LineString","coordinates":[[-87.941,41.9935],[-87.9366,41.9967]]},"properties":{"id":"ncei-2023-1126648","eventId":"1126648","episodeId":"184189","year":2023,"month":7,"date":"2023-07-12","beginTime":"2023-07-12T17:59:00","endTime":"2023-07-12T18:00:00","timezone":"CST-6","state":"IL","stateName":"Illinois","county":"Cook","countyFips":"31","wfo":"LOT","scale":0,"scaleLabel":"EF0","lengthMiles":0.32,"widthYards":225,"deaths":0,"injuries":0,"propertyDamage":0,"cropDamage":0,"source":"NWS Storm Survey","dataSource":"CSV"}},{"type":"Feature","geometry":{"type":"LineString","coordinates":[[-88.0123,42.1867],[-87.9729,42.1949]]},"properties":{"id":"ncei-2023-1126649","eventId":"1126649","episodeId":"184189","year":2023,"month":7,"date":"2023-07-12","beginTime":"2023-07-12T17:52:00","endTime":"2023-07-12T17:56:00","timezone":"CST-6","state":"IL","stateName":"Illinois","county":"Lake","countyFips":"97","wfo":"LOT","scale":0,"scaleLabel":"EF0","lengthMiles":2.1,"widthYards":125,"deaths":0,"injuries":0,"propertyDamage":0,"cropDamage":0,"source":"NWS Storm Survey","dataSource":"CSV"}},{"type":"Feature","geometry":{"type":"LineString","coordinates":[[-88.217,41.8167],[-88.0528,41.849]]},"properties":{"id":"ncei-2023-1126877","eventId":"1126877","episodeId":"184205","year":2023,"month":7,"date":"2023-07-14","beginTime":"2023-07-14T19:58:00","endTime":"2023-07-14T20:10:00","timezone":"CST-6","state":"IL","stateName":"Illinois","county":"Du Page","countyFips":"43","wfo":"LOT","scale":0,"scaleLabel":"EF0","lengthMiles":8.74,"widthYards":400,"deaths":0,"injuries":0,"propertyDamage":0,"cropDamage":0,"source":"NWS Storm Survey","dataSource":"CSV"}},{"type":"Feature","geometry":{"type":"LineString","coordinates":[[-102.78,37.18],[-102.7755,37.18]]},"properties":{"id":"ncei-2023-1127046","eventId":"1127046","episodeId":"184129","year":2023,"month":7,"date":"2023-07-13","beginTime":"2023-07-13T18:16:00","endTime":"2023-07-13T18:17:00","timezone":"MST-7","state":"CO","stateName":"Colorado","county":"Baca","countyFips":"9","wfo":"PUB","scale":0,"scaleLabel":"EF0","lengthMiles":0.25,"widthYards":10,"deaths":0,"injuries":0,"propertyDamage":0,"cropDamage":0,"source":"Fire Department/Rescue","dataSource":"CSV"}},{"type":"Feature","geometry":{"type":"LineString","coordinates":[[-102.59,37.09],[-102.59,37.09]]},"properties":{"id":"ncei-2023-1127047","eventId":"1127047","episodeId":"184129","year":2023,"month":7,"date":"2023-07-13","beginTime":"2023-07-13T18:44:00","endTime":"2023-07-13T18:45:00","timezone":"MST-7","state":"CO","stateName":"Colorado","county":"Baca","countyFips":"9","wfo":"PUB","scale":0,"scaleLabel":"EF0","lengthMiles":0.01,"widthYards":10,"deaths":0,"injuries":0,"propertyDamage":0,"cropDamage":0,"source":"Fire Department/Rescue","dataSource":"CSV"}},{"type":"Feature","geometry":{"type":"LineString","coordinates":[[-98.81,44.26],[-98.8088,44.2596]]},"properties":{"id":"ncei-2023-1127245","eventId":"1127245","episodeId":"182921","year":2023,"month":7,"date":"2023-07-25","beginTime":"2023-07-25T19:55:00","endTime":"2023-07-25T19:58:00","timezone":"CST-6","state":"SD","stateName":"South Dakota","county":"Hand","countyFips":"59","wfo":"ABR","scale":0,"scaleLabel":"EF0","lengthMiles":0.06,"widthYards":10,"deaths":0,"injuries":0,"propertyDamage":0,"cropDamage":0,"source":"Emergency Manager","dataSource":"CSV"}},{"type":"Feature","geometry":{"type":"LineString","coordinates":[[-81.5535,31.1229],[-81.6761,31.2161]]},"properties":{"id":"ncei-2023-1127554","eventId":"1127554","episodeId":"184042","year":2023,"month":8,"date":"2023-08-30","beginTime":"2023-08-30T06:30:00","endTime":"2023-08-30T06:39:00","timezone":"EST-5","state":"GA","stateName":"Georgia","county":"Glynn","countyFips":"127","wfo":"JAX","scale":0,"scaleLabel":"EF0","lengthMiles":9.78,"widthYards":50,"deaths":0,"injuries":0,"propertyDamage":0,"cropDamage":0,"source":"NWS Storm Survey","dataSource":"CSV"}},{"type":"Feature","geometry":{"type":"LineString","coordinates":[[-81.4935,31.1505],[-81.5505,31.253]]},"properties":{"id":"ncei-2023-1127557","eventId":"1127557","episodeId":"184042","year":2023,"month":8,"date":"2023-08-30","beginTime":"2023-08-30T06:40:00","endTime":"2023-08-30T06:49:00","timezone":"EST-5","state":"GA","stateName":"Georgia","county":"Glynn","countyFips":"127","wfo":"JAX","scale":1,"scaleLabel":"EF1","lengthMiles":7.91,"widthYards":300,"deaths":0,"injuries":0,"propertyDamage":0,"cropDamage":0,"source":"NWS Storm Survey","dataSource":"CSV"}},{"type":"Feature","geometry":{"type":"LineString","coordinates":[[-81.4066,31.1547],[-81.4079,31.1591]]},"properties":{"id":"ncei-2023-1127558","eventId":"1127558","episodeId":"184042","year":2023,"month":8,"date":"2023-08-30","beginTime":"2023-08-30T07:05:00","endTime":"2023-08-30T07:07:00","timezone":"EST-5","state":"GA","stateName":"Georgia","county":"Glynn","countyFips":"127","wfo":"JAX","scale":1,"scaleLabel":"EF1","lengthMiles":0.32,"widthYards":50,"deaths":0,"injuries":0,"propertyDamage":0,"cropDamage":0,"source":"NWS Storm Survey","dataSource":"CSV"}},{"type":"Feature","geometry":{"type":"LineString","coordinates":[[-82.0671,39.2883],[-82.0269,39.3009]]},"properties":{"id":"ncei-2023-1128311","eventId":"1128311","episodeId":"184338","year":2023,"month":8,"date":"2023-08-12","beginTime":"2023-08-12T18:33:00","endTime":"2023-08-12T18:43:00","timezone":"EST-5","state":"OH","stateName":"Ohio","county":"Athens","countyFips":"9","wfo":"RLX","scale":1,"scaleLabel":"EF1","lengthMiles":2.32,"widthYards":300,"deaths":0,"injuries":0,"propertyDamage":10000,"cropDamage":0,"source":"NWS Storm Survey","dataSource":"CSV"}},{"type":"Feature","geometry":{"type":"LineString","coordinates":[[-118.7593,47.7504],[-118.74,47.75]]},"properties":{"id":"ncei-2023-1128542","eventId":"1128542","episodeId":"184350","year":2023,"month":7,"date":"2023-07-10","beginTime":"2023-07-10T14:45:00","endTime":"2023-07-10T15:00:00","timezone":"PST-8","state":"WA","stateName":"Washington","county":"Lincoln","countyFips":"43","wfo":"OTX","scale":0,"scaleLabel":"EF0","lengthMiles":0.9,"widthYards":40,"deaths":0,"injuries":0,"propertyDamage":0,"cropDamage":0,"source":"Public","dataSource":"CSV"}},{"type":"Feature","geometry":{"type":"LineString","coordinates":[[-105.0565,38.9133],[-105.0295,38.9115]]},"properties":{"id":"ncei-2023-1128704","eventId":"1128704","episodeId":"184387","year":2023,"month":7,"date":"2023-07-20","beginTime":"2023-07-20T13:00:00","endTime":"2023-07-20T13:08:00","timezone":"MST-7","state":"CO","stateName":"Colorado","county":"Teller","countyFips":"119","wfo":"PUB","scale":1,"scaleLabel":"EF1","lengthMiles":1.45,"widthYards":75,"deaths":0,"injuries":0,"propertyDamage":0,"cropDamage":0,"source":"NWS Storm Survey","dataSource":"CSV"}},{"type":"Feature","geometry":{"type":"LineString","coordinates":[[-85.1807,37.5782],[-85.179,37.5792]]},"properties":{"id":"ncei-2023-1128857","eventId":"1128857","episodeId":"184400","year":2023,"month":7,"date":"2023-07-18","beginTime":"2023-07-18T17:54:00","endTime":"2023-07-18T17:55:00","timezone":"EST-5","state":"KY","stateName":"Kentucky","county":"Marion","countyFips":"155","wfo":"LMK","scale":0,"scaleLabel":"EF0","lengthMiles":0.11,"widthYards":20,"deaths":0,"injuries":0,"propertyDamage":0,"cropDamage":0,"source":"NWS Storm Survey","dataSource":"CSV"}},{"type":"Feature","geometry":{"type":"LineString","coordinates":[[-77.8778,36.0009],[-77.7567,36.0359]]},"properties":{"id":"ncei-2023-1128943","eventId":"1128943","episodeId":"183038","year":2023,"month":7,"date":"2023-07-19","beginTime":"2023-07-19T11:25:00","endTime":"2023-07-19T11:42:00","timezone":"EST-5","state":"NC","stateName":"North Carolina","county":"Nash","countyFips":"127","wfo":"RAH","scale":3,"scaleLabel":"EF3","lengthMiles":7.19,"widthYards":600,"deaths":0,"injuries":16,"propertyDamage":300000000,"cropDamage":0,"source":"NWS Storm Survey","dataSource":"CSV"}},{"type":"Feature","geometry":{"type":"LineString","coordinates":[[-77.7567,36.0359],[-77.6477,36.0613]]},"properties":{"id":"ncei-2023-1128944","eventId":"1128944","episodeId":"183038","year":2023,"month":7,"date":"2023-07-19","beginTime":"2023-07-19T11:42:00","endTime":"2023-07-19T11:58:00","timezone":"EST-5","state":"NC","stateName":"North Carolina","county":"Edgecombe","countyFips":"65","wfo":"RAH","scale":3,"scaleLabel":"EF3","lengthMiles":6.34,"widthYards":600,"deaths":0,"injuries":0,"propertyDamage":250000,"cropDamage":0,"source":"NWS Storm Survey","dataSource":"CSV"}},{"type":"Feature","geometry":{"type":"LineString","coordinates":[[-81.7563,26.1455],[-81.7677,26.1415]]},"properties":{"id":"ncei-2023-1129159","eventId":"1129159","episodeId":"184456","year":2023,"month":8,"date":"2023-08-24","beginTime":"2023-08-24T15:55:00","endTime":"2023-08-24T15:58:00","timezone":"EST-5","state":"FL","stateName":"Florida","county":"Collier","countyFips":"21","wfo":"MFL","scale":0,"scaleLabel":"EF0","lengthMiles":0.76,"widthYards":50,"deaths":0,"injuries":0,"propertyDamage":100000,"cropDamage":0,"source":"NWS Storm Survey","dataSource":"CSV"}},{"type":"Feature","geometry":{"type":"LineString","coordinates":[[-105.27,35.79],[-105.25,35.8]]},"properties":{"id":"ncei-2023-1129364","eventId":"1129364","episodeId":"184491","year":2023,"month":10,"date":"2023-10-01","beginTime":"2023-10-01T17:12:00","endTime":"2023-10-01T17:18:00","timezone":"MST-7","state":"NM","stateName":"New Mexico","county":"San Miguel","countyFips":"47","wfo":"ABQ","scale":0,"scaleLabel":"EF0","lengthMiles":1.32,"widthYards":50,"deaths":0,"injuries":0,"propertyDamage":100000,"cropDamage":0,"source":"Emergency Manager","dataSource":"CSV"}},{"type":"Feature","geometry":{"type":"LineString","coordinates":[[-89.5603,42.8112],[-89.56,42.8118]]},"properties":{"id":"ncei-2023-1129389","eventId":"1129389","episodeId":"184495","year":2023,"month":9,"date":"2023-09-25","beginTime":"2023-09-25T17:10:00","endTime":"2023-09-25T17:11:00","timezone":"CST-6","state":"WI","stateName":"Wisconsin","county":"Green","countyFips":"45","wfo":"MKX","scale":-1,"scaleLabel":"Unknown","lengthMiles":0.04,"widthYards":25,"deaths":0,"injuries":0,"propertyDamage":0,"cropDamage":0,"source":"NWS Storm Survey","dataSource":"CSV"}},{"type":"Feature","geometry":{"type":"LineString","coordinates":[[-90.9879,42.3382],[-90.965,42.3396]]},"properties":{"id":"ncei-2023-1129586","eventId":"1129586","episodeId":"184501","year":2023,"month":8,"date":"2023-08-14","beginTime":"2023-08-14T12:25:00","endTime":"2023-08-14T12:28:00","timezone":"CST-6","state":"IA","stateName":"Iowa","county":"Dubuque","countyFips":"61","wfo":"DVN","scale":-1,"scaleLabel":"Unknown","lengthMiles":1.23,"widthYards":20,"deaths":0,"injuries":0,"propertyDamage":0,"cropDamage":0,"source":"Public","dataSource":"CSV"}},{"type":"Feature","geometry":{"type":"LineString","coordinates":[[-91.0899,40.5776],[-90.9385,40.5833]]},"properties":{"id":"ncei-2023-1129596","eventId":"1129596","episodeId":"184506","year":2023,"month":8,"date":"2023-08-06","beginTime":"2023-08-06T16:40:00","endTime":"2023-08-06T17:15:00","timezone":"CST-6","state":"IL","stateName":"Illinois","county":"Hancock","countyFips":"67","wfo":"DVN","scale":-1,"scaleLabel":"Unknown","lengthMiles":8.01,"widthYards":20,"deaths":0,"injuries":0,"propertyDamage":0,"cropDamage":0,"source":"Storm Chaser","dataSource":"CSV"}},{"type":"Feature","geometry":{"type":"LineString","coordinates":[[-111.3535,32.3209],[-111.3536,32.3224]]},"properties":{"id":"ncei-2023-1129601","eventId":"1129601","episodeId":"184510","year":2023,"month":8,"date":"2023-08-13","beginTime":"2023-08-13T18:09:00","endTime":"2023-08-13T18:11:00","timezone":"MST-7","state":"AZ","stateName":"Arizona","county":"Pima","countyFips":"19","wfo":"TWC","scale":0,"scaleLabel":"EF0","lengthMiles":0.1,"widthYards":25,"deaths":0,"injuries":0,"propertyDamage":0,"cropDamage":0,"source":"Trained Spotter","dataSource":"CSV"}},{"type":"Feature","geometry":{"type":"LineString","coordinates":[[-84.268,42.828],[-84.208,42.826]]},"properties":{"id":"ncei-2023-1129697","eventId":"1129697","episodeId":"184528","year":2023,"month":8,"date":"2023-08-11","beginTime":"2023-08-11T18:51:00","endTime":"2023-08-11T19:03:00","timezone":"EST-5","state":"MI","stateName":"Michigan","county":"Shiawassee","countyFips":"155","wfo":"DTX","scale":1,"scaleLabel":"EF1","lengthMiles":3.04,"widthYards":430,"deaths":0,"injuries":0,"propertyDamage":1000000,"cropDamage":0,"source":"NWS Storm Survey","dataSource":"CSV"}},{"type":"Feature","geometry":{"type":"LineString","coordinates":[[-96.21,42.993],[-96.192,42.993]]},"properties":{"id":"ncei-2023-1129839","eventId":"1129839","episodeId":"184558","year":2023,"month":8,"date":"2023-08-05","beginTime":"2023-08-05T13:30:00","endTime":"2023-08-05T13:33:00","timezone":"CST-6","state":"IA","stateName":"Iowa","county":"Sioux","countyFips":"167","wfo":"FSD","scale":0,"scaleLabel":"EF0","lengthMiles":0.92,"widthYards":30,"deaths":0,"injuries":0,"propertyDamage":0,"cropDamage":0,"source":"Public","dataSource":"CSV"}},{"type":"Feature","geometry":{"type":"LineString","coordinates":[[-83.243,40.0632],[-83.242,40.0632]]},"properties":{"id":"ncei-2023-1129842","eventId":"1129842","episodeId":"184560","year":2023,"month":9,"date":"2023-09-28","beginTime":"2023-09-28T14:40:00","endTime":"2023-09-28T14:41:00","timezone":"EST-5","state":"OH","stateName":"Ohio","county":"Madison","countyFips":"97","wfo":"ILN","scale":0,"scaleLabel":"EF0","lengthMiles":0.01,"widthYards":25,"deaths":0,"injuries":0,"propertyDamage":1000,"cropDamage":0,"source":"Public","dataSource":"CSV"}},{"type":"Feature","geometry":{"type":"LineString","coordinates":[[-101.7525,38.5146],[-101.75,38.5146]]},"properties":{"id":"ncei-2023-1130031","eventId":"1130031","episodeId":"184590","year":2023,"month":7,"date":"2023-07-04","beginTime":"2023-07-04T15:49:00","endTime":"2023-07-04T15:57:00","timezone":"MST-7","state":"KS","stateName":"Kansas","county":"Greeley","countyFips":"71","wfo":"GLD","scale":-1,"scaleLabel":"Unknown","lengthMiles":0.13,"widthYards":75,"deaths":0,"injuries":0,"propertyDamage":0,"cropDamage":0,"source":"Social Media","dataSource":"CSV"}},{"type":"Feature","geometry":{"type":"LineString","coordinates":[[-84.5527,41.32],[-84.5493,41.3214]]},"properties":{"id":"ncei-2023-1130466","eventId":"1130466","episodeId":"184609","year":2023,"month":7,"date":"2023-07-01","beginTime":"2023-07-01T16:42:00","endTime":"2023-07-01T16:43:00","timezone":"EST-5","state":"OH","stateName":"Ohio","county":"Defiance","countyFips":"39","wfo":"IWX","scale":0,"scaleLabel":"EF0","lengthMiles":0.22,"widthYards":20,"deaths":0,"injuries":0,"propertyDamage":0,"cropDamage":0,"source":"Public","dataSource":"CSV"}},{"type":"Feature","geometry":{"type":"LineString","coordinates":[[-89.5702,39.6341],[-89.5349,39.632]]},"properties":{"id":"ncei-2023-1130541","eventId":"1130541","episodeId":"184619","year":2023,"month":8,"date":"2023-08-06","beginTime":"2023-08-06T17:09:00","endTime":"2023-08-06T17:13:00","timezone":"CST-6","state":"IL","stateName":"Illinois","county":"Sangamon","countyFips":"167","wfo":"ILX","scale":1,"scaleLabel":"EF1","lengthMiles":1.88,"widthYards":200,"deaths":0,"injuries":0,"propertyDamage":0,"cropDamage":0,"source":"NWS Storm Survey","dataSource":"CSV"}},{"type":"Feature","geometry":{"type":"LineString","coordinates":[[-89.5349,39.632],[-89.101,39.575]]},"properties":{"id":"ncei-2023-1130550","eventId":"1130550","episodeId":"184619","year":2023,"month":8,"date":"2023-08-06","beginTime":"2023-08-06T17:13:00","endTime":"2023-08-06T18:03:00","timezone":"CST-6","state":"IL","stateName":"Illinois","county":"Christian","countyFips":"21","wfo":"ILX","scale":2,"scaleLabel":"EF2","lengthMiles":23.43,"widthYards":450,"deaths":0,"injuries":0,"propertyDamage":0,"cropDamage":0,"source":"NWS Storm Survey","dataSource":"CSV"}},{"type":"Feature","geometry":{"type":"LineString","coordinates":[[-81.7768,30.043],[-81.7713,30.0451]]},"properties":{"id":"ncei-2023-1130551","eventId":"1130551","episodeId":"184621","year":2023,"month":9,"date":"2023-09-26","beginTime":"2023-09-26T15:40:00","endTime":"2023-09-26T15:44:00","timezone":"EST-5","state":"FL","stateName":"Florida","county":"Clay","countyFips":"19","wfo":"JAX","scale":0,"scaleLabel":"EF0","lengthMiles":0.36,"widthYards":10,"deaths":0,"injuries":0,"propertyDamage":0,"cropDamage":0,"source":"Public","dataSource":"CSV"}},{"type":"Feature","geometry":{"type":"LineString","coordinates":[[-81.66,29.99],[-81.66,29.99]]},"properties":{"id":"ncei-2023-1130552","eventId":"1130552","episodeId":"184621","year":2023,"month":9,"date":"2023-09-26","beginTime":"2023-09-26T16:05:00","endTime":"2023-09-26T16:05:00","timezone":"EST-5","state":"FL","stateName":"Florida","county":"Clay","countyFips":"19","wfo":"JAX","scale":0,"scaleLabel":"EF0","lengthMiles":0.01,"widthYards":5,"deaths":0,"injuries":0,"propertyDamage":0,"cropDamage":0,"source":"Public","dataSource":"CSV"}},{"type":"Feature","geometry":{"type":"LineString","coordinates":[[-102.9141,40.1455],[-102.7941,40.1282]]},"properties":{"id":"ncei-2023-1130710","eventId":"1130710","episodeId":"184650","year":2023,"month":8,"date":"2023-08-08","beginTime":"2023-08-08T15:39:00","endTime":"2023-08-08T15:57:00","timezone":"MST-7","state":"CO","stateName":"Colorado","county":"Washington","countyFips":"121","wfo":"BOU","scale":1,"scaleLabel":"EF1","lengthMiles":6.45,"widthYards":25,"deaths":0,"injuries":0,"propertyDamage":0,"cropDamage":0,"source":"NWS Storm Survey","dataSource":"CSV"}},{"type":"Feature","geometry":{"type":"LineString","coordinates":[[-78.0811,33.9601],[-78.0803,33.9647]]},"properties":{"id":"ncei-2023-1131418","eventId":"1131418","episodeId":"184772","year":2023,"month":8,"date":"2023-08-30","beginTime":"2023-08-30T17:45:00","endTime":"2023-08-30T17:46:00","timezone":"EST-5","state":"NC","stateName":"North Carolina","county":"Brunswick","countyFips":"19","wfo":"ILM","scale":0,"scaleLabel":"EF0","lengthMiles":0.32,"widthYards":20,"deaths":0,"injuries":0,"propertyDamage":50000,"cropDamage":0,"source":"NWS Storm Survey","dataSource":"CSV"}},{"type":"Feature","geometry":{"type":"LineString","coordinates":[[-77.9647,34.1408],[-77.9655,34.1443]]},"properties":{"id":"ncei-2023-1131419","eventId":"1131419","episodeId":"184772","year":2023,"month":8,"date":"2023-08-30","beginTime":"2023-08-30T18:25:00","endTime":"2023-08-30T18:27:00","timezone":"EST-5","state":"NC","stateName":"North Carolina","county":"Brunswick","countyFips":"19","wfo":"ILM","scale":1,"scaleLabel":"EF1","lengthMiles":0.25,"widthYards":40,"deaths":0,"injuries":0,"propertyDamage":0,"cropDamage":2000,"source":"NWS Storm Survey","dataSource":"CSV"}},{"type":"Feature","geometry":{"type":"LineString","coordinates":[[-77.8835,34.0891],[-77.8925,34.1101]]},"properties":{"id":"ncei-2023-1131421","eventId":"1131421","episodeId":"184772","year":2023,"month":8,"date":"2023-08-30","beginTime":"2023-08-30T18:31:00","endTime":"2023-08-30T18:35:00","timezone":"EST-5","state":"NC","stateName":"North Carolina","county":"New Hanover","countyFips":"129","wfo":"ILM","scale":1,"scaleLabel":"EF1","lengthMiles":1.54,"widthYards":30,"deaths":0,"injuries":0,"propertyDamage":0,"cropDamage":0,"source":"NWS Storm Survey","dataSource":"CSV"}},{"type":"Feature","geometry":{"type":"LineString","coordinates":[[-78.0771,33.9432],[-78.0839,33.9458]]},"properties":{"id":"ncei-2023-1131423","eventId":"1131423","episodeId":"184772","year":2023,"month":8,"date":"2023-08-30","beginTime":"2023-08-30T17:14:00","endTime":"2023-08-30T17:15:00","timezone":"EST-5","state":"NC","stateName":"North Carolina","county":"Brunswick","countyFips":"19","wfo":"ILM","scale":0,"scaleLabel":"EF0","lengthMiles":0.43,"widthYards":20,"deaths":0,"injuries":0,"propertyDamage":0,"cropDamage":2000,"source":"NWS Storm Survey","dataSource":"CSV"}},{"type":"Feature","geometry":{"type":"LineString","coordinates":[[-78.611,33.8369],[-78.6268,33.8564]]},"properties":{"id":"ncei-2023-1131436","eventId":"1131436","episodeId":"184773","year":2023,"month":8,"date":"2023-08-30","beginTime":"2023-08-30T21:12:00","endTime":"2023-08-30T21:14:00","timezone":"EST-5","state":"SC","stateName":"South Carolina","county":"Horry","countyFips":"51","wfo":"ILM","scale":0,"scaleLabel":"EF0","lengthMiles":1.62,"widthYards":30,"deaths":0,"injuries":0,"propertyDamage":0,"cropDamage":0,"source":"NWS Storm Survey","dataSource":"CSV"}},{"type":"Feature","geometry":{"type":"LineString","coordinates":[[-112.45,34.74],[-112.45,34.74]]},"properties":{"id":"ncei-2023-1131444","eventId":"1131444","episodeId":"184779","year":2023,"month":9,"date":"2023-09-09","beginTime":"2023-09-09T14:30:00","endTime":"2023-09-09T14:32:00","timezone":"MST-7","state":"AZ","stateName":"Arizona","county":"Yavapai","countyFips":"25","wfo":"FGZ","scale":0,"scaleLabel":"EF0","lengthMiles":0.1,"widthYards":10,"deaths":0,"injuries":0,"propertyDamage":0,"cropDamage":0,"source":"Public","dataSource":"CSV"}},{"type":"Feature","geometry":{"type":"LineString","coordinates":[[-100.82,47.96],[-100.8028,47.9612]]},"properties":{"id":"ncei-2023-1131453","eventId":"1131453","episodeId":"184781","year":2023,"month":8,"date":"2023-08-24","beginTime":"2023-08-24T13:38:00","endTime":"2023-08-24T13:42:00","timezone":"CST-6","state":"ND","stateName":"North Dakota","county":"Mchenry","countyFips":"49","wfo":"BIS","scale":-1,"scaleLabel":"Unknown","lengthMiles":0.8,"widthYards":50,"deaths":0,"injuries":0,"propertyDamage":0,"cropDamage":0,"source":"Law Enforcement","dataSource":"CSV"}},{"type":"Feature","geometry":{"type":"LineString","coordinates":[[-100.97,47.93],[-100.9585,47.9321]]},"properties":{"id":"ncei-2023-1131454","eventId":"1131454","episodeId":"184781","year":2023,"month":8,"date":"2023-08-24","beginTime":"2023-08-24T13:54:00","endTime":"2023-08-24T13:56:00","timezone":"CST-6","state":"ND","stateName":"North Dakota","county":"Mchenry","countyFips":"49","wfo":"BIS","scale":-1,"scaleLabel":"Unknown","lengthMiles":0.55,"widthYards":50,"deaths":0,"injuries":0,"propertyDamage":0,"cropDamage":0,"source":"Law Enforcement","dataSource":"CSV"}},{"type":"Feature","geometry":{"type":"LineString","coordinates":[[-96.83,44.66],[-96.83,44.66]]},"properties":{"id":"ncei-2023-1131774","eventId":"1131774","episodeId":"184854","year":2023,"month":9,"date":"2023-09-23","beginTime":"2023-09-23T15:20:00","endTime":"2023-09-23T15:20:00","timezone":"CST-6","state":"SD","stateName":"South Dakota","county":"Deuel","countyFips":"39","wfo":"ABR","scale":0,"scaleLabel":"EF0","lengthMiles":0.01,"widthYards":10,"deaths":0,"injuries":0,"propertyDamage":0,"cropDamage":0,"source":"Public","dataSource":"CSV"}},{"type":"Feature","geometry":{"type":"LineString","coordinates":[[-98.422,36.914],[-98.398,36.922]]},"properties":{"id":"ncei-2023-1132462","eventId":"1132462","episodeId":"181327","year":2023,"month":6,"date":"2023-06-17","beginTime":"2023-06-17T20:24:00","endTime":"2023-06-17T20:25:00","timezone":"CST-6","state":"OK","stateName":"Oklahoma","county":"Alfalfa","countyFips":"3","wfo":"OUN","scale":-1,"scaleLabel":"Unknown","lengthMiles":1.5,"widthYards":30,"deaths":0,"injuries":0,"propertyDamage":0,"cropDamage":0,"source":"NWS Storm Survey","dataSource":"CSV"}},{"type":"Feature","geometry":{"type":"LineString","coordinates":[[-73.33,41.51],[-73.335,41.52]]},"properties":{"id":"ncei-2023-1132507","eventId":"1132507","episodeId":"184915","year":2023,"month":8,"date":"2023-08-12","beginTime":"2023-08-12T20:00:00","endTime":"2023-08-12T20:05:00","timezone":"EST-5","state":"CT","stateName":"Connecticut","county":"Litchfield","countyFips":"5","wfo":"ALY","scale":0,"scaleLabel":"EF0","lengthMiles":0.75,"widthYards":30,"deaths":0,"injuries":0,"propertyDamage":0,"cropDamage":0,"source":"NWS Storm Survey","dataSource":"CSV"}},{"type":"Feature","geometry":{"type":"LineString","coordinates":[[-83.2927,42.0661],[-83.238,42.059]]},"properties":{"id":"ncei-2023-1132609","eventId":"1132609","episodeId":"182589","year":2023,"month":8,"date":"2023-08-24","beginTime":"2023-08-24T21:39:00","endTime":"2023-08-24T21:42:00","timezone":"EST-5","state":"MI","stateName":"Michigan","county":"Monroe","countyFips":"115","wfo":"DTX","scale":1,"scaleLabel":"EF1","lengthMiles":2.85,"widthYards":200,"deaths":0,"injuries":0,"propertyDamage":300000,"cropDamage":0,"source":"NWS Storm Survey","dataSource":"CSV"}},{"type":"Feature","geometry":{"type":"LineString","coordinates":[[-83.238,42.059],[-83.1882,42.0556]]},"properties":{"id":"ncei-2023-1132619","eventId":"1132619","episodeId":"182589","year":2023,"month":8,"date":"2023-08-24","beginTime":"2023-08-24T21:42:00","endTime":"2023-08-24T21:45:00","timezone":"EST-5","state":"MI","stateName":"Michigan","county":"Wayne","countyFips":"163","wfo":"DTX","scale":0,"scaleLabel":"EF0","lengthMiles":2.57,"widthYards":200,"deaths":0,"injuries":0,"propertyDamage":50000,"cropDamage":0,"source":"NWS Storm Survey","dataSource":"CSV"}},{"type":"Feature","geometry":{"type":"LineString","coordinates":[[-81.9094,36.2373],[-81.9037,36.2381]]},"properties":{"id":"ncei-2023-1132712","eventId":"1132712","episodeId":"184946","year":2023,"month":8,"date":"2023-08-15","beginTime":"2023-08-15T00:02:00","endTime":"2023-08-15T00:03:00","timezone":"EST-5","state":"NC","stateName":"North Carolina","county":"Watauga","countyFips":"189","wfo":"RNK","scale":1,"scaleLabel":"EF1","lengthMiles":0.32,"widthYards":35,"deaths":0,"injuries":0,"propertyDamage":5000,"cropDamage":0,"source":"NWS Storm Survey","dataSource":"CSV"}},{"type":"Feature","geometry":{"type":"LineString","coordinates":[[-100.8097,47.1501],[-100.8057,47.1444]]},"properties":{"id":"ncei-2023-1132896","eventId":"1132896","episodeId":"184441","year":2023,"month":8,"date":"2023-08-01","beginTime":"2023-08-01T20:04:00","endTime":"2023-08-01T20:07:00","timezone":"CST-6","state":"ND","stateName":"North Dakota","county":"Burleigh","countyFips":"15","wfo":"BIS","scale":-1,"scaleLabel":"Unknown","lengthMiles":0.44,"widthYards":50,"deaths":0,"injuries":0,"propertyDamage":0,"cropDamage":0,"source":"Trained Spotter","dataSource":"CSV"}},{"type":"Feature","geometry":{"type":"LineString","coordinates":[[-98.1,28.25],[-98.11,28.24]]},"properties":{"id":"ncei-2023-1133252","eventId":"1133252","episodeId":"185006","year":2023,"month":8,"date":"2023-08-22","beginTime":"2023-08-22T10:05:00","endTime":"2023-08-22T10:15:00","timezone":"CST-6","state":"TX","stateName":"Texas","county":"Live Oak","countyFips":"297","wfo":"CRP","scale":0,"scaleLabel":"EF0","lengthMiles":0.92,"widthYards":700,"deaths":0,"injuries":0,"propertyDamage":5000,"cropDamage":0,"source":"NWS Storm Survey","dataSource":"CSV"}},{"type":"Feature","geometry":{"type":"LineString","coordinates":[[-97.9344,28.0055],[-97.9374,28.0055]]},"properties":{"id":"ncei-2023-1133257","eventId":"1133257","episodeId":"185006","year":2023,"month":8,"date":"2023-08-22","beginTime":"2023-08-22T10:57:00","endTime":"2023-08-22T11:01:00","timezone":"CST-6","state":"TX","stateName":"Texas","county":"Jim Wells","countyFips":"249","wfo":"CRP","scale":0,"scaleLabel":"EF0","lengthMiles":0.18,"widthYards":30,"deaths":0,"injuries":0,"propertyDamage":1000,"cropDamage":0,"source":"NWS Storm Survey","dataSource":"CSV"}},{"type":"Feature","geometry":{"type":"LineString","coordinates":[[-101.5728,39.7612],[-101.5688,39.7596]]},"properties":{"id":"ncei-2023-1133522","eventId":"1133522","episodeId":"185012","year":2023,"month":8,"date":"2023-08-07","beginTime":"2023-08-07T15:35:00","endTime":"2023-08-07T15:36:00","timezone":"CST-6","state":"KS","stateName":"Kansas","county":"Cheyenne","countyFips":"23","wfo":"GLD","scale":-1,"scaleLabel":"Unknown","lengthMiles":0.24,"widthYards":75,"deaths":0,"injuries":0,"propertyDamage":0,"cropDamage":0,"source":"Storm Chaser","dataSource":"CSV"}},{"type":"Feature","geometry":{"type":"LineString","coordinates":[[-92.2,42.18],[-92.2,42.18]]},"properties":{"id":"ncei-2023-1133625","eventId":"1133625","episodeId":"185055","year":2023,"month":9,"date":"2023-09-26","beginTime":"2023-09-26T14:15:00","endTime":"2023-09-26T14:16:00","timezone":"CST-6","state":"IA","stateName":"Iowa","county":"Benton","countyFips":"11","wfo":"DVN","scale":-1,"scaleLabel":"Unknown","lengthMiles":0.1,"widthYards":20,"deaths":0,"injuries":0,"propertyDamage":0,"cropDamage":0,"source":"Emergency Manager","dataSource":"CSV"}},{"type":"Feature","geometry":{"type":"LineString","coordinates":[[-92.0701,41.9494],[-92.0665,41.9529]]},"properties":{"id":"ncei-2023-1133626","eventId":"1133626","episodeId":"185056","year":2023,"month":9,"date":"2023-09-22","beginTime":"2023-09-22T16:42:00","endTime":"2023-09-22T16:43:00","timezone":"CST-6","state":"IA","stateName":"Iowa","county":"Benton","countyFips":"11","wfo":"DVN","scale":-1,"scaleLabel":"Unknown","lengthMiles":0.31,"widthYards":20,"deaths":0,"injuries":0,"propertyDamage":0,"cropDamage":0,"source":"Trained Spotter","dataSource":"CSV"}},{"type":"Feature","geometry":{"type":"LineString","coordinates":[[-80.37,40.1],[-80.29,40.08]]},"properties":{"id":"ncei-2023-1133999","eventId":"1133999","episodeId":"184867","year":2023,"month":8,"date":"2023-08-12","beginTime":"2023-08-12T19:08:00","endTime":"2023-08-12T19:23:00","timezone":"EST-5","state":"PA","stateName":"Pennsylvania","county":"Washington","countyFips":"125","wfo":"PBZ","scale":1,"scaleLabel":"EF1","lengthMiles":4.45,"widthYards":30,"deaths":0,"injuries":0,"propertyDamage":350000,"cropDamage":10000,"source":"NWS Storm Survey","dataSource":"CSV"}},{"type":"Feature","geometry":{"type":"LineString","coordinates":[[-80.94,40.11],[-80.91,40.11]]},"properties":{"id":"ncei-2023-1134000","eventId":"1134000","episodeId":"184869","year":2023,"month":8,"date":"2023-08-12","beginTime":"2023-08-12T19:13:00","endTime":"2023-08-12T19:15:00","timezone":"EST-5","state":"OH","stateName":"Ohio","county":"Belmont","countyFips":"13","wfo":"PBZ","scale":1,"scaleLabel":"EF1","lengthMiles":1.59,"widthYards":20,"deaths":0,"injuries":0,"propertyDamage":300000,"cropDamage":5000,"source":"NWS Storm Survey","dataSource":"CSV"}},{"type":"Feature","geometry":{"type":"LineString","coordinates":[[-79.4664,39.9574],[-79.4332,39.945]]},"properties":{"id":"ncei-2023-1134006","eventId":"1134006","episodeId":"183228","year":2023,"month":8,"date":"2023-08-25","beginTime":"2023-08-25T01:34:00","endTime":"2023-08-25T01:37:00","timezone":"EST-5","state":"PA","stateName":"Pennsylvania","county":"Fayette","countyFips":"51","wfo":"PBZ","scale":2,"scaleLabel":"EF2","lengthMiles":1.96,"widthYards":300,"deaths":0,"injuries":6,"propertyDamage":850000,"cropDamage":10000,"source":"NWS Storm Survey","dataSource":"CSV"}},{"type":"Feature","geometry":{"type":"LineString","coordinates":[[-79.6077,40.0132],[-79.5078,39.966]]},"properties":{"id":"ncei-2023-1134007","eventId":"1134007","episodeId":"183228","year":2023,"month":8,"date":"2023-08-25","beginTime":"2023-08-25T01:28:00","endTime":"2023-08-25T01:33:00","timezone":"EST-5","state":"PA","stateName":"Pennsylvania","county":"Fayette","countyFips":"51","wfo":"PBZ","scale":1,"scaleLabel":"EF1","lengthMiles":6.21,"widthYards":60,"deaths":0,"injuries":0,"propertyDamage":150000,"cropDamage":10000,"source":"NWS Storm Survey","dataSource":"CSV"}},{"type":"Feature","geometry":{"type":"LineString","coordinates":[[-104.67,39.07],[-104.6337,39.0564]]},"properties":{"id":"ncei-2023-1134349","eventId":"1134349","episodeId":"185130","year":2023,"month":8,"date":"2023-08-05","beginTime":"2023-08-05T12:40:00","endTime":"2023-08-05T12:44:00","timezone":"MST-7","state":"CO","stateName":"Colorado","county":"El Paso","countyFips":"41","wfo":"PUB","scale":-1,"scaleLabel":"Unknown","lengthMiles":2.16,"widthYards":10,"deaths":0,"injuries":0,"propertyDamage":0,"cropDamage":0,"source":"Trained Spotter","dataSource":"CSV"}},{"type":"Feature","geometry":{"type":"LineString","coordinates":[[-80.0406,32.9873],[-80.041,32.9875]]},"properties":{"id":"ncei-2023-1134504","eventId":"1134504","episodeId":"185144","year":2023,"month":8,"date":"2023-08-30","beginTime":"2023-08-30T11:22:00","endTime":"2023-08-30T11:23:00","timezone":"EST-5","state":"SC","stateName":"South Carolina","county":"Berkeley","countyFips":"15","wfo":"CHS","scale":0,"scaleLabel":"EF0","lengthMiles":0.03,"widthYards":50,"deaths":0,"injuries":2,"propertyDamage":0,"cropDamage":0,"source":"NWS Storm Survey","dataSource":"CSV"}},{"type":"Feature","geometry":{"type":"LineString","coordinates":[[-79.7582,32.8782],[-79.7754,32.9152]]},"properties":{"id":"ncei-2023-1134505","eventId":"1134505","episodeId":"185144","year":2023,"month":8,"date":"2023-08-30","beginTime":"2023-08-30T14:30:00","endTime":"2023-08-30T14:33:00","timezone":"EST-5","state":"SC","stateName":"South Carolina","county":"Charleston","countyFips":"19","wfo":"CHS","scale":0,"scaleLabel":"EF0","lengthMiles":2.74,"widthYards":100,"deaths":0,"injuries":0,"propertyDamage":0,"cropDamage":0,"source":"NWS Storm Survey","dataSource":"CSV"}},{"type":"Feature","geometry":{"type":"LineString","coordinates":[[-79.7617,33.1056],[-79.7813,33.1273]]},"properties":{"id":"ncei-2023-1134506","eventId":"1134506","episodeId":"185144","year":2023,"month":8,"date":"2023-08-30","beginTime":"2023-08-30T15:59:00","endTime":"2023-08-30T16:04:00","timezone":"EST-5","state":"SC","stateName":"South Carolina","county":"Berkeley","countyFips":"15","wfo":"CHS","scale":1,"scaleLabel":"EF1","lengthMiles":1.88,"widthYards":100,"deaths":0,"injuries":0,"propertyDamage":0,"cropDamage":0,"source":"NWS Storm Survey","dataSource":"CSV"}},{"type":"Feature","geometry":{"type":"LineString","coordinates":[[-81.4136,31.9002],[-81.4205,31.9052]]},"properties":{"id":"ncei-2023-1134510","eventId":"1134510","episodeId":"185145","year":2023,"month":8,"date":"2023-08-30","beginTime":"2023-08-30T09:00:00","endTime":"2023-08-30T09:03:00","timezone":"EST-5","state":"GA","stateName":"Georgia","county":"Liberty","countyFips":"179","wfo":"CHS","scale":0,"scaleLabel":"EF0","lengthMiles":0.53,"widthYards":100,"deaths":0,"injuries":0,"propertyDamage":0,"cropDamage":0,"source":"Emergency Manager","dataSource":"CSV"}},{"type":"Feature","geometry":{"type":"LineString","coordinates":[[-75.4246,40.63],[-75.4216,40.6337]]},"properties":{"id":"ncei-2023-1134741","eventId":"1134741","episodeId":"185161","year":2023,"month":8,"date":"2023-08-07","beginTime":"2023-08-07T18:21:00","endTime":"2023-08-07T18:23:00","timezone":"EST-5","state":"PA","stateName":"Pennsylvania","county":"Lehigh","countyFips":"77","wfo":"PHI","scale":1,"scaleLabel":"EF1","lengthMiles":0.3,"widthYards":160,"deaths":0,"injuries":0,"propertyDamage":0,"cropDamage":0,"source":"NWS Storm Survey","dataSource":"CSV"}},{"type":"Feature","geometry":{"type":"LineString","coordinates":[[-75.1567,40.5748],[-75.1511,40.5811]]},"properties":{"id":"ncei-2023-1134765","eventId":"1134765","episodeId":"185166","year":2023,"month":8,"date":"2023-08-07","beginTime":"2023-08-07T18:37:00","endTime":"2023-08-07T18:38:00","timezone":"EST-5","state":"NJ","stateName":"New Jersey","county":"Hunterdon","countyFips":"19","wfo":"PHI","scale":0,"scaleLabel":"EF0","lengthMiles":0.52,"widthYards":150,"deaths":0,"injuries":0,"propertyDamage":0,"cropDamage":0,"source":"NWS Storm Survey","dataSource":"CSV"}},{"type":"Feature","geometry":{"type":"LineString","coordinates":[[-75.2698,39.7777],[-75.2581,39.7806]]},"properties":{"id":"ncei-2023-1135080","eventId":"1135080","episodeId":"185198","year":2023,"month":8,"date":"2023-08-10","beginTime":"2023-08-10T13:08:00","endTime":"2023-08-10T13:10:00","timezone":"EST-5","state":"NJ","stateName":"New Jersey","county":"Gloucester","countyFips":"15","wfo":"PHI","scale":1,"scaleLabel":"EF1","lengthMiles":0.66,"widthYards":70,"deaths":0,"injuries":0,"propertyDamage":0,"cropDamage":0,"source":"NWS Storm Survey","dataSource":"CSV"}},{"type":"Feature","geometry":{"type":"LineString","coordinates":[[-74.5263,39.9736],[-74.5229,39.9771]]},"properties":{"id":"ncei-2023-1135081","eventId":"1135081","episodeId":"185198","year":2023,"month":8,"date":"2023-08-10","beginTime":"2023-08-10T14:08:00","endTime":"2023-08-10T14:12:00","timezone":"EST-5","state":"NJ","stateName":"New Jersey","county":"Burlington","countyFips":"5","wfo":"PHI","scale":1,"scaleLabel":"EF1","lengthMiles":0.31,"widthYards":100,"deaths":0,"injuries":0,"propertyDamage":0,"cropDamage":0,"source":"NWS Storm Survey","dataSource":"CSV"}},{"type":"Feature","geometry":{"type":"LineString","coordinates":[[-83.6408,38.4464],[-83.6408,38.4464]]},"properties":{"id":"ncei-2023-1135156","eventId":"1135156","episodeId":"185214","year":2023,"month":8,"date":"2023-08-09","beginTime":"2023-08-09T23:44:00","endTime":"2023-08-09T23:44:00","timezone":"EST-5","state":"KY","stateName":"Kentucky","county":"Fleming","countyFips":"69","wfo":"JKL","scale":0,"scaleLabel":"EF0","lengthMiles":0.33,"widthYards":75,"deaths":0,"injuries":0,"propertyDamage":150000,"cropDamage":15000,"source":"NWS Storm Survey","dataSource":"CSV"}},{"type":"Feature","geometry":{"type":"LineString","coordinates":[[-81.5,29.85],[-81.5,29.85]]},"properties":{"id":"ncei-2023-1135484","eventId":"1135484","episodeId":"184593","year":2023,"month":9,"date":"2023-09-11","beginTime":"2023-09-11T17:10:00","endTime":"2023-09-11T17:10:00","timezone":"EST-5","state":"FL","stateName":"Florida","county":"St. Johns","countyFips":"109","wfo":"JAX","scale":0,"scaleLabel":"EF0","lengthMiles":0.01,"widthYards":5,"deaths":0,"injuries":0,"propertyDamage":75000,"cropDamage":0,"source":"Social Media","dataSource":"CSV"}},{"type":"Feature","geometry":{"type":"LineString","coordinates":[[-97.6,44.473],[-97.589,44.474]]},"properties":{"id":"ncei-2023-1135837","eventId":"1135837","episodeId":"185271","year":2023,"month":8,"date":"2023-08-10","beginTime":"2023-08-10T18:41:00","endTime":"2023-08-10T18:42:00","timezone":"CST-6","state":"SD","stateName":"South Dakota","county":"Kingsbury","countyFips":"77","wfo":"FSD","scale":-1,"scaleLabel":"Unknown","lengthMiles":0.55,"widthYards":25,"deaths":0,"injuries":0,"propertyDamage":0,"cropDamage":0,"source":"Public","dataSource":"CSV"}},{"type":"Feature","geometry":{"type":"LineString","coordinates":[[-97.362,44.45],[-97.341,44.455]]},"properties":{"id":"ncei-2023-1135838","eventId":"1135838","episodeId":"185271","year":2023,"month":8,"date":"2023-08-10","beginTime":"2023-08-10T19:10:00","endTime":"2023-08-10T19:12:00","timezone":"CST-6","state":"SD","stateName":"South Dakota","county":"Kingsbury","countyFips":"77","wfo":"FSD","scale":-1,"scaleLabel":"Unknown","lengthMiles":1.06,"widthYards":25,"deaths":0,"injuries":0,"propertyDamage":0,"cropDamage":0,"source":"Public","dataSource":"CSV"}},{"type":"Feature","geometry":{"type":"LineString","coordinates":[[-95.505,43.818],[-95.493,43.833]]},"properties":{"id":"ncei-2023-1135878","eventId":"1135878","episodeId":"185277","year":2023,"month":8,"date":"2023-08-13","beginTime":"2023-08-13T18:14:00","endTime":"2023-08-13T18:18:00","timezone":"CST-6","state":"MN","stateName":"Minnesota","county":"Nobles","countyFips":"105","wfo":"FSD","scale":0,"scaleLabel":"EF0","lengthMiles":1.25,"widthYards":50,"deaths":0,"injuries":0,"propertyDamage":10000,"cropDamage":0,"source":"Storm Chaser","dataSource":"CSV"}},{"type":"Feature","geometry":{"type":"LineString","coordinates":[[-96.209,43.047],[-96.209,43.047]]},"properties":{"id":"ncei-2023-1135896","eventId":"1135896","episodeId":"184558","year":2023,"month":8,"date":"2023-08-05","beginTime":"2023-08-05T13:42:00","endTime":"2023-08-05T13:42:00","timezone":"CST-6","state":"IA","stateName":"Iowa","county":"Sioux","countyFips":"167","wfo":"FSD","scale":-1,"scaleLabel":"Unknown","lengthMiles":0.05,"widthYards":10,"deaths":0,"injuries":0,"propertyDamage":0,"cropDamage":0,"source":"Social Media","dataSource":"CSV"}},{"type":"Feature","geometry":{"type":"LineString","coordinates":[[-87.9041,42.0078],[-87.8387,41.9984]]},"properties":{"id":"ncei-2023-1135984","eventId":"1135984","episodeId":"184189","year":2023,"month":7,"date":"2023-07-12","beginTime":"2023-07-12T18:02:00","endTime":"2023-07-12T18:07:00","timezone":"CST-6","state":"IL","stateName":"Illinois","county":"Cook","countyFips":"31","wfo":"LOT","scale":0,"scaleLabel":"EF0","lengthMiles":3.42,"widthYards":300,"deaths":0,"injuries":0,"propertyDamage":0,"cropDamage":0,"source":"NWS Storm Survey","dataSource":"CSV"}},{"type":"Feature","geometry":{"type":"LineString","coordinates":[[-88.2531,41.4876],[-88.1435,41.515]]},"properties":{"id":"ncei-2023-1135989","eventId":"1135989","episodeId":"183070","year":2023,"month":7,"date":"2023-07-28","beginTime":"2023-07-28T21:55:00","endTime":"2023-07-28T22:02:00","timezone":"CST-6","state":"IL","stateName":"Illinois","county":"Will","countyFips":"197","wfo":"LOT","scale":1,"scaleLabel":"EF1","lengthMiles":5.98,"widthYards":225,"deaths":0,"injuries":0,"propertyDamage":0,"cropDamage":0,"source":"NWS Storm Survey","dataSource":"CSV"}},{"type":"Feature","geometry":{"type":"LineString","coordinates":[[-88.252,41.4589],[-88.1694,41.461]]},"properties":{"id":"ncei-2023-1135990","eventId":"1135990","episodeId":"183070","year":2023,"month":7,"date":"2023-07-28","beginTime":"2023-07-28T21:54:00","endTime":"2023-07-28T21:59:00","timezone":"CST-6","state":"IL","stateName":"Illinois","county":"Will","countyFips":"197","wfo":"LOT","scale":0,"scaleLabel":"EF0","lengthMiles":4.28,"widthYards":250,"deaths":0,"injuries":0,"propertyDamage":0,"cropDamage":0,"source":"NWS Storm Survey","dataSource":"CSV"}},{"type":"Feature","geometry":{"type":"LineString","coordinates":[[-96.7625,40.6358],[-96.7574,40.6367]]},"properties":{"id":"ncei-2023-1136063","eventId":"1136063","episodeId":"183102","year":2023,"month":7,"date":"2023-07-29","beginTime":"2023-07-29T07:18:00","endTime":"2023-07-29T07:19:00","timezone":"CST-6","state":"NE","stateName":"Nebraska","county":"Lancaster","countyFips":"109","wfo":"OAX","scale":1,"scaleLabel":"EF1","lengthMiles":0.28,"widthYards":100,"deaths":0,"injuries":0,"propertyDamage":0,"cropDamage":0,"source":"NWS Storm Survey","dataSource":"CSV"}},{"type":"Feature","geometry":{"type":"LineString","coordinates":[[-102.0227,39.2998],[-102.0033,39.2887]]},"properties":{"id":"ncei-2023-1136322","eventId":"1136322","episodeId":"185181","year":2023,"month":8,"date":"2023-08-08","beginTime":"2023-08-08T20:17:00","endTime":"2023-08-08T20:24:00","timezone":"MST-7","state":"KS","stateName":"Kansas","county":"Sherman","countyFips":"181","wfo":"GLD","scale":-1,"scaleLabel":"Unknown","lengthMiles":1.3,"widthYards":75,"deaths":0,"injuries":0,"propertyDamage":0,"cropDamage":0,"source":"Official NWS Observations","dataSource":"CSV"}},{"type":"Feature","geometry":{"type":"LineString","coordinates":[[-102.7942,40.106],[-102.744,40.109]]},"properties":{"id":"ncei-2023-1136351","eventId":"1136351","episodeId":"185017","year":2023,"month":8,"date":"2023-08-08","beginTime":"2023-08-08T15:57:00","endTime":"2023-08-08T16:25:00","timezone":"MST-7","state":"CO","stateName":"Colorado","county":"Yuma","countyFips":"125","wfo":"GLD","scale":3,"scaleLabel":"EF3","lengthMiles":9.2,"widthYards":212,"deaths":0,"injuries":0,"propertyDamage":1000000,"cropDamage":0,"source":"NWS Storm Survey","dataSource":"CSV"}},{"type":"Feature","geometry":{"type":"LineString","coordinates":[[-102.6425,40.0603],[-102.674,39.9881]]},"properties":{"id":"ncei-2023-1136352","eventId":"1136352","episodeId":"185017","year":2023,"month":8,"date":"2023-08-08","beginTime":"2023-08-08T16:30:00","endTime":"2023-08-08T16:46:00","timezone":"MST-7","state":"CO","stateName":"Colorado","county":"Yuma","countyFips":"125","wfo":"GLD","scale":-1,"scaleLabel":"Unknown","lengthMiles":5.28,"widthYards":200,"deaths":0,"injuries":0,"propertyDamage":0,"cropDamage":0,"source":"NWS Storm Survey","dataSource":"CSV"}},{"type":"Feature","geometry":{"type":"LineString","coordinates":[[-102.716,39.9045],[-102.7243,39.8814]]},"properties":{"id":"ncei-2023-1136353","eventId":"1136353","episodeId":"185017","year":2023,"month":8,"date":"2023-08-08","beginTime":"2023-08-08T17:04:00","endTime":"2023-08-08T17:08:00","timezone":"MST-7","state":"CO","stateName":"Colorado","county":"Yuma","countyFips":"125","wfo":"GLD","scale":0,"scaleLabel":"EF0","lengthMiles":1.67,"widthYards":193,"deaths":0,"injuries":0,"propertyDamage":0,"cropDamage":0,"source":"NWS Storm Survey","dataSource":"CSV"}},{"type":"Feature","geometry":{"type":"LineString","coordinates":[[-102.6889,39.8553],[-102.673,39.8474]]},"properties":{"id":"ncei-2023-1136354","eventId":"1136354","episodeId":"185017","year":2023,"month":8,"date":"2023-08-08","beginTime":"2023-08-08T17:19:00","endTime":"2023-08-08T17:22:00","timezone":"MST-7","state":"CO","stateName":"Colorado","county":"Yuma","countyFips":"125","wfo":"GLD","scale":-1,"scaleLabel":"Unknown","lengthMiles":1,"widthYards":150,"deaths":0,"injuries":0,"propertyDamage":0,"cropDamage":0,"source":"NWS Storm Survey","dataSource":"CSV"}},{"type":"Feature","geometry":{"type":"LineString","coordinates":[[-102.6587,39.8129],[-102.6441,39.8056]]},"properties":{"id":"ncei-2023-1136355","eventId":"1136355","episodeId":"185017","year":2023,"month":8,"date":"2023-08-08","beginTime":"2023-08-08T17:23:00","endTime":"2023-08-08T17:32:00","timezone":"MST-7","state":"CO","stateName":"Colorado","county":"Yuma","countyFips":"125","wfo":"GLD","scale":-1,"scaleLabel":"Unknown","lengthMiles":0.93,"widthYards":75,"deaths":0,"injuries":0,"propertyDamage":0,"cropDamage":0,"source":"NWS Storm Survey","dataSource":"CSV"}},{"type":"Feature","geometry":{"type":"LineString","coordinates":[[-102.5101,39.6886],[-102.5017,39.6886]]},"properties":{"id":"ncei-2023-1136403","eventId":"1136403","episodeId":"185017","year":2023,"month":8,"date":"2023-08-08","beginTime":"2023-08-08T18:00:00","endTime":"2023-08-08T18:14:00","timezone":"MST-7","state":"CO","stateName":"Colorado","county":"Yuma","countyFips":"125","wfo":"GLD","scale":-1,"scaleLabel":"Unknown","lengthMiles":0.45,"widthYards":150,"deaths":0,"injuries":0,"propertyDamage":0,"cropDamage":0,"source":"NWS Storm Survey","dataSource":"CSV"}},{"type":"Feature","geometry":{"type":"LineString","coordinates":[[-102.3955,39.6139],[-102.376,39.571]]},"properties":{"id":"ncei-2023-1136404","eventId":"1136404","episodeId":"185017","year":2023,"month":8,"date":"2023-08-08","beginTime":"2023-08-08T18:25:00","endTime":"2023-08-08T18:40:00","timezone":"MST-7","state":"CO","stateName":"Colorado","county":"Yuma","countyFips":"125","wfo":"GLD","scale":2,"scaleLabel":"EF2","lengthMiles":3.14,"widthYards":150,"deaths":0,"injuries":0,"propertyDamage":30000,"cropDamage":0,"source":"NWS Storm Survey","dataSource":"CSV"}},{"type":"Feature","geometry":{"type":"LineString","coordinates":[[-102.376,39.571],[-102.3638,39.5413]]},"properties":{"id":"ncei-2023-1136405","eventId":"1136405","episodeId":"185017","year":2023,"month":8,"date":"2023-08-08","beginTime":"2023-08-08T18:40:00","endTime":"2023-08-08T18:47:00","timezone":"MST-7","state":"CO","stateName":"Colorado","county":"Kit Carson","countyFips":"63","wfo":"GLD","scale":2,"scaleLabel":"EF2","lengthMiles":2.15,"widthYards":150,"deaths":0,"injuries":0,"propertyDamage":0,"cropDamage":0,"source":"NWS Storm Survey","dataSource":"CSV"}},{"type":"Feature","geometry":{"type":"LineString","coordinates":[[-83.182,34.331],[-83.109,34.278]]},"properties":{"id":"ncei-2023-1136728","eventId":"1136728","episodeId":"185362","year":2023,"month":8,"date":"2023-08-03","beginTime":"2023-08-03T14:51:00","endTime":"2023-08-03T15:03:00","timezone":"EST-5","state":"GA","stateName":"Georgia","county":"Franklin","countyFips":"119","wfo":"GSP","scale":0,"scaleLabel":"EF0","lengthMiles":5.55,"widthYards":25,"deaths":0,"injuries":0,"propertyDamage":0,"cropDamage":0,"source":"NWS Storm Survey","dataSource":"CSV"}},{"type":"Feature","geometry":{"type":"LineString","coordinates":[[-83.108,34.277],[-83.061,34.227]]},"properties":{"id":"ncei-2023-1136729","eventId":"1136729","episodeId":"185362","year":2023,"month":8,"date":"2023-08-03","beginTime":"2023-08-03T15:03:00","endTime":"2023-08-03T15:15:00","timezone":"EST-5","state":"GA","stateName":"Georgia","county":"Hart","countyFips":"147","wfo":"GSP","scale":0,"scaleLabel":"EF0","lengthMiles":4.37,"widthYards":25,"deaths":0,"injuries":0,"propertyDamage":0,"cropDamage":0,"source":"NWS Storm Survey","dataSource":"CSV"}},{"type":"Feature","geometry":{"type":"LineString","coordinates":[[-83.06,34.226],[-83.055,34.22]]},"properties":{"id":"ncei-2023-1136730","eventId":"1136730","episodeId":"185362","year":2023,"month":8,"date":"2023-08-03","beginTime":"2023-08-03T15:15:00","endTime":"2023-08-03T15:16:00","timezone":"EST-5","state":"GA","stateName":"Georgia","county":"Elbert","countyFips":"105","wfo":"GSP","scale":0,"scaleLabel":"EF0","lengthMiles":0.5,"widthYards":25,"deaths":0,"injuries":0,"propertyDamage":0,"cropDamage":0,"source":"NWS Storm Survey","dataSource":"CSV"}},{"type":"Feature","geometry":{"type":"LineString","coordinates":[[-82.76,34.822],[-82.749,34.819]]},"properties":{"id":"ncei-2023-1136732","eventId":"1136732","episodeId":"185363","year":2023,"month":8,"date":"2023-08-03","beginTime":"2023-08-03T15:16:00","endTime":"2023-08-03T15:17:00","timezone":"EST-5","state":"SC","stateName":"South Carolina","county":"Pickens","countyFips":"77","wfo":"GSP","scale":0,"scaleLabel":"EF0","lengthMiles":0.66,"widthYards":50,"deaths":0,"injuries":0,"propertyDamage":1000,"cropDamage":0,"source":"NWS Storm Survey","dataSource":"CSV"}},{"type":"Feature","geometry":{"type":"LineString","coordinates":[[-82.734,34.882],[-82.71,34.88]]},"properties":{"id":"ncei-2023-1136733","eventId":"1136733","episodeId":"185363","year":2023,"month":8,"date":"2023-08-03","beginTime":"2023-08-03T16:14:00","endTime":"2023-08-03T16:18:00","timezone":"EST-5","state":"SC","stateName":"South Carolina","county":"Pickens","countyFips":"77","wfo":"GSP","scale":0,"scaleLabel":"EF0","lengthMiles":1.37,"widthYards":50,"deaths":0,"injuries":0,"propertyDamage":2000,"cropDamage":0,"source":"NWS Storm Survey","dataSource":"CSV"}},{"type":"Feature","geometry":{"type":"LineString","coordinates":[[-82.402,36.036],[-82.293,36.017]]},"properties":{"id":"ncei-2023-1136770","eventId":"1136770","episodeId":"185366","year":2023,"month":8,"date":"2023-08-07","beginTime":"2023-08-07T13:48:00","endTime":"2023-08-07T13:57:00","timezone":"EST-5","state":"NC","stateName":"North Carolina","county":"Yancey","countyFips":"199","wfo":"GSP","scale":1,"scaleLabel":"EF1","lengthMiles":6.23,"widthYards":50,"deaths":0,"injuries":0,"propertyDamage":0,"cropDamage":0,"source":"NWS Storm Survey","dataSource":"CSV"}},{"type":"Feature","geometry":{"type":"LineString","coordinates":[[-81.17,35.7],[-80.946,35.631]]},"properties":{"id":"ncei-2023-1136771","eventId":"1136771","episodeId":"185366","year":2023,"month":8,"date":"2023-08-07","beginTime":"2023-08-07T15:40:00","endTime":"2023-08-07T15:54:00","timezone":"EST-5","state":"NC","stateName":"North Carolina","county":"Catawba","countyFips":"35","wfo":"GSP","scale":1,"scaleLabel":"EF1","lengthMiles":13.45,"widthYards":550,"deaths":0,"injuries":0,"propertyDamage":0,"cropDamage":0,"source":"NWS Storm Survey","dataSource":"CSV"}},{"type":"Feature","geometry":{"type":"LineString","coordinates":[[-80.935,35.631],[-80.752,35.588]]},"properties":{"id":"ncei-2023-1136772","eventId":"1136772","episodeId":"185366","year":2023,"month":8,"date":"2023-08-07","beginTime":"2023-08-07T15:54:00","endTime":"2023-08-07T16:07:00","timezone":"EST-5","state":"NC","stateName":"North Carolina","county":"Iredell","countyFips":"97","wfo":"GSP","scale":1,"scaleLabel":"EF1","lengthMiles":10.7,"widthYards":550,"deaths":0,"injuries":0,"propertyDamage":50000,"cropDamage":0,"source":"NWS Storm Survey","dataSource":"CSV"}},{"type":"Feature","geometry":{"type":"LineString","coordinates":[[-80.75,35.587],[-80.543,35.54]]},"properties":{"id":"ncei-2023-1136773","eventId":"1136773","episodeId":"185366","year":2023,"month":8,"date":"2023-08-07","beginTime":"2023-08-07T16:07:00","endTime":"2023-08-07T16:22:00","timezone":"EST-5","state":"NC","stateName":"North Carolina","county":"Rowan","countyFips":"159","wfo":"GSP","scale":1,"scaleLabel":"EF1","lengthMiles":12.08,"widthYards":550,"deaths":0,"injuries":0,"propertyDamage":50000,"cropDamage":0,"source":"NWS Storm Survey","dataSource":"CSV"}},{"type":"Feature","geometry":{"type":"LineString","coordinates":[[-80.93,35.41],[-80.901,35.392]]},"properties":{"id":"ncei-2023-1136774","eventId":"1136774","episodeId":"185366","year":2023,"month":8,"date":"2023-08-07","beginTime":"2023-08-07T16:07:00","endTime":"2023-08-07T16:10:00","timezone":"EST-5","state":"NC","stateName":"North Carolina","county":"Mecklenburg","countyFips":"119","wfo":"GSP","scale":0,"scaleLabel":"EF0","lengthMiles":2.05,"widthYards":50,"deaths":0,"injuries":0,"propertyDamage":20000,"cropDamage":0,"source":"NWS Storm Survey","dataSource":"CSV"}},{"type":"Feature","geometry":{"type":"LineString","coordinates":[[-81.955,36.233],[-81.908,36.238]]},"properties":{"id":"ncei-2023-1136920","eventId":"1136920","episodeId":"185377","year":2023,"month":8,"date":"2023-08-14","beginTime":"2023-08-14T23:56:00","endTime":"2023-08-15T00:02:00","timezone":"EST-5","state":"NC","stateName":"North Carolina","county":"Avery","countyFips":"11","wfo":"GSP","scale":1,"scaleLabel":"EF1","lengthMiles":2.64,"widthYards":35,"deaths":0,"injuries":0,"propertyDamage":0,"cropDamage":0,"source":"NWS Storm Survey","dataSource":"CSV"}},{"type":"Feature","geometry":{"type":"LineString","coordinates":[[-93,40.03],[-92.98,40.04]]},"properties":{"id":"ncei-2023-1137153","eventId":"1137153","episodeId":"185285","year":2023,"month":8,"date":"2023-08-11","beginTime":"2023-08-11T22:18:00","endTime":"2023-08-11T22:21:00","timezone":"CST-6","state":"MO","stateName":"Missouri","county":"Linn","countyFips":"115","wfo":"EAX","scale":0,"scaleLabel":"EF0","lengthMiles":1.26,"widthYards":30,"deaths":0,"injuries":0,"propertyDamage":0,"cropDamage":0,"source":"Emergency Manager","dataSource":"CSV"}},{"type":"Feature","geometry":{"type":"LineString","coordinates":[[-96.11,45.08],[-96.11,45.0836]]},"properties":{"id":"ncei-2023-1139524","eventId":"1139524","episodeId":"185409","year":2023,"month":9,"date":"2023-09-23","beginTime":"2023-09-23T15:14:00","endTime":"2023-09-23T15:15:00","timezone":"CST-6","state":"MN","stateName":"Minnesota","county":"Lac Qui Parle","countyFips":"73","wfo":"MPX","scale":-1,"scaleLabel":"Unknown","lengthMiles":0.25,"widthYards":25,"deaths":0,"injuries":0,"propertyDamage":0,"cropDamage":0,"source":"Storm Chaser","dataSource":"CSV"}},{"type":"Feature","geometry":{"type":"LineString","coordinates":[[-100.0596,39.9179],[-99.979,39.894]]},"properties":{"id":"ncei-2023-1140221","eventId":"1140221","episodeId":"185498","year":2023,"month":9,"date":"2023-09-21","beginTime":"2023-09-21T19:36:00","endTime":"2023-09-21T19:53:00","timezone":"CST-6","state":"KS","stateName":"Kansas","county":"Norton","countyFips":"137","wfo":"GLD","scale":-1,"scaleLabel":"Unknown","lengthMiles":4.58,"widthYards":200,"deaths":0,"injuries":0,"propertyDamage":0,"cropDamage":0,"source":"Storm Chaser","dataSource":"CSV"}},{"type":"Feature","geometry":{"type":"LineString","coordinates":[[-99.5794,40.5706],[-99.565,40.5946]]},"properties":{"id":"ncei-2023-1140297","eventId":"1140297","episodeId":"185732","year":2023,"month":10,"date":"2023-10-12","beginTime":"2023-10-12T13:05:00","endTime":"2023-10-12T13:08:00","timezone":"CST-6","state":"NE","stateName":"Nebraska","county":"Phelps","countyFips":"137","wfo":"GID","scale":0,"scaleLabel":"EF0","lengthMiles":1.82,"widthYards":30,"deaths":0,"injuries":0,"propertyDamage":90000,"cropDamage":0,"source":"NWS Storm Survey","dataSource":"CSV"}},{"type":"Feature","geometry":{"type":"LineString","coordinates":[[-99.52,40.69],[-99.52,40.69]]},"properties":{"id":"ncei-2023-1140298","eventId":"1140298","episodeId":"185732","year":2023,"month":10,"date":"2023-10-12","beginTime":"2023-10-12T13:20:00","endTime":"2023-10-12T13:20:00","timezone":"CST-6","state":"NE","stateName":"Nebraska","county":"Dawson","countyFips":"47","wfo":"GID","scale":-1,"scaleLabel":"Unknown","lengthMiles":0.01,"widthYards":20,"deaths":0,"injuries":0,"propertyDamage":0,"cropDamage":0,"source":"NWS Storm Survey","dataSource":"CSV"}},{"type":"Feature","geometry":{"type":"LineString","coordinates":[[-99.0061,40.3196],[-98.977,40.35]]},"properties":{"id":"ncei-2023-1140299","eventId":"1140299","episodeId":"185732","year":2023,"month":10,"date":"2023-10-12","beginTime":"2023-10-12T14:43:00","endTime":"2023-10-12T14:47:00","timezone":"CST-6","state":"NE","stateName":"Nebraska","county":"Franklin","countyFips":"61","wfo":"GID","scale":1,"scaleLabel":"EF1","lengthMiles":2.6,"widthYards":75,"deaths":0,"injuries":0,"propertyDamage":2000,"cropDamage":0,"source":"NWS Storm Survey","dataSource":"CSV"}},{"type":"Feature","geometry":{"type":"LineString","coordinates":[[-98.977,40.35],[-98.9432,40.3968]]},"properties":{"id":"ncei-2023-1140300","eventId":"1140300","episodeId":"185732","year":2023,"month":10,"date":"2023-10-12","beginTime":"2023-10-12T14:47:00","endTime":"2023-10-12T14:53:00","timezone":"CST-6","state":"NE","stateName":"Nebraska","county":"Kearney","countyFips":"99","wfo":"GID","scale":1,"scaleLabel":"EF1","lengthMiles":3.69,"widthYards":75,"deaths":0,"injuries":0,"propertyDamage":225000,"cropDamage":0,"source":"NWS Storm Survey","dataSource":"CSV"}},{"type":"Feature","geometry":{"type":"LineString","coordinates":[[-98.1799,39.4776],[-98.1799,39.4776]]},"properties":{"id":"ncei-2023-1140301","eventId":"1140301","episodeId":"185779","year":2023,"month":10,"date":"2023-10-12","beginTime":"2023-10-12T14:39:00","endTime":"2023-10-12T14:39:00","timezone":"CST-6","state":"KS","stateName":"Kansas","county":"Mitchell","countyFips":"123","wfo":"GID","scale":-1,"scaleLabel":"Unknown","lengthMiles":0.01,"widthYards":20,"deaths":0,"injuries":0,"propertyDamage":0,"cropDamage":0,"source":"NWS Storm Survey","dataSource":"CSV"}},{"type":"Feature","geometry":{"type":"LineString","coordinates":[[-98.5528,40.6672],[-98.5516,40.6852]]},"properties":{"id":"ncei-2023-1140302","eventId":"1140302","episodeId":"185732","year":2023,"month":10,"date":"2023-10-12","beginTime":"2023-10-12T15:43:00","endTime":"2023-10-12T15:45:00","timezone":"CST-6","state":"NE","stateName":"Nebraska","county":"Adams","countyFips":"1","wfo":"GID","scale":0,"scaleLabel":"EF0","lengthMiles":1.25,"widthYards":170,"deaths":0,"injuries":0,"propertyDamage":0,"cropDamage":50000,"source":"NWS Storm Survey","dataSource":"CSV"}},{"type":"Feature","geometry":{"type":"LineString","coordinates":[[-98.394,40.7327],[-98.394,40.7327]]},"properties":{"id":"ncei-2023-1140303","eventId":"1140303","episodeId":"185732","year":2023,"month":10,"date":"2023-10-12","beginTime":"2023-10-12T16:04:00","endTime":"2023-10-12T16:04:00","timezone":"CST-6","state":"NE","stateName":"Nebraska","county":"Hall","countyFips":"79","wfo":"GID","scale":-1,"scaleLabel":"Unknown","lengthMiles":0.01,"widthYards":20,"deaths":0,"injuries":0,"propertyDamage":0,"cropDamage":0,"source":"NWS Storm Survey","dataSource":"CSV"}},{"type":"Feature","geometry":{"type":"LineString","coordinates":[[-75.2194,38.5741],[-75.2076,38.5709]]},"properties":{"id":"ncei-2023-1140558","eventId":"1140558","episodeId":"185821","year":2023,"month":9,"date":"2023-09-11","beginTime":"2023-09-11T13:55:00","endTime":"2023-09-11T13:57:00","timezone":"EST-5","state":"DE","stateName":"Delaware","county":"Sussex","countyFips":"5","wfo":"PHI","scale":0,"scaleLabel":"EF0","lengthMiles":0.7,"widthYards":370,"deaths":0,"injuries":0,"propertyDamage":0,"cropDamage":0,"source":"NWS Storm Survey","dataSource":"CSV"}},{"type":"Feature","geometry":{"type":"LineString","coordinates":[[-81.2512,29.5678],[-81.2337,29.576]]},"properties":{"id":"ncei-2023-1140609","eventId":"1140609","episodeId":"185790","year":2023,"month":10,"date":"2023-10-12","beginTime":"2023-10-12T03:40:00","endTime":"2023-10-12T03:46:00","timezone":"EST-5","state":"FL","stateName":"Florida","county":"Flagler","countyFips":"35","wfo":"JAX","scale":2,"scaleLabel":"EF2","lengthMiles":1,"widthYards":200,"deaths":0,"injuries":0,"propertyDamage":0,"cropDamage":0,"source":"NWS Storm Survey","dataSource":"CSV"}},{"type":"Feature","geometry":{"type":"LineString","coordinates":[[-93.8302,45.1051],[-93.8205,45.1123]]},"properties":{"id":"ncei-2023-1140897","eventId":"1140897","episodeId":"185410","year":2023,"month":9,"date":"2023-09-29","beginTime":"2023-09-29T18:48:00","endTime":"2023-09-29T18:49:00","timezone":"CST-6","state":"MN","stateName":"Minnesota","county":"Wright","countyFips":"171","wfo":"MPX","scale":0,"scaleLabel":"EF0","lengthMiles":0.69,"widthYards":25,"deaths":0,"injuries":0,"propertyDamage":0,"cropDamage":0,"source":"NWS Storm Survey","dataSource":"CSV"}},{"type":"Feature","geometry":{"type":"LineString","coordinates":[[-81.3391,29.4674],[-81.1534,29.5336]]},"properties":{"id":"ncei-2023-1140943","eventId":"1140943","episodeId":"185790","year":2023,"month":10,"date":"2023-10-12","beginTime":"2023-10-12T03:30:00","endTime":"2023-10-12T03:52:00","timezone":"EST-5","state":"FL","stateName":"Florida","county":"Flagler","countyFips":"35","wfo":"JAX","scale":0,"scaleLabel":"EF0","lengthMiles":12.07,"widthYards":25,"deaths":0,"injuries":0,"propertyDamage":0,"cropDamage":0,"source":"Emergency Manager","dataSource":"CSV"}},{"type":"Feature","geometry":{"type":"LineString","coordinates":[[-96.799,44.492],[-96.799,44.492]]},"properties":{"id":"ncei-2023-1140975","eventId":"1140975","episodeId":"185891","year":2023,"month":9,"date":"2023-09-23","beginTime":"2023-09-23T15:16:00","endTime":"2023-09-23T15:16:00","timezone":"CST-6","state":"SD","stateName":"South Dakota","county":"Brookings","countyFips":"11","wfo":"FSD","scale":-1,"scaleLabel":"Unknown","lengthMiles":0.01,"widthYards":10,"deaths":0,"injuries":0,"propertyDamage":0,"cropDamage":0,"source":"Storm Chaser","dataSource":"CSV"}},{"type":"Feature","geometry":{"type":"LineString","coordinates":[[-96.843,44.417],[-96.838,44.427]]},"properties":{"id":"ncei-2023-1140976","eventId":"1140976","episodeId":"185891","year":2023,"month":9,"date":"2023-09-23","beginTime":"2023-09-23T14:54:00","endTime":"2023-09-23T14:59:00","timezone":"CST-6","state":"SD","stateName":"South Dakota","county":"Brookings","countyFips":"11","wfo":"FSD","scale":-1,"scaleLabel":"Unknown","lengthMiles":0.74,"widthYards":20,"deaths":0,"injuries":0,"propertyDamage":0,"cropDamage":0,"source":"Storm Chaser","dataSource":"CSV"}},{"type":"Feature","geometry":{"type":"LineString","coordinates":[[-96.814,44.451],[-96.811,44.462]]},"properties":{"id":"ncei-2023-1140977","eventId":"1140977","episodeId":"185891","year":2023,"month":9,"date":"2023-09-23","beginTime":"2023-09-23T15:04:00","endTime":"2023-09-23T15:08:00","timezone":"CST-6","state":"SD","stateName":"South Dakota","county":"Brookings","countyFips":"11","wfo":"FSD","scale":-1,"scaleLabel":"Unknown","lengthMiles":0.78,"widthYards":20,"deaths":0,"injuries":0,"propertyDamage":0,"cropDamage":0,"source":"Storm Chaser","dataSource":"CSV"}},{"type":"Feature","geometry":{"type":"LineString","coordinates":[[-96.626,44.527],[-96.626,44.527]]},"properties":{"id":"ncei-2023-1140978","eventId":"1140978","episodeId":"185891","year":2023,"month":9,"date":"2023-09-23","beginTime":"2023-09-23T15:50:00","endTime":"2023-09-23T15:50:00","timezone":"CST-6","state":"SD","stateName":"South Dakota","county":"Brookings","countyFips":"11","wfo":"FSD","scale":-1,"scaleLabel":"Unknown","lengthMiles":0.01,"widthYards":10,"deaths":0,"injuries":0,"propertyDamage":0,"cropDamage":0,"source":"Storm Chaser","dataSource":"CSV"}},{"type":"Feature","geometry":{"type":"LineString","coordinates":[[-96.015,43.842],[-96.015,43.842]]},"properties":{"id":"ncei-2023-1140979","eventId":"1140979","episodeId":"185892","year":2023,"month":9,"date":"2023-09-23","beginTime":"2023-09-23T14:56:00","endTime":"2023-09-23T14:56:00","timezone":"CST-6","state":"MN","stateName":"Minnesota","county":"Nobles","countyFips":"105","wfo":"FSD","scale":-1,"scaleLabel":"Unknown","lengthMiles":0.01,"widthYards":10,"deaths":0,"injuries":0,"propertyDamage":0,"cropDamage":0,"source":"Storm Chaser","dataSource":"CSV"}},{"type":"Feature","geometry":{"type":"LineString","coordinates":[[-76.53,36.33],[-76.5369,36.334]]},"properties":{"id":"ncei-2023-1141112","eventId":"1141112","episodeId":"185914","year":2023,"month":9,"date":"2023-09-23","beginTime":"2023-09-23T06:37:00","endTime":"2023-09-23T06:38:00","timezone":"EST-5","state":"NC","stateName":"North Carolina","county":"Perquimans","countyFips":"143","wfo":"AKQ","scale":0,"scaleLabel":"EF0","lengthMiles":0.48,"widthYards":50,"deaths":0,"injuries":0,"propertyDamage":0,"cropDamage":0,"source":"Broadcast Media","dataSource":"CSV"}},{"type":"Feature","geometry":{"type":"LineString","coordinates":[[-99.496,40.7549],[-99.4753,40.7549]]},"properties":{"id":"ncei-2023-1141337","eventId":"1141337","episodeId":"185729","year":2023,"month":10,"date":"2023-10-03","beginTime":"2023-10-03T14:59:00","endTime":"2023-10-03T15:01:00","timezone":"CST-6","state":"NE","stateName":"Nebraska","county":"Dawson","countyFips":"47","wfo":"GID","scale":0,"scaleLabel":"EF0","lengthMiles":1.08,"widthYards":50,"deaths":0,"injuries":0,"propertyDamage":225000,"cropDamage":0,"source":"NWS Storm Survey","dataSource":"CSV"}},{"type":"Feature","geometry":{"type":"LineString","coordinates":[[-98.9952,41.0911],[-98.9845,41.0939]]},"properties":{"id":"ncei-2023-1141339","eventId":"1141339","episodeId":"185729","year":2023,"month":10,"date":"2023-10-03","beginTime":"2023-10-03T15:46:00","endTime":"2023-10-03T15:47:00","timezone":"CST-6","state":"NE","stateName":"Nebraska","county":"Sherman","countyFips":"163","wfo":"GID","scale":0,"scaleLabel":"EF0","lengthMiles":0.59,"widthYards":25,"deaths":0,"injuries":0,"propertyDamage":15000,"cropDamage":0,"source":"NWS Storm Survey","dataSource":"CSV"}},{"type":"Feature","geometry":{"type":"LineString","coordinates":[[-98.8308,41.1196],[-98.8308,41.1196]]},"properties":{"id":"ncei-2023-1141342","eventId":"1141342","episodeId":"185729","year":2023,"month":10,"date":"2023-10-03","beginTime":"2023-10-03T15:56:00","endTime":"2023-10-03T15:56:00","timezone":"CST-6","state":"NE","stateName":"Nebraska","county":"Sherman","countyFips":"163","wfo":"GID","scale":0,"scaleLabel":"EF0","lengthMiles":0.01,"widthYards":25,"deaths":0,"injuries":0,"propertyDamage":1000,"cropDamage":0,"source":"NWS Storm Survey","dataSource":"CSV"}},{"type":"Feature","geometry":{"type":"LineString","coordinates":[[-111.272,34.251],[-111.23,34.251]]},"properties":{"id":"ncei-2023-1141602","eventId":"1141602","episodeId":"185979","year":2023,"month":11,"date":"2023-11-19","beginTime":"2023-11-19T09:39:00","endTime":"2023-11-19T09:49:00","timezone":"MST-7","state":"AZ","stateName":"Arizona","county":"Gila","countyFips":"7","wfo":"FGZ","scale":1,"scaleLabel":"EF1","lengthMiles":2.4,"widthYards":100,"deaths":0,"injuries":0,"propertyDamage":0,"cropDamage":0,"source":"Public","dataSource":"CSV"}},{"type":"Feature","geometry":{"type":"LineString","coordinates":[[-90.25,29.97],[-90.25,29.98]]},"properties":{"id":"ncei-2023-1142982","eventId":"1142982","episodeId":"186213","year":2023,"month":9,"date":"2023-09-02","beginTime":"2023-09-02T10:11:00","endTime":"2023-09-02T10:13:00","timezone":"CST-6","state":"LA","stateName":"Louisiana","county":"Jefferson","countyFips":"51","wfo":"LIX","scale":0,"scaleLabel":"EF0","lengthMiles":0.69,"widthYards":75,"deaths":0,"injuries":0,"propertyDamage":21500,"cropDamage":0,"source":"NWS Storm Survey","dataSource":"CSV"}},{"type":"Feature","geometry":{"type":"LineString","coordinates":[[-97.05,41.91],[-97.04,41.92]]},"properties":{"id":"ncei-2023-1143499","eventId":"1143499","episodeId":"186341","year":2023,"month":10,"date":"2023-10-03","beginTime":"2023-10-03T18:39:00","endTime":"2023-10-03T18:41:00","timezone":"CST-6","state":"NE","stateName":"Nebraska","county":"Stanton","countyFips":"167","wfo":"OAX","scale":1,"scaleLabel":"EF1","lengthMiles":0.86,"widthYards":100,"deaths":0,"injuries":0,"propertyDamage":0,"cropDamage":0,"source":"NWS Storm Survey","dataSource":"CSV"}},{"type":"Feature","geometry":{"type":"LineString","coordinates":[[-99.407,36.362],[-99.407,36.362]]},"properties":{"id":"ncei-2023-1143563","eventId":"1143563","episodeId":"182166","year":2023,"month":7,"date":"2023-07-07","beginTime":"2023-07-07T03:35:00","endTime":"2023-07-07T03:36:00","timezone":"CST-6","state":"OK","stateName":"Oklahoma","county":"Woodward","countyFips":"153","wfo":"OUN","scale":1,"scaleLabel":"EF1","lengthMiles":0.5,"widthYards":50,"deaths":0,"injuries":0,"propertyDamage":0,"cropDamage":0,"source":"Broadcast Media","dataSource":"CSV"}},{"type":"Feature","geometry":{"type":"LineString","coordinates":[[-97.206,34.58],[-97.206,34.58]]},"properties":{"id":"ncei-2023-1143564","eventId":"1143564","episodeId":"186291","year":2023,"month":10,"date":"2023-10-25","beginTime":"2023-10-25T15:58:00","endTime":"2023-10-25T15:58:00","timezone":"CST-6","state":"OK","stateName":"Oklahoma","county":"Garvin","countyFips":"49","wfo":"OUN","scale":0,"scaleLabel":"EF0","lengthMiles":0.3,"widthYards":20,"deaths":0,"injuries":0,"propertyDamage":0,"cropDamage":0,"source":"Public","dataSource":"CSV"}},{"type":"Feature","geometry":{"type":"LineString","coordinates":[[-96.791,35.381],[-96.785,35.386]]},"properties":{"id":"ncei-2023-1143565","eventId":"1143565","episodeId":"186291","year":2023,"month":10,"date":"2023-10-25","beginTime":"2023-10-25T17:30:00","endTime":"2023-10-25T17:31:00","timezone":"CST-6","state":"OK","stateName":"Oklahoma","county":"Pottawatomie","countyFips":"125","wfo":"OUN","scale":0,"scaleLabel":"EF0","lengthMiles":0.5,"widthYards":20,"deaths":0,"injuries":0,"propertyDamage":0,"cropDamage":0,"source":"NWS Storm Survey","dataSource":"CSV"}},{"type":"Feature","geometry":{"type":"LineString","coordinates":[[-82.3829,27.2661],[-82.3822,27.2686]]},"properties":{"id":"ncei-2023-1143566","eventId":"1143566","episodeId":"185583","year":2023,"month":10,"date":"2023-10-11","beginTime":"2023-10-11T21:59:00","endTime":"2023-10-11T22:00:00","timezone":"EST-5","state":"FL","stateName":"Florida","county":"Sarasota","countyFips":"115","wfo":"TBW","scale":0,"scaleLabel":"EF0","lengthMiles":0.18,"widthYards":50,"deaths":0,"injuries":0,"propertyDamage":10000,"cropDamage":0,"source":"Official NWS Observations","dataSource":"CSV"}},{"type":"Feature","geometry":{"type":"LineString","coordinates":[[-82.6725,28.0319],[-82.6711,28.0355]]},"properties":{"id":"ncei-2023-1143567","eventId":"1143567","episodeId":"185583","year":2023,"month":10,"date":"2023-10-11","beginTime":"2023-10-11T23:13:00","endTime":"2023-10-11T23:15:00","timezone":"EST-5","state":"FL","stateName":"Florida","county":"Pinellas","countyFips":"103","wfo":"TBW","scale":0,"scaleLabel":"EF0","lengthMiles":0.26,"widthYards":50,"deaths":0,"injuries":0,"propertyDamage":50000,"cropDamage":0,"source":"Official NWS Observations","dataSource":"CSV"}},{"type":"Feature","geometry":{"type":"LineString","coordinates":[[-82.8285,28.003],[-82.7746,28.0569]]},"properties":{"id":"ncei-2023-1143568","eventId":"1143568","episodeId":"185583","year":2023,"month":10,"date":"2023-10-12","beginTime":"2023-10-12T00:47:00","endTime":"2023-10-12T00:55:00","timezone":"EST-5","state":"FL","stateName":"Florida","county":"Pinellas","countyFips":"103","wfo":"TBW","scale":2,"scaleLabel":"EF2","lengthMiles":4.97,"widthYards":300,"deaths":0,"injuries":0,"propertyDamage":500000,"cropDamage":0,"source":"NWS Storm Survey","dataSource":"CSV"}},{"type":"Feature","geometry":{"type":"LineString","coordinates":[[-82.6108,28.8464],[-82.563,28.9158]]},"properties":{"id":"ncei-2023-1143569","eventId":"1143569","episodeId":"185583","year":2023,"month":10,"date":"2023-10-12","beginTime":"2023-10-12T01:08:00","endTime":"2023-10-12T01:19:00","timezone":"EST-5","state":"FL","stateName":"Florida","county":"Citrus","countyFips":"17","wfo":"TBW","scale":2,"scaleLabel":"EF2","lengthMiles":5.6,"widthYards":300,"deaths":0,"injuries":0,"propertyDamage":350000,"cropDamage":0,"source":"NWS Storm Survey","dataSource":"CSV"}},{"type":"Feature","geometry":{"type":"LineString","coordinates":[[-82.6175,28.1865],[-82.6161,28.1875]]},"properties":{"id":"ncei-2023-1143570","eventId":"1143570","episodeId":"185583","year":2023,"month":10,"date":"2023-10-12","beginTime":"2023-10-12T01:17:00","endTime":"2023-10-12T01:18:00","timezone":"EST-5","state":"FL","stateName":"Florida","county":"Pasco","countyFips":"101","wfo":"TBW","scale":0,"scaleLabel":"EF0","lengthMiles":0.11,"widthYards":15,"deaths":0,"injuries":0,"propertyDamage":2000,"cropDamage":0,"source":"Official NWS Observations","dataSource":"CSV"}},{"type":"Feature","geometry":{"type":"LineString","coordinates":[[-82.8303,27.9163],[-82.8234,27.9164]]},"properties":{"id":"ncei-2023-1143571","eventId":"1143571","episodeId":"185583","year":2023,"month":10,"date":"2023-10-12","beginTime":"2023-10-12T10:34:00","endTime":"2023-10-12T10:35:00","timezone":"EST-5","state":"FL","stateName":"Florida","county":"Pinellas","countyFips":"103","wfo":"TBW","scale":0,"scaleLabel":"EF0","lengthMiles":0.42,"widthYards":15,"deaths":0,"injuries":0,"propertyDamage":5000,"cropDamage":0,"source":"Official NWS Observations","dataSource":"CSV"}},{"type":"Feature","geometry":{"type":"LineString","coordinates":[[-99.9263,39.9875],[-99.9255,39.9885]]},"properties":{"id":"ncei-2023-1143701","eventId":"1143701","episodeId":"186258","year":2023,"month":10,"date":"2023-10-03","beginTime":"2023-10-03T15:25:00","endTime":"2023-10-03T15:26:00","timezone":"CST-6","state":"KS","stateName":"Kansas","county":"Norton","countyFips":"137","wfo":"GLD","scale":1,"scaleLabel":"EF1","lengthMiles":0.08,"widthYards":30,"deaths":0,"injuries":0,"propertyDamage":50000,"cropDamage":0,"source":"NWS Storm Survey","dataSource":"CSV"}},{"type":"Feature","geometry":{"type":"LineString","coordinates":[[-90.7459,31.3862],[-90.7326,31.3995]]},"properties":{"id":"ncei-2023-1144176","eventId":"1144176","episodeId":"186448","year":2023,"month":11,"date":"2023-11-20","beginTime":"2023-11-20T21:22:00","endTime":"2023-11-20T21:26:00","timezone":"CST-6","state":"MS","stateName":"Mississippi","county":"Franklin","countyFips":"37","wfo":"JAN","scale":1,"scaleLabel":"EF1","lengthMiles":1.21,"widthYards":100,"deaths":0,"injuries":0,"propertyDamage":50000,"cropDamage":0,"source":"NWS Storm Survey","dataSource":"CSV"}},{"type":"Feature","geometry":{"type":"LineString","coordinates":[[-89.94,32.604],[-89.924,32.634]]},"properties":{"id":"ncei-2023-1144193","eventId":"1144193","episodeId":"186448","year":2023,"month":11,"date":"2023-11-20","beginTime":"2023-11-20T18:01:00","endTime":"2023-11-20T18:07:00","timezone":"CST-6","state":"MS","stateName":"Mississippi","county":"Madison","countyFips":"89","wfo":"JAN","scale":1,"scaleLabel":"EF1","lengthMiles":2.29,"widthYards":350,"deaths":0,"injuries":0,"propertyDamage":60000,"cropDamage":0,"source":"NWS Storm Survey","dataSource":"CSV"}},{"type":"Feature","geometry":{"type":"LineString","coordinates":[[-89.6708,32.694],[-89.6756,32.7053]]},"properties":{"id":"ncei-2023-1144194","eventId":"1144194","episodeId":"186448","year":2023,"month":11,"date":"2023-11-20","beginTime":"2023-11-20T18:36:00","endTime":"2023-11-20T18:37:00","timezone":"CST-6","state":"MS","stateName":"Mississippi","county":"Leake","countyFips":"79","wfo":"JAN","scale":0,"scaleLabel":"EF0","lengthMiles":0.83,"widthYards":50,"deaths":0,"injuries":0,"propertyDamage":1000,"cropDamage":0,"source":"NWS Storm Survey","dataSource":"CSV"}},{"type":"Feature","geometry":{"type":"LineString","coordinates":[[-90.35,31.681],[-90.245,31.703]]},"properties":{"id":"ncei-2023-1144195","eventId":"1144195","episodeId":"186448","year":2023,"month":11,"date":"2023-11-20","beginTime":"2023-11-20T18:29:00","endTime":"2023-11-20T18:38:00","timezone":"CST-6","state":"MS","stateName":"Mississippi","county":"Lincoln","countyFips":"85","wfo":"JAN","scale":1,"scaleLabel":"EF1","lengthMiles":6.36,"widthYards":100,"deaths":0,"injuries":0,"propertyDamage":250000,"cropDamage":0,"source":"NWS Storm Survey","dataSource":"CSV"}},{"type":"Feature","geometry":{"type":"LineString","coordinates":[[-87.7453,36.4931],[-87.622,36.5201]]},"properties":{"id":"ncei-2023-1144347","eventId":"1144347","episodeId":"186479","year":2023,"month":12,"date":"2023-12-09","beginTime":"2023-12-09T13:19:00","endTime":"2023-12-09T13:29:00","timezone":"CST-6","state":"TN","stateName":"Tennessee","county":"Stewart","countyFips":"161","wfo":"OHX","scale":1,"scaleLabel":"EF1","lengthMiles":7.14,"widthYards":75,"deaths":0,"injuries":0,"propertyDamage":500000,"cropDamage":0,"source":"NWS Storm Survey","dataSource":"CSV"}},{"type":"Feature","geometry":{"type":"LineString","coordinates":[[-87.622,36.5201],[-87.5945,36.5277]]},"properties":{"id":"ncei-2023-1144350","eventId":"1144350","episodeId":"186479","year":2023,"month":12,"date":"2023-12-09","beginTime":"2023-12-09T13:29:00","endTime":"2023-12-09T13:32:00","timezone":"CST-6","state":"TN","stateName":"Tennessee","county":"Montgomery","countyFips":"125","wfo":"OHX","scale":0,"scaleLabel":"EF0","lengthMiles":1.61,"widthYards":50,"deaths":0,"injuries":0,"propertyDamage":50000,"cropDamage":0,"source":"NWS Storm Survey","dataSource":"CSV"}},{"type":"Feature","geometry":{"type":"LineString","coordinates":[[-87.4718,36.5746],[-87.2833,36.642]]},"properties":{"id":"ncei-2023-1144360","eventId":"1144360","episodeId":"186479","year":2023,"month":12,"date":"2023-12-09","beginTime":"2023-12-09T13:41:00","endTime":"2023-12-09T13:56:00","timezone":"CST-6","state":"TN","stateName":"Tennessee","county":"Montgomery","countyFips":"125","wfo":"OHX","scale":3,"scaleLabel":"EF3","lengthMiles":11.3,"widthYards":600,"deaths":4,"injuries":62,"propertyDamage":20000000,"cropDamage":0,"source":"NWS Storm Survey","dataSource":"CSV"}},{"type":"Feature","geometry":{"type":"LineString","coordinates":[[-87.4138,36.2793],[-87.3137,36.3029]]},"properties":{"id":"ncei-2023-1144368","eventId":"1144368","episodeId":"186479","year":2023,"month":12,"date":"2023-12-09","beginTime":"2023-12-09T15:29:00","endTime":"2023-12-09T15:39:00","timezone":"CST-6","state":"TN","stateName":"Tennessee","county":"Dickson","countyFips":"43","wfo":"OHX","scale":2,"scaleLabel":"EF2","lengthMiles":5.81,"widthYards":300,"deaths":0,"injuries":2,"propertyDamage":2000000,"cropDamage":0,"source":"NWS Storm Survey","dataSource":"CSV"}},{"type":"Feature","geometry":{"type":"LineString","coordinates":[[-87.2335,36.1601],[-87.153,36.183]]},"properties":{"id":"ncei-2023-1144372","eventId":"1144372","episodeId":"186479","year":2023,"month":12,"date":"2023-12-09","beginTime":"2023-12-09T16:03:00","endTime":"2023-12-09T16:10:00","timezone":"CST-6","state":"TN","stateName":"Tennessee","county":"Dickson","countyFips":"43","wfo":"OHX","scale":2,"scaleLabel":"EF2","lengthMiles":4.76,"widthYards":500,"deaths":0,"injuries":2,"propertyDamage":1500000,"cropDamage":0,"source":"NWS Storm Survey","dataSource":"CSV"}},{"type":"Feature","geometry":{"type":"LineString","coordinates":[[-87.153,36.183],[-86.984,36.207]]},"properties":{"id":"ncei-2023-1144373","eventId":"1144373","episodeId":"186479","year":2023,"month":12,"date":"2023-12-09","beginTime":"2023-12-09T16:10:00","endTime":"2023-12-09T16:24:00","timezone":"CST-6","state":"TN","stateName":"Tennessee","county":"Cheatham","countyFips":"21","wfo":"OHX","scale":2,"scaleLabel":"EF2","lengthMiles":9.57,"widthYards":500,"deaths":0,"injuries":0,"propertyDamage":700000,"cropDamage":0,"source":"NWS Storm Survey","dataSource":"CSV"}},{"type":"Feature","geometry":{"type":"LineString","coordinates":[[-86.984,36.207],[-86.9066,36.2162]]},"properties":{"id":"ncei-2023-1144375","eventId":"1144375","episodeId":"186479","year":2023,"month":12,"date":"2023-12-09","beginTime":"2023-12-09T16:24:00","endTime":"2023-12-09T16:27:00","timezone":"CST-6","state":"TN","stateName":"Tennessee","county":"Davidson","countyFips":"37","wfo":"OHX","scale":2,"scaleLabel":"EF2","lengthMiles":4.04,"widthYards":500,"deaths":0,"injuries":0,"propertyDamage":250000,"cropDamage":0,"source":"NWS Storm Survey","dataSource":"CSV"}},{"type":"Feature","geometry":{"type":"LineString","coordinates":[[-86.9078,36.4689],[-86.8113,36.5052]]},"properties":{"id":"ncei-2023-1144376","eventId":"1144376","episodeId":"186479","year":2023,"month":12,"date":"2023-12-09","beginTime":"2023-12-09T16:16:00","endTime":"2023-12-09T16:25:00","timezone":"CST-6","state":"TN","stateName":"Tennessee","county":"Robertson","countyFips":"147","wfo":"OHX","scale":2,"scaleLabel":"EF2","lengthMiles":6,"widthYards":300,"deaths":0,"injuries":4,"propertyDamage":10000000,"cropDamage":0,"source":"NWS Storm Survey","dataSource":"CSV"}},{"type":"Feature","geometry":{"type":"LineString","coordinates":[[-84.1361,42.4246],[-84.129,42.426]]},"properties":{"id":"ncei-2023-1144388","eventId":"1144388","episodeId":"183275","year":2023,"month":7,"date":"2023-07-26","beginTime":"2023-07-26T13:50:00","endTime":"2023-07-26T13:51:00","timezone":"EST-5","state":"MI","stateName":"Michigan","county":"Livingston","countyFips":"93","wfo":"DTX","scale":0,"scaleLabel":"EF0","lengthMiles":0.37,"widthYards":75,"deaths":0,"injuries":0,"propertyDamage":50000,"cropDamage":0,"source":"NWS Storm Survey","dataSource":"CSV"}},{"type":"Feature","geometry":{"type":"LineString","coordinates":[[-90.0208,31.8603],[-89.9951,31.9028]]},"properties":{"id":"ncei-2023-1144389","eventId":"1144389","episodeId":"186448","year":2023,"month":11,"date":"2023-11-20","beginTime":"2023-11-20T18:36:00","endTime":"2023-11-20T18:44:00","timezone":"CST-6","state":"MS","stateName":"Mississippi","county":"Simpson","countyFips":"127","wfo":"JAN","scale":0,"scaleLabel":"EF0","lengthMiles":3.3,"widthYards":75,"deaths":0,"injuries":0,"propertyDamage":20000,"cropDamage":0,"source":"NWS Storm Survey","dataSource":"CSV"}},{"type":"Feature","geometry":{"type":"LineString","coordinates":[[-89.7847,31.8869],[-89.7825,31.8893]]},"properties":{"id":"ncei-2023-1144390","eventId":"1144390","episodeId":"186448","year":2023,"month":11,"date":"2023-11-20","beginTime":"2023-11-20T19:43:00","endTime":"2023-11-20T19:44:00","timezone":"CST-6","state":"MS","stateName":"Mississippi","county":"Simpson","countyFips":"127","wfo":"JAN","scale":0,"scaleLabel":"EF0","lengthMiles":0.21,"widthYards":50,"deaths":0,"injuries":0,"propertyDamage":5000,"cropDamage":0,"source":"Official NWS Observations","dataSource":"CSV"}},{"type":"Feature","geometry":{"type":"LineString","coordinates":[[-89.4845,31.939],[-89.4487,31.968]]},"properties":{"id":"ncei-2023-1144391","eventId":"1144391","episodeId":"186448","year":2023,"month":11,"date":"2023-11-20","beginTime":"2023-11-20T20:09:00","endTime":"2023-11-20T20:13:00","timezone":"CST-6","state":"MS","stateName":"Mississippi","county":"Smith","countyFips":"129","wfo":"JAN","scale":1,"scaleLabel":"EF1","lengthMiles":2.94,"widthYards":200,"deaths":0,"injuries":0,"propertyDamage":500000,"cropDamage":0,"source":"NWS Storm Survey","dataSource":"CSV"}},{"type":"Feature","geometry":{"type":"LineString","coordinates":[[-86.7852,36.255],[-86.656,36.297]]},"properties":{"id":"ncei-2023-1144554","eventId":"1144554","episodeId":"186479","year":2023,"month":12,"date":"2023-12-09","beginTime":"2023-12-09T16:39:00","endTime":"2023-12-09T16:50:00","timezone":"CST-6","state":"TN","stateName":"Tennessee","county":"Davidson","countyFips":"37","wfo":"OHX","scale":2,"scaleLabel":"EF2","lengthMiles":7.76,"widthYards":400,"deaths":3,"injuries":21,"propertyDamage":10000000,"cropDamage":0,"source":"NWS Storm Survey","dataSource":"CSV"}},{"type":"Feature","geometry":{"type":"LineString","coordinates":[[-86.656,36.297],[-86.269,36.433]]},"properties":{"id":"ncei-2023-1144555","eventId":"1144555","episodeId":"186479","year":2023,"month":12,"date":"2023-12-09","beginTime":"2023-12-09T16:50:00","endTime":"2023-12-09T17:24:00","timezone":"CST-6","state":"TN","stateName":"Tennessee","county":"Sumner","countyFips":"165","wfo":"OHX","scale":2,"scaleLabel":"EF2","lengthMiles":23.49,"widthYards":400,"deaths":0,"injuries":1,"propertyDamage":10000000,"cropDamage":0,"source":"NWS Storm Survey","dataSource":"CSV"}},{"type":"Feature","geometry":{"type":"LineString","coordinates":[[-86.269,36.433],[-86.2129,36.4567]]},"properties":{"id":"ncei-2023-1144556","eventId":"1144556","episodeId":"186479","year":2023,"month":12,"date":"2023-12-09","beginTime":"2023-12-09T17:24:00","endTime":"2023-12-09T17:27:00","timezone":"CST-6","state":"TN","stateName":"Tennessee","county":"Trousdale","countyFips":"169","wfo":"OHX","scale":2,"scaleLabel":"EF2","lengthMiles":3.52,"widthYards":400,"deaths":0,"injuries":0,"propertyDamage":200000,"cropDamage":0,"source":"NWS Storm Survey","dataSource":"CSV"}},{"type":"Feature","geometry":{"type":"LineString","coordinates":[[-85.723,36.6169],[-85.718,36.62]]},"properties":{"id":"ncei-2023-1144557","eventId":"1144557","episodeId":"186479","year":2023,"month":12,"date":"2023-12-09","beginTime":"2023-12-09T18:07:00","endTime":"2023-12-09T18:08:00","timezone":"CST-6","state":"TN","stateName":"Tennessee","county":"Clay","countyFips":"27","wfo":"OHX","scale":1,"scaleLabel":"EF1","lengthMiles":0.35,"widthYards":50,"deaths":0,"injuries":0,"propertyDamage":50000,"cropDamage":0,"source":"NWS Storm Survey","dataSource":"CSV"}},{"type":"Feature","geometry":{"type":"LineString","coordinates":[[-98.4692,29.4195],[-98.4419,29.4904]]},"properties":{"id":"ncei-2023-1144582","eventId":"1144582","episodeId":"186386","year":2023,"month":10,"date":"2023-10-26","beginTime":"2023-10-26T07:01:00","endTime":"2023-10-26T07:18:00","timezone":"CST-6","state":"TX","stateName":"Texas","county":"Bexar","countyFips":"29","wfo":"EWX","scale":0,"scaleLabel":"EF0","lengthMiles":5.17,"widthYards":150,"deaths":0,"injuries":0,"propertyDamage":0,"cropDamage":250000,"source":"NWS Storm Survey","dataSource":"CSV"}},{"type":"Feature","geometry":{"type":"LineString","coordinates":[[-97.7086,29.9595],[-97.7076,29.9665]]},"properties":{"id":"ncei-2023-1144583","eventId":"1144583","episodeId":"186386","year":2023,"month":10,"date":"2023-10-26","beginTime":"2023-10-26T07:05:00","endTime":"2023-10-26T07:07:00","timezone":"CST-6","state":"TX","stateName":"Texas","county":"Caldwell","countyFips":"55","wfo":"EWX","scale":0,"scaleLabel":"EF0","lengthMiles":0.49,"widthYards":10,"deaths":0,"injuries":0,"propertyDamage":0,"cropDamage":0,"source":"NWS Storm Survey","dataSource":"CSV"}},{"type":"Feature","geometry":{"type":"LineString","coordinates":[[-98.2526,29.5774],[-98.2432,29.6055]]},"properties":{"id":"ncei-2023-1144584","eventId":"1144584","episodeId":"186386","year":2023,"month":10,"date":"2023-10-26","beginTime":"2023-10-26T07:39:00","endTime":"2023-10-26T07:47:00","timezone":"CST-6","state":"TX","stateName":"Texas","county":"Guadalupe","countyFips":"187","wfo":"EWX","scale":0,"scaleLabel":"EF0","lengthMiles":2.02,"widthYards":100,"deaths":0,"injuries":0,"propertyDamage":0,"cropDamage":20000,"source":"NWS Storm Survey","dataSource":"CSV"}},{"type":"Feature","geometry":{"type":"LineString","coordinates":[[-98.1193,29.8448],[-98.1146,29.8461]]},"properties":{"id":"ncei-2023-1144585","eventId":"1144585","episodeId":"186386","year":2023,"month":10,"date":"2023-10-26","beginTime":"2023-10-26T08:12:00","endTime":"2023-10-26T08:13:00","timezone":"CST-6","state":"TX","stateName":"Texas","county":"Comal","countyFips":"91","wfo":"EWX","scale":0,"scaleLabel":"EF0","lengthMiles":0.3,"widthYards":30,"deaths":0,"injuries":0,"propertyDamage":0,"cropDamage":2000,"source":"NWS Storm Survey","dataSource":"CSV"}},{"type":"Feature","geometry":{"type":"LineString","coordinates":[[-97.9853,29.2796],[-97.9825,29.3663]]},"properties":{"id":"ncei-2023-1144586","eventId":"1144586","episodeId":"186386","year":2023,"month":10,"date":"2023-10-26","beginTime":"2023-10-26T05:35:00","endTime":"2023-10-26T05:56:00","timezone":"CST-6","state":"TX","stateName":"Texas","county":"Wilson","countyFips":"493","wfo":"EWX","scale":0,"scaleLabel":"EF0","lengthMiles":5.99,"widthYards":50,"deaths":0,"injuries":0,"propertyDamage":0,"cropDamage":5000,"source":"NWS Storm Survey","dataSource":"CSV"}},{"type":"Feature","geometry":{"type":"LineString","coordinates":[[-100.0189,36.7631],[-100,36.75]]},"properties":{"id":"ncei-2023-1144648","eventId":"1144648","episodeId":"182536","year":2023,"month":6,"date":"2023-06-17","beginTime":"2023-06-17T18:42:00","endTime":"2023-06-17T18:43:00","timezone":"CST-6","state":"OK","stateName":"Oklahoma","county":"Beaver","countyFips":"7","wfo":"AMA","scale":0,"scaleLabel":"EF0","lengthMiles":1.38,"widthYards":25,"deaths":0,"injuries":0,"propertyDamage":2000,"cropDamage":0,"source":"NWS Storm Survey","dataSource":"CSV"}},{"type":"Feature","geometry":{"type":"LineString","coordinates":[[-82.9023,40.8036],[-82.7814,40.7832]]},"properties":{"id":"ncei-2023-1144964","eventId":"1144964","episodeId":"186544","year":2023,"month":7,"date":"2023-07-29","beginTime":"2023-07-29T03:58:00","endTime":"2023-07-29T04:06:00","timezone":"EST-5","state":"OH","stateName":"Ohio","county":"Crawford","countyFips":"33","wfo":"CLE","scale":1,"scaleLabel":"EF1","lengthMiles":6.48,"widthYards":100,"deaths":0,"injuries":0,"propertyDamage":230000,"cropDamage":0,"source":"NWS Storm Survey","dataSource":"CSV"}},{"type":"Feature","geometry":{"type":"LineString","coordinates":[[-94.3852,42.5469],[-94.3863,42.5503]]},"properties":{"id":"ncei-2023-1144995","eventId":"1144995","episodeId":"186577","year":2023,"month":10,"date":"2023-10-13","beginTime":"2023-10-13T13:12:00","endTime":"2023-10-13T13:13:00","timezone":"CST-6","state":"IA","stateName":"Iowa","county":"Webster","countyFips":"187","wfo":"DMX","scale":0,"scaleLabel":"EF0","lengthMiles":0.24,"widthYards":25,"deaths":0,"injuries":0,"propertyDamage":0,"cropDamage":0,"source":"Storm Chaser","dataSource":"CSV"}},{"type":"Feature","geometry":{"type":"LineString","coordinates":[[-93.0129,41.6785],[-93.0097,41.6874]]},"properties":{"id":"ncei-2023-1144996","eventId":"1144996","episodeId":"186577","year":2023,"month":10,"date":"2023-10-13","beginTime":"2023-10-13T15:09:00","endTime":"2023-10-13T15:12:00","timezone":"CST-6","state":"IA","stateName":"Iowa","county":"Jasper","countyFips":"99","wfo":"DMX","scale":0,"scaleLabel":"EF0","lengthMiles":0.64,"widthYards":80,"deaths":0,"injuries":0,"propertyDamage":1000,"cropDamage":0,"source":"Storm Chaser","dataSource":"CSV"}},{"type":"Feature","geometry":{"type":"LineString","coordinates":[[-91.5007,39.1014],[-91.4613,39.081]]},"properties":{"id":"ncei-2023-1145212","eventId":"1145212","episodeId":"186614","year":2023,"month":8,"date":"2023-08-12","beginTime":"2023-08-12T02:34:00","endTime":"2023-08-12T02:38:00","timezone":"CST-6","state":"MO","stateName":"Missouri","county":"Montgomery","countyFips":"139","wfo":"LSX","scale":0,"scaleLabel":"EF0","lengthMiles":2.54,"widthYards":40,"deaths":0,"injuries":0,"propertyDamage":0,"cropDamage":0,"source":"NWS Storm Survey","dataSource":"CSV"}},{"type":"Feature","geometry":{"type":"LineString","coordinates":[[-96.65,29],[-96.65,28.99]]},"properties":{"id":"ncei-2023-1145339","eventId":"1145339","episodeId":"184150","year":2023,"month":9,"date":"2023-09-25","beginTime":"2023-09-25T19:01:00","endTime":"2023-09-25T19:02:00","timezone":"CST-6","state":"TX","stateName":"Texas","county":"Jackson","countyFips":"239","wfo":"HGX","scale":0,"scaleLabel":"EF0","lengthMiles":0.69,"widthYards":20,"deaths":0,"injuries":0,"propertyDamage":200000,"cropDamage":0,"source":"NWS Storm Survey","dataSource":"CSV"}},{"type":"Feature","geometry":{"type":"LineString","coordinates":[[-85.442,31.6234],[-85.4162,31.6323]]},"properties":{"id":"ncei-2023-1145363","eventId":"1145363","episodeId":"186547","year":2023,"month":12,"date":"2023-12-10","beginTime":"2023-12-10T01:19:00","endTime":"2023-12-10T01:22:00","timezone":"CST-6","state":"AL","stateName":"Alabama","county":"Barbour","countyFips":"5","wfo":"BMX","scale":0,"scaleLabel":"EF0","lengthMiles":1.65,"widthYards":100,"deaths":0,"injuries":0,"propertyDamage":0,"cropDamage":0,"source":"NWS Storm Survey","dataSource":"CSV"}},{"type":"Feature","geometry":{"type":"LineString","coordinates":[[-85.4258,32.4649],[-85.3857,32.4744]]},"properties":{"id":"ncei-2023-1145371","eventId":"1145371","episodeId":"186547","year":2023,"month":12,"date":"2023-12-10","beginTime":"2023-12-10T04:36:00","endTime":"2023-12-10T04:39:00","timezone":"CST-6","state":"AL","stateName":"Alabama","county":"Lee","countyFips":"81","wfo":"BMX","scale":0,"scaleLabel":"EF0","lengthMiles":2.43,"widthYards":400,"deaths":0,"injuries":0,"propertyDamage":0,"cropDamage":0,"source":"NWS Storm Survey","dataSource":"CSV"}},{"type":"Feature","geometry":{"type":"LineString","coordinates":[[-86.837,33.4434],[-86.7951,33.4682]]},"properties":{"id":"ncei-2023-1145378","eventId":"1145378","episodeId":"186547","year":2023,"month":12,"date":"2023-12-10","beginTime":"2023-12-10T00:09:00","endTime":"2023-12-10T00:12:00","timezone":"CST-6","state":"AL","stateName":"Alabama","county":"Jefferson","countyFips":"73","wfo":"BMX","scale":1,"scaleLabel":"EF1","lengthMiles":3.02,"widthYards":600,"deaths":0,"injuries":0,"propertyDamage":5000000,"cropDamage":0,"source":"NWS Storm Survey","dataSource":"CSV"}},{"type":"Feature","geometry":{"type":"LineString","coordinates":[[-86.7849,33.4685],[-86.7559,33.4772]]},"properties":{"id":"ncei-2023-1145380","eventId":"1145380","episodeId":"186547","year":2023,"month":12,"date":"2023-12-10","beginTime":"2023-12-10T00:13:00","endTime":"2023-12-10T00:15:00","timezone":"CST-6","state":"AL","stateName":"Alabama","county":"Jefferson","countyFips":"73","wfo":"BMX","scale":1,"scaleLabel":"EF1","lengthMiles":1.78,"widthYards":200,"deaths":0,"injuries":0,"propertyDamage":0,"cropDamage":0,"source":"NWS Storm Survey","dataSource":"CSV"}},{"type":"Feature","geometry":{"type":"LineString","coordinates":[[-85.7616,31.1177],[-85.6757,31.1658]]},"properties":{"id":"ncei-2023-1145399","eventId":"1145399","episodeId":"186640","year":2023,"month":11,"date":"2023-11-21","beginTime":"2023-11-21T17:04:00","endTime":"2023-11-21T17:15:00","timezone":"CST-6","state":"AL","stateName":"Alabama","county":"Geneva","countyFips":"61","wfo":"TAE","scale":1,"scaleLabel":"EF1","lengthMiles":6.07,"widthYards":50,"deaths":0,"injuries":0,"propertyDamage":100000,"cropDamage":0,"source":"NWS Storm Survey","dataSource":"CSV"}},{"type":"Feature","geometry":{"type":"LineString","coordinates":[[-122.6892,45.8755],[-122.68,45.87]]},"properties":{"id":"ncei-2023-1145729","eventId":"1145729","episodeId":"186696","year":2023,"month":10,"date":"2023-10-11","beginTime":"2023-10-11T14:40:00","endTime":"2023-10-11T14:41:00","timezone":"PST-8","state":"WA","stateName":"Washington","county":"Clark","countyFips":"11","wfo":"PQR","scale":0,"scaleLabel":"EF0","lengthMiles":0.5,"widthYards":100,"deaths":0,"injuries":0,"propertyDamage":0,"cropDamage":1000,"source":"Trained Spotter","dataSource":"CSV"}},{"type":"Feature","geometry":{"type":"LineString","coordinates":[[-90.057,38.167],[-90.05,38.167]]},"properties":{"id":"ncei-2023-1146020","eventId":"1146020","episodeId":"186749","year":2023,"month":8,"date":"2023-08-13","beginTime":"2023-08-13T16:35:00","endTime":"2023-08-13T16:36:00","timezone":"CST-6","state":"IL","stateName":"Illinois","county":"Monroe","countyFips":"133","wfo":"LSX","scale":0,"scaleLabel":"EF0","lengthMiles":0.38,"widthYards":10,"deaths":0,"injuries":0,"propertyDamage":0,"cropDamage":0,"source":"Emergency Manager","dataSource":"CSV"}},{"type":"Feature","geometry":{"type":"LineString","coordinates":[[-92.1957,40.2408],[-92.217,40.2573]]},"properties":{"id":"ncei-2023-1146024","eventId":"1146024","episodeId":"186750","year":2023,"month":8,"date":"2023-08-04","beginTime":"2023-08-04T22:13:00","endTime":"2023-08-04T22:15:00","timezone":"CST-6","state":"MO","stateName":"Missouri","county":"Knox","countyFips":"103","wfo":"LSX","scale":2,"scaleLabel":"EF2","lengthMiles":1.64,"widthYards":450,"deaths":0,"injuries":2,"propertyDamage":0,"cropDamage":0,"source":"NWS Storm Survey","dataSource":"CSV"}},{"type":"Feature","geometry":{"type":"LineString","coordinates":[[-91.3759,40.1099],[-91.326,40.1241]]},"properties":{"id":"ncei-2023-1146025","eventId":"1146025","episodeId":"186751","year":2023,"month":8,"date":"2023-08-05","beginTime":"2023-08-05T01:24:00","endTime":"2023-08-05T01:31:00","timezone":"CST-6","state":"IL","stateName":"Illinois","county":"Adams","countyFips":"1","wfo":"LSX","scale":1,"scaleLabel":"EF1","lengthMiles":2.87,"widthYards":200,"deaths":0,"injuries":0,"propertyDamage":0,"cropDamage":0,"source":"NWS Storm Survey","dataSource":"CSV"}},{"type":"Feature","geometry":{"type":"LineString","coordinates":[[-89.0601,36.1175],[-88.908,36.183]]},"properties":{"id":"ncei-2023-1146110","eventId":"1146110","episodeId":"186759","year":2023,"month":12,"date":"2023-12-09","beginTime":"2023-12-09T11:32:00","endTime":"2023-12-09T11:44:00","timezone":"CST-6","state":"TN","stateName":"Tennessee","county":"Gibson","countyFips":"53","wfo":"MEG","scale":1,"scaleLabel":"EF1","lengthMiles":9.62,"widthYards":600,"deaths":0,"injuries":1,"propertyDamage":750000,"cropDamage":0,"source":"NWS Storm Survey","dataSource":"CSV"}},{"type":"Feature","geometry":{"type":"LineString","coordinates":[[-88.908,36.183],[-88.6533,36.265]]},"properties":{"id":"ncei-2023-1146111","eventId":"1146111","episodeId":"186759","year":2023,"month":12,"date":"2023-12-09","beginTime":"2023-12-09T11:44:00","endTime":"2023-12-09T12:03:00","timezone":"CST-6","state":"TN","stateName":"Tennessee","county":"Weakley","countyFips":"183","wfo":"MEG","scale":1,"scaleLabel":"EF1","lengthMiles":15.29,"widthYards":600,"deaths":0,"injuries":2,"propertyDamage":500000,"cropDamage":0,"source":"NWS Storm Survey","dataSource":"CSV"}},{"type":"Feature","geometry":{"type":"LineString","coordinates":[[-83.3633,40.6415],[-83.3607,40.6418]]},"properties":{"id":"ncei-2023-1146364","eventId":"1146364","episodeId":"186604","year":2023,"month":8,"date":"2023-08-12","beginTime":"2023-08-12T12:13:00","endTime":"2023-08-12T12:14:00","timezone":"EST-5","state":"OH","stateName":"Ohio","county":"Marion","countyFips":"101","wfo":"CLE","scale":1,"scaleLabel":"EF1","lengthMiles":0.14,"widthYards":75,"deaths":0,"injuries":0,"propertyDamage":23000,"cropDamage":0,"source":"NWS Storm Survey","dataSource":"CSV"}},{"type":"Feature","geometry":{"type":"LineString","coordinates":[[-79.7884,41.879],[-79.784,41.8734]]},"properties":{"id":"ncei-2023-1146391","eventId":"1146391","episodeId":"186796","year":2023,"month":8,"date":"2023-08-12","beginTime":"2023-08-12T12:27:00","endTime":"2023-08-12T12:28:00","timezone":"EST-5","state":"PA","stateName":"Pennsylvania","county":"Erie","countyFips":"49","wfo":"CLE","scale":0,"scaleLabel":"EF0","lengthMiles":0.45,"widthYards":20,"deaths":0,"injuries":0,"propertyDamage":5000,"cropDamage":0,"source":"NWS Storm Survey","dataSource":"CSV"}},{"type":"Feature","geometry":{"type":"LineString","coordinates":[[-82.0918,40.5886],[-82.0673,40.5746]]},"properties":{"id":"ncei-2023-1146440","eventId":"1146440","episodeId":"186604","year":2023,"month":8,"date":"2023-08-12","beginTime":"2023-08-12T14:20:00","endTime":"2023-08-12T14:26:00","timezone":"EST-5","state":"OH","stateName":"Ohio","county":"Holmes","countyFips":"75","wfo":"CLE","scale":0,"scaleLabel":"EF0","lengthMiles":1.61,"widthYards":25,"deaths":0,"injuries":0,"propertyDamage":0,"cropDamage":0,"source":"NWS Storm Survey","dataSource":"CSV"}},{"type":"Feature","geometry":{"type":"LineString","coordinates":[[-98.713,42.0895],[-98.79,42.16]]},"properties":{"id":"ncei-2023-1146503","eventId":"1146503","episodeId":"181199","year":2023,"month":5,"date":"2023-05-12","beginTime":"2023-05-12T15:00:00","endTime":"2023-05-12T15:07:00","timezone":"CST-6","state":"NE","stateName":"Nebraska","county":"Holt","countyFips":"89","wfo":"LBF","scale":2,"scaleLabel":"EF2","lengthMiles":6.27,"widthYards":75,"deaths":0,"injuries":0,"propertyDamage":0,"cropDamage":0,"source":"Emergency Manager","dataSource":"CSV"}},{"type":"Feature","geometry":{"type":"LineString","coordinates":[[-71.6736,41.8586],[-71.6712,41.861]]},"properties":{"id":"ncei-2023-1146963","eventId":"1146963","episodeId":"183582","year":2023,"month":9,"date":"2023-09-13","beginTime":"2023-09-13T15:20:00","endTime":"2023-09-13T15:28:00","timezone":"EST-5","state":"RI","stateName":"Rhode Island","county":"Providence","countyFips":"7","wfo":"BOX","scale":1,"scaleLabel":"EF1","lengthMiles":0.21,"widthYards":70,"deaths":0,"injuries":0,"propertyDamage":20000,"cropDamage":0,"source":"NWS Storm Survey","dataSource":"CSV"}},{"type":"Feature","geometry":{"type":"LineString","coordinates":[[-85.4162,31.6323],[-85.3172,31.6688]]},"properties":{"id":"ncei-2023-1147668","eventId":"1147668","episodeId":"186648","year":2023,"month":12,"date":"2023-12-10","beginTime":"2023-12-10T01:22:00","endTime":"2023-12-10T01:37:00","timezone":"CST-6","state":"AL","stateName":"Alabama","county":"Henry","countyFips":"67","wfo":"TAE","scale":0,"scaleLabel":"EF0","lengthMiles":6.35,"widthYards":200,"deaths":0,"injuries":0,"propertyDamage":50000,"cropDamage":0,"source":"Emergency Manager","dataSource":"CSV"}},{"type":"Feature","geometry":{"type":"LineString","coordinates":[[-85.8331,30.8054],[-85.7915,30.8292]]},"properties":{"id":"ncei-2023-1147669","eventId":"1147669","episodeId":"186649","year":2023,"month":12,"date":"2023-12-10","beginTime":"2023-12-10T05:30:00","endTime":"2023-12-10T05:37:00","timezone":"CST-6","state":"FL","stateName":"Florida","county":"Holmes","countyFips":"59","wfo":"TAE","scale":1,"scaleLabel":"EF1","lengthMiles":2.97,"widthYards":250,"deaths":0,"injuries":0,"propertyDamage":0,"cropDamage":0,"source":"NWS Storm Survey","dataSource":"CSV"}},{"type":"Feature","geometry":{"type":"LineString","coordinates":[[-87.97,39.02],[-87.9689,39.0214]]},"properties":{"id":"ncei-2023-1147720","eventId":"1147720","episodeId":"186989","year":2023,"month":8,"date":"2023-08-05","beginTime":"2023-08-05T16:30:00","endTime":"2023-08-05T16:31:00","timezone":"CST-6","state":"IL","stateName":"Illinois","county":"Jasper","countyFips":"79","wfo":"ILX","scale":-1,"scaleLabel":"Unknown","lengthMiles":0.11,"widthYards":20,"deaths":0,"injuries":0,"propertyDamage":0,"cropDamage":0,"source":"Broadcast Media","dataSource":"CSV"}},{"type":"Feature","geometry":{"type":"LineString","coordinates":[[-92.8845,31.1047],[-92.8617,31.1109]]},"properties":{"id":"ncei-2023-1148134","eventId":"1148134","episodeId":"187070","year":2023,"month":11,"date":"2023-11-20","beginTime":"2023-11-20T17:17:00","endTime":"2023-11-20T17:22:00","timezone":"CST-6","state":"LA","stateName":"Louisiana","county":"Vernon","countyFips":"115","wfo":"LCH","scale":0,"scaleLabel":"EF0","lengthMiles":1.42,"widthYards":75,"deaths":0,"injuries":0,"propertyDamage":0,"cropDamage":0,"source":"NWS Storm Survey","dataSource":"CSV"}},{"type":"Feature","geometry":{"type":"LineString","coordinates":[[-92.5551,31.1975],[-92.5073,31.1946]]},"properties":{"id":"ncei-2023-1148135","eventId":"1148135","episodeId":"187070","year":2023,"month":11,"date":"2023-11-20","beginTime":"2023-11-20T17:58:00","endTime":"2023-11-20T18:08:00","timezone":"CST-6","state":"LA","stateName":"Louisiana","county":"Rapides","countyFips":"79","wfo":"LCH","scale":0,"scaleLabel":"EF0","lengthMiles":2.83,"widthYards":75,"deaths":0,"injuries":0,"propertyDamage":0,"cropDamage":0,"source":"NWS Storm Survey","dataSource":"CSV"}},{"type":"Feature","geometry":{"type":"LineString","coordinates":[[-92.0673,31.1316],[-91.907,31.157]]},"properties":{"id":"ncei-2023-1148137","eventId":"1148137","episodeId":"187070","year":2023,"month":11,"date":"2023-11-20","beginTime":"2023-11-20T18:55:00","endTime":"2023-11-20T19:14:00","timezone":"CST-6","state":"LA","stateName":"Louisiana","county":"Avoyelles","countyFips":"9","wfo":"LCH","scale":1,"scaleLabel":"EF1","lengthMiles":9.64,"widthYards":300,"deaths":0,"injuries":0,"propertyDamage":150000,"cropDamage":0,"source":"NWS Storm Survey","dataSource":"CSV"}},{"type":"Feature","geometry":{"type":"LineString","coordinates":[[-92.0419,30.9897],[-91.7971,31.04]]},"properties":{"id":"ncei-2023-1148139","eventId":"1148139","episodeId":"187070","year":2023,"month":11,"date":"2023-11-20","beginTime":"2023-11-20T19:20:00","endTime":"2023-11-20T19:46:00","timezone":"CST-6","state":"LA","stateName":"Louisiana","county":"Avoyelles","countyFips":"9","wfo":"LCH","scale":1,"scaleLabel":"EF1","lengthMiles":14.91,"widthYards":300,"deaths":0,"injuries":0,"propertyDamage":250000,"cropDamage":0,"source":"NWS Storm Survey","dataSource":"CSV"}},{"type":"Feature","geometry":{"type":"LineString","coordinates":[[-81.38,34.609],[-81.379,34.609]]},"properties":{"id":"ncei-2023-1148410","eventId":"1148410","episodeId":"187103","year":2023,"month":11,"date":"2023-11-21","beginTime":"2023-11-21T20:43:00","endTime":"2023-11-21T20:44:00","timezone":"EST-5","state":"SC","stateName":"South Carolina","county":"Chester","countyFips":"23","wfo":"GSP","scale":0,"scaleLabel":"EF0","lengthMiles":0.04,"widthYards":20,"deaths":0,"injuries":0,"propertyDamage":0,"cropDamage":0,"source":"NWS Storm Survey","dataSource":"CSV"}},{"type":"Feature","geometry":{"type":"LineString","coordinates":[[-93.0282,31.4099],[-92.8881,31.4526]]},"properties":{"id":"ncei-2023-1148622","eventId":"1148622","episodeId":"187136","year":2023,"month":11,"date":"2023-11-20","beginTime":"2023-11-20T14:32:00","endTime":"2023-11-20T14:46:00","timezone":"CST-6","state":"LA","stateName":"Louisiana","county":"Natchitoches","countyFips":"69","wfo":"SHV","scale":1,"scaleLabel":"EF1","lengthMiles":8.77,"widthYards":150,"deaths":0,"injuries":0,"propertyDamage":100000,"cropDamage":0,"source":"NWS Storm Survey","dataSource":"CSV"}},{"type":"Feature","geometry":{"type":"LineString","coordinates":[[-90.6636,39.9548],[-90.6578,39.9585]]},"properties":{"id":"ncei-2023-1148794","eventId":"1148794","episodeId":"187165","year":2023,"month":10,"date":"2023-10-13","beginTime":"2023-10-13T17:08:00","endTime":"2023-10-13T17:10:00","timezone":"CST-6","state":"IL","stateName":"Illinois","county":"Brown","countyFips":"9","wfo":"LSX","scale":1,"scaleLabel":"EF1","lengthMiles":0.42,"widthYards":25,"deaths":0,"injuries":1,"propertyDamage":0,"cropDamage":0,"source":"Broadcast Media","dataSource":"CSV"}},{"type":"Feature","geometry":{"type":"LineString","coordinates":[[-90.245,31.703],[-90.2002,31.7101]]},"properties":{"id":"ncei-2023-1149464","eventId":"1149464","episodeId":"186448","year":2023,"month":11,"date":"2023-11-20","beginTime":"2023-11-20T18:38:00","endTime":"2023-11-20T18:43:00","timezone":"CST-6","state":"MS","stateName":"Mississippi","county":"Lawrence","countyFips":"77","wfo":"JAN","scale":1,"scaleLabel":"EF1","lengthMiles":2.68,"widthYards":100,"deaths":0,"injuries":0,"propertyDamage":50000,"cropDamage":0,"source":"NWS Storm Survey","dataSource":"CSV"}},{"type":"Feature","geometry":{"type":"LineString","coordinates":[[-91.678,31.186],[-91.6068,31.1953]]},"properties":{"id":"ncei-2023-1149699","eventId":"1149699","episodeId":"187312","year":2023,"month":11,"date":"2023-11-20","beginTime":"2023-11-20T19:40:00","endTime":"2023-11-20T19:47:00","timezone":"CST-6","state":"LA","stateName":"Louisiana","county":"Concordia","countyFips":"29","wfo":"JAN","scale":1,"scaleLabel":"EF1","lengthMiles":4.26,"widthYards":100,"deaths":0,"injuries":0,"propertyDamage":40000,"cropDamage":0,"source":"NWS Storm Survey","dataSource":"CSV"}},{"type":"Feature","geometry":{"type":"LineString","coordinates":[[-91.72,31.18],[-91.68,31.19]]},"properties":{"id":"ncei-2023-1149740","eventId":"1149740","episodeId":"187070","year":2023,"month":11,"date":"2023-11-20","beginTime":"2023-11-20T19:35:00","endTime":"2023-11-20T19:40:00","timezone":"CST-6","state":"LA","stateName":"Louisiana","county":"Avoyelles","countyFips":"9","wfo":"LCH","scale":1,"scaleLabel":"EF1","lengthMiles":2.46,"widthYards":300,"deaths":0,"injuries":0,"propertyDamage":0,"cropDamage":0,"source":"NWS Storm Survey","dataSource":"CSV"}},{"type":"Feature","geometry":{"type":"LineString","coordinates":[[-118.9123,44.3983],[-118.908,44.3995]]},"properties":{"id":"ncei-2023-1149886","eventId":"1149886","episodeId":"187363","year":2023,"month":11,"date":"2023-11-05","beginTime":"2023-11-05T12:59:00","endTime":"2023-11-05T13:04:00","timezone":"PST-8","state":"OR","stateName":"Oregon","county":"Grant","countyFips":"23","wfo":"PDT","scale":0,"scaleLabel":"EF0","lengthMiles":0.23,"widthYards":75,"deaths":0,"injuries":0,"propertyDamage":0,"cropDamage":0,"source":"NWS Storm Survey","dataSource":"CSV"}},{"type":"Feature","geometry":{"type":"LineString","coordinates":[[-90.6178,32.0928],[-90.5147,32.06]]},"properties":{"id":"ncei-2023-1150394","eventId":"1150394","episodeId":"179447","year":2023,"month":6,"date":"2023-06-16","beginTime":"2023-06-16T03:54:00","endTime":"2023-06-16T04:02:00","timezone":"CST-6","state":"MS","stateName":"Mississippi","county":"Hinds","countyFips":"49","wfo":"JAN","scale":1,"scaleLabel":"EF1","lengthMiles":6.54,"widthYards":800,"deaths":0,"injuries":0,"propertyDamage":25000,"cropDamage":0,"source":"NWS Storm Survey","dataSource":"CSV"}},{"type":"Feature","geometry":{"type":"LineString","coordinates":[[-88.6577,32.0609],[-88.6258,32.0508]]},"properties":{"id":"ncei-2023-1151406","eventId":"1151406","episodeId":"187516","year":2023,"month":6,"date":"2023-06-18","beginTime":"2023-06-18T09:54:00","endTime":"2023-06-18T09:57:00","timezone":"CST-6","state":"MS","stateName":"Mississippi","county":"Clarke","countyFips":"23","wfo":"JAN","scale":1,"scaleLabel":"EF1","lengthMiles":2.01,"widthYards":250,"deaths":0,"injuries":0,"propertyDamage":75000,"cropDamage":0,"source":"NWS Storm Survey","dataSource":"CSV"}},{"type":"Feature","geometry":{"type":"LineString","coordinates":[[-89.9481,32.7065],[-89.92,32.7043]]},"properties":{"id":"ncei-2023-1151438","eventId":"1151438","episodeId":"187516","year":2023,"month":6,"date":"2023-06-18","beginTime":"2023-06-18T18:38:00","endTime":"2023-06-18T18:40:00","timezone":"CST-6","state":"MS","stateName":"Mississippi","county":"Madison","countyFips":"89","wfo":"JAN","scale":0,"scaleLabel":"EF0","lengthMiles":1.65,"widthYards":250,"deaths":0,"injuries":0,"propertyDamage":15000,"cropDamage":0,"source":"NWS Storm Survey","dataSource":"CSV"}},{"type":"Feature","geometry":{"type":"LineString","coordinates":[[-90.1404,32.4296],[-90.1195,32.4376]]},"properties":{"id":"ncei-2023-1151444","eventId":"1151444","episodeId":"187516","year":2023,"month":6,"date":"2023-06-18","beginTime":"2023-06-18T18:57:00","endTime":"2023-06-18T18:59:00","timezone":"CST-6","state":"MS","stateName":"Mississippi","county":"Madison","countyFips":"89","wfo":"JAN","scale":1,"scaleLabel":"EF1","lengthMiles":1.38,"widthYards":300,"deaths":0,"injuries":0,"propertyDamage":500000,"cropDamage":0,"source":"NWS Storm Survey","dataSource":"CSV"}},{"type":"Feature","geometry":{"type":"LineString","coordinates":[[-89.6347,32.4526],[-89.5366,32.4956]]},"properties":{"id":"ncei-2023-1151451","eventId":"1151451","episodeId":"187516","year":2023,"month":6,"date":"2023-06-18","beginTime":"2023-06-18T19:04:00","endTime":"2023-06-18T19:18:00","timezone":"CST-6","state":"MS","stateName":"Mississippi","county":"Scott","countyFips":"123","wfo":"JAN","scale":1,"scaleLabel":"EF1","lengthMiles":6.48,"widthYards":350,"deaths":0,"injuries":0,"propertyDamage":10000,"cropDamage":0,"source":"NWS Storm Survey","dataSource":"CSV"}},{"type":"Feature","geometry":{"type":"LineString","coordinates":[[-89.9352,32.3554],[-89.9028,32.3444]]},"properties":{"id":"ncei-2023-1151455","eventId":"1151455","episodeId":"187516","year":2023,"month":6,"date":"2023-06-18","beginTime":"2023-06-18T19:29:00","endTime":"2023-06-18T19:37:00","timezone":"CST-6","state":"MS","stateName":"Mississippi","county":"Rankin","countyFips":"121","wfo":"JAN","scale":1,"scaleLabel":"EF1","lengthMiles":2.05,"widthYards":300,"deaths":0,"injuries":0,"propertyDamage":25000,"cropDamage":0,"source":"NWS Storm Survey","dataSource":"CSV"}},{"type":"Feature","geometry":{"type":"LineString","coordinates":[[-89.811,32.3565],[-89.8076,32.3709]]},"properties":{"id":"ncei-2023-1151464","eventId":"1151464","episodeId":"187516","year":2023,"month":6,"date":"2023-06-18","beginTime":"2023-06-18T19:58:00","endTime":"2023-06-18T19:59:00","timezone":"CST-6","state":"MS","stateName":"Mississippi","county":"Rankin","countyFips":"121","wfo":"JAN","scale":0,"scaleLabel":"EF0","lengthMiles":1.01,"widthYards":50,"deaths":0,"injuries":0,"propertyDamage":1000,"cropDamage":0,"source":"NWS Storm Survey","dataSource":"CSV"}},{"type":"Feature","geometry":{"type":"LineString","coordinates":[[-90.1315,32.1226],[-90.0429,32.1663]]},"properties":{"id":"ncei-2023-1151467","eventId":"1151467","episodeId":"187516","year":2023,"month":6,"date":"2023-06-18","beginTime":"2023-06-18T20:05:00","endTime":"2023-06-18T20:25:00","timezone":"CST-6","state":"MS","stateName":"Mississippi","county":"Rankin","countyFips":"121","wfo":"JAN","scale":2,"scaleLabel":"EF2","lengthMiles":6.08,"widthYards":400,"deaths":0,"injuries":0,"propertyDamage":200000,"cropDamage":0,"source":"NWS Storm Survey","dataSource":"CSV"}},{"type":"Feature","geometry":{"type":"LineString","coordinates":[[-90.0116,32.118],[-90.002,32.1222]]},"properties":{"id":"ncei-2023-1151478","eventId":"1151478","episodeId":"187516","year":2023,"month":6,"date":"2023-06-18","beginTime":"2023-06-18T20:21:00","endTime":"2023-06-18T20:23:00","timezone":"CST-6","state":"MS","stateName":"Mississippi","county":"Rankin","countyFips":"121","wfo":"JAN","scale":0,"scaleLabel":"EF0","lengthMiles":0.92,"widthYards":100,"deaths":0,"injuries":0,"propertyDamage":2000,"cropDamage":0,"source":"NWS Storm Survey","dataSource":"CSV"}},{"type":"Feature","geometry":{"type":"LineString","coordinates":[[-89.7625,32.2446],[-89.73,32.243]]},"properties":{"id":"ncei-2023-1151479","eventId":"1151479","episodeId":"187516","year":2023,"month":6,"date":"2023-06-18","beginTime":"2023-06-18T20:25:00","endTime":"2023-06-18T20:29:00","timezone":"CST-6","state":"MS","stateName":"Mississippi","county":"Rankin","countyFips":"121","wfo":"JAN","scale":0,"scaleLabel":"EF0","lengthMiles":1.9,"widthYards":350,"deaths":0,"injuries":0,"propertyDamage":5000,"cropDamage":0,"source":"NWS Storm Survey","dataSource":"CSV"}},{"type":"Feature","geometry":{"type":"LineString","coordinates":[[-89.73,32.243],[-89.6844,32.2777]]},"properties":{"id":"ncei-2023-1151480","eventId":"1151480","episodeId":"187516","year":2023,"month":6,"date":"2023-06-18","beginTime":"2023-06-18T20:29:00","endTime":"2023-06-18T20:40:00","timezone":"CST-6","state":"MS","stateName":"Mississippi","county":"Scott","countyFips":"123","wfo":"JAN","scale":1,"scaleLabel":"EF1","lengthMiles":3.58,"widthYards":450,"deaths":0,"injuries":0,"propertyDamage":10000,"cropDamage":0,"source":"NWS Storm Survey","dataSource":"CSV"}},{"type":"Feature","geometry":{"type":"LineString","coordinates":[[-89.6099,32.0835],[-89.6033,32.088]]},"properties":{"id":"ncei-2023-1151482","eventId":"1151482","episodeId":"187516","year":2023,"month":6,"date":"2023-06-18","beginTime":"2023-06-18T21:23:00","endTime":"2023-06-18T21:24:00","timezone":"CST-6","state":"MS","stateName":"Mississippi","county":"Smith","countyFips":"129","wfo":"JAN","scale":0,"scaleLabel":"EF0","lengthMiles":0.5,"widthYards":100,"deaths":0,"injuries":0,"propertyDamage":2000,"cropDamage":0,"source":"NWS Storm Survey","dataSource":"CSV"}},{"type":"Feature","geometry":{"type":"LineString","coordinates":[[-89.563,32.0465],[-89.5303,32.0729]]},"properties":{"id":"ncei-2023-1151483","eventId":"1151483","episodeId":"187516","year":2023,"month":6,"date":"2023-06-18","beginTime":"2023-06-18T21:27:00","endTime":"2023-06-18T21:32:00","timezone":"CST-6","state":"MS","stateName":"Mississippi","county":"Smith","countyFips":"129","wfo":"JAN","scale":0,"scaleLabel":"EF0","lengthMiles":2.64,"widthYards":100,"deaths":0,"injuries":0,"propertyDamage":5000,"cropDamage":0,"source":"NWS Storm Survey","dataSource":"CSV"}},{"type":"Feature","geometry":{"type":"LineString","coordinates":[[-89.4102,32.0915],[-89.3784,32.1144]]},"properties":{"id":"ncei-2023-1151484","eventId":"1151484","episodeId":"187516","year":2023,"month":6,"date":"2023-06-18","beginTime":"2023-06-18T21:52:00","endTime":"2023-06-18T22:01:00","timezone":"CST-6","state":"MS","stateName":"Mississippi","county":"Smith","countyFips":"129","wfo":"JAN","scale":0,"scaleLabel":"EF0","lengthMiles":2.5,"widthYards":400,"deaths":0,"injuries":0,"propertyDamage":75000,"cropDamage":0,"source":"NWS Storm Survey","dataSource":"CSV"}},{"type":"Feature","geometry":{"type":"LineString","coordinates":[[-89.4027,32.0856],[-89.3721,32.1358]]},"properties":{"id":"ncei-2023-1151485","eventId":"1151485","episodeId":"187516","year":2023,"month":6,"date":"2023-06-18","beginTime":"2023-06-18T21:59:00","endTime":"2023-06-18T22:12:00","timezone":"CST-6","state":"MS","stateName":"Mississippi","county":"Smith","countyFips":"129","wfo":"JAN","scale":0,"scaleLabel":"EF0","lengthMiles":4.53,"widthYards":800,"deaths":0,"injuries":0,"propertyDamage":25000,"cropDamage":0,"source":"NWS Storm Survey","dataSource":"CSV"}},{"type":"Feature","geometry":{"type":"LineString","coordinates":[[-89.2884,32.0179],[-89.2052,32.0737]]},"properties":{"id":"ncei-2023-1151487","eventId":"1151487","episodeId":"187516","year":2023,"month":6,"date":"2023-06-18","beginTime":"2023-06-18T22:29:00","endTime":"2023-06-18T22:48:00","timezone":"CST-6","state":"MS","stateName":"Mississippi","county":"Jasper","countyFips":"61","wfo":"JAN","scale":3,"scaleLabel":"EF3","lengthMiles":6.46,"widthYards":1350,"deaths":1,"injuries":25,"propertyDamage":5000000,"cropDamage":0,"source":"NWS Storm Survey","dataSource":"CSV"}},{"type":"Feature","geometry":{"type":"LineString","coordinates":[[-89.8261,31.2508],[-89.7945,31.2543]]},"properties":{"id":"ncei-2023-1151496","eventId":"1151496","episodeId":"187516","year":2023,"month":6,"date":"2023-06-19","beginTime":"2023-06-19T07:49:00","endTime":"2023-06-19T07:53:00","timezone":"CST-6","state":"MS","stateName":"Mississippi","county":"Marion","countyFips":"91","wfo":"JAN","scale":0,"scaleLabel":"EF0","lengthMiles":1.96,"widthYards":200,"deaths":0,"injuries":0,"propertyDamage":60000,"cropDamage":0,"source":"NWS Storm Survey","dataSource":"CSV"}},{"type":"Feature","geometry":{"type":"LineString","coordinates":[[-87.28,36.64],[-87.06,36.71]]},"properties":{"id":"ncei-2023-1152178","eventId":"1152178","episodeId":"187590","year":2023,"month":12,"date":"2023-12-09","beginTime":"2023-12-09T13:57:00","endTime":"2023-12-09T14:15:00","timezone":"CST-6","state":"KY","stateName":"Kentucky","county":"Todd","countyFips":"219","wfo":"PAH","scale":2,"scaleLabel":"EF2","lengthMiles":13.1,"widthYards":440,"deaths":0,"injuries":0,"propertyDamage":750000,"cropDamage":0,"source":"NWS Storm Survey","dataSource":"CSV"}},{"type":"Feature","geometry":{"type":"LineString","coordinates":[[-79.7884,41.879],[-79.784,41.8734]]},"properties":{"id":"ncei-2023-1152456","eventId":"1152456","episodeId":"186796","year":2023,"month":8,"date":"2023-08-12","beginTime":"2023-08-12T12:24:00","endTime":"2023-08-12T12:25:00","timezone":"EST-5","state":"PA","stateName":"Pennsylvania","county":"Erie","countyFips":"49","wfo":"CLE","scale":0,"scaleLabel":"EF0","lengthMiles":0.45,"widthYards":20,"deaths":0,"injuries":0,"propertyDamage":5000,"cropDamage":0,"source":"NWS Storm Survey","dataSource":"CSV"}},{"type":"Feature","geometry":{"type":"LineString","coordinates":[[-87.06,36.715],[-86.691,36.844]]},"properties":{"id":"ncei-2023-1153035","eventId":"1153035","episodeId":"186435","year":2023,"month":12,"date":"2023-12-09","beginTime":"2023-12-09T14:15:00","endTime":"2023-12-09T14:48:00","timezone":"CST-6","state":"KY","stateName":"Kentucky","county":"Logan","countyFips":"141","wfo":"LMK","scale":2,"scaleLabel":"EF2","lengthMiles":22.37,"widthYards":250,"deaths":0,"injuries":0,"propertyDamage":0,"cropDamage":0,"source":"NWS Storm Survey","dataSource":"CSV"}},{"type":"Feature","geometry":{"type":"LineString","coordinates":[[-86.691,36.844],[-86.683,36.845]]},"properties":{"id":"ncei-2023-1153047","eventId":"1153047","episodeId":"186435","year":2023,"month":12,"date":"2023-12-09","beginTime":"2023-12-09T14:48:00","endTime":"2023-12-09T14:49:00","timezone":"CST-6","state":"KY","stateName":"Kentucky","county":"Simpson","countyFips":"213","wfo":"LMK","scale":0,"scaleLabel":"EF0","lengthMiles":0.45,"widthYards":60,"deaths":0,"injuries":0,"propertyDamage":0,"cropDamage":0,"source":"NWS Storm Survey","dataSource":"CSV"}},{"type":"Feature","geometry":{"type":"LineString","coordinates":[[-86.45,36.924],[-86.412,36.935]]},"properties":{"id":"ncei-2023-1153058","eventId":"1153058","episodeId":"186435","year":2023,"month":12,"date":"2023-12-09","beginTime":"2023-12-09T15:07:00","endTime":"2023-12-09T15:13:00","timezone":"CST-6","state":"KY","stateName":"Kentucky","county":"Warren","countyFips":"227","wfo":"LMK","scale":1,"scaleLabel":"EF1","lengthMiles":2.24,"widthYards":125,"deaths":0,"injuries":0,"propertyDamage":0,"cropDamage":0,"source":"NWS Storm Survey","dataSource":"CSV"}},{"type":"Feature","geometry":{"type":"LineString","coordinates":[[-78.9737,33.6837],[-78.9451,33.7081]]},"properties":{"id":"ncei-2023-1153061","eventId":"1153061","episodeId":"187746","year":2023,"month":12,"date":"2023-12-17","beginTime":"2023-12-17T13:16:00","endTime":"2023-12-17T13:20:00","timezone":"EST-5","state":"SC","stateName":"South Carolina","county":"Horry","countyFips":"51","wfo":"ILM","scale":1,"scaleLabel":"EF1","lengthMiles":2.35,"widthYards":150,"deaths":0,"injuries":0,"propertyDamage":200000,"cropDamage":0,"source":"NWS Storm Survey","dataSource":"CSV"}},{"type":"Feature","geometry":{"type":"LineString","coordinates":[[-85.718,36.62],[-85.683,36.631]]},"properties":{"id":"ncei-2023-1153063","eventId":"1153063","episodeId":"186435","year":2023,"month":12,"date":"2023-12-09","beginTime":"2023-12-09T18:07:00","endTime":"2023-12-09T18:11:00","timezone":"CST-6","state":"KY","stateName":"Kentucky","county":"Monroe","countyFips":"171","wfo":"LMK","scale":1,"scaleLabel":"EF1","lengthMiles":2.51,"widthYards":50,"deaths":0,"injuries":0,"propertyDamage":0,"cropDamage":0,"source":"NWS Storm Survey","dataSource":"CSV"}},{"type":"Feature","geometry":{"type":"LineString","coordinates":[[-89.5209,30.833],[-89.5221,30.8371]]},"properties":{"id":"ncei-2023-1153151","eventId":"1153151","episodeId":"187775","year":2023,"month":12,"date":"2023-12-01","beginTime":"2023-12-01T06:10:00","endTime":"2023-12-01T06:11:00","timezone":"CST-6","state":"MS","stateName":"Mississippi","county":"Pearl River","countyFips":"109","wfo":"LIX","scale":0,"scaleLabel":"EF0","lengthMiles":0.29,"widthYards":75,"deaths":0,"injuries":0,"propertyDamage":4000,"cropDamage":0,"source":"NWS Storm Survey","dataSource":"CSV"}},{"type":"Feature","geometry":{"type":"LineString","coordinates":[[-121.8366,39.8043],[-121.8401,39.8076]]},"properties":{"id":"ncei-2023-1153731","eventId":"1153731","episodeId":"187848","year":2023,"month":12,"date":"2023-12-19","beginTime":"2023-12-19T17:40:00","endTime":"2023-12-19T17:42:00","timezone":"PST-8","state":"CA","stateName":"California","county":"Butte","countyFips":"7","wfo":"STO","scale":1,"scaleLabel":"EF1","lengthMiles":0.36,"widthYards":90,"deaths":0,"injuries":0,"propertyDamage":17000,"cropDamage":0,"source":"NWS Storm Survey","dataSource":"CSV"}},{"type":"Feature","geometry":{"type":"LineString","coordinates":[[-78.652,35.694],[-78.622,35.706]]},"properties":{"id":"ncei-2023-1154262","eventId":"1154262","episodeId":"187585","year":2023,"month":12,"date":"2023-12-10","beginTime":"2023-12-10T12:28:00","endTime":"2023-12-10T12:32:00","timezone":"EST-5","state":"NC","stateName":"North Carolina","county":"Wake","countyFips":"183","wfo":"RAH","scale":1,"scaleLabel":"EF1","lengthMiles":1.88,"widthYards":250,"deaths":0,"injuries":0,"propertyDamage":0,"cropDamage":0,"source":"NWS Storm Survey","dataSource":"CSV"}},{"type":"Feature","geometry":{"type":"LineString","coordinates":[[-89.9858,32.0455],[-89.933,32.048]]},"properties":{"id":"ncei-2023-1154315","eventId":"1154315","episodeId":"186399","year":2023,"month":12,"date":"2023-12-09","beginTime":"2023-12-09T21:18:00","endTime":"2023-12-09T21:21:00","timezone":"CST-6","state":"MS","stateName":"Mississippi","county":"Simpson","countyFips":"127","wfo":"JAN","scale":0,"scaleLabel":"EF0","lengthMiles":3.1,"widthYards":350,"deaths":0,"injuries":0,"propertyDamage":10000,"cropDamage":0,"source":"NWS Storm Survey","dataSource":"CSV"}},{"type":"Feature","geometry":{"type":"LineString","coordinates":[[-89.933,32.048],[-89.885,32.048]]},"properties":{"id":"ncei-2023-1154316","eventId":"1154316","episodeId":"186399","year":2023,"month":12,"date":"2023-12-09","beginTime":"2023-12-09T21:21:00","endTime":"2023-12-09T21:25:00","timezone":"CST-6","state":"MS","stateName":"Mississippi","county":"Rankin","countyFips":"121","wfo":"JAN","scale":0,"scaleLabel":"EF0","lengthMiles":2.81,"widthYards":350,"deaths":0,"injuries":0,"propertyDamage":10000,"cropDamage":0,"source":"NWS Storm Survey","dataSource":"CSV"}},{"type":"Feature","geometry":{"type":"LineString","coordinates":[[-89.885,32.048],[-89.7497,32.0303]]},"properties":{"id":"ncei-2023-1154317","eventId":"1154317","episodeId":"186399","year":2023,"month":12,"date":"2023-12-09","beginTime":"2023-12-09T21:25:00","endTime":"2023-12-09T21:35:00","timezone":"CST-6","state":"MS","stateName":"Mississippi","county":"Simpson","countyFips":"127","wfo":"JAN","scale":0,"scaleLabel":"EF0","lengthMiles":8.02,"widthYards":350,"deaths":0,"injuries":0,"propertyDamage":10000,"cropDamage":0,"source":"NWS Storm Survey","dataSource":"CSV"}},{"type":"Feature","geometry":{"type":"LineString","coordinates":[[-89.619,32.0238],[-89.5558,32.0235]]},"properties":{"id":"ncei-2023-1154319","eventId":"1154319","episodeId":"186399","year":2023,"month":12,"date":"2023-12-09","beginTime":"2023-12-09T21:44:00","endTime":"2023-12-09T21:49:00","timezone":"CST-6","state":"MS","stateName":"Mississippi","county":"Smith","countyFips":"129","wfo":"JAN","scale":0,"scaleLabel":"EF0","lengthMiles":3.71,"widthYards":75,"deaths":0,"injuries":0,"propertyDamage":20000,"cropDamage":0,"source":"NWS Storm Survey","dataSource":"CSV"}},{"type":"Feature","geometry":{"type":"LineString","coordinates":[[-89.2779,32.2123],[-88.914,32.186]]},"properties":{"id":"ncei-2023-1154321","eventId":"1154321","episodeId":"186399","year":2023,"month":12,"date":"2023-12-09","beginTime":"2023-12-09T22:04:00","endTime":"2023-12-09T22:33:00","timezone":"CST-6","state":"MS","stateName":"Mississippi","county":"Jasper","countyFips":"61","wfo":"JAN","scale":1,"scaleLabel":"EF1","lengthMiles":21.35,"widthYards":350,"deaths":0,"injuries":0,"propertyDamage":20000,"cropDamage":0,"source":"NWS Storm Survey","dataSource":"CSV"}},{"type":"Feature","geometry":{"type":"LineString","coordinates":[[-88.914,32.186],[-88.8148,32.1737]]},"properties":{"id":"ncei-2023-1154322","eventId":"1154322","episodeId":"186399","year":2023,"month":12,"date":"2023-12-09","beginTime":"2023-12-09T22:33:00","endTime":"2023-12-09T22:42:00","timezone":"CST-6","state":"MS","stateName":"Mississippi","county":"Clarke","countyFips":"23","wfo":"JAN","scale":0,"scaleLabel":"EF0","lengthMiles":5.86,"widthYards":75,"deaths":0,"injuries":0,"propertyDamage":5000,"cropDamage":0,"source":"NWS Storm Survey","dataSource":"CSV"}},{"type":"Feature","geometry":{"type":"LineString","coordinates":[[-83.2995,41.5018],[-83.2493,41.4578]]},"properties":{"id":"ncei-2023-1160509","eventId":"1160509","episodeId":"188705","year":2023,"month":8,"date":"2023-08-24","beginTime":"2023-08-24T22:08:00","endTime":"2023-08-24T22:12:00","timezone":"EST-5","state":"OH","stateName":"Ohio","county":"Ottawa","countyFips":"123","wfo":"CLE","scale":1,"scaleLabel":"EF1","lengthMiles":4,"widthYards":100,"deaths":0,"injuries":0,"propertyDamage":30000,"cropDamage":0,"source":"NWS Storm Survey","dataSource":"CSV"}},{"type":"Feature","geometry":{"type":"LineString","coordinates":[[-83.2493,41.4578],[-83.2405,41.4552]]},"properties":{"id":"ncei-2023-1160511","eventId":"1160511","episodeId":"188705","year":2023,"month":8,"date":"2023-08-24","beginTime":"2023-08-24T22:12:00","endTime":"2023-08-24T22:13:00","timezone":"EST-5","state":"OH","stateName":"Ohio","county":"Sandusky","countyFips":"143","wfo":"CLE","scale":1,"scaleLabel":"EF1","lengthMiles":0.49,"widthYards":100,"deaths":0,"injuries":0,"propertyDamage":5000,"cropDamage":0,"source":"NWS Storm Survey","dataSource":"CSV"}},{"type":"Feature","geometry":{"type":"LineString","coordinates":[[-82.4364,41.3952],[-82.4324,41.3924]]},"properties":{"id":"ncei-2023-1160539","eventId":"1160539","episodeId":"188705","year":2023,"month":8,"date":"2023-08-24","beginTime":"2023-08-24T22:46:00","endTime":"2023-08-24T22:47:00","timezone":"EST-5","state":"OH","stateName":"Ohio","county":"Erie","countyFips":"43","wfo":"CLE","scale":1,"scaleLabel":"EF1","lengthMiles":0.28,"widthYards":100,"deaths":0,"injuries":0,"propertyDamage":30000,"cropDamage":0,"source":"NWS Storm Survey","dataSource":"CSV"}},{"type":"Feature","geometry":{"type":"LineString","coordinates":[[-81.6394,41.5057],[-81.6246,41.5032]]},"properties":{"id":"ncei-2023-1160547","eventId":"1160547","episodeId":"188705","year":2023,"month":8,"date":"2023-08-24","beginTime":"2023-08-24T22:59:00","endTime":"2023-08-24T23:02:00","timezone":"EST-5","state":"OH","stateName":"Ohio","county":"Cuyahoga","countyFips":"35","wfo":"CLE","scale":1,"scaleLabel":"EF1","lengthMiles":0.79,"widthYards":150,"deaths":0,"injuries":0,"propertyDamage":165000,"cropDamage":0,"source":"NWS Storm Survey","dataSource":"CSV"}},{"type":"Feature","geometry":{"type":"LineString","coordinates":[[-82.121,41.279],[-82.1169,41.2772]]},"properties":{"id":"ncei-2023-1160555","eventId":"1160555","episodeId":"188705","year":2023,"month":8,"date":"2023-08-24","beginTime":"2023-08-24T23:00:00","endTime":"2023-08-24T23:01:00","timezone":"EST-5","state":"OH","stateName":"Ohio","county":"Lorain","countyFips":"93","wfo":"CLE","scale":0,"scaleLabel":"EF0","lengthMiles":0.25,"widthYards":50,"deaths":0,"injuries":0,"propertyDamage":50000,"cropDamage":0,"source":"NWS Storm Survey","dataSource":"CSV"}},{"type":"Feature","geometry":{"type":"LineString","coordinates":[[-81.3742,41.654],[-81.3118,41.6621]]},"properties":{"id":"ncei-2023-1160584","eventId":"1160584","episodeId":"188705","year":2023,"month":8,"date":"2023-08-24","beginTime":"2023-08-24T23:06:00","endTime":"2023-08-24T23:09:00","timezone":"EST-5","state":"OH","stateName":"Ohio","county":"Lake","countyFips":"85","wfo":"CLE","scale":1,"scaleLabel":"EF1","lengthMiles":3.27,"widthYards":150,"deaths":0,"injuries":0,"propertyDamage":200000,"cropDamage":0,"source":"NWS Storm Survey","dataSource":"CSV"}},{"type":"Feature","geometry":{"type":"LineString","coordinates":[[-82.2234,41.1761],[-82.2095,41.1644]]},"properties":{"id":"ncei-2023-1160594","eventId":"1160594","episodeId":"188705","year":2023,"month":8,"date":"2023-08-24","beginTime":"2023-08-24T23:05:00","endTime":"2023-08-24T23:06:00","timezone":"EST-5","state":"OH","stateName":"Ohio","county":"Lorain","countyFips":"93","wfo":"CLE","scale":0,"scaleLabel":"EF0","lengthMiles":1.08,"widthYards":100,"deaths":0,"injuries":0,"propertyDamage":40000,"cropDamage":0,"source":"NWS Storm Survey","dataSource":"CSV"}},{"type":"Feature","geometry":{"type":"LineString","coordinates":[[-81.5144,41.4285],[-81.4857,41.4238]]},"properties":{"id":"ncei-2023-1160615","eventId":"1160615","episodeId":"188705","year":2023,"month":8,"date":"2023-08-24","beginTime":"2023-08-24T23:07:00","endTime":"2023-08-24T23:10:00","timezone":"EST-5","state":"OH","stateName":"Ohio","county":"Cuyahoga","countyFips":"35","wfo":"CLE","scale":2,"scaleLabel":"EF2","lengthMiles":1.52,"widthYards":100,"deaths":0,"injuries":0,"propertyDamage":300000,"cropDamage":0,"source":"NWS Storm Survey","dataSource":"CSV"}},{"type":"Feature","geometry":{"type":"LineString","coordinates":[[-82.1402,41.1104],[-82.119,41.095]]},"properties":{"id":"ncei-2023-1160631","eventId":"1160631","episodeId":"188705","year":2023,"month":8,"date":"2023-08-24","beginTime":"2023-08-24T23:11:00","endTime":"2023-08-24T23:13:00","timezone":"EST-5","state":"OH","stateName":"Ohio","county":"Medina","countyFips":"103","wfo":"CLE","scale":1,"scaleLabel":"EF1","lengthMiles":1.53,"widthYards":200,"deaths":0,"injuries":0,"propertyDamage":20000,"cropDamage":0,"source":"NWS Storm Survey","dataSource":"CSV"}},{"type":"Feature","geometry":{"type":"LineString","coordinates":[[-81.3581,41.3731],[-81.3233,41.3703]]},"properties":{"id":"ncei-2023-1160654","eventId":"1160654","episodeId":"188705","year":2023,"month":8,"date":"2023-08-24","beginTime":"2023-08-24T23:16:00","endTime":"2023-08-24T23:18:00","timezone":"EST-5","state":"OH","stateName":"Ohio","county":"Geauga","countyFips":"55","wfo":"CLE","scale":1,"scaleLabel":"EF1","lengthMiles":1.81,"widthYards":100,"deaths":0,"injuries":0,"propertyDamage":85000,"cropDamage":0,"source":"NWS Storm Survey","dataSource":"CSV"}},{"type":"Feature","geometry":{"type":"LineString","coordinates":[[-81.1791,41.5602],[-81.1564,41.5586]]},"properties":{"id":"ncei-2023-1160676","eventId":"1160676","episodeId":"188705","year":2023,"month":8,"date":"2023-08-24","beginTime":"2023-08-24T23:18:00","endTime":"2023-08-24T23:20:00","timezone":"EST-5","state":"OH","stateName":"Ohio","county":"Geauga","countyFips":"55","wfo":"CLE","scale":1,"scaleLabel":"EF1","lengthMiles":1.18,"widthYards":175,"deaths":0,"injuries":0,"propertyDamage":50000,"cropDamage":0,"source":"NWS Storm Survey","dataSource":"CSV"}},{"type":"Feature","geometry":{"type":"LineString","coordinates":[[-86.5628,31.4323],[-86.4852,31.4309]]},"properties":{"id":"ncei-2023-1161245","eventId":"1161245","episodeId":"176790","year":2023,"month":1,"date":"2023-01-12","beginTime":"2023-01-12T14:24:00","endTime":"2023-01-12T14:28:00","timezone":"CST-6","state":"AL","stateName":"Alabama","county":"Covington","countyFips":"39","wfo":"MOB","scale":-1,"scaleLabel":"Unknown","lengthMiles":4.58,"widthYards":200,"deaths":0,"injuries":0,"propertyDamage":0,"cropDamage":0,"source":"NWS Storm Survey","dataSource":"CSV"}},{"type":"Feature","geometry":{"type":"LineString","coordinates":[[-87.218,31.9415],[-87.2167,31.954]]},"properties":{"id":"ncei-2023-1161246","eventId":"1161246","episodeId":"177861","year":2023,"month":3,"date":"2023-03-26","beginTime":"2023-03-26T19:27:00","endTime":"2023-03-26T19:30:00","timezone":"CST-6","state":"AL","stateName":"Alabama","county":"Wilcox","countyFips":"131","wfo":"MOB","scale":1,"scaleLabel":"EF1","lengthMiles":0.87,"widthYards":500,"deaths":0,"injuries":0,"propertyDamage":0,"cropDamage":0,"source":"NWS Storm Survey","dataSource":"CSV"}},{"type":"Feature","geometry":{"type":"LineString","coordinates":[[-87.2119,31.951],[-87.2121,31.9542]]},"properties":{"id":"ncei-2023-1161247","eventId":"1161247","episodeId":"177861","year":2023,"month":3,"date":"2023-03-26","beginTime":"2023-03-26T19:29:00","endTime":"2023-03-26T19:30:00","timezone":"CST-6","state":"AL","stateName":"Alabama","county":"Wilcox","countyFips":"131","wfo":"MOB","scale":1,"scaleLabel":"EF1","lengthMiles":0.22,"widthYards":300,"deaths":0,"injuries":0,"propertyDamage":0,"cropDamage":0,"source":"NWS Storm Survey","dataSource":"CSV"}},{"type":"Feature","geometry":{"type":"LineString","coordinates":[[-87.208,31.9508],[-87.1759,31.9888]]},"properties":{"id":"ncei-2023-1161248","eventId":"1161248","episodeId":"177861","year":2023,"month":3,"date":"2023-03-26","beginTime":"2023-03-26T19:30:00","endTime":"2023-03-26T19:32:00","timezone":"CST-6","state":"AL","stateName":"Alabama","county":"Wilcox","countyFips":"131","wfo":"MOB","scale":1,"scaleLabel":"EF1","lengthMiles":3.23,"widthYards":300,"deaths":0,"injuries":0,"propertyDamage":0,"cropDamage":0,"source":"NWS Storm Survey","dataSource":"CSV"}},{"type":"Feature","geometry":{"type":"LineString","coordinates":[[-81.0887,41.4897],[-81.0784,41.4833]]},"properties":{"id":"ncei-2023-1161249","eventId":"1161249","episodeId":"188705","year":2023,"month":8,"date":"2023-08-24","beginTime":"2023-08-24T23:22:00","endTime":"2023-08-24T23:23:00","timezone":"EST-5","state":"OH","stateName":"Ohio","county":"Geauga","countyFips":"55","wfo":"CLE","scale":2,"scaleLabel":"EF2","lengthMiles":0.69,"widthYards":100,"deaths":0,"injuries":0,"propertyDamage":65000,"cropDamage":0,"source":"NWS Storm Survey","dataSource":"CSV"}},{"type":"Feature","geometry":{"type":"LineString","coordinates":[[-80.8484,41.373],[-80.8109,41.3732]]},"properties":{"id":"ncei-2023-1161250","eventId":"1161250","episodeId":"188705","year":2023,"month":8,"date":"2023-08-24","beginTime":"2023-08-24T23:35:00","endTime":"2023-08-24T23:38:00","timezone":"EST-5","state":"OH","stateName":"Ohio","county":"Trumbull","countyFips":"155","wfo":"CLE","scale":0,"scaleLabel":"EF0","lengthMiles":1.94,"widthYards":100,"deaths":0,"injuries":0,"propertyDamage":35000,"cropDamage":0,"source":"NWS Storm Survey","dataSource":"CSV"}},{"type":"Feature","geometry":{"type":"LineString","coordinates":[[-67.2,18.3677],[-67.2107,18.3835]]},"properties":{"id":"ncei-2023-1162022","eventId":"1162022","episodeId":"188949","year":2023,"month":7,"date":"2023-07-16","beginTime":"2023-07-16T15:08:00","endTime":"2023-07-16T15:19:00","timezone":"AST-4","state":"PR","stateName":"Puerto Rico","county":"Aguada","countyFips":"3","wfo":"SJU","scale":1,"scaleLabel":"EF1","lengthMiles":1.5,"widthYards":70,"deaths":0,"injuries":0,"propertyDamage":0,"cropDamage":0,"source":"Emergency Manager","dataSource":"CSV"}},{"type":"Feature","geometry":{"type":"LineString","coordinates":[[-92.1568,30.6625],[-92.1324,30.7104]]},"properties":{"id":"ncei-2023-1163011","eventId":"1163011","episodeId":"178013","year":2023,"month":2,"date":"2023-02-08","beginTime":"2023-02-08T18:45:00","endTime":"2023-02-08T18:50:00","timezone":"CST-6","state":"LA","stateName":"Louisiana","county":"St. Landry","countyFips":"97","wfo":"LCH","scale":2,"scaleLabel":"EF2","lengthMiles":3.61,"widthYards":225,"deaths":0,"injuries":0,"propertyDamage":200000,"cropDamage":0,"source":"NWS Storm Survey","dataSource":"CSV"}},{"type":"Feature","geometry":{"type":"LineString","coordinates":[[-88.8813,42.6503],[-88.876,42.6463]]},"properties":{"id":"ncei-2023-1163665","eventId":"1163665","episodeId":"189216","year":2023,"month":7,"date":"2023-07-13","beginTime":"2023-07-13T17:13:00","endTime":"2023-07-13T17:14:00","timezone":"CST-6","state":"WI","stateName":"Wisconsin","county":"Rock","countyFips":"105","wfo":"MKX","scale":0,"scaleLabel":"EF0","lengthMiles":0.39,"widthYards":25,"deaths":0,"injuries":0,"propertyDamage":0,"cropDamage":0,"source":"NWS Storm Survey","dataSource":"CSV"}},{"type":"Feature","geometry":{"type":"LineString","coordinates":[[-84.9496,29.6226],[-84.9427,29.6206]]},"properties":{"id":"ncei-2023-1163686","eventId":"1163686","episodeId":"181174","year":2023,"month":6,"date":"2023-06-15","beginTime":"2023-06-15T18:43:00","endTime":"2023-06-15T18:48:00","timezone":"EST-5","state":"FL","stateName":"Florida","county":"Franklin","countyFips":"37","wfo":"TAE","scale":0,"scaleLabel":"EF0","lengthMiles":0.44,"widthYards":50,"deaths":0,"injuries":0,"propertyDamage":5000,"cropDamage":0,"source":"NWS Storm Survey","dataSource":"CSV"}},{"type":"Feature","geometry":{"type":"LineString","coordinates":[[-99.3959,38.4589],[-99.3659,38.4647]]},"properties":{"id":"ncei-2023-1163742","eventId":"1163742","episodeId":"189226","year":2023,"month":9,"date":"2023-09-19","beginTime":"2023-09-19T17:52:00","endTime":"2023-09-19T17:53:00","timezone":"CST-6","state":"KS","stateName":"Kansas","county":"Rush","countyFips":"165","wfo":"DDC","scale":0,"scaleLabel":"EF0","lengthMiles":1.67,"widthYards":25,"deaths":0,"injuries":0,"propertyDamage":0,"cropDamage":0,"source":"Social Media","dataSource":"CSV"}},{"type":"Feature","geometry":{"type":"LineString","coordinates":[[-89.7565,31.4664],[-89.7552,31.467]]},"properties":{"id":"ncei-2023-1163743","eventId":"1163743","episodeId":"176555","year":2023,"month":2,"date":"2023-02-16","beginTime":"2023-02-16T14:27:00","endTime":"2023-02-16T14:28:00","timezone":"CST-6","state":"MS","stateName":"Mississippi","county":"Jefferson Davis","countyFips":"65","wfo":"JAN","scale":0,"scaleLabel":"EF0","lengthMiles":0.08,"widthYards":50,"deaths":0,"injuries":0,"propertyDamage":40000,"cropDamage":0,"source":"NWS Storm Survey","dataSource":"CSV"}},{"type":"Feature","geometry":{"type":"LineString","coordinates":[[-105.32,38.77],[-105.33,38.74]]},"properties":{"id":"ncei-2023-1163754","eventId":"1163754","episodeId":"182833","year":2023,"month":6,"date":"2023-06-30","beginTime":"2023-06-30T16:30:00","endTime":"2023-06-30T16:40:00","timezone":"MST-7","state":"CO","stateName":"Colorado","county":"Teller","countyFips":"119","wfo":"PUB","scale":0,"scaleLabel":"EF0","lengthMiles":2.14,"widthYards":30,"deaths":0,"injuries":0,"propertyDamage":0,"cropDamage":0,"source":"Emergency Manager","dataSource":"CSV"}},{"type":"Feature","geometry":{"type":"LineString","coordinates":[[-90.15,29.75],[-90.11,29.78]]},"properties":{"id":"ncei-2023-1165124","eventId":"1165124","episodeId":"177239","year":2023,"month":1,"date":"2023-01-24","beginTime":"2023-01-24T22:55:00","endTime":"2023-01-24T22:58:00","timezone":"CST-6","state":"LA","stateName":"Louisiana","county":"Jefferson","countyFips":"51","wfo":"LIX","scale":-1,"scaleLabel":"Unknown","lengthMiles":2.91,"widthYards":100,"deaths":0,"injuries":0,"propertyDamage":0,"cropDamage":0,"source":"NWS Storm Survey","dataSource":"CSV"}},{"type":"Feature","geometry":{"type":"LineString","coordinates":[[-81.7867,24.5471],[-81.7867,24.5471]]},"properties":{"id":"ncei-2023-1165340","eventId":"1165340","episodeId":"189477","year":2023,"month":8,"date":"2023-08-16","beginTime":"2023-08-16T08:55:00","endTime":"2023-08-16T08:55:00","timezone":"EST-5","state":"FL","stateName":"Florida","county":"Monroe","countyFips":"87","wfo":"KEY","scale":0,"scaleLabel":"EF0","lengthMiles":0.01,"widthYards":20,"deaths":0,"injuries":0,"propertyDamage":0,"cropDamage":0,"source":"NWS Employee","dataSource":"CSV"}},{"type":"Feature","geometry":{"type":"LineString","coordinates":[[-81.3726,24.6918],[-81.373,24.6936]]},"properties":{"id":"ncei-2023-1165342","eventId":"1165342","episodeId":"187358","year":2023,"month":11,"date":"2023-11-15","beginTime":"2023-11-15T06:27:00","endTime":"2023-11-15T06:28:00","timezone":"EST-5","state":"FL","stateName":"Florida","county":"Monroe","countyFips":"87","wfo":"KEY","scale":0,"scaleLabel":"EF0","lengthMiles":0.13,"widthYards":70,"deaths":0,"injuries":0,"propertyDamage":1500,"cropDamage":0,"source":"NWS Storm Survey","dataSource":"CSV"}},{"type":"Feature","geometry":{"type":"LineString","coordinates":[[-90.28,29.76],[-90.33,29.79]]},"properties":{"id":"ncei-2023-1170546","eventId":"1170546","episodeId":"182407","year":2023,"month":6,"date":"2023-06-20","beginTime":"2023-06-20T15:00:00","endTime":"2023-06-20T15:07:00","timezone":"CST-6","state":"LA","stateName":"Louisiana","county":"St. Charles","countyFips":"89","wfo":"LIX","scale":1,"scaleLabel":"EF1","lengthMiles":3.65,"widthYards":400,"deaths":0,"injuries":0,"propertyDamage":0,"cropDamage":0,"source":"NWS Storm Survey","dataSource":"CSV"}},{"type":"Feature","geometry":{"type":"LineString","coordinates":[[-101.38,34.95],[-101.37,34.94]]},"properties":{"id":"ncei-2023-1180950","eventId":"1180950","episodeId":"182543","year":2023,"month":6,"date":"2023-06-21","beginTime":"2023-06-21T17:18:00","endTime":"2023-06-21T17:23:00","timezone":"CST-6","state":"TX","stateName":"Texas","county":"Armstrong","countyFips":"11","wfo":"AMA","scale":-1,"scaleLabel":"Unknown","lengthMiles":0.89,"widthYards":100,"deaths":0,"injuries":0,"propertyDamage":0,"cropDamage":0,"source":"NWS Storm Survey","dataSource":"CSV"}},{"type":"Feature","geometry":{"type":"LineString","coordinates":[[-101.0738,36.7131],[-101.0723,36.7134]]},"properties":{"id":"ncei-2023-1180958","eventId":"1180958","episodeId":"182575","year":2023,"month":6,"date":"2023-06-27","beginTime":"2023-06-27T18:28:00","endTime":"2023-06-27T18:29:00","timezone":"CST-6","state":"OK","stateName":"Oklahoma","county":"Texas","countyFips":"139","wfo":"AMA","scale":-1,"scaleLabel":"Unknown","lengthMiles":0.09,"widthYards":25,"deaths":0,"injuries":0,"propertyDamage":0,"cropDamage":0,"source":"Trained Spotter","dataSource":"CSV"}},{"type":"Feature","geometry":{"type":"LineString","coordinates":[[-101.9974,36.1787],[-101.9944,36.1788]]},"properties":{"id":"ncei-2023-1180959","eventId":"1180959","episodeId":"183063","year":2023,"month":7,"date":"2023-07-07","beginTime":"2023-07-07T16:25:00","endTime":"2023-07-07T16:27:00","timezone":"CST-6","state":"TX","stateName":"Texas","county":"Sherman","countyFips":"421","wfo":"AMA","scale":-1,"scaleLabel":"Unknown","lengthMiles":0.17,"widthYards":20,"deaths":0,"injuries":0,"propertyDamage":0,"cropDamage":0,"source":"Trained Spotter","dataSource":"CSV"}},{"type":"Feature","geometry":{"type":"LineString","coordinates":[[-100.7865,36.7911],[-100.7498,36.8042]]},"properties":{"id":"ncei-2023-1182323","eventId":"1182323","episodeId":"182536","year":2023,"month":6,"date":"2023-06-17","beginTime":"2023-06-17T17:08:00","endTime":"2023-06-17T17:12:00","timezone":"CST-6","state":"OK","stateName":"Oklahoma","county":"Beaver","countyFips":"7","wfo":"AMA","scale":-1,"scaleLabel":"Unknown","lengthMiles":2.22,"widthYards":50,"deaths":0,"injuries":0,"propertyDamage":0,"cropDamage":0,"source":"Trained Spotter","dataSource":"CSV"}}]}
